cod_ine,anio,calculation_version,component,source_year,statistical_period,coverage_score,recency_score,consistency_score,quality_score,issues
01059,2023,dqs-ipr4-1.0,asequibilidad,2023,2023,100.0,100.0,,100.0,[]
01059,2023,dqs-ipr4-1.0,turismo,2023,2023-08-01,100.0,100.0,,100.0,[]
01059,2023,dqs-ipr4-1.0,especulacion,2021,2023; parque residencial 2021,100.0,90.0,,96.25,"[""Fuente de referencia 2021; desfase de 2 a\u00f1os""]"
01059,2023,dqs-ipr4-1.0,gentrificacion,2023,2020–2023 (ventana de cambio),100.0,100.0,,100.0,[]
02003,2023,dqs-ipr4-1.0,asequibilidad,2023,2023,100.0,100.0,,100.0,[]
02003,2023,dqs-ipr4-1.0,turismo,2023,2023-08-01,100.0,100.0,,100.0,[]
02003,2023,dqs-ipr4-1.0,especulacion,2021,2023; parque residencial 2021,100.0,90.0,,96.25,"[""Fuente de referencia 2021; desfase de 2 a\u00f1os""]"
02003,2023,dqs-ipr4-1.0,gentrificacion,2023,2020–2023 (ventana de cambio),100.0,100.0,,100.0,[]
02009,2023,dqs-ipr4-1.0,asequibilidad,2023,2023,100.0,100.0,,100.0,[]
02009,2023,dqs-ipr4-1.0,turismo,2023,2023-08-01,100.0,100.0,,100.0,[]
02009,2023,dqs-ipr4-1.0,especulacion,2021,2023; parque residencial 2021,100.0,90.0,,96.25,"[""Fuente de referencia 2021; desfase de 2 a\u00f1os""]"
02009,2023,dqs-ipr4-1.0,gentrificacion,2023,2020–2023 (ventana de cambio),100.0,100.0,,100.0,[]
02037,2023,dqs-ipr4-1.0,asequibilidad,2023,2023,100.0,100.0,,100.0,[]
02037,2023,dqs-ipr4-1.0,turismo,2023,2023-08-01,100.0,100.0,,100.0,[]
02037,2023,dqs-ipr4-1.0,especulacion,2021,2023; parque residencial 2021,100.0,90.0,,96.25,"[""Fuente de referencia 2021; desfase de 2 a\u00f1os""]"
02037,2023,dqs-ipr4-1.0,gentrificacion,2023,2020–2023 (ventana de cambio),100.0,100.0,,100.0,[]
02081,2023,dqs-ipr4-1.0,asequibilidad,2023,2023,100.0,100.0,,100.0,[]
02081,2023,dqs-ipr4-1.0,turismo,2023,2023-08-01,100.0,100.0,,100.0,[]
02081,2023,dqs-ipr4-1.0,especulacion,2021,2023; parque residencial 2021,100.0,90.0,,96.25,"[""Fuente de referencia 2021; desfase de 2 a\u00f1os""]"
02081,2023,dqs-ipr4-1.0,gentrificacion,2023,2020–2023 (ventana de cambio),100.0,100.0,,100.0,[]
03009,2023,dqs-ipr4-1.0,asequibilidad,2023,2023,100.0,100.0,,100.0,[]
03009,2023,dqs-ipr4-1.0,turismo,2023,2023-08-01,100.0,100.0,,100.0,[]
03009,2023,dqs-ipr4-1.0,especulacion,2021,2023; parque residencial 2021,100.0,90.0,,96.25,"[""Fuente de referencia 2021; desfase de 2 a\u00f1os""]"
03009,2023,dqs-ipr4-1.0,gentrificacion,2023,2020–2023 (ventana de cambio),100.0,100.0,,100.0,[]
03014,2023,dqs-ipr4-1.0,asequibilidad,2023,2023,100.0,100.0,,100.0,[]
03014,2023,dqs-ipr4-1.0,turismo,2023,2023-08-01,100.0,100.0,,100.0,[]
03014,2023,dqs-ipr4-1.0,especulacion,2021,2023; parque residencial 2021,100.0,90.0,,96.25,"[""Fuente de referencia 2021; desfase de 2 a\u00f1os""]"
03014,2023,dqs-ipr4-1.0,gentrificacion,2023,2020–2023 (ventana de cambio),100.0,100.0,,100.0,[]
03031,2023,dqs-ipr4-1.0,asequibilidad,2023,2023,100.0,100.0,,100.0,[]
03031,2023,dqs-ipr4-1.0,turismo,2023,2023-08-01,100.0,100.0,,100.0,[]
03031,2023,dqs-ipr4-1.0,especulacion,2021,2023; parque residencial 2021,100.0,90.0,,96.25,"[""Fuente de referencia 2021; desfase de 2 a\u00f1os""]"
03031,2023,dqs-ipr4-1.0,gentrificacion,2023,2020–2023 (ventana de cambio),100.0,100.0,,100.0,[]
03047,2023,dqs-ipr4-1.0,asequibilidad,2023,2023,100.0,100.0,,100.0,[]
03047,2023,dqs-ipr4-1.0,turismo,2023,2023-08-01,100.0,100.0,,100.0,[]
03047,2023,dqs-ipr4-1.0,especulacion,2021,2023; parque residencial 2021,100.0,90.0,,96.25,"[""Fuente de referencia 2021; desfase de 2 a\u00f1os""]"
03047,2023,dqs-ipr4-1.0,gentrificacion,2023,2020–2023 (ventana de cambio),100.0,100.0,,100.0,[]
03050,2023,dqs-ipr4-1.0,asequibilidad,2023,2023,100.0,100.0,,100.0,[]
03050,2023,dqs-ipr4-1.0,turismo,2023,2023-08-01,100.0,100.0,,100.0,[]
03050,2023,dqs-ipr4-1.0,especulacion,2021,2023; parque residencial 2021,100.0,90.0,,96.25,"[""Fuente de referencia 2021; desfase de 2 a\u00f1os""]"
03050,2023,dqs-ipr4-1.0,gentrificacion,2023,2020–2023 (ventana de cambio),100.0,100.0,,100.0,[]
03059,2023,dqs-ipr4-1.0,asequibilidad,2023,2023,100.0,100.0,,100.0,[]
03059,2023,dqs-ipr4-1.0,turismo,2023,2023-08-01,100.0,100.0,,100.0,[]
03059,2023,dqs-ipr4-1.0,especulacion,2021,2023; parque residencial 2021,100.0,90.0,,96.25,"[""Fuente de referencia 2021; desfase de 2 a\u00f1os""]"
03059,2023,dqs-ipr4-1.0,gentrificacion,2023,2020–2023 (ventana de cambio),100.0,100.0,,100.0,[]
03063,2023,dqs-ipr4-1.0,asequibilidad,2023,2023,100.0,100.0,,100.0,[]
03063,2023,dqs-ipr4-1.0,turismo,2023,2023-08-01,100.0,100.0,,100.0,[]
03063,2023,dqs-ipr4-1.0,especulacion,2021,2023; parque residencial 2021,100.0,90.0,,96.25,"[""Fuente de referencia 2021; desfase de 2 a\u00f1os""]"
03063,2023,dqs-ipr4-1.0,gentrificacion,2023,2020–2023 (ventana de cambio),100.0,100.0,,100.0,[]
03065,2023,dqs-ipr4-1.0,asequibilidad,2023,2023,100.0,100.0,,100.0,[]
03065,2023,dqs-ipr4-1.0,turismo,2023,2023-08-01,100.0,100.0,,100.0,[]
03065,2023,dqs-ipr4-1.0,especulacion,2021,2023; parque residencial 2021,100.0,90.0,,96.25,"[""Fuente de referencia 2021; desfase de 2 a\u00f1os""]"
03065,2023,dqs-ipr4-1.0,gentrificacion,2023,2020–2023 (ventana de cambio),100.0,100.0,,100.0,[]
03066,2023,dqs-ipr4-1.0,asequibilidad,2023,2023,100.0,100.0,,100.0,[]
03066,2023,dqs-ipr4-1.0,turismo,2023,2023-08-01,100.0,100.0,,100.0,[]
03066,2023,dqs-ipr4-1.0,especulacion,2021,2023; parque residencial 2021,100.0,90.0,,96.25,"[""Fuente de referencia 2021; desfase de 2 a\u00f1os""]"
03066,2023,dqs-ipr4-1.0,gentrificacion,2023,2020–2023 (ventana de cambio),100.0,100.0,,100.0,[]
03082,2023,dqs-ipr4-1.0,asequibilidad,2023,2023,100.0,100.0,,100.0,[]
03082,2023,dqs-ipr4-1.0,turismo,2023,2023-08-01,100.0,100.0,,100.0,[]
03082,2023,dqs-ipr4-1.0,especulacion,2021,2023; parque residencial 2021,100.0,90.0,,96.25,"[""Fuente de referencia 2021; desfase de 2 a\u00f1os""]"
03082,2023,dqs-ipr4-1.0,gentrificacion,2023,2020–2023 (ventana de cambio),100.0,100.0,,100.0,[]
03093,2023,dqs-ipr4-1.0,asequibilidad,2023,2023,100.0,100.0,,100.0,[]
03093,2023,dqs-ipr4-1.0,turismo,2023,2023-08-01,100.0,100.0,,100.0,[]
03093,2023,dqs-ipr4-1.0,especulacion,2021,2023; parque residencial 2021,100.0,90.0,,96.25,"[""Fuente de referencia 2021; desfase de 2 a\u00f1os""]"
03093,2023,dqs-ipr4-1.0,gentrificacion,2023,2020–2023 (ventana de cambio),100.0,100.0,,100.0,[]
03099,2023,dqs-ipr4-1.0,asequibilidad,2023,2023,100.0,100.0,,100.0,[]
03099,2023,dqs-ipr4-1.0,turismo,2023,2023-08-01,100.0,100.0,,100.0,[]
03099,2023,dqs-ipr4-1.0,especulacion,2021,2023; parque residencial 2021,100.0,90.0,,96.25,"[""Fuente de referencia 2021; desfase de 2 a\u00f1os""]"
03099,2023,dqs-ipr4-1.0,gentrificacion,2023,2020–2023 (ventana de cambio),100.0,100.0,,100.0,[]
03104,2023,dqs-ipr4-1.0,asequibilidad,2023,2023,100.0,100.0,,100.0,[]
03104,2023,dqs-ipr4-1.0,turismo,2023,2023-08-01,100.0,100.0,,100.0,[]
03104,2023,dqs-ipr4-1.0,especulacion,2021,2023; parque residencial 2021,100.0,90.0,,96.25,"[""Fuente de referencia 2021; desfase de 2 a\u00f1os""]"
03104,2023,dqs-ipr4-1.0,gentrificacion,2023,2020–2023 (ventana de cambio),100.0,100.0,,100.0,[]
03121,2023,dqs-ipr4-1.0,asequibilidad,2023,2023,100.0,100.0,,100.0,[]
03121,2023,dqs-ipr4-1.0,turismo,2023,2023-08-01,100.0,100.0,,100.0,[]
03121,2023,dqs-ipr4-1.0,especulacion,2021,2023; parque residencial 2021,100.0,90.0,,96.25,"[""Fuente de referencia 2021; desfase de 2 a\u00f1os""]"
03121,2023,dqs-ipr4-1.0,gentrificacion,2023,2020–2023 (ventana de cambio),100.0,100.0,,100.0,[]
03122,2023,dqs-ipr4-1.0,asequibilidad,2023,2023,100.0,100.0,,100.0,[]
03122,2023,dqs-ipr4-1.0,turismo,2023,2023-08-01,100.0,100.0,,100.0,[]
03122,2023,dqs-ipr4-1.0,especulacion,2021,2023; parque residencial 2021,100.0,90.0,,96.25,"[""Fuente de referencia 2021; desfase de 2 a\u00f1os""]"
03122,2023,dqs-ipr4-1.0,gentrificacion,2023,2020–2023 (ventana de cambio),100.0,100.0,,100.0,[]
03133,2023,dqs-ipr4-1.0,asequibilidad,2023,2023,100.0,100.0,,100.0,[]
03133,2023,dqs-ipr4-1.0,turismo,2023,2023-08-01,100.0,100.0,,100.0,[]
03133,2023,dqs-ipr4-1.0,especulacion,2021,2023; parque residencial 2021,100.0,90.0,,96.25,"[""Fuente de referencia 2021; desfase de 2 a\u00f1os""]"
03133,2023,dqs-ipr4-1.0,gentrificacion,2023,2020–2023 (ventana de cambio),100.0,100.0,,100.0,[]
03139,2023,dqs-ipr4-1.0,asequibilidad,2023,2023,100.0,100.0,,100.0,[]
03139,2023,dqs-ipr4-1.0,turismo,2023,2023-08-01,100.0,100.0,,100.0,[]
03139,2023,dqs-ipr4-1.0,especulacion,2021,2023; parque residencial 2021,100.0,90.0,,96.25,"[""Fuente de referencia 2021; desfase de 2 a\u00f1os""]"
03139,2023,dqs-ipr4-1.0,gentrificacion,2023,2020–2023 (ventana de cambio),100.0,100.0,,100.0,[]
03140,2023,dqs-ipr4-1.0,asequibilidad,2023,2023,100.0,100.0,,100.0,[]
03140,2023,dqs-ipr4-1.0,turismo,2023,2023-08-01,100.0,100.0,,100.0,[]
03140,2023,dqs-ipr4-1.0,especulacion,2021,2023; parque residencial 2021,100.0,90.0,,96.25,"[""Fuente de referencia 2021; desfase de 2 a\u00f1os""]"
03140,2023,dqs-ipr4-1.0,gentrificacion,2023,2020–2023 (ventana de cambio),100.0,100.0,,100.0,[]
04013,2023,dqs-ipr4-1.0,asequibilidad,2023,2023,100.0,100.0,,100.0,[]
04013,2023,dqs-ipr4-1.0,turismo,2023,2023-08-01,100.0,100.0,,100.0,[]
04013,2023,dqs-ipr4-1.0,especulacion,2021,2023; parque residencial 2021,100.0,90.0,,96.25,"[""Fuente de referencia 2021; desfase de 2 a\u00f1os""]"
04013,2023,dqs-ipr4-1.0,gentrificacion,2023,2020–2023 (ventana de cambio),100.0,100.0,,100.0,[]
04066,2023,dqs-ipr4-1.0,asequibilidad,2023,2023,100.0,100.0,,100.0,[]
04066,2023,dqs-ipr4-1.0,turismo,2023,2023-08-01,100.0,100.0,,100.0,[]
04066,2023,dqs-ipr4-1.0,especulacion,2021,2023; parque residencial 2021,100.0,90.0,,96.25,"[""Fuente de referencia 2021; desfase de 2 a\u00f1os""]"
04066,2023,dqs-ipr4-1.0,gentrificacion,2023,2020–2023 (ventana de cambio),100.0,100.0,,100.0,[]
04079,2023,dqs-ipr4-1.0,asequibilidad,2023,2023,100.0,100.0,,100.0,[]
04079,2023,dqs-ipr4-1.0,turismo,2023,2023-08-01,100.0,100.0,,100.0,[]
04079,2023,dqs-ipr4-1.0,especulacion,2021,2023; parque residencial 2021,100.0,90.0,,96.25,"[""Fuente de referencia 2021; desfase de 2 a\u00f1os""]"
04079,2023,dqs-ipr4-1.0,gentrificacion,2023,2020–2023 (ventana de cambio),100.0,100.0,,100.0,[]
04902,2023,dqs-ipr4-1.0,asequibilidad,2023,2023,100.0,100.0,,100.0,[]
04902,2023,dqs-ipr4-1.0,turismo,2023,2023-08-01,100.0,100.0,,100.0,[]
04902,2023,dqs-ipr4-1.0,especulacion,2021,2023; parque residencial 2021,100.0,90.0,,96.25,"[""Fuente de referencia 2021; desfase de 2 a\u00f1os""]"
04902,2023,dqs-ipr4-1.0,gentrificacion,2023,2020–2023 (ventana de cambio),100.0,100.0,,100.0,[]
05019,2023,dqs-ipr4-1.0,asequibilidad,2023,2023,100.0,100.0,,100.0,[]
05019,2023,dqs-ipr4-1.0,turismo,2023,2023-08-01,100.0,100.0,,100.0,[]
05019,2023,dqs-ipr4-1.0,especulacion,2021,2023; parque residencial 2021,100.0,90.0,,96.25,"[""Fuente de referencia 2021; desfase de 2 a\u00f1os""]"
05019,2023,dqs-ipr4-1.0,gentrificacion,2023,2020–2023 (ventana de cambio),100.0,100.0,,100.0,[]
06011,2023,dqs-ipr4-1.0,asequibilidad,2023,2023,100.0,100.0,,100.0,[]
06011,2023,dqs-ipr4-1.0,turismo,2023,2023-08-01,100.0,100.0,,100.0,[]
06011,2023,dqs-ipr4-1.0,especulacion,2021,2023; parque residencial 2021,100.0,90.0,,96.25,"[""Fuente de referencia 2021; desfase de 2 a\u00f1os""]"
06011,2023,dqs-ipr4-1.0,gentrificacion,2023,2020–2023 (ventana de cambio),100.0,100.0,,100.0,[]
06015,2023,dqs-ipr4-1.0,asequibilidad,2023,2023,100.0,100.0,,100.0,[]
06015,2023,dqs-ipr4-1.0,turismo,2023,2023-08-01,100.0,100.0,,100.0,[]
06015,2023,dqs-ipr4-1.0,especulacion,2021,2023; parque residencial 2021,100.0,90.0,,96.25,"[""Fuente de referencia 2021; desfase de 2 a\u00f1os""]"
06015,2023,dqs-ipr4-1.0,gentrificacion,2023,2020–2023 (ventana de cambio),100.0,100.0,,100.0,[]
06044,2023,dqs-ipr4-1.0,asequibilidad,2023,2023,100.0,100.0,,100.0,[]
06044,2023,dqs-ipr4-1.0,turismo,2023,2023-08-01,100.0,100.0,,100.0,[]
06044,2023,dqs-ipr4-1.0,especulacion,2021,2023; parque residencial 2021,100.0,90.0,,96.25,"[""Fuente de referencia 2021; desfase de 2 a\u00f1os""]"
06044,2023,dqs-ipr4-1.0,gentrificacion,2023,2020–2023 (ventana de cambio),100.0,100.0,,100.0,[]
06083,2023,dqs-ipr4-1.0,asequibilidad,2023,2023,100.0,100.0,,100.0,[]
06083,2023,dqs-ipr4-1.0,turismo,2023,2023-08-01,100.0,100.0,,100.0,[]
06083,2023,dqs-ipr4-1.0,especulacion,2021,2023; parque residencial 2021,100.0,90.0,,96.25,"[""Fuente de referencia 2021; desfase de 2 a\u00f1os""]"
06083,2023,dqs-ipr4-1.0,gentrificacion,2023,2020–2023 (ventana de cambio),100.0,100.0,,100.0,[]
06153,2023,dqs-ipr4-1.0,asequibilidad,2023,2023,100.0,100.0,,100.0,[]
06153,2023,dqs-ipr4-1.0,turismo,2023,2023-08-01,100.0,100.0,,100.0,[]
06153,2023,dqs-ipr4-1.0,especulacion,2021,2023; parque residencial 2021,100.0,90.0,,96.25,"[""Fuente de referencia 2021; desfase de 2 a\u00f1os""]"
06153,2023,dqs-ipr4-1.0,gentrificacion,2023,2020–2023 (ventana de cambio),100.0,100.0,,100.0,[]
07011,2023,dqs-ipr4-1.0,asequibilidad,2023,2023,100.0,100.0,,100.0,[]
07011,2023,dqs-ipr4-1.0,turismo,2023,2023-08-01,100.0,100.0,,100.0,[]
07011,2023,dqs-ipr4-1.0,especulacion,2021,2023; parque residencial 2021,100.0,90.0,,96.25,"[""Fuente de referencia 2021; desfase de 2 a\u00f1os""]"
07011,2023,dqs-ipr4-1.0,gentrificacion,2023,2020–2023 (ventana de cambio),100.0,100.0,,100.0,[]
07015,2023,dqs-ipr4-1.0,asequibilidad,2023,2023,100.0,100.0,,100.0,[]
07015,2023,dqs-ipr4-1.0,turismo,2023,2023-08-01,100.0,100.0,,100.0,[]
07015,2023,dqs-ipr4-1.0,especulacion,2021,2023; parque residencial 2021,100.0,90.0,,96.25,"[""Fuente de referencia 2021; desfase de 2 a\u00f1os""]"
07015,2023,dqs-ipr4-1.0,gentrificacion,2023,2020–2023 (ventana de cambio),100.0,100.0,,100.0,[]
07026,2023,dqs-ipr4-1.0,asequibilidad,2023,2023,100.0,100.0,,100.0,[]
07026,2023,dqs-ipr4-1.0,turismo,2023,2023-08-01,100.0,100.0,,100.0,[]
07026,2023,dqs-ipr4-1.0,especulacion,2021,2023; parque residencial 2021,100.0,90.0,,96.25,"[""Fuente de referencia 2021; desfase de 2 a\u00f1os""]"
07026,2023,dqs-ipr4-1.0,gentrificacion,2023,2020–2023 (ventana de cambio),100.0,100.0,,100.0,[]
07027,2023,dqs-ipr4-1.0,asequibilidad,2023,2023,100.0,100.0,,100.0,[]
07027,2023,dqs-ipr4-1.0,turismo,2023,2023-08-01,100.0,100.0,,100.0,[]
07027,2023,dqs-ipr4-1.0,especulacion,2021,2023; parque residencial 2021,100.0,90.0,,96.25,"[""Fuente de referencia 2021; desfase de 2 a\u00f1os""]"
07027,2023,dqs-ipr4-1.0,gentrificacion,2023,2020–2023 (ventana de cambio),100.0,100.0,,100.0,[]
07031,2023,dqs-ipr4-1.0,asequibilidad,2023,2023,100.0,100.0,,100.0,[]
07031,2023,dqs-ipr4-1.0,turismo,2023,2023-08-01,100.0,100.0,,100.0,[]
07031,2023,dqs-ipr4-1.0,especulacion,2021,2023; parque residencial 2021,100.0,90.0,,96.25,"[""Fuente de referencia 2021; desfase de 2 a\u00f1os""]"
07031,2023,dqs-ipr4-1.0,gentrificacion,2023,2020–2023 (ventana de cambio),100.0,100.0,,100.0,[]
07032,2023,dqs-ipr4-1.0,asequibilidad,2023,2023,100.0,100.0,,100.0,[]
07032,2023,dqs-ipr4-1.0,turismo,2023,2023-08-01,100.0,100.0,,100.0,[]
07032,2023,dqs-ipr4-1.0,especulacion,2021,2023; parque residencial 2021,100.0,90.0,,96.25,"[""Fuente de referencia 2021; desfase de 2 a\u00f1os""]"
07032,2023,dqs-ipr4-1.0,gentrificacion,2023,2020–2023 (ventana de cambio),100.0,100.0,,100.0,[]
07033,2023,dqs-ipr4-1.0,asequibilidad,2023,2023,100.0,100.0,,100.0,[]
07033,2023,dqs-ipr4-1.0,turismo,2023,2023-08-01,100.0,100.0,,100.0,[]
07033,2023,dqs-ipr4-1.0,especulacion,2021,2023; parque residencial 2021,100.0,90.0,,96.25,"[""Fuente de referencia 2021; desfase de 2 a\u00f1os""]"
07033,2023,dqs-ipr4-1.0,gentrificacion,2023,2020–2023 (ventana de cambio),100.0,100.0,,100.0,[]
07036,2023,dqs-ipr4-1.0,asequibilidad,2023,2023,100.0,100.0,,100.0,[]
07036,2023,dqs-ipr4-1.0,turismo,2023,2023-08-01,100.0,100.0,,100.0,[]
07036,2023,dqs-ipr4-1.0,especulacion,2021,2023; parque residencial 2021,100.0,90.0,,96.25,"[""Fuente de referencia 2021; desfase de 2 a\u00f1os""]"
07036,2023,dqs-ipr4-1.0,gentrificacion,2023,2020–2023 (ventana de cambio),100.0,100.0,,100.0,[]
07040,2023,dqs-ipr4-1.0,asequibilidad,2023,2023,100.0,100.0,,100.0,[]
07040,2023,dqs-ipr4-1.0,turismo,2023,2023-08-01,100.0,100.0,,100.0,[]
07040,2023,dqs-ipr4-1.0,especulacion,2021,2023; parque residencial 2021,100.0,90.0,,96.25,"[""Fuente de referencia 2021; desfase de 2 a\u00f1os""]"
07040,2023,dqs-ipr4-1.0,gentrificacion,2023,2020–2023 (ventana de cambio),100.0,100.0,,100.0,[]
07054,2023,dqs-ipr4-1.0,asequibilidad,2023,2023,100.0,100.0,,100.0,[]
07054,2023,dqs-ipr4-1.0,turismo,2023,2023-08-01,100.0,100.0,,100.0,[]
07054,2023,dqs-ipr4-1.0,especulacion,2021,2023; parque residencial 2021,100.0,90.0,,96.25,"[""Fuente de referencia 2021; desfase de 2 a\u00f1os""]"
07054,2023,dqs-ipr4-1.0,gentrificacion,2023,2020–2023 (ventana de cambio),100.0,100.0,,100.0,[]
08015,2023,dqs-ipr4-1.0,asequibilidad,2023,2023,100.0,100.0,,100.0,[]
08015,2023,dqs-ipr4-1.0,turismo,2023,2023-08-01,100.0,100.0,,100.0,[]
08015,2023,dqs-ipr4-1.0,especulacion,2021,2023; parque residencial 2021,100.0,90.0,,96.25,"[""Fuente de referencia 2021; desfase de 2 a\u00f1os""]"
08015,2023,dqs-ipr4-1.0,gentrificacion,2023,2020–2023 (ventana de cambio),100.0,100.0,,100.0,[]
08019,2023,dqs-ipr4-1.0,asequibilidad,2023,2023,100.0,100.0,,100.0,[]
08019,2023,dqs-ipr4-1.0,turismo,2023,2023-08-01,100.0,100.0,,100.0,[]
08019,2023,dqs-ipr4-1.0,especulacion,2021,2023; parque residencial 2021,100.0,90.0,,96.25,"[""Fuente de referencia 2021; desfase de 2 a\u00f1os""]"
08019,2023,dqs-ipr4-1.0,gentrificacion,2023,2020–2023 (ventana de cambio),100.0,100.0,,100.0,[]
08056,2023,dqs-ipr4-1.0,asequibilidad,2023,2023,100.0,100.0,,100.0,[]
08056,2023,dqs-ipr4-1.0,turismo,2023,2023-08-01,100.0,100.0,,100.0,[]
08056,2023,dqs-ipr4-1.0,especulacion,2021,2023; parque residencial 2021,100.0,90.0,,96.25,"[""Fuente de referencia 2021; desfase de 2 a\u00f1os""]"
08056,2023,dqs-ipr4-1.0,gentrificacion,2023,2020–2023 (ventana de cambio),100.0,100.0,,100.0,[]
08073,2023,dqs-ipr4-1.0,asequibilidad,2023,2023,100.0,100.0,,100.0,[]
08073,2023,dqs-ipr4-1.0,turismo,2023,2023-08-01,100.0,100.0,,100.0,[]
08073,2023,dqs-ipr4-1.0,especulacion,2021,2023; parque residencial 2021,100.0,90.0,,96.25,"[""Fuente de referencia 2021; desfase de 2 a\u00f1os""]"
08073,2023,dqs-ipr4-1.0,gentrificacion,2023,2020–2023 (ventana de cambio),100.0,100.0,,100.0,[]
08077,2023,dqs-ipr4-1.0,asequibilidad,2023,2023,100.0,100.0,,100.0,[]
08077,2023,dqs-ipr4-1.0,turismo,2023,2023-08-01,100.0,100.0,,100.0,[]
08077,2023,dqs-ipr4-1.0,especulacion,2021,2023; parque residencial 2021,100.0,90.0,,96.25,"[""Fuente de referencia 2021; desfase de 2 a\u00f1os""]"
08077,2023,dqs-ipr4-1.0,gentrificacion,2023,2020–2023 (ventana de cambio),100.0,100.0,,100.0,[]
08089,2023,dqs-ipr4-1.0,asequibilidad,2023,2023,100.0,100.0,,100.0,[]
08089,2023,dqs-ipr4-1.0,turismo,2023,2023-08-01,100.0,100.0,,100.0,[]
08089,2023,dqs-ipr4-1.0,especulacion,2021,2023; parque residencial 2021,100.0,90.0,,96.25,"[""Fuente de referencia 2021; desfase de 2 a\u00f1os""]"
08089,2023,dqs-ipr4-1.0,gentrificacion,2023,2020–2023 (ventana de cambio),100.0,100.0,,100.0,[]
08096,2023,dqs-ipr4-1.0,asequibilidad,2023,2023,100.0,100.0,,100.0,[]
08096,2023,dqs-ipr4-1.0,turismo,2023,2023-08-01,100.0,100.0,,100.0,[]
08096,2023,dqs-ipr4-1.0,especulacion,2021,2023; parque residencial 2021,100.0,90.0,,96.25,"[""Fuente de referencia 2021; desfase de 2 a\u00f1os""]"
08096,2023,dqs-ipr4-1.0,gentrificacion,2023,2020–2023 (ventana de cambio),100.0,100.0,,100.0,[]
08101,2023,dqs-ipr4-1.0,asequibilidad,2023,2023,100.0,100.0,,100.0,[]
08101,2023,dqs-ipr4-1.0,turismo,2023,2023-08-01,100.0,100.0,,100.0,[]
08101,2023,dqs-ipr4-1.0,especulacion,2021,2023; parque residencial 2021,100.0,90.0,,96.25,"[""Fuente de referencia 2021; desfase de 2 a\u00f1os""]"
08101,2023,dqs-ipr4-1.0,gentrificacion,2023,2020–2023 (ventana de cambio),100.0,100.0,,100.0,[]
08102,2023,dqs-ipr4-1.0,asequibilidad,2023,2023,100.0,100.0,,100.0,[]
08102,2023,dqs-ipr4-1.0,turismo,2023,2023-08-01,100.0,100.0,,100.0,[]
08102,2023,dqs-ipr4-1.0,especulacion,2021,2023; parque residencial 2021,100.0,90.0,,96.25,"[""Fuente de referencia 2021; desfase de 2 a\u00f1os""]"
08102,2023,dqs-ipr4-1.0,gentrificacion,2023,2020–2023 (ventana de cambio),100.0,100.0,,100.0,[]
08113,2023,dqs-ipr4-1.0,asequibilidad,2023,2023,100.0,100.0,,100.0,[]
08113,2023,dqs-ipr4-1.0,turismo,2023,2023-08-01,100.0,100.0,,100.0,[]
08113,2023,dqs-ipr4-1.0,especulacion,2021,2023; parque residencial 2021,100.0,90.0,,96.25,"[""Fuente de referencia 2021; desfase de 2 a\u00f1os""]"
08113,2023,dqs-ipr4-1.0,gentrificacion,2023,2020–2023 (ventana de cambio),100.0,100.0,,100.0,[]
08114,2023,dqs-ipr4-1.0,asequibilidad,2023,2023,100.0,100.0,,100.0,[]
08114,2023,dqs-ipr4-1.0,turismo,2023,2023-08-01,100.0,100.0,,100.0,[]
08114,2023,dqs-ipr4-1.0,especulacion,2021,2023; parque residencial 2021,100.0,90.0,,96.25,"[""Fuente de referencia 2021; desfase de 2 a\u00f1os""]"
08114,2023,dqs-ipr4-1.0,gentrificacion,2023,2020–2023 (ventana de cambio),100.0,100.0,,100.0,[]
08121,2023,dqs-ipr4-1.0,asequibilidad,2023,2023,100.0,100.0,,100.0,[]
08121,2023,dqs-ipr4-1.0,turismo,2023,2023-08-01,100.0,100.0,,100.0,[]
08121,2023,dqs-ipr4-1.0,especulacion,2021,2023; parque residencial 2021,100.0,90.0,,96.25,"[""Fuente de referencia 2021; desfase de 2 a\u00f1os""]"
08121,2023,dqs-ipr4-1.0,gentrificacion,2023,2020–2023 (ventana de cambio),100.0,100.0,,100.0,[]
08124,2023,dqs-ipr4-1.0,asequibilidad,2023,2023,100.0,100.0,,100.0,[]
08124,2023,dqs-ipr4-1.0,turismo,2023,2023-08-01,100.0,100.0,,100.0,[]
08124,2023,dqs-ipr4-1.0,especulacion,2021,2023; parque residencial 2021,100.0,90.0,,96.25,"[""Fuente de referencia 2021; desfase de 2 a\u00f1os""]"
08124,2023,dqs-ipr4-1.0,gentrificacion,2023,2020–2023 (ventana de cambio),100.0,100.0,,100.0,[]
08125,2023,dqs-ipr4-1.0,asequibilidad,2023,2023,100.0,100.0,,100.0,[]
08125,2023,dqs-ipr4-1.0,turismo,2023,2023-08-01,100.0,100.0,,100.0,[]
08125,2023,dqs-ipr4-1.0,especulacion,2021,2023; parque residencial 2021,100.0,90.0,,96.25,"[""Fuente de referencia 2021; desfase de 2 a\u00f1os""]"
08125,2023,dqs-ipr4-1.0,gentrificacion,2023,2020–2023 (ventana de cambio),100.0,100.0,,100.0,[]
08163,2023,dqs-ipr4-1.0,asequibilidad,2023,2023,100.0,100.0,,100.0,[]
08163,2023,dqs-ipr4-1.0,turismo,2023,2023-08-01,100.0,100.0,,100.0,[]
08163,2023,dqs-ipr4-1.0,especulacion,2021,2023; parque residencial 2021,100.0,90.0,,96.25,"[""Fuente de referencia 2021; desfase de 2 a\u00f1os""]"
08163,2023,dqs-ipr4-1.0,gentrificacion,2023,2020–2023 (ventana de cambio),100.0,100.0,,100.0,[]
08169,2023,dqs-ipr4-1.0,asequibilidad,2023,2023,100.0,100.0,,100.0,[]
08169,2023,dqs-ipr4-1.0,turismo,2023,2023-08-01,100.0,100.0,,100.0,[]
08169,2023,dqs-ipr4-1.0,especulacion,2021,2023; parque residencial 2021,100.0,90.0,,96.25,"[""Fuente de referencia 2021; desfase de 2 a\u00f1os""]"
08169,2023,dqs-ipr4-1.0,gentrificacion,2023,2020–2023 (ventana de cambio),100.0,100.0,,100.0,[]
08172,2023,dqs-ipr4-1.0,asequibilidad,2023,2023,100.0,100.0,,100.0,[]
08172,2023,dqs-ipr4-1.0,turismo,2023,2023-08-01,100.0,100.0,,100.0,[]
08172,2023,dqs-ipr4-1.0,especulacion,2021,2023; parque residencial 2021,100.0,90.0,,96.25,"[""Fuente de referencia 2021; desfase de 2 a\u00f1os""]"
08172,2023,dqs-ipr4-1.0,gentrificacion,2023,2020–2023 (ventana de cambio),100.0,100.0,,100.0,[]
08180,2023,dqs-ipr4-1.0,asequibilidad,2023,2023,100.0,100.0,,100.0,[]
08180,2023,dqs-ipr4-1.0,turismo,2023,2023-08-01,100.0,100.0,,100.0,[]
08180,2023,dqs-ipr4-1.0,especulacion,2021,2023; parque residencial 2021,100.0,90.0,,96.25,"[""Fuente de referencia 2021; desfase de 2 a\u00f1os""]"
08180,2023,dqs-ipr4-1.0,gentrificacion,2023,2020–2023 (ventana de cambio),100.0,100.0,,100.0,[]
08184,2023,dqs-ipr4-1.0,asequibilidad,2023,2023,100.0,100.0,,100.0,[]
08184,2023,dqs-ipr4-1.0,turismo,2023,2023-08-01,100.0,100.0,,100.0,[]
08184,2023,dqs-ipr4-1.0,especulacion,2021,2023; parque residencial 2021,100.0,90.0,,96.25,"[""Fuente de referencia 2021; desfase de 2 a\u00f1os""]"
08184,2023,dqs-ipr4-1.0,gentrificacion,2023,2020–2023 (ventana de cambio),100.0,100.0,,100.0,[]
08187,2023,dqs-ipr4-1.0,asequibilidad,2023,2023,100.0,100.0,,100.0,[]
08187,2023,dqs-ipr4-1.0,turismo,2023,2023-08-01,100.0,100.0,,100.0,[]
08187,2023,dqs-ipr4-1.0,especulacion,2021,2023; parque residencial 2021,100.0,90.0,,96.25,"[""Fuente de referencia 2021; desfase de 2 a\u00f1os""]"
08187,2023,dqs-ipr4-1.0,gentrificacion,2023,2020–2023 (ventana de cambio),100.0,100.0,,100.0,[]
08194,2023,dqs-ipr4-1.0,asequibilidad,2023,2023,100.0,100.0,,100.0,[]
08194,2023,dqs-ipr4-1.0,turismo,2023,2023-08-01,100.0,100.0,,100.0,[]
08194,2023,dqs-ipr4-1.0,especulacion,2021,2023; parque residencial 2021,100.0,90.0,,96.25,"[""Fuente de referencia 2021; desfase de 2 a\u00f1os""]"
08194,2023,dqs-ipr4-1.0,gentrificacion,2023,2020–2023 (ventana de cambio),100.0,100.0,,100.0,[]
08196,2023,dqs-ipr4-1.0,asequibilidad,2023,2023,100.0,100.0,,100.0,[]
08196,2023,dqs-ipr4-1.0,turismo,2023,2023-08-01,100.0,100.0,,100.0,[]
08196,2023,dqs-ipr4-1.0,especulacion,2021,2023; parque residencial 2021,100.0,90.0,,96.25,"[""Fuente de referencia 2021; desfase de 2 a\u00f1os""]"
08196,2023,dqs-ipr4-1.0,gentrificacion,2023,2020–2023 (ventana de cambio),100.0,100.0,,100.0,[]
08200,2023,dqs-ipr4-1.0,asequibilidad,2023,2023,100.0,100.0,,100.0,[]
08200,2023,dqs-ipr4-1.0,turismo,2023,2023-08-01,100.0,100.0,,100.0,[]
08200,2023,dqs-ipr4-1.0,especulacion,2021,2023; parque residencial 2021,100.0,90.0,,96.25,"[""Fuente de referencia 2021; desfase de 2 a\u00f1os""]"
08200,2023,dqs-ipr4-1.0,gentrificacion,2023,2020–2023 (ventana de cambio),100.0,100.0,,100.0,[]
08205,2023,dqs-ipr4-1.0,asequibilidad,2023,2023,100.0,100.0,,100.0,[]
08205,2023,dqs-ipr4-1.0,turismo,2023,2023-08-01,100.0,100.0,,100.0,[]
08205,2023,dqs-ipr4-1.0,especulacion,2021,2023; parque residencial 2021,100.0,90.0,,96.25,"[""Fuente de referencia 2021; desfase de 2 a\u00f1os""]"
08205,2023,dqs-ipr4-1.0,gentrificacion,2023,2020–2023 (ventana de cambio),100.0,100.0,,100.0,[]
08211,2023,dqs-ipr4-1.0,asequibilidad,2023,2023,100.0,100.0,,100.0,[]
08211,2023,dqs-ipr4-1.0,turismo,2023,2023-08-01,100.0,100.0,,100.0,[]
08211,2023,dqs-ipr4-1.0,especulacion,2021,2023; parque residencial 2021,100.0,90.0,,96.25,"[""Fuente de referencia 2021; desfase de 2 a\u00f1os""]"
08211,2023,dqs-ipr4-1.0,gentrificacion,2023,2020–2023 (ventana de cambio),100.0,100.0,,100.0,[]
08217,2023,dqs-ipr4-1.0,asequibilidad,2023,2023,100.0,100.0,,100.0,[]
08217,2023,dqs-ipr4-1.0,turismo,2023,2023-08-01,100.0,100.0,,100.0,[]
08217,2023,dqs-ipr4-1.0,especulacion,2021,2023; parque residencial 2021,100.0,90.0,,96.25,"[""Fuente de referencia 2021; desfase de 2 a\u00f1os""]"
08217,2023,dqs-ipr4-1.0,gentrificacion,2023,2020–2023 (ventana de cambio),100.0,100.0,,100.0,[]
08231,2023,dqs-ipr4-1.0,asequibilidad,2023,2023,100.0,100.0,,100.0,[]
08231,2023,dqs-ipr4-1.0,turismo,2023,2023-08-01,100.0,100.0,,100.0,[]
08231,2023,dqs-ipr4-1.0,especulacion,2021,2023; parque residencial 2021,100.0,90.0,,96.25,"[""Fuente de referencia 2021; desfase de 2 a\u00f1os""]"
08231,2023,dqs-ipr4-1.0,gentrificacion,2023,2020–2023 (ventana de cambio),100.0,100.0,,100.0,[]
08245,2023,dqs-ipr4-1.0,asequibilidad,2023,2023,100.0,100.0,,100.0,[]
08245,2023,dqs-ipr4-1.0,turismo,2023,2023-08-01,100.0,100.0,,100.0,[]
08245,2023,dqs-ipr4-1.0,especulacion,2021,2023; parque residencial 2021,100.0,90.0,,96.25,"[""Fuente de referencia 2021; desfase de 2 a\u00f1os""]"
08245,2023,dqs-ipr4-1.0,gentrificacion,2023,2020–2023 (ventana de cambio),100.0,100.0,,100.0,[]
08252,2023,dqs-ipr4-1.0,asequibilidad,2023,2023,100.0,100.0,,100.0,[]
08252,2023,dqs-ipr4-1.0,turismo,2023,2023-08-01,100.0,100.0,,100.0,[]
08252,2023,dqs-ipr4-1.0,especulacion,2021,2023; parque residencial 2021,100.0,90.0,,96.25,"[""Fuente de referencia 2021; desfase de 2 a\u00f1os""]"
08252,2023,dqs-ipr4-1.0,gentrificacion,2023,2020–2023 (ventana de cambio),100.0,100.0,,100.0,[]
08260,2023,dqs-ipr4-1.0,asequibilidad,2023,2023,100.0,100.0,,100.0,[]
08260,2023,dqs-ipr4-1.0,turismo,2023,2023-08-01,100.0,100.0,,100.0,[]
08260,2023,dqs-ipr4-1.0,especulacion,2021,2023; parque residencial 2021,100.0,90.0,,96.25,"[""Fuente de referencia 2021; desfase de 2 a\u00f1os""]"
08260,2023,dqs-ipr4-1.0,gentrificacion,2023,2020–2023 (ventana de cambio),100.0,100.0,,100.0,[]
08263,2023,dqs-ipr4-1.0,asequibilidad,2023,2023,100.0,100.0,,100.0,[]
08263,2023,dqs-ipr4-1.0,turismo,2023,2023-08-01,100.0,100.0,,100.0,[]
08263,2023,dqs-ipr4-1.0,especulacion,2021,2023; parque residencial 2021,100.0,90.0,,96.25,"[""Fuente de referencia 2021; desfase de 2 a\u00f1os""]"
08263,2023,dqs-ipr4-1.0,gentrificacion,2023,2020–2023 (ventana de cambio),100.0,100.0,,100.0,[]
08266,2023,dqs-ipr4-1.0,asequibilidad,2023,2023,100.0,100.0,,100.0,[]
08266,2023,dqs-ipr4-1.0,turismo,2023,2023-08-01,100.0,100.0,,100.0,[]
08266,2023,dqs-ipr4-1.0,especulacion,2021,2023; parque residencial 2021,100.0,90.0,,96.25,"[""Fuente de referencia 2021; desfase de 2 a\u00f1os""]"
08266,2023,dqs-ipr4-1.0,gentrificacion,2023,2020–2023 (ventana de cambio),100.0,100.0,,100.0,[]
08270,2023,dqs-ipr4-1.0,asequibilidad,2023,2023,100.0,100.0,,100.0,[]
08270,2023,dqs-ipr4-1.0,turismo,2023,2023-08-01,100.0,100.0,,100.0,[]
08270,2023,dqs-ipr4-1.0,especulacion,2021,2023; parque residencial 2021,100.0,90.0,,96.25,"[""Fuente de referencia 2021; desfase de 2 a\u00f1os""]"
08270,2023,dqs-ipr4-1.0,gentrificacion,2023,2020–2023 (ventana de cambio),100.0,100.0,,100.0,[]
08279,2023,dqs-ipr4-1.0,asequibilidad,2023,2023,100.0,100.0,,100.0,[]
08279,2023,dqs-ipr4-1.0,turismo,2023,2023-08-01,100.0,100.0,,100.0,[]
08279,2023,dqs-ipr4-1.0,especulacion,2021,2023; parque residencial 2021,100.0,90.0,,96.25,"[""Fuente de referencia 2021; desfase de 2 a\u00f1os""]"
08279,2023,dqs-ipr4-1.0,gentrificacion,2023,2020–2023 (ventana de cambio),100.0,100.0,,100.0,[]
08298,2023,dqs-ipr4-1.0,asequibilidad,2023,2023,100.0,100.0,,100.0,[]
08298,2023,dqs-ipr4-1.0,turismo,2023,2023-08-01,100.0,100.0,,100.0,[]
08298,2023,dqs-ipr4-1.0,especulacion,2021,2023; parque residencial 2021,100.0,90.0,,96.25,"[""Fuente de referencia 2021; desfase de 2 a\u00f1os""]"
08298,2023,dqs-ipr4-1.0,gentrificacion,2023,2020–2023 (ventana de cambio),100.0,100.0,,100.0,[]
08301,2023,dqs-ipr4-1.0,asequibilidad,2023,2023,100.0,100.0,,100.0,[]
08301,2023,dqs-ipr4-1.0,turismo,2023,2023-08-01,100.0,100.0,,100.0,[]
08301,2023,dqs-ipr4-1.0,especulacion,2021,2023; parque residencial 2021,100.0,90.0,,96.25,"[""Fuente de referencia 2021; desfase de 2 a\u00f1os""]"
08301,2023,dqs-ipr4-1.0,gentrificacion,2023,2020–2023 (ventana de cambio),100.0,100.0,,100.0,[]
08305,2023,dqs-ipr4-1.0,asequibilidad,2023,2023,100.0,100.0,,100.0,[]
08305,2023,dqs-ipr4-1.0,turismo,2023,2023-08-01,100.0,100.0,,100.0,[]
08305,2023,dqs-ipr4-1.0,especulacion,2021,2023; parque residencial 2021,100.0,90.0,,96.25,"[""Fuente de referencia 2021; desfase de 2 a\u00f1os""]"
08305,2023,dqs-ipr4-1.0,gentrificacion,2023,2020–2023 (ventana de cambio),100.0,100.0,,100.0,[]
08307,2023,dqs-ipr4-1.0,asequibilidad,2023,2023,100.0,100.0,,100.0,[]
08307,2023,dqs-ipr4-1.0,turismo,2023,2023-08-01,100.0,100.0,,100.0,[]
08307,2023,dqs-ipr4-1.0,especulacion,2021,2023; parque residencial 2021,100.0,90.0,,96.25,"[""Fuente de referencia 2021; desfase de 2 a\u00f1os""]"
08307,2023,dqs-ipr4-1.0,gentrificacion,2023,2020–2023 (ventana de cambio),100.0,100.0,,100.0,[]
09018,2023,dqs-ipr4-1.0,asequibilidad,2023,2023,100.0,100.0,,100.0,[]
09018,2023,dqs-ipr4-1.0,turismo,2023,2023-08-01,100.0,100.0,,100.0,[]
09018,2023,dqs-ipr4-1.0,especulacion,2021,2023; parque residencial 2021,100.0,90.0,,96.25,"[""Fuente de referencia 2021; desfase de 2 a\u00f1os""]"
09018,2023,dqs-ipr4-1.0,gentrificacion,2023,2020–2023 (ventana de cambio),100.0,100.0,,100.0,[]
09059,2023,dqs-ipr4-1.0,asequibilidad,2023,2023,100.0,100.0,,100.0,[]
09059,2023,dqs-ipr4-1.0,turismo,2023,2023-08-01,100.0,100.0,,100.0,[]
09059,2023,dqs-ipr4-1.0,especulacion,2021,2023; parque residencial 2021,100.0,90.0,,96.25,"[""Fuente de referencia 2021; desfase de 2 a\u00f1os""]"
09059,2023,dqs-ipr4-1.0,gentrificacion,2023,2020–2023 (ventana de cambio),100.0,100.0,,100.0,[]
09219,2023,dqs-ipr4-1.0,asequibilidad,2023,2023,100.0,100.0,,100.0,[]
09219,2023,dqs-ipr4-1.0,turismo,2023,2023-08-01,100.0,100.0,,100.0,[]
09219,2023,dqs-ipr4-1.0,especulacion,2021,2023; parque residencial 2021,100.0,90.0,,96.25,"[""Fuente de referencia 2021; desfase de 2 a\u00f1os""]"
09219,2023,dqs-ipr4-1.0,gentrificacion,2023,2020–2023 (ventana de cambio),100.0,100.0,,100.0,[]
10037,2023,dqs-ipr4-1.0,asequibilidad,2023,2023,100.0,100.0,,100.0,[]
10037,2023,dqs-ipr4-1.0,turismo,2023,2023-08-01,100.0,100.0,,100.0,[]
10037,2023,dqs-ipr4-1.0,especulacion,2021,2023; parque residencial 2021,100.0,90.0,,96.25,"[""Fuente de referencia 2021; desfase de 2 a\u00f1os""]"
10037,2023,dqs-ipr4-1.0,gentrificacion,2023,2020–2023 (ventana de cambio),100.0,100.0,,100.0,[]
10148,2023,dqs-ipr4-1.0,asequibilidad,2023,2023,100.0,100.0,,100.0,[]
10148,2023,dqs-ipr4-1.0,turismo,2023,2023-08-01,100.0,100.0,,100.0,[]
10148,2023,dqs-ipr4-1.0,especulacion,2021,2023; parque residencial 2021,100.0,90.0,,96.25,"[""Fuente de referencia 2021; desfase de 2 a\u00f1os""]"
10148,2023,dqs-ipr4-1.0,gentrificacion,2023,2020–2023 (ventana de cambio),100.0,100.0,,100.0,[]
11004,2023,dqs-ipr4-1.0,asequibilidad,2023,2023,100.0,100.0,,100.0,[]
11004,2023,dqs-ipr4-1.0,turismo,2023,2023-08-01,100.0,100.0,,100.0,[]
11004,2023,dqs-ipr4-1.0,especulacion,2021,2023; parque residencial 2021,100.0,90.0,,96.25,"[""Fuente de referencia 2021; desfase de 2 a\u00f1os""]"
11004,2023,dqs-ipr4-1.0,gentrificacion,2023,2020–2023 (ventana de cambio),100.0,100.0,,100.0,[]
11006,2023,dqs-ipr4-1.0,asequibilidad,2023,2023,100.0,100.0,,100.0,[]
11006,2023,dqs-ipr4-1.0,turismo,2023,2023-08-01,100.0,100.0,,100.0,[]
11006,2023,dqs-ipr4-1.0,especulacion,2021,2023; parque residencial 2021,100.0,90.0,,96.25,"[""Fuente de referencia 2021; desfase de 2 a\u00f1os""]"
11006,2023,dqs-ipr4-1.0,gentrificacion,2023,2020–2023 (ventana de cambio),100.0,100.0,,100.0,[]
11012,2023,dqs-ipr4-1.0,asequibilidad,2023,2023,100.0,100.0,,100.0,[]
11012,2023,dqs-ipr4-1.0,turismo,2023,2023-08-01,100.0,100.0,,100.0,[]
11012,2023,dqs-ipr4-1.0,especulacion,2021,2023; parque residencial 2021,100.0,90.0,,96.25,"[""Fuente de referencia 2021; desfase de 2 a\u00f1os""]"
11012,2023,dqs-ipr4-1.0,gentrificacion,2023,2020–2023 (ventana de cambio),100.0,100.0,,100.0,[]
11015,2023,dqs-ipr4-1.0,asequibilidad,2023,2023,100.0,100.0,,100.0,[]
11015,2023,dqs-ipr4-1.0,turismo,2023,2023-08-01,100.0,100.0,,100.0,[]
11015,2023,dqs-ipr4-1.0,especulacion,2021,2023; parque residencial 2021,100.0,90.0,,96.25,"[""Fuente de referencia 2021; desfase de 2 a\u00f1os""]"
11015,2023,dqs-ipr4-1.0,gentrificacion,2023,2020–2023 (ventana de cambio),100.0,100.0,,100.0,[]
11020,2023,dqs-ipr4-1.0,asequibilidad,2023,2023,100.0,100.0,,100.0,[]
11020,2023,dqs-ipr4-1.0,turismo,2023,2023-08-01,100.0,100.0,,100.0,[]
11020,2023,dqs-ipr4-1.0,especulacion,2021,2023; parque residencial 2021,100.0,90.0,,96.25,"[""Fuente de referencia 2021; desfase de 2 a\u00f1os""]"
11020,2023,dqs-ipr4-1.0,gentrificacion,2023,2020–2023 (ventana de cambio),100.0,100.0,,100.0,[]
11022,2023,dqs-ipr4-1.0,asequibilidad,2023,2023,100.0,100.0,,100.0,[]
11022,2023,dqs-ipr4-1.0,turismo,2023,2023-08-01,100.0,100.0,,100.0,[]
11022,2023,dqs-ipr4-1.0,especulacion,2021,2023; parque residencial 2021,100.0,90.0,,96.25,"[""Fuente de referencia 2021; desfase de 2 a\u00f1os""]"
11022,2023,dqs-ipr4-1.0,gentrificacion,2023,2020–2023 (ventana de cambio),100.0,100.0,,100.0,[]
11027,2023,dqs-ipr4-1.0,asequibilidad,2023,2023,100.0,100.0,,100.0,[]
11027,2023,dqs-ipr4-1.0,turismo,2023,2023-08-01,100.0,100.0,,100.0,[]
11027,2023,dqs-ipr4-1.0,especulacion,2021,2023; parque residencial 2021,100.0,90.0,,96.25,"[""Fuente de referencia 2021; desfase de 2 a\u00f1os""]"
11027,2023,dqs-ipr4-1.0,gentrificacion,2023,2020–2023 (ventana de cambio),100.0,100.0,,100.0,[]
11028,2023,dqs-ipr4-1.0,asequibilidad,2023,2023,100.0,100.0,,100.0,[]
11028,2023,dqs-ipr4-1.0,turismo,2023,2023-08-01,100.0,100.0,,100.0,[]
11028,2023,dqs-ipr4-1.0,especulacion,2021,2023; parque residencial 2021,100.0,90.0,,96.25,"[""Fuente de referencia 2021; desfase de 2 a\u00f1os""]"
11028,2023,dqs-ipr4-1.0,gentrificacion,2023,2020–2023 (ventana de cambio),100.0,100.0,,100.0,[]
11030,2023,dqs-ipr4-1.0,asequibilidad,2023,2023,100.0,100.0,,100.0,[]
11030,2023,dqs-ipr4-1.0,turismo,2023,2023-08-01,100.0,100.0,,100.0,[]
11030,2023,dqs-ipr4-1.0,especulacion,2021,2023; parque residencial 2021,100.0,90.0,,96.25,"[""Fuente de referencia 2021; desfase de 2 a\u00f1os""]"
11030,2023,dqs-ipr4-1.0,gentrificacion,2023,2020–2023 (ventana de cambio),100.0,100.0,,100.0,[]
11031,2023,dqs-ipr4-1.0,asequibilidad,2023,2023,100.0,100.0,,100.0,[]
11031,2023,dqs-ipr4-1.0,turismo,2023,2023-08-01,100.0,100.0,,100.0,[]
11031,2023,dqs-ipr4-1.0,especulacion,2021,2023; parque residencial 2021,100.0,90.0,,96.25,"[""Fuente de referencia 2021; desfase de 2 a\u00f1os""]"
11031,2023,dqs-ipr4-1.0,gentrificacion,2023,2020–2023 (ventana de cambio),100.0,100.0,,100.0,[]
11032,2023,dqs-ipr4-1.0,asequibilidad,2023,2023,100.0,100.0,,100.0,[]
11032,2023,dqs-ipr4-1.0,turismo,2023,2023-08-01,100.0,100.0,,100.0,[]
11032,2023,dqs-ipr4-1.0,especulacion,2021,2023; parque residencial 2021,100.0,90.0,,96.25,"[""Fuente de referencia 2021; desfase de 2 a\u00f1os""]"
11032,2023,dqs-ipr4-1.0,gentrificacion,2023,2020–2023 (ventana de cambio),100.0,100.0,,100.0,[]
11033,2023,dqs-ipr4-1.0,asequibilidad,2023,2023,100.0,100.0,,100.0,[]
11033,2023,dqs-ipr4-1.0,turismo,2023,2023-08-01,100.0,100.0,,100.0,[]
11033,2023,dqs-ipr4-1.0,especulacion,2021,2023; parque residencial 2021,100.0,90.0,,96.25,"[""Fuente de referencia 2021; desfase de 2 a\u00f1os""]"
11033,2023,dqs-ipr4-1.0,gentrificacion,2023,2020–2023 (ventana de cambio),100.0,100.0,,100.0,[]
12009,2023,dqs-ipr4-1.0,asequibilidad,2023,2023,100.0,100.0,,100.0,[]
12009,2023,dqs-ipr4-1.0,turismo,2023,2023-08-01,100.0,100.0,,100.0,[]
12009,2023,dqs-ipr4-1.0,especulacion,2021,2023; parque residencial 2021,100.0,90.0,,96.25,"[""Fuente de referencia 2021; desfase de 2 a\u00f1os""]"
12009,2023,dqs-ipr4-1.0,gentrificacion,2023,2020–2023 (ventana de cambio),100.0,100.0,,100.0,[]
12027,2023,dqs-ipr4-1.0,asequibilidad,2023,2023,100.0,100.0,,100.0,[]
12027,2023,dqs-ipr4-1.0,turismo,2023,2023-08-01,100.0,100.0,,100.0,[]
12027,2023,dqs-ipr4-1.0,especulacion,2021,2023; parque residencial 2021,100.0,90.0,,96.25,"[""Fuente de referencia 2021; desfase de 2 a\u00f1os""]"
12027,2023,dqs-ipr4-1.0,gentrificacion,2023,2020–2023 (ventana de cambio),100.0,100.0,,100.0,[]
12032,2023,dqs-ipr4-1.0,asequibilidad,2023,2023,100.0,100.0,,100.0,[]
12032,2023,dqs-ipr4-1.0,turismo,2023,2023-08-01,100.0,100.0,,100.0,[]
12032,2023,dqs-ipr4-1.0,especulacion,2021,2023; parque residencial 2021,100.0,90.0,,96.25,"[""Fuente de referencia 2021; desfase de 2 a\u00f1os""]"
12032,2023,dqs-ipr4-1.0,gentrificacion,2023,2020–2023 (ventana de cambio),100.0,100.0,,100.0,[]
12040,2023,dqs-ipr4-1.0,asequibilidad,2023,2023,100.0,100.0,,100.0,[]
12040,2023,dqs-ipr4-1.0,turismo,2023,2023-08-01,100.0,100.0,,100.0,[]
12040,2023,dqs-ipr4-1.0,especulacion,2021,2023; parque residencial 2021,100.0,90.0,,96.25,"[""Fuente de referencia 2021; desfase de 2 a\u00f1os""]"
12040,2023,dqs-ipr4-1.0,gentrificacion,2023,2020–2023 (ventana de cambio),100.0,100.0,,100.0,[]
12084,2023,dqs-ipr4-1.0,asequibilidad,2023,2023,100.0,100.0,,100.0,[]
12084,2023,dqs-ipr4-1.0,turismo,2023,2023-08-01,100.0,100.0,,100.0,[]
12084,2023,dqs-ipr4-1.0,especulacion,2021,2023; parque residencial 2021,100.0,90.0,,96.25,"[""Fuente de referencia 2021; desfase de 2 a\u00f1os""]"
12084,2023,dqs-ipr4-1.0,gentrificacion,2023,2020–2023 (ventana de cambio),100.0,100.0,,100.0,[]
12126,2023,dqs-ipr4-1.0,asequibilidad,2023,2023,100.0,100.0,,100.0,[]
12126,2023,dqs-ipr4-1.0,turismo,2023,2023-08-01,100.0,100.0,,100.0,[]
12126,2023,dqs-ipr4-1.0,especulacion,2021,2023; parque residencial 2021,100.0,90.0,,96.25,"[""Fuente de referencia 2021; desfase de 2 a\u00f1os""]"
12126,2023,dqs-ipr4-1.0,gentrificacion,2023,2020–2023 (ventana de cambio),100.0,100.0,,100.0,[]
12135,2023,dqs-ipr4-1.0,asequibilidad,2023,2023,100.0,100.0,,100.0,[]
12135,2023,dqs-ipr4-1.0,turismo,2023,2023-08-01,100.0,100.0,,100.0,[]
12135,2023,dqs-ipr4-1.0,especulacion,2021,2023; parque residencial 2021,100.0,90.0,,96.25,"[""Fuente de referencia 2021; desfase de 2 a\u00f1os""]"
12135,2023,dqs-ipr4-1.0,gentrificacion,2023,2020–2023 (ventana de cambio),100.0,100.0,,100.0,[]
12138,2023,dqs-ipr4-1.0,asequibilidad,2023,2023,100.0,100.0,,100.0,[]
12138,2023,dqs-ipr4-1.0,turismo,2023,2023-08-01,100.0,100.0,,100.0,[]
12138,2023,dqs-ipr4-1.0,especulacion,2021,2023; parque residencial 2021,100.0,90.0,,96.25,"[""Fuente de referencia 2021; desfase de 2 a\u00f1os""]"
12138,2023,dqs-ipr4-1.0,gentrificacion,2023,2020–2023 (ventana de cambio),100.0,100.0,,100.0,[]
13005,2023,dqs-ipr4-1.0,asequibilidad,2023,2023,100.0,100.0,,100.0,[]
13005,2023,dqs-ipr4-1.0,turismo,2023,2023-08-01,100.0,100.0,,100.0,[]
13005,2023,dqs-ipr4-1.0,especulacion,2021,2023; parque residencial 2021,100.0,90.0,,96.25,"[""Fuente de referencia 2021; desfase de 2 a\u00f1os""]"
13005,2023,dqs-ipr4-1.0,gentrificacion,2023,2020–2023 (ventana de cambio),100.0,100.0,,100.0,[]
13034,2023,dqs-ipr4-1.0,asequibilidad,2023,2023,100.0,100.0,,100.0,[]
13034,2023,dqs-ipr4-1.0,turismo,2023,2023-08-01,100.0,100.0,,100.0,[]
13034,2023,dqs-ipr4-1.0,especulacion,2021,2023; parque residencial 2021,100.0,90.0,,96.25,"[""Fuente de referencia 2021; desfase de 2 a\u00f1os""]"
13034,2023,dqs-ipr4-1.0,gentrificacion,2023,2020–2023 (ventana de cambio),100.0,100.0,,100.0,[]
13071,2023,dqs-ipr4-1.0,asequibilidad,2023,2023,100.0,100.0,,100.0,[]
13071,2023,dqs-ipr4-1.0,turismo,2023,2023-08-01,100.0,100.0,,100.0,[]
13071,2023,dqs-ipr4-1.0,especulacion,2021,2023; parque residencial 2021,100.0,90.0,,96.25,"[""Fuente de referencia 2021; desfase de 2 a\u00f1os""]"
13071,2023,dqs-ipr4-1.0,gentrificacion,2023,2020–2023 (ventana de cambio),100.0,100.0,,100.0,[]
13082,2023,dqs-ipr4-1.0,asequibilidad,2023,2023,100.0,100.0,,100.0,[]
13082,2023,dqs-ipr4-1.0,turismo,2023,2023-08-01,100.0,100.0,,100.0,[]
13082,2023,dqs-ipr4-1.0,especulacion,2021,2023; parque residencial 2021,100.0,90.0,,96.25,"[""Fuente de referencia 2021; desfase de 2 a\u00f1os""]"
13082,2023,dqs-ipr4-1.0,gentrificacion,2023,2020–2023 (ventana de cambio),100.0,100.0,,100.0,[]
13087,2023,dqs-ipr4-1.0,asequibilidad,2023,2023,100.0,100.0,,100.0,[]
13087,2023,dqs-ipr4-1.0,turismo,2023,2023-08-01,100.0,100.0,,100.0,[]
13087,2023,dqs-ipr4-1.0,especulacion,2021,2023; parque residencial 2021,100.0,90.0,,96.25,"[""Fuente de referencia 2021; desfase de 2 a\u00f1os""]"
13087,2023,dqs-ipr4-1.0,gentrificacion,2023,2020–2023 (ventana de cambio),100.0,100.0,,100.0,[]
14021,2023,dqs-ipr4-1.0,asequibilidad,2023,2023,100.0,100.0,,100.0,[]
14021,2023,dqs-ipr4-1.0,turismo,2023,2023-08-01,100.0,100.0,,100.0,[]
14021,2023,dqs-ipr4-1.0,especulacion,2021,2023; parque residencial 2021,100.0,90.0,,96.25,"[""Fuente de referencia 2021; desfase de 2 a\u00f1os""]"
14021,2023,dqs-ipr4-1.0,gentrificacion,2023,2020–2023 (ventana de cambio),100.0,100.0,,100.0,[]
14038,2023,dqs-ipr4-1.0,asequibilidad,2023,2023,100.0,100.0,,100.0,[]
14038,2023,dqs-ipr4-1.0,turismo,2023,2023-08-01,100.0,100.0,,100.0,[]
14038,2023,dqs-ipr4-1.0,especulacion,2021,2023; parque residencial 2021,100.0,90.0,,96.25,"[""Fuente de referencia 2021; desfase de 2 a\u00f1os""]"
14038,2023,dqs-ipr4-1.0,gentrificacion,2023,2020–2023 (ventana de cambio),100.0,100.0,,100.0,[]
14056,2023,dqs-ipr4-1.0,asequibilidad,2023,2023,100.0,100.0,,100.0,[]
14056,2023,dqs-ipr4-1.0,turismo,2023,2023-08-01,100.0,100.0,,100.0,[]
14056,2023,dqs-ipr4-1.0,especulacion,2021,2023; parque residencial 2021,100.0,90.0,,96.25,"[""Fuente de referencia 2021; desfase de 2 a\u00f1os""]"
14056,2023,dqs-ipr4-1.0,gentrificacion,2023,2020–2023 (ventana de cambio),100.0,100.0,,100.0,[]
15002,2023,dqs-ipr4-1.0,asequibilidad,2023,2023,100.0,100.0,,100.0,[]
15002,2023,dqs-ipr4-1.0,turismo,2023,2023-08-01,100.0,100.0,,100.0,[]
15002,2023,dqs-ipr4-1.0,especulacion,2021,2023; parque residencial 2021,100.0,90.0,,96.25,"[""Fuente de referencia 2021; desfase de 2 a\u00f1os""]"
15002,2023,dqs-ipr4-1.0,gentrificacion,2023,2020–2023 (ventana de cambio),100.0,100.0,,100.0,[]
15005,2023,dqs-ipr4-1.0,asequibilidad,2023,2023,100.0,100.0,,100.0,[]
15005,2023,dqs-ipr4-1.0,turismo,2023,2023-08-01,100.0,100.0,,100.0,[]
15005,2023,dqs-ipr4-1.0,especulacion,2021,2023; parque residencial 2021,100.0,90.0,,96.25,"[""Fuente de referencia 2021; desfase de 2 a\u00f1os""]"
15005,2023,dqs-ipr4-1.0,gentrificacion,2023,2020–2023 (ventana de cambio),100.0,100.0,,100.0,[]
15019,2023,dqs-ipr4-1.0,asequibilidad,2023,2023,100.0,100.0,,100.0,[]
15019,2023,dqs-ipr4-1.0,turismo,2023,2023-08-01,100.0,100.0,,100.0,[]
15019,2023,dqs-ipr4-1.0,especulacion,2021,2023; parque residencial 2021,100.0,90.0,,96.25,"[""Fuente de referencia 2021; desfase de 2 a\u00f1os""]"
15019,2023,dqs-ipr4-1.0,gentrificacion,2023,2020–2023 (ventana de cambio),100.0,100.0,,100.0,[]
15030,2023,dqs-ipr4-1.0,asequibilidad,2023,2023,100.0,100.0,,100.0,[]
15030,2023,dqs-ipr4-1.0,turismo,2023,2023-08-01,100.0,100.0,,100.0,[]
15030,2023,dqs-ipr4-1.0,especulacion,2021,2023; parque residencial 2021,100.0,90.0,,96.25,"[""Fuente de referencia 2021; desfase de 2 a\u00f1os""]"
15030,2023,dqs-ipr4-1.0,gentrificacion,2023,2020–2023 (ventana de cambio),100.0,100.0,,100.0,[]
15031,2023,dqs-ipr4-1.0,asequibilidad,2023,2023,100.0,100.0,,100.0,[]
15031,2023,dqs-ipr4-1.0,turismo,2023,2023-08-01,100.0,100.0,,100.0,[]
15031,2023,dqs-ipr4-1.0,especulacion,2021,2023; parque residencial 2021,100.0,90.0,,96.25,"[""Fuente de referencia 2021; desfase de 2 a\u00f1os""]"
15031,2023,dqs-ipr4-1.0,gentrificacion,2023,2020–2023 (ventana de cambio),100.0,100.0,,100.0,[]
15036,2023,dqs-ipr4-1.0,asequibilidad,2023,2023,100.0,100.0,,100.0,[]
15036,2023,dqs-ipr4-1.0,turismo,2023,2023-08-01,100.0,100.0,,100.0,[]
15036,2023,dqs-ipr4-1.0,especulacion,2021,2023; parque residencial 2021,100.0,90.0,,96.25,"[""Fuente de referencia 2021; desfase de 2 a\u00f1os""]"
15036,2023,dqs-ipr4-1.0,gentrificacion,2023,2020–2023 (ventana de cambio),100.0,100.0,,100.0,[]
15054,2023,dqs-ipr4-1.0,asequibilidad,2023,2023,100.0,100.0,,100.0,[]
15054,2023,dqs-ipr4-1.0,turismo,2023,2023-08-01,100.0,100.0,,100.0,[]
15054,2023,dqs-ipr4-1.0,especulacion,2021,2023; parque residencial 2021,100.0,90.0,,96.25,"[""Fuente de referencia 2021; desfase de 2 a\u00f1os""]"
15054,2023,dqs-ipr4-1.0,gentrificacion,2023,2020–2023 (ventana de cambio),100.0,100.0,,100.0,[]
15058,2023,dqs-ipr4-1.0,asequibilidad,2023,2023,100.0,100.0,,100.0,[]
15058,2023,dqs-ipr4-1.0,turismo,2023,2023-08-01,100.0,100.0,,100.0,[]
15058,2023,dqs-ipr4-1.0,especulacion,2021,2023; parque residencial 2021,100.0,90.0,,96.25,"[""Fuente de referencia 2021; desfase de 2 a\u00f1os""]"
15058,2023,dqs-ipr4-1.0,gentrificacion,2023,2020–2023 (ventana de cambio),100.0,100.0,,100.0,[]
15073,2023,dqs-ipr4-1.0,asequibilidad,2023,2023,100.0,100.0,,100.0,[]
15073,2023,dqs-ipr4-1.0,turismo,2023,2023-08-01,100.0,100.0,,100.0,[]
15073,2023,dqs-ipr4-1.0,especulacion,2021,2023; parque residencial 2021,100.0,90.0,,96.25,"[""Fuente de referencia 2021; desfase de 2 a\u00f1os""]"
15073,2023,dqs-ipr4-1.0,gentrificacion,2023,2020–2023 (ventana de cambio),100.0,100.0,,100.0,[]
15078,2023,dqs-ipr4-1.0,asequibilidad,2023,2023,100.0,100.0,,100.0,[]
15078,2023,dqs-ipr4-1.0,turismo,2023,2023-08-01,100.0,100.0,,100.0,[]
15078,2023,dqs-ipr4-1.0,especulacion,2021,2023; parque residencial 2021,100.0,90.0,,96.25,"[""Fuente de referencia 2021; desfase de 2 a\u00f1os""]"
15078,2023,dqs-ipr4-1.0,gentrificacion,2023,2020–2023 (ventana de cambio),100.0,100.0,,100.0,[]
16078,2023,dqs-ipr4-1.0,asequibilidad,2023,2023,100.0,100.0,,100.0,[]
16078,2023,dqs-ipr4-1.0,turismo,2023,2023-08-01,100.0,100.0,,100.0,[]
16078,2023,dqs-ipr4-1.0,especulacion,2021,2023; parque residencial 2021,100.0,90.0,,96.25,"[""Fuente de referencia 2021; desfase de 2 a\u00f1os""]"
16078,2023,dqs-ipr4-1.0,gentrificacion,2023,2020–2023 (ventana de cambio),100.0,100.0,,100.0,[]
17023,2023,dqs-ipr4-1.0,asequibilidad,2023,2023,100.0,100.0,,100.0,[]
17023,2023,dqs-ipr4-1.0,turismo,2023,2023-08-01,100.0,100.0,,100.0,[]
17023,2023,dqs-ipr4-1.0,especulacion,2021,2023; parque residencial 2021,100.0,90.0,,96.25,"[""Fuente de referencia 2021; desfase de 2 a\u00f1os""]"
17023,2023,dqs-ipr4-1.0,gentrificacion,2023,2020–2023 (ventana de cambio),100.0,100.0,,100.0,[]
17066,2023,dqs-ipr4-1.0,asequibilidad,2023,2023,100.0,100.0,,100.0,[]
17066,2023,dqs-ipr4-1.0,turismo,2023,2023-08-01,100.0,100.0,,100.0,[]
17066,2023,dqs-ipr4-1.0,especulacion,2021,2023; parque residencial 2021,100.0,90.0,,96.25,"[""Fuente de referencia 2021; desfase de 2 a\u00f1os""]"
17066,2023,dqs-ipr4-1.0,gentrificacion,2023,2020–2023 (ventana de cambio),100.0,100.0,,100.0,[]
17079,2023,dqs-ipr4-1.0,asequibilidad,2023,2023,100.0,100.0,,100.0,[]
17079,2023,dqs-ipr4-1.0,turismo,2023,2023-08-01,100.0,100.0,,100.0,[]
17079,2023,dqs-ipr4-1.0,especulacion,2021,2023; parque residencial 2021,100.0,90.0,,96.25,"[""Fuente de referencia 2021; desfase de 2 a\u00f1os""]"
17079,2023,dqs-ipr4-1.0,gentrificacion,2023,2020–2023 (ventana de cambio),100.0,100.0,,100.0,[]
17095,2023,dqs-ipr4-1.0,asequibilidad,2023,2023,100.0,100.0,,100.0,[]
17095,2023,dqs-ipr4-1.0,turismo,2023,2023-08-01,100.0,100.0,,100.0,[]
17095,2023,dqs-ipr4-1.0,especulacion,2021,2023; parque residencial 2021,100.0,90.0,,96.25,"[""Fuente de referencia 2021; desfase de 2 a\u00f1os""]"
17095,2023,dqs-ipr4-1.0,gentrificacion,2023,2020–2023 (ventana de cambio),100.0,100.0,,100.0,[]
17114,2023,dqs-ipr4-1.0,asequibilidad,2023,2023,100.0,100.0,,100.0,[]
17114,2023,dqs-ipr4-1.0,turismo,2023,2023-08-01,100.0,100.0,,100.0,[]
17114,2023,dqs-ipr4-1.0,especulacion,2021,2023; parque residencial 2021,100.0,90.0,,96.25,"[""Fuente de referencia 2021; desfase de 2 a\u00f1os""]"
17114,2023,dqs-ipr4-1.0,gentrificacion,2023,2020–2023 (ventana de cambio),100.0,100.0,,100.0,[]
17155,2023,dqs-ipr4-1.0,asequibilidad,2023,2023,100.0,100.0,,100.0,[]
17155,2023,dqs-ipr4-1.0,turismo,2023,2023-08-01,100.0,100.0,,100.0,[]
17155,2023,dqs-ipr4-1.0,especulacion,2021,2023; parque residencial 2021,100.0,90.0,,96.25,"[""Fuente de referencia 2021; desfase de 2 a\u00f1os""]"
17155,2023,dqs-ipr4-1.0,gentrificacion,2023,2020–2023 (ventana de cambio),100.0,100.0,,100.0,[]
18017,2023,dqs-ipr4-1.0,asequibilidad,2023,2023,100.0,100.0,,100.0,[]
18017,2023,dqs-ipr4-1.0,turismo,2023,2023-08-01,100.0,100.0,,100.0,[]
18017,2023,dqs-ipr4-1.0,especulacion,2021,2023; parque residencial 2021,100.0,90.0,,96.25,"[""Fuente de referencia 2021; desfase de 2 a\u00f1os""]"
18017,2023,dqs-ipr4-1.0,gentrificacion,2023,2020–2023 (ventana de cambio),100.0,100.0,,100.0,[]
18087,2023,dqs-ipr4-1.0,asequibilidad,2023,2023,100.0,100.0,,100.0,[]
18087,2023,dqs-ipr4-1.0,turismo,2023,2023-08-01,100.0,100.0,,100.0,[]
18087,2023,dqs-ipr4-1.0,especulacion,2021,2023; parque residencial 2021,100.0,90.0,,96.25,"[""Fuente de referencia 2021; desfase de 2 a\u00f1os""]"
18087,2023,dqs-ipr4-1.0,gentrificacion,2023,2020–2023 (ventana de cambio),100.0,100.0,,100.0,[]
18140,2023,dqs-ipr4-1.0,asequibilidad,2023,2023,100.0,100.0,,100.0,[]
18140,2023,dqs-ipr4-1.0,turismo,2023,2023-08-01,100.0,100.0,,100.0,[]
18140,2023,dqs-ipr4-1.0,especulacion,2021,2023; parque residencial 2021,100.0,90.0,,96.25,"[""Fuente de referencia 2021; desfase de 2 a\u00f1os""]"
18140,2023,dqs-ipr4-1.0,gentrificacion,2023,2020–2023 (ventana de cambio),100.0,100.0,,100.0,[]
19046,2023,dqs-ipr4-1.0,asequibilidad,2023,2023,100.0,100.0,,100.0,[]
19046,2023,dqs-ipr4-1.0,turismo,2023,2023-08-01,100.0,100.0,,100.0,[]
19046,2023,dqs-ipr4-1.0,especulacion,2021,2023; parque residencial 2021,100.0,90.0,,96.25,"[""Fuente de referencia 2021; desfase de 2 a\u00f1os""]"
19046,2023,dqs-ipr4-1.0,gentrificacion,2023,2020–2023 (ventana de cambio),100.0,100.0,,100.0,[]
19130,2023,dqs-ipr4-1.0,asequibilidad,2023,2023,100.0,100.0,,100.0,[]
19130,2023,dqs-ipr4-1.0,turismo,2023,2023-08-01,100.0,100.0,,100.0,[]
19130,2023,dqs-ipr4-1.0,especulacion,2021,2023; parque residencial 2021,100.0,90.0,,96.25,"[""Fuente de referencia 2021; desfase de 2 a\u00f1os""]"
19130,2023,dqs-ipr4-1.0,gentrificacion,2023,2020–2023 (ventana de cambio),100.0,100.0,,100.0,[]
20030,2023,dqs-ipr4-1.0,asequibilidad,2023,2023,100.0,100.0,,100.0,[]
20030,2023,dqs-ipr4-1.0,turismo,2023,2023-08-01,100.0,100.0,,100.0,[]
20030,2023,dqs-ipr4-1.0,especulacion,2021,2023; parque residencial 2021,100.0,90.0,,96.25,"[""Fuente de referencia 2021; desfase de 2 a\u00f1os""]"
20030,2023,dqs-ipr4-1.0,gentrificacion,2023,2020–2023 (ventana de cambio),100.0,100.0,,100.0,[]
20045,2023,dqs-ipr4-1.0,asequibilidad,2023,2023,100.0,100.0,,100.0,[]
20045,2023,dqs-ipr4-1.0,turismo,2023,2023-08-01,100.0,100.0,,100.0,[]
20045,2023,dqs-ipr4-1.0,especulacion,2021,2023; parque residencial 2021,100.0,90.0,,96.25,"[""Fuente de referencia 2021; desfase de 2 a\u00f1os""]"
20045,2023,dqs-ipr4-1.0,gentrificacion,2023,2020–2023 (ventana de cambio),100.0,100.0,,100.0,[]
20067,2023,dqs-ipr4-1.0,asequibilidad,2023,2023,100.0,100.0,,100.0,[]
20067,2023,dqs-ipr4-1.0,turismo,2023,2023-08-01,100.0,100.0,,100.0,[]
20067,2023,dqs-ipr4-1.0,especulacion,2021,2023; parque residencial 2021,100.0,90.0,,96.25,"[""Fuente de referencia 2021; desfase de 2 a\u00f1os""]"
20067,2023,dqs-ipr4-1.0,gentrificacion,2023,2020–2023 (ventana de cambio),100.0,100.0,,100.0,[]
20069,2023,dqs-ipr4-1.0,asequibilidad,2023,2023,100.0,100.0,,100.0,[]
20069,2023,dqs-ipr4-1.0,turismo,2023,2023-08-01,100.0,100.0,,100.0,[]
20069,2023,dqs-ipr4-1.0,especulacion,2021,2023; parque residencial 2021,100.0,90.0,,96.25,"[""Fuente de referencia 2021; desfase de 2 a\u00f1os""]"
20069,2023,dqs-ipr4-1.0,gentrificacion,2023,2020–2023 (ventana de cambio),100.0,100.0,,100.0,[]
21041,2023,dqs-ipr4-1.0,asequibilidad,2023,2023,100.0,100.0,,100.0,[]
21041,2023,dqs-ipr4-1.0,turismo,2023,2023-08-01,100.0,100.0,,100.0,[]
21041,2023,dqs-ipr4-1.0,especulacion,2021,2023; parque residencial 2021,100.0,90.0,,96.25,"[""Fuente de referencia 2021; desfase de 2 a\u00f1os""]"
21041,2023,dqs-ipr4-1.0,gentrificacion,2023,2020–2023 (ventana de cambio),100.0,100.0,,100.0,[]
21044,2023,dqs-ipr4-1.0,asequibilidad,2023,2023,100.0,100.0,,100.0,[]
21044,2023,dqs-ipr4-1.0,turismo,2023,2023-08-01,100.0,100.0,,100.0,[]
21044,2023,dqs-ipr4-1.0,especulacion,2021,2023; parque residencial 2021,100.0,90.0,,96.25,"[""Fuente de referencia 2021; desfase de 2 a\u00f1os""]"
21044,2023,dqs-ipr4-1.0,gentrificacion,2023,2020–2023 (ventana de cambio),100.0,100.0,,100.0,[]
22125,2023,dqs-ipr4-1.0,asequibilidad,2023,2023,100.0,100.0,,100.0,[]
22125,2023,dqs-ipr4-1.0,turismo,2023,2023-08-01,100.0,100.0,,100.0,[]
22125,2023,dqs-ipr4-1.0,especulacion,2021,2023; parque residencial 2021,100.0,90.0,,96.25,"[""Fuente de referencia 2021; desfase de 2 a\u00f1os""]"
22125,2023,dqs-ipr4-1.0,gentrificacion,2023,2020–2023 (ventana de cambio),100.0,100.0,,100.0,[]
23005,2023,dqs-ipr4-1.0,asequibilidad,2023,2023,100.0,100.0,,100.0,[]
23005,2023,dqs-ipr4-1.0,turismo,2023,2023-08-01,100.0,100.0,,100.0,[]
23005,2023,dqs-ipr4-1.0,especulacion,2021,2023; parque residencial 2021,100.0,90.0,,96.25,"[""Fuente de referencia 2021; desfase de 2 a\u00f1os""]"
23005,2023,dqs-ipr4-1.0,gentrificacion,2023,2020–2023 (ventana de cambio),100.0,100.0,,100.0,[]
23050,2023,dqs-ipr4-1.0,asequibilidad,2023,2023,100.0,100.0,,100.0,[]
23050,2023,dqs-ipr4-1.0,turismo,2023,2023-08-01,100.0,100.0,,100.0,[]
23050,2023,dqs-ipr4-1.0,especulacion,2021,2023; parque residencial 2021,100.0,90.0,,96.25,"[""Fuente de referencia 2021; desfase de 2 a\u00f1os""]"
23050,2023,dqs-ipr4-1.0,gentrificacion,2023,2020–2023 (ventana de cambio),100.0,100.0,,100.0,[]
23055,2023,dqs-ipr4-1.0,asequibilidad,2023,2023,100.0,100.0,,100.0,[]
23055,2023,dqs-ipr4-1.0,turismo,2023,2023-08-01,100.0,100.0,,100.0,[]
23055,2023,dqs-ipr4-1.0,especulacion,2021,2023; parque residencial 2021,100.0,90.0,,96.25,"[""Fuente de referencia 2021; desfase de 2 a\u00f1os""]"
23055,2023,dqs-ipr4-1.0,gentrificacion,2023,2020–2023 (ventana de cambio),100.0,100.0,,100.0,[]
23092,2023,dqs-ipr4-1.0,asequibilidad,2023,2023,100.0,100.0,,100.0,[]
23092,2023,dqs-ipr4-1.0,turismo,2023,2023-08-01,100.0,100.0,,100.0,[]
23092,2023,dqs-ipr4-1.0,especulacion,2021,2023; parque residencial 2021,100.0,90.0,,96.25,"[""Fuente de referencia 2021; desfase de 2 a\u00f1os""]"
23092,2023,dqs-ipr4-1.0,gentrificacion,2023,2020–2023 (ventana de cambio),100.0,100.0,,100.0,[]
24089,2023,dqs-ipr4-1.0,asequibilidad,2023,2023,100.0,100.0,,100.0,[]
24089,2023,dqs-ipr4-1.0,turismo,2023,2023-08-01,100.0,100.0,,100.0,[]
24089,2023,dqs-ipr4-1.0,especulacion,2021,2023; parque residencial 2021,100.0,90.0,,96.25,"[""Fuente de referencia 2021; desfase de 2 a\u00f1os""]"
24089,2023,dqs-ipr4-1.0,gentrificacion,2023,2020–2023 (ventana de cambio),100.0,100.0,,100.0,[]
24115,2023,dqs-ipr4-1.0,asequibilidad,2023,2023,100.0,100.0,,100.0,[]
24115,2023,dqs-ipr4-1.0,turismo,2023,2023-08-01,100.0,100.0,,100.0,[]
24115,2023,dqs-ipr4-1.0,especulacion,2021,2023; parque residencial 2021,100.0,90.0,,96.25,"[""Fuente de referencia 2021; desfase de 2 a\u00f1os""]"
24115,2023,dqs-ipr4-1.0,gentrificacion,2023,2020–2023 (ventana de cambio),100.0,100.0,,100.0,[]
24142,2023,dqs-ipr4-1.0,asequibilidad,2023,2023,100.0,100.0,,100.0,[]
24142,2023,dqs-ipr4-1.0,turismo,2023,2023-08-01,100.0,100.0,,100.0,[]
24142,2023,dqs-ipr4-1.0,especulacion,2021,2023; parque residencial 2021,100.0,90.0,,96.25,"[""Fuente de referencia 2021; desfase de 2 a\u00f1os""]"
24142,2023,dqs-ipr4-1.0,gentrificacion,2023,2020–2023 (ventana de cambio),100.0,100.0,,100.0,[]
25120,2023,dqs-ipr4-1.0,asequibilidad,2023,2023,100.0,100.0,,100.0,[]
25120,2023,dqs-ipr4-1.0,turismo,2023,2023-08-01,100.0,100.0,,100.0,[]
25120,2023,dqs-ipr4-1.0,especulacion,2021,2023; parque residencial 2021,100.0,90.0,,96.25,"[""Fuente de referencia 2021; desfase de 2 a\u00f1os""]"
25120,2023,dqs-ipr4-1.0,gentrificacion,2023,2020–2023 (ventana de cambio),100.0,100.0,,100.0,[]
26089,2023,dqs-ipr4-1.0,asequibilidad,2023,2023,100.0,100.0,,100.0,[]
26089,2023,dqs-ipr4-1.0,turismo,2023,2023-08-01,100.0,100.0,,100.0,[]
26089,2023,dqs-ipr4-1.0,especulacion,2021,2023; parque residencial 2021,100.0,90.0,,96.25,"[""Fuente de referencia 2021; desfase de 2 a\u00f1os""]"
26089,2023,dqs-ipr4-1.0,gentrificacion,2023,2020–2023 (ventana de cambio),100.0,100.0,,100.0,[]
27028,2023,dqs-ipr4-1.0,asequibilidad,2023,2023,100.0,100.0,,100.0,[]
27028,2023,dqs-ipr4-1.0,turismo,2023,2023-08-01,100.0,100.0,,100.0,[]
27028,2023,dqs-ipr4-1.0,especulacion,2021,2023; parque residencial 2021,100.0,90.0,,96.25,"[""Fuente de referencia 2021; desfase de 2 a\u00f1os""]"
27028,2023,dqs-ipr4-1.0,gentrificacion,2023,2020–2023 (ventana de cambio),100.0,100.0,,100.0,[]
28005,2023,dqs-ipr4-1.0,asequibilidad,2023,2023,100.0,100.0,,100.0,[]
28005,2023,dqs-ipr4-1.0,turismo,2023,2023-08-01,100.0,100.0,,100.0,[]
28005,2023,dqs-ipr4-1.0,especulacion,2021,2023; parque residencial 2021,100.0,90.0,,96.25,"[""Fuente de referencia 2021; desfase de 2 a\u00f1os""]"
28005,2023,dqs-ipr4-1.0,gentrificacion,2023,2020–2023 (ventana de cambio),100.0,100.0,,100.0,[]
28006,2023,dqs-ipr4-1.0,asequibilidad,2023,2023,100.0,100.0,,100.0,[]
28006,2023,dqs-ipr4-1.0,turismo,2023,2023-08-01,100.0,100.0,,100.0,[]
28006,2023,dqs-ipr4-1.0,especulacion,2021,2023; parque residencial 2021,100.0,90.0,,96.25,"[""Fuente de referencia 2021; desfase de 2 a\u00f1os""]"
28006,2023,dqs-ipr4-1.0,gentrificacion,2023,2020–2023 (ventana de cambio),100.0,100.0,,100.0,[]
28007,2023,dqs-ipr4-1.0,asequibilidad,2023,2023,100.0,100.0,,100.0,[]
28007,2023,dqs-ipr4-1.0,turismo,2023,2023-08-01,100.0,100.0,,100.0,[]
28007,2023,dqs-ipr4-1.0,especulacion,2021,2023; parque residencial 2021,100.0,90.0,,96.25,"[""Fuente de referencia 2021; desfase de 2 a\u00f1os""]"
28007,2023,dqs-ipr4-1.0,gentrificacion,2023,2020–2023 (ventana de cambio),100.0,100.0,,100.0,[]
28013,2023,dqs-ipr4-1.0,asequibilidad,2023,2023,100.0,100.0,,100.0,[]
28013,2023,dqs-ipr4-1.0,turismo,2023,2023-08-01,100.0,100.0,,100.0,[]
28013,2023,dqs-ipr4-1.0,especulacion,2021,2023; parque residencial 2021,100.0,90.0,,96.25,"[""Fuente de referencia 2021; desfase de 2 a\u00f1os""]"
28013,2023,dqs-ipr4-1.0,gentrificacion,2023,2020–2023 (ventana de cambio),100.0,100.0,,100.0,[]
28014,2023,dqs-ipr4-1.0,asequibilidad,2023,2023,100.0,100.0,,100.0,[]
28014,2023,dqs-ipr4-1.0,turismo,2023,2023-08-01,100.0,100.0,,100.0,[]
28014,2023,dqs-ipr4-1.0,especulacion,2021,2023; parque residencial 2021,100.0,90.0,,96.25,"[""Fuente de referencia 2021; desfase de 2 a\u00f1os""]"
28014,2023,dqs-ipr4-1.0,gentrificacion,2023,2020–2023 (ventana de cambio),100.0,100.0,,100.0,[]
28022,2023,dqs-ipr4-1.0,asequibilidad,2023,2023,100.0,100.0,,100.0,[]
28022,2023,dqs-ipr4-1.0,turismo,2023,2023-08-01,100.0,100.0,,100.0,[]
28022,2023,dqs-ipr4-1.0,especulacion,2021,2023; parque residencial 2021,100.0,90.0,,96.25,"[""Fuente de referencia 2021; desfase de 2 a\u00f1os""]"
28022,2023,dqs-ipr4-1.0,gentrificacion,2023,2020–2023 (ventana de cambio),100.0,100.0,,100.0,[]
28045,2023,dqs-ipr4-1.0,asequibilidad,2023,2023,100.0,100.0,,100.0,[]
28045,2023,dqs-ipr4-1.0,turismo,2023,2023-08-01,100.0,100.0,,100.0,[]
28045,2023,dqs-ipr4-1.0,especulacion,2021,2023; parque residencial 2021,100.0,90.0,,96.25,"[""Fuente de referencia 2021; desfase de 2 a\u00f1os""]"
28045,2023,dqs-ipr4-1.0,gentrificacion,2023,2020–2023 (ventana de cambio),100.0,100.0,,100.0,[]
28047,2023,dqs-ipr4-1.0,asequibilidad,2023,2023,100.0,100.0,,100.0,[]
28047,2023,dqs-ipr4-1.0,turismo,2023,2023-08-01,100.0,100.0,,100.0,[]
28047,2023,dqs-ipr4-1.0,especulacion,2021,2023; parque residencial 2021,100.0,90.0,,96.25,"[""Fuente de referencia 2021; desfase de 2 a\u00f1os""]"
28047,2023,dqs-ipr4-1.0,gentrificacion,2023,2020–2023 (ventana de cambio),100.0,100.0,,100.0,[]
28049,2023,dqs-ipr4-1.0,asequibilidad,2023,2023,100.0,100.0,,100.0,[]
28049,2023,dqs-ipr4-1.0,turismo,2023,2023-08-01,100.0,100.0,,100.0,[]
28049,2023,dqs-ipr4-1.0,especulacion,2021,2023; parque residencial 2021,100.0,90.0,,96.25,"[""Fuente de referencia 2021; desfase de 2 a\u00f1os""]"
28049,2023,dqs-ipr4-1.0,gentrificacion,2023,2020–2023 (ventana de cambio),100.0,100.0,,100.0,[]
28058,2023,dqs-ipr4-1.0,asequibilidad,2023,2023,100.0,100.0,,100.0,[]
28058,2023,dqs-ipr4-1.0,turismo,2023,2023-08-01,100.0,100.0,,100.0,[]
28058,2023,dqs-ipr4-1.0,especulacion,2021,2023; parque residencial 2021,100.0,90.0,,96.25,"[""Fuente de referencia 2021; desfase de 2 a\u00f1os""]"
28058,2023,dqs-ipr4-1.0,gentrificacion,2023,2020–2023 (ventana de cambio),100.0,100.0,,100.0,[]
28061,2023,dqs-ipr4-1.0,asequibilidad,2023,2023,100.0,100.0,,100.0,[]
28061,2023,dqs-ipr4-1.0,turismo,2023,2023-08-01,100.0,100.0,,100.0,[]
28061,2023,dqs-ipr4-1.0,especulacion,2021,2023; parque residencial 2021,100.0,90.0,,96.25,"[""Fuente de referencia 2021; desfase de 2 a\u00f1os""]"
28061,2023,dqs-ipr4-1.0,gentrificacion,2023,2020–2023 (ventana de cambio),100.0,100.0,,100.0,[]
28065,2023,dqs-ipr4-1.0,asequibilidad,2023,2023,100.0,100.0,,100.0,[]
28065,2023,dqs-ipr4-1.0,turismo,2023,2023-08-01,100.0,100.0,,100.0,[]
28065,2023,dqs-ipr4-1.0,especulacion,2021,2023; parque residencial 2021,100.0,90.0,,96.25,"[""Fuente de referencia 2021; desfase de 2 a\u00f1os""]"
28065,2023,dqs-ipr4-1.0,gentrificacion,2023,2020–2023 (ventana de cambio),100.0,100.0,,100.0,[]
28074,2023,dqs-ipr4-1.0,asequibilidad,2023,2023,100.0,100.0,,100.0,[]
28074,2023,dqs-ipr4-1.0,turismo,2023,2023-08-01,100.0,100.0,,100.0,[]
28074,2023,dqs-ipr4-1.0,especulacion,2021,2023; parque residencial 2021,100.0,90.0,,96.25,"[""Fuente de referencia 2021; desfase de 2 a\u00f1os""]"
28074,2023,dqs-ipr4-1.0,gentrificacion,2023,2020–2023 (ventana de cambio),100.0,100.0,,100.0,[]
28079,2023,dqs-ipr4-1.0,asequibilidad,2023,2023,100.0,100.0,,100.0,[]
28079,2023,dqs-ipr4-1.0,turismo,2023,2023-08-01,100.0,100.0,,100.0,[]
28079,2023,dqs-ipr4-1.0,especulacion,2021,2023; parque residencial 2021,100.0,90.0,,96.25,"[""Fuente de referencia 2021; desfase de 2 a\u00f1os""]"
28079,2023,dqs-ipr4-1.0,gentrificacion,2023,2020–2023 (ventana de cambio),100.0,100.0,,100.0,[]
28080,2023,dqs-ipr4-1.0,asequibilidad,2023,2023,100.0,100.0,,100.0,[]
28080,2023,dqs-ipr4-1.0,turismo,2023,2023-08-01,100.0,100.0,,100.0,[]
28080,2023,dqs-ipr4-1.0,especulacion,2021,2023; parque residencial 2021,100.0,90.0,,96.25,"[""Fuente de referencia 2021; desfase de 2 a\u00f1os""]"
28080,2023,dqs-ipr4-1.0,gentrificacion,2023,2020–2023 (ventana de cambio),100.0,100.0,,100.0,[]
28092,2023,dqs-ipr4-1.0,asequibilidad,2023,2023,100.0,100.0,,100.0,[]
28092,2023,dqs-ipr4-1.0,turismo,2023,2023-08-01,100.0,100.0,,100.0,[]
28092,2023,dqs-ipr4-1.0,especulacion,2021,2023; parque residencial 2021,100.0,90.0,,96.25,"[""Fuente de referencia 2021; desfase de 2 a\u00f1os""]"
28092,2023,dqs-ipr4-1.0,gentrificacion,2023,2020–2023 (ventana de cambio),100.0,100.0,,100.0,[]
28096,2023,dqs-ipr4-1.0,asequibilidad,2023,2023,100.0,100.0,,100.0,[]
28096,2023,dqs-ipr4-1.0,turismo,2023,2023-08-01,100.0,100.0,,100.0,[]
28096,2023,dqs-ipr4-1.0,especulacion,2021,2023; parque residencial 2021,100.0,90.0,,96.25,"[""Fuente de referencia 2021; desfase de 2 a\u00f1os""]"
28096,2023,dqs-ipr4-1.0,gentrificacion,2023,2020–2023 (ventana de cambio),100.0,100.0,,100.0,[]
28106,2023,dqs-ipr4-1.0,asequibilidad,2023,2023,100.0,100.0,,100.0,[]
28106,2023,dqs-ipr4-1.0,turismo,2023,2023-08-01,100.0,100.0,,100.0,[]
28106,2023,dqs-ipr4-1.0,especulacion,2021,2023; parque residencial 2021,100.0,90.0,,96.25,"[""Fuente de referencia 2021; desfase de 2 a\u00f1os""]"
28106,2023,dqs-ipr4-1.0,gentrificacion,2023,2020–2023 (ventana de cambio),100.0,100.0,,100.0,[]
28113,2023,dqs-ipr4-1.0,asequibilidad,2023,2023,100.0,100.0,,100.0,[]
28113,2023,dqs-ipr4-1.0,turismo,2023,2023-08-01,100.0,100.0,,100.0,[]
28113,2023,dqs-ipr4-1.0,especulacion,2021,2023; parque residencial 2021,100.0,90.0,,96.25,"[""Fuente de referencia 2021; desfase de 2 a\u00f1os""]"
28113,2023,dqs-ipr4-1.0,gentrificacion,2023,2020–2023 (ventana de cambio),100.0,100.0,,100.0,[]
28115,2023,dqs-ipr4-1.0,asequibilidad,2023,2023,100.0,100.0,,100.0,[]
28115,2023,dqs-ipr4-1.0,turismo,2023,2023-08-01,100.0,100.0,,100.0,[]
28115,2023,dqs-ipr4-1.0,especulacion,2021,2023; parque residencial 2021,100.0,90.0,,96.25,"[""Fuente de referencia 2021; desfase de 2 a\u00f1os""]"
28115,2023,dqs-ipr4-1.0,gentrificacion,2023,2020–2023 (ventana de cambio),100.0,100.0,,100.0,[]
28123,2023,dqs-ipr4-1.0,asequibilidad,2023,2023,100.0,100.0,,100.0,[]
28123,2023,dqs-ipr4-1.0,turismo,2023,2023-08-01,100.0,100.0,,100.0,[]
28123,2023,dqs-ipr4-1.0,especulacion,2021,2023; parque residencial 2021,100.0,90.0,,96.25,"[""Fuente de referencia 2021; desfase de 2 a\u00f1os""]"
28123,2023,dqs-ipr4-1.0,gentrificacion,2023,2020–2023 (ventana de cambio),100.0,100.0,,100.0,[]
28127,2023,dqs-ipr4-1.0,asequibilidad,2023,2023,100.0,100.0,,100.0,[]
28127,2023,dqs-ipr4-1.0,turismo,2023,2023-08-01,100.0,100.0,,100.0,[]
28127,2023,dqs-ipr4-1.0,especulacion,2021,2023; parque residencial 2021,100.0,90.0,,96.25,"[""Fuente de referencia 2021; desfase de 2 a\u00f1os""]"
28127,2023,dqs-ipr4-1.0,gentrificacion,2023,2020–2023 (ventana de cambio),100.0,100.0,,100.0,[]
28130,2023,dqs-ipr4-1.0,asequibilidad,2023,2023,100.0,100.0,,100.0,[]
28130,2023,dqs-ipr4-1.0,turismo,2023,2023-08-01,100.0,100.0,,100.0,[]
28130,2023,dqs-ipr4-1.0,especulacion,2021,2023; parque residencial 2021,100.0,90.0,,96.25,"[""Fuente de referencia 2021; desfase de 2 a\u00f1os""]"
28130,2023,dqs-ipr4-1.0,gentrificacion,2023,2020–2023 (ventana de cambio),100.0,100.0,,100.0,[]
28134,2023,dqs-ipr4-1.0,asequibilidad,2023,2023,100.0,100.0,,100.0,[]
28134,2023,dqs-ipr4-1.0,turismo,2023,2023-08-01,100.0,100.0,,100.0,[]
28134,2023,dqs-ipr4-1.0,especulacion,2021,2023; parque residencial 2021,100.0,90.0,,96.25,"[""Fuente de referencia 2021; desfase de 2 a\u00f1os""]"
28134,2023,dqs-ipr4-1.0,gentrificacion,2023,2020–2023 (ventana de cambio),100.0,100.0,,100.0,[]
28148,2023,dqs-ipr4-1.0,asequibilidad,2023,2023,100.0,100.0,,100.0,[]
28148,2023,dqs-ipr4-1.0,turismo,2023,2023-08-01,100.0,100.0,,100.0,[]
28148,2023,dqs-ipr4-1.0,especulacion,2021,2023; parque residencial 2021,100.0,90.0,,96.25,"[""Fuente de referencia 2021; desfase de 2 a\u00f1os""]"
28148,2023,dqs-ipr4-1.0,gentrificacion,2023,2020–2023 (ventana de cambio),100.0,100.0,,100.0,[]
28161,2023,dqs-ipr4-1.0,asequibilidad,2023,2023,100.0,100.0,,100.0,[]
28161,2023,dqs-ipr4-1.0,turismo,2023,2023-08-01,100.0,100.0,,100.0,[]
28161,2023,dqs-ipr4-1.0,especulacion,2021,2023; parque residencial 2021,100.0,90.0,,96.25,"[""Fuente de referencia 2021; desfase de 2 a\u00f1os""]"
28161,2023,dqs-ipr4-1.0,gentrificacion,2023,2020–2023 (ventana de cambio),100.0,100.0,,100.0,[]
28181,2023,dqs-ipr4-1.0,asequibilidad,2023,2023,100.0,100.0,,100.0,[]
28181,2023,dqs-ipr4-1.0,turismo,2023,2023-08-01,100.0,100.0,,100.0,[]
28181,2023,dqs-ipr4-1.0,especulacion,2021,2023; parque residencial 2021,100.0,90.0,,96.25,"[""Fuente de referencia 2021; desfase de 2 a\u00f1os""]"
28181,2023,dqs-ipr4-1.0,gentrificacion,2023,2020–2023 (ventana de cambio),100.0,100.0,,100.0,[]
28903,2023,dqs-ipr4-1.0,asequibilidad,2023,2023,100.0,100.0,,100.0,[]
28903,2023,dqs-ipr4-1.0,turismo,2023,2023-08-01,100.0,100.0,,100.0,[]
28903,2023,dqs-ipr4-1.0,especulacion,2021,2023; parque residencial 2021,100.0,90.0,,96.25,"[""Fuente de referencia 2021; desfase de 2 a\u00f1os""]"
28903,2023,dqs-ipr4-1.0,gentrificacion,2023,2020–2023 (ventana de cambio),100.0,100.0,,100.0,[]
29007,2023,dqs-ipr4-1.0,asequibilidad,2023,2023,100.0,100.0,,100.0,[]
29007,2023,dqs-ipr4-1.0,turismo,2023,2023-08-01,100.0,100.0,,100.0,[]
29007,2023,dqs-ipr4-1.0,especulacion,2021,2023; parque residencial 2021,100.0,90.0,,96.25,"[""Fuente de referencia 2021; desfase de 2 a\u00f1os""]"
29007,2023,dqs-ipr4-1.0,gentrificacion,2023,2020–2023 (ventana de cambio),100.0,100.0,,100.0,[]
29015,2023,dqs-ipr4-1.0,asequibilidad,2023,2023,100.0,100.0,,100.0,[]
29015,2023,dqs-ipr4-1.0,turismo,2023,2023-08-01,100.0,100.0,,100.0,[]
29015,2023,dqs-ipr4-1.0,especulacion,2021,2023; parque residencial 2021,100.0,90.0,,96.25,"[""Fuente de referencia 2021; desfase de 2 a\u00f1os""]"
29015,2023,dqs-ipr4-1.0,gentrificacion,2023,2020–2023 (ventana de cambio),100.0,100.0,,100.0,[]
29025,2023,dqs-ipr4-1.0,asequibilidad,2023,2023,100.0,100.0,,100.0,[]
29025,2023,dqs-ipr4-1.0,turismo,2023,2023-08-01,100.0,100.0,,100.0,[]
29025,2023,dqs-ipr4-1.0,especulacion,2021,2023; parque residencial 2021,100.0,90.0,,96.25,"[""Fuente de referencia 2021; desfase de 2 a\u00f1os""]"
29025,2023,dqs-ipr4-1.0,gentrificacion,2023,2020–2023 (ventana de cambio),100.0,100.0,,100.0,[]
29051,2023,dqs-ipr4-1.0,asequibilidad,2023,2023,100.0,100.0,,100.0,[]
29051,2023,dqs-ipr4-1.0,turismo,2023,2023-08-01,100.0,100.0,,100.0,[]
29051,2023,dqs-ipr4-1.0,especulacion,2021,2023; parque residencial 2021,100.0,90.0,,96.25,"[""Fuente de referencia 2021; desfase de 2 a\u00f1os""]"
29051,2023,dqs-ipr4-1.0,gentrificacion,2023,2020–2023 (ventana de cambio),100.0,100.0,,100.0,[]
29054,2023,dqs-ipr4-1.0,asequibilidad,2023,2023,100.0,100.0,,100.0,[]
29054,2023,dqs-ipr4-1.0,turismo,2023,2023-08-01,100.0,100.0,,100.0,[]
29054,2023,dqs-ipr4-1.0,especulacion,2021,2023; parque residencial 2021,100.0,90.0,,96.25,"[""Fuente de referencia 2021; desfase de 2 a\u00f1os""]"
29054,2023,dqs-ipr4-1.0,gentrificacion,2023,2020–2023 (ventana de cambio),100.0,100.0,,100.0,[]
29067,2023,dqs-ipr4-1.0,asequibilidad,2023,2023,100.0,100.0,,100.0,[]
29067,2023,dqs-ipr4-1.0,turismo,2023,2023-08-01,100.0,100.0,,100.0,[]
29067,2023,dqs-ipr4-1.0,especulacion,2021,2023; parque residencial 2021,100.0,90.0,,96.25,"[""Fuente de referencia 2021; desfase de 2 a\u00f1os""]"
29067,2023,dqs-ipr4-1.0,gentrificacion,2023,2020–2023 (ventana de cambio),100.0,100.0,,100.0,[]
29069,2023,dqs-ipr4-1.0,asequibilidad,2023,2023,100.0,100.0,,100.0,[]
29069,2023,dqs-ipr4-1.0,turismo,2023,2023-08-01,100.0,100.0,,100.0,[]
29069,2023,dqs-ipr4-1.0,especulacion,2021,2023; parque residencial 2021,100.0,90.0,,96.25,"[""Fuente de referencia 2021; desfase de 2 a\u00f1os""]"
29069,2023,dqs-ipr4-1.0,gentrificacion,2023,2020–2023 (ventana de cambio),100.0,100.0,,100.0,[]
29070,2023,dqs-ipr4-1.0,asequibilidad,2023,2023,100.0,100.0,,100.0,[]
29070,2023,dqs-ipr4-1.0,turismo,2023,2023-08-01,100.0,100.0,,100.0,[]
29070,2023,dqs-ipr4-1.0,especulacion,2021,2023; parque residencial 2021,100.0,90.0,,96.25,"[""Fuente de referencia 2021; desfase de 2 a\u00f1os""]"
29070,2023,dqs-ipr4-1.0,gentrificacion,2023,2020–2023 (ventana de cambio),100.0,100.0,,100.0,[]
29082,2023,dqs-ipr4-1.0,asequibilidad,2023,2023,100.0,100.0,,100.0,[]
29082,2023,dqs-ipr4-1.0,turismo,2023,2023-08-01,100.0,100.0,,100.0,[]
29082,2023,dqs-ipr4-1.0,especulacion,2021,2023; parque residencial 2021,100.0,90.0,,96.25,"[""Fuente de referencia 2021; desfase de 2 a\u00f1os""]"
29082,2023,dqs-ipr4-1.0,gentrificacion,2023,2020–2023 (ventana de cambio),100.0,100.0,,100.0,[]
29084,2023,dqs-ipr4-1.0,asequibilidad,2023,2023,100.0,100.0,,100.0,[]
29084,2023,dqs-ipr4-1.0,turismo,2023,2023-08-01,100.0,100.0,,100.0,[]
29084,2023,dqs-ipr4-1.0,especulacion,2021,2023; parque residencial 2021,100.0,90.0,,96.25,"[""Fuente de referencia 2021; desfase de 2 a\u00f1os""]"
29084,2023,dqs-ipr4-1.0,gentrificacion,2023,2020–2023 (ventana de cambio),100.0,100.0,,100.0,[]
29094,2023,dqs-ipr4-1.0,asequibilidad,2023,2023,100.0,100.0,,100.0,[]
29094,2023,dqs-ipr4-1.0,turismo,2023,2023-08-01,100.0,100.0,,100.0,[]
29094,2023,dqs-ipr4-1.0,especulacion,2021,2023; parque residencial 2021,100.0,90.0,,96.25,"[""Fuente de referencia 2021; desfase de 2 a\u00f1os""]"
29094,2023,dqs-ipr4-1.0,gentrificacion,2023,2020–2023 (ventana de cambio),100.0,100.0,,100.0,[]
29901,2023,dqs-ipr4-1.0,asequibilidad,2023,2023,100.0,100.0,,100.0,[]
29901,2023,dqs-ipr4-1.0,turismo,2023,2023-08-01,100.0,100.0,,100.0,[]
29901,2023,dqs-ipr4-1.0,especulacion,2021,2023; parque residencial 2021,100.0,90.0,,96.25,"[""Fuente de referencia 2021; desfase de 2 a\u00f1os""]"
29901,2023,dqs-ipr4-1.0,gentrificacion,2023,2020–2023 (ventana de cambio),100.0,100.0,,100.0,[]
30003,2023,dqs-ipr4-1.0,asequibilidad,2023,2023,100.0,100.0,,100.0,[]
30003,2023,dqs-ipr4-1.0,turismo,2023,2023-08-01,100.0,100.0,,100.0,[]
30003,2023,dqs-ipr4-1.0,especulacion,2021,2023; parque residencial 2021,100.0,90.0,,96.25,"[""Fuente de referencia 2021; desfase de 2 a\u00f1os""]"
30003,2023,dqs-ipr4-1.0,gentrificacion,2023,2020–2023 (ventana de cambio),100.0,100.0,,100.0,[]
30005,2023,dqs-ipr4-1.0,asequibilidad,2023,2023,100.0,100.0,,100.0,[]
30005,2023,dqs-ipr4-1.0,turismo,2023,2023-08-01,100.0,100.0,,100.0,[]
30005,2023,dqs-ipr4-1.0,especulacion,2021,2023; parque residencial 2021,100.0,90.0,,96.25,"[""Fuente de referencia 2021; desfase de 2 a\u00f1os""]"
30005,2023,dqs-ipr4-1.0,gentrificacion,2023,2020–2023 (ventana de cambio),100.0,100.0,,100.0,[]
30015,2023,dqs-ipr4-1.0,asequibilidad,2023,2023,100.0,100.0,,100.0,[]
30015,2023,dqs-ipr4-1.0,turismo,2023,2023-08-01,100.0,100.0,,100.0,[]
30015,2023,dqs-ipr4-1.0,especulacion,2021,2023; parque residencial 2021,100.0,90.0,,96.25,"[""Fuente de referencia 2021; desfase de 2 a\u00f1os""]"
30015,2023,dqs-ipr4-1.0,gentrificacion,2023,2020–2023 (ventana de cambio),100.0,100.0,,100.0,[]
30016,2023,dqs-ipr4-1.0,asequibilidad,2023,2023,100.0,100.0,,100.0,[]
30016,2023,dqs-ipr4-1.0,turismo,2023,2023-08-01,100.0,100.0,,100.0,[]
30016,2023,dqs-ipr4-1.0,especulacion,2021,2023; parque residencial 2021,100.0,90.0,,96.25,"[""Fuente de referencia 2021; desfase de 2 a\u00f1os""]"
30016,2023,dqs-ipr4-1.0,gentrificacion,2023,2020–2023 (ventana de cambio),100.0,100.0,,100.0,[]
30019,2023,dqs-ipr4-1.0,asequibilidad,2023,2023,100.0,100.0,,100.0,[]
30019,2023,dqs-ipr4-1.0,turismo,2023,2023-08-01,100.0,100.0,,100.0,[]
30019,2023,dqs-ipr4-1.0,especulacion,2021,2023; parque residencial 2021,100.0,90.0,,96.25,"[""Fuente de referencia 2021; desfase de 2 a\u00f1os""]"
30019,2023,dqs-ipr4-1.0,gentrificacion,2023,2020–2023 (ventana de cambio),100.0,100.0,,100.0,[]
30022,2023,dqs-ipr4-1.0,asequibilidad,2023,2023,100.0,100.0,,100.0,[]
30022,2023,dqs-ipr4-1.0,turismo,2023,2023-08-01,100.0,100.0,,100.0,[]
30022,2023,dqs-ipr4-1.0,especulacion,2021,2023; parque residencial 2021,100.0,90.0,,96.25,"[""Fuente de referencia 2021; desfase de 2 a\u00f1os""]"
30022,2023,dqs-ipr4-1.0,gentrificacion,2023,2020–2023 (ventana de cambio),100.0,100.0,,100.0,[]
30024,2023,dqs-ipr4-1.0,asequibilidad,2023,2023,100.0,100.0,,100.0,[]
30024,2023,dqs-ipr4-1.0,turismo,2023,2023-08-01,100.0,100.0,,100.0,[]
30024,2023,dqs-ipr4-1.0,especulacion,2021,2023; parque residencial 2021,100.0,90.0,,96.25,"[""Fuente de referencia 2021; desfase de 2 a\u00f1os""]"
30024,2023,dqs-ipr4-1.0,gentrificacion,2023,2020–2023 (ventana de cambio),100.0,100.0,,100.0,[]
30026,2023,dqs-ipr4-1.0,asequibilidad,2023,2023,100.0,100.0,,100.0,[]
30026,2023,dqs-ipr4-1.0,turismo,2023,2023-08-01,100.0,100.0,,100.0,[]
30026,2023,dqs-ipr4-1.0,especulacion,2021,2023; parque residencial 2021,100.0,90.0,,96.25,"[""Fuente de referencia 2021; desfase de 2 a\u00f1os""]"
30026,2023,dqs-ipr4-1.0,gentrificacion,2023,2020–2023 (ventana de cambio),100.0,100.0,,100.0,[]
30027,2023,dqs-ipr4-1.0,asequibilidad,2023,2023,100.0,100.0,,100.0,[]
30027,2023,dqs-ipr4-1.0,turismo,2023,2023-08-01,100.0,100.0,,100.0,[]
30027,2023,dqs-ipr4-1.0,especulacion,2021,2023; parque residencial 2021,100.0,90.0,,96.25,"[""Fuente de referencia 2021; desfase de 2 a\u00f1os""]"
30027,2023,dqs-ipr4-1.0,gentrificacion,2023,2020–2023 (ventana de cambio),100.0,100.0,,100.0,[]
30030,2023,dqs-ipr4-1.0,asequibilidad,2023,2023,100.0,100.0,,100.0,[]
30030,2023,dqs-ipr4-1.0,turismo,2023,2023-08-01,100.0,100.0,,100.0,[]
30030,2023,dqs-ipr4-1.0,especulacion,2021,2023; parque residencial 2021,100.0,90.0,,96.25,"[""Fuente de referencia 2021; desfase de 2 a\u00f1os""]"
30030,2023,dqs-ipr4-1.0,gentrificacion,2023,2020–2023 (ventana de cambio),100.0,100.0,,100.0,[]
30035,2023,dqs-ipr4-1.0,asequibilidad,2023,2023,100.0,100.0,,100.0,[]
30035,2023,dqs-ipr4-1.0,turismo,2023,2023-08-01,100.0,100.0,,100.0,[]
30035,2023,dqs-ipr4-1.0,especulacion,2021,2023; parque residencial 2021,100.0,90.0,,96.25,"[""Fuente de referencia 2021; desfase de 2 a\u00f1os""]"
30035,2023,dqs-ipr4-1.0,gentrificacion,2023,2020–2023 (ventana de cambio),100.0,100.0,,100.0,[]
30037,2023,dqs-ipr4-1.0,asequibilidad,2023,2023,100.0,100.0,,100.0,[]
30037,2023,dqs-ipr4-1.0,turismo,2023,2023-08-01,100.0,100.0,,100.0,[]
30037,2023,dqs-ipr4-1.0,especulacion,2021,2023; parque residencial 2021,100.0,90.0,,96.25,"[""Fuente de referencia 2021; desfase de 2 a\u00f1os""]"
30037,2023,dqs-ipr4-1.0,gentrificacion,2023,2020–2023 (ventana de cambio),100.0,100.0,,100.0,[]
30039,2023,dqs-ipr4-1.0,asequibilidad,2023,2023,100.0,100.0,,100.0,[]
30039,2023,dqs-ipr4-1.0,turismo,2023,2023-08-01,100.0,100.0,,100.0,[]
30039,2023,dqs-ipr4-1.0,especulacion,2021,2023; parque residencial 2021,100.0,90.0,,96.25,"[""Fuente de referencia 2021; desfase de 2 a\u00f1os""]"
30039,2023,dqs-ipr4-1.0,gentrificacion,2023,2020–2023 (ventana de cambio),100.0,100.0,,100.0,[]
30043,2023,dqs-ipr4-1.0,asequibilidad,2023,2023,100.0,100.0,,100.0,[]
30043,2023,dqs-ipr4-1.0,turismo,2023,2023-08-01,100.0,100.0,,100.0,[]
30043,2023,dqs-ipr4-1.0,especulacion,2021,2023; parque residencial 2021,100.0,90.0,,96.25,"[""Fuente de referencia 2021; desfase de 2 a\u00f1os""]"
30043,2023,dqs-ipr4-1.0,gentrificacion,2023,2020–2023 (ventana de cambio),100.0,100.0,,100.0,[]
31201,2023,dqs-ipr4-1.0,asequibilidad,2023,2023,100.0,100.0,,100.0,[]
31201,2023,dqs-ipr4-1.0,turismo,2023,2023-08-01,100.0,100.0,,100.0,[]
31201,2023,dqs-ipr4-1.0,especulacion,2021,2023; parque residencial 2021,100.0,90.0,,96.25,"[""Fuente de referencia 2021; desfase de 2 a\u00f1os""]"
31201,2023,dqs-ipr4-1.0,gentrificacion,2023,2020–2023 (ventana de cambio),100.0,100.0,,100.0,[]
31232,2023,dqs-ipr4-1.0,asequibilidad,2023,2023,100.0,100.0,,100.0,[]
31232,2023,dqs-ipr4-1.0,turismo,2023,2023-08-01,100.0,100.0,,100.0,[]
31232,2023,dqs-ipr4-1.0,especulacion,2021,2023; parque residencial 2021,100.0,90.0,,96.25,"[""Fuente de referencia 2021; desfase de 2 a\u00f1os""]"
31232,2023,dqs-ipr4-1.0,gentrificacion,2023,2020–2023 (ventana de cambio),100.0,100.0,,100.0,[]
32054,2023,dqs-ipr4-1.0,asequibilidad,2023,2023,100.0,100.0,,100.0,[]
32054,2023,dqs-ipr4-1.0,turismo,2023,2023-08-01,100.0,100.0,,100.0,[]
32054,2023,dqs-ipr4-1.0,especulacion,2021,2023; parque residencial 2021,100.0,90.0,,96.25,"[""Fuente de referencia 2021; desfase de 2 a\u00f1os""]"
32054,2023,dqs-ipr4-1.0,gentrificacion,2023,2020–2023 (ventana de cambio),100.0,100.0,,100.0,[]
33004,2023,dqs-ipr4-1.0,asequibilidad,2023,2023,100.0,100.0,,100.0,[]
33004,2023,dqs-ipr4-1.0,turismo,2023,2023-08-01,100.0,100.0,,100.0,[]
33004,2023,dqs-ipr4-1.0,especulacion,2021,2023; parque residencial 2021,100.0,90.0,,96.25,"[""Fuente de referencia 2021; desfase de 2 a\u00f1os""]"
33004,2023,dqs-ipr4-1.0,gentrificacion,2023,2020–2023 (ventana de cambio),100.0,100.0,,100.0,[]
33024,2023,dqs-ipr4-1.0,asequibilidad,2023,2023,100.0,100.0,,100.0,[]
33024,2023,dqs-ipr4-1.0,turismo,2023,2023-08-01,100.0,100.0,,100.0,[]
33024,2023,dqs-ipr4-1.0,especulacion,2021,2023; parque residencial 2021,100.0,90.0,,96.25,"[""Fuente de referencia 2021; desfase de 2 a\u00f1os""]"
33024,2023,dqs-ipr4-1.0,gentrificacion,2023,2020–2023 (ventana de cambio),100.0,100.0,,100.0,[]
33031,2023,dqs-ipr4-1.0,asequibilidad,2023,2023,100.0,100.0,,100.0,[]
33031,2023,dqs-ipr4-1.0,turismo,2023,2023-08-01,100.0,100.0,,100.0,[]
33031,2023,dqs-ipr4-1.0,especulacion,2021,2023; parque residencial 2021,100.0,90.0,,96.25,"[""Fuente de referencia 2021; desfase de 2 a\u00f1os""]"
33031,2023,dqs-ipr4-1.0,gentrificacion,2023,2020–2023 (ventana de cambio),100.0,100.0,,100.0,[]
33037,2023,dqs-ipr4-1.0,asequibilidad,2023,2023,100.0,100.0,,100.0,[]
33037,2023,dqs-ipr4-1.0,turismo,2023,2023-08-01,100.0,100.0,,100.0,[]
33037,2023,dqs-ipr4-1.0,especulacion,2021,2023; parque residencial 2021,100.0,90.0,,96.25,"[""Fuente de referencia 2021; desfase de 2 a\u00f1os""]"
33037,2023,dqs-ipr4-1.0,gentrificacion,2023,2020–2023 (ventana de cambio),100.0,100.0,,100.0,[]
33044,2023,dqs-ipr4-1.0,asequibilidad,2023,2023,100.0,100.0,,100.0,[]
33044,2023,dqs-ipr4-1.0,turismo,2023,2023-08-01,100.0,100.0,,100.0,[]
33044,2023,dqs-ipr4-1.0,especulacion,2021,2023; parque residencial 2021,100.0,90.0,,96.25,"[""Fuente de referencia 2021; desfase de 2 a\u00f1os""]"
33044,2023,dqs-ipr4-1.0,gentrificacion,2023,2020–2023 (ventana de cambio),100.0,100.0,,100.0,[]
33066,2023,dqs-ipr4-1.0,asequibilidad,2023,2023,100.0,100.0,,100.0,[]
33066,2023,dqs-ipr4-1.0,turismo,2023,2023-08-01,100.0,100.0,,100.0,[]
33066,2023,dqs-ipr4-1.0,especulacion,2021,2023; parque residencial 2021,100.0,90.0,,96.25,"[""Fuente de referencia 2021; desfase de 2 a\u00f1os""]"
33066,2023,dqs-ipr4-1.0,gentrificacion,2023,2020–2023 (ventana de cambio),100.0,100.0,,100.0,[]
34120,2023,dqs-ipr4-1.0,asequibilidad,2023,2023,100.0,100.0,,100.0,[]
34120,2023,dqs-ipr4-1.0,turismo,2023,2023-08-01,100.0,100.0,,100.0,[]
34120,2023,dqs-ipr4-1.0,especulacion,2021,2023; parque residencial 2021,100.0,90.0,,96.25,"[""Fuente de referencia 2021; desfase de 2 a\u00f1os""]"
34120,2023,dqs-ipr4-1.0,gentrificacion,2023,2020–2023 (ventana de cambio),100.0,100.0,,100.0,[]
35002,2023,dqs-ipr4-1.0,asequibilidad,2023,2023,100.0,100.0,,100.0,[]
35002,2023,dqs-ipr4-1.0,turismo,2023,2023-08-01,100.0,100.0,,100.0,[]
35002,2023,dqs-ipr4-1.0,especulacion,2021,2023; parque residencial 2021,100.0,90.0,,96.25,"[""Fuente de referencia 2021; desfase de 2 a\u00f1os""]"
35002,2023,dqs-ipr4-1.0,gentrificacion,2023,2020–2023 (ventana de cambio),100.0,100.0,,100.0,[]
35004,2023,dqs-ipr4-1.0,asequibilidad,2023,2023,100.0,100.0,,100.0,[]
35004,2023,dqs-ipr4-1.0,turismo,2023,2023-08-01,100.0,100.0,,100.0,[]
35004,2023,dqs-ipr4-1.0,especulacion,2021,2023; parque residencial 2021,100.0,90.0,,96.25,"[""Fuente de referencia 2021; desfase de 2 a\u00f1os""]"
35004,2023,dqs-ipr4-1.0,gentrificacion,2023,2020–2023 (ventana de cambio),100.0,100.0,,100.0,[]
35006,2023,dqs-ipr4-1.0,asequibilidad,2023,2023,100.0,100.0,,100.0,[]
35006,2023,dqs-ipr4-1.0,turismo,2023,2023-08-01,100.0,100.0,,100.0,[]
35006,2023,dqs-ipr4-1.0,especulacion,2021,2023; parque residencial 2021,100.0,90.0,,96.25,"[""Fuente de referencia 2021; desfase de 2 a\u00f1os""]"
35006,2023,dqs-ipr4-1.0,gentrificacion,2023,2020–2023 (ventana de cambio),100.0,100.0,,100.0,[]
35011,2023,dqs-ipr4-1.0,asequibilidad,2023,2023,100.0,100.0,,100.0,[]
35011,2023,dqs-ipr4-1.0,turismo,2023,2023-08-01,100.0,100.0,,100.0,[]
35011,2023,dqs-ipr4-1.0,especulacion,2021,2023; parque residencial 2021,100.0,90.0,,96.25,"[""Fuente de referencia 2021; desfase de 2 a\u00f1os""]"
35011,2023,dqs-ipr4-1.0,gentrificacion,2023,2020–2023 (ventana de cambio),100.0,100.0,,100.0,[]
35014,2023,dqs-ipr4-1.0,asequibilidad,2023,2023,100.0,100.0,,100.0,[]
35014,2023,dqs-ipr4-1.0,turismo,2023,2023-08-01,100.0,100.0,,100.0,[]
35014,2023,dqs-ipr4-1.0,especulacion,2021,2023; parque residencial 2021,100.0,90.0,,96.25,"[""Fuente de referencia 2021; desfase de 2 a\u00f1os""]"
35014,2023,dqs-ipr4-1.0,gentrificacion,2023,2020–2023 (ventana de cambio),100.0,100.0,,100.0,[]
35016,2023,dqs-ipr4-1.0,asequibilidad,2023,2023,100.0,100.0,,100.0,[]
35016,2023,dqs-ipr4-1.0,turismo,2023,2023-08-01,100.0,100.0,,100.0,[]
35016,2023,dqs-ipr4-1.0,especulacion,2021,2023; parque residencial 2021,100.0,90.0,,96.25,"[""Fuente de referencia 2021; desfase de 2 a\u00f1os""]"
35016,2023,dqs-ipr4-1.0,gentrificacion,2023,2020–2023 (ventana de cambio),100.0,100.0,,100.0,[]
35017,2023,dqs-ipr4-1.0,asequibilidad,2023,2023,100.0,100.0,,100.0,[]
35017,2023,dqs-ipr4-1.0,turismo,2023,2023-08-01,100.0,100.0,,100.0,[]
35017,2023,dqs-ipr4-1.0,especulacion,2021,2023; parque residencial 2021,100.0,90.0,,96.25,"[""Fuente de referencia 2021; desfase de 2 a\u00f1os""]"
35017,2023,dqs-ipr4-1.0,gentrificacion,2023,2020–2023 (ventana de cambio),100.0,100.0,,100.0,[]
35019,2023,dqs-ipr4-1.0,asequibilidad,2023,2023,100.0,100.0,,100.0,[]
35019,2023,dqs-ipr4-1.0,turismo,2023,2023-08-01,100.0,100.0,,100.0,[]
35019,2023,dqs-ipr4-1.0,especulacion,2021,2023; parque residencial 2021,100.0,90.0,,96.25,"[""Fuente de referencia 2021; desfase de 2 a\u00f1os""]"
35019,2023,dqs-ipr4-1.0,gentrificacion,2023,2020–2023 (ventana de cambio),100.0,100.0,,100.0,[]
35022,2023,dqs-ipr4-1.0,asequibilidad,2023,2023,100.0,100.0,,100.0,[]
35022,2023,dqs-ipr4-1.0,turismo,2023,2023-08-01,100.0,100.0,,100.0,[]
35022,2023,dqs-ipr4-1.0,especulacion,2021,2023; parque residencial 2021,100.0,90.0,,96.25,"[""Fuente de referencia 2021; desfase de 2 a\u00f1os""]"
35022,2023,dqs-ipr4-1.0,gentrificacion,2023,2020–2023 (ventana de cambio),100.0,100.0,,100.0,[]
35026,2023,dqs-ipr4-1.0,asequibilidad,2023,2023,100.0,100.0,,100.0,[]
35026,2023,dqs-ipr4-1.0,turismo,2023,2023-08-01,100.0,100.0,,100.0,[]
35026,2023,dqs-ipr4-1.0,especulacion,2021,2023; parque residencial 2021,100.0,90.0,,96.25,"[""Fuente de referencia 2021; desfase de 2 a\u00f1os""]"
35026,2023,dqs-ipr4-1.0,gentrificacion,2023,2020–2023 (ventana de cambio),100.0,100.0,,100.0,[]
36008,2023,dqs-ipr4-1.0,asequibilidad,2023,2023,100.0,100.0,,100.0,[]
36008,2023,dqs-ipr4-1.0,turismo,2023,2023-08-01,100.0,100.0,,100.0,[]
36008,2023,dqs-ipr4-1.0,especulacion,2021,2023; parque residencial 2021,100.0,90.0,,96.25,"[""Fuente de referencia 2021; desfase de 2 a\u00f1os""]"
36008,2023,dqs-ipr4-1.0,gentrificacion,2023,2020–2023 (ventana de cambio),100.0,100.0,,100.0,[]
36026,2023,dqs-ipr4-1.0,asequibilidad,2023,2023,100.0,100.0,,100.0,[]
36026,2023,dqs-ipr4-1.0,turismo,2023,2023-08-01,100.0,100.0,,100.0,[]
36026,2023,dqs-ipr4-1.0,especulacion,2021,2023; parque residencial 2021,100.0,90.0,,96.25,"[""Fuente de referencia 2021; desfase de 2 a\u00f1os""]"
36026,2023,dqs-ipr4-1.0,gentrificacion,2023,2020–2023 (ventana de cambio),100.0,100.0,,100.0,[]
36038,2023,dqs-ipr4-1.0,asequibilidad,2023,2023,100.0,100.0,,100.0,[]
36038,2023,dqs-ipr4-1.0,turismo,2023,2023-08-01,100.0,100.0,,100.0,[]
36038,2023,dqs-ipr4-1.0,especulacion,2021,2023; parque residencial 2021,100.0,90.0,,96.25,"[""Fuente de referencia 2021; desfase de 2 a\u00f1os""]"
36038,2023,dqs-ipr4-1.0,gentrificacion,2023,2020–2023 (ventana de cambio),100.0,100.0,,100.0,[]
36045,2023,dqs-ipr4-1.0,asequibilidad,2023,2023,100.0,100.0,,100.0,[]
36045,2023,dqs-ipr4-1.0,turismo,2023,2023-08-01,100.0,100.0,,100.0,[]
36045,2023,dqs-ipr4-1.0,especulacion,2021,2023; parque residencial 2021,100.0,90.0,,96.25,"[""Fuente de referencia 2021; desfase de 2 a\u00f1os""]"
36045,2023,dqs-ipr4-1.0,gentrificacion,2023,2020–2023 (ventana de cambio),100.0,100.0,,100.0,[]
36057,2023,dqs-ipr4-1.0,asequibilidad,2023,2023,100.0,100.0,,100.0,[]
36057,2023,dqs-ipr4-1.0,turismo,2023,2023-08-01,100.0,100.0,,100.0,[]
36057,2023,dqs-ipr4-1.0,especulacion,2021,2023; parque residencial 2021,100.0,90.0,,96.25,"[""Fuente de referencia 2021; desfase de 2 a\u00f1os""]"
36057,2023,dqs-ipr4-1.0,gentrificacion,2023,2020–2023 (ventana de cambio),100.0,100.0,,100.0,[]
36060,2023,dqs-ipr4-1.0,asequibilidad,2023,2023,100.0,100.0,,100.0,[]
36060,2023,dqs-ipr4-1.0,turismo,2023,2023-08-01,100.0,100.0,,100.0,[]
36060,2023,dqs-ipr4-1.0,especulacion,2021,2023; parque residencial 2021,100.0,90.0,,96.25,"[""Fuente de referencia 2021; desfase de 2 a\u00f1os""]"
36060,2023,dqs-ipr4-1.0,gentrificacion,2023,2020–2023 (ventana de cambio),100.0,100.0,,100.0,[]
37274,2023,dqs-ipr4-1.0,asequibilidad,2023,2023,100.0,100.0,,100.0,[]
37274,2023,dqs-ipr4-1.0,turismo,2023,2023-08-01,100.0,100.0,,100.0,[]
37274,2023,dqs-ipr4-1.0,especulacion,2021,2023; parque residencial 2021,100.0,90.0,,96.25,"[""Fuente de referencia 2021; desfase de 2 a\u00f1os""]"
37274,2023,dqs-ipr4-1.0,gentrificacion,2023,2020–2023 (ventana de cambio),100.0,100.0,,100.0,[]
38001,2023,dqs-ipr4-1.0,asequibilidad,2023,2023,100.0,100.0,,100.0,[]
38001,2023,dqs-ipr4-1.0,turismo,2023,2023-08-01,100.0,100.0,,100.0,[]
38001,2023,dqs-ipr4-1.0,especulacion,2021,2023; parque residencial 2021,100.0,90.0,,96.25,"[""Fuente de referencia 2021; desfase de 2 a\u00f1os""]"
38001,2023,dqs-ipr4-1.0,gentrificacion,2023,2020–2023 (ventana de cambio),100.0,100.0,,100.0,[]
38006,2023,dqs-ipr4-1.0,asequibilidad,2023,2023,100.0,100.0,,100.0,[]
38006,2023,dqs-ipr4-1.0,turismo,2023,2023-08-01,100.0,100.0,,100.0,[]
38006,2023,dqs-ipr4-1.0,especulacion,2021,2023; parque residencial 2021,100.0,90.0,,96.25,"[""Fuente de referencia 2021; desfase de 2 a\u00f1os""]"
38006,2023,dqs-ipr4-1.0,gentrificacion,2023,2020–2023 (ventana de cambio),100.0,100.0,,100.0,[]
38011,2023,dqs-ipr4-1.0,asequibilidad,2023,2023,100.0,100.0,,100.0,[]
38011,2023,dqs-ipr4-1.0,turismo,2023,2023-08-01,100.0,100.0,,100.0,[]
38011,2023,dqs-ipr4-1.0,especulacion,2021,2023; parque residencial 2021,100.0,90.0,,96.25,"[""Fuente de referencia 2021; desfase de 2 a\u00f1os""]"
38011,2023,dqs-ipr4-1.0,gentrificacion,2023,2020–2023 (ventana de cambio),100.0,100.0,,100.0,[]
38017,2023,dqs-ipr4-1.0,asequibilidad,2023,2023,100.0,100.0,,100.0,[]
38017,2023,dqs-ipr4-1.0,turismo,2023,2023-08-01,100.0,100.0,,100.0,[]
38017,2023,dqs-ipr4-1.0,especulacion,2021,2023; parque residencial 2021,100.0,90.0,,96.25,"[""Fuente de referencia 2021; desfase de 2 a\u00f1os""]"
38017,2023,dqs-ipr4-1.0,gentrificacion,2023,2020–2023 (ventana de cambio),100.0,100.0,,100.0,[]
38023,2023,dqs-ipr4-1.0,asequibilidad,2023,2023,100.0,100.0,,100.0,[]
38023,2023,dqs-ipr4-1.0,turismo,2023,2023-08-01,100.0,100.0,,100.0,[]
38023,2023,dqs-ipr4-1.0,especulacion,2021,2023; parque residencial 2021,100.0,90.0,,96.25,"[""Fuente de referencia 2021; desfase de 2 a\u00f1os""]"
38023,2023,dqs-ipr4-1.0,gentrificacion,2023,2020–2023 (ventana de cambio),100.0,100.0,,100.0,[]
38026,2023,dqs-ipr4-1.0,asequibilidad,2023,2023,100.0,100.0,,100.0,[]
38026,2023,dqs-ipr4-1.0,turismo,2023,2023-08-01,100.0,100.0,,100.0,[]
38026,2023,dqs-ipr4-1.0,especulacion,2021,2023; parque residencial 2021,100.0,90.0,,96.25,"[""Fuente de referencia 2021; desfase de 2 a\u00f1os""]"
38026,2023,dqs-ipr4-1.0,gentrificacion,2023,2020–2023 (ventana de cambio),100.0,100.0,,100.0,[]
38028,2023,dqs-ipr4-1.0,asequibilidad,2023,2023,100.0,100.0,,100.0,[]
38028,2023,dqs-ipr4-1.0,turismo,2023,2023-08-01,100.0,100.0,,100.0,[]
38028,2023,dqs-ipr4-1.0,especulacion,2021,2023; parque residencial 2021,100.0,90.0,,96.25,"[""Fuente de referencia 2021; desfase de 2 a\u00f1os""]"
38028,2023,dqs-ipr4-1.0,gentrificacion,2023,2020–2023 (ventana de cambio),100.0,100.0,,100.0,[]
38031,2023,dqs-ipr4-1.0,asequibilidad,2023,2023,100.0,100.0,,100.0,[]
38031,2023,dqs-ipr4-1.0,turismo,2023,2023-08-01,100.0,100.0,,100.0,[]
38031,2023,dqs-ipr4-1.0,especulacion,2021,2023; parque residencial 2021,100.0,90.0,,96.25,"[""Fuente de referencia 2021; desfase de 2 a\u00f1os""]"
38031,2023,dqs-ipr4-1.0,gentrificacion,2023,2020–2023 (ventana de cambio),100.0,100.0,,100.0,[]
38038,2023,dqs-ipr4-1.0,asequibilidad,2023,2023,100.0,100.0,,100.0,[]
38038,2023,dqs-ipr4-1.0,turismo,2023,2023-08-01,100.0,100.0,,100.0,[]
38038,2023,dqs-ipr4-1.0,especulacion,2021,2023; parque residencial 2021,100.0,90.0,,96.25,"[""Fuente de referencia 2021; desfase de 2 a\u00f1os""]"
38038,2023,dqs-ipr4-1.0,gentrificacion,2023,2020–2023 (ventana de cambio),100.0,100.0,,100.0,[]
39016,2023,dqs-ipr4-1.0,asequibilidad,2023,2023,100.0,100.0,,100.0,[]
39016,2023,dqs-ipr4-1.0,turismo,2023,2023-08-01,100.0,100.0,,100.0,[]
39016,2023,dqs-ipr4-1.0,especulacion,2021,2023; parque residencial 2021,100.0,90.0,,96.25,"[""Fuente de referencia 2021; desfase de 2 a\u00f1os""]"
39016,2023,dqs-ipr4-1.0,gentrificacion,2023,2020–2023 (ventana de cambio),100.0,100.0,,100.0,[]
39020,2023,dqs-ipr4-1.0,asequibilidad,2023,2023,100.0,100.0,,100.0,[]
39020,2023,dqs-ipr4-1.0,turismo,2023,2023-08-01,100.0,100.0,,100.0,[]
39020,2023,dqs-ipr4-1.0,especulacion,2021,2023; parque residencial 2021,100.0,90.0,,96.25,"[""Fuente de referencia 2021; desfase de 2 a\u00f1os""]"
39020,2023,dqs-ipr4-1.0,gentrificacion,2023,2020–2023 (ventana de cambio),100.0,100.0,,100.0,[]
39075,2023,dqs-ipr4-1.0,asequibilidad,2023,2023,100.0,100.0,,100.0,[]
39075,2023,dqs-ipr4-1.0,turismo,2023,2023-08-01,100.0,100.0,,100.0,[]
39075,2023,dqs-ipr4-1.0,especulacion,2021,2023; parque residencial 2021,100.0,90.0,,96.25,"[""Fuente de referencia 2021; desfase de 2 a\u00f1os""]"
39075,2023,dqs-ipr4-1.0,gentrificacion,2023,2020–2023 (ventana de cambio),100.0,100.0,,100.0,[]
39087,2023,dqs-ipr4-1.0,asequibilidad,2023,2023,100.0,100.0,,100.0,[]
39087,2023,dqs-ipr4-1.0,turismo,2023,2023-08-01,100.0,100.0,,100.0,[]
39087,2023,dqs-ipr4-1.0,especulacion,2021,2023; parque residencial 2021,100.0,90.0,,96.25,"[""Fuente de referencia 2021; desfase de 2 a\u00f1os""]"
39087,2023,dqs-ipr4-1.0,gentrificacion,2023,2020–2023 (ventana de cambio),100.0,100.0,,100.0,[]
40194,2023,dqs-ipr4-1.0,asequibilidad,2023,2023,100.0,100.0,,100.0,[]
40194,2023,dqs-ipr4-1.0,turismo,2023,2023-08-01,100.0,100.0,,100.0,[]
40194,2023,dqs-ipr4-1.0,especulacion,2021,2023; parque residencial 2021,100.0,90.0,,96.25,"[""Fuente de referencia 2021; desfase de 2 a\u00f1os""]"
40194,2023,dqs-ipr4-1.0,gentrificacion,2023,2020–2023 (ventana de cambio),100.0,100.0,,100.0,[]
41004,2023,dqs-ipr4-1.0,asequibilidad,2023,2023,100.0,100.0,,100.0,[]
41004,2023,dqs-ipr4-1.0,turismo,2023,2023-08-01,100.0,100.0,,100.0,[]
41004,2023,dqs-ipr4-1.0,especulacion,2021,2023; parque residencial 2021,100.0,90.0,,96.25,"[""Fuente de referencia 2021; desfase de 2 a\u00f1os""]"
41004,2023,dqs-ipr4-1.0,gentrificacion,2023,2020–2023 (ventana de cambio),100.0,100.0,,100.0,[]
41021,2023,dqs-ipr4-1.0,asequibilidad,2023,2023,100.0,100.0,,100.0,[]
41021,2023,dqs-ipr4-1.0,turismo,2023,2023-08-01,100.0,100.0,,100.0,[]
41021,2023,dqs-ipr4-1.0,especulacion,2021,2023; parque residencial 2021,100.0,90.0,,96.25,"[""Fuente de referencia 2021; desfase de 2 a\u00f1os""]"
41021,2023,dqs-ipr4-1.0,gentrificacion,2023,2020–2023 (ventana de cambio),100.0,100.0,,100.0,[]
41024,2023,dqs-ipr4-1.0,asequibilidad,2023,2023,100.0,100.0,,100.0,[]
41024,2023,dqs-ipr4-1.0,turismo,2023,2023-08-01,100.0,100.0,,100.0,[]
41024,2023,dqs-ipr4-1.0,especulacion,2021,2023; parque residencial 2021,100.0,90.0,,96.25,"[""Fuente de referencia 2021; desfase de 2 a\u00f1os""]"
41024,2023,dqs-ipr4-1.0,gentrificacion,2023,2020–2023 (ventana de cambio),100.0,100.0,,100.0,[]
41034,2023,dqs-ipr4-1.0,asequibilidad,2023,2023,100.0,100.0,,100.0,[]
41034,2023,dqs-ipr4-1.0,turismo,2023,2023-08-01,100.0,100.0,,100.0,[]
41034,2023,dqs-ipr4-1.0,especulacion,2021,2023; parque residencial 2021,100.0,90.0,,96.25,"[""Fuente de referencia 2021; desfase de 2 a\u00f1os""]"
41034,2023,dqs-ipr4-1.0,gentrificacion,2023,2020–2023 (ventana de cambio),100.0,100.0,,100.0,[]
41038,2023,dqs-ipr4-1.0,asequibilidad,2023,2023,100.0,100.0,,100.0,[]
41038,2023,dqs-ipr4-1.0,turismo,2023,2023-08-01,100.0,100.0,,100.0,[]
41038,2023,dqs-ipr4-1.0,especulacion,2021,2023; parque residencial 2021,100.0,90.0,,96.25,"[""Fuente de referencia 2021; desfase de 2 a\u00f1os""]"
41038,2023,dqs-ipr4-1.0,gentrificacion,2023,2020–2023 (ventana de cambio),100.0,100.0,,100.0,[]
41039,2023,dqs-ipr4-1.0,asequibilidad,2023,2023,100.0,100.0,,100.0,[]
41039,2023,dqs-ipr4-1.0,turismo,2023,2023-08-01,100.0,100.0,,100.0,[]
41039,2023,dqs-ipr4-1.0,especulacion,2021,2023; parque residencial 2021,100.0,90.0,,96.25,"[""Fuente de referencia 2021; desfase de 2 a\u00f1os""]"
41039,2023,dqs-ipr4-1.0,gentrificacion,2023,2020–2023 (ventana de cambio),100.0,100.0,,100.0,[]
41053,2023,dqs-ipr4-1.0,asequibilidad,2023,2023,100.0,100.0,,100.0,[]
41053,2023,dqs-ipr4-1.0,turismo,2023,2023-08-01,100.0,100.0,,100.0,[]
41053,2023,dqs-ipr4-1.0,especulacion,2021,2023; parque residencial 2021,100.0,90.0,,96.25,"[""Fuente de referencia 2021; desfase de 2 a\u00f1os""]"
41053,2023,dqs-ipr4-1.0,gentrificacion,2023,2020–2023 (ventana de cambio),100.0,100.0,,100.0,[]
41059,2023,dqs-ipr4-1.0,asequibilidad,2023,2023,100.0,100.0,,100.0,[]
41059,2023,dqs-ipr4-1.0,turismo,2023,2023-08-01,100.0,100.0,,100.0,[]
41059,2023,dqs-ipr4-1.0,especulacion,2021,2023; parque residencial 2021,100.0,90.0,,96.25,"[""Fuente de referencia 2021; desfase de 2 a\u00f1os""]"
41059,2023,dqs-ipr4-1.0,gentrificacion,2023,2020–2023 (ventana de cambio),100.0,100.0,,100.0,[]
41065,2023,dqs-ipr4-1.0,asequibilidad,2023,2023,100.0,100.0,,100.0,[]
41065,2023,dqs-ipr4-1.0,turismo,2023,2023-08-01,100.0,100.0,,100.0,[]
41065,2023,dqs-ipr4-1.0,especulacion,2021,2023; parque residencial 2021,100.0,90.0,,96.25,"[""Fuente de referencia 2021; desfase de 2 a\u00f1os""]"
41065,2023,dqs-ipr4-1.0,gentrificacion,2023,2020–2023 (ventana de cambio),100.0,100.0,,100.0,[]
41069,2023,dqs-ipr4-1.0,asequibilidad,2023,2023,100.0,100.0,,100.0,[]
41069,2023,dqs-ipr4-1.0,turismo,2023,2023-08-01,100.0,100.0,,100.0,[]
41069,2023,dqs-ipr4-1.0,especulacion,2021,2023; parque residencial 2021,100.0,90.0,,96.25,"[""Fuente de referencia 2021; desfase de 2 a\u00f1os""]"
41069,2023,dqs-ipr4-1.0,gentrificacion,2023,2020–2023 (ventana de cambio),100.0,100.0,,100.0,[]
41081,2023,dqs-ipr4-1.0,asequibilidad,2023,2023,100.0,100.0,,100.0,[]
41081,2023,dqs-ipr4-1.0,turismo,2023,2023-08-01,100.0,100.0,,100.0,[]
41081,2023,dqs-ipr4-1.0,especulacion,2021,2023; parque residencial 2021,100.0,90.0,,96.25,"[""Fuente de referencia 2021; desfase de 2 a\u00f1os""]"
41081,2023,dqs-ipr4-1.0,gentrificacion,2023,2020–2023 (ventana de cambio),100.0,100.0,,100.0,[]
41091,2023,dqs-ipr4-1.0,asequibilidad,2023,2023,100.0,100.0,,100.0,[]
41091,2023,dqs-ipr4-1.0,turismo,2023,2023-08-01,100.0,100.0,,100.0,[]
41091,2023,dqs-ipr4-1.0,especulacion,2021,2023; parque residencial 2021,100.0,90.0,,96.25,"[""Fuente de referencia 2021; desfase de 2 a\u00f1os""]"
41091,2023,dqs-ipr4-1.0,gentrificacion,2023,2020–2023 (ventana de cambio),100.0,100.0,,100.0,[]
41095,2023,dqs-ipr4-1.0,asequibilidad,2023,2023,100.0,100.0,,100.0,[]
41095,2023,dqs-ipr4-1.0,turismo,2023,2023-08-01,100.0,100.0,,100.0,[]
41095,2023,dqs-ipr4-1.0,especulacion,2021,2023; parque residencial 2021,100.0,90.0,,96.25,"[""Fuente de referencia 2021; desfase de 2 a\u00f1os""]"
41095,2023,dqs-ipr4-1.0,gentrificacion,2023,2020–2023 (ventana de cambio),100.0,100.0,,100.0,[]
42173,2023,dqs-ipr4-1.0,asequibilidad,2023,2023,100.0,100.0,,100.0,[]
42173,2023,dqs-ipr4-1.0,turismo,2023,2023-08-01,100.0,100.0,,100.0,[]
42173,2023,dqs-ipr4-1.0,especulacion,2021,2023; parque residencial 2021,100.0,90.0,,96.25,"[""Fuente de referencia 2021; desfase de 2 a\u00f1os""]"
42173,2023,dqs-ipr4-1.0,gentrificacion,2023,2020–2023 (ventana de cambio),100.0,100.0,,100.0,[]
43038,2023,dqs-ipr4-1.0,asequibilidad,2023,2023,100.0,100.0,,100.0,[]
43038,2023,dqs-ipr4-1.0,turismo,2023,2023-08-01,100.0,100.0,,100.0,[]
43038,2023,dqs-ipr4-1.0,especulacion,2021,2023; parque residencial 2021,100.0,90.0,,96.25,"[""Fuente de referencia 2021; desfase de 2 a\u00f1os""]"
43038,2023,dqs-ipr4-1.0,gentrificacion,2023,2020–2023 (ventana de cambio),100.0,100.0,,100.0,[]
43123,2023,dqs-ipr4-1.0,asequibilidad,2023,2023,100.0,100.0,,100.0,[]
43123,2023,dqs-ipr4-1.0,turismo,2023,2023-08-01,100.0,100.0,,100.0,[]
43123,2023,dqs-ipr4-1.0,especulacion,2021,2023; parque residencial 2021,100.0,90.0,,96.25,"[""Fuente de referencia 2021; desfase de 2 a\u00f1os""]"
43123,2023,dqs-ipr4-1.0,gentrificacion,2023,2020–2023 (ventana de cambio),100.0,100.0,,100.0,[]
43148,2023,dqs-ipr4-1.0,asequibilidad,2023,2023,100.0,100.0,,100.0,[]
43148,2023,dqs-ipr4-1.0,turismo,2023,2023-08-01,100.0,100.0,,100.0,[]
43148,2023,dqs-ipr4-1.0,especulacion,2021,2023; parque residencial 2021,100.0,90.0,,96.25,"[""Fuente de referencia 2021; desfase de 2 a\u00f1os""]"
43148,2023,dqs-ipr4-1.0,gentrificacion,2023,2020–2023 (ventana de cambio),100.0,100.0,,100.0,[]
43155,2023,dqs-ipr4-1.0,asequibilidad,2023,2023,100.0,100.0,,100.0,[]
43155,2023,dqs-ipr4-1.0,turismo,2023,2023-08-01,100.0,100.0,,100.0,[]
43155,2023,dqs-ipr4-1.0,especulacion,2021,2023; parque residencial 2021,100.0,90.0,,96.25,"[""Fuente de referencia 2021; desfase de 2 a\u00f1os""]"
43155,2023,dqs-ipr4-1.0,gentrificacion,2023,2020–2023 (ventana de cambio),100.0,100.0,,100.0,[]
43163,2023,dqs-ipr4-1.0,asequibilidad,2023,2023,100.0,100.0,,100.0,[]
43163,2023,dqs-ipr4-1.0,turismo,2023,2023-08-01,100.0,100.0,,100.0,[]
43163,2023,dqs-ipr4-1.0,especulacion,2021,2023; parque residencial 2021,100.0,90.0,,96.25,"[""Fuente de referencia 2021; desfase de 2 a\u00f1os""]"
43163,2023,dqs-ipr4-1.0,gentrificacion,2023,2020–2023 (ventana de cambio),100.0,100.0,,100.0,[]
43905,2023,dqs-ipr4-1.0,asequibilidad,2023,2023,100.0,100.0,,100.0,[]
43905,2023,dqs-ipr4-1.0,turismo,2023,2023-08-01,100.0,100.0,,100.0,[]
43905,2023,dqs-ipr4-1.0,especulacion,2021,2023; parque residencial 2021,100.0,90.0,,96.25,"[""Fuente de referencia 2021; desfase de 2 a\u00f1os""]"
43905,2023,dqs-ipr4-1.0,gentrificacion,2023,2020–2023 (ventana de cambio),100.0,100.0,,100.0,[]
44216,2023,dqs-ipr4-1.0,asequibilidad,2023,2023,100.0,100.0,,100.0,[]
44216,2023,dqs-ipr4-1.0,turismo,2023,2023-08-01,100.0,100.0,,100.0,[]
44216,2023,dqs-ipr4-1.0,especulacion,2021,2023; parque residencial 2021,100.0,90.0,,96.25,"[""Fuente de referencia 2021; desfase de 2 a\u00f1os""]"
44216,2023,dqs-ipr4-1.0,gentrificacion,2023,2020–2023 (ventana de cambio),100.0,100.0,,100.0,[]
45081,2023,dqs-ipr4-1.0,asequibilidad,2023,2023,100.0,100.0,,100.0,[]
45081,2023,dqs-ipr4-1.0,turismo,2023,2023-08-01,100.0,100.0,,100.0,[]
45081,2023,dqs-ipr4-1.0,especulacion,2021,2023; parque residencial 2021,100.0,90.0,,96.25,"[""Fuente de referencia 2021; desfase de 2 a\u00f1os""]"
45081,2023,dqs-ipr4-1.0,gentrificacion,2023,2020–2023 (ventana de cambio),100.0,100.0,,100.0,[]
45165,2023,dqs-ipr4-1.0,asequibilidad,2023,2023,100.0,100.0,,100.0,[]
45165,2023,dqs-ipr4-1.0,turismo,2023,2023-08-01,100.0,100.0,,100.0,[]
45165,2023,dqs-ipr4-1.0,especulacion,2021,2023; parque residencial 2021,100.0,90.0,,96.25,"[""Fuente de referencia 2021; desfase de 2 a\u00f1os""]"
45165,2023,dqs-ipr4-1.0,gentrificacion,2023,2020–2023 (ventana de cambio),100.0,100.0,,100.0,[]
45168,2023,dqs-ipr4-1.0,asequibilidad,2023,2023,100.0,100.0,,100.0,[]
45168,2023,dqs-ipr4-1.0,turismo,2023,2023-08-01,100.0,100.0,,100.0,[]
45168,2023,dqs-ipr4-1.0,especulacion,2021,2023; parque residencial 2021,100.0,90.0,,96.25,"[""Fuente de referencia 2021; desfase de 2 a\u00f1os""]"
45168,2023,dqs-ipr4-1.0,gentrificacion,2023,2020–2023 (ventana de cambio),100.0,100.0,,100.0,[]
46005,2023,dqs-ipr4-1.0,asequibilidad,2023,2023,100.0,100.0,,100.0,[]
46005,2023,dqs-ipr4-1.0,turismo,2023,2023-08-01,100.0,100.0,,100.0,[]
46005,2023,dqs-ipr4-1.0,especulacion,2021,2023; parque residencial 2021,100.0,90.0,,96.25,"[""Fuente de referencia 2021; desfase de 2 a\u00f1os""]"
46005,2023,dqs-ipr4-1.0,gentrificacion,2023,2020–2023 (ventana de cambio),100.0,100.0,,100.0,[]
46017,2023,dqs-ipr4-1.0,asequibilidad,2023,2023,100.0,100.0,,100.0,[]
46017,2023,dqs-ipr4-1.0,turismo,2023,2023-08-01,100.0,100.0,,100.0,[]
46017,2023,dqs-ipr4-1.0,especulacion,2021,2023; parque residencial 2021,100.0,90.0,,96.25,"[""Fuente de referencia 2021; desfase de 2 a\u00f1os""]"
46017,2023,dqs-ipr4-1.0,gentrificacion,2023,2020–2023 (ventana de cambio),100.0,100.0,,100.0,[]
46021,2023,dqs-ipr4-1.0,asequibilidad,2023,2023,100.0,100.0,,100.0,[]
46021,2023,dqs-ipr4-1.0,turismo,2023,2023-08-01,100.0,100.0,,100.0,[]
46021,2023,dqs-ipr4-1.0,especulacion,2021,2023; parque residencial 2021,100.0,90.0,,96.25,"[""Fuente de referencia 2021; desfase de 2 a\u00f1os""]"
46021,2023,dqs-ipr4-1.0,gentrificacion,2023,2020–2023 (ventana de cambio),100.0,100.0,,100.0,[]
46029,2023,dqs-ipr4-1.0,asequibilidad,2023,2023,100.0,100.0,,100.0,[]
46029,2023,dqs-ipr4-1.0,turismo,2023,2023-08-01,100.0,100.0,,100.0,[]
46029,2023,dqs-ipr4-1.0,especulacion,2021,2023; parque residencial 2021,100.0,90.0,,96.25,"[""Fuente de referencia 2021; desfase de 2 a\u00f1os""]"
46029,2023,dqs-ipr4-1.0,gentrificacion,2023,2020–2023 (ventana de cambio),100.0,100.0,,100.0,[]
46078,2023,dqs-ipr4-1.0,asequibilidad,2023,2023,100.0,100.0,,100.0,[]
46078,2023,dqs-ipr4-1.0,turismo,2023,2023-08-01,100.0,100.0,,100.0,[]
46078,2023,dqs-ipr4-1.0,especulacion,2021,2023; parque residencial 2021,100.0,90.0,,96.25,"[""Fuente de referencia 2021; desfase de 2 a\u00f1os""]"
46078,2023,dqs-ipr4-1.0,gentrificacion,2023,2020–2023 (ventana de cambio),100.0,100.0,,100.0,[]
46094,2023,dqs-ipr4-1.0,asequibilidad,2023,2023,100.0,100.0,,100.0,[]
46094,2023,dqs-ipr4-1.0,turismo,2023,2023-08-01,100.0,100.0,,100.0,[]
46094,2023,dqs-ipr4-1.0,especulacion,2021,2023; parque residencial 2021,100.0,90.0,,96.25,"[""Fuente de referencia 2021; desfase de 2 a\u00f1os""]"
46094,2023,dqs-ipr4-1.0,gentrificacion,2023,2020–2023 (ventana de cambio),100.0,100.0,,100.0,[]
46102,2023,dqs-ipr4-1.0,asequibilidad,2023,2023,100.0,100.0,,100.0,[]
46102,2023,dqs-ipr4-1.0,turismo,2023,2023-08-01,100.0,100.0,,100.0,[]
46102,2023,dqs-ipr4-1.0,especulacion,2021,2023; parque residencial 2021,100.0,90.0,,96.25,"[""Fuente de referencia 2021; desfase de 2 a\u00f1os""]"
46102,2023,dqs-ipr4-1.0,gentrificacion,2023,2020–2023 (ventana de cambio),100.0,100.0,,100.0,[]
46110,2023,dqs-ipr4-1.0,asequibilidad,2023,2023,100.0,100.0,,100.0,[]
46110,2023,dqs-ipr4-1.0,turismo,2023,2023-08-01,100.0,100.0,,100.0,[]
46110,2023,dqs-ipr4-1.0,especulacion,2021,2023; parque residencial 2021,100.0,90.0,,96.25,"[""Fuente de referencia 2021; desfase de 2 a\u00f1os""]"
46110,2023,dqs-ipr4-1.0,gentrificacion,2023,2020–2023 (ventana de cambio),100.0,100.0,,100.0,[]
46131,2023,dqs-ipr4-1.0,asequibilidad,2023,2023,100.0,100.0,,100.0,[]
46131,2023,dqs-ipr4-1.0,turismo,2023,2023-08-01,100.0,100.0,,100.0,[]
46131,2023,dqs-ipr4-1.0,especulacion,2021,2023; parque residencial 2021,100.0,90.0,,96.25,"[""Fuente de referencia 2021; desfase de 2 a\u00f1os""]"
46131,2023,dqs-ipr4-1.0,gentrificacion,2023,2020–2023 (ventana de cambio),100.0,100.0,,100.0,[]
46145,2023,dqs-ipr4-1.0,asequibilidad,2023,2023,100.0,100.0,,100.0,[]
46145,2023,dqs-ipr4-1.0,turismo,2023,2023-08-01,100.0,100.0,,100.0,[]
46145,2023,dqs-ipr4-1.0,especulacion,2021,2023; parque residencial 2021,100.0,90.0,,96.25,"[""Fuente de referencia 2021; desfase de 2 a\u00f1os""]"
46145,2023,dqs-ipr4-1.0,gentrificacion,2023,2020–2023 (ventana de cambio),100.0,100.0,,100.0,[]
46159,2023,dqs-ipr4-1.0,asequibilidad,2023,2023,100.0,100.0,,100.0,[]
46159,2023,dqs-ipr4-1.0,turismo,2023,2023-08-01,100.0,100.0,,100.0,[]
46159,2023,dqs-ipr4-1.0,especulacion,2021,2023; parque residencial 2021,100.0,90.0,,96.25,"[""Fuente de referencia 2021; desfase de 2 a\u00f1os""]"
46159,2023,dqs-ipr4-1.0,gentrificacion,2023,2020–2023 (ventana de cambio),100.0,100.0,,100.0,[]
46169,2023,dqs-ipr4-1.0,asequibilidad,2023,2023,100.0,100.0,,100.0,[]
46169,2023,dqs-ipr4-1.0,turismo,2023,2023-08-01,100.0,100.0,,100.0,[]
46169,2023,dqs-ipr4-1.0,especulacion,2021,2023; parque residencial 2021,100.0,90.0,,96.25,"[""Fuente de referencia 2021; desfase de 2 a\u00f1os""]"
46169,2023,dqs-ipr4-1.0,gentrificacion,2023,2020–2023 (ventana de cambio),100.0,100.0,,100.0,[]
46181,2023,dqs-ipr4-1.0,asequibilidad,2023,2023,100.0,100.0,,100.0,[]
46181,2023,dqs-ipr4-1.0,turismo,2023,2023-08-01,100.0,100.0,,100.0,[]
46181,2023,dqs-ipr4-1.0,especulacion,2021,2023; parque residencial 2021,100.0,90.0,,96.25,"[""Fuente de referencia 2021; desfase de 2 a\u00f1os""]"
46181,2023,dqs-ipr4-1.0,gentrificacion,2023,2020–2023 (ventana de cambio),100.0,100.0,,100.0,[]
46184,2023,dqs-ipr4-1.0,asequibilidad,2023,2023,100.0,100.0,,100.0,[]
46184,2023,dqs-ipr4-1.0,turismo,2023,2023-08-01,100.0,100.0,,100.0,[]
46184,2023,dqs-ipr4-1.0,especulacion,2021,2023; parque residencial 2021,100.0,90.0,,96.25,"[""Fuente de referencia 2021; desfase de 2 a\u00f1os""]"
46184,2023,dqs-ipr4-1.0,gentrificacion,2023,2020–2023 (ventana de cambio),100.0,100.0,,100.0,[]
46190,2023,dqs-ipr4-1.0,asequibilidad,2023,2023,100.0,100.0,,100.0,[]
46190,2023,dqs-ipr4-1.0,turismo,2023,2023-08-01,100.0,100.0,,100.0,[]
46190,2023,dqs-ipr4-1.0,especulacion,2021,2023; parque residencial 2021,100.0,90.0,,96.25,"[""Fuente de referencia 2021; desfase de 2 a\u00f1os""]"
46190,2023,dqs-ipr4-1.0,gentrificacion,2023,2020–2023 (ventana de cambio),100.0,100.0,,100.0,[]
46220,2023,dqs-ipr4-1.0,asequibilidad,2023,2023,100.0,100.0,,100.0,[]
46220,2023,dqs-ipr4-1.0,turismo,2023,2023-08-01,100.0,100.0,,100.0,[]
46220,2023,dqs-ipr4-1.0,especulacion,2021,2023; parque residencial 2021,100.0,90.0,,96.25,"[""Fuente de referencia 2021; desfase de 2 a\u00f1os""]"
46220,2023,dqs-ipr4-1.0,gentrificacion,2023,2020–2023 (ventana de cambio),100.0,100.0,,100.0,[]
46235,2023,dqs-ipr4-1.0,asequibilidad,2023,2023,100.0,100.0,,100.0,[]
46235,2023,dqs-ipr4-1.0,turismo,2023,2023-08-01,100.0,100.0,,100.0,[]
46235,2023,dqs-ipr4-1.0,especulacion,2021,2023; parque residencial 2021,100.0,90.0,,96.25,"[""Fuente de referencia 2021; desfase de 2 a\u00f1os""]"
46235,2023,dqs-ipr4-1.0,gentrificacion,2023,2020–2023 (ventana de cambio),100.0,100.0,,100.0,[]
46244,2023,dqs-ipr4-1.0,asequibilidad,2023,2023,100.0,100.0,,100.0,[]
46244,2023,dqs-ipr4-1.0,turismo,2023,2023-08-01,100.0,100.0,,100.0,[]
46244,2023,dqs-ipr4-1.0,especulacion,2021,2023; parque residencial 2021,100.0,90.0,,96.25,"[""Fuente de referencia 2021; desfase de 2 a\u00f1os""]"
46244,2023,dqs-ipr4-1.0,gentrificacion,2023,2020–2023 (ventana de cambio),100.0,100.0,,100.0,[]
46250,2023,dqs-ipr4-1.0,asequibilidad,2023,2023,100.0,100.0,,100.0,[]
46250,2023,dqs-ipr4-1.0,turismo,2023,2023-08-01,100.0,100.0,,100.0,[]
46250,2023,dqs-ipr4-1.0,especulacion,2021,2023; parque residencial 2021,100.0,90.0,,96.25,"[""Fuente de referencia 2021; desfase de 2 a\u00f1os""]"
46250,2023,dqs-ipr4-1.0,gentrificacion,2023,2020–2023 (ventana de cambio),100.0,100.0,,100.0,[]
47186,2023,dqs-ipr4-1.0,asequibilidad,2023,2023,100.0,100.0,,100.0,[]
47186,2023,dqs-ipr4-1.0,turismo,2023,2023-08-01,100.0,100.0,,100.0,[]
47186,2023,dqs-ipr4-1.0,especulacion,2021,2023; parque residencial 2021,100.0,90.0,,96.25,"[""Fuente de referencia 2021; desfase de 2 a\u00f1os""]"
47186,2023,dqs-ipr4-1.0,gentrificacion,2023,2020–2023 (ventana de cambio),100.0,100.0,,100.0,[]
48013,2023,dqs-ipr4-1.0,asequibilidad,2023,2023,100.0,100.0,,100.0,[]
48013,2023,dqs-ipr4-1.0,turismo,2023,2023-08-01,100.0,100.0,,100.0,[]
48013,2023,dqs-ipr4-1.0,especulacion,2021,2023; parque residencial 2021,100.0,90.0,,96.25,"[""Fuente de referencia 2021; desfase de 2 a\u00f1os""]"
48013,2023,dqs-ipr4-1.0,gentrificacion,2023,2020–2023 (ventana de cambio),100.0,100.0,,100.0,[]
48015,2023,dqs-ipr4-1.0,asequibilidad,2023,2023,100.0,100.0,,100.0,[]
48015,2023,dqs-ipr4-1.0,turismo,2023,2023-08-01,100.0,100.0,,100.0,[]
48015,2023,dqs-ipr4-1.0,especulacion,2021,2023; parque residencial 2021,100.0,90.0,,96.25,"[""Fuente de referencia 2021; desfase de 2 a\u00f1os""]"
48015,2023,dqs-ipr4-1.0,gentrificacion,2023,2020–2023 (ventana de cambio),100.0,100.0,,100.0,[]
48020,2023,dqs-ipr4-1.0,asequibilidad,2023,2023,100.0,100.0,,100.0,[]
48020,2023,dqs-ipr4-1.0,turismo,2023,2023-08-01,100.0,100.0,,100.0,[]
48020,2023,dqs-ipr4-1.0,especulacion,2021,2023; parque residencial 2021,100.0,90.0,,96.25,"[""Fuente de referencia 2021; desfase de 2 a\u00f1os""]"
48020,2023,dqs-ipr4-1.0,gentrificacion,2023,2020–2023 (ventana de cambio),100.0,100.0,,100.0,[]
48027,2023,dqs-ipr4-1.0,asequibilidad,2023,2023,100.0,100.0,,100.0,[]
48027,2023,dqs-ipr4-1.0,turismo,2023,2023-08-01,100.0,100.0,,100.0,[]
48027,2023,dqs-ipr4-1.0,especulacion,2021,2023; parque residencial 2021,100.0,90.0,,96.25,"[""Fuente de referencia 2021; desfase de 2 a\u00f1os""]"
48027,2023,dqs-ipr4-1.0,gentrificacion,2023,2020–2023 (ventana de cambio),100.0,100.0,,100.0,[]
48036,2023,dqs-ipr4-1.0,asequibilidad,2023,2023,100.0,100.0,,100.0,[]
48036,2023,dqs-ipr4-1.0,turismo,2023,2023-08-01,100.0,100.0,,100.0,[]
48036,2023,dqs-ipr4-1.0,especulacion,2021,2023; parque residencial 2021,100.0,90.0,,96.25,"[""Fuente de referencia 2021; desfase de 2 a\u00f1os""]"
48036,2023,dqs-ipr4-1.0,gentrificacion,2023,2020–2023 (ventana de cambio),100.0,100.0,,100.0,[]
48044,2023,dqs-ipr4-1.0,asequibilidad,2023,2023,100.0,100.0,,100.0,[]
48044,2023,dqs-ipr4-1.0,turismo,2023,2023-08-01,100.0,100.0,,100.0,[]
48044,2023,dqs-ipr4-1.0,especulacion,2021,2023; parque residencial 2021,100.0,90.0,,96.25,"[""Fuente de referencia 2021; desfase de 2 a\u00f1os""]"
48044,2023,dqs-ipr4-1.0,gentrificacion,2023,2020–2023 (ventana de cambio),100.0,100.0,,100.0,[]
48054,2023,dqs-ipr4-1.0,asequibilidad,2023,2023,100.0,100.0,,100.0,[]
48054,2023,dqs-ipr4-1.0,turismo,2023,2023-08-01,100.0,100.0,,100.0,[]
48054,2023,dqs-ipr4-1.0,especulacion,2021,2023; parque residencial 2021,100.0,90.0,,96.25,"[""Fuente de referencia 2021; desfase de 2 a\u00f1os""]"
48054,2023,dqs-ipr4-1.0,gentrificacion,2023,2020–2023 (ventana de cambio),100.0,100.0,,100.0,[]
48078,2023,dqs-ipr4-1.0,asequibilidad,2023,2023,100.0,100.0,,100.0,[]
48078,2023,dqs-ipr4-1.0,turismo,2023,2023-08-01,100.0,100.0,,100.0,[]
48078,2023,dqs-ipr4-1.0,especulacion,2021,2023; parque residencial 2021,100.0,90.0,,96.25,"[""Fuente de referencia 2021; desfase de 2 a\u00f1os""]"
48078,2023,dqs-ipr4-1.0,gentrificacion,2023,2020–2023 (ventana de cambio),100.0,100.0,,100.0,[]
48082,2023,dqs-ipr4-1.0,asequibilidad,2023,2023,100.0,100.0,,100.0,[]
48082,2023,dqs-ipr4-1.0,turismo,2023,2023-08-01,100.0,100.0,,100.0,[]
48082,2023,dqs-ipr4-1.0,especulacion,2021,2023; parque residencial 2021,100.0,90.0,,96.25,"[""Fuente de referencia 2021; desfase de 2 a\u00f1os""]"
48082,2023,dqs-ipr4-1.0,gentrificacion,2023,2020–2023 (ventana de cambio),100.0,100.0,,100.0,[]
48084,2023,dqs-ipr4-1.0,asequibilidad,2023,2023,100.0,100.0,,100.0,[]
48084,2023,dqs-ipr4-1.0,turismo,2023,2023-08-01,100.0,100.0,,100.0,[]
48084,2023,dqs-ipr4-1.0,especulacion,2021,2023; parque residencial 2021,100.0,90.0,,96.25,"[""Fuente de referencia 2021; desfase de 2 a\u00f1os""]"
48084,2023,dqs-ipr4-1.0,gentrificacion,2023,2020–2023 (ventana de cambio),100.0,100.0,,100.0,[]
49275,2023,dqs-ipr4-1.0,asequibilidad,2023,2023,100.0,100.0,,100.0,[]
49275,2023,dqs-ipr4-1.0,turismo,2023,2023-08-01,100.0,100.0,,100.0,[]
49275,2023,dqs-ipr4-1.0,especulacion,2021,2023; parque residencial 2021,100.0,90.0,,96.25,"[""Fuente de referencia 2021; desfase de 2 a\u00f1os""]"
49275,2023,dqs-ipr4-1.0,gentrificacion,2023,2020–2023 (ventana de cambio),100.0,100.0,,100.0,[]
50297,2023,dqs-ipr4-1.0,asequibilidad,2023,2023,100.0,100.0,,100.0,[]
50297,2023,dqs-ipr4-1.0,turismo,2023,2023-08-01,100.0,100.0,,100.0,[]
50297,2023,dqs-ipr4-1.0,especulacion,2021,2023; parque residencial 2021,100.0,90.0,,96.25,"[""Fuente de referencia 2021; desfase de 2 a\u00f1os""]"
50297,2023,dqs-ipr4-1.0,gentrificacion,2023,2020–2023 (ventana de cambio),100.0,100.0,,100.0,[]
51001,2023,dqs-ipr4-1.0,asequibilidad,2023,2023,100.0,100.0,,100.0,[]
51001,2023,dqs-ipr4-1.0,turismo,2023,2023-08-01,100.0,100.0,,100.0,[]
51001,2023,dqs-ipr4-1.0,especulacion,2021,2023; parque residencial 2021,100.0,90.0,,96.25,"[""Fuente de referencia 2021; desfase de 2 a\u00f1os""]"
51001,2023,dqs-ipr4-1.0,gentrificacion,2023,2020–2023 (ventana de cambio),100.0,100.0,,100.0,[]
52001,2023,dqs-ipr4-1.0,asequibilidad,2023,2023,100.0,100.0,,100.0,[]
52001,2023,dqs-ipr4-1.0,turismo,2023,2023-08-01,100.0,100.0,,100.0,[]
52001,2023,dqs-ipr4-1.0,especulacion,2021,2023; parque residencial 2021,100.0,90.0,,96.25,"[""Fuente de referencia 2021; desfase de 2 a\u00f1os""]"
52001,2023,dqs-ipr4-1.0,gentrificacion,2023,2020–2023 (ventana de cambio),100.0,100.0,,100.0,[]
