cod_ine,anio,compraventas,trimestres_tx,viviendas,anio_referencia,tasa_rotacion,precio_m2,trimestres_precio,crecimiento_precio,aceleracion_precio,renta_media,crecimiento_renta,desacoplamiento_precio_renta,pct_propiedad_sociedades,variacion_propiedad_sociedades,elegible_score_principal
01059,2005,2385,4,119853,2021,1.9899376736502215,2723.444255085212,4.0,,,,,,,,False
02003,2005,3458,4,86881,2021,3.9801567661514023,1676.520588235294,4.0,,,,,,,,False
02009,2005,484,4,13292,2021,3.6412879927776105,815.4086956521738,4.0,,,,,,,,False
02037,2005,320,4,16661,2021,1.9206530220274893,747.7643356643357,4.0,,,,,,,,False
02081,2005,60,4,15102,2021,0.3972983710766786,869.477090909091,4.0,,,,,,,,False
03009,2005,2135,4,33876,2021,6.3023969772110044,934.5882005899704,4.0,,,,,,,,False
03014,2005,11131,4,187658,2021,5.931535026484349,1642.5393917239362,4.0,,,,,,,,False
03031,2005,2597,4,60479,2021,4.294052481026472,2349.248958333333,4.0,,,,,,,,False
03047,2005,1356,4,26156,2021,5.1842789417342106,2023.7467365967364,4.0,,,,,,,,False
03059,2005,604,4,15357,2021,3.933059842417139,916.8103092783507,4.0,,,,,,,,False
03063,2005,2425,4,45237,2021,5.3606561000950546,2138.330769230769,4.0,,,,,,,,False
03065,2005,4769,4,116080,2021,4.108373535492763,1256.6080858571008,4.0,,,,,,,,False
03066,2005,1224,4,27488,2021,4.452852153667055,919.6574334898278,4.0,,,,,,,,False
03082,2005,1063,4,26819,2021,3.963607889928782,2235.065947242206,4.0,,,,,,,,False
03093,2005,532,4,13780,2021,3.86066763425254,955.8793871866295,4.0,,,,,,,,False
03099,2005,5179,4,88508,2021,5.851448456636688,1832.9458799593083,4.0,,,,,,,,False
03104,2005,799,4,16474,2021,4.850066771882967,993.4381679389312,4.0,,,,,,,,False
03121,2005,2494,4,45155,2021,5.5231978739895915,1850.0179707652621,4.0,,,,,,,,False
03122,2005,1360,4,27151,2021,5.009023608706862,1618.4355403348552,4.0,,,,,,,,False
03133,2005,8309,4,122736,2021,6.769814887237648,1951.0006725854184,4.0,,,,,,,,False
03139,2005,1847,4,25780,2021,7.164468580294802,1914.5249034749038,4.0,,,,,,,,False
03140,2005,683,4,18609,2021,3.670267075071202,909.5627906976746,4.0,,,,,,,,False
04013,2005,4718,4,100957,2021,4.6732767415830505,1570.3816897582178,4.0,,,,,,,,False
04079,2005,3948,4,62150,2021,6.352373290426388,1623.0911443850266,4.0,,,,,,,,False
04902,2005,2937,4,40014,2021,7.33993102414155,1343.8882494969819,4.0,,,,,,,,False
05019,2005,900,4,34843,2021,2.5830152397899147,1509.445471180238,4.0,,,,,,,,False
06011,2005,735,4,17292,2021,4.250520471894518,781.5210826210827,4.0,,,,,,,,False
06015,2005,1609,4,74594,2021,2.1570099471807382,1312.2327777777778,4.0,,,,,,,,False
06044,2005,51,4,21262,2021,0.2398645470792964,803.9150259067358,4.0,,,,,,,,False
06083,2005,1279,4,31358,2021,4.078703998979527,973.8829037800687,4.0,,,,,,,,False
07011,2005,1418,4,36492,2021,3.8857831853556943,2473.1963414634147,4.0,,,,,,,,False
07015,2005,843,4,17887,2021,4.712919997763739,2133.0307984790875,4.0,,,,,,,,False
07026,2005,1037,4,23938,2021,4.332024396357256,2250.8756321839082,4.0,,,,,,,,False
07027,2005,767,4,15863,2021,4.8351509802685495,1620.8618677042803,4.0,,,,,,,,False
07031,2005,609,4,23312,2021,2.61238846945779,2087.1824970828475,4.0,,,,,,,,False
07032,2005,518,4,15173,2021,3.413959006129309,2010.956315007429,4.0,,,,,,,,False
07033,2005,854,4,28571,2021,2.989044835672535,1611.3126564673157,4.0,,,,,,,,False
07036,2005,507,4,15048,2021,3.369218500797448,2172.267554076539,4.0,,,,,,,,False
07040,2005,6767,4,186482,2021,3.6287684602267243,2053.0882793323517,4.0,,,,,,,,False
07054,2005,858,4,22810,2021,3.7615081104778607,2422.454298642534,4.0,,,,,,,,False
08015,2005,4274,4,91915,2021,4.649948321819072,2474.4371324236017,4.0,,,,,,,,False
08019,2005,23204,4,808751,2021,2.86911546322663,3077.9333152975896,4.0,,,,,,,,False
08056,2005,1387,4,28708,2021,4.831405879894106,2852.177744807122,4.0,,,,,,,,False
08073,2005,1285,4,37034,2021,3.4697845223308312,2761.700767263427,4.0,,,,,,,,False
08077,2005,574,4,19420,2021,2.955715756951596,2924.3445454545454,4.0,,,,,,,,False
08089,2005,776,4,20359,2021,3.811582101281988,2560.7178438661713,4.0,,,,,,,,False
08096,2005,1029,4,26298,2021,3.9128450832762947,2213.0712328767127,4.0,,,,,,,,False
08101,2005,3786,4,110488,2021,3.4266164651364854,2879.6042528997045,4.0,,,,,,,,False
08102,2005,564,4,18257,2021,3.0892260502820834,1695.2920045045046,4.0,,,,,,,,False
08113,2005,1833,4,40136,2021,4.566972294199721,1617.9705923344945,4.0,,,,,,,,False
08114,2005,420,4,10685,2021,3.9307440336920916,1988.5436395759716,4.0,,,,,,,,False
08121,2005,2579,4,52996,2021,4.866405011698996,2287.7842734225624,4.0,,,,,,,,False
08124,2005,1365,4,20857,2021,6.544565373735437,2192.665897166841,4.0,,,,,,,,False
08125,2005,672,4,15304,2021,4.391008886565603,2152.7933412604043,4.0,,,,,,,,False
08169,2005,940,4,26518,2021,3.5447620484199414,2224.3107078039925,4.0,,,,,,,,False
08172,2005,507,4,12313,2021,4.117599285308211,2339.6543902439025,4.0,,,,,,,,False
08180,2005,714,4,15427,2021,4.6282491735269335,2240.912573443008,4.0,,,,,,,,False
08184,2005,1801,4,32476,2021,5.545633698731371,2222.860302457467,4.0,,,,,,,,False
08187,2005,4173,4,92772,2021,4.4981244340964945,2192.086626962642,4.0,,,,,,,,False
08194,2005,486,4,14877,2021,3.266787658802178,2555.821216848674,4.0,,,,,,,,False
08200,2005,1529,4,33904,2021,4.50979235488438,2415.461000602773,4.0,,,,,,,,False
08205,2005,1397,4,35770,2021,3.9055074084428294,3036.8070621468933,4.0,,,,,,,,False
08211,2005,645,4,18719,2021,3.4456968855173886,2624.5777434312213,4.0,,,,,,,,False
08217,2005,448,4,13577,2021,3.299698018708109,2738.919014084507,4.0,,,,,,,,False
08231,2005,763,4,14150,2021,5.392226148409894,2172.8788778877883,4.0,,,,,,,,False
08245,2005,2197,4,48100,2021,4.5675675675675675,2450.6102990033223,4.0,,,,,,,,False
08252,2005,827,4,13768,2021,6.006682161533992,2201.590260631001,4.0,,,,,,,,False
08263,2005,480,4,11530,2021,4.163052905464007,2127.4500000000003,4.0,,,,,,,,False
08266,2005,1073,4,23858,2021,4.49744320563333,2389.1268318965517,4.0,,,,,,,,False
08279,2005,5542,4,101134,2021,5.479858405679593,2131.018974145121,4.0,,,,,,,,False
08298,2005,1412,4,19836,2021,7.118370639241783,1754.438845144357,4.0,,,,,,,,False
08301,2005,1250,4,26586,2021,4.701722711201384,2462.116756756757,4.0,,,,,,,,False
08305,2005,661,4,18264,2021,3.6191414805081035,2016.4377672209027,4.0,,,,,,,,False
08307,2005,1309,4,33155,2021,3.948122455134972,2193.6841890790547,4.0,,,,,,,,False
09018,2005,520,4,19708,2021,2.638522427440633,1498.086879432624,4.0,,,,,,,,False
09059,2005,3111,4,93766,2021,3.317833756372246,1962.61009110021,4.0,,,,,,,,False
09219,2005,360,4,21007,2021,1.7137144761270053,1600.5484496124031,4.0,,,,,,,,False
10037,2005,2624,4,53756,2021,4.881315574075452,1358.6355581127732,4.0,,,,,,,,False
10148,2005,970,4,22443,2021,4.3220603306153365,1158.41744,4.0,,,,,,,,False
11004,2005,2546,4,55815,2021,4.561497805249485,1415.5592670894998,4.0,,,,,,,,False
11006,2005,768,4,15460,2021,4.967658473479948,1126.1166666666666,4.0,,,,,,,,False
11012,2005,1705,4,56479,2021,3.018821154765488,2215.2515210991164,4.0,,,,,,,,False
11015,2005,2565,4,49229,2021,5.210343496719413,1931.1722170252574,4.0,,,,,,,,False
11020,2005,4908,4,92974,2021,5.27889517499516,1327.888983878847,4.0,,,,,,,,False
11022,2005,1237,4,30028,2021,4.119488477421074,1552.3153846153843,4.0,,,,,,,,False
11027,2005,1107,4,49077,2021,2.255639097744361,1740.9148590021691,4.0,,,,,,,,False
11028,2005,825,4,18626,2021,4.429292386985933,1449.9146842878122,4.0,,,,,,,,False
11030,2005,1229,4,26868,2021,4.5742146791722496,1932.3795166858458,4.0,,,,,,,,False
11031,2005,2135,4,39564,2021,5.396319886765746,1500.6933110367893,4.0,,,,,,,,False
11032,2005,1265,4,34536,2021,3.662844567987028,1572.826454668471,4.0,,,,,,,,False
11033,2005,578,4,19625,2021,2.9452229299363055,2043.0620037807184,4.0,,,,,,,,False
12032,2005,825,4,20301,2021,4.06383921974287,1227.6723880597017,4.0,,,,,,,,False
12040,2005,3960,4,91229,2021,4.340724988764538,1595.5077442973811,4.0,,,,,,,,False
12135,2005,1084,4,25363,2021,4.273942356976699,1290.9426160337553,4.0,,,,,,,,False
12138,2005,1137,4,20887,2021,5.443577344759898,1502.5305424528303,4.0,,,,,,,,False
13005,2005,666,4,17129,2021,3.8881429155233813,1011.8090140845069,4.0,,,,,,,,False
13034,2005,1936,4,41592,2021,4.654741296403154,1625.6100000000001,4.0,,,,,,,,False
13071,2005,1241,4,26589,2021,4.667343638346685,834.3371962616823,4.0,,,,,,,,False
13082,2005,780,4,19217,2021,4.058906176822605,899.5714285714286,4.0,,,,,,,,False
13087,2005,845,4,17368,2021,4.865269461077844,869.0392282958198,4.0,,,,,,,,False
14021,2005,4084,4,155400,2021,2.628056628056628,1673.6133424615853,4.0,,,,,,,,False
14038,2005,228,4,21141,2021,1.0784731091244502,1284.8347383720932,4.0,,,,,,,,False
14056,2005,580,4,14955,2021,3.878301571380809,864.8889855072464,4.0,,,,,,,,False
15005,2005,596,4,17841,2021,3.3406199204080487,1185.2318532818535,4.0,,,,,,,,False
15019,2005,372,4,19427,2021,1.914860760796829,869.5243986254296,4.0,,,,,,,,False
15030,2005,2891,4,136205,2021,2.122535883411035,1794.4722444525282,4.0,,,,,,,,False
15031,2005,472,4,15752,2021,2.9964448958862366,1372.2218678815489,4.0,,,,,,,,False
15036,2005,1276,4,42672,2021,2.9902512185976753,1055.6060422960725,4.0,,,,,,,,False
15054,2005,701,4,21735,2021,3.2252127904301817,984.1919896640828,4.0,,,,,,,,False
15058,2005,563,4,19268,2021,2.921943118123313,1448.466772151899,4.0,,,,,,,,False
15073,2005,523,4,17097,2021,3.059016201672808,1038.29375,4.0,,,,,,,,False
15078,2005,1124,4,56746,2021,1.9807563528706869,1790.7032085561498,4.0,,,,,,,,False
16078,2005,1483,4,31611,2021,4.691404890702604,1523.9088662790698,4.0,,,,,,,,False
17023,2005,943,4,25589,2021,3.6851772245886902,1981.7744084136718,4.0,,,,,,,,False
17066,2005,1098,4,21062,2021,5.213180134839996,1597.420260782347,4.0,,,,,,,,False
17079,2005,2573,4,50333,2021,5.111954383803866,2150.1187,4.0,,,,,,,,False
17095,2005,1808,4,25496,2021,7.0913084405396924,1957.8246025104602,4.0,,,,,,,,False
17114,2005,717,4,16713,2021,4.290073595404775,1624.285518292683,4.0,,,,,,,,False
17155,2005,978,4,11642,2021,8.400618450438069,1646.0275084554678,4.0,,,,,,,,False
18087,2005,2281,4,141257,2021,1.6147872317832037,1860.7704371584698,4.0,,,,,,,,False
18140,2005,1103,4,32841,2021,3.3586066197740627,1468.249375,4.0,,,,,,,,False
19130,2005,1940,4,41937,2021,4.625986598946038,2203.5102547354672,4.0,,,,,,,,False
20030,2005,294,4,13535,2021,2.172146287403029,2511.3077922077914,4.0,,,,,,,,False
20045,2005,946,4,28045,2021,3.3731502941700837,2561.382228490832,4.0,,,,,,,,False
20067,2005,453,4,17999,2021,2.5168064892494026,2675.906666666667,4.0,,,,,,,,False
20069,2005,1826,4,94733,2021,1.92752261619499,3516.356010230179,4.0,,,,,,,,False
21041,2005,3127,4,68714,2021,4.550746572750822,1464.5459361830221,4.0,,,,,,,,False
22125,2005,1018,4,29309,2021,3.4733358354089185,1661.2148199445985,4.0,,,,,,,,False
23005,2005,316,4,20048,2021,1.576217079010375,931.5858611825194,4.0,,,,,,,,False
23050,2005,2254,4,58293,2021,3.8666735285540286,1445.7987096774193,4.0,,,,,,,,False
23055,2005,762,4,29385,2021,2.59315977539561,1075.2832417582417,4.0,,,,,,,,False
23092,2005,518,4,18318,2021,2.827819630964079,1069.2131011608624,4.0,,,,,,,,False
24089,2005,2499,4,79199,2021,3.155342870490789,1458.4008321096426,4.0,,,,,,,,False
24115,2005,794,4,42549,2021,1.8660838092552117,1084.0549648946842,4.0,,,,,,,,False
24142,2005,741,4,17161,2021,4.317930190548337,1111.8254867256637,4.0,,,,,,,,False
25120,2005,3132,4,68299,2021,4.585718678165127,1553.4670284072774,4.0,,,,,,,,False
26089,2005,3565,4,78908,2021,4.517919602575151,2036.9259301879554,4.0,,,,,,,,False
27028,2005,2331,4,62648,2021,3.720789171242498,975.4630208333333,4.0,,,,,,,,False
28005,2005,3007,4,79588,2021,3.7782077700155803,2439.009,4.0,,,,,,,,False
28006,2005,1232,4,42744,2021,2.882275874976605,3268.994074074074,4.0,,,,,,,,False
28007,2005,1546,4,70601,2021,2.1897706831347996,2770.9381474978054,4.0,,,,,,,,False
28013,2005,526,4,25682,2021,2.048127092905537,2041.67832,4.0,,,,,,,,False
28014,2005,1950,4,21573,2021,9.039076623557225,2082.5237373737373,4.0,,,,,,,,False
28022,2005,969,4,19874,2021,4.875717017208413,2683.303409090909,4.0,,,,,,,,False
28045,2005,600,4,20461,2021,2.932407995699135,2490.4519519519517,4.0,,,,,,,,False
28047,2005,1563,4,27922,2021,5.597736551822935,2562.133952702703,4.0,,,,,,,,False
28049,2005,979,4,31337,2021,3.1241024986437758,2684.3877647058825,4.0,,,,,,,,False
28058,2005,2450,4,70944,2021,3.4534280559314388,2290.813676179712,4.0,,,,,,,,False
28061,2005,713,4,15295,2021,4.661654135338346,2261.754857142857,4.0,,,,,,,,False
28065,2005,1900,4,79835,2021,2.3799085614079036,2694.8802425665103,4.0,,,,,,,,False
28074,2005,2549,4,77962,2021,3.2695415715348504,2612.9093244923333,4.0,,,,,,,,False
28079,2005,54570,4,1533221,2021,3.5591737916451707,3487.085416803809,4.0,,,,,,,,False
28080,2005,980,4,25577,2021,3.831567423857372,3166.9398249452947,4.0,,,,,,,,False
28092,2005,1660,4,82103,2021,2.0218506022922424,2314.9868680641184,4.0,,,,,,,,False
28106,2005,1464,4,47256,2021,3.0980192991366176,2234.1929831932775,4.0,,,,,,,,False
28113,2005,802,4,21507,2021,3.7290184591063373,2523.371816283925,4.0,,,,,,,,False
28115,2005,860,4,32327,2021,2.660314907043648,3201.016610925306,4.0,,,,,,,,False
28123,2005,1164,4,35980,2021,3.235130628126737,2335.651167728238,4.0,,,,,,,,False
28127,2005,1690,4,35404,2021,4.773471924076375,2870.8635115606935,4.0,,,,,,,,False
28130,2005,503,4,15621,2021,3.2200243262275143,2714.855467720685,4.0,,,,,,,,False
28134,2005,988,4,36032,2021,2.742007104795737,2915.0878216123497,4.0,,,,,,,,False
28148,2005,1625,4,50494,2021,3.218204143066503,2375.0795541890852,4.0,,,,,,,,False
28161,2005,2100,4,28896,2021,7.267441860465116,2095.691065140845,4.0,,,,,,,,False
28181,2005,471,4,11252,2021,4.185922502666193,2564.9752906976746,4.0,,,,,,,,False
28903,2005,720,4,18542,2021,3.8830762593032033,3007.4391799544414,4.0,,,,,,,,False
29007,2005,491,4,17000,2021,2.888235294117647,1931.6044228694714,4.0,,,,,,,,False
29015,2005,960,4,20944,2021,4.583651642475172,1290.9162790697674,4.0,,,,,,,,False
29025,2005,2197,4,48663,2021,4.514723712060498,2327.3000343997246,4.0,,,,,,,,False
29051,2005,2244,4,50366,2021,4.455386570305365,2327.734473133287,4.0,,,,,,,,False
29054,2005,2200,4,48887,2021,4.5001738703540815,2195.94713281539,4.0,,,,,,,,False
29067,2005,11011,4,261857,2021,4.204966833042462,1904.0455750546055,4.0,,,,,,,,False
29069,2005,4047,4,100282,2021,4.035619552860932,2623.3041880969877,4.0,,,,,,,,False
29070,2005,3406,4,62030,2021,5.490891504110914,2258.8152856519846,4.0,,,,,,,,False
29082,2005,936,4,27620,2021,3.388848660391021,1994.1282339043119,4.0,,,,,,,,False
29084,2005,1093,4,19462,2021,5.616072346110369,1406.237712895377,4.0,,,,,,,,False
29094,2005,1888,4,50454,2021,3.7420224362785905,1830.8875661375662,4.0,,,,,,,,False
29901,2005,1320,4,42938,2021,3.0742000093157578,2160.7038647342997,4.0,,,,,,,,False
30003,2005,1193,4,26137,2021,4.564410605654819,1430.7517935258093,4.0,,,,,,,,False
30005,2005,1046,4,18107,2021,5.776771414370133,1165.9382314694408,4.0,,,,,,,,False
30015,2005,498,4,14630,2021,3.4039644565960354,940.8684000000001,4.0,,,,,,,,False
30016,2005,6152,4,125253,2021,4.911658802583571,1629.8349158792348,4.0,,,,,,,,False
30019,2005,578,4,16704,2021,3.460249042145594,1037.863081395349,4.0,,,,,,,,False
30022,2005,447,4,13679,2021,3.267782732655896,828.091958041958,4.0,,,,,,,,False
30024,2005,1062,4,42431,2021,2.5028870401357497,1222.2421282798834,4.0,,,,,,,,False
30026,2005,2468,4,31537,2021,7.825728509369946,1735.131746031746,4.0,,,,,,,,False
30027,2005,2074,4,32908,2021,6.302418864713747,1275.82197640118,4.0,,,,,,,,False
30030,2005,8519,4,219740,2021,3.8768544643669793,1451.22671594509,4.0,,,,,,,,False
30035,2005,2443,4,41372,2021,5.904959876244804,1863.2650684931507,4.0,,,,,,,,False
30037,2005,1307,4,21899,2021,5.9683090552080005,1353.678801843318,4.0,,,,,,,,False
30039,2005,594,4,15390,2021,3.8596491228070176,1137.4076288659792,4.0,,,,,,,,False
30043,2005,738,4,19242,2021,3.8353601496725913,961.8953436807095,4.0,,,,,,,,False
31201,2005,1902,4,94761,2021,2.0071548421819103,2522.7040025212727,4.0,,,,,,,,False
31232,2005,365,4,17007,2021,2.146175104368789,1440.6554020100502,4.0,,,,,,,,False
32054,2005,1532,4,67492,2021,2.2698986546553668,1303.8458784346378,4.0,,,,,,,,False
33004,2005,1833,4,42296,2021,4.3337431435596745,1301.8440789473684,4.0,,,,,,,,False
33024,2005,4863,4,148955,2021,3.2647443858883554,1826.0246529332735,4.0,,,,,,,,False
33031,2005,668,4,25962,2021,2.572991294969571,964.068508287293,4.0,,,,,,,,False
33037,2005,381,4,25878,2021,1.4722930674704382,1177.4065868263472,4.0,,,,,,,,False
33044,2005,5624,4,127210,2021,4.42103608206902,1788.394380929214,4.0,,,,,,,,False
33066,2005,1021,4,29569,2021,3.4529405796611314,1324.5326388888889,4.0,,,,,,,,False
34120,2005,1981,4,44610,2021,4.440708361353956,1429.0035771065184,4.0,,,,,,,,False
35002,2005,181,4,14365,2021,1.2600069613644274,1354.4254876462937,4.0,,,,,,,,False
35004,2005,1151,4,25339,2021,4.542404988357867,1503.2252086811354,4.0,,,,,,,,False
35006,2005,725,4,17003,2021,4.263953419984708,1382.368142548596,4.0,,,,,,,,False
35011,2005,150,4,13881,2021,1.080613788631943,1225.2291390728478,4.0,,,,,,,,False
35016,2005,7287,4,175181,2021,4.159697684109578,1660.7874411302982,4.0,,,,,,,,False
35017,2005,965,4,18683,2021,5.165123374190441,1533.7797818181818,4.0,,,,,,,,False
35019,2005,1200,4,32766,2021,3.662332906061161,2072.1183119819143,4.0,,,,,,,,False
35022,2005,250,4,30372,2021,0.8231265639404715,1334.7984876260311,4.0,,,,,,,,False
35026,2005,1474,4,46739,2021,3.153683219581078,1399.0884143348062,4.0,,,,,,,,False
36026,2005,157,4,12577,2021,1.2483104078874134,987.3382352941177,4.0,,,,,,,,False
36038,2005,1268,4,42646,2021,2.973315199549782,1442.1272727272728,4.0,,,,,,,,False
36045,2005,231,4,14215,2021,1.6250439676398172,1308.2334507042256,4.0,,,,,,,,False
36057,2005,3708,4,144293,2021,2.569771229373566,1878.4367902393242,4.0,,,,,,,,False
36060,2005,860,4,21149,2021,4.066386117546929,1033.3477516059957,4.0,,,,,,,,False
37274,2005,2949,4,92553,2021,3.186282454377492,1943.2739954853275,4.0,,,,,,,,False
38001,2005,3314,4,26798,2021,12.366594521979252,1982.409904661017,4.0,,,,,,,,False
38006,2005,3174,4,53746,2021,5.9055557622892865,1822.083843674456,4.0,,,,,,,,False
38017,2005,1284,4,24284,2021,5.287432054027343,1597.743711760707,4.0,,,,,,,,False
38023,2005,1783,4,74096,2021,2.406337724033686,1397.513002680965,4.0,,,,,,,,False
38026,2005,446,4,17819,2021,2.5029462932824513,1351.6113871635612,4.0,,,,,,,,False
38028,2005,1035,4,20779,2021,4.980990423023244,1837.8281729428174,4.0,,,,,,,,False
38031,2005,609,4,17417,2021,3.4965837974392833,1383.9310344827586,4.0,,,,,,,,False
38038,2005,3145,4,97227,2021,3.234698180546556,1581.2153023598821,4.0,,,,,,,,False
39016,2005,692,4,13768,2021,5.0261475886112725,1699.1455319148936,4.0,,,,,,,,False
39020,2005,1178,4,24994,2021,4.713131151476355,2302.9207031250003,4.0,,,,,,,,False
39075,2005,3300,4,93407,2021,3.5329257978524096,2081.8445017736212,4.0,,,,,,,,False
39087,2005,1001,4,26596,2021,3.7637238682508647,1514.0925153374233,4.0,,,,,,,,False
40194,2005,630,4,29036,2021,2.1697203471552555,2189.534550195567,4.0,,,,,,,,False
41004,2005,1447,4,32822,2021,4.408628359027482,1436.8484756097562,4.0,,,,,,,,False
41021,2005,225,4,13079,2021,1.7203150087927213,1520.4471598414796,4.0,,,,,,,,False
41024,2005,413,4,15565,2021,2.653389013813042,1165.4256658595643,4.0,,,,,,,,False
41034,2005,321,4,13904,2021,2.3086881472957423,1364.4575342465755,4.0,,,,,,,,False
41038,2005,2382,4,56736,2021,4.19839255499154,1595.8344405030634,4.0,,,,,,,,False
41039,2005,39,4,18684,2021,0.20873474630700065,983.9899713467049,4.0,,,,,,,,False
41059,2005,460,4,19554,2021,2.3524598547611744,1603.8111695137975,4.0,,,,,,,,False
41065,2005,181,4,13352,2021,1.3556021569802277,1071.6537859007833,4.0,,,,,,,,False
41069,2005,312,4,16512,2021,1.8895348837209303,1074.1671081677705,4.0,,,,,,,,False
41081,2005,606,4,16016,2021,3.783716283716284,1371.8944521497922,4.0,,,,,,,,False
41091,2005,9816,4,327393,2021,2.998231483263234,1889.8563699967463,4.0,,,,,,,,False
41095,2005,632,4,23030,2021,2.7442466348241426,1225.9339779005525,4.0,,,,,,,,False
42173,2005,411,4,25244,2021,1.6281096498177785,1596.7384353741495,4.0,,,,,,,,False
43038,2005,1411,4,31733,2021,4.44647527810166,2074.6286255411255,4.0,,,,,,,,False
43123,2005,3062,4,51284,2021,5.970673114421652,1590.3327591706536,4.0,,,,,,,,False
43148,2005,3670,4,67200,2021,5.461309523809524,1807.2764518925167,4.0,,,,,,,,False
43155,2005,1029,4,19654,2021,5.23557545537804,1087.9296089385475,4.0,,,,,,,,False
43163,2005,1899,4,31063,2021,6.113382480764897,1819.9311075781663,4.0,,,,,,,,False
44216,2005,294,4,21490,2021,1.3680781758957654,1506.3861985472156,4.0,,,,,,,,False
45165,2005,1513,4,43263,2021,3.4972147100293554,1508.0522613065325,4.0,,,,,,,,False
45168,2005,1389,4,40498,2021,3.429799002419873,2014.1923529411763,4.0,,,,,,,,False
46005,2005,462,4,13175,2021,3.506641366223909,1192.3156756756757,4.0,,,,,,,,False
46017,2005,1369,4,24652,2021,5.553301963329547,1031.8624581005588,4.0,,,,,,,,False
46021,2005,457,4,14434,2021,3.166135513371207,1211.135214446953,4.0,,,,,,,,False
46029,2005,778,4,14059,2021,5.533821751191407,901.252693208431,4.0,,,,,,,,False
46078,2005,816,4,17991,2021,4.5356011339002835,1289.7704225352113,4.0,,,,,,,,False
46102,2005,338,4,12037,2021,2.8080086400265847,1258.2534059945503,4.0,,,,,,,,False
46110,2005,716,4,13504,2021,5.302132701421801,1263.6686514886164,4.0,,,,,,,,False
46131,2005,2168,4,54541,2021,3.974991290955428,1406.455427473583,4.0,,,,,,,,False
46145,2005,451,4,16908,2021,2.6673763898746157,960.4957716701903,4.0,,,,,,,,False
46159,2005,664,4,14239,2021,4.663248823653347,1297.3771276595744,4.0,,,,,,,,False
46169,2005,786,4,20270,2021,3.8776517020226935,1435.6095041322315,4.0,,,,,,,,False
46181,2005,973,4,21085,2021,4.614654967986721,1282.7319379844962,4.0,,,,,,,,False
46184,2005,785,4,19230,2021,4.082163286531461,769.250519031142,4.0,,,,,,,,False
46190,2005,1471,4,33020,2021,4.454875832828589,1461.2260231660232,4.0,,,,,,,,False
46220,2005,1817,4,41287,2021,4.400901010003149,1283.0334305150632,4.0,,,,,,,,False
46235,2005,614,4,25186,2021,2.437862304454856,1139.7235294117647,4.0,,,,,,,,False
46244,2005,1852,4,40564,2021,4.565624691844985,1460.151393389501,4.0,,,,,,,,False
46250,2005,13333,4,414988,2021,3.2128639864285233,1732.7954032595069,4.0,,,,,,,,False
47186,2005,4912,4,159363,2021,3.0822712925835987,1787.1943470187746,4.0,,,,,,,,False
48013,2005,1988,4,46654,2021,4.261156599648476,2584.0014005602243,4.0,,,,,,,,False
48015,2005,435,4,19257,2021,2.258918834709456,2530.066666666667,4.0,,,,,,,,False
48020,2005,3800,4,165685,2021,2.293508766635483,2788.389940535183,4.0,,,,,,,,False
48027,2005,173,4,13360,2021,1.2949101796407185,2372.203631284916,4.0,,,,,,,,False
48036,2005,98,4,13683,2021,0.7162172038295695,2477.3176666666664,4.0,,,,,,,,False
48044,2005,427,4,34366,2021,1.2425071291392655,3230.7390134529146,4.0,,,,,,,,False
48054,2005,242,4,13804,2021,1.753115039119096,2834.0358757062145,4.0,,,,,,,,False
48078,2005,347,4,21560,2021,1.6094619666048238,2636.589494949495,4.0,,,,,,,,False
48082,2005,390,4,21669,2021,1.7998061747196457,2655.1376363636364,4.0,,,,,,,,False
48084,2005,391,4,13547,2021,2.8862478777589136,2300.2733021077283,4.0,,,,,,,,False
49275,2005,1500,4,39710,2021,3.777386048854193,1351.018245004344,4.0,,,,,,,,False
50297,2005,12147,4,338961,2021,3.5835981130572545,2173.2068784045796,4.0,,,,,,,,False
51001,2005,922,4,28315,2021,3.2562246159279535,1460.7713153724246,4.0,,,,,,,,False
52001,2005,1068,4,29347,2021,3.6392135482332093,1174.4488408037093,4.0,,,,,,,,False
01059,2006,2618,4,119853,2021,2.1843424862122767,2884.367384973792,4.0,0.05908809390465941,,,,,,,False
02003,2006,2928,4,86881,2021,3.370126955260644,1863.496726504752,4.0,0.11152630011318188,,,,,,,False
02009,2006,585,4,13292,2021,4.401143544989467,939.0232919254659,4.0,0.151598329687205,,,,,,,False
02037,2006,452,4,16661,2021,2.712922393613829,877.1732584269662,4.0,0.1730611057394973,,,,,,,False
02081,2006,317,4,15102,2021,2.0990597271884517,925.3877697841726,4.0,0.06430379760394112,,,,,,,False
03009,2006,2203,4,33876,2021,6.50312905892077,1012.7280148423006,4.0,0.08360881744815907,,,,,,,False
03014,2006,9547,4,187658,2021,5.087446311907832,1796.7985593414132,4.0,0.09391504909698001,,,,,,,False
03031,2006,2823,4,60479,2021,4.667735908331817,2769.1819628647218,4.0,0.17875202329739825,,,,,,,False
03047,2006,1506,4,26156,2021,5.757761125554366,2451.4722439405787,4.0,0.21135327835692186,,,,,,,False
03059,2006,516,4,15357,2021,3.360031256104708,1102.6503340757238,4.0,0.20270280876711944,,,,,,,False
03063,2006,3469,4,45237,2021,7.668501447929792,2224.5292291220558,4.0,0.0403110973903702,,,,,,,False
03065,2006,4666,4,116080,2021,4.019641626464507,1490.4297396257118,4.0,0.18607365048835178,,,,,,,False
03066,2006,1243,4,27488,2021,4.5219732246798605,984.1752464403066,4.0,0.07015417980764083,,,,,,,False
03082,2006,1156,4,26819,2021,4.310376971550021,2214.129767911201,4.0,-0.009367141652727562,,,,,,,False
03093,2006,522,4,13780,2021,3.7880986937590713,1116.6643926788686,4.0,0.16820637378264425,,,,,,,False
03099,2006,5558,4,88508,2021,6.27965833596963,1845.4706090879797,4.0,0.006833114531973772,,,,,,,False
03104,2006,737,4,16474,2021,4.473716158795678,979.0258474576272,4.0,-0.01450751636732972,,,,,,,False
03121,2006,2191,4,45155,2021,4.852175838777544,2032.6991228070174,4.0,0.09874560946356059,,,,,,,False
03122,2006,1923,4,27151,2021,7.082612058487717,1640.431008801625,4.0,0.013590574303761871,,,,,,,False
03133,2006,7166,4,122736,2021,5.838547777343241,2054.722931068536,4.0,0.0531636200543526,,,,,,,False
03139,2006,1995,4,25780,2021,7.7385570209464705,2100.5901860166773,4.0,0.09718613855795821,,,,,,,False
03140,2006,703,4,18609,2021,3.7777419528185288,1038.621862348178,4.0,0.14189132731728105,,,,,,,False
04013,2006,5658,4,100957,2021,5.604366215319393,1755.2591094086667,4.0,0.11772769693902463,,,,,,,False
04079,2006,4827,4,62150,2021,7.766693483507643,1779.2731282744633,4.0,0.09622502373310193,,,,,,,False
04902,2006,3491,4,40014,2021,8.72444644374469,1613.6141109785203,4.0,0.20070557323683502,,,,,,,False
05019,2006,1990,4,34843,2021,5.711333696868811,1661.644474576271,4.0,0.1008310709475504,,,,,,,False
06011,2006,797,4,17292,2021,4.609067777006708,827.8794988610478,4.0,0.0593181902201374,,,,,,,False
06015,2006,2157,4,74594,2021,2.891653484194439,1493.4801068090785,4.0,0.13812132428077062,,,,,,,False
06044,2006,148,4,21262,2021,0.6960775091712915,863.3960000000001,4.0,0.07398913091116288,,,,,,,False
06083,2006,1526,4,31358,2021,4.866381784552586,1095.2532679738563,4.0,0.12462521286973605,,,,,,,False
07011,2006,1915,4,36492,2021,5.247725528883043,2804.9425711275026,4.0,0.134136632867486,,,,,,,False
07015,2006,827,4,17887,2021,4.623469558897523,2470.553821656051,4.0,0.15823635712040685,,,,,,,False
07026,2006,1137,4,23938,2021,4.749770239786114,2715.686583184258,4.0,0.2065022804255816,,,,,,,False
07027,2006,881,4,15863,2021,5.553804450608334,1826.4618595825427,4.0,0.12684609094386645,,,,,,,False
07031,2006,1099,4,23312,2021,4.714310226492794,2374.2423903697336,4.0,0.13753463996947835,,,,,,,False
07032,2006,596,4,15173,2021,3.928030053384301,2266.257917261056,4.0,0.1269553198885296,,,,,,,False
07033,2006,938,4,28571,2021,3.283049245738686,1808.6608652900688,4.0,0.1224766702046669,,,,,,,False
07036,2006,697,4,15048,2021,4.631844763423711,2393.2468051118212,4.0,0.10172745554321172,,,,,,,False
07040,2006,8412,4,186482,2021,4.510891131583746,2297.017627764258,4.0,0.11881094002992909,,,,,,,False
07054,2006,730,4,22810,2021,3.2003507233669444,2636.0463414634146,4.0,0.08817175330844051,,,,,,,False
08015,2006,4148,4,91915,2021,4.512865147146821,2778.4062902614633,4.0,0.12284375862891173,,,,,,,False
08019,2006,21310,4,808751,2021,2.634927190198219,3469.1529641827915,4.0,0.12710465393801962,,,,,,,False
08056,2006,1239,4,28708,2021,4.3158701407273234,3242.175338491296,4.0,0.136736777500712,,,,,,,False
08073,2006,1169,4,37034,2021,3.1565588378247016,3115.141286863271,4.0,0.12797929587066315,,,,,,,False
08077,2006,483,4,19420,2021,2.487126673532441,3262.2179439252336,4.0,0.11553816358467794,,,,,,,False
08089,2006,798,4,20359,2021,3.9196424185863745,2843.415954773869,4.0,0.11039799311933574,,,,,,,False
08096,2006,1029,4,26298,2021,3.9128450832762947,2449.784,4.0,0.10696120558920774,,,,,,,False
08101,2006,3732,4,110488,2021,3.3777423792629064,3161.4039780219778,4.0,0.09786057401412251,,,,,,,False
08102,2006,520,4,18257,2021,2.848222599550857,2059.0547594677582,4.0,0.21457232972060947,,,,,,,False
08113,2006,2113,4,40136,2021,5.2646003587801475,2006.1168057874233,4.0,0.23989695195441763,,,,,,,False
08114,2006,352,4,10685,2021,3.2943378568086104,2274.74877675841,4.0,0.14392700843289874,,,,,,,False
08121,2006,2596,4,52996,2021,4.898482904370141,2562.1479506172836,4.0,0.11992550188496076,,,,,,,False
08124,2006,975,4,20857,2021,4.674689552668169,2454.023522727273,4.0,0.11919628334537125,,,,,,,False
08125,2006,598,4,15304,2021,3.907475169890225,2457.5650943396226,4.0,0.1415703714973322,,,,,,,False
08169,2006,797,4,26518,2021,3.0055056942454184,2591.757542372881,4.0,0.16519582146491563,,,,,,,False
08172,2006,459,4,12313,2021,3.727767400308617,2600.4676136363637,4.0,0.1114751069559774,,,,,,,False
08180,2006,700,4,15427,2021,4.537499189732287,2541.514790286976,4.0,0.13414276862310315,,,,,,,False
08184,2006,1800,4,32476,2021,5.542554501785935,2503.72309535218,4.0,0.1263519765880956,,,,,,,False
08187,2006,4166,4,92772,2021,4.490579054024922,2527.1483165719283,4.0,0.15285056962988186,,,,,,,False
08194,2006,575,4,14877,2021,3.8650265510519595,2797.9180645161287,4.0,0.09472370213983905,,,,,,,False
08200,2006,1271,4,33904,2021,3.748820198206701,2780.313470873786,4.0,0.15104879365883583,,,,,,,False
08205,2006,903,4,35770,2021,2.524461839530333,3638.588335358445,4.0,0.19816249794483753,,,,,,,False
08211,2006,607,4,18719,2021,3.2426945883861316,2919.755994358251,4.0,0.11246694888951203,,,,,,,False
08217,2006,398,4,13577,2021,2.9314281505487223,3162.4160465116283,4.0,0.15462196225932456,,,,,,,False
08231,2006,685,4,14150,2021,4.840989399293286,2433.2595323741007,4.0,0.11983210713494685,,,,,,,False
08245,2006,1964,4,48100,2021,4.083160083160083,2724.2670684154555,4.0,0.11166882368993192,,,,,,,False
08252,2006,838,4,13768,2021,6.0865775711795465,2439.065339966832,4.0,0.10786524794480523,,,,,,,False
08263,2006,379,4,11530,2021,3.2870771899392888,2465.7424603174604,4.0,0.15901311914144167,,,,,,,False
08266,2006,809,4,23858,2021,3.3908961354681866,2728.8129198966412,4.0,0.14218001466688057,,,,,,,False
08279,2006,5142,4,101134,2021,5.084343544208673,2510.0634857521536,4.0,0.17787007821415113,,,,,,,False
08298,2006,1198,4,19836,2021,6.039524097600323,2129.3786516853934,4.0,0.2137092481614462,,,,,,,False
08301,2006,1123,4,26586,2021,4.224027683743324,2662.413719735877,4.0,0.08135152909765453,,,,,,,False
08305,2006,694,4,18264,2021,3.7998247919404293,2260.4476861167004,4.0,0.12101038914386986,,,,,,,False
08307,2006,1398,4,33155,2021,4.216558588448198,2528.0280634920637,4.0,0.15241203637127554,,,,,,,False
09018,2006,636,4,19708,2021,3.227115892023544,1644.3279386712095,4.0,0.09761854352130217,,,,,,,False
09059,2006,3982,4,93766,2021,4.246741889384212,2131.7935782747604,4.0,0.08620331055146502,,,,,,,False
09219,2006,716,4,21007,2021,3.408387680297044,1862.769957081545,4.0,0.1638322835729482,,,,,,,False
10037,2006,1802,4,53756,2021,3.3521839422576085,1550.8115049751243,4.0,0.14144775301574986,,,,,,,False
10148,2006,873,4,22443,2021,3.889854297553803,1247.4689655172415,4.0,0.07687343304952443,,,,,,,False
11004,2006,3067,4,55815,2021,5.494938636567231,1594.8265650080257,4.0,0.12664061624711298,,,,,,,False
11006,2006,1350,4,15460,2021,8.732212160413972,1275.0412724306689,4.0,0.13224616078618467,,,,,,,False
11012,2006,1563,4,56479,2021,2.767400272667717,2403.7844410097887,4.0,0.08510677822134172,,,,,,,False
11015,2006,2671,4,49229,2021,5.425663734790469,2006.0575571895426,4.0,0.038777142454771374,,,,,,,False
11020,2006,4326,4,92974,2021,4.652913717813583,1522.654177026355,4.0,0.14667279833784486,,,,,,,False
11022,2006,1255,4,30028,2021,4.179432529639004,1921.6330188679249,4.0,0.23791404627742319,,,,,,,False
11027,2006,712,4,49077,2021,1.4507814251074842,1910.656465067779,4.0,0.09750138278611731,,,,,,,False
11028,2006,619,4,18626,2021,3.3233115000536886,1766.6386214442014,4.0,0.21844315433770634,,,,,,,False
11030,2006,1054,4,26868,2021,3.922882239094834,2212.5764290301863,4.0,0.14500097414864754,,,,,,,False
11031,2006,1438,4,39564,2021,3.6346173288848447,1763.0579970831307,4.0,0.17482898345504094,,,,,,,False
11032,2006,1139,4,34536,2021,3.2980078758397036,1908.6511123787795,4.0,0.2135166640372257,,,,,,,False
11033,2006,854,4,19625,2021,4.351592356687898,2200.225790513834,4.0,0.07692560795623504,,,,,,,False
12032,2006,1074,4,20301,2021,5.290379784247081,1394.0918163672654,4.0,0.13555687162646413,,,,,,,False
12040,2006,3919,4,91229,2021,4.295783139133389,1726.1305372529146,4.0,0.08186910619669607,,,,,,,False
12135,2006,1288,4,25363,2021,5.078263612348697,1395.470552611658,4.0,0.08097024242568618,,,,,,,False
12138,2006,1195,4,20887,2021,5.721262029013261,1684.522857142857,4.0,0.12112387039595895,,,,,,,False
13005,2006,724,4,17129,2021,4.226749956214607,1171.644705882353,4.0,0.157970219253746,,,,,,,False
13034,2006,2298,4,41592,2021,5.525100980957877,1883.5915204678363,4.0,0.1586982858544399,,,,,,,False
13071,2006,1222,4,26589,2021,4.595885516567002,990.8020807833536,4.0,0.1875319537744755,,,,,,,False
13082,2006,1421,4,19217,2021,7.394494458031951,1016.5720588235293,4.0,0.1300626348681444,,,,,,,False
13087,2006,1011,4,17368,2021,5.821050207277752,998.6632829373651,4.0,0.14915788657289641,,,,,,,False
14021,2006,4763,4,155400,2021,3.064993564993565,1997.6321144912333,4.0,0.1936043193543584,,,,,,,False
14038,2006,637,4,21141,2021,3.013102502246819,1413.9490781387183,4.0,0.10049100939644195,,,,,,,False
14056,2006,582,4,14955,2021,3.8916750250752257,1047.5310891089107,4.0,0.2111740427524893,,,,,,,False
15005,2006,437,4,17841,2021,2.4494142705005326,1289.9822393822394,4.0,0.0883796582165226,,,,,,,False
15019,2006,449,4,19427,2021,2.311216348381119,973.0543417366947,4.0,0.11906502367837901,,,,,,,False
15030,2006,3386,4,136205,2021,2.4859586652472374,2025.6056729699665,4.0,0.12880301115381942,,,,,,,False
15031,2006,516,4,15752,2021,3.275774504824784,1550.33712,4.0,0.1298006221059771,,,,,,,False
15036,2006,1159,4,42672,2021,2.716066741657293,1187.3487640449437,4.0,0.12480292502145462,,,,,,,False
15054,2006,727,4,21735,2021,3.344835518748562,1121.0422138836773,4.0,0.13904830120219036,,,,,,,False
15058,2006,856,4,19268,2021,4.4425991280880215,1605.5159722222222,4.0,0.10842444099494575,,,,,,,False
15073,2006,627,4,17097,2021,3.667310054395508,1228.7107142857142,3.0,0.18339411586144494,,,,,,,False
15078,2006,1563,4,56746,2021,2.7543791632890424,1542.549257759784,4.0,-0.13857905073864984,,,,,,,False
16078,2006,1669,4,31611,2021,5.279807661889849,1740.987972508591,4.0,0.14244887672289974,,,,,,,False
17023,2006,1023,4,25589,2021,3.997811559654539,2263.536587366694,4.0,0.1421767168638337,,,,,,,False
17066,2006,1142,4,21062,2021,5.422087171208812,1850.3296235679218,4.0,0.15832362277770962,,,,,,,False
17079,2006,2362,4,50333,2021,4.692746309578209,2511.9317312179182,4.0,0.1682758404072846,,,,,,,False
17095,2006,1716,4,25496,2021,6.73046752431754,2217.8714482758623,4.0,0.1328243834672176,,,,,,,False
17114,2006,610,4,16713,2021,3.6498534075270745,1944.6382730455075,4.0,0.19722687369001068,,,,,,,False
17155,2006,977,4,11642,2021,8.392028861020444,1967.2634028892458,4.0,0.1951582782083674,,,,,,,False
18087,2006,2599,4,141257,2021,1.8399088186780124,2024.3680134680137,4.0,0.08791926883757317,,,,,,,False
18140,2006,1841,4,32841,2021,5.605797631010018,1688.4866028708134,4.0,0.14999987850893048,,,,,,,False
19130,2006,1631,4,41937,2021,3.889167083959272,2360.2138504155128,4.0,0.07111543744499516,,,,,,,False
20030,2006,236,4,13535,2021,1.7436276320650166,2683.206486486487,4.0,0.06844987094456179,,,,,,,False
20045,2006,946,4,28045,2021,3.3731502941700837,2990.3871698113207,4.0,0.16748962202851647,,,,,,,False
20067,2006,970,4,17999,2021,5.389188288238236,3280.9182608695655,4.0,0.22609592544442192,,,,,,,False
20069,2006,1718,4,94733,2021,1.8135179926741474,4055.1341756919373,4.0,0.1532205965193183,,,,,,,False
21041,2006,3282,4,68714,2021,4.77631923625462,1617.0768530907146,4.0,0.10414894687784715,,,,,,,False
22125,2006,1197,4,29309,2021,4.084069739670408,1976.8392259414227,4.0,0.18999614150284927,,,,,,,False
23005,2006,640,4,20048,2021,3.192338387869114,1137.7133484162896,4.0,0.22126515206244113,,,,,,,False
23050,2006,2014,4,58293,2021,3.454960286826892,1655.0906588003932,4.0,0.14475870515174982,,,,,,,False
23055,2006,531,4,29385,2021,1.8070444104134762,1257.4718286655684,4.0,0.16943311290653273,,,,,,,False
23092,2006,732,4,18318,2021,3.996069439895185,1270.4367534456355,4.0,0.18819789251207397,,,,,,,False
24089,2006,2567,4,79199,2021,3.2412025404361167,1602.5594553706505,4.0,0.09884705225550094,,,,,,,False
24115,2006,957,4,42549,2021,2.2491715433970247,1190.6787944025834,4.0,0.09835647910920997,,,,,,,False
24142,2006,869,4,17161,2021,5.063807470427132,1272.9976645435245,4.0,0.14496175860522342,,,,,,,False
25120,2006,3731,4,68299,2021,5.462744696115609,1779.1236810906935,4.0,0.14526002068725918,,,,,,,False
26089,2006,4351,4,78908,2021,5.514016322806306,2260.044129082426,4.0,0.10953672668592462,,,,,,,False
27028,2006,1817,4,62648,2021,2.900332013791342,1141.5178204249487,4.0,0.1702317730607108,,,,,,,False
28005,2006,2809,4,79588,2021,3.529426546715585,2682.649319291035,4.0,0.09989316123517189,,,,,,,False
28006,2006,923,4,42744,2021,2.159367396593674,3439.503126994257,4.0,0.05215948669728898,,,,,,,False
28007,2006,1959,4,70601,2021,2.7747482330278608,2990.520132560066,4.0,0.07924463606686638,,,,,,,False
28013,2006,1468,4,25682,2021,5.716065726968305,2342.9138705416112,4.0,0.14754310098253454,,,,,,,False
28014,2006,1274,4,21573,2021,5.905530060724053,2274.1481733220053,4.0,0.09201548703109852,,,,,,,False
28022,2006,647,4,19874,2021,3.2555097111804367,3000.5713574097135,4.0,0.11823782105441949,,,,,,,False
28045,2006,679,4,20461,2021,3.318508381799521,2676.4248842592588,4.0,0.0746743707147397,,,,,,,False
28047,2006,1619,4,27922,2021,5.798295251056515,2624.198303287381,4.0,0.02422369467420249,,,,,,,False
28049,2006,1074,4,31337,2021,3.427258512301752,2916.271659919029,4.0,0.08638241399470581,,,,,,,False
28058,2006,2072,4,70944,2021,2.920613441587731,2494.0004118404117,4.0,0.08869631684735935,,,,,,,False
28061,2006,715,4,15295,2021,4.674730304020922,2387.348287671233,4.0,0.055529196779102286,,,,,,,False
28065,2006,1964,4,79835,2021,2.460073902423749,2943.860211267606,4.0,0.0923899937252779,,,,,,,False
28074,2006,2191,4,77962,2021,2.8103435006798185,2837.9358618354213,4.0,0.08612106636605499,,,,,,,False
28079,2006,51913,4,1533221,2021,3.385878487184822,3697.503165238991,4.0,0.06034201153238361,,,,,,,False
28080,2006,1384,4,25577,2021,5.411111545529186,3320.349317738792,4.0,0.048440924448618805,,,,,,,False
28092,2006,1483,4,82103,2021,1.8062677368671058,2554.1084858569056,4.0,0.10329286143758987,,,,,,,False
28106,2006,2502,4,47256,2021,5.294565769426105,2411.8143030671117,4.0,0.0795013327899563,,,,,,,False
28113,2006,704,4,21507,2021,3.2733528618589296,2676.3730255164032,4.0,0.060633636408683245,,,,,,,False
28115,2006,968,4,32327,2021,2.994400965137501,3391.6677419354837,4.0,0.059559556910598666,,,,,,,False
28123,2006,1529,4,35980,2021,4.2495831017231795,2464.1430643699,4.0,0.05501330781626912,,,,,,,False
28127,2006,1861,4,35404,2021,5.2564681956841035,3138.704140310523,4.0,0.09329619038705994,,,,,,,False
28130,2006,432,4,15621,2021,2.76550797004033,2991.473058933583,4.0,0.10189035641191557,,,,,,,False
28134,2006,2253,4,36032,2021,6.252775310834814,3102.4382929642447,4.0,0.06426923743527935,,,,,,,False
28148,2006,2515,4,50494,2021,4.980789796807541,2586.3399338942304,4.0,0.08894875935104207,,,,,,,False
28161,2006,2376,4,28896,2021,8.222591362126245,2238.5325625473847,4.0,0.0681596155953168,,,,,,,False
28181,2006,379,4,11252,2021,3.368290081763242,2747.489567430025,4.0,0.07115634891075562,,,,,,,False
28903,2006,668,4,18542,2021,3.6026318627979723,2789.689898989899,4.0,-0.07240355263571474,,,,,,,False
29007,2006,441,4,17000,2021,2.5941176470588236,1966.5721105527637,4.0,0.01810292380224854,,,,,,,False
29015,2006,792,4,20944,2021,3.7815126050420167,1566.878536585366,4.0,0.21377238941820198,,,,,,,False
29025,2006,2238,4,48663,2021,4.598976635225942,2707.8363725973386,4.0,0.16350978927208448,,,,,,,False
29051,2006,1788,4,50366,2021,3.5500138982647025,2503.1932482364796,4.0,0.07537748704946301,,,,,,,False
29054,2006,2378,4,48887,2021,4.8642788471372755,2439.9985800344234,4.0,0.11113721435822499,,,,,,,False
29067,2006,9726,4,261857,2021,3.714240978854871,2149.5584942084943,4.0,0.12894277446423397,,,,,,,False
29069,2006,4432,4,100282,2021,4.41953690592529,2655.842596917328,4.0,0.012403597328888072,,,,,,,False
29070,2006,3776,4,62030,2021,6.087377075608576,2418.676308539945,4.0,0.07077206529608637,,,,,,,False
29082,2006,798,4,27620,2021,2.889210716871832,2288.207725947522,4.0,0.14747270864694118,,,,,,,False
29084,2006,903,4,19462,2021,4.639810913575172,1684.0860465116277,4.0,0.19758276361695226,,,,,,,False
29094,2006,2050,4,50454,2021,4.06310698854402,1982.104664445502,4.0,0.0825922361944611,,,,,,,False
29901,2006,1515,4,42938,2021,3.528343192510131,2409.143211009174,4.0,0.1149807478617273,,,,,,,False
30003,2006,1531,4,26137,2021,5.857596510693653,1511.1666411629687,4.0,0.0562046107515215,,,,,,,False
30005,2006,831,4,18107,2021,4.589385320594245,1295.9945251396648,4.0,0.11154646975278704,,,,,,,False
30015,2006,490,4,14630,2021,3.349282296650718,999.2566091954025,4.0,0.062057785334699744,,,,,,,False
30016,2006,5290,4,125253,2021,4.223451733691009,1736.8095908408409,4.0,0.06563528239539362,,,,,,,False
30019,2006,604,4,16704,2021,3.6159003831417627,1121.3826958105647,4.0,0.08047267111855283,,,,,,,False
30022,2006,559,4,13679,2021,4.086556034797866,932.2333333333335,4.0,0.12576064080808136,,,,,,,False
30024,2006,1048,4,42431,2021,2.4698922957271807,1285.802894736842,4.0,0.05200341649686924,,,,,,,False
30026,2006,2354,4,31537,2021,7.464248343215905,1834.1420015760439,4.0,0.05706209673745799,,,,,,,False
30027,2006,2537,4,32908,2021,7.709371581378388,1421.589373007439,4.0,0.11425371196178746,,,,,,,False
30030,2006,9225,4,219740,2021,4.19814326021662,1571.3640256516342,4.0,0.08278328147253444,,,,,,,False
30035,2006,3330,4,41372,2021,8.048921976215798,2015.364088983051,4.0,0.081630371900282,,,,,,,False
30037,2006,1972,4,21899,2021,9.004977396228139,1680.5186598812552,4.0,0.24144564987859463,,,,,,,False
30039,2006,507,4,15390,2021,3.294346978557505,1300.289603960396,4.0,0.1432045741216048,,,,,,,False
30043,2006,871,4,19242,2021,4.52655649100925,1073.2940233236152,4.0,0.11581164247727482,,,,,,,False
31201,2006,1972,4,94761,2021,2.0810248942075327,2670.820491803279,4.0,0.05871338418378591,,,,,,,False
31232,2006,672,4,17007,2021,3.9513141647556886,1681.750684931507,4.0,0.16735111157399096,,,,,,,False
32054,2006,1231,4,67492,2021,1.8239198719848277,1394.06713091922,4.0,0.06919625545996233,,,,,,,False
33004,2006,1393,4,42296,2021,3.2934556459239643,1465.9793168880456,4.0,0.1260790294283105,,,,,,,False
33024,2006,4845,4,148955,2021,3.2526601993890774,2034.2535274356103,4.0,0.11403398862542402,,,,,,,False
33031,2006,1055,4,25962,2021,4.0636314613666125,1120.3169911504424,4.0,0.16207197052907696,,,,,,,False
33037,2006,598,4,25878,2021,2.3108431872633126,1239.6162393162394,4.0,0.05283616822424597,,,,,,,False
33044,2006,5590,4,127210,2021,4.394308623535886,1901.8407505412556,4.0,0.06343476071150311,,,,,,,False
33066,2006,1165,4,29569,2021,3.93993709628327,1407.132543640898,4.0,0.062361547255868066,,,,,,,False
34120,2006,1786,4,44610,2021,4.003586639766868,1658.3386243386244,4.0,0.1604859854140248,,,,,,,False
35002,2006,156,4,14365,2021,1.085972850678733,1465.0276623376624,4.0,0.08165984448769636,,,,,,,False
35004,2006,1466,4,25339,2021,5.78554796953313,1691.9728726147498,4.0,0.1255618006161654,,,,,,,False
35006,2006,747,4,17003,2021,4.393342351349761,1468.451374207188,4.0,0.0622722913014222,,,,,,,False
35011,2006,187,4,13881,2021,1.3471651898278223,1369.161181434599,4.0,0.11747357108293,,,,,,,False
35016,2006,7482,4,175181,2021,4.271011125635771,1800.2360622946137,4.0,0.0839653634840889,,,,,,,False
35017,2006,902,4,18683,2021,4.827918428517904,1705.880438545874,4.0,0.11220688834721737,,,,,,,False
35019,2006,1651,4,32766,2021,5.038759689922481,2274.0226145755078,4.0,0.09743859770269503,,,,,,,False
35022,2006,475,4,30372,2021,1.5639404714868959,1448.1264159702878,4.0,0.08490264964699867,,,,,,,False
35026,2006,1680,4,46739,2021,3.594428635614797,1521.7540284360189,4.0,0.08767538408895614,,,,,,,False
36026,2006,242,4,12577,2021,1.9241472529220005,1233.074358974359,4.0,0.24888747836959757,,,,,,,False
36038,2006,1210,4,42646,2021,2.837311822914224,1533.8866090712743,4.0,0.06362776578690665,,,,,,,False
36045,2006,219,4,14215,2021,1.5406260991909955,1419.1010380622836,4.0,0.08474602701710277,,,,,,,False
36057,2006,3174,4,144293,2021,2.1996909066967905,2209.0618852459015,4.0,0.17601076422936424,,,,,,,False
36060,2006,702,4,21149,2021,3.3193058773464466,1249.1655844155844,4.0,0.2088530530735384,,,,,,,False
37274,2006,3369,4,92553,2021,3.6400764967099932,2180.4054509415264,4.0,0.12202677337684231,,,,,,,False
38001,2006,3014,4,26798,2021,11.247107993133817,2100.12559793148,4.0,0.05938009742268302,,,,,,,False
38006,2006,3280,4,53746,2021,6.102779741748223,1966.9554448398576,4.0,0.07950874580680667,,,,,,,False
38017,2006,1651,4,24284,2021,6.7987152034261245,1689.409533898305,4.0,0.05737204375323923,,,,,,,False
38023,2006,2181,4,74096,2021,2.9434787302958325,1529.8691438763376,4.0,0.09470834327942779,,,,,,,False
38026,2006,639,4,17819,2021,3.586059823783602,1438.1139963167589,4.0,0.06399961555127809,,,,,,,False
38028,2006,1202,4,20779,2021,5.784686462293662,2041.0041666666668,4.0,0.11055222502031525,,,,,,,False
38031,2006,633,4,17417,2021,3.6343802032496986,1429.2106986899564,4.0,0.032718150745221886,,,,,,,False
38038,2006,3588,4,97227,2021,3.6903329322101883,1667.7648960739027,4.0,0.05473612200998179,,,,,,,False
39016,2006,340,4,13768,2021,2.4694944799535152,1779.5476923076924,3.0,0.0473191724208506,,,,,,,False
39020,2006,960,4,24994,2021,3.840921821237097,2423.8977272727275,4.0,0.05253199729524538,,,,,,,False
39075,2006,3251,4,93407,2021,3.480467202672177,2391.104788932246,4.0,0.14855109826653767,,,,,,,False
39087,2006,957,4,26596,2021,3.598285456459618,1786.322649140546,4.0,0.17979755599178482,,,,,,,False
40194,2006,633,4,29036,2021,2.180052348808376,2381.2392307692307,4.0,0.08755499225008379,,,,,,,False
41004,2006,1571,4,32822,2021,4.786423740174273,1608.21930477964,4.0,0.11926854646044638,,,,,,,False
41021,2006,376,4,13079,2021,2.874837525804725,1706.2159033078883,4.0,0.12218033508364523,,,,,,,False
41024,2006,326,4,15565,2021,2.0944426598136845,1408.5973368841546,4.0,0.20865481012488085,,,,,,,False
41034,2006,767,4,13904,2021,5.516398158803222,1616.3390275952693,4.0,0.1846019293577923,,,,,,,False
41038,2006,2678,4,56736,2021,4.720107163000564,1780.4381672597865,4.0,0.11567849525702023,,,,,,,False
41039,2006,142,4,18684,2021,0.7600085634767716,1161.361803713528,4.0,0.1802577643388672,,,,,,,False
41059,2006,954,4,19554,2021,4.878797177048174,1782.5897596656216,4.0,0.11147109681623024,,,,,,,False
41065,2006,380,4,13352,2021,2.846015578190533,1145.7227424749162,4.0,0.0691164978359815,,,,,,,False
41069,2006,305,4,16512,2021,1.847141472868217,1225.233502538071,4.0,0.1406358407566377,,,,,,,False
41081,2006,553,4,16016,2021,3.452797202797203,1494.8067019400353,4.0,0.08959308028225976,,,,,,,False
41091,2006,9523,4,327393,2021,2.9087365948569457,2109.0832490789135,4.0,0.11600187324423206,,,,,,,False
41095,2006,681,4,23030,2021,2.957012592270951,1425.406408839779,4.0,0.1627105819196144,,,,,,,False
42173,2006,874,4,25244,2021,3.4622088417049595,1748.8853754940712,4.0,0.09528607613448625,,,,,,,False
43038,2006,1565,4,31733,2021,4.931774493429553,2215.028550829127,4.0,0.06767472672434627,,,,,,,False
43123,2006,3148,4,51284,2021,6.138366742063802,1736.926861136433,4.0,0.09217825711030891,,,,,,,False
43148,2006,2963,4,67200,2021,4.409226190476191,1946.8462336892053,4.0,0.07722658127401383,,,,,,,False
43155,2006,1132,4,19654,2021,5.7596418031952785,1256.071377245509,4.0,0.15455206561664503,,,,,,,False
43163,2006,1875,4,31063,2021,6.036120142935325,2004.5343234323432,4.0,0.1014341779672272,,,,,,,False
44216,2006,291,4,21490,2021,1.354118194509074,1643.3629711751662,4.0,0.09093071402277397,,,,,,,False
45165,2006,1192,4,43263,2021,2.7552411991771257,1789.9850889192885,4.0,0.18695162949359445,,,,,,,False
45168,2006,1307,4,40498,2021,3.2273198676477852,2174.855423883318,4.0,0.07976550536870897,,,,,,,False
46005,2006,456,4,13175,2021,3.461100569259962,1387.7456876456874,4.0,0.16390794481441584,,,,,,,False
46017,2006,1221,4,24652,2021,4.952944994320948,1223.1918079096044,4.0,0.18542136920190178,,,,,,,False
46021,2006,776,4,14434,2021,5.3761950949147845,1461.328250401284,4.0,0.20657729456622076,,,,,,,False
46029,2006,858,4,14059,2021,6.102852265452735,1011.5180379746836,4.0,0.12234675757107749,,,,,,,False
46078,2006,605,4,17991,2021,3.3627925073647935,1587.6937242798351,4.0,0.23098940442363136,,,,,,,False
46102,2006,281,4,12037,2021,2.33446872144222,1370.0525974025973,4.0,0.08885268331117957,,,,,,,False
46110,2006,572,4,13504,2021,4.235781990521327,1467.4356083086052,4.0,0.16125030606713953,,,,,,,False
46131,2006,1388,4,54541,2021,2.54487449808401,1472.1154436860068,4.0,0.04668474729438721,,,,,,,False
46145,2006,578,4,16908,2021,3.4185001182872012,1145.7500624219724,4.0,0.19287361403959813,,,,,,,False
46159,2006,609,4,14239,2021,4.276985743380855,1501.5034591194967,4.0,0.157337698582801,,,,,,,False
46169,2006,584,4,20270,2021,2.8811050814010852,2152.4661863592696,4.0,0.49933960465130056,,,,,,,False
46181,2006,985,4,21085,2021,4.671567465022528,1423.5736164736168,4.0,0.10979821607187801,,,,,,,False
46184,2006,974,4,19230,2021,5.0650026001040045,799.9586754966888,4.0,0.03991957848039318,,,,,,,False
46190,2006,1793,4,33020,2021,5.430042398546336,1683.4297943301833,4.0,0.15206666705997574,,,,,,,False
46220,2006,1801,4,41287,2021,4.362147891588151,1461.7772762645914,4.0,0.13931347500257485,,,,,,,False
46235,2006,597,4,25186,2021,2.3703644882077346,1245.4844221105527,4.0,0.09279521740976371,,,,,,,False
46244,2006,1646,4,40564,2021,4.057785228281235,1490.328413488115,4.0,0.020667048797291532,,,,,,,False
46250,2006,12824,4,414988,2021,3.0902098373928886,1989.8607121739701,4.0,0.14835294947742006,,,,,,,False
47186,2006,4974,4,159363,2021,3.121176182677284,2000.820154105466,4.0,0.11953138025701637,,,,,,,False
48013,2006,1701,4,46654,2021,3.645989625755562,2988.1219326128416,4.0,0.1563933099900805,,,,,,,False
48015,2006,423,4,19257,2021,2.196603832372644,2994.3234285714284,4.0,0.18349586120448524,,,,,,,False
48020,2006,3649,4,165685,2021,2.202371970908652,3122.814704992436,4.0,0.11993471917097276,,,,,,,False
48027,2006,200,4,13360,2021,1.4970059880239521,2580.6446194225723,4.0,0.08786808408380753,,,,,,,False
48036,2006,267,4,13683,2021,1.9513264634948477,2707.074149659864,4.0,0.09274405381460205,,,,,,,False
48044,2006,583,4,34366,2021,1.6964441599255078,3666.486688311688,4.0,0.13487554180152106,,,,,,,False
48054,2006,328,4,13804,2021,2.3761228629382787,3279.1395721925132,4.0,0.15705647917226284,,,,,,,False
48078,2006,331,4,21560,2021,1.5352504638218925,3093.3442073170736,4.0,0.17323694615430751,,,,,,,False
48082,2006,366,4,21669,2021,1.689048871659975,3179.015010570825,4.0,0.1973070499368419,,,,,,,False
48084,2006,391,4,13547,2021,2.8862478777589136,2779.8330508474573,4.0,0.20847946559233232,,,,,,,False
49275,2006,1765,4,39710,2021,4.4447242508184335,1498.4685714285715,4.0,0.10914014445730413,,,,,,,False
50297,2006,9281,4,338961,2021,2.7380731116559134,2571.0493476727784,4.0,0.18306700260412745,,,,,,,False
51001,2006,913,4,28315,2021,3.2244393431043616,1638.5044472681068,4.0,0.12167074341158535,,,,,,,False
52001,2006,1458,4,29347,2021,4.968139843936348,1360.5888261851014,4.0,0.15849135263653635,,,,,,,False
01059,2007,3367,4,119853,2021,2.8092746948345058,2894.924688684353,4.0,0.003660179963745014,-0.0554279139409144,,,,,,False
02003,2007,2653,4,86881,2021,3.0536020533833637,2157.8332581227437,4.0,0.15794851014847833,0.04642221003529645,,,,,,False
02009,2007,407,4,13292,2021,3.061992175744809,1170.0935975609755,4.0,0.24607515875532782,0.09447682906812283,,,,,,False
02037,2007,365,4,16661,2021,2.190744853250105,971.1915662650601,4.0,0.10718328099365104,-0.06587782474584625,,,,,,False
02081,2007,567,4,15102,2021,3.7544696066746126,1051.7155339805824,4.0,0.1365133280569215,0.0722095304529804,,,,,,False
03009,2007,1417,4,33876,2021,4.182902349746133,1225.7240706319703,4.0,0.2103191110229501,0.12671029357479102,,,,,,False
03014,2007,7803,4,187658,2021,4.1580961110104555,1896.8845472293135,4.0,0.05570239767143681,-0.0382126514255432,,,,,,False
03031,2007,1792,4,60479,2021,2.9630119545627407,2697.3683767228176,4.0,-0.02593314094376553,-0.2046851642411638,,,,,,False
03047,2007,1193,4,26156,2021,4.56109496864964,2514.393865628043,4.0,0.025666870935614483,-0.18568640742130738,,,,,,False
03059,2007,437,4,15357,2021,2.8456078661196846,1231.5227882037534,4.0,0.11687517805547532,-0.08582763071164412,,,,,,False
03063,2007,3670,4,45237,2021,8.112827994783032,2550.856049382716,4.0,0.1466947774785814,0.1063836800882112,,,,,,False
03065,2007,4127,4,116080,2021,3.5553066850447967,1651.7408504863154,4.0,0.10823127489465767,-0.07784237559369411,,,,,,False
03066,2007,1016,4,27488,2021,3.6961583236321305,1058.1770000000001,4.0,0.07519164277637813,0.005037462968737305,,,,,,False
03082,2007,954,4,26819,2021,3.5571796114694805,2243.239256865913,4.0,0.013147146737552795,0.022514288390280357,,,,,,False
03093,2007,371,4,13780,2021,2.6923076923076925,1181.056842105263,4.0,0.0576649975127419,-0.11054137626990235,,,,,,False
03099,2007,4930,4,88508,2021,5.5701179554390565,1796.8749665924277,4.0,-0.02633238495169954,-0.03316549948367331,,,,,,False
03104,2007,685,4,16474,2021,4.158067257496661,1099.9136160714286,4.0,0.12347760677384323,0.13798512314117295,,,,,,False
03121,2007,1714,4,45155,2021,3.795814417008083,2127.34870017331,4.0,0.046563495946998934,-0.05218211351656166,,,,,,False
03122,2007,1809,4,27151,2021,6.662738020699053,1694.558569299553,4.0,0.03299593838906367,0.0194053640853018,,,,,,False
03133,2007,5064,4,122736,2021,4.125928822839264,2104.5825147928995,4.0,0.024265842839664264,-0.028897777214688336,,,,,,False
03139,2007,1245,4,25780,2021,4.829325058184639,2172.431561822126,4.0,0.034200567194727416,-0.0629855713632308,,,,,,False
03140,2007,765,4,18609,2021,4.110914073835241,1094.360970464135,4.0,0.05366641136355321,-0.08822491595372783,,,,,,False
04013,2007,4025,4,100957,2021,3.9868458848816823,1909.6332515337424,4.0,0.08794948922218282,-0.02977820771684181,,,,,,False
04079,2007,4162,4,62150,2021,6.696701528559935,1836.9323904258626,4.0,0.03240607708571264,-0.0638189466473893,,,,,,False
04902,2007,2461,4,40014,2021,6.150347378417554,1709.1817857142855,4.0,0.05922585461142971,-0.14147971862540532,,,,,,False
05019,2007,1735,4,34843,2021,4.979479378928335,1894.3926229508195,4.0,0.14007096700628496,0.03923989605873457,,,,,,False
06011,2007,1047,4,17292,2021,6.054823039555864,1030.4672787979966,4.0,0.24470684467444626,0.18538865445430885,,,,,,False
06015,2007,2137,4,74594,2021,2.864841676274231,1610.9581120943951,4.0,0.07866057589231401,-0.05946074838845661,,,,,,False
06044,2007,1036,4,21262,2021,4.8725425641990405,1010.7665330661323,4.0,0.17068706950939339,0.0966979385982305,,,,,,False
06083,2007,970,4,31358,2021,3.0933095222909626,1178.8572104018913,4.0,0.076332976922038,-0.04829223594769805,,,,,,False
07011,2007,1903,4,36492,2021,5.214841609119807,3039.9500000000003,4.0,0.08378332993036364,-0.05035330293712237,,,,,,False
07015,2007,841,4,17887,2021,4.701738692905462,3325.28537117904,4.0,0.34596758914163184,0.187731232021225,,,,,,False
07026,2007,901,4,23938,2021,3.7638900492940097,2958.2585313174945,4.0,0.08932251226458199,-0.11717976816099962,,,,,,False
07027,2007,685,4,15863,2021,4.318224799848704,1983.544877505568,4.0,0.08600399570288775,-0.040842095240978704,,,,,,False
07031,2007,741,4,23312,2021,3.178620452985587,2427.4651718983555,4.0,0.02241674301853136,-0.11511789695094699,,,,,,False
07032,2007,569,4,15173,2021,3.75008238318065,2400.3018121911036,4.0,0.05914767860670067,-0.06780764128182892,,,,,,False
07033,2007,653,4,28571,2021,2.285534283014245,1919.3349809885933,4.0,0.06119119278935403,-0.06128547741531287,,,,,,False
07036,2007,572,4,15048,2021,3.801169590643275,2608.9684905660374,4.0,0.09013766778814802,-0.011589787755063696,,,,,,False
07040,2007,6710,4,186482,2021,3.5982025074806145,2584.3349225111638,4.0,0.1250827556889751,0.006271815659045998,,,,,,False
07054,2007,745,4,22810,2021,3.266111354669005,3126.2317689530682,4.0,0.1859547837909119,0.09778303048247139,,,,,,False
08015,2007,2477,4,91915,2021,2.6948811401838655,2906.9212691973344,4.0,0.046254926569352595,-0.07658883205955913,,,,,,False
08019,2007,13908,4,808751,2021,1.7196887546352337,3707.6311936936936,4.0,0.06874249477410377,-0.05836215916391585,,,,,,False
08056,2007,718,4,28708,2021,2.5010450048766892,3431.249387254902,4.0,0.05831703378867514,-0.07841974371203686,,,,,,False
08073,2007,715,4,37034,2021,1.9306583139817466,3205.6669879518067,4.0,0.029059902184946695,-0.09891939368571645,,,,,,False
08077,2007,332,4,19420,2021,1.709577754891864,3334.1224108658744,4.0,0.022041588936305923,-0.09349657464837202,,,,,,False
08089,2007,493,4,20359,2021,2.4215334741392014,3065.7692551505547,4.0,0.07819935736217976,-0.03219863575715598,,,,,,False
08096,2007,622,4,26298,2021,2.365198874439121,2650.404880952381,4.0,0.08189329383830612,-0.025067911750901617,,,,,,False
08101,2007,2345,4,110488,2021,2.1224024328433857,3251.6114448308567,4.0,0.02853398915038996,-0.06932658486373255,,,,,,False
08102,2007,715,4,18257,2021,3.9163060743824287,2278.8264994547435,4.0,0.10673428619440584,-0.10783804352620363,,,,,,False
08113,2007,1362,4,40136,2021,3.3934622284233606,2106.480860534125,4.0,0.050029018478466636,-0.189867933475951,,,,,,False
08114,2007,260,4,10685,2021,2.4333177351427233,2432.9763341067287,4.0,0.06955825582365982,-0.07436875260923892,,,,,,False
08121,2007,1510,4,52996,2021,2.849271643142879,2799.056174496644,4.0,0.09246469307999305,-0.027460808804967707,,,,,,False
08124,2007,536,4,20857,2021,2.569880615620655,2573.390697674419,4.0,0.048641414331060506,-0.07055486901431074,,,,,,False
08125,2007,699,4,15304,2021,4.567433350757971,2673.3396709323583,4.0,0.08780014701938832,-0.053770224477943884,,,,,,False
08169,2007,666,4,26518,2021,2.511501621540086,2782.843018018018,4.0,0.0737281449059426,-0.09146767655897303,,,,,,False
08172,2007,269,4,12313,2021,2.184682855518558,2774.6512096774195,4.0,0.06698164404265983,-0.04449346291331757,,,,,,False
08180,2007,473,4,15427,2021,3.066053023919103,2622.5300952380953,4.0,0.031876778864612154,-0.102265989758491,,,,,,False
08184,2007,1205,4,32476,2021,3.7104323192511393,2676.7315133531156,4.0,0.06910046015955285,-0.05725151642854276,,,,,,False
08187,2007,3279,4,92772,2021,3.5344716078127023,2701.369593345656,4.0,0.06893987014187553,-0.08391069948800634,,,,,,False
08194,2007,526,4,14877,2021,3.535659071049271,2843.4349397590368,4.0,0.01626812300909175,-0.0784555791307473,,,,,,False
08200,2007,840,4,33904,2021,2.4775837659273243,2935.7201804757997,4.0,0.0558953913758411,-0.09515340228299474,,,,,,False
08205,2007,1236,4,35770,2021,3.455409561084708,3505.6790981109084,4.0,-0.036527692884620655,-0.2346901908294582,,,,,,False
08211,2007,335,4,18719,2021,1.78962551418345,3152.5331460674156,4.0,0.07972486473491358,-0.03274208415459845,,,,,,False
08217,2007,300,4,13577,2021,2.2096192089563234,3392.124919093851,4.0,0.07263714489293971,-0.08198481736638485,,,,,,False
08231,2007,497,4,14150,2021,3.512367491166078,2645.6653916211294,4.0,0.08729272665780408,-0.032539380477142776,,,,,,False
08245,2007,1245,4,48100,2021,2.5883575883575882,2854.448629385965,4.0,0.04778590266710836,-0.06388292102282356,,,,,,False
08252,2007,526,4,13768,2021,3.820453224869262,2788.915175097276,4.0,0.14343602420064783,0.035570776255842596,,,,,,False
08263,2007,307,4,11530,2021,2.662619254119688,2633.455102040816,4.0,0.0680170960359594,-0.09099602310548227,,,,,,False
08266,2007,514,4,23858,2021,2.154413613882136,2869.0315315315315,4.0,0.05138447220493281,-0.09079554246194776,,,,,,False
08279,2007,3807,4,101134,2021,3.764312694049479,2704.5019593787333,4.0,0.07746356804529797,-0.10040651016885316,,,,,,False
08298,2007,756,4,19836,2021,3.8112522686025407,2255.21299270073,4.0,0.05909439399880312,-0.1546148541626431,,,,,,False
08301,2007,717,4,26586,2021,2.696908147145114,2878.614370664024,4.0,0.08120475391390158,-0.00014677518375294518,,,,,,False
08305,2007,737,4,18264,2021,4.035260621988612,2275.7945558739257,4.0,0.0067893054333807434,-0.11422108371048911,,,,,,False
08307,2007,1006,4,33155,2021,3.0342331473382598,2651.8385934819894,4.0,0.04897514065524322,-0.10343689571603232,,,,,,False
09018,2007,618,4,19708,2021,3.135782423381368,1949.6408053691277,4.0,0.1856763845687881,0.08805784104748593,,,,,,False
09059,2007,3733,4,93766,2021,3.9811872107160378,2379.6904175222453,4.0,0.11628557369429049,0.03008226314282547,,,,,,False
09219,2007,827,4,21007,2021,3.9367829771028706,1975.273095623987,4.0,0.060395615741357433,-0.10343666783159078,,,,,,False
10037,2007,1850,4,53756,2021,3.441476300319964,1550.1060431654673,4.0,-0.00045489848856150594,-0.14190265150431136,,,,,,False
10148,2007,852,4,22443,2021,3.7962839192621307,1248.7598825831703,4.0,0.0010348290030555152,-0.07583860404646892,,,,,,False
11004,2007,2881,4,55815,2021,5.161694884887575,1753.0935440484197,4.0,0.09923773688808457,-0.02740287935902841,,,,,,False
11006,2007,773,4,15460,2021,5.0,1557.4928985507247,4.0,0.22152351631849965,0.08927735553231497,,,,,,False
11012,2007,1008,4,56479,2021,1.7847341489757256,2778.00912462908,4.0,0.15568146512425463,0.07057468690291291,,,,,,False
11015,2007,2196,4,49229,2021,4.460785309472059,2082.107856693903,4.0,0.03791032776293113,-0.0008668146918402453,,,,,,False
11020,2007,4259,4,92974,2021,4.580850560371717,1696.1461692395653,4.0,0.11394050916540288,-0.032732289172441975,,,,,,False
11022,2007,1228,4,30028,2021,4.089516451312108,2005.479191128506,4.0,0.043632770376716756,-0.19428127590070643,,,,,,False
11027,2007,1308,4,49077,2021,2.6651995843266705,2145.9681215900237,4.0,0.12315749106362617,0.02565610827750886,,,,,,False
11028,2007,512,4,18626,2021,2.748845699559755,1831.4922800718132,4.0,0.03671020085284615,-0.18173295348486018,,,,,,False
11030,2007,1511,4,26868,2021,5.6237903826112845,2473.011307901907,4.0,0.1177066136358842,-0.02729436051276335,,,,,,False
11031,2007,1250,4,39564,2021,3.159437872813669,1877.4067651632972,4.0,0.06485819993973507,-0.10997078351530587,,,,,,False
11032,2007,1706,4,34536,2021,4.9397729905026635,2157.6330639235857,4.0,0.1304491690126104,-0.0830674950246153,,,,,,False
11033,2007,979,4,19625,2021,4.9885350318471335,2213.4138648180246,4.0,0.005993964056348444,-0.0709316438998866,,,,,,False
12032,2007,927,4,20301,2021,4.5662775232747155,1617.7899103139014,4.0,0.16046152148683435,0.02490464986037022,,,,,,False
12040,2007,3511,4,91229,2021,3.8485569281697707,1936.026426718547,4.0,0.12159908241915218,0.03972997622245611,,,,,,False
12135,2007,990,4,25363,2021,3.903323739305287,1700.1165289256198,4.0,0.21831057326420056,0.13734033083851438,,,,,,False
12138,2007,861,4,20887,2021,4.12218126107148,1903.9356643356643,4.0,0.13025219946552502,0.009128329069566066,,,,,,False
13005,2007,1002,4,17129,2021,5.849728530562205,1180.0116465863455,4.0,0.007141192771140892,-0.1508290264826051,,,,,,False
13034,2007,1244,4,41592,2021,2.990959799961531,1911.1757419354838,4.0,0.014644481655341268,-0.14405380419909863,,,,,,False
13071,2007,1094,4,26589,2021,4.114483432998608,1191.2433029908973,4.0,0.20230197947209572,0.014770025697620204,,,,,,False
13082,2007,1215,4,19217,2021,6.3225269292813655,1093.844600938967,4.0,0.07601285264997792,-0.054049782218166476,,,,,,False
13087,2007,779,4,17368,2021,4.485260248733303,1284.1720797720798,4.0,0.28589095214850446,0.13673306557560805,,,,,,False
14021,2007,4579,4,155400,2021,2.9465894465894467,2253.5613040828766,4.0,0.12811627713385287,-0.06548804222050553,,,,,,False
14038,2007,801,4,21141,2021,3.7888463175819496,1598.0091708542714,4.0,0.1301744847543198,0.029683475357877853,,,,,,False
14056,2007,489,4,14955,2021,3.2698094282848547,1302.7059665871122,4.0,0.24359647186726252,0.03242242911477322,,,,,,False
15005,2007,836,4,17841,2021,4.685835995740149,1445.7696900114813,4.0,0.12076712831631475,0.03238747009979215,,,,,,False
15019,2007,409,4,19427,2021,2.1053173418438256,1100.9133333333334,4.0,0.13139964143054716,0.012334617752168153,,,,,,False
15030,2007,3485,4,136205,2021,2.5586432216144783,2186.021702786378,4.0,0.07919410572207153,-0.049608905431747896,,,,,,False
15031,2007,565,4,15752,2021,3.5868461147790756,1692.7559726962456,4.0,0.09186315083279806,-0.037937471273179035,,,,,,False
15036,2007,1016,4,42672,2021,2.380952380952381,1196.9273668639053,4.0,0.008067219261112646,-0.11673570576034198,,,,,,False
15054,2007,1149,4,21735,2021,5.2864044168392,1241.7400000000002,4.0,0.10766569235442458,-0.03138260884776578,,,,,,False
15058,2007,519,4,19268,2021,2.693585219015985,1651.2311203319503,4.0,0.0284738046214843,-0.07995063637346145,,,,,,False
15073,2007,619,4,17097,2021,3.620518219570685,1596.2338645418326,4.0,0.29911283915984277,0.11571872329839783,,,,,,False
15078,2007,1612,4,56746,2021,2.8407288619462165,1833.0217462932453,4.0,0.1883067831203713,0.32688583385902115,,,,,,False
16078,2007,1879,4,31611,2021,5.944133371294803,1753.0331230283912,4.0,0.0069185719315707495,-0.135530304791329,,,,,,False
17023,2007,769,4,25589,2021,3.0051975458204696,2418.655735930736,4.0,0.06852955213085421,-0.0736471647329795,,,,,,False
17066,2007,748,4,21062,2021,3.55141961826987,2149.423903312444,4.0,0.16164378278059988,0.00332016000289026,,,,,,False
17079,2007,1461,4,50333,2021,2.9026682295909243,2707.4304193738926,4.0,0.07782802602727834,-0.09044781438000626,,,,,,False
17095,2007,959,4,25496,2021,3.761374333228742,2304.1524027459955,4.0,0.03890259488989156,-0.09392178857732603,,,,,,False
17114,2007,456,4,16713,2021,2.7284150062825345,2112.9856341189675,4.0,0.08657001325486124,-0.11065686043514944,,,,,,False
17155,2007,605,4,11642,2021,5.1967015976636315,2169.0913978494623,4.0,0.10259327483233793,-0.09256500337602946,,,,,,False
18087,2007,3813,4,141257,2021,2.6993352541820936,2347.818948153674,4.0,0.15977872231420287,0.0718594534766297,,,,,,False
18140,2007,1171,4,32841,2021,3.5656648701318474,1837.9693950177937,4.0,0.08853063559570162,-0.06146924291322886,,,,,,False
19130,2007,1479,4,41937,2021,3.5267186494026754,2482.678082191781,4.0,0.05188692192222688,-0.019228515522768275,,,,,,False
20030,2007,406,4,13535,2021,2.999630587366088,2504.0280193236713,4.0,-0.0667777407609953,-0.13522761170555708,,,,,,False
20045,2007,611,4,28045,2021,2.17864146906757,3114.752669039146,4.0,0.04158842723889555,-0.12590119478962092,,,,,,False
20067,2007,377,4,17999,2021,2.0945608089338297,3190.407124010554,4.0,-0.027587135570705357,-0.2536830610151273,,,,,,False
20069,2007,1947,4,94733,2021,2.0552500184729716,4008.562288686606,4.0,-0.011484672266703688,-0.16470526878602199,,,,,,False
21041,2007,3145,4,68714,2021,4.576942107867392,1786.1834742776605,4.0,0.10457550045548714,0.0004265535776399876,,,,,,False
22125,2007,1106,4,29309,2021,3.7735849056603774,2208.5901933701657,4.0,0.11723308824893297,-0.0727630532539163,,,,,,False
23005,2007,647,4,20048,2021,3.2272545889864324,1192.515498938429,4.0,0.04816868027295684,-0.17309647178948429,,,,,,False
23050,2007,1424,4,58293,2021,2.4428319009143467,1794.6219366407647,4.0,0.08430431112547243,-0.06045439402627739,,,,,,False
23055,2007,1649,4,29385,2021,5.611706653054279,1377.0442671984047,4.0,0.09508955652686613,-0.07434355637966661,,,,,,False
23092,2007,494,4,18318,2021,2.6968009608035812,1390.4947368421053,4.0,0.09450134614797046,-0.09369654636410352,,,,,,False
24089,2007,2362,4,79199,2021,2.9823608883950556,1753.7650290544111,4.0,0.09435255158679201,-0.004494500668708934,,,,,,False
24115,2007,2067,4,42549,2021,4.857928505957837,1243.2090464547678,4.0,0.04411790341705135,-0.05423857569215862,,,,,,False
24142,2007,732,4,17161,2021,4.265485694306858,1365.6319444444443,4.0,0.07276861732039142,-0.07219314128483201,,,,,,False
25120,2007,2829,4,68299,2021,4.1420811432085385,1980.985576579793,4.0,0.11346141790735298,-0.031798602779906204,,,,,,False
26089,2007,3088,4,78908,2021,3.913418157854717,2388.5557031607877,4.0,0.05686241804957026,-0.05267430863635436,,,,,,False
27028,2007,1847,4,62648,2021,2.9482186183118375,1283.6958592132505,4.0,0.12455174701992267,-0.045680026040788135,,,,,,False
28005,2007,1354,4,79588,2021,1.7012614967080464,2805.815069812229,4.0,0.045911983215809915,-0.053981178019361975,,,,,,False
28006,2007,608,4,42744,2021,1.4224218603780647,3548.090918918919,4.0,0.03157077866056657,-0.020588708036722414,,,,,,False
28007,2007,996,4,70601,2021,1.4107448902990043,3156.705066921606,4.0,0.05557057869370552,-0.02367405737316086,,,,,,False
28013,2007,1246,4,25682,2021,4.851647067985359,2479.409110867179,4.0,0.058258752932310864,-0.08928434805022367,,,,,,False
28014,2007,717,4,21573,2021,3.323598943123349,2440.8680555555557,4.0,0.07331091447309301,-0.018704572558005506,,,,,,False
28022,2007,526,4,19874,2021,2.6466740464929055,3267.93459972863,4.0,0.08910411067501545,-0.029133710379404043,,,,,,False
28045,2007,365,4,20461,2021,1.7838815307169738,2829.240590979782,4.0,0.0570969533347534,-0.017577417379986304,,,,,,False
28047,2007,1100,4,27922,2021,3.9395458778024497,2820.890923566879,4.0,0.07495341340366601,0.050729718729463524,,,,,,False
28049,2007,509,4,31337,2021,1.624278010020104,3016.899242424243,4.0,0.03450555854868753,-0.05187685544601828,,,,,,False
28058,2007,1667,4,70944,2021,2.3497406405051873,2552.840154738878,4.0,0.023592515309589057,-0.06510380153777029,,,,,,False
28061,2007,445,4,15295,2021,2.909447531873161,2457.2010186757216,4.0,0.029259547660147822,-0.026269649118954463,,,,,,False
28065,2007,2904,4,79835,2021,3.637502348593975,2871.1989625360234,4.0,-0.024682302662834332,-0.11707229638811223,,,,,,False
28074,2007,1164,4,77962,2021,1.4930350683666402,3030.933505154639,4.0,0.06800634429926733,-0.01811472206678766,,,,,,False
28079,2007,37003,4,1533221,2021,2.4134159393851244,3840.030418745932,4.0,0.038546891547482476,-0.021795119984901135,,,,,,False
28080,2007,748,4,25577,2021,2.9245024826993,3645.568549422336,4.0,0.09794729426391302,0.049506369815294216,,,,,,False
28092,2007,1076,4,82103,2021,1.3105489446183451,2630.8014001806678,4.0,0.03002727360581625,-0.07326558783177362,,,,,,False
28106,2007,4587,4,47256,2021,9.706703910614525,2421.6895647614056,4.0,0.00409453649965319,-0.07540679629030311,,,,,,False
28113,2007,173,4,21507,2021,0.80438926861022,2704.229188255613,4.0,0.010408176466296215,-0.05022545994238703,,,,,,False
28115,2007,747,4,32327,2021,2.3107619018158196,3630.762169680111,4.0,0.07049464922179727,0.010935092311198602,,,,,,False
28123,2007,2194,4,35980,2021,6.097832128960533,2538.258385093168,4.0,0.030077523417748386,-0.024935784398520733,,,,,,False
28127,2007,858,4,35404,2021,2.423454976838775,3241.4810096153847,4.0,0.032745000710609595,-0.060551189676450345,,,,,,False
28130,2007,246,4,15621,2021,1.5748031496062993,3113.75490605428,4.0,0.04087680039621966,-0.06101355601569591,,,,,,False
28134,2007,1827,4,36032,2021,5.0704928952042625,3075.6305431878895,4.0,-0.008640864779534962,-0.07291010221481431,,,,,,False
28148,2007,844,4,50494,2021,1.6714857210757714,2694.2738649592548,4.0,0.04173230658914551,-0.047216452761896566,,,,,,False
28161,2007,1643,4,28896,2021,5.6859080841638985,2447.8275370268784,4.0,0.09349650658703035,0.025336890991713545,,,,,,False
28181,2007,360,4,11252,2021,3.1994312122289372,2792.5640449438197,4.0,0.01640569560231553,-0.05475065330844009,,,,,,False
28903,2007,378,4,18542,2021,2.038615036134182,3141.484401114206,4.0,0.12610523565780052,0.19850878829351526,,,,,,False
29007,2007,604,4,17000,2021,3.552941176470588,2062.8443076923077,4.0,0.04895431834049746,0.030851394538248922,,,,,,False
29015,2007,909,4,20944,2021,4.340145148968678,1741.2626151012892,4.0,0.11129393532695353,-0.10247845409124845,,,,,,False
29025,2007,2548,4,48663,2021,5.236010932330518,2571.341881240147,4.0,-0.050407215420578466,-0.21391700469266295,,,,,,False
29051,2007,2581,4,50366,2021,5.124488742405591,2669.890486725664,4.0,0.06659383513702899,-0.00878365191243402,,,,,,False
29054,2007,2055,4,48887,2021,4.203571501626199,2558.6699390243903,4.0,0.048635831168513555,-0.06250138318971143,,,,,,False
29067,2007,9764,4,261857,2021,3.72875271617715,2321.2198015665795,4.0,0.07985886767938077,-0.04908390678485319,,,,,,False
29069,2007,3568,4,100282,2021,3.557966534373068,2812.368886462882,4.0,0.058936583714424895,0.04653298638553682,,,,,,False
29070,2007,4027,4,62030,2021,6.492019990327261,2506.805393809378,4.0,0.03643690764169816,-0.034335157654388215,,,,,,False
29082,2007,1447,4,27620,2021,5.238957277335264,2378.6192224622027,4.0,0.039511926950269505,-0.10796078169667167,,,,,,False
29084,2007,780,4,19462,2021,4.007810091460281,1740.3785425101214,4.0,0.0334261400212279,-0.16415662359572436,,,,,,False
29094,2007,1539,4,50454,2021,3.050303246521584,2197.2782006920415,4.0,0.1085581100263111,0.025965873831850006,,,,,,False
29901,2007,1966,4,42938,2021,4.578694862359681,2506.631245791246,4.0,0.040465852895990695,-0.0745148949657366,,,,,,False
30003,2007,1093,4,26137,2021,4.181811225465815,1999.801851851852,4.0,0.32334965408767746,0.26714504333615596,,,,,,False
30005,2007,694,4,18107,2021,3.8327718561882147,1526.8435523114354,4.0,0.17812500183740565,0.06657853208461861,,,,,,False
30015,2007,385,4,14630,2021,2.6315789473684212,1197.5562326869806,4.0,0.19844714727606183,0.1363893619413621,,,,,,False
30016,2007,4065,4,125253,2021,3.2454312471557567,1911.7212400717397,4.0,0.10070859244059038,0.03507331004519676,,,,,,False
30019,2007,491,4,16704,2021,2.9394157088122603,1262.846990291262,4.0,0.12615166526931576,0.04567899415076293,,,,,,False
30022,2007,612,4,13679,2021,4.474011258132904,1110.1770685579197,4.0,0.19087896652260117,0.06511832571451981,,,,,,False
30024,2007,1354,4,42431,2021,3.1910631378001932,1467.7061784897026,4.0,0.14147058192001483,0.08946716542314559,,,,,,False
30026,2007,1422,4,31537,2021,4.508989440974094,1955.5121893491125,4.0,0.06617273235593402,0.009110635618476026,,,,,,False
30027,2007,1682,4,32908,2021,5.111219156436125,1560.4772271016313,4.0,0.09769899573768526,-0.016554716224102206,,,,,,False
30030,2007,9444,4,219740,2021,4.2978064985892415,1762.2417692916056,4.0,0.12147264448211836,0.03868936300958392,,,,,,False
30035,2007,2270,4,41372,2021,5.48680266847143,2155.739345637584,4.0,0.06965255430613837,-0.011977817594143625,,,,,,False
30037,2007,2540,4,21899,2021,11.598703137129549,1892.9859030837004,4.0,0.1264295650352718,-0.11501608484332282,,,,,,False
30039,2007,456,4,15390,2021,2.962962962962963,1450.1591228070174,4.0,0.11525856885277852,-0.02794600526882629,,,,,,False
30043,2007,571,4,19242,2021,2.9674669992724247,1288.4508695652175,4.0,0.2004640308862775,0.08465238840900269,,,,,,False
31201,2007,1704,4,94761,2021,1.79820812359515,2736.292238267148,4.0,0.024513720283636298,-0.03419966390014961,,,,,,False
31232,2007,827,4,17007,2021,4.862703592638326,1760.3855835240274,4.0,0.04675776219215444,-0.12059334938183652,,,,,,False
32054,2007,1452,4,67492,2021,2.151366087832632,1500.5033255993812,4.0,0.0763494040706485,0.007153148610686166,,,,,,False
33004,2007,1341,4,42296,2021,3.170512578021562,1674.5032091097307,4.0,0.1422420424486861,0.016163013020375594,,,,,,False
33024,2007,3957,4,148955,2021,2.6565069987580143,2203.268947055324,4.0,0.08308473714816444,-0.030949251477259576,,,,,,False
33031,2007,877,4,25962,2021,3.3780140204914875,1204.4260536398467,4.0,0.07507612859020685,-0.08699584193887011,,,,,,False
33037,2007,639,4,25878,2021,2.4692789241827033,1252.7806267806268,4.0,0.010619728143968832,-0.04221644008027714,,,,,,False
33044,2007,4206,4,127210,2021,3.3063438408930117,2018.8529924135992,4.0,0.061525783291288993,-0.0019089774202141196,,,,,,False
33066,2007,1242,4,29569,2021,4.2003449558659405,1495.0003496503496,4.0,0.06244458377893625,8.303652306818066e-05,,,,,,False
34120,2007,1323,4,44610,2021,2.965702757229321,1755.5562664329536,4.0,0.058623516733864456,-0.10186246868016036,,,,,,False
35002,2007,557,4,14365,2021,3.877479986077271,1622.368804664723,4.0,0.10739806924601014,0.025738224758313777,,,,,,False
35004,2007,1146,4,25339,2021,4.522672560085244,1890.1615432873275,4.0,0.11713466207428014,-0.00842713854188526,,,,,,False
35006,2007,702,4,17003,2021,4.128683173557607,1578.9988311688312,4.0,0.07528165991967373,0.013009368618251527,,,,,,False
35011,2007,472,4,13881,2021,3.4003313882285138,1472.3627388535033,4.0,0.0753757547455225,-0.0420978163374075,,,,,,False
35016,2007,6272,4,175181,2021,3.5802969500117023,1933.8916826003826,4.0,0.07424338568987943,-0.009721977794209469,,,,,,False
35017,2007,1157,4,18683,2021,6.192795589573409,1850.7752244165172,4.0,0.08493841807234404,-0.027268470274873335,,,,,,False
35019,2007,1380,4,32766,2021,4.211682841970335,2342.542268041237,4.0,0.030131474078818554,-0.06730712362387647,,,,,,False
35022,2007,1363,4,30372,2021,4.48768602660345,1559.3230642504118,4.0,0.07678656162460706,-0.00811608802239161,,,,,,False
35026,2007,1557,4,46739,2021,3.3312651105072852,1708.1096510359869,4.0,0.12246106737203433,0.034785683283078184,,,,,,False
36026,2007,229,4,12577,2021,1.8207839707402402,1424.4367052023122,4.0,0.15519124603898482,-0.09369623233061275,,,,,,False
36038,2007,1320,4,42646,2021,3.095249261360972,1782.6682908545727,4.0,0.16219039941546187,0.09856263362855522,,,,,,False
36045,2007,119,4,14215,2021,0.8371438621174815,1491.9490384615385,4.0,0.05133390677997496,-0.03341212023712781,,,,,,False
36057,2007,3182,4,144293,2021,2.205235181193821,2280.005831299159,4.0,0.032114965419069996,-0.14389579881029424,,,,,,False
36060,2007,822,4,21149,2021,3.8867085914227624,1420.2409867172676,4.0,0.13695174157533319,-0.07190131149820522,,,,,,False
37274,2007,2439,4,92553,2021,2.6352468315451687,2369.5428409734013,4.0,0.08674413740352871,-0.0352826359733136,,,,,,False
38001,2007,2656,4,26798,2021,9.911187402044929,2284.5901694915256,4.0,0.08783501888731515,0.028454921464632132,,,,,,False
38006,2007,2316,4,53746,2021,4.309157890819782,2067.344250363901,4.0,0.05103766116685837,-0.028471084639948296,,,,,,False
38017,2007,1276,4,24284,2021,5.2544885521330915,1762.4978647686833,4.0,0.04326264851940742,-0.014109395233831812,,,,,,False
38023,2007,2026,4,74096,2021,2.7342906499676096,1617.5518241347054,4.0,0.05731384321942734,-0.037394500060000446,,,,,,False
38026,2007,532,4,17819,2021,2.985577192884,1507.081742043551,4.0,0.04795707843983821,-0.01604253711143988,,,,,,False
38028,2007,913,4,20779,2021,4.393859184753838,2159.7625231910947,4.0,0.05818623913854237,-0.05236598588177288,,,,,,False
38031,2007,456,4,17417,2021,2.618131710397887,1531.3824324324326,4.0,0.0714882234201919,0.03877007267497001,,,,,,False
38038,2007,2656,4,97227,2021,2.731751468213562,1841.8188577222033,4.0,0.10436360787904952,0.04962748586906773,,,,,,False
39016,2007,307,4,13768,2021,2.2298082510168507,2259.1264705882354,4.0,0.26949476001884043,0.22217558759798983,,,,,,False
39020,2007,1050,4,24994,2021,4.201008241978075,2782.9584112149532,4.0,0.14813359487168887,0.09560159757644349,,,,,,False
39075,2007,2608,4,93407,2021,2.7920819638785104,2571.711034164358,4.0,0.07553255134115733,-0.07301854692538035,,,,,,False
39087,2007,823,4,26596,2021,3.0944502932771845,1792.069367909238,4.0,0.0032170665089292783,-0.17658048948285554,,,,,,False
40194,2007,451,4,29036,2021,1.5532442485190798,2503.5302931596093,4.0,0.051356058983991204,-0.03619893326609258,,,,,,False
41004,2007,1259,4,32822,2021,3.8358418134178294,1760.1618447246183,4.0,0.09447874397067868,-0.0247898024897677,,,,,,False
41021,2007,818,4,13079,2021,6.254300787521982,1899.9378728923477,4.0,0.11353895436614159,-0.008641380717503644,,,,,,False
41024,2007,264,4,15565,2021,1.696113074204947,1503.990523690773,4.0,0.06772211213861157,-0.14093269798626928,,,,,,False
41034,2007,724,4,13904,2021,5.207134637514384,1679.9927031509121,4.0,0.039381388724087474,-0.14522054063370482,,,,,,False
41038,2007,2265,4,56736,2021,3.9921742808798646,1934.8765636497424,4.0,0.08674179156002193,-0.0289367036969983,,,,,,False
41039,2007,812,4,18684,2021,4.345964461571398,1311.4312499999999,4.0,0.12921851382283744,-0.051039250516029755,,,,,,False
41059,2007,1319,4,19554,2021,6.745422931369541,1915.5430861723446,4.0,0.07458436568807758,-0.03688673112815266,,,,,,False
41065,2007,415,4,13352,2021,3.1081485919712404,1381.503216374269,4.0,0.20579191209038505,0.13667541425440355,,,,,,False
41069,2007,279,4,16512,2021,1.6896802325581395,1458.9250608272507,4.0,0.19073226271162813,0.05009642195499042,,,,,,False
41081,2007,589,4,16016,2021,3.6775724275724277,1587.919720767888,4.0,0.06229100973858759,-0.027302070543672174,,,,,,False
41091,2007,9784,4,327393,2021,2.9884572974987247,2302.460967646186,4.0,0.09168804439166878,-0.02431382885256328,,,,,,False
41095,2007,812,4,23030,2021,3.525835866261398,1503.6844897959186,4.0,0.054916324544839634,-0.10779425737477477,,,,,,False
42173,2007,624,4,25244,2021,2.4718745048328317,1829.593522906793,4.0,0.04614833455847345,-0.049137741576012806,,,,,,False
43038,2007,1266,4,31733,2021,3.989537705227996,2425.402631578947,4.0,0.0949757874096353,0.027301060685289036,,,,,,False
43123,2007,1953,4,51284,2021,3.8082052881990482,1942.1197674418604,4.0,0.11813560541701462,0.025957348306705708,,,,,,False
43148,2007,2023,4,67200,2021,3.0104166666666665,2222.707679324895,4.0,0.14169657616613196,0.06446999489211813,,,,,,False
43155,2007,749,4,19654,2021,3.8109290729622467,1371.58082026538,4.0,0.09196089100698757,-0.06259117460965746,,,,,,False
43163,2007,1195,4,31063,2021,3.847020571097447,2272.6202227934878,4.0,0.1337397400619731,0.03230556209474589,,,,,,False
44216,2007,478,4,21490,2021,2.224290367612843,1847.621476510067,4.0,0.12429299486335377,0.033362280840579794,,,,,,False
45165,2007,921,4,43263,2021,2.1288398862769573,1844.1097872340426,4.0,0.030237513513273084,-0.15671411598032137,,,,,,False
45168,2007,1451,4,40498,2021,3.5828929823694997,2313.1577209797656,4.0,0.06359149007224651,-0.01617401529646245,,,,,,False
46005,2007,275,4,13175,2021,2.0872865275142316,1537.5941624365485,4.0,0.10797978053535084,-0.055928164279064996,,,,,,False
46017,2007,951,4,24652,2021,3.8576991724809346,1397.5152192605333,4.0,0.1425151887248508,-0.04290618047705097,,,,,,False
46021,2007,694,4,14434,2021,4.8080920049882225,1630.250442477876,4.0,0.1155949678179462,-0.09098232674827456,,,,,,False
46029,2007,645,4,14059,2021,4.587808521231951,1191.0879924953097,4.0,0.17752521238293562,0.055178454811858124,,,,,,False
46078,2007,508,4,17991,2021,2.8236340392418433,1846.4998745294859,4.0,0.16300760423238625,-0.06798180019124511,,,,,,False
46102,2007,284,4,12037,2021,2.3593918750519234,1692.0031630170317,4.0,0.23499139100557298,0.1461387076943934,,,,,,False
46110,2007,447,4,13504,2021,3.3101303317535544,1607.5792792792793,4.0,0.09550243307248518,-0.06574787299465434,,,,,,False
46131,2007,1767,4,54541,2021,3.2397645807740965,1597.360035842294,4.0,0.08507796905023257,0.038393221755845364,,,,,,False
46145,2007,694,4,16908,2021,4.104565885971138,1301.6071530758227,4.0,0.13603061938690875,-0.05684299465268938,,,,,,False
46159,2007,531,4,14239,2021,3.7291944659035043,1789.2038216560506,4.0,0.19160819163564602,0.03427049305284502,,,,,,False
46169,2007,479,4,20270,2021,2.3630981746423285,2262.6409604519777,4.0,0.05118536810980534,-0.4481542365414952,,,,,,False
46181,2007,815,4,21085,2021,3.865307090348589,1548.0196671709532,4.0,0.08741806483152303,-0.022380151240354973,,,,,,False
46184,2007,612,4,19230,2021,3.1825273010920436,976.4925179856116,4.0,0.22067870240836407,0.1807591239279709,,,,,,False
46190,2007,1623,4,33020,2021,4.915202907328892,1817.5149524632673,4.0,0.07964998515808897,-0.07241668190188677,,,,,,False
46220,2007,1685,4,41287,2021,4.08118778307942,1651.758595859586,4.0,0.12996598228730893,-0.009347492715265915,,,,,,False
46235,2007,610,4,25186,2021,2.421980465337886,1306.5092307692307,4.0,0.04899684618717881,-0.0437983712225849,,,,,,False
46244,2007,1563,4,40564,2021,3.8531702987871017,1741.3797603195737,4.0,0.1684537076253365,0.14778665882804498,,,,,,False
46250,2007,10592,4,414988,2021,2.5523629598928164,2196.2158427801523,4.0,0.10370330412762119,-0.04464964534979887,,,,,,False
47186,2007,4510,4,159363,2021,2.8300170052019604,2203.4448780487805,4.0,0.10127083312688079,-0.018260547130135585,,,,,,False
48013,2007,1692,4,46654,2021,3.626698675354739,3108.0798920377865,4.0,0.04014493455427792,-0.11624837543580258,,,,,,False
48015,2007,310,4,19257,2021,1.6098042270343251,3096.9111979166664,4.0,0.034260750981794263,-0.14923511022269098,,,,,,False
48020,2007,3840,4,165685,2021,2.3176509641790144,3452.00384072296,4.0,0.1054142390210504,-0.014520480149922355,,,,,,False
48027,2007,285,4,13360,2021,2.1332335329341316,3021.674117647059,4.0,0.1708989664462861,0.08303088236247858,,,,,,False
48036,2007,518,4,13683,2021,3.7857195059562962,2882.2185897435897,4.0,0.0646987967085173,-0.028045257106084742,,,,,,False
48044,2007,780,4,34366,2021,2.2696851539312113,3793.556239015817,4.0,0.034657033150893746,-0.10021850865062731,,,,,,False
48054,2007,846,4,13804,2021,6.128658359895683,3432.2167938931298,4.0,0.04668213058045145,-0.11037434859181139,,,,,,False
48078,2007,292,4,21560,2021,1.3543599257884973,3175.7821256038646,4.0,0.026650095418347064,-0.14658685073596045,,,,,,False
48082,2007,467,4,21669,2021,2.1551525220360883,3226.659135559921,4.0,0.014987071413840702,-0.1823199785230012,,,,,,False
48084,2007,340,4,13547,2021,2.5097807632686204,2885.399745547074,4.0,0.037975911779102534,-0.1705035538132298,,,,,,False
49275,2007,1312,4,39710,2021,3.3039536640644673,1584.9942718446603,4.0,0.05774275287842645,-0.05139739157887768,,,,,,False
50297,2007,7778,4,338961,2021,2.2946592675853563,2791.3069654164638,4.0,0.0856683742546811,-0.09739862834944635,,,,,,False
51001,2007,923,4,28315,2021,3.2597563129083524,1802.1847402597402,4.0,0.09989615424269305,-0.0217745891688923,,,,,,False
52001,2007,1123,4,29347,2021,3.826626230960575,1476.4491428571428,4.0,0.08515454077106988,-0.07333681186546648,,,,,,False
01059,2008,3004,4,119853,2021,2.506403677838686,2843.2053037608484,4.0,-0.017865537271371745,-0.02152571723511676,,,,,,False
02003,2008,1800,4,86881,2021,2.071799357742199,1986.5933728981208,4.0,-0.07935732966392262,-0.23730583981240094,,,,,,False
02009,2008,352,4,13292,2021,2.648209449292808,1158.840703517588,4.0,-0.009617088809684704,-0.2556922475650125,,,,,,False
02037,2008,445,4,16661,2021,2.6709081087569775,967.448120300752,4.0,-0.0038544877183236403,-0.11103776871197468,,,,,,False
02081,2008,418,4,15102,2021,2.7678453185008607,1065.4285714285713,4.0,0.013038732437550937,-0.12347459561937058,,,,,,False
03009,2008,1082,4,33876,2021,3.1940016530877315,1242.6386391251517,4.0,0.013799654341829504,-0.19651945668112059,,,,,,False
03014,2008,4220,4,187658,2021,2.2487717017126903,1907.8402978983881,4.0,0.00577565497334942,-0.04992674269808739,,,,,,False
03031,2008,1198,4,60479,2021,1.9808528580168323,2650.6500000000005,4.0,-0.017319983850176857,0.008613157093588675,,,,,,False
03047,2008,582,4,26156,2021,2.225110873222205,2258.5920388349514,4.0,-0.10173498682522342,-0.1274018577608379,,,,,,False
03059,2008,246,4,15357,2021,1.601875366282477,1309.4622047244093,4.0,0.06328702746486314,-0.05358815059061217,,,,,,False
03063,2008,1616,4,45237,2021,3.5722970135066427,2284.09731925264,4.0,-0.10457615991095581,-0.2512709373895372,,,,,,False
03065,2008,2650,4,116080,2021,2.282908339076499,1727.4946943841144,4.0,0.0458630322519995,-0.06236824264265817,,,,,,False
03066,2008,481,4,27488,2021,1.7498544819557624,1117.1713513513514,4.0,0.05575092952440963,-0.0194407132519685,,,,,,False
03082,2008,513,4,26819,2021,1.912822998620381,2262.7811567164176,4.0,0.008711464811741676,-0.004435681925811119,,,,,,False
03093,2008,266,4,13780,2021,1.93033381712627,1171.5575144508668,4.0,-0.008043074063618705,-0.0657080715763606,,,,,,False
03099,2008,2835,4,88508,2021,3.2031002847200254,1816.6655873015873,4.0,0.011013910860303344,0.03734629581200288,,,,,,False
03104,2008,339,4,16474,2021,2.0577880296224356,1110.246274509804,4.0,0.009394063576811273,-0.11408354319703196,,,,,,False
03121,2008,994,4,45155,2021,2.201306610563614,2093.804320987654,4.0,-0.0157681621179091,-0.062331658064908035,,,,,,False
03122,2008,1049,4,27151,2021,3.863577768774631,1787.6825620389002,4.0,0.05495472061366402,0.02195878222460035,,,,,,False
03133,2008,3138,4,122736,2021,2.5567070786077433,1990.5714801444044,4.0,-0.054172755806495054,-0.07843859864615932,,,,,,False
03139,2008,904,4,25780,2021,3.5065942591155936,2153.387173666288,4.0,-0.008766392686665014,-0.04296695988139243,,,,,,False
03140,2008,583,4,18609,2021,3.132892686334569,1102.8193905817172,4.0,0.007729095194243696,-0.04593731616930952,,,,,,False
04013,2008,2722,4,100957,2021,2.696197390968432,2052.0751812219537,4.0,0.07459124916986415,-0.01335824005231867,,,,,,False
04079,2008,2716,4,62150,2021,4.370072405470635,1781.1775275735295,4.0,-0.030352158382599637,-0.06275823546831227,,,,,,False
04902,2008,1304,4,40014,2021,3.2588593992102766,1626.4931742876079,4.0,-0.04837906191009467,-0.10760491652152437,,,,,,False
05019,2008,1356,4,34843,2021,3.8917429612834717,1842.4795495495496,4.0,-0.027403544952791736,-0.1674745119590767,,,,,,False
06011,2008,796,4,17292,2021,4.603284755956512,1054.3261450381679,4.0,0.023153443812405028,-0.22155340086204123,,,,,,False
06015,2008,2848,4,74594,2021,3.8180014478376276,1650.7135667396062,4.0,0.024678142992511143,-0.05398243289980287,,,,,,False
06044,2008,797,4,21262,2021,3.748471451415671,1028.1026022304832,4.0,0.017151407963382326,-0.15353566154601106,,,,,,False
06083,2008,1292,4,31358,2021,4.120160724536004,1281.89975399754,4.0,0.08740884195849286,0.011075865036454857,,,,,,False
07011,2008,833,4,36492,2021,2.28269209689795,2974.002494802495,4.0,-0.02169361509153278,-0.10547694502189642,,,,,,False
07015,2008,570,4,17887,2021,3.1866718846089337,2811.771848739496,4.0,-0.15442690329385733,-0.5003944924354892,,,,,,False
07026,2008,681,4,23938,2021,2.8448491937505223,3206.3150943396226,4.0,0.08385222602963416,-0.00547028623494783,,,,,,False
07027,2008,388,4,15863,2021,2.4459433902792664,1996.4231433506045,4.0,0.0064925507817255035,-0.07951144492116224,,,,,,False
07031,2008,285,4,23312,2021,1.2225463280713795,2356.0891540130156,4.0,-0.029403518827634367,-0.05182026184616573,,,,,,False
07032,2008,283,4,15173,2021,1.8651552099123443,2460.467115902965,4.0,0.025065724404440548,-0.03408195420226012,,,,,,False
07033,2008,382,4,28571,2021,1.3370200553008296,1914.849377593361,4.0,-0.0023370612423903037,-0.06352825403174434,,,,,,False
07036,2008,321,4,15048,2021,2.1331738437001593,2644.2321428571427,4.0,0.013516319732728821,-0.0766213480554192,,,,,,False
07040,2008,3580,4,186482,2021,1.9197563303696872,2605.3612969156447,4.0,0.00813608724679149,-0.1169466684421836,,,,,,False
07054,2008,401,4,22810,2021,1.7580008768084174,2943.035384615385,4.0,-0.05859974495718001,-0.24455452874809191,,,,,,False
08015,2008,1170,4,91915,2021,1.2729151933851928,3046.43832738803,4.0,0.04799478392107237,0.0017398573517197757,,,,,,False
08019,2008,9489,4,808751,2021,1.173290666719423,3827.3665741811174,4.0,0.032294307128249766,-0.036448187645854,,,,,,False
08056,2008,371,4,28708,2021,1.2923226975059217,3397.5475177304966,4.0,-0.009822040231056484,-0.06813907401973163,,,,,,False
08073,2008,443,4,37034,2021,1.196198088243236,3102.3359143327843,4.0,-0.03223387644673714,-0.06129377863168384,,,,,,False
08077,2008,163,4,19420,2021,0.839340885684861,3602.6595238095238,4.0,0.08054206770228034,0.05850047876597442,,,,,,False
08089,2008,357,4,20359,2021,1.7535242398939044,3044.779436619718,4.0,-0.006846509565445413,-0.08504586692762517,,,,,,False
08096,2008,343,4,26298,2021,1.3042816944254316,2805.9609329446066,4.0,0.05869142979254138,-0.023201864045764742,,,,,,False
08101,2008,1236,4,110488,2021,1.1186735211063645,3288.4649962034923,4.0,0.011333934573032112,-0.01720005457735785,,,,,,False
08102,2008,313,4,18257,2021,1.7144109108834968,2095.8072052401744,3.0,-0.08031295680402184,-0.18704724299842768,,,,,,False
08113,2008,594,4,40136,2021,1.4799681084313334,2095.523945147679,4.0,-0.00520152620027492,-0.055230544678741555,,,,,,False
08114,2008,138,4,10685,2021,1.2915301824988301,2492.3897872340426,4.0,0.0244200703041888,-0.04513818551947102,,,,,,False
08121,2008,815,4,52996,2021,1.537851913351951,2789.3360511590727,4.0,-0.0034726431809891656,-0.09593733626098222,,,,,,False
08124,2008,197,4,20857,2021,0.9445270173083378,2631.1585106382977,4.0,0.022448131570570906,-0.0261932827604896,,,,,,False
08125,2008,259,4,15304,2021,1.6923680083638264,2674.3127504553736,4.0,0.0003639939711348461,-0.08743615304825347,,,,,,False
08169,2008,229,4,26518,2021,0.8635643713703899,2875.802416356877,4.0,0.03340447080089559,-0.040323674105047,,,,,,False
08172,2008,120,4,12313,2021,0.9745797124989848,2822.127868852459,4.0,0.017110856676129327,-0.0498707873665305,,,,,,False
08180,2008,194,4,15427,2021,1.2575354897258053,2671.186554621849,4.0,0.018553251103620383,-0.013323527760991771,,,,,,False
08184,2008,493,4,32476,2021,1.5180440941002586,2502.7893617021277,4.0,-0.06498304024264734,-0.13408350040220018,,,,,,False
08187,2008,1452,4,92772,2021,1.5651274091320657,2746.4504093063338,4.0,0.0166881333349298,-0.052251736806945726,,,,,,False
08194,2008,362,4,14877,2021,2.43328628083619,2782.50223880597,4.0,-0.021429258008002883,-0.03769738101709463,,,,,,False
08200,2008,499,4,33904,2021,1.4718027371401605,2908.7048661800486,4.0,-0.009202278362705707,-0.0650976697385468,,,,,,False
08205,2008,1224,4,35770,2021,3.421861895443109,3571.933451704546,4.0,0.018899149562588313,0.05542684244720897,,,,,,False
08211,2008,260,4,18719,2021,1.3889630856349164,3129.611604938272,4.0,-0.007270832713602626,-0.08699569744851621,,,,,,False
08217,2008,104,4,13577,2021,0.7660013257715254,3336.1266990291265,4.0,-0.01650830125668945,-0.08914544614962916,,,,,,False
08231,2008,226,4,14150,2021,1.5971731448763251,2811.5390756302522,4.0,0.06269639559652851,-0.024596331061275567,,,,,,False
08245,2008,541,4,48100,2021,1.1247401247401247,2906.7613545816735,4.0,0.018326735558370055,-0.029459167108738304,,,,,,False
08252,2008,305,4,13768,2021,2.215281812899477,2686.3808061420345,4.0,-0.03676496505551308,-0.1802009892561609,,,,,,False
08263,2008,172,4,11530,2021,1.4917606244579358,2379.2862831858406,4.0,-0.0965153416354072,-0.1645324376713666,,,,,,False
08266,2008,236,4,23858,2021,0.9891860172688406,2848.7643835616436,4.0,-0.0070641077824157295,-0.05844857998734854,,,,,,False
08279,2008,2125,4,101134,2021,2.1011727015642614,2583.83235479798,4.0,-0.04461805034464572,-0.12208161838994369,,,,,,False
08298,2008,335,4,19836,2021,1.6888485581770518,2152.200354609929,4.0,-0.045677565012357535,-0.10477195901116065,,,,,,False
08301,2008,372,4,26586,2021,1.3992326788535319,2904.847247706422,4.0,0.009113022331069143,-0.07209173158283244,,,,,,False
08305,2008,439,4,18264,2021,2.4036355672360927,2288.4599616858236,4.0,0.005565267646505223,-0.0012240377868755203,,,,,,False
08307,2008,479,4,33155,2021,1.4447293017644398,2748.734947368421,4.0,0.03653931054649995,-0.012435830108743273,,,,,,False
09018,2008,534,4,19708,2021,2.709559569717881,1770.0488752556234,4.0,-0.09211539357348542,-0.2777917781422735,,,,,,False
09059,2008,2124,4,93766,2021,2.2652134035791227,2287.2523364485983,4.0,-0.03884458263688528,-0.15513015633117577,,,,,,False
09219,2008,339,4,21007,2021,1.61374779835293,1847.621052631579,4.0,-0.06462500971395191,-0.12502062545530934,,,,,,False
10037,2008,1943,4,53756,2021,3.6144802440657786,1573.464163498099,4.0,0.01506872412737148,0.015523622615932986,,,,,,False
10148,2008,552,4,22443,2021,2.459564229381099,1313.9636,4.0,0.052214775895867316,0.0511799468928118,,,,,,False
11004,2008,1863,4,55815,2021,3.3378124160172,1753.1884376493072,4.0,5.412922841996348e-05,-0.09918360765966461,,,,,,False
11006,2008,592,4,15460,2021,3.8292367399741267,1842.4705627705628,4.0,0.18297204724658123,-0.03855146907191842,,,,,,False
11012,2008,842,4,56479,2021,1.4908195966642468,2842.4879967558795,4.0,0.023210460885512374,-0.13247100423874225,,,,,,False
11015,2008,1139,4,49229,2021,2.3136768977635134,2348.606640625,4.0,0.12799470645783928,0.09008437869490815,,,,,,False
11020,2008,2757,4,92974,2021,2.965345150257061,1705.523612662942,4.0,0.005528676474611194,-0.10841183269079169,,,,,,False
11022,2008,682,4,30028,2021,2.2712135340349007,1922.5625711035268,4.0,-0.04134504132068362,-0.08497781169740037,,,,,,False
11027,2008,610,4,49077,2021,1.2429447602746704,2231.1747126436785,4.0,0.039705431873108266,-0.0834520591905179,,,,,,False
11028,2008,288,4,18626,2021,1.5462257060023623,1864.6142168674698,4.0,0.01808467180345308,-0.018625529049393075,,,,,,False
11030,2008,792,4,26868,2021,2.9477445288075033,2682.6644295302012,4.0,0.08477645086312324,-0.03293016277276095,,,,,,False
11031,2008,668,4,39564,2021,1.6884035992316246,1950.474726368159,4.0,0.03891962176801167,-0.025938578171723403,,,,,,False
11032,2008,1146,4,34536,2021,3.318276580958999,2086.3461211477156,4.0,-0.03303941896692908,-0.16348858797953947,,,,,,False
11033,2008,632,4,19625,2021,3.2203821656050957,2419.424426229508,4.0,0.09307367442031467,0.08707971036396622,,,,,,False
12032,2008,414,4,20301,2021,2.0393084084527855,1591.053380782918,4.0,-0.01652657700516602,-0.17698809849200037,,,,,,False
12040,2008,1812,4,91229,2021,1.986210525161955,2023.6095311695,4.0,0.04523858933031266,-0.07636049308883952,,,,,,False
12135,2008,747,4,25363,2021,2.945235185112171,1462.9026440037771,4.0,-0.13952801521890312,-0.3578385884831037,,,,,,False
12138,2008,524,4,20887,2021,2.508737492220041,2005.8989985693847,3.0,0.05355398091631325,-0.07669821854921177,,,,,,False
13005,2008,460,4,17129,2021,2.68550411582696,1166.959090909091,4.0,-0.011061378686400447,-0.01820257145754134,,,,,,False
13034,2008,1444,4,41592,2021,3.4718215041354106,1870.2616136919316,4.0,-0.021407831496499385,-0.036052313151840654,,,,,,False
13071,2008,1073,4,26589,2021,4.035503403663169,1249.3148606811146,4.0,0.04874869604254228,-0.15355328342955343,,,,,,False
13082,2008,604,4,19217,2021,3.143050424103658,1086.4092269326682,4.0,-0.006797468305750454,-0.08281032095572838,,,,,,False
13087,2008,612,4,17368,2021,3.523721787194841,1111.8225352112677,4.0,-0.13421063054991933,-0.4201015826984238,,,,,,False
14021,2008,2868,4,155400,2021,1.8455598455598456,2314.754673149649,4.0,0.027154073401910894,-0.10096220373194198,,,,,,False
14038,2008,636,4,21141,2021,3.008372357031361,1518.3761224489795,4.0,-0.049832660448826616,-0.18000714520314642,,,,,,False
14056,2008,351,4,14955,2021,2.3470411233701105,1175.8821428571428,4.0,-0.0973541435925317,-0.3409506154597942,,,,,,False
15005,2008,438,4,17841,2021,2.4550193374810827,1413.1254807692308,4.0,-0.022579121327402696,-0.14334624964371745,,,,,,False
15019,2008,369,4,19427,2021,1.8994183353065321,1122.5831804281345,4.0,0.0196835177108714,-0.11171612371967576,,,,,,False
15030,2008,2213,4,136205,2021,1.624756800411145,2286.325796979866,4.0,0.045884308497778026,-0.0333097972242935,,,,,,False
15031,2008,294,4,15752,2021,1.866429659725749,1612.5019292604502,4.0,-0.047410285197792335,-0.1392734360305904,,,,,,False
15036,2008,582,4,42672,2021,1.3638920134983128,1200.9642857142858,4.0,0.0033727350231431696,-0.004694484237969476,,,,,,False
15054,2008,582,4,21735,2021,2.6777087646652866,1231.0395112016295,4.0,-0.008617334384308117,-0.1162830267387327,,,,,,False
15058,2008,442,4,19268,2021,2.2939588955781605,1837.5077966101692,4.0,0.11281078341157436,0.08433697879009006,,,,,,False
15073,2008,513,4,17097,2021,3.0005264081417793,1554.5299539170508,4.0,-0.026126441463984462,-0.32523928062382723,,,,,,False
15078,2008,1301,4,56746,2021,2.292672611285377,2014.9663636363634,4.0,0.09925938833570758,-0.08904739478466372,,,,,,False
16078,2008,858,4,31611,2021,2.714245041283098,1842.674504950495,4.0,0.05113501892494021,0.04421644699336946,,,,,,False
17023,2008,352,4,25589,2021,1.375591074289734,2331.923762376238,4.0,-0.035859577808464826,-0.10438912993931904,,,,,,False
17066,2008,460,4,21062,2021,2.184028107492166,1938.389534883721,4.0,-0.09818182821150423,-0.2598256109921041,,,,,,False
17079,2008,871,4,50333,2021,1.7304750362585182,2653.9507089241033,4.0,-0.01975293993415228,-0.09758096596143062,,,,,,False
17095,2008,456,4,25496,2021,1.7885158456228427,2493.252110977081,4.0,0.08206909751530511,0.04316650262541355,,,,,,False
17114,2008,282,4,16713,2021,1.6873092802010412,2097.9447727272727,4.0,-0.007118297989738176,-0.09368831124459942,,,,,,False
17155,2008,213,4,11642,2021,1.8295825459543034,2044.5450097847358,4.0,-0.05741869069611705,-0.16001196552845498,,,,,,False
18087,2008,2700,4,141257,2021,1.911409700050263,2388.9117251321477,4.0,0.017502532301645113,-0.14227619001255776,,,,,,False
18140,2008,768,4,32841,2021,2.3385402393349777,1766.1342736248237,4.0,-0.03908395949774479,-0.12761459509344641,,,,,,False
19130,2008,1503,4,41937,2021,3.5839473495958223,2393.3688524590166,4.0,-0.035972940017225064,-0.08785986193945194,,,,,,False
20030,2008,306,4,13535,2021,2.2608053195419284,3309.3631469979296,4.0,0.32161586110836593,0.3883936018693612,,,,,,False
20045,2008,396,4,28045,2021,1.4120164022107327,3120.2670731707317,4.0,0.0017704147704564743,-0.03981801246843908,,,,,,False
20067,2008,428,4,17999,2021,2.3779098838824377,3155.401570680628,4.0,-0.010972127370980078,0.01661500819972528,,,,,,False
20069,2008,1620,4,94733,2021,1.7100693528126418,3987.296036988111,4.0,-0.005305206746696878,0.0061794655200068105,,,,,,False
21041,2008,2381,4,68714,2021,3.4650871729196377,1845.239966901117,4.0,0.033062948724984276,-0.07151255173050286,,,,,,False
22125,2008,890,4,29309,2021,3.0366099150431607,2218.542558746736,4.0,0.004506207356369529,-0.11272688089256344,,,,,,False
23005,2008,529,4,20048,2021,2.6386671987230645,1273.1082317073171,4.0,0.06758212605255998,0.019413445779603133,,,,,,False
23050,2008,1137,4,58293,2021,1.9504914826823119,1762.7043049327353,4.0,-0.01778515633647826,-0.10208946746195069,,,,,,False
23055,2008,964,4,29385,2021,3.280585332652714,1459.9743352601156,4.0,0.06022324048480443,-0.034866316042061696,,,,,,False
23092,2008,394,4,18318,2021,2.1508898351348402,1388.0862980769232,4.0,-0.0017320732695844665,-0.09623341941755492,,,,,,False
24089,2008,1428,4,79199,2021,1.8030530688518795,1705.8375,4.0,-0.027328363982860537,-0.12168091556965255,,,,,,False
24115,2008,1099,4,42549,2021,2.5829044160849843,1285.1490066225165,4.0,0.03373524371251002,-0.01038265970454133,,,,,,False
24142,2008,457,4,17161,2021,2.66301497581726,1352.9565625,4.0,-0.009281697016541912,-0.08205031433693333,,,,,,False
25120,2008,1392,4,68299,2021,2.0380971902956118,1864.8507166482912,4.0,-0.05862478823899908,-0.17208620614635206,,,,,,False
26089,2008,2246,4,78908,2021,2.8463527145536576,2287.7141672946495,4.0,-0.04221862430618395,-0.09908104235575421,,,,,,False
27028,2008,1482,4,62648,2021,2.365598263312476,1444.1563261480787,4.0,0.12499881945024804,0.00044707243032537924,,,,,,False
28005,2008,754,4,79588,2021,0.9473790018595768,2740.4545722713865,4.0,-0.023294656245900214,-0.06920663946171013,,,,,,False
28006,2008,474,4,42744,2021,1.1089275687815834,3398.6174351585014,4.0,-0.04212786176459127,-0.07369864042515784,,,,,,False
28007,2008,616,4,70601,2021,0.8725088879760909,3064.8742246726397,4.0,-0.02909072602671714,-0.08466130472042266,,,,,,False
28013,2008,1150,4,25682,2021,4.477844404641383,2458.3571994715985,4.0,-0.008490696958122324,-0.06674944989043319,,,,,,False
28014,2008,484,4,21573,2021,2.243545172205998,2330.288395904437,4.0,-0.045303415479355014,-0.11861432995244803,,,,,,False
28022,2008,396,4,19874,2021,1.992553084431921,2944.3791525423726,4.0,-0.09900915618480421,-0.18811326685981966,,,,,,False
28045,2008,201,4,20461,2021,0.9823566785592102,2497.7018489984594,4.0,-0.1171829440869534,-0.1742798974217068,,,,,,False
28047,2008,694,4,27922,2021,2.485495308359,2813.749099099099,4.0,-0.0025317620075678837,-0.0774851754112339,,,,,,False
28049,2008,414,4,31337,2021,1.321121996362128,3020.2000000000003,4.0,0.0010940894310760285,-0.0334114691176115,,,,,,False
28058,2008,1030,4,70944,2021,1.451849345963013,2526.648782862707,4.0,-0.010259699114945287,-0.033852214424534344,,,,,,False
28061,2008,155,4,15295,2021,1.0134030728996404,2347.127819548872,4.0,-0.044796171859871725,-0.07405571952001955,,,,,,False
28065,2008,1167,4,79835,2021,1.461764890085802,3022.835136554622,4.0,0.052812840906247605,0.07749514356908194,,,,,,False
28074,2008,2006,4,77962,2021,2.5730484081988663,2851.1898769574946,4.0,-0.05930305890626064,-0.12730940320552797,,,,,,False
28079,2008,26992,4,1533221,2021,1.7604768001481848,3787.054319120103,4.0,-0.01379574999385802,-0.052342641541340496,,,,,,False
28080,2008,465,4,25577,2021,1.818039644993549,3465.0466176470586,4.0,-0.049518183330795496,-0.14746547759470852,,,,,,False
28092,2008,1580,4,82103,2021,1.924412019049243,2609.659174072138,4.0,-0.008036420425760027,-0.03806369403157628,,,,,,False
28106,2008,1236,4,47256,2021,2.6155408836973084,2358.09101978691,4.0,-0.026262055178307597,-0.030356591677960787,,,,,,False
28113,2008,362,4,21507,2021,1.6831729204445065,2487.7979562043797,4.0,-0.08003435248431878,-0.090442528950615,,,,,,False
28115,2008,567,4,32327,2021,1.7539518049927305,3495.423259762309,4.0,-0.037275619716431674,-0.10777026893822894,,,,,,False
28123,2008,726,4,35980,2021,2.017787659811006,2274.7660965794767,4.0,-0.10380830023497378,-0.13388582365272217,,,,,,False
28127,2008,617,4,35404,2021,1.7427409332278838,3159.549721706864,4.0,-0.025275880890704983,-0.05802088160131458,,,,,,False
28130,2008,404,4,15621,2021,2.586262083093272,3089.5403805496826,4.0,-0.007776631827224323,-0.04865343222344398,,,,,,False
28134,2008,849,4,36032,2021,2.356238898756661,3188.8999117387466,4.0,0.036828015250964796,0.04546888003049976,,,,,,False
28148,2008,940,4,50494,2021,1.8616073196815464,2613.593604651163,4.0,-0.029945085151658057,-0.07167739174080356,,,,,,False
28161,2008,1539,4,28896,2021,5.325996677740863,2403.864847363552,4.0,-0.017959880342192425,-0.11145638692922277,,,,,,False
28181,2008,182,4,11252,2021,1.617490223960185,2580.87488372093,4.0,-0.07580458597043505,-0.09221028157275057,,,,,,False
28903,2008,147,4,18542,2021,0.7927947362744041,3237.2501587301585,4.0,0.030484237827820282,-0.09562099782998024,,,,,,False
29007,2008,627,4,17000,2021,3.6882352941176473,2001.2738229755178,4.0,-0.029847373593438253,-0.07880169193393571,,,,,,False
29015,2008,465,4,20944,2021,2.2202062643239113,1740.0151999999998,4.0,-0.0007163853921120511,-0.11201032071906558,,,,,,False
29025,2008,1531,4,48663,2021,3.146127447958408,2565.90969785575,4.0,-0.0021125869819290655,0.0482946284386494,,,,,,False
29051,2008,1721,4,50366,2021,3.416987650399079,2645.7840224246675,4.0,-0.009029008650673243,-0.07562284378770223,,,,,,False
29054,2008,992,4,48887,2021,2.029169308814204,2413.8081735620585,4.0,-0.05661604228545669,-0.10525187345397025,,,,,,False
29067,2008,6244,4,261857,2021,2.3845075747449944,2370.20724985021,4.0,0.02110418334815556,-0.058754684331225215,,,,,,False
29069,2008,2116,4,100282,2021,2.110049659958916,2753.401667990469,4.0,-0.02096709957084475,-0.07990368328526964,,,,,,False
29070,2008,2477,4,62030,2021,3.9932290827019186,2380.819373368146,4.0,-0.05025759907504501,-0.08669450671674317,,,,,,False
29082,2008,1103,4,27620,2021,3.9934829833454017,2287.7571428571428,4.0,-0.038199506145000006,-0.07771143309526951,,,,,,False
29084,2008,627,4,19462,2021,3.2216627273661493,1844.8835443037974,4.0,0.06004728238199841,0.02662114236077051,,,,,,False
29094,2008,1480,4,50454,2021,2.933365045387878,2103.8559490084986,4.0,-0.0425172614255761,-0.1510753714518872,,,,,,False
29901,2008,1180,4,42938,2021,2.7481484931762075,2536.950767841012,4.0,0.01209572492989297,-0.028370127966097725,,,,,,False
30003,2008,889,4,26137,2021,3.4013084898802464,2146.087982832618,4.0,0.0731503127898907,-0.25019934129778676,,,,,,False
30005,2008,535,4,18107,2021,2.954658419395814,1498.228038897893,4.0,-0.01874161460106527,-0.19686661643847092,,,,,,False
30015,2008,280,4,14630,2021,1.9138755980861244,1256.8472602739726,4.0,0.049510015453687384,-0.14893713182237445,,,,,,False
30016,2008,3069,4,125253,2021,2.450240712797298,1906.9238256063861,4.0,-0.0025094738525651694,-0.10321806629315555,,,,,,False
30019,2008,252,4,16704,2021,1.5086206896551724,1292.9990963855423,4.0,0.023876294061029535,-0.10227537120828623,,,,,,False
30022,2008,351,4,13679,2021,2.5659770451056363,1148.568953068592,4.0,0.03458176681719971,-0.15629719970540146,,,,,,False
30024,2008,976,4,42431,2021,2.3002050387688247,1384.5007023705007,4.0,-0.05669082636473055,-0.19816140828474538,,,,,,False
30026,2008,1197,4,31537,2021,3.7955417446174335,1793.343125,4.0,-0.08292920148101457,-0.14910193383694859,,,,,,False
30027,2008,1236,4,32908,2021,3.755925610793728,1678.7373815165874,4.0,0.07578460765788164,-0.021914388079803615,,,,,,False
30030,2008,8019,4,219740,2021,3.649312824246837,1773.6089093030039,4.0,0.006450386212311754,-0.11502225826980661,,,,,,False
30035,2008,1363,4,41372,2021,3.294498694769409,2164.194426494346,4.0,0.003922125777344965,-0.0657304285287934,,,,,,False
30037,2008,1029,4,21899,2021,4.698844696104845,1624.4288435374149,4.0,-0.14186955069702434,-0.26829911573229615,,,,,,False
30039,2008,373,4,15390,2021,2.423651721897336,1399.8657331136737,4.0,-0.03468129042004209,-0.1499398592728206,,,,,,False
30043,2008,409,4,19242,2021,2.125558673734539,1242.5233333333333,4.0,-0.03564554715802415,-0.23610957804430166,,,,,,False
31201,2008,1038,4,94761,2021,1.0953873428942287,2633.4295328142384,4.0,-0.03759200278916519,-0.06210572307280149,,,,,,False
31232,2008,699,4,17007,2021,4.110072323161051,1877.6225099601593,4.0,0.06659729978101803,0.019839537588863587,,,,,,False
32054,2008,1020,4,67492,2021,1.5112902269898654,1458.4906140350874,4.0,-0.027999079273957395,-0.10434848334460589,,,,,,False
33004,2008,1012,4,42296,2021,2.3926612445621336,1825.876199616123,4.0,0.0903987461372926,-0.051843296311393505,,,,,,False
33024,2008,2862,4,148955,2021,1.9213856533852505,2160.7214794706483,4.0,-0.019311063972258458,-0.1023958011204229,,,,,,False
33031,2008,719,4,25962,2021,2.7694322471304216,1306.5139759036142,4.0,0.0847606392731639,0.00968451068295706,,,,,,False
33037,2008,577,4,25878,2021,2.229693175670454,1502.8872093023256,4.0,0.19964116396373255,0.18902143581976372,,,,,,False
33044,2008,3429,4,127210,2021,2.695542803238739,2084.838192419825,4.0,0.03268449969075693,-0.028841283600532064,,,,,,False
33066,2008,960,4,29569,2021,3.246643444147587,1524.4998175182482,4.0,0.019732080915431105,-0.04271250286350514,,,,,,False
34120,2008,754,4,44610,2021,1.6902039901367407,1794.960253164557,4.0,0.0224452998089697,-0.03617821692489476,,,,,,False
35002,2008,312,4,14365,2021,2.171945701357466,1589.716553287982,4.0,-0.020126281572264926,-0.12752435081827507,,,,,,False
35004,2008,558,4,25339,2021,2.2021389952247525,1896.0452466907338,4.0,0.0031128045241961555,-0.11402185755008398,,,,,,False
35006,2008,396,4,17003,2021,2.3290007645709583,1667.4758551307846,4.0,0.056033622201264954,-0.019248037718408773,,,,,,False
35011,2008,343,4,13881,2021,2.471003530005043,1477.1203703703704,4.0,0.003231290354829053,-0.07214446439069344,,,,,,False
35016,2008,3751,4,175181,2021,2.141213944434613,2020.3756598984771,4.0,0.04472017645879989,-0.02952320923107954,,,,,,False
35017,2008,452,4,18683,2021,2.4193116737140716,1858.342934051144,4.0,0.004088940426038246,-0.08084947764630579,,,,,,False
35019,2008,1092,4,32766,2021,3.3327229445156563,2286.6311452513964,4.0,-0.023867711397409175,-0.05399918547622773,,,,,,False
35022,2008,603,4,30372,2021,1.9853812722244173,1528.782156133829,4.0,-0.01958600421989154,-0.0963725658444986,,,,,,False
35026,2008,1195,4,46739,2021,2.5567513211664776,1761.204659090909,4.0,0.031084074738831458,-0.09137699263320287,,,,,,False
36026,2008,148,4,12577,2021,1.1767512125308102,1273.532743362832,4.0,-0.1059393943503073,-0.2611306403892921,,,,,,False
36038,2008,712,4,42646,2021,1.6695586924916757,1807.6493715083798,4.0,0.014013308466844121,-0.14817709094861775,,,,,,False
36045,2008,101,4,14215,2021,0.710517059444249,1471.2604938271606,4.0,-0.013866790420476671,-0.06520069720045163,,,,,,False
36057,2008,2589,4,144293,2021,1.7942658341014464,2458.8641098216813,4.0,0.07844641275351827,0.04633144733444827,,,,,,False
36060,2008,535,4,21149,2021,2.5296704335902405,1283.2538636363636,4.0,-0.0964534359746474,-0.23340517754998058,,,,,,False
37274,2008,1399,4,92553,2021,1.511566345769451,2330.9539768339773,4.0,-0.016285362506284873,-0.10302949990981358,,,,,,False
38001,2008,1707,4,26798,2021,6.369878349130532,2150.892544378698,4.0,-0.05852149190617606,-0.1463565107934912,,,,,,False
38006,2008,1128,4,53746,2021,2.0987608380158522,1931.9209627329194,4.0,-0.06550592026806568,-0.11654358143492405,,,,,,False
38017,2008,628,4,24284,2021,2.586064898698732,1711.5580364900086,4.0,-0.028902065243273434,-0.07216471376268085,,,,,,False
38023,2008,1517,4,74096,2021,2.0473439861800906,1629.6962722149979,4.0,0.007507919003948427,-0.049805924215478914,,,,,,False
38026,2008,249,4,17819,2021,1.3973848139626242,1486.4913580246914,4.0,-0.013662420188927382,-0.06161949862876559,,,,,,False
38028,2008,531,4,20779,2021,2.5554646518119255,2040.0562043795621,4.0,-0.05542568570671558,-0.11361192484525795,,,,,,False
38031,2008,359,4,17417,2021,2.0612045702474595,1576.4020231213872,4.0,0.029398006491067052,-0.042090216929124846,,,,,,False
38038,2008,1865,4,97227,2021,1.9181914488773695,1932.6028149515457,4.0,0.04929038317134826,-0.05507322470770126,,,,,,False
39016,2008,153,4,13768,2021,1.111272515979082,2128.0641304347823,4.0,-0.05801460956691229,-0.3275093695857527,,,,,,False
39020,2008,527,4,24994,2021,2.108506041449948,2519.6098662207355,4.0,-0.09462899047752849,-0.24276258534921735,,,,,,False
39075,2008,1357,4,93407,2021,1.452781911419915,2586.736865671642,4.0,0.005842737114578833,-0.0696898142265785,,,,,,False
39087,2008,480,4,26596,2021,1.8047826740863289,1755.768287037037,4.0,-0.02025651546879159,-0.02347358197772087,,,,,,False
40194,2008,412,4,29036,2021,1.4189282270285164,2511.3436031331594,4.0,0.0031209168888022276,-0.048235142095188976,,,,,,False
41004,2008,856,4,32822,2021,2.608006824690756,1838.99114857745,4.0,0.04478525886076401,-0.04969348510991467,,,,,,False
41021,2008,350,4,13079,2021,2.6760455692331218,1850.912345679012,4.0,-0.025803752803086222,-0.1393427071692278,,,,,,False
41024,2008,169,4,15565,2021,1.085769354320591,1482.9392055267704,4.0,-0.013996975268396605,-0.08171908740700817,,,,,,False
41034,2008,464,4,13904,2021,3.33716915995397,1693.3586592178772,4.0,0.007955960785958505,-0.03142542793812897,,,,,,False
41038,2008,1357,4,56736,2021,2.3917794698251553,1968.8215995329826,4.0,0.017543773345008562,-0.06919801821501337,,,,,,False
41039,2008,594,4,18684,2021,3.179190751445087,1333.979883381924,4.0,0.01719391190496955,-0.1120246019178679,,,,,,False
41059,2008,690,4,19554,2021,3.528689782141761,2044.3570009930486,4.0,0.06724668098074527,-0.007337684707332315,,,,,,False
41065,2008,249,4,13352,2021,1.8648891551827442,1402.0915254237286,4.0,0.014902831065057853,-0.1908890810253272,,,,,,False
41069,2008,432,4,16512,2021,2.616279069767442,1568.053020134228,4.0,0.0748002500177074,-0.11593201269392073,,,,,,False
41081,2008,435,4,16016,2021,2.716033966033966,1634.0458333333333,4.0,0.02904813887136526,-0.03324287086722233,,,,,,False
41091,2008,6639,4,327393,2021,2.027838102830543,2532.202496815287,4.0,0.09978085726420227,0.008092812872533495,,,,,,False
41095,2008,1035,4,23030,2021,4.494138080764221,1539.502841918295,4.0,0.02382039075713127,-0.031095933787708363,,,,,,False
42173,2008,414,4,25244,2021,1.639993661860244,1836.350099800399,4.0,0.0036929387916018186,-0.04245539576687163,,,,,,False
43038,2008,677,4,31733,2021,2.1334257712791103,2559.6663461538465,4.0,0.05535728906482351,-0.03961849834481179,,,,,,False
43123,2008,862,4,51284,2021,1.6808361282271274,1941.3457937584803,4.0,-0.0003985200585232551,-0.11853412547553788,,,,,,False
43148,2008,962,4,67200,2021,1.431547619047619,2439.250977284733,4.0,0.0974232014286327,-0.04427337473749926,,,,,,False
43155,2008,272,4,19654,2021,1.3839422000610562,1290.7233100233102,4.0,-0.05895205666876058,-0.15091294767574814,,,,,,False
43163,2008,425,4,31063,2021,1.3681872323986737,2279.5488505747126,4.0,0.0030487398253933318,-0.13069100023657976,,,,,,False
44216,2008,500,4,21490,2021,2.3266635644485807,1846.3763440860216,4.0,-0.0006739109930662401,-0.12496690585642001,,,,,,False
45165,2008,676,4,43263,2021,1.56253611631186,1810.131115107914,4.0,-0.01842551477213994,-0.048663028285413024,,,,,,False
45168,2008,1280,4,40498,2021,3.1606499086374638,2320.5527075812274,4.0,0.003196922775473121,-0.060394567296773394,,,,,,False
46005,2008,122,4,13175,2021,0.9259962049335864,1516.7464601769911,4.0,-0.013558650760302715,-0.12153843129565356,,,,,,False
46017,2008,501,4,24652,2021,2.032289469414246,1412.764275466284,4.0,0.010911549295198109,-0.1316036394296527,,,,,,False
46021,2008,561,4,14434,2021,3.886656505473188,1672.708831908832,4.0,0.026044090113186424,-0.08955087770475978,,,,,,False
46029,2008,230,4,14059,2021,1.6359627285013159,1257.9953551912567,4.0,0.05617331642793011,-0.1213518959550055,,,,,,False
46078,2008,293,4,17991,2021,1.628592073814685,1780.6579418344515,4.0,-0.035657696815068474,-0.19866530104745472,,,,,,False
46102,2008,109,4,12037,2021,0.9055412478192241,1673.8135593220338,4.0,-0.010750336697103902,-0.24574172770267688,,,,,,False
46110,2008,154,4,13504,2021,1.1404028436018958,1630.9055555555556,4.0,0.014510187196947522,-0.08099224587553766,,,,,,False
46131,2008,1022,4,54541,2021,1.873819695275114,1672.2249143835616,4.0,0.04686788004045117,-0.0382100890097814,,,,,,False
46145,2008,414,4,16908,2021,2.4485450674237046,1351.9865877712032,4.0,0.038705560718784504,-0.09732505866812424,,,,,,False
46159,2008,211,4,14239,2021,1.481845635227193,1796.1829842931934,4.0,0.0039007085457054558,-0.18770748308994056,,,,,,False
46169,2008,336,4,20270,2021,1.6576221016280217,1912.950675675676,4.0,-0.15454961299138192,-0.20573498110118726,,,,,,False
46181,2008,672,4,21085,2021,3.187099834005217,1524.6450346420324,4.0,-0.015099699974509107,-0.10251776480603214,,,,,,False
46184,2008,482,4,19230,2021,2.5065002600104003,1139.6676086956522,4.0,0.16710326777173012,-0.053575434636633945,,,,,,False
46190,2008,1360,4,33020,2021,4.118715929739552,1858.215157480315,4.0,0.02239332609720046,-0.057256659060888504,,,,,,False
46220,2008,1094,4,41287,2021,2.6497444716254512,1641.8083860759493,4.0,-0.00602400968796446,-0.1359899919752734,,,,,,False
46235,2008,405,4,25186,2021,1.6080362105931867,1494.32399103139,4.0,0.143753106246008,0.0947562600588292,,,,,,False
46244,2008,1015,4,40564,2021,2.5022187161029485,1704.1990532544378,4.0,-0.021351291609311374,-0.1898049992346479,,,,,,False
46250,2008,6170,4,414988,2021,1.4867899794692858,2353.8351502289734,4.0,0.07176858684768139,-0.031934717279939795,,,,,,False
47186,2008,2542,4,159363,2021,1.5951004938411049,2103.4717000781047,4.0,-0.045371308793168086,-0.14664214192004887,,,,,,False
48013,2008,1195,4,46654,2021,2.5614095254426203,3197.4924336973477,4.0,0.02876777456352264,-0.011377159990755281,,,,,,False
48015,2008,257,4,19257,2021,1.3345796333800697,3155.2459677419356,4.0,0.018836436080089003,-0.01542431490170526,,,,,,False
48020,2008,2468,4,165685,2021,1.4895735884358874,3573.840550029257,4.0,0.03529448834007676,-0.07011975068097365,,,,,,False
48027,2008,306,4,13360,2021,2.2904191616766467,3362.4462025316457,4.0,0.11277592209379006,-0.058123044352496045,,,,,,False
48036,2008,199,4,13683,2021,1.4543594241029014,2936.9977077363897,4.0,0.019005886017019025,-0.04569291069149828,,,,,,False
48044,2008,502,4,34366,2021,1.460746086248036,3900.563043478261,4.0,0.02820751762209417,-0.0064495155287995765,,,,,,False
48054,2008,326,4,13804,2021,2.3616343088959724,3282.075981524249,4.0,-0.04374455967817159,-0.09042669025862304,,,,,,False
48078,2008,482,4,21560,2021,2.235621521335807,3127.455014326648,4.0,-0.015217388777269303,-0.04186748419561637,,,,,,False
48082,2008,341,4,21669,2021,1.5736766809728182,3183.2578341013823,4.0,-0.01345084796228635,-0.028437919376127052,,,,,,False
48084,2008,173,4,13547,2021,1.277035506016092,2858.962030075188,4.0,-0.009162583282502301,-0.047138495061604835,,,,,,False
49275,2008,1201,4,39710,2021,3.0244270964492572,1511.5719669117645,4.0,-0.04632338818956416,-0.10406614106799061,,,,,,False
50297,2008,5254,4,338961,2021,1.5500308295054592,2667.1766085790887,4.0,-0.04447033535734923,-0.13013870961203033,,,,,,False
51001,2008,644,4,28315,2021,2.2744128553770087,1874.3775777414075,4.0,0.04005851113313863,-0.05983764310955442,,,,,,False
52001,2008,607,4,29347,2021,2.0683545166456536,1574.9124223602487,4.0,0.06668924559945566,-0.018465295171614216,,,,,,False
01059,2009,2742,4,119853,2021,2.2878025581337136,2560.3574102964117,4.0,-0.09948205044859049,-0.08161651317721874,,,,,,False
02003,2009,1801,4,86881,2021,2.0729503573853894,1724.4776662484317,4.0,-0.1319423039589146,-0.05258497429499198,,,,,,False
02009,2009,157,4,13292,2021,1.1811616009629853,1017.5809302325581,4.0,-0.1218974901867399,-0.1122804013770552,,,,,,False
02037,2009,214,4,16661,2021,1.2844367084808834,830.4304147465439,4.0,-0.14162796193310412,-0.13777347421478048,,,,,,False
02081,2009,181,4,15102,2021,1.1985167527479803,905.3754601226995,4.0,-0.15022415917687093,-0.16326289161442187,,,,,,False
03009,2009,572,4,33876,2021,1.688511040264494,1081.7608567208272,4.0,-0.1294646547588335,-0.143264309100663,,,,,,False
03014,2009,3496,4,187658,2021,1.8629634761107974,1640.739840478564,4.0,-0.14000147586464806,-0.14577713083799748,,,,,,False
03031,2009,1200,4,60479,2021,1.9841597910018354,2358.12874671341,4.0,-0.11035830957938264,-0.09303832572920578,,,,,,False
03047,2009,753,4,26156,2021,2.878880562777183,2128.8389212827988,4.0,-0.057448673917704585,0.04428631290751883,,,,,,False
03059,2009,143,4,15357,2021,0.9311714527577001,1084.8044280442807,4.0,-0.17156491868920365,-0.2348519461540668,,,,,,False
03063,2009,1291,4,45237,2021,2.853858567102151,2098.952144082333,4.0,-0.08105835666883354,0.02351780324212227,,,,,,False
03065,2009,1989,4,116080,2021,1.713473466574776,1351.7013497419612,4.0,-0.2175366129133791,-0.2633996451653786,,,,,,False
03066,2009,420,4,27488,2021,1.5279394644935973,985.6524054982817,4.0,-0.11772495391506588,-0.1734758834394755,,,,,,False
03082,2009,588,4,26819,2021,2.192475483798799,1948.6673664122136,4.0,-0.13881757383909943,-0.1475290386508411,,,,,,False
03093,2009,173,4,13780,2021,1.25544267053701,1012.1790940766551,4.0,-0.13603977475140494,-0.12799670068778624,,,,,,False
03099,2009,2291,4,88508,2021,2.5884665792922674,1466.598642172524,4.0,-0.1926975154789169,-0.20371142633922024,,,,,,False
03104,2009,238,4,16474,2021,1.4447007405608838,1006.5129963898917,4.0,-0.09343267390445653,-0.1028267374812678,,,,,,False
03121,2009,903,4,45155,2021,1.9997785405824382,1803.9849568434033,4.0,-0.13841759769009465,-0.12264943557218555,,,,,,False
03122,2009,613,4,27151,2021,2.257743729512725,1695.2267441860467,4.0,-0.05171825234308103,-0.10667297295674505,,,,,,False
03133,2009,2569,4,122736,2021,2.0931104158519096,1652.8481193255511,4.0,-0.1696615088619442,-0.11548875305544914,,,,,,False
03139,2009,533,4,25780,2021,2.0674941815360746,1851.856594323873,4.0,-0.1400261796995098,-0.1312597870128448,,,,,,False
03140,2009,367,4,18609,2021,1.9721640066634425,963.3476454293631,4.0,-0.1264683468058948,-0.1341974420001385,,,,,,False
04013,2009,2362,4,100957,2021,2.3396099329417477,1866.4899735149452,4.0,-0.09043782089723329,-0.16502907006709744,,,,,,False
04079,2009,2140,4,62150,2021,3.4432823813354787,1644.3776098252242,4.0,-0.07680307865475133,-0.0464509202721517,,,,,,False
04902,2009,1182,4,40014,2021,2.953966111860849,1493.0227436823102,4.0,-0.08206024637254117,-0.0336811844624465,,,,,,False
05019,2009,887,4,34843,2021,2.545705019659616,1503.74738317757,4.0,-0.18384582149353723,-0.1564422765407455,,,,,,False
06011,2009,591,4,17292,2021,3.417765440666204,984.3318066157761,4.0,-0.06638774799600344,-0.08954119180840847,,,,,,False
06015,2009,2056,4,74594,2021,2.7562538541973884,1553.3690304709141,4.0,-0.05897118569211335,-0.08364932868462449,,,,,,False
06044,2009,495,4,21262,2021,2.328097074593171,987.8183673469387,4.0,-0.03918308814329163,-0.05633449610667396,,,,,,False
06083,2009,1352,4,31358,2021,4.311499457873589,1157.3906410256411,4.0,-0.09712858792867662,-0.18453742988716948,,,,,,False
07011,2009,686,4,36492,2021,1.879864079798312,2800.3044444444445,4.0,-0.058405482396740926,-0.036711867305208146,,,,,,False
07015,2009,463,4,17887,2021,2.5884720746911163,2283.824629080119,4.0,-0.18776317854382574,-0.033336275249968406,,,,,,False
07026,2009,482,4,23938,2021,2.013534965327095,2704.7994219653183,4.0,-0.1564149678425779,-0.24026719387221207,,,,,,False
07027,2009,292,4,15863,2021,1.8407615205194479,1757.0210855949895,4.0,-0.11991548913514682,-0.12640803991687233,,,,,,False
07031,2009,294,4,23312,2021,1.261153054221002,2136.8080745341613,4.0,-0.09306994139222757,-0.0636664225645932,,,,,,False
07032,2009,208,4,15173,2021,1.3708561260133132,2132.4953124999997,4.0,-0.13329656034951842,-0.15836228475395897,,,,,,False
07033,2009,378,4,28571,2021,1.3230198452976796,1824.1271304347827,4.0,-0.04737826808738377,-0.045041206844993464,,,,,,False
07036,2009,163,4,15048,2021,1.0832004253056884,2390.8839779005525,4.0,-0.09581161988404041,-0.10932793961676923,,,,,,False
07040,2009,2891,4,186482,2021,1.5502836734912753,2302.2728747795413,4.0,-0.11633258791973089,-0.12446867516652238,,,,,,False
07054,2009,370,4,22810,2021,1.6220955721174923,2655.5679824561403,4.0,-0.09767718174982554,-0.039077436792645526,,,,,,False
08015,2009,1165,4,91915,2021,1.2674753848664526,2793.2484633569743,4.0,-0.08311012297699683,-0.1311049068980692,,,,,,False
08019,2009,9624,4,808751,2021,1.1899830726638978,3518.4934839534744,4.0,-0.08070120388030189,-0.11299551100855165,,,,,,False
08056,2009,405,4,28708,2021,1.4107565835307232,3088.706964520368,4.0,-0.09090102540094247,-0.08107898516988599,,,,,,False
08073,2009,579,4,37034,2021,1.5634282011124911,2858.6435454545453,4.0,-0.07855125157542764,-0.0463173751286905,,,,,,False
08077,2009,323,4,19420,2021,1.663233779608651,3168.737438423645,4.0,-0.12044493311625548,-0.20098700081853582,,,,,,False
08089,2009,244,4,20359,2021,1.1984871555577385,2888.163420427553,4.0,-0.05143755712106313,-0.04459104755561771,,,,,,False
08096,2009,334,4,26298,2021,1.2700585595862803,2483.9678611422178,4.0,-0.11475322696830481,-0.1734446567608462,,,,,,False
08101,2009,1329,4,110488,2021,1.2028455578886394,2939.3120708748615,4.0,-0.10617504693883772,-0.11750898151186984,,,,,,False
08102,2009,239,4,18257,2021,1.309086925562798,1842.6782722513087,4.0,-0.12077873019806595,-0.04046577339404411,,,,,,False
08113,2009,555,4,40136,2021,1.3827984851504884,1906.4320430107527,4.0,-0.09023609707480595,-0.08503457087453103,,,,,,False
08114,2009,108,4,10685,2021,1.0107627515208235,2240.6035573122526,4.0,-0.1010220115695517,-0.1254420818737405,,,,,,False
08121,2009,654,4,52996,2021,1.2340554004075779,2615.0127258444622,4.0,-0.06249635114498753,-0.05902370796399836,,,,,,False
08124,2009,251,4,20857,2021,1.203432900225344,2351.704801670146,4.0,-0.10620937805087172,-0.12865750962144262,,,,,,False
08125,2009,235,4,15304,2021,1.5355462624150549,2506.2756238003835,4.0,-0.06283376042176714,-0.06319775439290198,,,,,,False
08169,2009,199,4,26518,2021,0.750433667697413,2731.7509394572025,4.0,-0.05009088109820903,-0.08349535189910462,,,,,,False
08172,2009,138,4,12313,2021,1.1207666693738325,2596.0923694779117,4.0,-0.08009399640224613,-0.09720485307837545,,,,,,False
08180,2009,185,4,15427,2021,1.1991962144292474,2494.928571428571,4.0,-0.06598490206096086,-0.08453815316458124,,,,,,False
08184,2009,524,4,32476,2021,1.6134991994087942,2387.993473895582,4.0,-0.045867179061554686,0.019115861181092653,,,,,,False
08187,2009,1549,4,92772,2021,1.669684818695296,2447.0521975884867,4.0,-0.10901278635992762,-0.12570091969485742,,,,,,False
08194,2009,173,4,14877,2021,1.1628688579686766,2889.1691379310337,4.0,0.03833488348632441,0.059764141494327294,,,,,,False
08200,2009,365,4,33904,2021,1.0765691363850873,2572.0229381443296,4.0,-0.1157497730176652,-0.1065474946549595,,,,,,False
08205,2009,1046,4,35770,2021,2.9242381884260555,3422.399435028249,4.0,-0.041863606558777966,-0.06076275612136628,,,,,,False
08211,2009,202,4,18719,2021,1.0791174742240504,2910.383516483517,4.0,-0.07004961513717267,-0.06277878242357005,,,,,,False
08217,2009,98,4,13577,2021,0.721808941592399,2950.4168181818186,4.0,-0.11561607685929809,-0.09910777560260864,,,,,,False
08231,2009,183,4,14150,2021,1.2932862190812722,2555.1674757281553,4.0,-0.09118550125241531,-0.15388189684894382,,,,,,False
08245,2009,511,4,48100,2021,1.0623700623700623,2678.8151909722224,4.0,-0.07841929068244957,-0.09674602624081963,,,,,,False
08252,2009,267,4,13768,2021,1.9392794886693783,2494.1860416666664,4.0,-0.07154412510539898,-0.034779160049885904,,,,,,False
08263,2009,102,4,11530,2021,0.8846487424111015,2321.5607843137254,4.0,-0.024261686910085234,0.07225365472532197,,,,,,False
08266,2009,258,4,23858,2021,1.081398273115936,2681.548418972332,4.0,-0.058697716650139786,-0.05163360886772406,,,,,,False
08279,2009,2015,4,101134,2021,1.9924061146597583,2278.0393302692055,4.0,-0.11834863200816415,-0.07373058166351842,,,,,,False
08298,2009,342,4,19836,2021,1.7241379310344827,2007.474333333333,4.0,-0.06724560795029999,-0.021568042937942455,,,,,,False
08301,2009,598,4,26586,2021,2.2493041450387423,2718.62779587405,4.0,-0.06410645240619961,-0.07321947473726875,,,,,,False
08305,2009,329,4,18264,2021,1.8013578624616733,2015.0799242424246,4.0,-0.1194602667385144,-0.12502553438501962,,,,,,False
08307,2009,414,4,33155,2021,1.2486804403559042,2594.582081911263,4.0,-0.056081385949831586,-0.09262069649633153,,,,,,False
09018,2009,567,4,19708,2021,2.8770042622285366,1620.7947658402204,4.0,-0.08432202720608395,0.007793366367401466,,,,,,False
09059,2009,2017,4,93766,2021,2.1510995456775377,2107.377838328792,4.0,-0.07864217482846514,-0.039797592191579856,,,,,,False
09219,2009,367,4,21007,2021,1.747036702051697,1755.5486274509806,4.0,-0.049832959550584865,0.014792050163367043,,,,,,False
10037,2009,1671,4,53756,2021,3.1084902150457623,1390.2046601941747,4.0,-0.1164688129258088,-0.13153753705318028,,,,,,False
10148,2009,534,4,22443,2021,2.3793610479882368,1123.5667763157894,4.0,-0.14490266220785009,-0.1971174381037174,,,,,,False
11004,2009,1224,4,55815,2021,2.192958882020962,1652.6603734439832,4.0,-0.0573401364317192,-0.057394265660139165,,,,,,False
11006,2009,313,4,15460,2021,2.024579560155239,1347.5295950155764,4.0,-0.2686289690353223,-0.4516010162819035,,,,,,False
11012,2009,772,4,56479,2021,1.3668797252075993,2578.946582875098,4.0,-0.09271504899284011,-0.11592550987835248,,,,,,False
11015,2009,867,4,49229,2021,1.761157041581182,2050.9177734375003,4.0,-0.1267512669164047,-0.254745973374244,,,,,,False
11020,2009,1658,4,92974,2021,1.783294254307656,1548.0144455252919,4.0,-0.09235238138492907,-0.09788105785954027,,,,,,False
11022,2009,808,4,30028,2021,2.6908218995604103,1850.1914552736982,4.0,-0.03764304835513799,0.0037019929655456307,,,,,,False
11027,2009,632,4,49077,2021,1.2877722762190027,2064.0155818540434,4.0,-0.07491978545757683,-0.11462521733068509,,,,,,False
11028,2009,479,4,18626,2021,2.5716740040803177,1660.1415778251599,4.0,-0.10965948730446862,-0.1277441591079217,,,,,,False
11030,2009,501,4,26868,2021,1.864671728450201,2155.901976284585,4.0,-0.19635793707447224,-0.2811343879375955,,,,,,False
11031,2009,769,4,39564,2021,1.9436861793549691,1823.7592708333332,4.0,-0.0649664688405236,-0.10388609060853526,,,,,,False
11032,2009,757,4,34536,2021,2.191915682186704,1793.0470764617694,4.0,-0.14058024299659355,-0.10754082402966447,,,,,,False
11033,2009,674,4,19625,2021,3.434394904458599,2187.371288743883,4.0,-0.09591253811025724,-0.1889862125305719,,,,,,False
12032,2009,302,4,20301,2021,1.4876114477119353,1327.0250965250966,4.0,-0.1659455851367474,-0.14941900813158138,,,,,,False
12040,2009,1232,4,91229,2021,1.3504477742823007,1702.4964943032428,4.0,-0.1586832992828795,-0.20392188861319216,,,,,,False
12126,2009,206,4,15906,2021,1.295108763988432,1134.4375886524824,2.0,,,,,,,,False
12135,2009,370,4,25363,2021,1.4588179631747034,1452.0011379800853,4.0,-0.007451969595089203,0.13207604562381392,,,,,,False
12138,2009,727,4,20887,2021,3.480633887106813,1685.3801980198018,4.0,-0.1597881053722935,-0.21334208628860674,,,,,,False
13005,2009,306,4,17129,2021,1.7864440422674996,968.954961832061,4.0,-0.16967529592042485,-0.1586139172340244,,,,,,False
13034,2009,1289,4,41592,2021,3.099153683400654,1587.8083643122677,4.0,-0.15102339015668287,-0.12961555866018348,,,,,,False
13071,2009,610,4,26589,2021,2.2941818045056226,1085.3022624434388,4.0,-0.1312820357778004,-0.18003073182034268,,,,,,False
13082,2009,400,4,19217,2021,2.0814903470885153,891.6405472636816,4.0,-0.17927745350514923,-0.17247998519939878,,,,,,False
13087,2009,353,4,17368,2021,2.0324735145094426,930.1600775193799,4.0,-0.16339159527592095,-0.029180964726001624,,,,,,False
14021,2009,2697,4,155400,2021,1.7355212355212355,2040.4682672233823,4.0,-0.11849480599732398,-0.14564887939923488,,,,,,False
14038,2009,290,4,21141,2021,1.3717421124828533,1312.0406169665812,4.0,-0.13589222224438102,-0.0860595617955544,,,,,,False
14056,2009,322,4,14955,2021,2.15312604480107,1058.9723577235773,4.0,-0.09942304664096668,-0.002068903048434989,,,,,,False
15005,2009,268,4,17841,2021,1.502157950787512,1370.9917888563048,4.0,-0.029815959365470213,-0.007236838038067517,,,,,,False
15019,2009,286,4,19427,2021,1.4721778967416481,1004.6369747899158,4.0,-0.10506678497822852,-0.12475030268909992,,,,,,False
15030,2009,2322,4,136205,2021,1.7047832311589148,2180.559017027864,4.0,-0.0462605898475692,-0.09214489834534723,,,,,,False
15031,2009,227,4,15752,2021,1.441086846114779,1501.1334630350193,4.0,-0.06906563285571288,-0.021655347657920543,,,,,,False
15036,2009,493,4,42672,2021,1.1553243344581927,1160.9050434782607,4.0,-0.033355898016733665,-0.036728633039876835,,,,,,False
15054,2009,540,4,21735,2021,2.484472049689441,1133.7094218415418,4.0,-0.0790633350712544,-0.07044600068694629,,,,,,False
15058,2009,341,4,19268,2021,1.7697737180817936,1649.5795379537954,4.0,-0.10227344831029483,-0.2150842317218692,,,,,,False
15073,2009,434,4,17097,2021,2.5384570392466514,1438.6704049844236,4.0,-0.07453027755476072,-0.04840383609077625,,,,,,False
15078,2009,936,4,56746,2021,1.6494554682268354,1680.3627226463107,4.0,-0.16605916953680622,-0.2653185578725138,,,,,,False
16078,2009,736,4,31611,2021,2.3283034386764103,1513.3349794238682,4.0,-0.17872908353690764,-0.22986410246184785,,,,,,False
17023,2009,358,4,25589,2021,1.3990386494196725,2240.231092436975,4.0,-0.03932061219952909,-0.003461034391064266,,,,,,False
17066,2009,267,4,21062,2021,1.2676858797834964,1936.4249235474006,4.0,-0.001013527622268251,0.09716830058923598,,,,,,False
17079,2009,761,4,50333,2021,1.5119305425863747,2391.621495327103,4.0,-0.09884479493718523,-0.07909185500303295,,,,,,False
17095,2009,420,4,25496,2021,1.6473172262315658,2297.3343046357613,4.0,-0.07857922007916851,-0.16064831759447362,,,,,,False
17114,2009,268,4,16713,2021,1.6035421528151739,1776.0527777777777,4.0,-0.15343206319537384,-0.14631376520563566,,,,,,False
17155,2009,275,4,11642,2021,2.3621370898471055,1803.0907327586206,4.0,-0.11809682636995955,-0.060678135673842504,,,,,,False
18087,2009,2201,4,141257,2021,1.558152870300233,2082.2881165919284,4.0,-0.12835284172053607,-0.14585537402218118,,,,,,False
18140,2009,725,4,32841,2021,2.207606345726379,1614.6369811320753,4.0,-0.0857790343323186,-0.0466950748345738,,,,,,False
19130,2009,848,4,41937,2021,2.0220807401578558,2028.078744939271,4.0,-0.15262591352955723,-0.11665297351233217,,,,,,False
20030,2009,218,4,13535,2021,1.610639083856668,2693.162564102564,4.0,-0.18619914331684895,-0.5078150044252149,,,,,,False
20045,2009,445,4,28045,2021,1.586735603494384,2813.859090909091,4.0,-0.09819928072704276,-0.09996969549749923,,,,,,False
20067,2009,215,4,17999,2021,1.1945108061558976,3074.733913043479,4.0,-0.025564941840270694,-0.014592814469290616,,,,,,False
20069,2009,1263,4,94733,2021,1.3332207361743005,3866.6667122351337,4.0,-0.030253415756934188,-0.02494820901023731,,,,,,False
21041,2009,1318,4,68714,2021,1.918095293535524,1734.6163636363638,4.0,-0.05995079515350721,-0.09301374387849148,,,,,,False
22125,2009,556,4,29309,2021,1.897028216588761,1738.5407335907335,4.0,-0.2163590791907809,-0.22086528654715043,,,,,,False
23005,2009,238,4,20048,2021,1.187150837988827,1081.3707641196013,4.0,-0.1506057873261757,-0.21818791337873567,,,,,,False
23050,2009,754,4,58293,2021,1.2934657677594221,1615.852353506244,4.0,-0.08331059895612791,-0.06552544261964965,,,,,,False
23055,2009,498,4,29385,2021,1.6947422154160285,1314.0048109965635,4.0,-0.09998088373077152,-0.16020412421557595,,,,,,False
23092,2009,240,4,18318,2021,1.3101867016049786,1276.3147632311977,4.0,-0.08052203598621754,-0.07878996271663308,,,,,,False
24089,2009,1127,4,79199,2021,1.422997765123297,1700.137788331072,4.0,-0.003341298141779636,0.0239870658410809,,,,,,False
24115,2009,750,4,42549,2021,1.7626736233519003,1162.2207293666027,4.0,-0.09565293722552848,-0.1293881809380385,,,,,,False
24142,2009,326,4,17161,2021,1.899656197191306,1264.7760563380282,4.0,-0.06517615465719862,-0.0558944576406567,,,,,,False
25120,2009,1309,4,68299,2021,1.9165727170236753,1762.2492622560687,4.0,-0.05501858860672171,0.0036061996322773737,,,,,,False
26089,2009,2021,4,78908,2021,2.5612105236477922,1956.3512998266895,4.0,-0.1448445230637424,-0.10262589875755845,,,,,,False
27028,2009,1082,4,62648,2021,1.7271102030392032,1383.3777918781725,4.0,-0.042085841518291534,-0.16708466096853958,,,,,,False
28005,2009,1018,4,79588,2021,1.2790872995929035,2432.3030091348737,4.0,-0.1124454191850025,-0.08915076293910229,,,,,,False
28006,2009,2268,4,42744,2021,5.306007860752386,2874.530841121495,4.0,-0.15420582164245988,-0.11207795987786862,,,,,,False
28007,2009,2765,4,70601,2021,3.9163751221654084,2669.458036314728,4.0,-0.12901546992524504,-0.0999247438985279,,,,,,False
28013,2009,525,4,25682,2021,2.0442333151623706,2010.868450704225,4.0,-0.18202755436173268,-0.17353685740361036,,,,,,False
28014,2009,557,4,21573,2021,2.5819311176007047,2059.246859083192,4.0,-0.1163124432570708,-0.07100902777771578,,,,,,False
28022,2009,732,4,19874,2021,3.6832041863741574,2631.329660023446,4.0,-0.10632105320016905,-0.007311897015364832,,,,,,False
28045,2009,694,4,20461,2021,3.3918185816919992,2339.521704394141,4.0,-0.0633302748555622,0.053852669231391204,,,,,,False
28047,2009,666,4,27922,2021,2.3852159587422106,2366.744318181818,4.0,-0.15886447766803458,-0.1563327156604667,,,,,,False
28049,2009,569,4,31337,2021,1.8157449660146152,2735.5077173913046,4.0,-0.0942627251866418,-0.09535681461771783,,,,,,False
28058,2009,796,4,70944,2021,1.1220117275597654,2287.1115039577835,4.0,-0.09480434341710375,-0.08454464430215847,,,,,,False
28061,2009,167,4,15295,2021,1.0918600849950963,2143.5985673352434,4.0,-0.08671417488151456,-0.041918003021642836,,,,,,False
28065,2009,945,4,79835,2021,1.183691363437089,2461.4610677083333,4.0,-0.1857111100958465,-0.23852395100209411,,,,,,False
28074,2009,1710,4,77962,2021,2.1933762602293423,2483.8077384523094,4.0,-0.12885221762123356,-0.06954915871497291,,,,,,False
28079,2009,25096,4,1533221,2021,1.6368155667056479,3420.402189071788,4.0,-0.09681723554826227,-0.08302148555440425,,,,,,False
28080,2009,485,4,25577,2021,1.8962348985416586,3044.7487101669194,4.0,-0.12129646549042472,-0.07177828215962923,,,,,,False
28092,2009,1244,4,82103,2021,1.5151699694286445,2262.34334850784,4.0,-0.13308857685900144,-0.1250521564332414,,,,,,False
28106,2009,1735,4,47256,2021,3.6714914508210597,1996.7456939111357,4.0,-0.15323637757987274,-0.12697432240156514,,,,,,False
28113,2009,599,4,21507,2021,2.785139721950993,2282.9179365079367,4.0,-0.08235396254164762,-0.002319610057328836,,,,,,False
28115,2009,527,4,32327,2021,1.630216227920933,3371.9554012345675,4.0,-0.03532272041244511,0.001952899303986566,,,,,,False
28123,2009,669,4,35980,2021,1.859366314619233,2125.5524468085105,4.0,-0.06559516162797396,0.03821313860699982,,,,,,False
28127,2009,956,4,35404,2021,2.700259857643204,2723.0391653290526,4.0,-0.138155938290472,-0.11288005739976703,,,,,,False
28130,2009,370,4,15621,2021,2.3686063632289867,2525.15825,4.0,-0.1826751105448472,-0.17489847871762287,,,,,,False
28134,2009,576,4,36032,2021,1.5985790408525755,2974.9437500000004,4.0,-0.06709403482722875,-0.10392205007819355,,,,,,False
28148,2009,1621,4,50494,2021,3.210282409791262,2313.4308915388983,4.0,-0.11484674303537235,-0.08490165788371429,,,,,,False
28161,2009,967,4,28896,2021,3.346483942414175,2270.1903331156104,4.0,-0.055608165490064754,-0.03764828514787233,,,,,,False
28181,2009,156,4,11252,2021,1.3864201919658727,2330.2794520547945,4.0,-0.09709708643638082,-0.021292500465945774,,,,,,False
28903,2009,165,4,18542,2021,0.8898716427569842,2702.4766666666665,4.0,-0.16519374958445043,-0.19567798741227072,,,,,,False
29007,2009,308,4,17000,2021,1.811764705882353,1746.4587962962962,4.0,-0.12732641768149422,-0.09747904408805597,,,,,,False
29015,2009,405,4,20944,2021,1.9337280366692131,1521.909069767442,4.0,-0.12534725572084537,-0.12463087032873332,,,,,,False
29025,2009,1360,4,48663,2021,2.7947311098781413,2216.854551630435,4.0,-0.1360356315411293,-0.13392304455920023,,,,,,False
29051,2009,1086,4,50366,2021,2.156216495254735,2225.4963407973787,4.0,-0.15885184809685482,-0.14982283944618158,,,,,,False
29054,2009,1123,4,48887,2021,2.2971342074580154,2181.4226984126985,4.0,-0.09627338149511222,-0.03965733920965553,,,,,,False
29067,2009,4795,4,261857,2021,1.8311521173770418,2060.7480875177084,4.0,-0.13056206892965094,-0.1516662522778065,,,,,,False
29069,2009,2199,4,100282,2021,2.1928162581520114,2466.7094367227505,4.0,-0.10412292350972407,-0.08315582393887933,,,,,,False
29070,2009,1974,4,62030,2021,3.1823311300983397,2086.0958736627613,4.0,-0.12379078522384468,-0.07353318614879967,,,,,,False
29082,2009,514,4,27620,2021,1.8609703113685736,2074.4543454345435,4.0,-0.0932366436221499,-0.05503713747714989,,,,,,False
29084,2009,370,4,19462,2021,1.9011406844106464,1584.947619047619,4.0,-0.14089557363051353,-0.20094285601251194,,,,,,False
29094,2009,1608,4,50454,2021,3.1870614817457485,1712.8123266563944,4.0,-0.18586996060086458,-0.14335269917528848,,,,,,False
29901,2009,1149,4,42938,2021,2.6759513717453074,2143.191588785047,4.0,-0.15520962568424646,-0.16730535061413943,,,,,,False
30003,2009,635,4,26137,2021,2.429506064200176,1691.438775510204,4.0,-0.21185021814544758,-0.2850005309353383,,,,,,False
30005,2009,290,4,18107,2021,1.6015905450930579,1260.3829646017698,4.0,-0.15875091649671946,-0.1400093018956542,,,,,,False
30015,2009,365,4,14630,2021,2.4948735475051262,1076.0941666666665,4.0,-0.14381468561892297,-0.19332470107261035,,,,,,False
30016,2009,2302,4,125253,2021,1.837880130615634,1589.9249067550766,4.0,-0.16623575341322638,-0.16372627956066121,,,,,,False
30019,2009,159,4,16704,2021,0.951867816091954,1151.0192429022081,4.0,-0.10980661462194796,-0.1336829086829775,,,,,,False
30022,2009,313,4,13679,2021,2.2881789604503253,965.6320689655172,4.0,-0.15927374983829112,-0.19385551665549083,,,,,,False
30024,2009,1116,4,42431,2021,2.6301524828545166,1216.89150390625,4.0,-0.12106111479559045,-0.0643702884308599,,,,,,False
30026,2009,646,4,31537,2021,2.048387608206234,1570.9378625954198,4.0,-0.124017127176697,-0.041087925695682426,,,,,,False
30027,2009,1077,4,32908,2021,3.2727604229974476,1298.230452342488,4.0,-0.22666256995501333,-0.30244717761289497,,,,,,False
30030,2009,5684,4,219740,2021,2.586693364885774,1554.2072125502202,4.0,-0.12370353779909948,-0.13015392401141124,,,,,,False
30035,2009,1206,4,41372,2021,2.9150149859808567,1680.3525,4.0,-0.22356675563484085,-0.22748888141218582,,,,,,False
30037,2009,1901,4,21899,2021,8.680761678615461,1481.3647696476964,4.0,-0.08807038514421905,0.053799165552805284,,,,,,False
30039,2009,203,4,15390,2021,1.3190383365821963,1233.1261728395061,4.0,-0.11911110925138124,-0.08442981883133915,,,,,,False
30043,2009,307,4,19242,2021,1.5954682465440182,1060.4498630136984,4.0,-0.14653525244566967,-0.11088970528764552,,,,,,False
31201,2009,1377,4,94761,2021,1.4531294519897426,2349.0325117370894,4.0,-0.10799492355249218,-0.07040292076332699,,,,,,False
31232,2009,277,4,17007,2021,1.6287411066031634,1785.2702429149797,4.0,-0.049185747697037985,-0.11578304747805601,,,,,,False
32054,2009,794,4,67492,2021,1.1764357257156404,1429.7204433497536,4.0,-0.01972598960080907,0.008273089673148326,,,,,,False
33004,2009,774,4,42296,2021,1.8299602799319084,1579.515141955836,4.0,-0.13492758036502284,-0.22532632650231543,,,,,,False
33024,2009,2273,4,148955,2021,1.5259642173810883,1930.3788685524125,4.0,-0.1066044897997066,-0.08729342582744815,,,,,,False
33031,2009,716,4,25962,2021,2.7578768970033125,1068.2820512820513,4.0,-0.18234165804219316,-0.26710229731535706,,,,,,False
33037,2009,369,4,25878,2021,1.425921632274519,1183.3817307692307,4.0,-0.21259444924108217,-0.4122356132048147,,,,,,False
33044,2009,2621,4,127210,2021,2.0603726122160206,1944.6143078112914,4.0,-0.06725888134550095,-0.09994338103625788,,,,,,False
33066,2009,818,4,29569,2021,2.7664107680340897,1442.221052631579,4.0,-0.05397099031511321,-0.07370307123054431,,,,,,False
34120,2009,741,4,44610,2021,1.6610625420309348,1699.8802797202795,4.0,-0.052970517467809786,-0.07541581727677948,,,,,,False
35002,2009,161,4,14365,2021,1.1207796728158719,1369.812222222222,4.0,-0.13832927046707522,-0.11820298889481029,,,,,,False
35004,2009,333,4,25339,2021,1.3141797229567072,1618.0653767820772,4.0,-0.14661035668522637,-0.14972316120942253,,,,,,False
35006,2009,282,4,17003,2021,1.6585308474975005,1431.1677083333334,4.0,-0.14171608306671213,-0.19774970526797708,,,,,,False
35011,2009,205,4,13881,2021,1.4768388444636553,1313.431496062992,4.0,-0.11081620536201486,-0.11404749571684392,,,,,,False
35016,2009,2989,4,175181,2021,1.7062352652399517,1863.1318624641835,4.0,-0.07782899019986955,-0.12254916665866944,,,,,,False
35017,2009,245,4,18683,2021,1.3113525665043086,1588.6702127659576,4.0,-0.14511461600755593,-0.14920355643359418,,,,,,False
35019,2009,1025,4,32766,2021,3.1282426905939085,2065.4613592233013,4.0,-0.09672298327930773,-0.07285527188189855,,,,,,False
35022,2009,403,4,30372,2021,1.32688002107204,1349.0498765432098,4.0,-0.1175656576507591,-0.09797965343086756,,,,,,False
35026,2009,1074,4,46739,2021,2.297866877768031,1623.7706967213114,4.0,-0.07803406700078663,-0.10911814173961809,,,,,,False
36026,2009,192,4,12577,2021,1.5265961676075375,1322.9259259259259,4.0,0.038784383692144875,0.14472377804245218,,,,,,False
36038,2009,809,4,42646,2021,1.897012615485626,1671.164406779661,4.0,-0.0755041142823123,-0.08951742274915642,,,,,,False
36045,2009,138,4,14215,2021,0.9708054871614492,1736.5280555555555,4.0,0.1802995206092699,0.19416631102974657,,,,,,False
36057,2009,1855,4,144293,2021,1.2855786489989118,2162.4431324564084,4.0,-0.12055199642031844,-0.1989984091738367,,,,,,False
36060,2009,401,4,21149,2021,1.8960707362050215,1275.7068376068378,4.0,-0.005881163691289992,0.0905722722833574,,,,,,False
37274,2009,1262,4,92553,2021,1.3635430510086113,2096.8495898583146,4.0,-0.1004328653857145,-0.08414750287942963,,,,,,False
38001,2009,886,4,26798,2021,3.306216881856855,1940.1414715719065,4.0,-0.0979830784004454,-0.03946158649426934,,,,,,False
38006,2009,1015,4,53746,2021,1.888512633498307,1769.4844198895028,4.0,-0.08408032521870457,-0.01857440495063889,,,,,,False
38017,2009,404,4,24284,2021,1.6636468456596936,1577.72192,4.0,-0.07819548834258294,-0.04929342309930951,,,,,,False
38023,2009,1282,4,74096,2021,1.73018786439214,1458.7173564753004,4.0,-0.10491458970284806,-0.11242250870679649,,,,,,False
38026,2009,317,4,17819,2021,1.778999943880128,1419.5747863247864,4.0,-0.04501645525126119,-0.03135403506233381,,,,,,False
38028,2009,485,4,20779,2021,2.334087299677559,1756.6370919881308,4.0,-0.13892710984285206,-0.08350142413613648,,,,,,False
38031,2009,201,4,17417,2021,1.1540448986622265,1334.8059701492537,4.0,-0.15325789324588424,-0.1826558997369513,,,,,,False
38038,2009,1150,4,97227,2021,1.1827990167340348,1736.8632191338077,4.0,-0.101282888705016,-0.15057327187636427,,,,,,False
39016,2009,268,4,13768,2021,1.946542707728065,1762.7936708860761,4.0,-0.17164447928271698,-0.11362986971580469,,,,,,False
39020,2009,422,4,24994,2021,1.6884052172521404,2271.0341818181814,4.0,-0.09865641809674397,-0.0040274276192154845,,,,,,False
39075,2009,1651,4,93407,2021,1.7675334825013114,2438.399820895522,4.0,-0.05734523938042857,-0.0631879764950074,,,,,,False
39087,2009,511,4,26596,2021,1.9213415551210709,1624.6089244851257,4.0,-0.07470197720295457,-0.05444546173416298,,,,,,False
40194,2009,369,4,29036,2021,1.2708362033337925,2174.781268882175,4.0,-0.13401684016121418,-0.1371377570500164,,,,,,False
41004,2009,922,4,32822,2021,2.8090914630430808,1708.9786864931848,4.0,-0.07069770954843169,-0.1154829684091957,,,,,,False
41021,2009,249,4,13079,2021,1.903815276397278,1732.174659400545,4.0,-0.06415089647851901,-0.03834714367543279,,,,,,False
41024,2009,337,4,15565,2021,2.1651140379055573,1521.2933333333335,4.0,0.02586358743744932,0.039860562705845926,,,,,,False
41034,2009,242,4,13904,2021,1.740506329113924,1595.933898305085,4.0,-0.05753344714213726,-0.06548940792809577,,,,,,False
41038,2009,1168,4,56736,2021,2.0586576424139875,1742.8292800967936,4.0,-0.11478557503117393,-0.1323293483761825,,,,,,False
41039,2009,400,4,18684,2021,2.1408691928923145,1207.3285714285712,4.0,-0.0949424451831048,-0.11213635708807435,,,,,,False
41059,2009,455,4,19554,2021,2.3268896389485527,1744.8338874680308,4.0,-0.14651213725368128,-0.21375881823442655,,,,,,False
41065,2009,147,4,13352,2021,1.1009586578789694,1319.5896713615023,4.0,-0.05884198896166448,-0.07374482002672234,,,,,,False
41069,2009,240,4,16512,2021,1.4534883720930232,1458.3165957446809,4.0,-0.06998259815229568,-0.1447828481700031,,,,,,False
41081,2009,468,4,16016,2021,2.9220779220779223,1588.455291005291,4.0,-0.027900406095122232,-0.05694854496648749,,,,,,False
41091,2009,5444,4,327393,2021,1.6628333531871482,2325.4838389190622,4.0,-0.08163591109171231,-0.18141676835591458,,,,,,False
41095,2009,1142,4,23030,2021,4.9587494572297,1391.6477663230241,4.0,-0.09604079418978939,-0.11986118494692066,,,,,,False
42173,2009,648,4,25244,2021,2.566946601172556,1720.8676814988291,4.0,-0.06288692897619153,-0.06657986776779334,,,,,,False
43038,2009,745,4,31733,2021,2.3477137364888288,2233.7633477633476,4.0,-0.1273224531315187,-0.1826797421963422,,,,,,False
43123,2009,699,4,51284,2021,1.3629982060681693,1713.0822710622708,4.0,-0.11758004340601647,-0.11718152334749321,,,,,,False
43148,2009,793,4,67200,2021,1.1800595238095237,2043.4557452396587,4.0,-0.16226097098284498,-0.2596841724114777,,,,,,False
43155,2009,279,4,19654,2021,1.4195583596214512,1306.0529175050303,4.0,0.011876757290021578,0.07082881395878216,,,,,,False
43163,2009,447,4,31063,2021,1.4390110420757816,1989.680769230769,4.0,-0.1271602849269332,-0.13020902475232654,,,,,,False
44216,2009,421,4,21490,2021,1.959050721265705,1550.7953781512604,4.0,-0.16008706290107788,-0.15941315190801164,,,,,,False
45165,2009,685,4,43263,2021,1.583339111943231,1422.2470649895179,4.0,-0.21428505751931226,-0.19585954274717232,,,,,,False
45168,2009,988,4,40498,2021,2.439626648229542,1996.7492588369441,4.0,-0.13953720925468316,-0.14273413203015628,,,,,,False
46005,2009,103,4,13175,2021,0.7817836812144212,1404.0403162055336,4.0,-0.07430783386058193,-0.060749183100279214,,,,,,False
46017,2009,463,4,24652,2021,1.8781437611552816,1301.23887283237,4.0,-0.07894126753531128,-0.08985281683050939,,,,,,False
46021,2009,295,4,14434,2021,2.0437855064431205,1512.3484536082474,4.0,-0.09586867435714286,-0.12191276447032928,,,,,,False
46029,2009,274,4,14059,2021,1.9489295113450458,1100.0548128342245,4.0,-0.12554938434810037,-0.18172270077603048,,,,,,False
46078,2009,290,4,17991,2021,1.6119170696459342,1598.2665207877462,4.0,-0.10242922953456401,-0.06677153271949554,,,,,,False
46102,2009,242,4,12037,2021,2.0104677245160754,1551.3395161290323,4.0,-0.07317066020340324,-0.062420323506299336,,,,,,False
46110,2009,166,4,13504,2021,1.2292654028436019,1425.8158682634728,4.0,-0.12575203180433125,-0.14026221900127878,,,,,,False
46131,2009,900,4,54541,2021,1.6501347610054822,1528.7759884974837,4.0,-0.08578327272378783,-0.132651152764239,,,,,,False
46145,2009,192,4,16908,2021,1.1355571327182399,1123.5714285714287,4.0,-0.16894779967922968,-0.2076533603980142,,,,,,False
46159,2009,151,4,14239,2021,1.0604677294753846,1566.596811594203,4.0,-0.12781892196208156,-0.131719630507787,,,,,,False
46169,2009,406,4,20270,2021,2.002960039467193,2124.0623003194887,4.0,0.11035915736261503,0.26490877035399696,,,,,,False
46181,2009,573,4,21085,2021,2.7175717334598057,1328.3519809825675,4.0,-0.12874672412228205,-0.11364702414777295,,,,,,False
46184,2009,371,4,19230,2021,1.9292771710868435,987.1227272727272,4.0,-0.13385032641009464,-0.30095359418182477,,,,,,False
46190,2009,804,4,33020,2021,2.43488794669897,1674.8700623700624,4.0,-0.09866731221741998,-0.12106063831462044,,,,,,False
46220,2009,865,4,41287,2021,2.0950904643108,1473.4527165932452,4.0,-0.10254282467461828,-0.09651881498665382,,,,,,False
46235,2009,361,4,25186,2021,1.4333359803065195,1344.7287439613526,4.0,-0.10010897768347149,-0.2438620839294795,,,,,,False
46244,2009,751,4,40564,2021,1.851395325904743,1540.2284057971015,4.0,-0.09621566632384193,-0.07486437471453056,,,,,,False
46250,2009,5543,4,414988,2021,1.3357012732898301,1998.1930338541667,4.0,-0.15109049431104427,-0.22285908115872566,,,,,,False
47186,2009,2727,4,159363,2021,1.711187665894844,1897.4095139911635,4.0,-0.09796289918199985,-0.052591590388831766,,,,,,False
48013,2009,976,4,46654,2021,2.091996399022592,2908.740136054422,4.0,-0.09030585799042334,-0.11907363255394599,,,,,,False
48015,2009,153,4,19257,2021,0.7945162797943605,2743.7534954407297,4.0,-0.13041533893336754,-0.14925177501345654,,,,,,False
48020,2009,2408,4,165685,2021,1.4533602921205904,3174.620914479255,4.0,-0.11170605682078727,-0.14700054516086403,,,,,,False
48027,2009,152,4,13360,2021,1.1377245508982037,2829.7816939890713,4.0,-0.15841577127435424,-0.2711916933681443,,,,,,False
48036,2009,193,4,13683,2021,1.4105093912153768,2645.585593220339,4.0,-0.09922109021346448,-0.1182269762304835,,,,,,False
48044,2009,366,4,34366,2021,1.065006110690799,3510.6147959183672,4.0,-0.09997229713076605,-0.12817981475286022,,,,,,False
48054,2009,281,4,13804,2021,2.035641842944074,3115.418909090909,4.0,-0.05077794462148366,-0.007033384943312071,,,,,,False
48078,2009,174,4,21560,2021,0.8070500927643784,2877.12935483871,4.0,-0.08004133020018322,-0.06482394142291392,,,,,,False
48082,2009,453,4,21669,2021,2.0905440952512806,2960.130546075085,4.0,-0.0700940042104019,-0.056643156248115556,,,,,,False
48084,2009,215,4,13547,2021,1.5870672473610394,2518.357088122605,4.0,-0.11913587461797293,-0.10997329133547062,,,,,,False
49275,2009,853,4,39710,2021,2.148073533115084,1437.2388797364085,4.0,-0.049176015963846686,-0.0028526277742825235,,,,,,False
50297,2009,6873,4,338961,2021,2.0276668997318277,2288.579582831929,4.0,-0.1419467404330803,-0.09747640507573108,,,,,,False
51001,2009,534,4,28315,2021,1.8859261875331097,1845.4705653021442,4.0,-0.015422192829523618,-0.05548070396266225,,,,,,False
52001,2009,626,4,29347,2021,2.133097079769653,1600.1008163265305,4.0,0.01599352040701607,-0.05069572519243959,,,,,,False
01059,2010,4564,4,119853,2021,3.807998131043862,2353.2894547325104,4.0,-0.08087462896046571,0.018607421488124776,,,,,,False
02003,2010,2460,4,86881,2021,2.831459122247672,1661.8536644165863,4.0,-0.03631476536781286,0.09562753859110174,,,,,,False
02009,2010,238,4,13292,2021,1.7905507071922961,932.8289340101524,4.0,-0.08328772061700929,0.03860976956973061,,,,,,False
02037,2010,242,4,16661,2021,1.4524938479082887,811.2670103092782,4.0,-0.023076472269039527,0.11855148966406459,,,,,,False
02081,2010,171,4,15102,2021,1.132300357568534,924.1077720207253,4.0,0.02069010341354649,0.17091426259041742,,,,,,False
03009,2010,706,4,33876,2021,2.0840713189278546,1055.096,4.0,-0.02464949305122499,0.10481516170760852,,,,,,False
03014,2010,3657,4,187658,2021,1.948757846721163,1433.4785696791575,4.0,-0.1263218370676934,0.013679638796954663,,,,,,False
03031,2010,1157,4,60479,2021,1.9130607318242696,2184.533576642336,4.0,-0.07361564558890954,0.0367426639904731,,,,,,False
03047,2010,851,4,26156,2021,3.253555589539685,1802.295865633075,4.0,-0.15339021303356992,-0.09594153911586534,,,,,,False
03059,2010,269,4,15357,2021,1.7516442013414077,991.3225274725276,4.0,-0.08617396662021859,0.08539095206898506,,,,,,False
03063,2010,1184,4,45237,2021,2.6173265247474413,1842.3152198421647,4.0,-0.12226906886072453,-0.041210712191890986,,,,,,False
03065,2010,2015,4,116080,2021,1.7358718125430737,1218.9330352446082,4.0,-0.09822311305873765,0.11931349985464146,,,,,,False
03066,2010,468,4,27488,2021,1.7025611175785798,883.6305263157894,4.0,-0.10350695500095353,0.01421799891411235,,,,,,False
03082,2010,675,4,26819,2021,2.5168723666057646,1852.509956709957,4.0,-0.04934521476556397,0.08947235907353546,,,,,,False
03093,2010,152,4,13780,2021,1.1030478955007257,948.1893162393163,4.0,-0.06321981772969976,0.07281995702170518,,,,,,False
03099,2010,2717,4,88508,2021,3.069779003027975,1338.4153539381853,4.0,-0.08740175024603625,0.10529576523288064,,,,,,False
03104,2010,274,4,16474,2021,1.6632269029986646,909.0780269058297,4.0,-0.09680448224070293,-0.0033718083362463958,,,,,,False
03121,2010,975,4,45155,2021,2.1592293212268854,1719.294495412844,4.0,-0.04694632353184913,0.09147127415824552,,,,,,False
03122,2010,515,4,27151,2021,1.8967993812382602,1429.084872611465,4.0,-0.1569948518611699,-0.10527659951808888,,,,,,False
03133,2010,3249,4,122736,2021,2.6471450919045756,1495.3978086584716,4.0,-0.09525999928615791,0.07440150957578628,,,,,,False
03139,2010,615,4,25780,2021,2.385570209464701,1763.3434571890148,4.0,-0.047796971647890985,0.09222920805161883,,,,,,False
03140,2010,298,4,18609,2021,1.6013756784351658,905.5824902723735,4.0,-0.05996293802248687,0.06650540878340794,,,,,,False
04013,2010,2142,4,100957,2021,2.1216953752587737,1732.4528413910093,4.0,-0.07181240404496747,0.01862541685226582,,,,,,False
04079,2010,1991,4,62150,2021,3.2035398230088497,1419.9775014459226,4.0,-0.13646507167119137,-0.05966199301644004,,,,,,False
04902,2010,1128,4,40014,2021,2.8190133453291346,1292.5803134182174,4.0,-0.1342527641405733,-0.05219251776803213,,,,,,False
05019,2010,1066,4,34843,2021,3.059438050684499,1451.244163658243,4.0,-0.034914919957089174,0.14893090153644806,,,,,,False
06011,2010,586,4,17292,2021,3.388850335415221,977.8789333333333,4.0,-0.006555587495062687,0.059832160500940756,,,,,,False
06015,2010,1989,4,74594,2021,2.6664342976646913,1530.1280764635603,4.0,-0.01496164372499953,0.04400954196711382,,,,,,False
06044,2010,435,4,21262,2021,2.0459034897939987,1007.8447293447293,4.0,0.020273324185676955,0.05945641232896859,,,,,,False
06083,2010,939,4,31358,2021,2.99445117673321,1090.8309748427673,4.0,-0.05750838465731056,0.03962020327136606,,,,,,False
07011,2010,814,4,36492,2021,2.2306258906061602,2660.7639556377076,4.0,-0.04983047078455094,0.008575011612189987,,,,,,False
07015,2010,466,4,17887,2021,2.6052440319785317,2143.460200668896,4.0,-0.061460248139875384,0.12630293040395035,,,,,,False
07026,2010,548,4,23938,2021,2.2892472219901414,2457.533121019108,4.0,-0.09141761083583255,0.06499735700674536,,,,,,False
07027,2010,234,4,15863,2021,1.4751308075395575,1652.88,4.0,-0.059271392044634164,0.06064409709051266,,,,,,False
07031,2010,326,4,23312,2021,1.3984214138641042,2011.8089514066494,4.0,-0.05849805820991316,0.03457188318231441,,,,,,False
07032,2010,220,4,15173,2021,1.449943979437158,2022.9575520833332,4.0,-0.05136600290494964,0.08193055744456879,,,,,,False
07033,2010,391,4,28571,2021,1.368520527807917,1628.3043165467623,4.0,-0.10735151658061559,-0.05997324849323182,,,,,,False
07036,2010,237,4,15048,2021,1.5749601275917064,2291.0140449438204,4.0,-0.04177113313730452,0.054040486746735894,,,,,,False
07040,2010,3613,4,186482,2021,1.9374524082753295,2103.9276600299722,4.0,-0.0861519140160838,0.030180673903647093,,,,,,False
07054,2010,408,4,22810,2021,1.7886891714160456,2486.01975308642,4.0,-0.063846314795867,0.03383086695395854,,,,,,False
08015,2010,1354,4,91915,2021,1.47310014687483,2630.418312655087,4.0,-0.05829418787406948,0.024815935102927345,,,,,,False
08019,2010,12578,4,808751,2021,1.5552376442192961,3372.2136106729754,4.0,-0.041574575581176054,0.03912662829912583,,,,,,False
08056,2010,576,4,28708,2021,2.0064093632436952,2953.317154255319,4.0,-0.04383381519200635,0.04706721020893612,,,,,,False
08073,2010,753,4,37034,2021,2.0332667278716854,2646.809176788124,4.0,-0.07410310704993406,0.00444814452549358,,,,,,False
08077,2010,280,4,19420,2021,1.4418125643666324,2959.034237288136,4.0,-0.0661787873594949,0.054266145756760586,,,,,,False
08089,2010,268,4,20359,2021,1.3163711380716145,2726.499413489736,4.0,-0.05597467435339398,-0.004537117232330856,,,,,,False
08096,2010,426,4,26298,2021,1.6198950490531598,2424.6137745974956,4.0,-0.023894868960755766,0.09085835800754904,,,,,,False
08101,2010,1777,4,110488,2021,1.6083194555064804,2752.3927821522307,4.0,-0.06359286942505427,0.04258217751378346,,,,,,False
08102,2010,270,4,18257,2021,1.4788848113052528,1879.903073286052,4.0,0.020201465223369297,0.14098019542143525,,,,,,False
08113,2010,542,4,40136,2021,1.35040861072354,1738.881886227545,4.0,-0.08788677120565092,0.002349325869155039,,,,,,False
08114,2010,155,4,10685,2021,1.4506317267197004,2040.6582329317266,4.0,-0.08923726097283058,0.011784750596721127,,,,,,False
08121,2010,966,4,52996,2021,1.822779077666239,2409.2694663167103,4.0,-0.07867772783450278,-0.016181376689515248,,,,,,False
08124,2010,273,4,20857,2021,1.3089130747470874,2321.937020316027,4.0,-0.012657958317293216,0.0935514197335785,,,,,,False
08125,2010,251,4,15304,2021,1.6400940930475694,2505.040938166311,4.0,-0.0004926376103040475,0.06234112281146309,,,,,,False
08169,2010,356,4,26518,2021,1.3424843502526587,2641.3446360153257,4.0,-0.0330946361676151,0.01699624493059393,,,,,,False
08172,2010,223,4,12313,2021,1.8110939657272802,2447.505315614618,4.0,-0.057234887175133586,0.02285910922711254,,,,,,False
08180,2010,290,4,15427,2021,1.8798210928890906,2330.196875,4.0,-0.0660266182828021,-4.171622184123702e-05,,,,,,False
08184,2010,551,4,32476,2021,1.6966375169355832,2249.326831896552,4.0,-0.05806826673308296,-0.012201087671528277,,,,,,False
08187,2010,1668,4,92772,2021,1.7979562799120423,2294.288830715532,4.0,-0.06242750646001716,0.04658527989991046,,,,,,False
08194,2010,345,4,14877,2021,2.3190159306311755,2495.6565868263474,4.0,-0.13620267015121346,-0.17453755363753787,,,,,,False
08200,2010,525,4,33904,2021,1.5484898537045777,2483.9478922716626,4.0,-0.03424349159817819,0.08150628141948701,,,,,,False
08205,2010,1078,4,35770,2021,3.0136986301369864,3287.979882237488,4.0,-0.03927640690182965,0.0025871996569483136,,,,,,False
08211,2010,339,4,18719,2021,1.8109941770393718,2764.2451530612248,4.0,-0.05021275120430324,0.01983686393286943,,,,,,False
08217,2010,292,4,13577,2021,2.1506960300508213,2933.7731182795696,4.0,-0.005641135110023399,0.10997494174927469,,,,,,False
08231,2010,228,4,14150,2021,1.6113074204946995,2349.9203753351208,4.0,-0.0803262808965367,0.010859220355878607,,,,,,False
08245,2010,741,4,48100,2021,1.5405405405405406,2539.268394815553,4.0,-0.0520927298855669,0.02632656079688267,,,,,,False
08252,2010,321,4,13768,2021,2.331493317838466,2450.868878718535,4.0,-0.01736725417611018,0.0541768709292888,,,,,,False
08263,2010,147,4,11530,2021,1.2749349522983522,2213.2613756613755,4.0,-0.04664939612354979,-0.022387709213464557,,,,,,False
08266,2010,317,4,23858,2021,1.3286947774331461,2545.8048997772826,4.0,-0.050621319471483295,0.008076397178656491,,,,,,False
08279,2010,2066,4,101134,2021,2.0428342594973006,2093.159619306594,4.0,-0.0811573832400706,0.03719124876809354,,,,,,False
08298,2010,338,4,19836,2021,1.703972575115951,1918.131836734694,4.0,-0.04450492597346911,0.02274068197683088,,,,,,False
08301,2010,638,4,26586,2021,2.3997592717971865,2557.5694300518135,4.0,-0.059242521564249584,0.004863930841950026,,,,,,False
08305,2010,391,4,18264,2021,2.1408234778799824,2036.856351791531,4.0,0.010806731428925076,0.13026699816743947,,,,,,False
08307,2010,543,4,33155,2021,1.6377620268436133,2265.1659224441837,4.0,-0.12696309041971776,-0.07088170446988618,,,,,,False
09018,2010,535,4,19708,2021,2.714633651309113,1517.2022222222224,4.0,-0.06391465829067855,0.0204073689154054,,,,,,False
09059,2010,2179,4,93766,2021,2.3238700595098436,2012.4762026239064,4.0,-0.04503304247526174,0.0336091323532034,,,,,,False
09219,2010,347,4,21007,2021,1.6518303422668634,1598.278215223097,4.0,-0.08958476556484618,-0.039751806014261315,,,,,,False
10037,2010,1522,4,53756,2021,2.831311853560533,1354.1022140221403,4.0,-0.02596915922220533,0.09049965370360347,,,,,,False
10148,2010,548,4,22443,2021,2.441741300182685,1122.7955263157896,4.0,-0.0006864300513840238,0.14421623215646606,,,,,,False
11004,2010,1111,4,55815,2021,1.9905043447102033,1435.8864730878188,4.0,-0.1311666352261044,-0.07382649879438519,,,,,,False
11006,2010,257,4,15460,2021,1.6623544631306597,1326.4400735294118,4.0,-0.015650507093998733,0.25297846194132356,,,,,,False
11012,2010,909,4,56479,2021,1.609447759344181,2614.401527883881,4.0,0.01374784000731677,0.10646288900015688,,,,,,False
11015,2010,964,4,49229,2021,1.9581953726462045,1932.6312714776634,4.0,-0.05767491193056429,0.06907635498584042,,,,,,False
11020,2010,1817,4,92974,2021,1.954309807042829,1507.63479307026,4.0,-0.026084803389111566,0.0662675779958175,,,,,,False
11022,2010,847,4,30028,2021,2.8207006793659253,1713.3899109792285,4.0,-0.07393912878828679,-0.0362960804331488,,,,,,False
11027,2010,706,4,49077,2021,1.438555738940848,1904.4682502896871,4.0,-0.07729948018175314,-0.0023796947241763178,,,,,,False
11028,2010,260,4,18626,2021,1.3958982068076882,1698.3183098591549,4.0,0.022996070060487206,0.13265555736495582,,,,,,False
11030,2010,663,4,26868,2021,2.4676194729790084,2084.6575707154743,4.0,-0.033046217477796125,0.16331171959667612,,,,,,False
11031,2010,786,4,39564,2021,1.986654534425235,1729.7177749360615,4.0,-0.05156464309804509,0.013401825742478501,,,,,,False
11032,2010,592,4,34536,2021,1.714153347231874,1725.8852292020372,4.0,-0.037456823159525254,0.1031234198370683,,,,,,False
11033,2010,387,4,19625,2021,1.9719745222929936,1921.2669473684211,4.0,-0.12165485701710677,-0.025742318906849526,,,,,,False
12032,2010,271,4,20301,2021,1.3349096103640214,1214.3307535641545,4.0,-0.08492254084420836,0.08102304429253904,,,,,,False
12040,2010,1448,4,91229,2021,1.5872145918512754,1561.6871287128713,4.0,-0.08270758034541426,0.07597571893746524,,,,,,False
12126,2010,240,4,15906,2021,1.5088645794039985,1093.9964539007092,4.0,-0.03564862021172133,,,,,,,False
12135,2010,325,4,25363,2021,1.2813941568426448,1329.0201666666667,4.0,-0.08469757226533614,-0.07724560267024694,,,,,,False
12138,2010,404,4,20887,2021,1.9342174558337721,1460.593581081081,4.0,-0.13337442625873286,0.02641367911356063,,,,,,False
13005,2010,297,4,17129,2021,1.7339015704361025,995.5016722408027,4.0,0.027397259371630955,0.1970725552920558,,,,,,False
13034,2010,1366,4,41592,2021,3.2842854395075975,1595.5408450704222,4.0,0.004869908064442985,0.15589329822112585,,,,,,False
13071,2010,716,4,26589,2021,2.692842904960698,1165.33373253493,4.0,0.07374118055490753,0.20502321633270792,,,,,,False
13082,2010,345,4,19217,2021,1.7952854243638445,815.8569124423964,4.0,-0.08499348201902035,0.09428397148612888,,,,,,False
13087,2010,705,4,17368,2021,4.059189313680331,937.6156,4.0,0.008015311192997032,0.17140690646891799,,,,,,False
14021,2010,2797,4,155400,2021,1.7998712998712998,1941.7349679645145,4.0,-0.04838756909129571,0.07010723690602827,,,,,,False
14038,2010,337,4,21141,2021,1.5940589376093846,1247.2279069767442,4.0,-0.04939840211630264,0.08649382012807838,,,,,,False
14056,2010,270,4,14955,2021,1.8054162487462386,1038.8449275362318,4.0,-0.01900656805680223,0.08041647858416445,,,,,,False
15005,2010,356,4,17841,2021,1.9954038450759486,1422.0239361702127,4.0,0.037222795737149816,0.06703875510262003,,,,,,False
15019,2010,306,4,19427,2021,1.575127400010295,942.3489898989899,4.0,-0.062000490180994294,0.04306629479723423,,,,,,False
15030,2010,2897,4,136205,2021,2.1269410080393523,2069.365464702895,4.0,-0.05099314050051584,-0.004732550652946643,,,,,,False
15031,2010,307,4,15752,2021,1.9489588623666836,1608.5308370044054,4.0,0.07154418751830915,0.14060982037402203,,,,,,False
15036,2010,640,4,42672,2021,1.4998125234345707,1101.4259124087591,4.0,-0.05123513882866115,-0.017879240811927488,,,,,,False
15054,2010,626,4,21735,2021,2.880147227973315,1100.3883190883191,4.0,-0.029391219752851305,0.0496721153184031,,,,,,False
15058,2010,466,4,19268,2021,2.4185177496367034,1655.2484848484848,4.0,0.0034366011242608074,0.10571004943455564,,,,,,False
15073,2010,447,4,17097,2021,2.614493770836989,1313.2421568627449,4.0,-0.08718344916745313,-0.012653171612692415,,,,,,False
15078,2010,929,4,56746,2021,1.6371197969900961,1655.6314247669773,4.0,-0.014717832969054157,0.15134133656775206,,,,,,False
16078,2010,635,4,31611,2021,2.008794407010218,1557.2497835497834,4.0,0.02901856147053028,0.20774764500743792,,,,,,False
17023,2010,369,4,25589,2021,1.4420258704912268,2059.3584551148224,4.0,-0.08073838361264551,-0.04141777141311642,,,,,,False
17066,2010,273,4,21062,2021,1.2961732029246986,1643.5659574468086,4.0,-0.15123693283398454,-0.1502234052117163,,,,,,False
17079,2010,901,4,50333,2021,1.7900780799872846,2297.3731555555555,4.0,-0.039407715625442985,0.05943707931174225,,,,,,False
17095,2010,463,4,25496,2021,1.8159711327267023,2168.7210752688175,4.0,-0.055983680349619536,0.022595539729548975,,,,,,False
17114,2010,253,4,16713,2021,1.513791659187459,1857.076640926641,4.0,0.045620188860739486,0.19905225205611332,,,,,,False
17155,2010,170,4,11642,2021,1.4602302009963923,1741.8212851405622,4.0,-0.03398023543957762,0.08411659093038193,,,,,,False
18087,2010,2520,4,141257,2021,1.783982386713579,1949.4621759456013,4.0,-0.06378845443526937,0.0645643872852667,,,,,,False
18140,2010,873,4,32841,2021,2.6582625376815567,1487.7051529790663,4.0,-0.07861322986917652,0.007165804463142078,,,,,,False
19130,2010,1178,4,41937,2021,2.808975367813625,1893.6472191930206,4.0,-0.06628516081128588,0.08634075271827135,,,,,,False
20030,2010,202,4,13535,2021,1.4924270410048024,2459.4714285714285,4.0,-0.08677201244589838,0.09942713087095056,,,,,,False
20045,2010,485,4,28045,2021,1.7293635229096096,2670.8068359375,4.0,-0.05083845720411462,0.04736082352292814,,,,,,False
20067,2010,335,4,17999,2021,1.8612145119173287,2785.3963414634145,4.0,-0.0941016620503814,-0.0685367202101107,,,,,,False
20069,2010,1873,4,94733,2021,1.9771357393938753,3673.0467336683414,4.0,-0.05007413179784248,-0.019820716040908293,,,,,,False
21041,2010,1749,4,68714,2021,2.545332828826731,1614.8179132620992,4.0,-0.06906336921849687,-0.009112574064989665,,,,,,False
22125,2010,547,4,29309,2021,1.8663209253130437,1632.9692840646653,4.0,-0.060724173720119734,0.15563490547066117,,,,,,False
23005,2010,276,4,20048,2021,1.3766959297685555,1087.4608024691358,4.0,0.005631776400476962,0.15623756372665265,,,,,,False
23050,2010,900,4,58293,2021,1.543924656476764,1625.9002538071065,4.0,0.006218328227241443,0.08952892718336936,,,,,,False
23055,2010,491,4,29385,2021,1.6709205376892973,1189.8231597845602,4.0,-0.09450623785602574,0.005474645874745776,,,,,,False
23092,2010,268,4,18318,2021,1.4630418167922263,1226.4335443037974,4.0,-0.039082223574001485,0.04143981241221606,,,,,,False
24089,2010,1841,4,79199,2021,2.324524299549237,1570.6123928293061,4.0,-0.07618523415617595,-0.07284393601439632,,,,,,False
24115,2010,837,4,42549,2021,1.9671437636607205,1177.1578512396693,4.0,0.012852224621055619,0.1085051618465841,,,,,,False
24142,2010,361,4,17161,2021,2.103607015908164,1228.6612612612612,4.0,-0.02855430010379234,0.036621854553406274,,,,,,False
25120,2010,1281,4,68299,2021,1.8755765091729015,1600.1181084198383,4.0,-0.0920023956365098,-0.036983807029788096,,,,,,False
26089,2010,1851,4,78908,2021,2.3457697571855833,1929.4668316831683,4.0,-0.01374214750996039,0.131102375553782,,,,,,False
27028,2010,1312,4,62648,2021,2.094240837696335,1261.165806451613,4.0,-0.08834317432596328,-0.04625733280767175,,,,,,False
28005,2010,1281,4,79588,2021,1.6095391265014827,2254.01216374269,4.0,-0.0733012477156777,0.03914417146932481,,,,,,False
28006,2010,1236,4,42744,2021,2.8916339135317237,2789.82882231405,4.0,-0.029466380250906865,0.12473944139155302,,,,,,False
28007,2010,2823,4,70601,2021,3.998526933046274,2443.4855464159814,4.0,-0.0846510740474905,0.04436439587775454,,,,,,False
28013,2010,515,4,25682,2021,2.0052955377307065,1705.860465116279,4.0,-0.15167973095461784,0.030347823407114838,,,,,,False
28014,2010,614,4,21573,2021,2.8461502804431467,1860.7365426695842,4.0,-0.09639947514694158,0.019912968110129214,,,,,,False
28022,2010,741,4,19874,2021,3.72848948374761,2515.5564569536427,4.0,-0.0439979850600597,0.06232306814010935,,,,,,False
28045,2010,490,4,20461,2021,2.3947998631542937,2247.8768211920533,4.0,-0.03917248685060648,0.024157788004955716,,,,,,False
28047,2010,520,4,27922,2021,1.8623307785975216,2194.7439814814816,4.0,-0.07267381414164364,0.08619066352639093,,,,,,False
28049,2010,662,4,31337,2021,2.112518747806108,2446.801208459214,4.0,-0.10554037449669973,-0.011277649310057924,,,,,,False
28058,2010,1265,4,70944,2021,1.7830965268380694,2080.9351622137406,4.0,-0.09014704415908903,0.004657299258014724,,,,,,False
28061,2010,259,4,15295,2021,1.6933638443935928,2063.6050505050503,4.0,-0.03731739610632179,0.04939677877519277,,,,,,False
28065,2010,959,4,79835,2021,1.201227531784305,2276.2282303370785,4.0,-0.07525320623645293,0.11045790385939358,,,,,,False
28074,2010,1463,4,77962,2021,1.876555244862882,2364.0946050096336,4.0,-0.048197423491912694,0.08065479412932086,,,,,,False
28079,2010,30975,4,1533221,2021,2.0202567014148647,3203.531010887415,4.0,-0.06340516880654512,0.03341206674171715,,,,,,False
28080,2010,618,4,25577,2021,2.4162333346365874,2919.9995454545456,4.0,-0.040971908222118825,0.0803245572683059,,,,,,False
28092,2010,1361,4,82103,2021,1.6576738974215315,2048.11484669177,4.0,-0.09469318702546525,0.038395389833536187,,,,,,False
28106,2010,1047,4,47256,2021,2.2155916708989336,1838.3626373626373,4.0,-0.07932059502192534,0.0739157825579474,,,,,,False
28113,2010,469,4,21507,2021,2.1806853582554515,2151.163893016345,4.0,-0.057713000272418546,0.024640962269229072,,,,,,False
28115,2010,733,4,32327,2021,2.2674544498406903,3117.0932285368804,4.0,-0.07558290142401491,-0.04026018101156981,,,,,,False
28123,2010,921,4,35980,2021,2.5597554196775985,2026.8708100558658,4.0,-0.04642634760709563,0.019168814020878333,,,,,,False
28127,2010,1228,4,35404,2021,3.4685346288554966,2653.420722269991,4.0,-0.025566449408981895,0.11258948888149012,,,,,,False
28130,2010,350,4,15621,2021,2.2405735868382304,2444.2374670184695,4.0,-0.03204582642752407,0.15062928411732313,,,,,,False
28134,2010,635,4,36032,2021,1.762322380106572,2740.711569148936,4.0,-0.07873499485530244,-0.011640960028073688,,,,,,False
28148,2010,1049,4,50494,2021,2.077474551431853,2082.395765230312,4.0,-0.0998668804646684,0.014979862570703939,,,,,,False
28161,2010,1193,4,28896,2021,4.12859911406423,2162.831730769231,4.0,-0.04729057329701536,0.008317592193049395,,,,,,False
28181,2010,205,4,11252,2021,1.8218983291859225,2318.6224576271184,4.0,-0.005002401929690148,0.09209468450669067,,,,,,False
28903,2010,226,4,18542,2021,1.2188544925035056,2643.1920821114372,4.0,-0.02193713096082084,0.1432566186236296,,,,,,False
29007,2010,329,4,17000,2021,1.9352941176470588,1682.3038740920097,4.0,-0.03673428903123255,0.09059212865026167,,,,,,False
29015,2010,345,4,20944,2021,1.647249809014515,1416.9755968169763,4.0,-0.06894858243173496,0.05639867328911041,,,,,,False
29025,2010,1412,4,48663,2021,2.9015884758440706,2006.6454038997213,4.0,-0.0948231572414665,0.041212474299662794,,,,,,False
29051,2010,1154,4,50366,2021,2.291228209506413,1918.8456034482758,4.0,-0.1377898187148815,0.021062029381973324,,,,,,False
29054,2010,1137,4,48887,2021,2.325771677542087,2005.2565656565655,4.0,-0.0807574492024491,0.015515932292663126,,,,,,False
29067,2010,5763,4,261857,2021,2.2008195312708847,1922.3961302749083,4.0,-0.06713676362521981,0.06342530530443113,,,,,,False
29069,2010,2389,4,100282,2021,2.3822819648590974,2121.304881209503,4.0,-0.1400264459085011,-0.03590352239877703,,,,,,False
29070,2010,1778,4,62030,2021,2.8663549895211995,1910.4707896189948,4.0,-0.0841884048863989,0.039602380337445786,,,,,,False
29082,2010,870,4,27620,2021,3.1498913830557567,1900.8767955801106,4.0,-0.08367383463340228,0.009562808988747618,,,,,,False
29084,2010,411,4,19462,2021,2.1118076251156097,1465.3102827763496,4.0,-0.07548346382775628,0.06541210980275725,,,,,,False
29094,2010,1492,4,50454,2021,2.9571490862964285,1650.0628332063975,4.0,-0.03663535839474663,0.14923460220611795,,,,,,False
29901,2010,1200,4,42938,2021,2.794727281196143,2038.5304347826086,4.0,-0.04883425007363418,0.10637537561061228,,,,,,False
30003,2010,531,4,26137,2021,2.0316027088036117,1345.5576200417536,4.0,-0.2044893143496248,0.007360903795822771,,,,,,False
30005,2010,377,4,18107,2021,2.082067708620975,1202.3051724137931,4.0,-0.046079480458803945,0.11267143603791552,,,,,,False
30015,2010,288,4,14630,2021,1.9685577580314422,967.627027027027,4.0,-0.10079707055343468,0.04301761506548829,,,,,,False
30016,2010,2488,4,125253,2021,1.9863795677548641,1487.7023701002736,4.0,-0.06429394005999434,0.10194181335323205,,,,,,False
30019,2010,217,4,16704,2021,1.2990900383141764,1228.001567398119,4.0,0.06688187445225147,0.17668848907419943,,,,,,False
30022,2010,184,4,13679,2021,1.3451275678046641,919.1387323943662,4.0,-0.04814808669409598,0.11112566314419514,,,,,,False
30024,2010,701,4,42431,2021,1.6520939878862153,1225.3896932515336,4.0,0.006983522621371252,0.1280446374169617,,,,,,False
30026,2010,685,4,31537,2021,2.172051875574722,1488.6780621572213,4.0,-0.052363497243801405,0.07165362993289559,,,,,,False
30027,2010,951,4,32908,2021,2.8898748024796403,1237.1984340044742,4.0,-0.04701169829123131,0.17965087166378202,,,,,,False
30030,2010,4861,4,219740,2021,2.2121598252480204,1478.1833405265431,4.0,-0.04891488818851464,0.07478864961058485,,,,,,False
30035,2010,1068,4,41372,2021,2.5814560572367786,1741.9111436950147,4.0,0.03663436314405155,0.2602011187788924,,,,,,False
30037,2010,966,4,21899,2021,4.411160326955569,1486.3701906412475,4.0,0.003378925364035501,0.09144931050825456,,,,,,False
30039,2010,238,4,15390,2021,1.5464587394411955,1133.5500000000002,4.0,-0.0807510010189898,0.03836010823239144,,,,,,False
30043,2010,226,4,19242,2021,1.1745140837750754,999.823076923077,4.0,-0.05717081797561441,0.08936443447005527,,,,,,False
31201,2010,1393,4,94761,2021,1.470014035309885,2117.869316081331,4.0,-0.09840783152244037,0.009587092030051814,,,,,,False
31232,2010,262,4,17007,2021,1.5405421297112953,1426.741156462585,4.0,-0.20082622665966265,-0.15164047896262467,,,,,,False
32054,2010,1097,4,67492,2021,1.6253778225567475,1420.9215749730315,4.0,-0.0061542579303873746,0.013571731670421694,,,,,,False
33004,2010,622,4,42296,2021,1.4705882352941178,1566.5119533527695,4.0,-0.008232392496703378,0.12669518786831946,,,,,,False
33024,2010,3024,4,148955,2021,2.0301433318787554,1879.9878302642112,4.0,-0.026104221875361433,0.08050026792434517,,,,,,False
33031,2010,463,4,25962,2021,1.783375702950466,1030.2485342019543,4.0,-0.03560250500741147,0.1467391530347817,,,,,,False
33037,2010,458,4,25878,2021,1.769843109977587,1089.5684647302903,4.0,-0.07927557406007879,0.13331887518100338,,,,,,False
33044,2010,3011,4,127210,2021,2.3669522836255013,1874.6855169839491,4.0,-0.035960236714522975,0.03129864463097798,,,,,,False
33066,2010,638,4,29569,2021,2.157665122256417,1336.391059602649,4.0,-0.07337986977504252,-0.019408879459929307,,,,,,False
34120,2010,1041,4,44610,2021,2.3335574983187626,1612.8200245700245,4.0,-0.051215521580485035,0.0017549958873247506,,,,,,False
35002,2010,221,4,14365,2021,1.5384615384615385,1309.9831967213115,4.0,-0.0436768080546478,0.09465246241242742,,,,,,False
35004,2010,337,4,25339,2021,1.3299656655748056,1562.8474600870825,4.0,-0.03412588730179078,0.11248446938343559,,,,,,False
35006,2010,273,4,17003,2021,1.6055990119390695,1405.717868338558,4.0,-0.017782570027668587,0.12393351303904354,,,,,,False
35011,2010,186,4,13881,2021,1.3399610979036092,1205.485714285714,4.0,-0.08218607677739198,0.028630128584622883,,,,,,False
35016,2010,3350,4,175181,2021,1.9123078416038268,1722.7428873452127,4.0,-0.07535106770880506,0.002477922491064488,,,,,,False
35017,2010,224,4,18683,2021,1.1989509179467965,1474.705913978495,4.0,-0.07173565531202664,0.0733789606955293,,,,,,False
35019,2010,1096,4,32766,2021,3.344930720869194,1884.8817948717951,4.0,-0.08742819784312572,0.009294785436182007,,,,,,False
35022,2010,553,4,30372,2021,1.820755959436323,1249.038928067701,4.0,-0.07413435945880364,0.04343129819195546,,,,,,False
35026,2010,905,4,46739,2021,1.9362844733520186,1497.6822695035462,4.0,-0.07765162129872194,0.0003824457020646932,,,,,,False
36026,2010,168,4,12577,2021,1.3357716466565954,1047.9393442622952,4.0,-0.2078624178985422,-0.24664680159068708,,,,,,False
36038,2010,698,4,42646,2021,1.636730291234817,1603.7347826086957,4.0,-0.04034888721744767,0.035155227064864625,,,,,,False
36045,2010,81,4,14215,2021,0.5698206120295463,1201.0865168539326,3.0,-0.3083402752916208,-0.4886397959008907,,,,,,False
36057,2010,2472,4,144293,2021,1.7131808195823774,1968.2623772102163,4.0,-0.08979693030152158,0.03075506611879686,,,,,,False
36060,2010,300,4,21149,2021,1.418506785190789,1187.897374179431,4.0,-0.0688320081376479,-0.0629508444463579,,,,,,False
37274,2010,1871,4,92553,2021,2.0215444123907385,1976.3339706819627,4.0,-0.057474613228932325,0.04295825215678217,,,,,,False
38001,2010,1027,4,26798,2021,3.83237555041421,1752.203100775194,4.0,-0.09686838488352323,0.0011146935169221717,,,,,,False
38006,2010,1181,4,53746,2021,2.1973728277453204,1615.069493670886,4.0,-0.08726549071749345,-0.003185165498788889,,,,,,False
38017,2010,335,4,24284,2021,1.3795091418217758,1460.1876865671643,4.0,-0.07449616560618977,0.0036993227363931735,,,,,,False
38023,2010,1267,4,74096,2021,1.7099438566184408,1421.3050657894735,4.0,-0.02564738845380321,0.07926720124904485,,,,,,False
38026,2010,266,4,17819,2021,1.492788596442,1439.9169811320755,4.0,0.014329780299884076,0.059346235551145265,,,,,,False
38028,2010,509,4,20779,2021,2.449588526878098,1795.169008264463,4.0,0.021935046488584797,0.16086215633143686,,,,,,False
38031,2010,340,4,17417,2021,1.9521157489808807,1312.770796460177,4.0,-0.0165081473876032,0.13674974585828104,,,,,,False
38038,2010,1432,4,97227,2021,1.4728419060549025,1682.1830443159922,4.0,-0.031482142183357986,0.06980074652165802,,,,,,False
39016,2010,232,4,13768,2021,1.68506682161534,1681.5837398373983,4.0,-0.04606888054451508,0.1255755987382019,,,,,,False
39020,2010,551,4,24994,2021,2.2045290869808754,2333.875535714286,4.0,0.027670809360427207,0.12632722745717118,,,,,,False
39075,2010,1753,4,93407,2021,1.8767330071622041,2339.1493857493856,4.0,-0.04070310139281674,0.016642137987611827,,,,,,False
39087,2010,481,4,26596,2021,1.8085426379906753,1504.0821052631577,4.0,-0.07418820456139352,0.00051377264156105,,,,,,False
40194,2010,446,4,29036,2021,1.5360242457638793,2114.438958333333,4.0,-0.02774638140039598,0.1062704587608182,,,,,,False
41004,2010,518,4,32822,2021,1.5782097373712753,1608.607190412783,4.0,-0.05873185948641857,0.011965850062013117,,,,,,False
41021,2010,225,4,13079,2021,1.7203150087927213,1579.7952191235058,4.0,-0.0879700204884496,-0.02381912400993058,,,,,,False
41024,2010,265,4,15565,2021,1.7025377449405719,1471.6065789473687,4.0,-0.032660863817167485,-0.058524451254616805,,,,,,False
41034,2010,280,4,13904,2021,2.013808975834292,1413.5454128440367,4.0,-0.11428323294263543,-0.056749785800498165,,,,,,False
41038,2010,1099,4,56736,2021,1.9370417371686408,1705.3362928348909,4.0,-0.021512713660525873,0.09327286137064805,,,,,,False
41039,2010,294,4,18684,2021,1.573538856775851,1165.54964028777,4.0,-0.03460444168182508,0.06033800350127971,,,,,,False
41059,2010,544,4,19554,2021,2.7820394804132147,1688.672427440633,4.0,-0.032187281798438105,0.11432485545524318,,,,,,False
41065,2010,155,4,13352,2021,1.1608747753145596,1254.089534883721,4.0,-0.04963674534539264,0.009205243616271841,,,,,,False
41069,2010,272,4,16512,2021,1.6472868217054264,1354.891836734694,4.0,-0.07092064872043347,-0.0009380505681377826,,,,,,False
41081,2010,284,4,16016,2021,1.7732267732267732,1513.1104377104377,4.0,-0.04743278184881705,-0.01953237575369482,,,,,,False
41091,2010,6449,4,327393,2021,1.969803874853769,2208.383542620771,4.0,-0.05035523977355272,0.03128067131815959,,,,,,False
41095,2010,553,4,23030,2021,2.4012158054711246,1263.7618717504333,4.0,-0.09189530401826296,0.004145490171526434,,,,,,False
42173,2010,613,4,25244,2021,2.428299794010458,1547.3768976897688,4.0,-0.10081587659194957,-0.037928947615758046,,,,,,False
43038,2010,683,4,31733,2021,2.1523335329152617,2066.91512605042,4.0,-0.07469377715414283,0.05262867597737586,,,,,,False
43123,2010,815,4,51284,2021,1.5891896107947898,1611.597528830313,4.0,-0.059241020671486955,0.05833902273452951,,,,,,False
43148,2010,935,4,67200,2021,1.3913690476190477,1920.6344702467343,4.0,-0.06010469043875466,0.10215628054409032,,,,,,False
43155,2010,252,4,19654,2021,1.2821817441742138,1225.2520642201835,4.0,-0.06186644675868247,-0.07374320404870405,,,,,,False
43163,2010,494,4,31063,2021,1.5903164536586936,1912.835972461274,4.0,-0.038621671354447495,0.08853861357248571,,,,,,False
44216,2010,623,4,21490,2021,2.8990228013029316,1463.047133757962,4.0,-0.05658273530445079,0.10350432759662709,,,,,,False
45165,2010,920,4,43263,2021,2.126528442317916,1369.1033632286997,4.0,-0.03736601260710626,0.176919044912206,,,,,,False
45168,2010,1343,4,40498,2021,3.316213146328214,1811.0049618320609,4.0,-0.09302334591228278,0.046513863342400374,,,,,,False
46005,2010,385,4,13175,2021,2.9222011385199242,1280.8377551020408,4.0,-0.08774859217465492,-0.013440758314072987,,,,,,False
46017,2010,567,4,24652,2021,2.3000162258640273,1105.2998338870432,4.0,-0.1505788391633519,-0.07163757162804063,,,,,,False
46021,2010,211,4,14434,2021,1.46182624359152,1380.2097014925373,4.0,-0.08737321865238523,0.008495455704757626,,,,,,False
46029,2010,219,4,14059,2021,1.5577210327903834,1022.4906666666667,4.0,-0.07050934668220621,0.05504003766589416,,,,,,False
46078,2010,287,4,17991,2021,1.595242065477183,1385.5904761904762,4.0,-0.13306669559245177,-0.030637466057887752,,,,,,False
46102,2010,262,4,12037,2021,2.1766220819140982,1378.3289099526066,4.0,-0.11152336698553844,-0.038352706782135204,,,,,,False
46110,2010,162,4,13504,2021,1.1996445497630333,1201.1975438596492,4.0,-0.15753669839387496,-0.03178466658954371,,,,,,False
46131,2010,1007,4,54541,2021,1.846317449258356,1406.3276315789474,4.0,-0.08009568297764891,0.005687589746138921,,,,,,False
46145,2010,261,4,16908,2021,1.5436479772888574,1181.205401234568,4.0,0.051295334855940844,0.22024313453517053,,,,,,False
46159,2010,218,4,14239,2021,1.5310063908982372,1415.6487719298245,4.0,-0.09635410882189299,0.03146481314018856,,,,,,False
46169,2010,352,4,20270,2021,1.7365564874198323,1536.0313684210525,4.0,-0.27684260099620805,-0.3872017583588231,,,,,,False
46181,2010,348,4,21085,2021,1.6504624140384159,1397.4801136363637,4.0,0.05204052362888256,0.18078724775116461,,,,,,False
46184,2010,354,4,19230,2021,1.8408736349453978,907.4806451612905,4.0,-0.08068103378743585,0.05316929262265879,,,,,,False
46190,2010,879,4,33020,2021,2.662023016353725,1571.3453724604967,4.0,-0.06181057995810779,0.036856732259312186,,,,,,False
46220,2010,710,4,41287,2021,1.719669629665512,1311.9804949053857,4.0,-0.10958765073995569,-0.007044826065337406,,,,,,False
46235,2010,351,4,25186,2021,1.3936313825140951,1183.58063583815,4.0,-0.11983688818050131,-0.01972791049702982,,,,,,False
46244,2010,984,4,40564,2021,2.425796272556947,1419.6270600203459,4.0,-0.07830094895201067,0.017914717371831257,,,,,,False
46250,2010,7581,4,414988,2021,1.8267998110788746,1851.1468770690797,4.0,-0.07358956531915273,0.07750092899189154,,,,,,False
47186,2010,3374,4,159363,2021,2.1171790189692716,1817.336705614135,4.0,-0.04220112094230877,0.055761778239691084,,,,,,False
48013,2010,1072,4,46654,2021,2.2977665366313715,2640.427090909091,4.0,-0.09224373185474233,-0.0019378738643189841,,,,,,False
48015,2010,331,4,19257,2021,1.7188554811237473,2625.7869565217393,4.0,-0.042994583556800636,0.0874207553765669,,,,,,False
48020,2010,3076,4,165685,2021,1.8565349910975646,2940.307138694639,4.0,-0.07380842692616463,0.03789762989462264,,,,,,False
48027,2010,316,4,13360,2021,2.3652694610778444,2813.373924731183,4.0,-0.0057982456006204774,0.15261752567373377,,,,,,False
48036,2010,233,4,13683,2021,1.7028429437988746,2489.918359375,4.0,-0.05884036949863081,0.04038072071483367,,,,,,False
48044,2010,725,4,34366,2021,2.109643252051446,3265.583072100313,4.0,-0.06979738252768186,0.03017491460308419,,,,,,False
48054,2010,313,4,13804,2021,2.2674587076209796,3037.1964664310954,4.0,-0.02510816199759125,0.025669782623892412,,,,,,False
48078,2010,678,4,21560,2021,3.144712430426716,2655.478012684989,4.0,-0.07703906040267217,0.003002269797511059,,,,,,False
48082,2010,423,4,21669,2021,1.9520974664266926,2673.813953488372,4.0,-0.096724312705177,-0.0266303084947751,,,,,,False
48084,2010,237,4,13547,2021,1.7494648261607737,2401.819305019305,4.0,-0.04627532118178568,0.07286055343618725,,,,,,False
49275,2010,816,4,39710,2021,2.054898010576681,1405.1625,4.0,-0.022318057344991593,0.026857958618855093,,,,,,False
50297,2010,7336,4,338961,2021,2.1642607851640747,2118.5000963523744,4.0,-0.07431661444304916,0.06763012599003115,,,,,,False
51001,2010,708,4,28315,2021,2.50044146212255,1817.9896381578947,4.0,-0.014891013523020025,0.000531179306503593,,,,,,False
52001,2010,632,4,29347,2021,2.153542099703547,1624.109090909091,4.0,0.015004226194745618,-0.0009892942122704529,,,,,,False
01059,2011,2639,4,119853,2021,2.201863950005423,2432.031028761062,4.0,0.033460216239103335,0.11433484519956905,,,,,,False
02003,2011,1162,4,86881,2021,1.3374615853869085,1535.010591133005,4.0,-0.07632625904406043,-0.04001149367624757,,,,,,False
02009,2011,165,4,13292,2021,1.2413481793560035,847.2634146341463,4.0,-0.09172691396713772,-0.008439193350128438,,,,,,False
02037,2011,128,4,16661,2021,0.7682612088109957,767.6902298850575,4.0,-0.053714473620230185,-0.030638001351190658,,,,,,False
02081,2011,125,4,15102,2021,0.8277049397430803,836.8183006535949,4.0,-0.09445810760389617,-0.11514821101744266,,,,,,False
03009,2011,512,4,33876,2021,1.5113944975794074,989.8539285714287,4.0,-0.0618351992885684,-0.03718570623734341,,,,,,False
03014,2011,2655,4,187658,2021,1.4148077886367754,1277.6634012539182,4.0,-0.10869724300106842,0.017624594066624977,,,,,,False
03031,2011,994,4,60479,2021,1.6435456935465202,2012.1363966142683,4.0,-0.07891715736090676,-0.005301511771997225,,,,,,False
03047,2011,665,4,26156,2021,2.5424376816026917,1646.861581920904,4.0,-0.08624237933186019,0.06714783370170974,,,,,,False
03059,2011,168,4,15357,2021,1.0939636647782771,866.4091397849463,4.0,-0.12600680830492172,-0.039832841684703135,,,,,,False
03063,2011,1102,4,45237,2021,2.43605897827,1707.164303178484,4.0,-0.07335927924172458,0.048909789618999944,,,,,,False
03065,2011,1429,4,116080,2021,1.2310475534114405,1100.8063731170334,4.0,-0.09690988652536581,0.0013132265333718474,,,,,,False
03066,2011,321,4,27488,2021,1.1677823050058207,819.1577528089887,4.0,-0.07296349728388585,0.03054345771706768,,,,,,False
03082,2011,514,4,26819,2021,1.91655169842276,1703.9028455284551,4.0,-0.08021933196268849,-0.030874117197124518,,,,,,False
03093,2011,131,4,13780,2021,0.9506531204644412,836.135576923077,4.0,-0.11817654702192171,-0.05495672929222195,,,,,,False
03099,2011,2414,4,88508,2021,2.727437067835676,1256.6353350189634,4.0,-0.06110212250523761,0.026299627740798637,,,,,,False
03104,2011,185,4,16474,2021,1.12298166808304,850.2117021276595,4.0,-0.06475387484452766,0.03205060739617527,,,,,,False
03121,2011,653,4,45155,2021,1.4461299966781087,1638.6566666666668,4.0,-0.04690169657456744,4.4626957281690416e-05,,,,,,False
03122,2011,368,4,27151,2021,1.3553828588265626,1260.1475555555555,4.0,-0.11821363467881285,0.03878121718235705,,,,,,False
03133,2011,3192,4,122736,2021,2.6007039499413374,1350.2397644419518,4.0,-0.0970698521664558,-0.0018098528802978908,,,,,,False
03139,2011,452,4,25780,2021,1.7532971295577968,1647.218548387097,4.0,-0.06585495771030059,-0.018057986062409603,,,,,,False
03140,2011,173,4,18609,2021,0.9296576925143748,873.8756756756757,4.0,-0.03501261888043061,0.024950319142056254,,,,,,False
04013,2011,1471,4,100957,2021,1.457055974325703,1594.1416878495172,4.0,-0.07983545077650733,-0.008023046731539862,,,,,,False
04079,2011,1340,4,62150,2021,2.156074014481094,1211.730885650224,4.0,-0.14665486994240895,-0.010189798271217576,,,,,,False
04902,2011,978,4,40014,2021,2.4441445494077074,1206.4804560260586,4.0,-0.0666108376387603,0.067641926501813,,,,,,False
05019,2011,563,4,34843,2021,1.6158195333352467,1440.14,4.0,-0.0076514785976826705,0.027263441359406504,,,,,,False
06011,2011,306,4,17292,2021,1.7696044413601666,912.935,4.0,-0.066413061085135,-0.05985747359007232,,,,,,False
06015,2011,1117,4,74594,2021,1.4974394723436202,1408.9762452107282,4.0,-0.07917757546991677,-0.06421593174491724,,,,,,False
06044,2011,271,4,21262,2021,1.2745743580095945,979.7367521367521,4.0,-0.027889194029175668,-0.04816251821485262,,,,,,False
06083,2011,716,4,31358,2021,2.2833088844951845,1049.5125968992247,4.0,-0.037877892080849906,0.019630492576460656,,,,,,False
07011,2011,835,4,36492,2021,2.2881727501918228,2552.145868263473,4.0,-0.04082214325855227,0.009008327525998672,,,,,,False
07015,2011,376,4,17887,2021,2.102085313356069,2165.1045816733067,4.0,0.010097869322535757,0.07155811746241114,,,,,,False
07026,2011,465,4,23938,2021,1.942518171944189,2431.046706586826,4.0,-0.010777642915875907,0.08063996791995665,,,,,,False
07027,2011,155,4,15863,2021,0.9771165605497069,1521.2008720930232,4.0,-0.07966647784895264,-0.02039508580431848,,,,,,False
07031,2011,259,4,23312,2021,1.111015785861359,2028.6192743764173,4.0,0.0083558247208384,0.06685388293075156,,,,,,False
07032,2011,154,4,15173,2021,1.0149607856060108,1843.0070539419085,4.0,-0.08895416414254642,-0.037588161237596784,,,,,,False
07033,2011,416,4,28571,2021,1.4560218403276048,1462.901257861635,4.0,-0.10157994240039048,0.005771574180225114,,,,,,False
07036,2011,160,4,15048,2021,1.063264221158958,2159.6563218390806,4.0,-0.05733606190439611,-0.01556492876709159,,,,,,False
07040,2011,2626,4,186482,2021,1.4081788054611168,1865.5872445542334,4.0,-0.11328356007845986,-0.027131646062376058,,,,,,False
07054,2011,307,4,22810,2021,1.3459009206488382,2468.992233009709,4.0,-0.006849310048953394,0.056997004746913604,,,,,,False
08015,2011,817,4,91915,2021,0.8888647119621389,2304.8681677976556,4.0,-0.1237636399089802,-0.06546945203491072,,,,,,False
08019,2011,7867,4,808751,2021,0.9727345004828433,3025.9140611213597,4.0,-0.10269205617805044,-0.061117480596874385,,,,,,False
08056,2011,322,4,28708,2021,1.121638567646649,2787.1270547945205,4.0,-0.05627235098043626,-0.012438535788429905,,,,,,False
08073,2011,388,4,37034,2021,1.04768591024464,2480.3970588235293,4.0,-0.06287272970941349,0.01123037734052057,,,,,,False
08077,2011,203,4,19420,2021,1.0453141091658085,2777.297784810127,4.0,-0.06141748891846721,0.004761298441027684,,,,,,False
08089,2011,202,4,20359,2021,0.9921901861584557,2451.6232954545453,4.0,-0.10081649630115552,-0.04484182194776154,,,,,,False
08096,2011,406,4,26298,2021,1.5438436382994905,2070.058431372549,4.0,-0.14623167901609635,-0.12233681005534058,,,,,,False
08101,2011,1194,4,110488,2021,1.080660343204692,2418.8734374999995,4.0,-0.12117432759412927,-0.057581458169075006,,,,,,False
08102,2011,250,4,18257,2021,1.3693377882456044,1645.5282608695652,4.0,-0.12467388119473732,-0.14487534641810662,,,,,,False
08113,2011,361,4,40136,2021,0.8994418975483357,1550.4981919332406,4.0,-0.10833610711938435,-0.020449335913733435,,,,,,False
08114,2011,102,4,10685,2021,0.9546092653252223,1932.4160975609755,4.0,-0.05304275533451008,0.036194505638320495,,,,,,False
08121,2011,715,4,52996,2021,1.3491584270510981,2234.7586142322098,4.0,-0.07243309829983136,0.00624462953467142,,,,,,False
08124,2011,162,4,20857,2021,0.7767176487510189,2035.6749244712992,4.0,-0.12328590023762409,-0.11062794192033087,,,,,,False
08125,2011,188,4,15304,2021,1.2284370099320439,2149.5965838509314,4.0,-0.14189163494292623,-0.14139899733262218,,,,,,False
08169,2011,190,4,26518,2021,0.71649445659552,2469.420253164557,4.0,-0.06508972002613411,-0.03199508385851901,,,,,,False
08172,2011,112,4,12313,2021,0.9096077316657192,2310.908256880734,4.0,-0.0558107301595715,0.0014241570155620886,,,,,,False
08180,2011,243,4,15427,2021,1.5751604330070654,2106.523131672598,4.0,-0.0959892040570186,-0.02996258577421651,,,,,,False
08184,2011,362,4,32476,2021,1.11466929424806,2063.2801517067005,4.0,-0.08271215972335311,-0.024643892990270144,,,,,,False
08187,2011,1268,4,92772,2021,1.3667917043935671,2120.4034773445733,4.0,-0.07579052429799271,-0.013363017837975555,,,,,,False
08194,2011,225,4,14877,2021,1.5124016938898972,2283.322972972973,4.0,-0.08508126277237249,0.051121407378840966,,,,,,False
08200,2011,347,4,33904,2021,1.0234780556866447,2280.4171288743883,4.0,-0.08193841909104538,-0.04769492749286719,,,,,,False
08205,2011,482,4,35770,2021,1.3474979032708974,3259.0934939759036,4.0,-0.008785451643921527,0.030490955257908126,,,,,,False
08211,2011,358,4,18719,2021,1.9124953256050004,2624.3729651162794,4.0,-0.05060050038978847,-0.0003877491854852311,,,,,,False
08217,2011,192,4,13577,2021,1.4141562937320469,2872.376605504587,4.0,-0.02092749176561637,-0.01528635665559297,,,,,,False
08231,2011,123,4,14150,2021,0.8692579505300353,2252.644041450777,4.0,-0.041395587231533915,0.03893069366500279,,,,,,False
08245,2011,498,4,48100,2021,1.0353430353430353,2239.7321739130434,4.0,-0.11796162292811407,-0.06586889304254717,,,,,,False
08252,2011,159,4,13768,2021,1.1548518303312028,2361.2223650385604,4.0,-0.03657744176295852,-0.019210187586848337,,,,,,False
08263,2011,107,4,11530,2021,0.9280138768430182,2066.282738095238,4.0,-0.06640816994432786,-0.019758773820778064,,,,,,False
08266,2011,156,4,23858,2021,0.6538687232794032,2371.1523287671234,4.0,-0.06860406743086966,-0.01798274795938637,,,,,,False
08279,2011,1474,4,101134,2021,1.4574722645203393,1831.8148148148148,4.0,-0.12485660533540932,-0.04369922209533872,,,,,,False
08298,2011,269,4,19836,2021,1.3561201855212746,1520.9492625368732,4.0,-0.20706740099468823,-0.16256247502121912,,,,,,False
08301,2011,296,4,26586,2021,1.1133679380124877,2326.477626459144,4.0,-0.09035602352659788,-0.0311135019623483,,,,,,False
08305,2011,253,4,18264,2021,1.3852387209811652,1740.5760416666665,4.0,-0.14545959996848534,-0.15626633139741042,,,,,,False
08307,2011,337,4,33155,2021,1.0164379429950234,2114.5208681135227,4.0,-0.06650508593565208,0.060458004484065686,,,,,,False
09018,2011,138,4,19708,2021,0.7002232595900142,1320.9802690582958,4.0,-0.12933144329074564,-0.06541678500006709,,,,,,False
09059,2011,1419,4,93766,2021,1.5133417230126058,1802.557594448728,4.0,-0.10430861637095756,-0.05927557389569582,,,,,,False
09219,2011,336,4,21007,2021,1.599466844385205,1469.6753289473684,4.0,-0.08046339182429363,0.009121373740552552,,,,,,False
10037,2011,812,4,53756,2021,1.5105290572215195,1406.0554002541294,4.0,0.038367255953057455,0.06433641517526278,,,,,,False
10148,2011,278,4,22443,2021,1.2386935792897562,1127.9053846153845,4.0,0.0045510141248619185,0.005237444176245942,,,,,,False
11004,2011,627,4,55815,2021,1.1233539371136791,1266.8684719535784,4.0,-0.11770986376852877,0.013456771457575623,,,,,,False
11006,2011,147,4,15460,2021,0.9508408796895214,1224.8468085106383,4.0,-0.07659091959462039,-0.060940412500621655,,,,,,False
11012,2011,589,4,56479,2021,1.0428654898280776,2357.473216132368,4.0,-0.09827423561807391,-0.11202207562539068,,,,,,False
11015,2011,636,4,49229,2021,1.291921428426334,1796.5185231539424,4.0,-0.07042872084939977,-0.012753808918835485,,,,,,False
11020,2011,1365,4,92974,2021,1.4681523866887516,1376.902193548387,4.0,-0.08671370554910007,-0.06062890215998851,,,,,,False
11022,2011,677,4,30028,2021,2.254562408418809,1532.329776674938,4.0,-0.10567363163753651,-0.031734502849249724,,,,,,False
11027,2011,506,4,49077,2021,1.0310328667196447,1792.9611702127656,4.0,-0.058550243649354794,0.01874923653239835,,,,,,False
11028,2011,213,4,18626,2021,1.1435627617309139,1622.0170454545455,4.0,-0.04492754035663504,-0.06792361041712225,,,,,,False
11030,2011,596,4,26868,2021,2.218252195920798,1986.0689108910892,4.0,-0.04729249599997787,-0.014246278522181743,,,,,,False
11031,2011,645,4,39564,2021,1.6302699423718532,1607.95501618123,4.0,-0.07039458142778954,-0.018829938329744444,,,,,,False
11032,2011,402,4,34536,2021,1.1640027797081307,1607.161058601134,4.0,-0.06879030458809543,-0.031333481428570176,,,,,,False
11033,2011,656,4,19625,2021,3.342675159235669,1729.5882575757576,4.0,-0.09976681796103759,0.021888039056069175,,,,,,False
12032,2011,189,4,20301,2021,0.9309886212501847,1025.5089655172414,4.0,-0.15549452856456658,-0.07057198772035822,,,,,,False
12040,2011,969,4,91229,2021,1.062162251038595,1386.3867540029112,4.0,-0.11225063681893899,-0.02954305647352473,,,,,,False
12126,2011,208,4,15906,2021,1.3076826354834654,1010.0190661478598,4.0,-0.07676202921263875,-0.04111340900091742,,,,,,False
12135,2011,295,4,25363,2021,1.1631116192879392,1087.743444730077,4.0,-0.18154481623987617,-0.09684724397454003,,,,,,False
12138,2011,357,4,20887,2021,1.7091971082491502,1386.5140065146577,4.0,-0.05071881427247693,0.08265561198625593,,,,,,False
13005,2011,171,4,17129,2021,0.9983069647965439,939.3033707865169,4.0,-0.05645224214218292,-0.08384950151381387,,,,,,False
13034,2011,635,4,41592,2021,1.5267359107520677,1619.6888168557537,4.0,0.01513466224317539,0.010264754178732405,,,,,,False
13071,2011,377,4,26589,2021,1.4178795742600323,995.241116751269,4.0,-0.14596043265104974,-0.21970161320595727,,,,,,False
13082,2011,300,4,19217,2021,1.5611177603163866,860.4682795698925,4.0,0.05468038138445741,0.13967386340347776,,,,,,False
13087,2011,326,4,17368,2021,1.8770152003684937,991.903896103896,4.0,0.05790037634175027,0.04988506514875324,,,,,,False
14021,2011,1873,4,155400,2021,1.2052767052767053,1840.5449152542374,4.0,-0.05211321543864078,-0.0037256463473450685,,,,,,False
14038,2011,390,4,21141,2021,1.8447566340286647,1196.2076923076922,4.0,-0.04090688989851421,0.008491512217788433,,,,,,False
14056,2011,217,4,14955,2021,1.4510197258441992,1010.9875621890545,4.0,-0.026815710996678788,-0.007809142939876557,,,,,,False
15005,2011,193,4,17841,2021,1.0817779272462307,1184.4439814814816,4.0,-0.16707169875675942,-0.20429449449390924,,,,,,False
15019,2011,201,4,19427,2021,1.0346425078498995,920.9223602484471,4.0,-0.022737467626340324,0.03926302255465397,,,,,,False
15030,2011,1540,4,136205,2021,1.1306486546015198,1923.5460580912863,4.0,-0.07046575827172441,-0.019472617771208567,,,,,,False
15031,2011,178,4,15752,2021,1.1300152361604876,1395.287659574468,4.0,-0.13257015192016075,-0.2041143394384699,,,,,,False
15036,2011,382,4,42672,2021,0.8952005999250093,1026.23059125964,4.0,-0.068270884407169,-0.017035745578507844,,,,,,False
15054,2011,379,4,21735,2021,1.7437313089487003,1117.0393749999998,4.0,0.015131981703946362,0.04452320145679767,,,,,,False
15058,2011,177,4,19268,2021,0.9186215486817522,1559.4618729096992,4.0,-0.05786841843721946,-0.06130501956148027,,,,,,False
15073,2011,289,4,17097,2021,1.6903550330467334,1201.958988764045,4.0,-0.08473925963856399,0.00244418952888914,,,,,,False
15078,2011,601,4,56746,2021,1.0591054876114616,1990.008067940552,4.0,0.20196321365465564,0.2166810466237098,,,,,,False
16078,2011,472,4,31611,2021,1.4931511182816108,1484.0198555956679,4.0,-0.04702516495920539,-0.07604372642973567,,,,,,False
17023,2011,246,4,25589,2021,0.9613505803274844,1931.8734748010609,4.0,-0.061905191880086474,0.01883319173255904,,,,,,False
17066,2011,399,4,21062,2021,1.894406988889944,1532.5824228028505,4.0,-0.06752606072248246,0.08371087211150208,,,,,,False
17079,2011,554,4,50333,2021,1.1006695408578864,2043.348780487805,4.0,-0.11057166505731275,-0.07116394943186977,,,,,,False
17095,2011,411,4,25496,2021,1.6120175713837466,2060.606236080178,4.0,-0.04985188755784953,0.006131792791770008,,,,,,False
17114,2011,233,4,16713,2021,1.3941243343505056,1608.0539936102236,4.0,-0.13409389888839507,-0.17971408774913455,,,,,,False
17155,2011,144,4,11642,2021,1.2369008761381206,1397.368932038835,4.0,-0.19775413013966603,-0.1637738947000884,,,,,,False
18087,2011,1582,4,141257,2021,1.1199444983257467,1735.1792951541847,4.0,-0.10991897326116473,-0.04613051882589536,,,,,,False
18140,2011,612,4,32841,2021,1.8635242532200602,1361.8937062937061,4.0,-0.08456746044969199,-0.005954230580515474,,,,,,False
19130,2011,746,4,41937,2021,1.7788587643369818,1672.6367272727275,4.0,-0.11671154462153566,-0.050426383810249775,,,,,,False
20030,2011,223,4,13535,2021,1.6475803472478758,2350.998181818182,4.0,-0.04410429228537649,0.042667720160521894,,,,,,False
20045,2011,473,4,28045,2021,1.6865751470850419,2754.196296296296,4.0,0.031222572608671895,0.08206102981278651,,,,,,False
20067,2011,228,4,17999,2021,1.2667370409467194,2618.5390946502057,4.0,-0.05990431032358723,0.03419735172679417,,,,,,False
20069,2011,1315,4,94733,2021,1.3881118512028543,3767.5309251101316,4.0,0.025723656215892232,0.07579778801373471,,,,,,False
21041,2011,1030,4,68714,2021,1.498966731670402,1482.7530402930402,4.0,-0.08178313597120945,-0.01271976675271258,,,,,,False
22125,2011,357,4,29309,2021,1.2180558872701217,1410.974054054054,4.0,-0.13594574752688382,-0.07522157380676409,,,,,,False
23005,2011,221,4,20048,2021,1.1023543495610535,995.6166064981949,4.0,-0.08445747723725217,-0.09008925363772913,,,,,,False
23050,2011,668,4,58293,2021,1.1459351894738647,1570.367722165475,4.0,-0.0341549437067864,-0.04037327193402784,,,,,,False
23055,2011,467,4,29385,2021,1.5892462140547898,1109.8450733752622,4.0,-0.06721846498918327,0.027287772866842475,,,,,,False
23092,2011,185,4,18318,2021,1.0099355824871712,1162.0046808510638,4.0,-0.05253351374151105,-0.013451290167509566,,,,,,False
24089,2011,918,4,79199,2021,1.1591055442619225,1526.716193480547,4.0,-0.027948461090189447,0.048236773065986505,,,,,,False
24115,2011,581,4,42549,2021,1.365484500223272,1161.1018433179722,4.0,-0.013639638817163235,-0.026491863438218854,,,,,,False
24142,2011,184,4,17161,2021,1.0721985898257678,1205.621923076923,4.0,-0.018751578576415406,0.009802721527376934,,,,,,False
25120,2011,864,4,68299,2021,1.2650258422524487,1375.469362017804,4.0,-0.1403951028489273,-0.04839270721241751,,,,,,False
26089,2011,1054,4,78908,2021,1.3357327520656967,1644.8658753709199,4.0,-0.14750238337291188,-0.1337602358629515,,,,,,False
27028,2011,721,4,62648,2021,1.1508747286425745,1136.4365044247788,4.0,-0.09890000298832213,-0.010556828662358853,,,,,,False
28005,2011,1600,4,79588,2021,2.010353319595919,1885.353319357093,4.0,-0.16355672356863193,-0.09025547585295424,,,,,,False
28006,2011,438,4,42744,2021,1.0247052217855137,2801.4360683760683,4.0,0.004160558514981094,0.03362693876588796,,,,,,False
28007,2011,1958,4,70601,2021,2.773331822495432,2204.686965811966,4.0,-0.09772866508430011,-0.01307759103680961,,,,,,False
28013,2011,430,4,25682,2021,1.6743244295615607,1587.2437125748502,4.0,-0.0695348505736918,0.08214488038092604,,,,,,False
28014,2011,218,4,21573,2021,1.0105224122746026,1721.1216763005782,4.0,-0.07503204412200215,0.02136743102493943,,,,,,False
28022,2011,271,4,19874,2021,1.3635906209117439,2442.399734042553,4.0,-0.029081725718723472,0.014916259341336224,,,,,,False
28045,2011,161,4,20461,2021,0.7868628121792679,2001.6653386454184,4.0,-0.10953068256474507,-0.0703581957141386,,,,,,False
28047,2011,350,4,27922,2021,1.2534918702098703,1903.4544626593806,4.0,-0.13272141137185245,-0.060047597230208805,,,,,,False
28049,2011,446,4,31337,2021,1.4232377062258672,2096.9857731958764,4.0,-0.1429684741261108,-0.03742809962941107,,,,,,False
28058,2011,1244,4,70944,2021,1.7534957149300856,1850.216060806345,4.0,-0.11087279680638962,-0.020725752647300588,,,,,,False
28061,2011,111,4,15295,2021,0.7257273618829683,1886.4496350364961,4.0,-0.08584753920097099,-0.0485301430946492,,,,,,False
28065,2011,1373,4,79835,2021,1.7197970814805537,1964.0005381165915,4.0,-0.13716888669562377,-0.06191568045917084,,,,,,False
28074,2011,770,4,77962,2021,0.9876606551909904,2073.0157547169815,4.0,-0.12312487396902039,-0.0749274504771077,,,,,,False
28079,2011,20114,4,1533221,2021,1.311878718071302,2887.4696069559745,4.0,-0.09866032289285931,-0.03525515408631419,,,,,,False
28080,2011,284,4,25577,2021,1.1103726003831567,2823.702505694761,4.0,-0.032978443407529534,0.00799346481458929,,,,,,False
28092,2011,1944,4,82103,2021,2.3677575728048916,1787.1801150895142,4.0,-0.12740239250925411,-0.03270920548378886,,,,,,False
28106,2011,631,4,47256,2021,1.335280176062299,1586.7509208103131,4.0,-0.13686729236038697,-0.05754669733846163,,,,,,False
28113,2011,375,4,21507,2021,1.7436183568140606,2063.6120622568096,4.0,-0.040699749118962236,0.01701325115345631,,,,,,False
28115,2011,910,4,32327,2021,2.8149843783833948,2910.606085526316,4.0,-0.06624349285423414,0.009339408569780772,,,,,,False
28123,2011,1607,4,35980,2021,4.466370205669817,1887.2875342465752,4.0,-0.0688663900613593,-0.022440042454263676,,,,,,False
28127,2011,507,4,35404,2021,1.4320415772229127,2451.9773109243697,4.0,-0.07591838326086764,-0.050351933851885744,,,,,,False
28130,2011,228,4,15621,2021,1.4595736508546189,2211.7872586872586,4.0,-0.09510131951899026,-0.06305549309146619,,,,,,False
28134,2011,1436,4,36032,2021,3.9853463587921847,2528.3640096618356,4.0,-0.07747898825889221,0.0012560065964102307,,,,,,False
28148,2011,1637,4,50494,2021,3.241969342892225,1897.474489795918,4.0,-0.08880217609064422,0.011064704374024181,,,,,,False
28161,2011,815,4,28896,2021,2.8204595791805094,1758.3411242603552,4.0,-0.18701899031461633,-0.13972841701760097,,,,,,False
28181,2011,129,4,11252,2021,1.1464628510487025,2227.8701754385966,4.0,-0.039140603460469325,-0.03413820153077918,,,,,,False
28903,2011,186,4,18542,2021,1.0031280336533275,2604.5607526881718,4.0,-0.014615407516053835,0.007321723444767003,,,,,,False
29007,2011,245,4,17000,2021,1.4411764705882353,1674.3018575851393,4.0,-0.004756582107491969,0.03197770692374058,,,,,,False
29015,2011,235,4,20944,2021,1.1220397249809015,1356.166295264624,4.0,-0.04291485448934429,0.026033727942390672,,,,,,False
29025,2011,1332,4,48663,2021,2.73719252820418,1869.691673746814,4.0,-0.06825009036810925,0.026573066873357254,,,,,,False
29051,2011,1248,4,50366,2021,2.477862049795497,1711.6649802371544,4.0,-0.10797149225492975,0.02981832645995175,,,,,,False
29054,2011,899,4,48887,2021,1.8389346861128726,1833.804459308807,4.0,-0.08550133149252215,-0.004743882290073054,,,,,,False
29067,2011,3640,4,261857,2021,1.3900716803446156,1733.6560079225353,4.0,-0.09817962041225214,-0.031042856787032336,,,,,,False
29069,2011,2259,4,100282,2021,2.252647533954249,2033.8368397493286,4.0,-0.04123313071825052,0.09879331519025059,,,,,,False
29070,2011,1547,4,62030,2021,2.493954538126713,1667.717344018317,4.0,-0.1270647250508814,-0.042876320164482506,,,,,,False
29082,2011,548,4,27620,2021,1.9840695148443157,1726.3601990049751,4.0,-0.0918084733218475,-0.008134638688445217,,,,,,False
29084,2011,202,4,19462,2021,1.0379200493268934,1403.4379194630872,4.0,-0.04222475201363618,0.0332587118141201,,,,,,False
29094,2011,1095,4,50454,2021,2.1702937329052205,1505.9717948717948,4.0,-0.08732457663724558,-0.050689218242498946,,,,,,False
29901,2011,840,4,42938,2021,1.9563090968373003,1883.041233766234,4.0,-0.07627514329113083,-0.027440893217496654,,,,,,False
30003,2011,432,4,26137,2021,1.6528293224164976,1212.4510683760684,4.0,-0.09892296671884981,0.10556634763077499,,,,,,False
30005,2011,221,4,18107,2021,1.2205224498812615,1078.890350877193,4.0,-0.10264849920659314,-0.05656901874778919,,,,,,False
30015,2011,126,4,14630,2021,0.861244019138756,899.9167630057804,4.0,-0.06997558163426065,0.030821488919174023,,,,,,False
30016,2011,1601,4,125253,2021,1.2782128970962772,1356.3782242990653,4.0,-0.08827313072866638,-0.023979190668672046,,,,,,False
30019,2011,156,4,16704,2021,0.9339080459770115,1045.8097014925372,4.0,-0.1483645222795673,-0.21524639673181878,,,,,,False
30022,2011,126,4,13679,2021,0.9211199649097156,841.2556179775281,4.0,-0.08473488459566025,-0.03658679790156427,,,,,,False
30024,2011,361,4,42431,2021,0.8507930522495345,1116.6622950819674,4.0,-0.08872883358522576,-0.09571235620659702,,,,,,False
30026,2011,577,4,31537,2021,1.8295969813235247,1376.4040650406505,4.0,-0.07541858778645283,-0.023055090542651424,,,,,,False
30027,2011,440,4,32908,2021,1.337060897046311,1129.6267427122941,4.0,-0.0869478075105542,-0.03993610921932289,,,,,,False
30030,2011,2876,4,219740,2021,1.3088195139710568,1333.8322016974537,4.0,-0.09765442139110447,-0.048739533202589835,,,,,,False
30035,2011,589,4,41372,2021,1.4236681813787102,1460.2998737373737,4.0,-0.1616679880468963,-0.19830235119094786,,,,,,False
30037,2011,578,4,21899,2021,2.639389926480661,1283.8272980501392,4.0,-0.1362667886280251,-0.1396457139920606,,,,,,False
30039,2011,180,4,15390,2021,1.1695906432748537,1049.513392857143,4.0,-0.07413577446328545,0.0066152265557043455,,,,,,False
30043,2011,168,4,19242,2021,0.8730901153726224,896.8817427385892,4.0,-0.102959550104891,-0.04578873212927659,,,,,,False
31201,2011,1392,4,94761,2021,1.4689587488523759,2073.47086553323,4.0,-0.020963734736121786,0.07744409678631858,,,,,,False
31232,2011,262,4,17007,2021,1.5405421297112953,1319.665882352941,4.0,-0.07504884374060028,0.12577738291906237,,,,,,False
32054,2011,519,4,67492,2021,0.7689800272624904,1431.1645101663587,4.0,0.0072086562508009155,0.01336291418118829,,,,,,False
33004,2011,377,4,42296,2021,0.8913372422924154,1415.1843085106384,4.0,-0.09660165344940275,-0.08836926095269937,,,,,,False
33024,2011,2156,4,148955,2021,1.4474170051357793,1790.0299613402062,4.0,-0.04785024002594873,-0.0217460181505873,,,,,,False
33031,2011,296,4,25962,2021,1.1401278792080733,1039.3046762589927,4.0,0.008790249882814294,0.04439275489022576,,,,,,False
33037,2011,338,4,25878,2021,1.306128758018394,1168.7470046082951,4.0,0.07266963246555092,0.1519452065256297,,,,,,False
33044,2011,1746,4,127210,2021,1.3725336058485968,1757.6435328898745,4.0,-0.062432863023540786,-0.02647262630901781,,,,,,False
33066,2011,360,4,29569,2021,1.217491291555345,1318.6839160839163,4.0,-0.013249971549493589,0.06012989822554893,,,,,,False
34120,2011,464,4,44610,2021,1.0401255323918404,1460.2900000000002,4.0,-0.09457349378501712,-0.04335797220453208,,,,,,False
35002,2011,120,4,14365,2021,0.8353637312913331,1183.7207627118646,4.0,-0.09638477373256582,-0.05270796567791802,,,,,,False
35004,2011,327,4,25339,2021,1.290500809029559,1305.1886029411767,4.0,-0.1648650068072216,-0.13073911950543082,,,,,,False
35006,2011,173,4,17003,2021,1.0174675057342821,1213.3208633093525,4.0,-0.13686743930814715,-0.11908486928047857,,,,,,False
35011,2011,130,4,13881,2021,0.9365319501476839,1093.8600938967136,4.0,-0.09259804497570667,-0.010411968198314692,,,,,,False
35016,2011,1836,4,175181,2021,1.0480588648312317,1586.2557349192864,4.0,-0.07922665269932194,-0.003875584990516878,,,,,,False
35017,2011,240,4,18683,2021,1.2845902692287106,1321.2293040293039,4.0,-0.10407268899813271,-0.032337033686106076,,,,,,False
35019,2011,874,4,32766,2021,2.667399133247879,2007.495721925134,4.0,0.06505125540866019,0.1524794532517859,,,,,,False
35022,2011,455,4,30372,2021,1.4980903463716582,1120.9739602169982,4.0,-0.10253080586433194,-0.028396446405528297,,,,,,False
35026,2011,622,4,46739,2021,1.330794411519288,1360.20625,4.0,-0.09179251320716841,-0.014140891908446473,,,,,,False
36026,2011,129,4,12577,2021,1.0256818001113144,1136.4328205128204,4.0,0.08444522742184168,0.2923076453203839,,,,,,False
36038,2011,547,4,42646,2021,1.2826525348215543,1454.544990548204,4.0,-0.09302647400202546,-0.05267758678457779,,,,,,False
36045,2011,70,4,14215,2021,0.4924375659514597,1172.3057291666667,4.0,-0.02396229354289392,0.28437798174872686,,,,,,False
36057,2011,1455,4,144293,2021,1.0083649241473946,1775.901094527363,4.0,-0.09773152447058564,-0.007934594169064058,,,,,,False
36060,2011,245,4,21149,2021,1.1584472079058112,1077.7930735930736,4.0,-0.09268839462029665,-0.02385638648264876,,,,,,False
37274,2011,1026,4,92553,2021,1.1085540176979676,1916.6738715277777,4.0,-0.030187255817698877,0.02728735741123345,,,,,,False
38001,2011,1096,4,26798,2021,4.08985745204866,1797.4586805555557,4.0,0.025827816284733407,0.12269620116825664,,,,,,False
38006,2011,1175,4,53746,2021,2.186209206266513,1530.2199764982372,4.0,-0.052536140088804806,0.03472935062868865,,,,,,False
38017,2011,340,4,24284,2021,1.4000988305056827,1267.6651327433626,4.0,-0.13184781353444608,-0.05735164792825631,,,,,,False
38023,2011,626,4,74096,2021,0.844849924422371,1357.9788292682927,4.0,-0.04455499248221273,-0.01890760402840952,,,,,,False
38026,2011,113,4,17819,2021,0.6341545541276166,1442.4245714285714,4.0,0.0017414825502817255,-0.01258829774960235,,,,,,False
38028,2011,426,4,20779,2021,2.050146782809567,1670.6091743119266,4.0,-0.06938613210182287,-0.09132117859040767,,,,,,False
38031,2011,164,4,17417,2021,0.9416087730378366,1261.3410404624278,4.0,-0.039176493060652406,-0.022668345673049206,,,,,,False
38038,2011,817,4,97227,2021,0.840301562323223,1475.2999237223494,4.0,-0.12298490422471564,-0.09150276204135765,,,,,,False
39016,2011,168,4,13768,2021,1.220220801859384,1693.6526315789474,4.0,0.007177098264946391,0.05324597880946147,,,,,,False
39020,2011,290,4,24994,2021,1.1602784668320396,2176.5853365384614,4.0,-0.06739442475354007,-0.09506523411396728,,,,,,False
39075,2011,1237,4,93407,2021,1.3243118824071,2150.2103846153846,4.0,-0.08077252452753092,-0.04006942313471418,,,,,,False
39087,2011,405,4,26596,2021,1.5227853812603398,1509.205590062112,4.0,0.003406386380787163,0.07759459094218069,,,,,,False
40194,2011,210,4,29036,2021,0.7232401157184185,1891.1304347826087,4.0,-0.10561124154028223,-0.07786486013988625,,,,,,False
41004,2011,355,4,32822,2021,1.081591615379928,1453.749292929293,4.0,-0.09626831112432865,-0.037536451637910084,,,,,,False
41021,2011,364,4,13079,2021,2.7830873920024466,1505.5172413793102,4.0,-0.047017472166681284,0.04095254832176831,,,,,,False
41024,2011,131,4,15565,2021,0.8416318663668487,1351.7843137254902,4.0,-0.08142275723419679,-0.0487618934170293,,,,,,False
41034,2011,221,4,13904,2021,1.589470655926352,1370.6181818181817,4.0,-0.030368483839147364,0.08391474910348806,,,,,,False
41038,2011,814,4,56736,2021,1.4347151720248168,1587.5107795957654,4.0,-0.06909224516840395,-0.04757953150787808,,,,,,False
41039,2011,207,4,18684,2021,1.1078998073217727,1033.4197368421053,4.0,-0.113362742244974,-0.07875830056314892,,,,,,False
41059,2011,334,4,19554,2021,1.7080904162831134,1671.864721485411,4.0,-0.009953206839941053,0.022234074958497052,,,,,,False
41065,2011,115,4,13352,2021,0.8612941881366087,1483.694230769231,4.0,0.18308477146075441,0.23272151680614706,,,,,,False
41069,2011,175,4,16512,2021,1.0598352713178294,1190.3936305732486,4.0,-0.12141058179071185,-0.05048993307027838,,,,,,False
41081,2011,212,4,16016,2021,1.3236763236763236,1425.6669642857141,4.0,-0.05779054274256323,-0.010357760893746182,,,,,,False
41091,2011,5113,4,327393,2021,1.5617316191855048,2058.1484336434405,4.0,-0.06802944600784377,-0.017674206234291057,,,,,,False
41095,2011,375,4,23030,2021,1.6283108988276163,1162.3394984326019,4.0,-0.0802543387207525,0.011640965297510464,,,,,,False
42173,2011,362,4,25244,2021,1.4340041197908413,1436.651476793249,4.0,-0.07155685280155899,0.02925902379039058,,,,,,False
43038,2011,465,4,31733,2021,1.465351526801752,2021.4969008264463,4.0,-0.02197391883756805,0.052719858316574775,,,,,,False
43123,2011,729,4,51284,2021,1.4214959831526401,1453.0171481826653,4.0,-0.09839949355267641,-0.039158472881189454,,,,,,False
43148,2011,769,4,67200,2021,1.1443452380952381,1795.4576984126986,4.0,-0.06517469813918042,-0.00507000770042576,,,,,,False
43155,2011,175,4,19654,2021,0.8904039890098707,1003.9305031446542,4.0,-0.18063349374268578,-0.11876704698400331,,,,,,False
43163,2011,375,4,31063,2021,1.207224028587065,1665.46427184466,4.0,-0.12932196182943856,-0.09070029047499106,,,,,,False
44216,2011,320,4,21490,2021,1.4890646812470916,1266.3282608695652,4.0,-0.13445832902396493,-0.07787559371951414,,,,,,False
45165,2011,578,4,43263,2021,1.336014608325821,1216.3567819148936,4.0,-0.11156687319326286,-0.0742008605861566,,,,,,False
45168,2011,758,4,40498,2021,1.871697367771248,1679.0820773930755,4.0,-0.07284512589381797,0.02017822001846481,,,,,,False
46005,2011,232,4,13175,2021,1.760910815939279,1209.4159817351597,4.0,-0.05576176458133153,0.031986827593323386,,,,,,False
46017,2011,355,4,24652,2021,1.4400454324192764,1000.3305755395685,4.0,-0.09496903476256391,0.055609804400788,,,,,,False
46021,2011,104,4,14434,2021,0.7205209921019814,1259.1978354978355,4.0,-0.08767643486626808,-0.0003032162138828509,,,,,,False
46029,2011,148,4,14059,2021,1.0527064513834554,923.7143396226414,4.0,-0.09660364662890997,-0.02609429994670376,,,,,,False
46078,2011,194,4,17991,2021,1.0783169362459006,1207.0215805471125,4.0,-0.12887566615954127,0.004191029432910498,,,,,,False
46102,2011,65,4,12037,2021,0.540001661543574,1248.305294117647,4.0,-0.09433424409521418,0.01718912289032426,,,,,,False
46110,2011,92,4,13504,2021,0.6812796208530806,1185.8273764258556,4.0,-0.012795703348182474,0.1447409950456925,,,,,,False
46131,2011,657,4,54541,2021,1.204598375534002,1228.188711194732,4.0,-0.12666957285352554,-0.04657388987587663,,,,,,False
46145,2011,240,4,16908,2021,1.4194464158978,1078.5286324786325,4.0,-0.08692541419859756,-0.1382207490545384,,,,,,False
46159,2011,161,4,14239,2021,1.1306973804340192,1229.4459227467812,4.0,-0.13153181274562198,-0.03517770392372899,,,,,,False
46169,2011,197,4,20270,2021,0.9718796250616675,1286.9506024096386,4.0,-0.16215864541064284,0.11468395558556521,,,,,,False
46181,2011,246,4,21085,2021,1.1667061892340527,1149.7796561604584,4.0,-0.17724793008421946,-0.22928845371310203,,,,,,False
46184,2011,194,4,19230,2021,1.0088403536141446,830.6744525547444,4.0,-0.08463672808459177,-0.003955694297155921,,,,,,False
46190,2011,431,4,33020,2021,1.3052695336159903,1340.7858361774743,4.0,-0.14672747336379655,-0.08491689340568875,,,,,,False
46220,2011,636,4,41287,2021,1.5404364569961488,1159.2573722627735,4.0,-0.1164065496672082,-0.006818898927252515,,,,,,False
46235,2011,239,4,25186,2021,0.9489398872389423,1185.939039039039,4.0,0.0019926003598553788,0.12182948854035669,,,,,,False
46244,2011,440,4,40564,2021,1.0847056503303423,1239.3156123822341,4.0,-0.1270132506741084,-0.04871230172209773,,,,,,False
46250,2011,5025,4,414988,2021,1.2108783868449209,1683.0142615796142,4.0,-0.09082618865752556,-0.017236623338372836,,,,,,False
47186,2011,1963,4,159363,2021,1.2317790202242678,1573.3577935645633,4.0,-0.13425080299972458,-0.09204968205741582,,,,,,False
48013,2011,823,4,46654,2021,1.7640502422085995,2590.728327228327,4.0,-0.018822244269449895,0.07342148758529243,,,,,,False
48015,2011,228,4,19257,2021,1.183985044399439,2549.079180887372,4.0,-0.029213251838214105,0.013781331718586531,,,,,,False
48020,2011,2704,4,165685,2021,1.6320125539427226,2859.2234222072225,4.0,-0.027576614504093544,0.046231812422071084,,,,,,False
48027,2011,179,4,13360,2021,1.339820359281437,2493.465217391304,4.0,-0.11370998519880215,-0.10791173959818168,,,,,,False
48036,2011,256,4,13683,2021,1.8709347365343858,2494.5920754716985,4.0,0.0018770559601286596,0.060717425458759466,,,,,,False
48044,2011,458,4,34366,2021,1.332712564744224,3242.3589511754067,4.0,-0.0071117838413982115,0.06268559868628365,,,,,,False
48054,2011,161,4,13804,2021,1.1663286004056794,2909.0247252747254,4.0,-0.04220067505444591,-0.017092513056854663,,,,,,False
48078,2011,236,4,21560,2021,1.0946196660482375,2612.23381294964,4.0,-0.016284902201703533,0.06075415820096863,,,,,,False
48082,2011,289,4,21669,2021,1.3337025243435323,2594.3130919220052,4.0,-0.02973313138060585,0.06699118132457116,,,,,,False
48084,2011,185,4,13547,2021,1.3656160035432199,2304.0263736263732,4.0,-0.040716190093303295,0.005559131088482383,,,,,,False
49275,2011,511,4,39710,2021,1.2868295139763284,1358.5570038910505,4.0,-0.03316733552806128,-0.010849278183069688,,,,,,False
50297,2011,3707,4,338961,2021,1.093636141030974,1857.5784632853897,4.0,-0.12316338031621454,-0.04884676587316539,,,,,,False
51001,2011,335,4,28315,2021,1.1831184884336925,1817.427923627685,4.0,-0.00030897565003662475,0.0145820378729834,,,,,,False
52001,2011,481,4,29347,2021,1.6390090980338705,1628.8062240663899,4.0,0.0028921290962478086,-0.01211209709849781,,,,,,False
01059,2012,2891,4,119853,2021,2.4121215155231828,2496.1563469270536,4.0,0.026366981920727728,-0.0070932343183756075,,,,,,False
02003,2012,1072,4,86881,2021,1.2338716174997986,1405.5006593406592,4.0,-0.08437070893221221,-0.008044449888151783,,,,,,False
02009,2012,188,4,13292,2021,1.4143845922359315,830.1264957264957,4.0,-0.02022619956398153,0.0715007144031562,,,,,,False
02037,2012,127,4,16661,2021,0.7622591681171599,696.2272727272727,4.0,-0.09308827229504346,-0.039373798674813276,,,,,,False
02081,2012,160,4,15102,2021,1.0594623228711428,778.3714285714285,4.0,-0.0698441609564664,0.024613946647429774,,,,,,False
03009,2012,354,4,33876,2021,1.0449876018420121,855.5047835990888,4.0,-0.13572623302736653,-0.07389103373879813,,,,,,False
03014,2012,3243,4,187658,2021,1.728143750865937,1161.1132737276478,4.0,-0.0912213086888819,0.017475934312186525,,,,,,False
03031,2012,1391,4,60479,2021,2.2999718910696276,1807.2391705069124,4.0,-0.10183068426778985,-0.022913526906883086,,,,,,False
03047,2012,709,4,26156,2021,2.7106591221899374,1481.286876155268,4.0,-0.10053953992448428,-0.014297160592624092,,,,,,False
03059,2012,247,4,15357,2021,1.6083870547633001,736.1155080213903,4.0,-0.15038349179453092,-0.024376683489609197,,,,,,False
03063,2012,966,4,45237,2021,2.135420120697659,1540.9496371552975,4.0,-0.09736301638554634,-0.024003737143821757,,,,,,False
03065,2012,1491,4,116080,2021,1.2844589937973812,1043.4175838077167,4.0,-0.052133409390440866,0.04477647713492494,,,,,,False
03066,2012,314,4,27488,2021,1.1423166472642607,748.9891598915989,4.0,-0.08565943821781996,-0.012695940933934113,,,,,,False
03082,2012,604,4,26819,2021,2.252134680636862,1616.1929133858268,4.0,-0.05147589979839817,0.028743432164290317,,,,,,False
03093,2012,108,4,13780,2021,0.783744557329463,758.8125714285715,4.0,-0.09247663612048307,0.02569991090143864,,,,,,False
03099,2012,3036,4,88508,2021,3.4301984001446195,1140.1847349823322,4.0,-0.09266857042092791,-0.0315664479156903,,,,,,False
03104,2012,146,4,16474,2021,0.8862449921087775,816.3769230769232,4.0,-0.03979571084009381,0.024958164004433847,,,,,,False
03121,2012,851,4,45155,2021,1.8846196434503377,1478.6018281535648,4.0,-0.09767441940030264,-0.050772722825735195,,,,,,False
03122,2012,335,4,27151,2021,1.2338403742035284,1262.039896373057,4.0,0.0015016819333251163,0.11971531661213797,,,,,,False
03133,2012,3630,4,122736,2021,2.9575674618693784,1223.896772228989,4.0,-0.09357078316026324,0.0034990690061925678,,,,,,False
03139,2012,542,4,25780,2021,2.1024049650892165,1470.5592417061612,4.0,-0.10724703583135031,-0.041392078121049725,,,,,,False
03140,2012,160,4,18609,2021,0.8597990219786125,792.0600775193799,4.0,-0.09362384196474682,-0.05861122308431621,,,,,,False
04013,2012,1621,4,100957,2021,1.6056340818368215,1406.0207460732986,4.0,-0.11800766720428224,-0.03817221642777491,,,,,,False
04079,2012,1554,4,62150,2021,2.500402252614642,1119.877921315326,4.0,-0.07580310564223103,0.07085176430017792,,,,,,False
04902,2012,993,4,40014,2021,2.48163142899985,1106.4669291338585,4.0,-0.08289693081446814,-0.01628609317570784,,,,,,False
05019,2012,659,4,34843,2021,1.8913411589128375,1400.957917570499,4.0,-0.02720713432687183,-0.01955565572918916,,,,,,False
06011,2012,352,4,17292,2021,2.035623409669211,889.7890829694323,4.0,-0.02535330229487054,0.04105975879026447,,,,,,False
06015,2012,1658,4,74594,2021,2.2226988765852482,1348.1599352051837,4.0,-0.04316347433980239,0.036014101130114384,,,,,,False
06044,2012,349,4,21262,2021,1.6414260182485185,892.4551401869159,4.0,-0.08908679985667567,-0.0611976058275,,,,,,False
06083,2012,490,4,31358,2021,1.56259965559028,958.1707246376812,4.0,-0.0870326592852837,-0.04915476720443379,,,,,,False
07011,2012,815,4,36492,2021,2.2333662172530966,2340.7999999999997,4.0,-0.08281104575236398,-0.04198890249381171,,,,,,False
07015,2012,443,4,17887,2021,2.4766590261083468,1905.0608562691132,4.0,-0.12010677341194209,-0.13020464273447785,,,,,,False
07026,2012,534,4,23938,2021,2.230762803910101,2354.4853582554515,4.0,-0.03149316223498899,-0.020715519319113085,,,,,,False
07027,2012,152,4,15863,2021,0.9582046271197125,1370.4654109589042,4.0,-0.09908978090889597,-0.01942330305994333,,,,,,False
07031,2012,286,4,23312,2021,1.2268359643102265,1867.602865329513,4.0,-0.07937241407528262,-0.08772823879612102,,,,,,False
07032,2012,221,4,15173,2021,1.4565346338891452,1634.8033088235295,4.0,-0.11296958667253232,-0.024015422529985897,,,,,,False
07033,2012,390,4,28571,2021,1.3650204753071296,1385.5256857855363,4.0,-0.052891862427680736,0.04868807997270974,,,,,,False
07036,2012,142,4,15048,2021,0.9436469962785752,1972.16735395189,4.0,-0.08681426113555524,-0.02947819923115913,,,,,,False
07040,2012,2783,4,186482,2021,1.492369236709173,1710.8279592448307,4.0,-0.08295472954221506,0.0303288305362448,,,,,,False
07054,2012,394,4,22810,2021,1.727312582200789,2389.4233333333336,4.0,-0.03222727824436311,-0.025377968195409717,,,,,,False
08015,2012,900,4,91915,2021,0.9791655333732253,2176.765559895833,4.0,-0.05557914751550708,0.06818449239347313,,,,,,False
08019,2012,9426,4,808751,2021,1.165500877278668,2668.42208441496,4.0,-0.11814346656425478,-0.015451410386204345,,,,,,False
08056,2012,327,4,28708,2021,1.1390553155914727,2416.575053304904,4.0,-0.13295124126192204,-0.07667889028148578,,,,,,False
08073,2012,361,4,37034,2021,0.9747799319544203,2037.3024574669187,4.0,-0.17863857715053644,-0.11576584744112295,,,,,,False
08077,2012,322,4,19420,2021,1.658084449021627,2672.4397129186605,4.0,-0.03775542992363534,0.02366205899483187,,,,,,False
08089,2012,217,4,20359,2021,1.065867675229628,2192.932573289902,4.0,-0.10551813675627542,-0.004701640455119893,,,,,,False
08096,2012,373,4,26298,2021,1.4183588105559357,1772.8614754098362,4.0,-0.14356935604260057,0.0026623229734957787,,,,,,False
08101,2012,1292,4,110488,2021,1.1693577583085946,1936.0910005920664,4.0,-0.19958978813166328,-0.07841546053753401,,,,,,False
08102,2012,253,4,18257,2021,1.3857698417045516,1405.1925675675675,4.0,-0.1460538229680689,-0.02137994177333158,,,,,,False
08113,2012,445,4,40136,2021,1.1087303169224636,1309.490128755365,4.0,-0.15543911268762867,-0.047103005568244316,,,,,,False
08114,2012,139,4,10685,2021,1.3008890968647637,1565.3993710691823,4.0,-0.18992634503253636,-0.13688358969802628,,,,,,False
08121,2012,704,4,52996,2021,1.3284021435580045,1924.51356238698,4.0,-0.13882709741867127,-0.06639399911883992,,,,,,False
08124,2012,175,4,20857,2021,0.8390468427865945,1788.124857142857,4.0,-0.12160589313774406,0.001680007099880032,,,,,,False
08125,2012,168,4,15304,2021,1.0977522216414008,1805.1463414634147,4.0,-0.16023948166611124,-0.018347846723185013,,,,,,False
08169,2012,221,4,26518,2021,0.8333961837242627,2277.3118367346938,4.0,-0.07779494647931096,-0.012705226453176843,,,,,,False
08172,2012,119,4,12313,2021,0.9664582148948266,1980.5650246305415,4.0,-0.14294952266780592,-0.08713879250823442,,,,,,False
08180,2012,170,4,15427,2021,1.1019640889349842,1769.3829694323142,4.0,-0.1600457916512844,-0.0640565875942658,,,,,,False
08184,2012,392,4,32476,2021,1.207045202611159,1699.8760000000002,4.0,-0.17612933047705626,-0.09341717075370315,,,,,,False
08187,2012,1372,4,92772,2021,1.4788944940283706,1828.0037001897533,4.0,-0.13789817847356034,-0.06210765417556763,,,,,,False
08194,2012,436,4,14877,2021,2.9306983934933117,2353.338532110092,4.0,0.030663887661041667,0.11574515043341416,,,,,,False
08200,2012,409,4,33904,2021,1.206347333647947,1993.0620034542312,4.0,-0.1260098960763355,-0.044071476985290126,,,,,,False
08205,2012,629,4,35770,2021,1.7584568073804865,2972.2139240506326,4.0,-0.08802434494608335,-0.07923889330216183,,,,,,False
08211,2012,244,4,18719,2021,1.3034884342112292,2414.891143911439,4.0,-0.07982166558995885,-0.029221165200170374,,,,,,False
08217,2012,122,4,13577,2021,0.8985784783089048,2364.7375838926177,4.0,-0.17673135919542593,-0.15580386742980956,,,,,,False
08231,2012,147,4,14150,2021,1.03886925795053,2056.810824742268,4.0,-0.08693482552280474,-0.04553923829127082,,,,,,False
08245,2012,398,4,48100,2021,0.8274428274428275,1849.8419554455445,4.0,-0.17407894703156424,-0.05611732410345016,,,,,,False
08252,2012,184,4,13768,2021,1.336432306798373,1969.8504587155962,4.0,-0.16574970325447214,-0.12917226149151362,,,,,,False
08263,2012,103,4,11530,2021,0.8933217692974849,1779.1520710059172,4.0,-0.13896000861624902,-0.07255183867192116,,,,,,False
08266,2012,186,4,23858,2021,0.7796127085254422,2056.7607717041797,4.0,-0.13259019812801787,-0.0639861306971482,,,,,,False
08279,2012,1689,4,101134,2021,1.6700615025609586,1653.6098393574298,4.0,-0.09728329196606067,0.02757331336934865,,,,,,False
08298,2012,425,4,19836,2021,2.142569066344021,1271.251174934726,4.0,-0.16417252945417948,0.04289487154050875,,,,,,False
08301,2012,327,4,26586,2021,1.229970661250282,2032.4666666666667,4.0,-0.12637601000270815,-0.036019986476110266,,,,,,False
08305,2012,335,4,18264,2021,1.834209373631187,1442.2662379421222,4.0,-0.17138567726055887,-0.025926077292073524,,,,,,False
08307,2012,333,4,33155,2021,1.004373397677575,1817.8911067193676,4.0,-0.14028225772904968,-0.0737771717933976,,,,,,False
09018,2012,210,4,19708,2021,1.0655571341587173,1279.6955414012739,4.0,-0.031253099402047124,0.09807834388869852,,,,,,False
09059,2012,1588,4,93766,2021,1.6935776294179126,1715.0227922624053,4.0,-0.04856144539064966,0.0557471709803079,,,,,,False
09219,2012,243,4,21007,2021,1.1567572713857286,1531.7571969696971,4.0,0.04224189302190573,0.12270528484619936,,,,,,False
10037,2012,1469,4,53756,2021,2.7327182082000148,1226.5527204502816,4.0,-0.12766401648996517,-0.16603127244302263,,,,,,False
10148,2012,415,4,22443,2021,1.8491289043354275,1058.4173267326732,4.0,-0.06160805580904882,-0.06615906993391074,,,,,,False
11004,2012,723,4,55815,2021,1.2953507121741468,1257.078407720145,4.0,-0.007727766891488463,0.1099820968770403,,,,,,False
11006,2012,279,4,15460,2021,1.8046571798188875,1157.2803347280335,4.0,-0.05516320352319226,0.021427716071428127,,,,,,False
11012,2012,715,4,56479,2021,1.2659572584500434,2225.7653786707883,4.0,-0.055868222196669315,0.0424060134214046,,,,,,False
11015,2012,750,4,49229,2021,1.5234922505027524,1576.4075822603718,4.0,-0.12252083018167104,-0.052092109332271264,,,,,,False
11020,2012,1286,4,92974,2021,1.3831823950781938,1199.1598689598688,4.0,-0.12908856229683385,-0.04237485674773378,,,,,,False
11022,2012,510,4,30028,2021,1.698414812841348,1334.3252941176472,4.0,-0.129217930481615,-0.023544298844078493,,,,,,False
11027,2012,468,4,49077,2021,0.953603520997616,1497.025060240964,4.0,-0.16505438873318368,-0.10650414508382888,,,,,,False
11028,2012,125,4,18626,2021,0.6711049071190809,1398.1290502793295,4.0,-0.13803060566017344,-0.0931030653035384,,,,,,False
11030,2012,559,4,26868,2021,2.080541908590144,1752.8679190751448,4.0,-0.11741837885741546,-0.0701258828574376,,,,,,False
11031,2012,578,4,39564,2021,1.4609240723890407,1468.9160447761194,4.0,-0.08646944100172493,-0.016074859573935396,,,,,,False
11032,2012,487,4,34536,2021,1.4101227704424368,1430.6108527131782,4.0,-0.10985221732638561,-0.041061912738290185,,,,,,False
11033,2012,615,4,19625,2021,3.1337579617834397,1646.4698412698413,4.0,-0.0480567649218534,0.05171005303918419,,,,,,False
12032,2012,306,4,20301,2021,1.5073149105955372,906.6974358974358,4.0,-0.11585615885852352,0.039638369706043064,,,,,,False
12040,2012,974,4,91229,2021,1.0676429644082475,1162.0897247706423,4.0,-0.16178532331231277,-0.04953468649337378,,,,,,False
12126,2012,126,4,15906,2021,0.7921539041870992,916.2346456692914,4.0,-0.09285410901821434,-0.016092079805575588,,,,,,False
12135,2012,329,4,25363,2021,1.297165161849939,791.5884444444446,4.0,-0.27226548844808085,-0.09072067220820468,,,,,,False
12138,2012,317,4,20887,2021,1.5176904294537272,1173.2799145299145,4.0,-0.15379151669787972,-0.10307270242540278,,,,,,False
13005,2012,193,4,17129,2021,1.1267441181621811,887.4716049382715,4.0,-0.05518107084492263,0.0012711712972602873,,,,,,False
13034,2012,779,4,41592,2021,1.8729563377572611,1373.1845679012345,4.0,-0.15219235101780193,-0.16732701326097732,,,,,,False
13071,2012,347,4,26589,2021,1.3050509609236902,887.612543554007,4.0,-0.1081432141274371,0.03781721852361264,,,,,,False
13082,2012,362,4,19217,2021,1.8837487641151065,781.3819178082192,4.0,-0.09191083929462784,-0.14659122067908525,,,,,,False
13087,2012,259,4,17368,2021,1.4912482726853984,1018.4427480916031,4.0,0.02675546702855902,-0.03114490931319125,,,,,,False
14021,2012,2552,4,155400,2021,1.6422136422136422,1902.4762589928055,4.0,0.03364837403601939,0.08576158947466017,,,,,,False
14038,2012,266,4,21141,2021,1.2582186273118585,1068.1812260536399,4.0,-0.10702695449739763,-0.06612006459888342,,,,,,False
14056,2012,256,4,14955,2021,1.7118020728853227,910.1471698113207,4.0,-0.09974444409522487,-0.07292873309854608,,,,,,False
15005,2012,197,4,17841,2021,1.1041981951684323,1003.8982857142856,4.0,-0.15243075957156926,0.01464093918519016,,,,,,False
15019,2012,189,4,19427,2021,0.9728728058887116,837.9883211678832,4.0,-0.0900554082085594,-0.06731794058221907,,,,,,False
15030,2012,1526,4,136205,2021,1.1203700304687787,1863.5740578439966,4.0,-0.031177834289447315,0.039287923982277095,,,,,,False
15031,2012,188,4,15752,2021,1.1934992381919756,1295.8831460674157,4.0,-0.07124302492388457,0.06132712699627618,,,,,,False
15036,2012,436,4,42672,2021,1.0217472815898012,929.773851590106,4.0,-0.09399129249415461,-0.025720408086985613,,,,,,False
15054,2012,298,4,21735,2021,1.3710605014952841,948.3902173913044,4.0,-0.1509787044066333,-0.16611068611057966,,,,,,False
15058,2012,227,4,19268,2021,1.178119161303716,1299.9066666666668,4.0,-0.16643895612449,-0.10857053768727054,,,,,,False
15073,2012,237,4,17097,2021,1.3862081066853833,1113.747976878613,4.0,-0.07338936911328231,0.01134989052528168,,,,,,False
15078,2012,747,4,56746,2021,1.3163923448348782,1761.6579326923077,4.0,-0.11474834646502852,-0.31671156011968415,,,,,,False
16078,2012,754,4,31611,2021,2.385245642339692,1375.2828685258964,4.0,-0.07327192197581867,-0.026246757016613276,,,,,,False
17023,2012,324,4,25589,2021,1.2661690570166868,1705.9565040650407,4.0,-0.11694190829929196,-0.05503671641920549,,,,,,False
17066,2012,382,4,21062,2021,1.813692906656538,1305.3301176470586,4.0,-0.14828064172899968,-0.08075458100651722,,,,,,False
17079,2012,600,4,50333,2021,1.1920608745753283,1816.8390887290166,4.0,-0.11085219220612652,-0.0002805271488137695,,,,,,False
17095,2012,482,4,25496,2021,1.8904926262943207,1988.1643749999998,4.0,-0.035155606059885436,0.014696281497964092,,,,,,False
17114,2012,321,4,16713,2021,1.9206605636331,1488.9787012987015,4.0,-0.07404931226481248,0.060044586623582585,,,,,,False
17155,2012,172,4,11642,2021,1.477409379831644,1164.4124705882355,4.0,-0.16671077774049536,0.031043352399170665,,,,,,False
18087,2012,1974,4,141257,2021,1.3974528695923034,1614.0102442333787,4.0,-0.06983085336437189,0.04008811989679284,,,,,,False
18140,2012,461,4,32841,2021,1.40373313845498,1268.4056737588653,4.0,-0.06864561610264108,0.015921844347050906,,,,,,False
19130,2012,767,4,41937,2021,1.828933877005985,1350.4494279176201,4.0,-0.19262239917476953,-0.07591085455323388,,,,,,False
20030,2012,138,4,13535,2021,1.0195788695973402,2427.429605263158,4.0,0.03251020100145996,0.07661449328683645,,,,,,False
20045,2012,494,4,28045,2021,1.7614548047780354,2624.4580174927114,4.0,-0.04710567615607142,-0.07832824876474331,,,,,,False
20067,2012,145,4,17999,2021,0.805600311128396,2660.0485507246376,4.0,0.0158521429598808,0.07575645328346803,,,,,,False
20069,2012,1158,4,94733,2021,1.222382907751259,3902.2349544072954,4.0,0.03575392796363741,0.010030271747745179,,,,,,False
21041,2012,1235,4,68714,2021,1.7973047704980063,1286.592213114754,4.0,-0.1322950092481472,-0.050511873276937735,,,,,,False
22125,2012,474,4,29309,2021,1.6172506738544474,1311.0081395348836,4.0,-0.07084886800855428,0.06509687951832954,,,,,,False
23005,2012,229,4,20048,2021,1.1422585794094173,970.6934156378601,4.0,-0.02503291999919044,0.059424557238061726,,,,,,False
23050,2012,918,4,58293,2021,1.5748031496062993,1387.0729001584787,4.0,-0.1167209561300967,-0.0825660124233103,,,,,,False
23055,2012,369,4,29385,2021,1.2557427258805514,1004.1913838120104,4.0,-0.09519679106376333,-0.027978326074580062,,,,,,False
23092,2012,158,4,18318,2021,0.862539578556611,1102.1929411764704,4.0,-0.051472890479913214,0.0010606232615978373,,,,,,False
24089,2012,906,4,79199,2021,1.1439538378009824,1407.1483734087694,4.0,-0.07831699210525278,-0.050368531015063334,,,,,,False
24115,2012,579,4,42549,2021,1.360784037227667,1049.0161643835615,4.0,-0.0965338911306125,-0.08289425231344927,,,,,,False
24142,2012,246,4,17161,2021,1.433482897267059,1050.0973094170404,4.0,-0.12899949037336766,-0.11024791179695226,,,,,,False
25120,2012,868,4,68299,2021,1.2708824433739878,1203.4218901453955,4.0,-0.1250827365722026,0.01531236627672472,,,,,,False
26089,2012,1395,4,78908,2021,1.7678815836163633,1582.8674285714285,4.0,-0.03769209862506917,0.10981028474784271,,,,,,False
27028,2012,776,4,62648,2021,1.2386668369301495,1164.6608219178083,4.0,0.02483580682522657,0.1237358098135487,,,,,,False
28005,2012,1409,4,79588,2021,1.770367392069156,1608.4621421975992,4.0,-0.14686434331253828,0.016692380256093653,,,,,,False
28006,2012,464,4,42744,2021,1.0855324723937863,2596.0489130434785,4.0,-0.07331495358794615,-0.07747551210292725,,,,,,False
28007,2012,1198,4,70601,2021,1.6968598178496055,1884.0640146878823,4.0,-0.14542787982873617,-0.04769921474443606,,,,,,False
28013,2012,411,4,25682,2021,1.6003426524413986,1410.7842696629211,4.0,-0.1111735025402456,-0.04163865196655381,,,,,,False
28014,2012,258,4,21573,2021,1.1959393686552635,1419.4263999999998,4.0,-0.17528991729919396,-0.10025787317719181,,,,,,False
28022,2012,280,4,19874,2021,1.4088759182851966,2062.801067615658,4.0,-0.1554203683926053,-0.12633864267388184,,,,,,False
28045,2012,287,4,20461,2021,1.4026684912760863,1798.744623655914,4.0,-0.10137594485541046,0.008154737709334614,,,,,,False
28047,2012,379,4,27922,2021,1.3573526251701167,1671.457142857143,4.0,-0.12188225374097272,0.010839157630879726,,,,,,False
28049,2012,353,4,31337,2021,1.1264639244343746,1845.6421568627452,4.0,-0.11985947618045834,0.023108997945652465,,,,,,False
28058,2012,1226,4,70944,2021,1.7281235904375283,1577.7135180520572,4.0,-0.14728147081132137,-0.03640867400493175,,,,,,False
28061,2012,114,4,15295,2021,0.7453416149068323,1588.0042654028434,4.0,-0.15820479067700044,-0.07235725147602945,,,,,,False
28065,2012,2392,4,79835,2021,2.9961796204672138,1780.2914236706688,4.0,-0.09353822001601564,0.04363066667960813,,,,,,False
28074,2012,1757,4,77962,2021,2.25366204048126,1878.3418967587036,4.0,-0.09390852795754845,0.02921634601147194,,,,,,False
28079,2012,21202,4,1533221,2021,1.382840438527779,2584.7517350641388,4.0,-0.10483846173223166,-0.006178138839372349,,,,,,False
28080,2012,491,4,25577,2021,1.9196934746060914,2743.6391644908613,4.0,-0.028354028458178693,0.004624414949350841,,,,,,False
28092,2012,999,4,82103,2021,1.2167643082469581,1580.3026239067058,4.0,-0.11575637476944878,0.011646017739805337,,,,,,False
28106,2012,762,4,47256,2021,1.612493651599797,1299.0060240963855,4.0,-0.18134219614442293,-0.04447490378403596,,,,,,False
28113,2012,416,4,21507,2021,1.9342539638257312,1852.6119241192414,4.0,-0.10224796704609973,-0.061548217927137494,,,,,,False
28115,2012,469,4,32327,2021,1.4507996411668265,2638.4688016528926,4.0,-0.09349849339857119,-0.02725500054433705,,,,,,False
28123,2012,1038,4,35980,2021,2.884936075597554,1828.2472934472933,4.0,-0.0312831191474231,0.037583270913936206,,,,,,False
28127,2012,612,4,35404,2021,1.7286182352276578,2138.61912568306,4.0,-0.12779815859029187,-0.05187977532942423,,,,,,False
28130,2012,179,4,15621,2021,1.1458933486972664,2003.8154411764708,4.0,-0.09402885232019254,0.001072467198797722,,,,,,False
28134,2012,495,4,36032,2021,1.3737788632326822,2144.8128205128205,4.0,-0.15169935487268482,-0.07422036661379261,,,,,,False
28148,2012,932,4,50494,2021,1.8457638531310652,1517.5743967828419,4.0,-0.20021354440129324,-0.11141136831064902,,,,,,False
28161,2012,617,4,28896,2021,2.1352436323366555,1549.3825531914895,4.0,-0.11883847120777769,0.06818051910683864,,,,,,False
28181,2012,124,4,11252,2021,1.1020263064344116,1910.1833333333334,4.0,-0.14259665828271195,-0.10345605482224263,,,,,,False
28903,2012,1584,4,18542,2021,8.542767770467048,2617.7268456375837,4.0,0.005055014722088247,0.019670422238142082,,,,,,False
29007,2012,183,4,17000,2021,1.076470588235294,1509.3479838709677,4.0,-0.09852098829543554,-0.09376440618794357,,,,,,False
29015,2012,257,4,20944,2021,1.227081741787624,1210.6639285714286,4.0,-0.10728947268579925,-0.06437461819645496,,,,,,False
29025,2012,1205,4,48663,2021,2.476213961325853,1790.090351872872,4.0,-0.04257457151446964,0.02567551885363961,,,,,,False
29051,2012,1490,4,50366,2021,2.9583449152205854,1533.2348107109879,4.0,-0.10424362920683505,0.003727863048094693,,,,,,False
29054,2012,1080,4,48887,2021,2.2091762636283674,1713.3796242774565,4.0,-0.0656693980757036,0.019831933416818548,,,,,,False
29067,2012,3325,4,261857,2021,1.2697770156994084,1601.2669219858155,4.0,-0.07636410298912955,0.0218155174231226,,,,,,False
29069,2012,2519,4,100282,2021,2.511916395763946,2010.0465783664458,4.0,-0.011697232008942793,0.02953589870930773,,,,,,False
29070,2012,2000,4,62030,2021,3.224246332419797,1548.1883939774152,4.0,-0.071672187418103,0.055392537632778405,,,,,,False
29082,2012,571,4,27620,2021,2.0673425054308474,1493.651828298887,4.0,-0.13479711293171293,-0.04298863960986543,,,,,,False
29084,2012,318,4,19462,2021,1.633953344979961,1365.8030534351146,4.0,-0.026816195790384856,0.015408556223251324,,,,,,False
29094,2012,884,4,50454,2021,1.7520910135965433,1438.0312312312312,4.0,-0.045114100989087524,0.04221047564815805,,,,,,False
29901,2012,943,4,42938,2021,2.1961898551399694,1746.9359375,4.0,-0.07227950924580262,0.003995634045328211,,,,,,False
30003,2012,466,4,26137,2021,1.782913111680759,1124.8434684684685,4.0,-0.07225660663150701,0.0266663600873428,,,,,,False
30005,2012,187,4,18107,2021,1.0327497652841442,939.6993569131832,4.0,-0.12901310485429807,-0.02636460564770493,,,,,,False
30015,2012,120,4,14630,2021,0.8202323991797676,903.6978571428572,4.0,0.004201604295543726,0.07417718592980438,,,,,,False
30016,2012,1640,4,125253,2021,1.309349875851277,1253.708846153846,4.0,-0.07569376764233715,0.012579363086329232,,,,,,False
30019,2012,126,4,16704,2021,0.7543103448275862,978.301,4.0,-0.06455161144153809,0.08381291083802922,,,,,,False
30022,2012,234,4,13679,2021,1.7106513634037577,927.189453125,4.0,0.102149493341948,0.18688437793760826,,,,,,False
30024,2012,427,4,42431,2021,1.006339704461361,980.2924124513619,4.0,-0.12212276104531261,-0.03339392746008685,,,,,,False
30026,2012,500,4,31537,2021,1.5854393252370231,1337.924193548387,4.0,-0.027956813314938267,0.04746177447151456,,,,,,False
30027,2012,457,4,32908,2021,1.3887200680685547,1093.6093023255814,4.0,-0.031884372974592345,0.05506343453596185,,,,,,False
30030,2012,2931,4,219740,2021,1.3338490943842722,1138.51343198634,4.0,-0.14643428870779118,-0.04877986731668671,,,,,,False
30035,2012,558,4,41372,2021,1.3487382770956202,1428.7385331781143,4.0,-0.021612917406124144,0.14005507064077216,,,,,,False
30037,2012,582,4,21899,2021,2.6576556007123613,1059.7054108216432,4.0,-0.17457323704589356,-0.038306448417868455,,,,,,False
30039,2012,244,4,15390,2021,1.585445094217024,1001.6733333333333,4.0,-0.04558308626588581,0.028552688197399645,,,,,,False
30043,2012,154,4,19242,2021,0.8003326057582372,793.852422907489,4.0,-0.11487503304115065,-0.011915482936259658,,,,,,False
31201,2012,1169,4,94761,2021,1.2336298688278933,2185.968448729185,4.0,0.05425568551069282,0.0752194202468146,,,,,,False
31232,2012,223,4,17007,2021,1.3112247897924385,1299.9187134502922,4.0,-0.014963764060824225,0.060085079679776054,,,,,,False
32054,2012,584,4,67492,2021,0.8652877378059622,1253.424317617866,4.0,-0.1241927055107257,-0.1314013617615266,,,,,,False
33004,2012,541,4,42296,2021,1.2790807641384527,1383.833088235294,4.0,-0.022153453855306537,0.07444819959409621,,,,,,False
33024,2012,1915,4,148955,2021,1.2856231747843307,1743.9762295081966,4.0,-0.025727911167212514,0.022122328858736218,,,,,,False
33031,2012,246,4,25962,2021,0.9475387104229258,962.15625,4.0,-0.0742308083676585,-0.08302105825047279,,,,,,False
33037,2012,343,4,25878,2021,1.325450189350027,1036.9991935483872,4.0,-0.11272568874224675,-0.18539532120779767,,,,,,False
33044,2012,1727,4,127210,2021,1.3575976731389041,1672.7234297108675,4.0,-0.04831474732500696,0.014118115698533829,,,,,,False
33066,2012,295,4,29569,2021,0.9976664750245189,1288.075105485232,4.0,-0.02321163565078055,-0.00996166410128696,,,,,,False
34120,2012,528,4,44610,2021,1.183591123066577,1401.479894179894,4.0,-0.04027289498668496,0.054300598798332156,,,,,,False
35002,2012,131,4,14365,2021,0.9119387399930386,1207.6279569892472,4.0,0.02019665028313944,0.11658142401570526,,,,,,False
35004,2012,357,4,25339,2021,1.4088953786652985,1045.1180242634316,4.0,-0.199259002179217,-0.03439399537199539,,,,,,False
35006,2012,205,4,17003,2021,1.2056695877198143,1127.2743718592963,4.0,-0.0709181668692015,0.06594927243894566,,,,,,False
35011,2012,121,4,13881,2021,0.8716951228297674,976.431746031746,3.0,-0.10735225511943358,-0.014754210143726909,,,,,,False
35016,2012,2098,4,175181,2021,1.197618463189501,1474.9531010041346,4.0,-0.07016689141919175,0.009059761280130196,,,,,,False
35017,2012,275,4,18683,2021,1.4719263501578976,1044.0064583333333,4.0,-0.2098219021108103,-0.1057492131126776,,,,,,False
35019,2012,1082,4,32766,2021,3.3022035036318136,1740.2673400673402,4.0,-0.13311529331755134,-0.19816654872621153,,,,,,False
35022,2012,508,4,30372,2021,1.672593177927038,1021.4039033457248,4.0,-0.08882459397361797,0.01370621189071397,,,,,,False
35026,2012,453,4,46739,2021,0.9692120071032756,1205.199558498896,4.0,-0.11395822618893559,-0.02216571298176717,,,,,,False
36026,2012,90,4,12577,2021,0.7155919535660332,1086.0590909090909,3.0,-0.0443261833823122,-0.12877141080415389,,,,,,False
36038,2012,478,4,42646,2021,1.1208554143413216,1320.1399484536084,4.0,-0.09240349591657493,0.0006229780854505318,,,,,,False
36045,2012,145,4,14215,2021,1.0200492437565951,1327.7444444444443,2.0,0.13259230199981298,0.1565545955427069,,,,,,False
36057,2012,1399,4,144293,2021,0.9695550026681821,1585.4067546583851,4.0,-0.10726630016503025,-0.009534775694444608,,,,,,False
36060,2012,296,4,21149,2021,1.3995933613882454,1070.964880952381,4.0,-0.0063353465595480385,0.08635304806074862,,,,,,False
37274,2012,1268,4,92553,2021,1.3700258230419327,1849.8091752577318,4.0,-0.03488579735098496,-0.0046985415332860825,,,,,,False
38001,2012,1111,4,26798,2021,4.145831778490932,1703.9966569767441,4.0,-0.05199675775018342,-0.07782457403491683,,,,,,False
38006,2012,1292,4,53746,2021,2.4038998251032635,1292.191347342398,4.0,-0.15555190287121,-0.1030157627824052,,,,,,False
38017,2012,404,4,24284,2021,1.6636468456596936,1155.9817567567568,4.0,-0.08810163907002089,0.04374617446442519,,,,,,False
38023,2012,901,4,74096,2021,1.2159900669401857,1253.9815699658704,4.0,-0.0765823863089663,-0.03202739382675357,,,,,,False
38026,2012,133,4,17819,2021,0.746394298221,1166.4424870466323,4.0,-0.19133207368244398,-0.1930735562327257,,,,,,False
38028,2012,363,4,20779,2021,1.7469560614081525,1548.5378504672897,4.0,-0.07306994701194214,-0.003683814910119265,,,,,,False
38031,2012,205,4,17417,2021,1.1770109662972958,1049.5683544303797,4.0,-0.16789486684299815,-0.12871837378234574,,,,,,False
38038,2012,745,4,97227,2021,0.7662480586668312,1404.4591497227357,4.0,-0.04801787952437109,0.07496702470034455,,,,,,False
39016,2012,83,4,13768,2021,0.6028471818710053,1508.9046153846155,4.0,-0.10908259034327261,-0.116259688608219,,,,,,False
39020,2012,265,4,24994,2021,1.060254461070657,2080.2135593220337,4.0,-0.04427659030805242,0.02311783444548765,,,,,,False
39075,2012,1160,4,93407,2021,1.2418769471238773,1975.9539641943734,4.0,-0.08104156768463422,-0.0002690431571032992,,,,,,False
39087,2012,293,4,26596,2021,1.1016694239735298,1371.1401869158879,4.0,-0.091482170524257,-0.09488855690504416,,,,,,False
40194,2012,342,4,29036,2021,1.1778481884557102,1515.360465116279,4.0,-0.1987012438459992,-0.09309000230571696,,,,,,False
41004,2012,393,4,32822,2021,1.1973676192797513,1274.5587131367292,4.0,-0.12326099188086015,-0.026992680756531495,,,,,,False
41021,2012,298,4,13079,2021,2.278461656089915,1385.7535519125684,4.0,-0.07954986244927886,-0.03253239028259758,,,,,,False
41024,2012,169,4,15565,2021,1.085769354320591,1147.4307692307693,4.0,-0.15117318822225911,-0.06975043098806233,,,,,,False
41034,2012,255,4,13904,2021,1.8340046029919448,1235.9015544041451,4.0,-0.09828895399251847,-0.0679204701533711,,,,,,False
41038,2012,920,4,56736,2021,1.6215454032712915,1437.9970760233919,4.0,-0.09418122099961102,-0.02508897583120706,,,,,,False
41039,2012,169,4,18684,2021,0.9045172339970028,875.8335135135136,4.0,-0.15249004611634298,-0.03912730387136898,,,,,,False
41059,2012,663,4,19554,2021,3.390610616753605,1523.6271226415092,4.0,-0.08866602479188412,-0.07871281795194307,,,,,,False
41065,2012,157,4,13352,2021,1.1758538046734572,1092.8050847457628,2.0,-0.26345667315886856,-0.446541444619623,,,,,,False
41069,2012,118,4,16512,2021,0.7146317829457365,1041.5360294117647,4.0,-0.12504905716758552,-0.0036384753768736733,,,,,,False
41081,2012,143,4,16016,2021,0.8928571428571429,1246.124778761062,3.0,-0.12593557262835642,-0.06814502988579318,,,,,,False
41091,2012,6239,4,327393,2021,1.9056607807741766,1838.1819406335746,4.0,-0.10687591303629629,-0.038846467028452514,,,,,,False
41095,2012,450,4,23030,2021,1.9539730785931393,1157.0662650602412,4.0,-0.004536741097993735,0.07571759762275876,,,,,,False
42173,2012,532,4,25244,2021,2.1074314688638887,1371.250627615063,4.0,-0.04552311415442756,0.026033738647131432,,,,,,False
43038,2012,755,4,31733,2021,2.3792266725490814,1754.5505617977528,4.0,-0.1320537958379051,-0.11007987700033706,,,,,,False
43123,2012,719,4,51284,2021,1.4019967241244833,1271.8598731884058,4.0,-0.1246766256137023,-0.026277132061025887,,,,,,False
43148,2012,927,4,67200,2021,1.3794642857142858,1570.1989345509892,4.0,-0.12546035702253122,-0.0602856588833508,,,,,,False
43155,2012,188,4,19654,2021,0.9565482853363183,864.2549295774647,4.0,-0.13912872766558804,0.04150476607709774,,,,,,False
43163,2012,431,4,31063,2021,1.3875028168560668,1435.6216049382713,4.0,-0.1380051621592676,-0.008683200329829055,,,,,,False
44216,2012,385,4,21490,2021,1.791530944625407,1068.202857142857,4.0,-0.15645659174553905,-0.021998262721574124,,,,,,False
45165,2012,741,4,43263,2021,1.7127799736495388,1053.329248366013,4.0,-0.1340293703071468,-0.022462497113883928,,,,,,False
45168,2012,857,4,40498,2021,2.116153884142427,1511.9080000000001,4.0,-0.09956277876101682,-0.02671765286719885,,,,,,False
46005,2012,106,4,13175,2021,0.8045540796963947,1049.4762195121953,4.0,-0.13224545122472864,-0.07648368664339711,,,,,,False
46017,2012,314,4,24652,2021,1.273730326139867,900.2128329297822,4.0,-0.10008465707027281,-0.0051156223077089,,,,,,False
46021,2012,184,4,14434,2021,1.2747679091035056,1122.2318181818182,4.0,-0.10877243706654449,-0.02109600220027641,,,,,,False
46029,2012,203,4,14059,2021,1.443914929938118,866.7350210970465,4.0,-0.061684999443521016,0.03491864718538895,,,,,,False
46078,2012,201,4,17991,2021,1.1172252793063198,1070.2261044176707,4.0,-0.11333308230283323,0.015542583856708037,,,,,,False
46102,2012,312,4,12037,2021,2.592007975409155,1268.9424528301888,2.0,0.01653214066285691,0.11086638475807109,,,,,,False
46110,2012,127,4,13504,2021,0.9404620853080569,969.0633187772926,4.0,-0.1827956260395177,-0.16999992269133524,,,,,,False
46131,2012,712,4,54541,2021,1.3054399442621147,1083.0837486457203,4.0,-0.11814549443941669,0.008524078414108849,,,,,,False
46145,2012,183,4,16908,2021,1.0823278921220725,1000.0990338164252,4.0,-0.07271906957348317,0.014206344625114387,,,,,,False
46159,2012,147,4,14239,2021,1.0323758690919307,1096.8275862068965,4.0,-0.10786837719839992,0.023663435547222056,,,,,,False
46169,2012,256,4,20270,2021,1.262950172668969,1293.1267973856209,4.0,0.004799092493851909,0.16695773790449475,,,,,,False
46181,2012,430,4,21085,2021,2.0393644771164334,1047.6260127931769,4.0,-0.08884627834554892,0.08840165173867054,,,,,,False
46184,2012,222,4,19230,2021,1.1544461778471138,763.6095041322315,4.0,-0.0807355375096156,0.0039011905749761766,,,,,,False
46190,2012,356,4,33020,2021,1.0781344639612356,1229.1798449612402,4.0,-0.08323923791917298,0.06348823544462356,,,,,,False
46220,2012,741,4,41287,2021,1.7947537965945697,1021.5974217311234,4.0,-0.11874839343307297,-0.0023418437658647706,,,,,,False
46235,2012,211,4,25186,2021,0.837767013420154,1110.8756849315068,4.0,-0.06329444569794718,-0.06528704605780256,,,,,,False
46244,2012,617,4,40564,2021,1.5210531505768663,1117.1968701095461,4.0,-0.09853724188784263,0.028476008786265772,,,,,,False
46250,2012,5053,4,414988,2021,1.217625569895997,1438.1137155705453,4.0,-0.14551305452350383,-0.05468686586597826,,,,,,False
47186,2012,1958,4,159363,2021,1.2286415290876804,1575.1439636752136,4.0,0.0011352599630904958,0.13538606296281508,,,,,,False
48013,2012,608,4,46654,2021,1.3032108715222703,2508.6433537832313,4.0,-0.03168413012757454,-0.012861885858124644,,,,,,False
48015,2012,254,4,19257,2021,1.3190008827958664,2651.2349557522125,4.0,0.04007555968868681,0.06928881152690092,,,,,,False
48020,2012,1909,4,165685,2021,1.152186377765036,2760.4713562753036,4.0,-0.03453807252868879,-0.006961458024595246,,,,,,False
48027,2012,222,4,13360,2021,1.6616766467065869,2450.362295081967,3.0,-0.017286353949798383,0.09642363124900377,,,,,,False
48036,2012,238,4,13683,2021,1.7393846378718116,2572.3417085427136,4.0,0.03116727333318159,0.02929021737305293,,,,,,False
48044,2012,309,4,34366,2021,0.8991445032881337,3350.1736559139786,4.0,0.03325193365758827,0.040363717498986484,,,,,,False
48054,2012,108,4,13804,2021,0.7823819182845552,3013.536538461539,4.0,0.035926753141276135,0.07812742819572205,,,,,,False
48078,2012,199,4,21560,2021,0.9230055658627088,2663.1551351351354,4.0,0.01949340136899802,0.03577830357070155,,,,,,False
48082,2012,168,4,21669,2021,0.7753011214176935,2606.431455399061,4.0,0.004671126054441643,0.03440425743504749,,,,,,False
48084,2012,113,4,13547,2021,0.8341330183804533,2238.9835820895523,4.0,-0.028230055124954245,0.01248613496834905,,,,,,False
49275,2012,711,4,39710,2021,1.7904809871568874,1299.590612244898,4.0,-0.043403693387370934,-0.010236357859309653,,,,,,False
50297,2012,5381,4,338961,2021,1.5874982667622528,1621.7013680197351,4.0,-0.12698095931219655,-0.0038175789959820072,,,,,,False
51001,2012,315,4,28315,2021,1.1124845488257107,1776.5991769547325,4.0,-0.022465125654862916,-0.02215615000482629,,,,,,False
52001,2012,445,4,29347,2021,1.516338978430504,1621.8458213256483,4.0,-0.004273315412170131,-0.00716544450841794,,,,,,False
01059,2013,1318,4,119853,2021,1.0996804418746298,2122.291755888651,4.0,-0.1497761113796644,-0.17614309330039213,,,,,,False
02003,2013,729,4,86881,2021,0.8390787398855907,1222.897233748271,4.0,-0.12992055491318666,-0.045549845980974446,,,,,,False
02009,2013,91,4,13292,2021,0.6846223292205839,796.5177083333333,3.0,-0.040486344630825455,-0.020260145066843926,,,,,,False
02037,2013,99,4,16661,2021,0.5942020286897545,660.6019607843136,3.0,-0.051169084203505966,0.041919188091537496,,,,,,False
02081,2013,93,4,15102,2021,0.6158124751688518,708.8,1.0,-0.08938075835994563,-0.01953659740347924,,,,,,False
03009,2013,278,4,33876,2021,0.8206399811075688,761.1805970149254,4.0,-0.11025559224501791,0.02547064078234862,,,,,,False
03014,2013,3081,4,187658,2021,1.641816495966066,1074.604543658633,4.0,-0.0745049876066668,0.016716321082215102,,,,,,False
03031,2013,1283,4,60479,2021,2.121397509879462,1741.1296226415095,4.0,-0.03658040891558356,0.06525027535220629,,,,,,False
03047,2013,690,4,26156,2021,2.6380180455727174,1518.620895522388,4.0,0.025203773805126728,0.125743313729611,,,,,,False
03059,2013,179,4,15357,2021,1.165592238067331,680.8495238095238,3.0,-0.0750778697223976,0.07530562207213332,,,,,,False
03063,2013,1137,4,45237,2021,2.5134292724981764,1371.0632107023412,4.0,-0.11024787725481977,-0.012884860869273429,,,,,,False
03065,2013,1203,4,116080,2021,1.036354238456237,812.0130467571645,4.0,-0.22177557733510078,-0.16964216794465992,,,,,,False
03066,2013,235,4,27488,2021,0.854918509895227,621.8295238095237,4.0,-0.1697750019512685,-0.08411556373344853,,,,,,False
03082,2013,639,4,26819,2021,2.382639173720124,1382.467774086379,4.0,-0.14461462945645998,-0.0931387296580618,,,,,,False
03093,2013,95,4,13780,2021,0.6894049346879536,698.951282051282,4.0,-0.07888810970091364,0.013588526419569424,,,,,,False
03099,2013,2935,4,88508,2021,3.3160844217471865,1078.662846227316,4.0,-0.05395782531325455,0.03871074510767336,,,,,,False
03104,2013,119,4,16474,2021,0.7223503702804419,702.8586666666666,2.0,-0.1390512803600651,-0.09925556951997128,,,,,,False
03121,2013,881,4,45155,2021,1.9510574687188573,1320.1852459016393,4.0,-0.10713944703406164,-0.009465027633759004,,,,,,False
03122,2013,338,4,27151,2021,1.2448896909874405,1009.6747922437672,4.0,-0.19996602710782374,-0.20146770904114886,,,,,,False
03133,2013,3984,4,122736,2021,3.245991396167384,1118.7448391420912,4.0,-0.08591568788550086,0.00765509527476238,,,,,,False
03139,2013,491,4,25780,2021,1.904577191621412,1350.3590296495956,4.0,-0.08173775571061503,0.025509280120735278,,,,,,False
03140,2013,144,4,18609,2021,0.7738191197807512,682.7926380368098,4.0,-0.13795347421723403,-0.044329632252487206,,,,,,False
04013,2013,1268,4,100957,2021,1.2559802688273225,1317.3283620140219,4.0,-0.06308042346243803,0.05492724374184421,,,,,,False
04079,2013,1433,4,62150,2021,2.3057119871279164,1011.2569297700435,4.0,-0.09699360035396021,-0.02119049471172918,,,,,,False
04902,2013,779,4,40014,2021,1.94681861348528,1037.293827160494,4.0,-0.06251709847985532,0.020379832334612824,,,,,,False
05019,2013,381,4,34843,2021,1.093476451511064,1037.0404958677684,4.0,-0.25976327849577785,-0.23255614416890602,,,,,,False
06011,2013,197,4,17292,2021,1.1392551468887346,767.7692307692307,4.0,-0.13713345615906314,-0.1117801538641926,,,,,,False
06015,2013,825,4,74594,2021,1.1059870767085824,1155.9666156202145,4.0,-0.14255973239237252,-0.09939625805257013,,,,,,False
06044,2013,205,4,21262,2021,0.9641614147305051,844.5368932038834,3.0,-0.053692611342903374,0.035394188513772296,,,,,,False
06083,2013,295,4,31358,2021,0.9407487722431277,843.2324427480916,4.0,-0.11995595245623059,-0.03292329317094689,,,,,,False
07011,2013,780,4,36492,2021,2.1374547846103256,2500.316182572614,4.0,0.06814601101017348,0.15095705676253746,,,,,,False
07015,2013,292,4,17887,2021,1.6324705093084364,1613.3034482758621,4.0,-0.15314860259353136,-0.033041829181589266,,,,,,False
07026,2013,417,4,23938,2021,1.7420001670983374,2353.2526515151512,4.0,-0.0005235567662283946,0.030969605468760597,,,,,,False
07027,2013,161,4,15863,2021,1.0149404274096956,1158.5901360544217,4.0,-0.15460096490595476,-0.05551118399705879,,,,,,False
07031,2013,275,4,23312,2021,1.17964996568291,1660.7843558282211,4.0,-0.11074009005913665,-0.03136767598385404,,,,,,False
07032,2013,185,4,15173,2021,1.2192710736176102,1369.6906882591095,4.0,-0.16216790064806375,-0.04919831397553143,,,,,,False
07033,2013,356,4,28571,2021,1.2460186902803543,1304.997770700637,4.0,-0.058120838834715194,-0.005228976407034458,,,,,,False
07036,2013,131,4,15048,2021,0.8705475810738968,1626.0298850574711,4.0,-0.17551120507132312,-0.08869694393576788,,,,,,False
07040,2013,2387,4,186482,2021,1.2800163018414645,1566.5573356401385,4.0,-0.08432795525996317,-0.0013732257177481166,,,,,,False
07054,2013,315,4,22810,2021,1.3809732573432705,2188.2126050420165,4.0,-0.08420890743149345,-0.05198162918713034,,,,,,False
08015,2013,801,4,91915,2021,0.8714573247021705,1657.1267831149928,4.0,-0.23872059828331127,-0.1831414507678042,,,,,,False
08019,2013,9471,4,808751,2021,1.171065012593493,2445.5226523297492,4.0,-0.08353229925170569,0.034611167312549096,,,,,,False
08056,2013,356,4,28708,2021,1.2400724536714505,2187.1699751861042,4.0,-0.09492983791464116,0.03802140334728088,,,,,,False
08073,2013,334,4,37034,2021,0.9018739536642004,1704.0045238095242,4.0,-0.163597669278719,0.015040907871817444,,,,,,False
08077,2013,252,4,19420,2021,1.297631307929969,2153.7626609442063,4.0,-0.19408372412187724,-0.1563282941982419,,,,,,False
08089,2013,213,4,20359,2021,1.0462203448106489,1995.8247311827956,4.0,-0.08988322053668951,0.015634916219585904,,,,,,False
08096,2013,294,4,26298,2021,1.1179557380789413,1578.3256728778467,4.0,-0.10972983802190084,0.03383951802069973,,,,,,False
08101,2013,1342,4,110488,2021,1.2146115415248715,1604.6950294310009,4.0,-0.17116755930362926,0.028422228828034024,,,,,,False
08102,2013,130,4,18257,2021,0.7120556498877143,1212.952,4.0,-0.13680727610190957,0.009246546866159333,,,,,,False
08113,2013,535,4,40136,2021,1.3329679091090294,1212.677797833935,4.0,-0.07393131784311158,0.08150779484451709,,,,,,False
08114,2013,93,4,10685,2021,0.8703790360318203,1386.38,4.0,-0.1143601910015527,0.07556615403098366,,,,,,False
08121,2013,634,4,52996,2021,1.1963167031474073,1468.4715376226825,4.0,-0.23696482772439764,-0.09813773030572637,,,,,,False
08124,2013,166,4,20857,2021,0.7958958623004267,1520.1037617554857,4.0,-0.14988947461735247,-0.02828358147960841,,,,,,False
08125,2013,104,4,15304,2021,0.6795608991113434,1473.4919999999997,4.0,-0.18372712164408012,-0.023487639977968877,,,,,,False
08169,2013,201,4,26518,2021,0.7579757146089449,1875.9881944444444,4.0,-0.17622691623369602,-0.09843196975438506,,,,,,False
08172,2013,123,4,12313,2021,0.9989442053114594,1724.1982035928143,4.0,-0.12944125431355147,0.013508268354254449,,,,,,False
08180,2013,123,4,15427,2021,0.7973034290529591,1468.080970149254,4.0,-0.17028648093054122,-0.01024068927925681,,,,,,False
08184,2013,286,4,32476,2021,0.8806503263948762,1424.7945812807882,4.0,-0.16182440290892508,0.014304927568131176,,,,,,False
08187,2013,1135,4,92772,2021,1.223429483033674,1520.0500256278829,4.0,-0.16846447002809883,-0.030566291554538494,,,,,,False
08194,2013,197,4,14877,2021,1.324191705316932,1750.6122699386503,4.0,-0.2561154096393494,-0.2867792973003911,,,,,,False
08200,2013,327,4,33904,2021,0.9644879660217084,1680.4012121212122,4.0,-0.1568745933599346,-0.030864697283599085,,,,,,False
08205,2013,511,4,35770,2021,1.4285714285714286,2545.6950943396223,4.0,-0.14350206297726242,-0.05547771803117907,,,,,,False
08211,2013,139,4,18719,2021,0.7425610342432822,1916.8686567164177,4.0,-0.2062297873966965,-0.12640812180673766,,,,,,False
08217,2013,71,4,13577,2021,0.5229432127863298,2066.8018181818184,4.0,-0.12599104769179692,0.05074031150362901,,,,,,False
08231,2013,179,4,14150,2021,1.265017667844523,1671.5718146718145,4.0,-0.18729919418754826,-0.10036436866474352,,,,,,False
08245,2013,351,4,48100,2021,0.7297297297297297,1503.164217687075,4.0,-0.18740938204905744,-0.013330435017493203,,,,,,False
08252,2013,179,4,13768,2021,1.300116211504939,1589.0841897233204,4.0,-0.19329704308648243,-0.027547339832010298,,,,,,False
08263,2013,61,4,11530,2021,0.5290546400693842,1589.4027027027025,3.0,-0.10665157374430168,0.032308434871947345,,,,,,False
08266,2013,170,4,23858,2021,0.7125492497275547,1774.8968309859156,4.0,-0.13704264715469017,-0.0044524490266723005,,,,,,False
08279,2013,1315,4,101134,2021,1.3002551070856487,1259.1180674383493,4.0,-0.2385639964941032,-0.14128070452804253,,,,,,False
08298,2013,231,4,19836,2021,1.1645493042952209,1180.2155844155843,4.0,-0.07161101780206092,0.09256151165211857,,,,,,False
08301,2013,281,4,26586,2021,1.0569472654780712,1795.4913612565445,4.0,-0.1165949283678891,0.009781081634819055,,,,,,False
08305,2013,291,4,18264,2021,1.5932982917214191,1209.5442982456138,4.0,-0.1613585159065808,0.010027161353978076,,,,,,False
08307,2013,341,4,33155,2021,1.0285024883124718,1605.6666666666667,4.0,-0.1167421080769182,0.02354014965213147,,,,,,False
09018,2013,149,4,19708,2021,0.756038157093566,1217.9246753246753,4.0,-0.04826997053452198,-0.017016871132474853,,,,,,False
09059,2013,998,4,93766,2021,1.0643516839792675,1458.0862619808306,4.0,-0.14981522778635026,-0.1012537823957006,,,,,,False
09219,2013,173,4,21007,2021,0.8235350121388109,1266.5488262910799,4.0,-0.1731399540366344,-0.21538184705854013,,,,,,False
10037,2013,819,4,53756,2021,1.5235508594389464,1158.0923387096775,4.0,-0.055815278543813074,0.0718487379461521,,,,,,False
10148,2013,185,4,22443,2021,0.8243104754266364,863.1669354838709,4.0,-0.18447391810141556,-0.12286586229236673,,,,,,False
11004,2013,532,4,55815,2021,0.953148795126758,1054.3729395604396,4.0,-0.1612512528373905,-0.15352348594590204,,,,,,False
11006,2013,179,4,15460,2021,1.1578266494178526,997.2380952380952,4.0,-0.13829167807258125,-0.08312847454938899,,,,,,False
11012,2013,503,4,56479,2021,0.8905965048956249,1913.396993987976,4.0,-0.1403420089449664,-0.08447378674829709,,,,,,False
11015,2013,591,4,49229,2021,1.200511893396169,1336.586356821589,4.0,-0.15213148435565693,-0.029610654173985895,,,,,,False
11020,2013,885,4,92974,2021,0.9518790199410588,1066.9682352941174,4.0,-0.11023687257013715,0.018851689726696708,,,,,,False
11022,2013,387,4,30028,2021,1.2887971226854935,1097.1608938547486,4.0,-0.17774106607169504,-0.048523135590080035,,,,,,False
11027,2013,444,4,49077,2021,0.9047007763310716,1493.0267818574512,4.0,-0.0026708159333479475,0.16238357279983573,,,,,,False
11028,2013,107,4,18626,2021,0.5744658004939333,1212.2097744360901,3.0,-0.1329771924888442,0.005053413171329235,,,,,,False
11030,2013,386,4,26868,2021,1.4366532678278994,1472.270479704797,4.0,-0.16007905462631644,-0.04266067576890098,,,,,,False
11031,2013,385,4,39564,2021,0.97310686482661,1266.3671497584542,4.0,-0.13789004193805787,-0.05142060093633294,,,,,,False
11032,2013,407,4,34536,2021,1.1784804262219133,1192.375,4.0,-0.16652736295223813,-0.05667514562585252,,,,,,False
11033,2013,328,4,19625,2021,1.6713375796178345,1514.6186440677966,4.0,-0.080081149315407,-0.032024384393553595,,,,,,False
12032,2013,253,4,20301,2021,1.2462440273878135,772.9011049723757,4.0,-0.14756447479376666,-0.03170831593524315,,,,,,False
12040,2013,859,4,91229,2021,0.9415865569062469,1026.8856719367589,4.0,-0.11634562284815675,0.04543970046415602,,,,,,False
12126,2013,111,4,15906,2021,0.6978498679743493,745.1417777777777,4.0,-0.18673477225534696,-0.09388066323713262,,,,,,False
12135,2013,225,4,25363,2021,0.8871190316602926,826.13179916318,4.0,0.04363802296656649,0.31590351141464734,,,,,,False
12138,2013,268,4,20887,2021,1.283094747929334,1063.0320872274142,4.0,-0.09396549445463931,0.059826022243240407,,,,,,False
13005,2013,126,4,17129,2021,0.7355946056395587,851.0232,4.0,-0.04106993929209346,0.01411113155282917,,,,,,False
13034,2013,602,4,41592,2021,1.4473937295633776,1167.900709219858,4.0,-0.14949473179350592,0.0026976192242960106,,,,,,False
13071,2013,220,4,26589,2021,0.8274098311331753,767.4436893203884,4.0,-0.13538435785558145,-0.027241143728144346,,,,,,False
13082,2013,250,4,19217,2021,1.300931466930322,681.7540069686411,4.0,-0.12750219651746608,-0.03559135722283824,,,,,,False
13087,2013,205,4,17368,2021,1.1803316444035008,837.9378698224853,4.0,-0.17723615648238922,-0.20399162351094824,,,,,,False
14021,2013,1840,4,155400,2021,1.184041184041184,1522.3578171091444,4.0,-0.19980193712635363,-0.23345031116237303,,,,,,False
14038,2013,240,4,21141,2021,1.1352348517099475,882.4087591240876,4.0,-0.17391474629813752,-0.06688779180073989,,,,,,False
14056,2013,119,4,14955,2021,0.7957204948177867,790.485,3.0,-0.13147562699791449,-0.031731182902689614,,,,,,False
15005,2013,123,4,17841,2021,0.6894232386077014,873.3968888888888,4.0,-0.12999464057510912,0.02243611899646014,,,,,,False
15019,2013,116,4,19427,2021,0.597107118958151,782.9448979591838,3.0,-0.0656851913305746,0.024370216877984796,,,,,,False
15030,2013,1219,4,136205,2021,0.8949744869865277,1618.2892393320965,4.0,-0.13162064447048305,-0.10044281018103574,,,,,,False
15031,2013,126,4,15752,2021,0.7998984255967496,1204.6795454545454,4.0,-0.0703794943931817,0.0008635305307028718,,,,,,False
15036,2013,322,4,42672,2021,0.7545931758530183,763.2792207792207,4.0,-0.17907002926157256,-0.08507873676741795,,,,,,False
15054,2013,141,4,21735,2021,0.6487232574189096,800.7434343434344,4.0,-0.15568146986373987,-0.0047027654571065725,,,,,,False
15058,2013,177,4,19268,2021,0.9186215486817522,1246.1218085106384,4.0,-0.04137593839252174,0.12506301773196826,,,,,,False
15073,2013,193,4,17097,2021,1.1288530151488565,922.2607999999999,3.0,-0.17193043745432823,-0.09854106834104592,,,,,,False
15078,2013,561,4,56746,2021,0.9886159376872379,1623.5053459119495,4.0,-0.07842191393491604,0.036326432530112474,,,,,,False
16078,2013,388,4,31611,2021,1.2274208345196291,1185.4833976833975,4.0,-0.13800758751974895,-0.06473566554393029,,,,,,False
17023,2013,299,4,25589,2021,1.168470827308609,1356.6788778877885,4.0,-0.2047400536561017,-0.08779814535680974,,,,,,False
17066,2013,275,4,21062,2021,1.3056689773050991,1102.080463576159,4.0,-0.15570747301630505,-0.007426831287305369,,,,,,False
17079,2013,577,4,50333,2021,1.1463652077166073,1541.243365695793,4.0,-0.15168967067194628,-0.040837478465819754,,,,,,False
17095,2013,392,4,25496,2021,1.537496077816128,1680.828738317757,4.0,-0.15458260923835487,-0.11942700317846944,,,,,,False
17114,2013,198,4,16713,2021,1.1847065158858374,1079.9464285714287,4.0,-0.2747065974620798,-0.20065728519726733,,,,,,False
17155,2013,137,4,11642,2021,1.1767737502147397,863.98,4.0,-0.2580120688989732,-0.09130129115847785,,,,,,False
18087,2013,1452,4,141257,2021,1.0279136609159192,1592.0505809450037,4.0,-0.013605652979486127,0.056225200384885765,,,,,,False
18140,2013,395,4,32841,2021,1.2027648366371304,1178.3218961625282,4.0,-0.07102126666571718,-0.0023756505630760927,,,,,,False
19130,2013,705,4,41937,2021,1.681093068173689,1159.7198924731183,4.0,-0.14123411917660988,0.05138827999815965,,,,,,False
20030,2013,117,4,13535,2021,0.8644255633542667,2087.263829787234,2.0,-0.1401341463160768,-0.17264434731753675,,,,,,False
20045,2013,248,4,28045,2021,0.8842931003743982,2453.616756756757,4.0,-0.06509582534651048,-0.017990149190439064,,,,,,False
20067,2013,145,4,17999,2021,0.805600311128396,2379.7849315068493,2.0,-0.10536033981088067,-0.12121248277076146,,,,,,False
20069,2013,1222,4,94733,2021,1.2899412031710176,3531.7668387096774,4.0,-0.09493741920362864,-0.13069134716726605,,,,,,False
21041,2013,778,4,68714,2021,1.1322292400384202,1182.8582619339047,4.0,-0.0806269073630691,0.05166810188507809,,,,,,False
22125,2013,467,4,29309,2021,1.593367225084445,1117.7203571428572,4.0,-0.14743446403055938,-0.0765855960220051,,,,,,False
23005,2013,133,4,20048,2021,0.6634078212290503,870.8218604651163,4.0,-0.10288681633543006,-0.07785389633623963,,,,,,False
23050,2013,409,4,58293,2021,0.7016279827766627,1234.9617586912066,4.0,-0.10966340806592989,0.007057548064166808,,,,,,False
23055,2013,209,4,29385,2021,0.7112472349838352,922.8276752767528,4.0,-0.08102410541145344,0.014172685652309891,,,,,,False
23092,2013,132,4,18318,2021,0.7206026858827382,948.1506666666667,4.0,-0.13975980860971626,-0.08828691812980305,,,,,,False
24089,2013,707,4,79199,2021,0.8926880389903913,1304.3067641681903,4.0,-0.0730851210746517,0.005231871030601076,,,,,,False
24115,2013,321,4,42549,2021,0.7544243107946133,914.8626297577854,4.0,-0.12788509765682154,-0.03135120652620904,,,,,,False
24142,2013,116,4,17161,2021,0.6759512848901579,918.9488095238095,4.0,-0.12489175880856007,0.004107731564807593,,,,,,False
25120,2013,805,4,68299,2021,1.178640975709747,1031.237760910816,4.0,-0.14307877448845185,-0.017996037916249263,,,,,,False
26089,2013,1098,4,78908,2021,1.3914938916206214,1352.0949438202244,4.0,-0.14579394369083776,-0.10810184506576859,,,,,,False
27028,2013,468,4,62648,2021,0.7470310305197293,1003.4759615384615,4.0,-0.13839639605454324,-0.1632322028797698,,,,,,False
28005,2013,817,4,79588,2021,1.0265366638186662,1391.0571959145775,4.0,-0.1351632348561136,0.011701108456424691,,,,,,False
28006,2013,458,4,42744,2021,1.071495414561108,2496.9477848101264,4.0,-0.03817382936640079,0.03514112422154536,,,,,,False
28007,2013,697,4,70601,2021,0.9872381411028173,1790.7118659020732,4.0,-0.04954828926090071,0.09587959056783546,,,,,,False
28013,2013,239,4,25682,2021,0.9306128806167744,1311.5304245283019,4.0,-0.07035366587857828,0.04081983666166733,,,,,,False
28014,2013,1406,4,21573,2021,6.517406016780234,1305.012129380054,4.0,-0.08060599029294224,0.09468392700625172,,,,,,False
28022,2013,213,4,19874,2021,1.0717520378383818,1986.4556231003037,4.0,-0.03701057058478274,0.11840979780782257,,,,,,False
28045,2013,161,4,20461,2021,0.7868628121792679,1610.2762430939226,4.0,-0.10477773113724898,-0.0034017862818385147,,,,,,False
28047,2013,300,4,27922,2021,1.0744216030370317,1443.3559077809798,4.0,-0.13646849160981367,-0.014586237868840946,,,,,,False
28049,2013,253,4,31337,2021,0.8073523311101892,1626.220731707317,4.0,-0.11888622306309071,0.0009732531173676229,,,,,,False
28058,2013,709,4,70944,2021,0.9993797925124042,1346.5941714285714,4.0,-0.1464900591768017,0.0007914116345196787,,,,,,False
28061,2013,103,4,15295,2021,0.6734226871526643,1430.9668224299066,4.0,-0.09888981181867273,0.059314978858327705,,,,,,False
28065,2013,963,4,79835,2021,1.2062378655977954,1558.100238095238,4.0,-0.12480607535439847,-0.03126785533838283,,,,,,False
28074,2013,832,4,77962,2021,1.0671865780764989,1531.455637982196,4.0,-0.1846768468376816,-0.09076831888013315,,,,,,False
28079,2013,22657,4,1533221,2021,1.4777386952044096,2431.3498942675888,4.0,-0.05934877176617637,0.04548968996605529,,,,,,False
28080,2013,363,4,25577,2021,1.4192438518981898,2375.6116751269037,4.0,-0.13413844434322786,-0.10578441588504917,,,,,,False
28092,2013,989,4,82103,2021,1.2045844853415832,1309.8567204301073,4.0,-0.17113551504965696,-0.05537914028020818,,,,,,False
28106,2013,808,4,47256,2021,1.7098357880480786,1080.0683098591549,4.0,-0.16854249339569316,0.012799702748729769,,,,,,False
28113,2013,290,4,21507,2021,1.3483981959362068,1528.7427947598255,4.0,-0.17481757789796581,-0.07256961085186608,,,,,,False
28115,2013,372,4,32327,2021,1.1507408667677175,2420.39409190372,4.0,-0.08265199482842389,0.0108464985701473,,,,,,False
28123,2013,362,4,35980,2021,1.0061145080600333,1657.8240458015266,4.0,-0.09321673728526148,-0.061933618137838375,,,,,,False
28127,2013,373,4,35404,2021,1.053553270816857,2036.2898222940225,4.0,-0.04784830648905469,0.07994985210123717,,,,,,False
28130,2013,277,4,15621,2021,1.773253953011971,1755.7488235294118,4.0,-0.12379713847369866,-0.02976828615350613,,,,,,False
28134,2013,321,4,36032,2021,0.8908747779751333,1883.7318944844124,4.0,-0.12172667168503037,0.029972683187654448,,,,,,False
28148,2013,798,4,50494,2021,1.5803857884105041,1326.837460815047,4.0,-0.12568539398934553,0.07452815041194771,,,,,,False
28161,2013,532,4,28896,2021,1.8410852713178294,1324.9497872340426,4.0,-0.14485303548510342,-0.026014564277325736,,,,,,False
28181,2013,110,4,11252,2021,0.9776039815143974,1801.157228915663,4.0,-0.057076251538335954,0.085520406744376,,,,,,False
28903,2013,623,4,18542,2021,3.3599395965915217,1935.7663366336635,3.0,-0.26051629876524385,-0.2655713134873321,,,,,,False
29007,2013,175,4,17000,2021,1.0294117647058822,1297.151582278481,4.0,-0.14058812405093923,-0.04206713575550369,,,,,,False
29015,2013,191,4,20944,2021,0.911955691367456,1040.1195,4.0,-0.1408685140001399,-0.03357904131434064,,,,,,False
29025,2013,1208,4,48663,2021,2.4823788093623493,1524.8285256410256,4.0,-0.14818348467959597,-0.10560891316512633,,,,,,False
29051,2013,1669,4,50366,2021,3.3137433983242666,1350.6196938775508,4.0,-0.11910446825085796,-0.014860839044022911,,,,,,False
29054,2013,997,4,48887,2021,2.0393969767013727,1501.5367066895367,4.0,-0.12364038569517566,-0.05797098761947206,,,,,,False
29067,2013,3147,4,261857,2021,1.2018009829792597,1428.7547696301103,4.0,-0.10773478799010205,-0.03137068500097251,,,,,,False
29069,2013,3106,4,100282,2021,3.097265710695838,1973.132258064516,4.0,-0.018364907907721162,-0.006667675898778369,,,,,,False
29070,2013,2078,4,62030,2021,3.349991939384169,1337.1772413793103,4.0,-0.13629552670654055,-0.06462333928843755,,,,,,False
29082,2013,466,4,27620,2021,1.6871832005792904,1327.5794416243657,4.0,-0.11118547410319868,0.023611638828514248,,,,,,False
29084,2013,201,4,19462,2021,1.0327818312609187,1081.5573604060917,4.0,-0.2081161645627604,-0.18129996877237553,,,,,,False
29094,2013,790,4,50454,2021,1.5657826931462322,1165.0020679468244,4.0,-0.18986316663695924,-0.1447490656478717,,,,,,False
29901,2013,820,4,42938,2021,1.9097303088173645,1440.4857894736842,4.0,-0.1754215145776149,-0.10314200533181228,,,,,,False
30003,2013,498,4,26137,2021,1.9053449133412403,1010.7366178428761,4.0,-0.10144242627905786,-0.029185819647550848,,,,,,False
30005,2013,132,4,18107,2021,0.7289998343182195,883.4171003717472,4.0,-0.05989389705056036,0.0691192078037377,,,,,,False
30015,2013,96,4,14630,2021,0.6561859193438141,731.6945054945055,3.0,-0.1903328090122507,-0.19453441330779442,,,,,,False
30016,2013,1143,4,125253,2021,0.9125529927426888,1096.8234607906677,4.0,-0.12513701713477943,-0.049443249492442276,,,,,,False
30019,2013,110,4,16704,2021,0.6585249042145593,806.9269461077844,4.0,-0.1751751801257646,-0.11062356868422651,,,,,,False
30022,2013,126,4,13679,2021,0.9211199649097156,617.7818181818182,4.0,-0.3337048689459895,-0.4358543622879375,,,,,,False
30024,2013,320,4,42431,2021,0.7541655864815818,853.2935028248588,4.0,-0.12955206835573074,-0.007429307310418132,,,,,,False
30026,2013,837,4,31537,2021,2.6540254304467767,1102.3799999999999,4.0,-0.1760519726634785,-0.14809515934854023,,,,,,False
30027,2013,452,4,32908,2021,1.373526194238483,912.0575984990619,4.0,-0.1660114845772126,-0.13412711160262025,,,,,,False
30030,2013,2223,4,219740,2021,1.0116501319741513,1101.2827981651376,4.0,-0.032701093175727336,0.11373319553206385,,,,,,False
30035,2013,731,4,41372,2021,1.7668954848689935,1224.6081712062257,4.0,-0.14287454088454998,-0.12126162347842584,,,,,,False
30037,2013,577,4,21899,2021,2.6348235079227362,960.0272311212815,4.0,-0.09406215980635246,0.0805110772395411,,,,,,False
30039,2013,145,4,15390,2021,0.9421702404158544,863.3350574712643,4.0,-0.13810717652002547,-0.09252409025413966,,,,,,False
30043,2013,170,4,19242,2021,0.8834840453175345,673.2733695652175,4.0,-0.1518910188629896,-0.03701598582183896,,,,,,False
31201,2013,964,4,94761,2021,1.0172961450385707,1854.8121212121214,4.0,-0.15149181485651442,-0.20574750036720724,,,,,,False
31232,2013,210,4,17007,2021,1.2347856764861527,1190.7135458167331,4.0,-0.08400922804142319,-0.06904546398059896,,,,,,False
32054,2013,411,4,67492,2021,0.6089610620517988,1201.1164596273293,4.0,-0.0417319635938993,0.0824607419168264,,,,,,False
33004,2013,271,4,42296,2021,0.6407225269529033,1269.356432748538,4.0,-0.0827243230849034,-0.06057086922959687,,,,,,False
33024,2013,1201,4,148955,2021,0.8062837769796247,1475.9594433399604,4.0,-0.15368144452508803,-0.12795353335787552,,,,,,False
33031,2013,174,4,25962,2021,0.6702103073723134,929.4158940397352,3.0,-0.03402810713983806,0.04020270122782044,,,,,,False
33037,2013,166,4,25878,2021,0.6414715202102171,1047.9066666666665,3.0,0.010518304340195517,0.12324399308244227,,,,,,False
33044,2013,1051,4,127210,2021,0.8261929093624715,1484.472706935123,4.0,-0.11254145152273265,-0.06422670419772569,,,,,,False
33066,2013,171,4,29569,2021,0.5783083634887889,1177.2931506849313,4.0,-0.0860058193257045,-0.06279418367492395,,,,,,False
34120,2013,370,4,44610,2021,0.829410446088321,1278.4956363636363,4.0,-0.08775313747060531,-0.047480242483920354,,,,,,False
35002,2013,152,4,14365,2021,1.058127392969022,1014.3193103448275,4.0,-0.16007301381657313,-0.18026966409971257,,,,,,False
35004,2013,417,4,25339,2021,1.6456845179367774,1005.6062052505966,4.0,-0.03780608323225665,0.16145291894696034,,,,,,False
35006,2013,137,4,17003,2021,0.8057401635005588,1023.7204819277109,4.0,-0.09186218769507404,-0.020944020825872545,,,,,,False
35011,2013,104,4,13881,2021,0.7492255601181471,931.8360248447206,4.0,-0.04567213363173006,0.06168012148770352,,,,,,False
35016,2013,1652,4,175181,2021,0.9430246430834394,1353.857455382844,4.0,-0.082101353282928,-0.011934461863736257,,,,,,False
35017,2013,331,4,18683,2021,1.7716640796445966,943.5112526539278,4.0,-0.09625918008192924,0.11356272202888107,,,,,,False
35019,2013,1212,4,32766,2021,3.6989562351217726,1577.0819999999999,4.0,-0.09377027098665536,0.039345022330895985,,,,,,False
35022,2013,387,4,30372,2021,1.2741999209798498,913.4967391304348,4.0,-0.10564592896289882,-0.016821334989280845,,,,,,False
35026,2013,312,4,46739,2021,0.6675367466141766,1074.1243362831858,4.0,-0.1087581067312765,0.00520011945765908,,,,,,False
36038,2013,326,4,42646,2021,0.7644327721239975,1159.132584269663,4.0,-0.12196234525933924,-0.029558849342764315,,,,,,False
36045,2013,56,4,14215,2021,0.3939500527611678,947.3,1.0,-0.2865343899846857,-0.4191266919844987,,,,,,False
36057,2013,926,4,144293,2021,0.6417497730312628,1451.7675814751287,4.0,-0.08429330377872157,0.022972996386308675,,,,,,False
36060,2013,182,4,21149,2021,0.8605607830157455,881.7973333333334,4.0,-0.17663282053733254,-0.1702974739777845,,,,,,False
37274,2013,804,4,92553,2021,0.8686914524650741,1630.6526315789472,4.0,-0.11847521712516629,-0.08358941977418133,,,,,,False
38001,2013,1335,4,26798,2021,4.9817150533621914,1468.9591339648173,4.0,-0.13793308927550008,-0.08593633152531666,,,,,,False
38006,2013,1428,4,53746,2021,2.6569419119562387,1134.6698558322412,4.0,-0.12190260508563655,0.03364929778557346,,,,,,False
38017,2013,433,4,24284,2021,1.7830670400263549,914.9565217391304,4.0,-0.20850262870397818,-0.12040098963395729,,,,,,False
38023,2013,561,4,74096,2021,0.7571258907363421,1049.3028530670472,4.0,-0.16322306627233285,-0.08664067996336655,,,,,,False
38026,2013,227,4,17819,2021,1.2739210954599023,1048.575147928994,4.0,-0.10104856469698031,0.09028350898546367,,,,,,False
38028,2013,379,4,20779,2021,1.823956879541845,1420.9129411764704,4.0,-0.08241639637823961,-0.009346449366297471,,,,,,False
38031,2013,142,4,17417,2021,0.8152954010449561,980.535,4.0,-0.06577309056525948,0.10212177627773866,,,,,,False
38038,2013,710,4,97227,2021,0.7302498277227519,1253.0850000000003,4.0,-0.10778109833427285,-0.059763218809901764,,,,,,False
39016,2013,68,4,13768,2021,0.4938988959907031,1330.5911392405062,3.0,-0.11817412070057032,-0.009091530357297706,,,,,,False
39020,2013,298,4,24994,2021,1.1922861486756822,1978.3570967741935,4.0,-0.04896442583569949,-0.004687835527647066,,,,,,False
39075,2013,808,4,93407,2021,0.8650315286862869,1805.0418449197862,4.0,-0.08649600262538037,-0.005454434940746156,,,,,,False
39087,2013,182,4,26596,2021,0.6843134305910663,1147.684574468085,4.0,-0.16297065360648688,-0.07148848308222988,,,,,,False
40194,2013,297,4,29036,2021,1.022868163658906,1484.1841836734693,4.0,-0.020573508521893213,0.17812773532410597,,,,,,False
41004,2013,283,4,32822,2021,0.8622265553592103,1080.3102689486552,4.0,-0.152404469237845,-0.02914347735698486,,,,,,False
41021,2013,259,4,13079,2021,1.98027372123251,1189.4204545454545,4.0,-0.1416796638162261,-0.062129801366947235,,,,,,False
41024,2013,122,4,15565,2021,0.7838098297462255,1078.433009708738,3.0,-0.0601323943650971,0.09104079385716202,,,,,,False
41034,2013,180,4,13904,2021,1.2945914844649022,978.3280898876404,4.0,-0.2084093701465457,-0.11012041615402723,,,,,,False
41038,2013,675,4,56736,2021,1.1897208121827412,1141.3505617977528,4.0,-0.2062914585653952,-0.1121102375657842,,,,,,False
41039,2013,128,4,18684,2021,0.6850781417255406,878.607476635514,4.0,0.0031672265096049923,0.15565727262594797,,,,,,False
41059,2013,354,4,19554,2021,1.8103712795335993,1252.6392156862746,4.0,-0.17785710357099938,-0.08919107877911525,,,,,,False
41065,2013,95,4,13352,2021,0.7115038945476333,1029.872,2.0,-0.05758857240347104,0.20586810075539752,,,,,,False
41069,2013,100,4,16512,2021,0.6056201550387597,990.1722222222223,3.0,-0.049315439638273006,0.07573361752931251,,,,,,False
41081,2013,127,4,16016,2021,0.792957042957043,1059.2641025641026,4.0,-0.14995342310963633,-0.024017850481279912,,,,,,False
41091,2013,4715,4,327393,2021,1.4401651837394203,1647.5084988085782,4.0,-0.10372936302446545,0.00314655001183084,,,,,,False
41095,2013,253,4,23030,2021,1.0985670864090318,955.9739285714286,4.0,-0.17379500428036676,-0.16925826318237303,,,,,,False
42173,2013,262,4,25244,2021,1.0378703850419901,1330.4192307692308,4.0,-0.029776757088416317,0.01574635706601124,,,,,,False
43038,2013,477,4,31733,2021,1.5031670500740555,1555.32,4.0,-0.11355076686625476,0.018503028971650348,,,,,,False
43123,2013,502,4,51284,2021,0.9788628032134779,1040.8015625,4.0,-0.18166962851746338,-0.05699300290376108,,,,,,False
43148,2013,776,4,67200,2021,1.1547619047619047,1252.3761374187557,4.0,-0.2024092553744583,-0.07694889835192709,,,,,,False
43155,2013,186,4,19654,2021,0.9463722397476341,772.8633466135459,4.0,-0.10574609393156753,0.033382633734020506,,,,,,False
43163,2013,460,4,31063,2021,1.4808614750667997,1220.1386411889598,4.0,-0.15009732579120438,-0.01209216363193677,,,,,,False
44216,2013,243,4,21490,2021,1.1307584923220102,1105.8526315789475,3.0,0.03524590313940279,0.19170249488494184,,,,,,False
45165,2013,523,4,43263,2021,1.2088851905785545,860.1872928176796,4.0,-0.18336332713436632,-0.04933395682721953,,,,,,False
45168,2013,446,4,40498,2021,1.1012889525408662,1407.8774919614148,4.0,-0.06880743275290913,0.030755346008107698,,,,,,False
46005,2013,95,4,13175,2021,0.7210626185958254,837.3521428571428,4.0,-0.20212375727165066,-0.06987830604692202,,,,,,False
46017,2013,308,4,24652,2021,1.2493915300989777,736.527688172043,4.0,-0.18182938386361225,-0.08174472679333944,,,,,,False
46021,2013,77,4,14434,2021,0.533462657613967,976.443961352657,4.0,-0.12990886060008455,-0.02113642353354006,,,,,,False
46029,2013,171,4,14059,2021,1.216302724233587,671.7680203045685,4.0,-0.22494418253193893,-0.16325918308841791,,,,,,False
46078,2013,172,4,17991,2021,0.9560335723417264,909.5371257485031,4.0,-0.15014488808101112,-0.036811805778177886,,,,,,False
46102,2013,113,4,12037,2021,0.9387721192988286,996.2967479674796,3.0,-0.2148605748468838,-0.23139271550974072,,,,,,False
46110,2013,150,4,13504,2021,1.110781990521327,798.078,4.0,-0.17644390770360796,0.006351718335909751,,,,,,False
46131,2013,667,4,54541,2021,1.2229332062118405,979.4433936022253,4.0,-0.09569006567874927,0.022455428760667417,,,,,,False
46145,2013,236,4,16908,2021,1.3957889756328365,836.3518518518518,4.0,-0.16373096706203816,-0.09101189748855498,,,,,,False
46159,2013,94,4,14239,2021,0.6601587190111665,975.0907894736841,4.0,-0.11098991150852489,-0.0031215343101249626,,,,,,False
46169,2013,226,4,20270,2021,1.1149481993093242,1052.1970833333335,4.0,-0.18631561463221324,-0.19111470712606515,,,,,,False
46181,2013,471,4,21085,2021,2.233815508655442,1053.921301775148,4.0,0.006009099530839945,0.09485537787638887,,,,,,False
46184,2013,186,4,19230,2021,0.9672386895475819,637.0315999999999,4.0,-0.16576260961559808,-0.08502707210598248,,,,,,False
46190,2013,224,4,33020,2021,0.6783767413688674,1077.33,4.0,-0.12353753243165855,-0.040298294512485566,,,,,,False
46220,2013,442,4,41287,2021,1.0705548962143048,843.7723112128147,4.0,-0.17406573933690972,-0.055317345903836745,,,,,,False
46235,2013,191,4,25186,2021,0.7583578178353053,911.2585585585585,4.0,-0.17969348783185946,-0.11639904213391228,,,,,,False
46244,2013,432,4,40564,2021,1.064983729415245,928.7969034608379,4.0,-0.16863631799311674,-0.0700990761052741,,,,,,False
46250,2013,4922,4,414988,2021,1.1860583920498906,1294.0340133037694,4.0,-0.10018658518225376,0.045326469341250064,,,,,,False
47186,2013,1581,4,159363,2021,0.9920746973889799,1405.188433086752,4.0,-0.10789841088043273,-0.10903367084352322,,,,,,False
48013,2013,717,4,46654,2021,1.5368457152655721,2331.1242424242423,4.0,-0.07076299271129005,-0.03907886258371551,,,,,,False
48015,2013,169,4,19257,2021,0.8776029495767773,2442.9166666666665,4.0,-0.0785740579625247,-0.11864961765121151,,,,,,False
48020,2013,1646,4,165685,2021,0.9934514289163171,2749.338955582233,4.0,-0.004032789787064228,0.030505282741624562,,,,,,False
48027,2013,204,4,13360,2021,1.526946107784431,2388.8567567567566,4.0,-0.025100589593896494,-0.007814235644098111,,,,,,False
48036,2013,99,4,13683,2021,0.723525542644157,2325.088888888889,4.0,-0.09611974133634782,-0.1272870146695294,,,,,,False
48044,2013,299,4,34366,2021,0.870045975673631,3121.179634464752,4.0,-0.0683528810648335,-0.10160481472242178,,,,,,False
48054,2013,137,4,13804,2021,0.9924659518980006,2648.801948051948,4.0,-0.12103207834201146,-0.1569588314832876,,,,,,False
48078,2013,167,4,21560,2021,0.774582560296846,2413.9068322981366,3.0,-0.0935913569392387,-0.11308475830823672,,,,,,False
48082,2013,161,4,21669,2021,0.7429969080252896,2470.7596385542165,4.0,-0.05205270852751909,-0.05672383458196073,,,,,,False
48084,2013,98,4,13547,2021,0.7234073964715435,2086.4477876106193,4.0,-0.06812725010541498,-0.03989719498046074,,,,,,False
49275,2013,392,4,39710,2021,0.9871568874338957,1142.7471354166667,4.0,-0.12068683426183091,-0.07728314087445998,,,,,,False
50297,2013,3408,4,338961,2021,1.00542540292246,1408.9187976808055,4.0,-0.13120946589491944,-0.004228506582722891,,,,,,False
51001,2013,278,4,28315,2021,0.9818117605509448,1741.2802197802198,4.0,-0.01988009317613937,0.002585032478723548,,,,,,False
52001,2013,337,4,29347,2021,1.1483286196204041,1527.224087591241,3.0,-0.05834200297600811,-0.05406868756383798,,,,,,False
01059,2014,1374,4,119853,2021,1.1464043453230206,1904.0183006535947,4.0,-0.10284799657229993,0.046928114807364474,,,,,,False
02003,2014,1126,4,86881,2021,1.2960255982320645,1102.4332268370608,4.0,-0.09850705651036518,0.03141349840282148,,,,,,False
02009,2014,92,4,13292,2021,0.6921456515197111,691.1278911564626,4.0,-0.1323132129697313,-0.09182686833890585,,,,,,False
02037,2014,254,4,16661,2021,1.5245183362343198,654.1900900900902,3.0,-0.009706103031560498,0.04146298117194547,,,,,,False
02081,2014,100,4,15102,2021,0.6621639517944643,639.0042372881356,4.0,-0.09847031985308174,-0.009089561493136111,,,,,,False
03009,2014,314,4,33876,2021,0.9269099067186208,670.5136666666667,4.0,-0.11911355952033142,-0.008857967275313516,,,,,,False
03014,2014,3685,4,187658,2021,1.9636786068273135,1062.3679885673455,4.0,-0.01138703085102033,0.06311795675564646,,,,,,False
03031,2014,1345,4,60479,2021,2.223912432414557,1752.8022927689594,4.0,0.00670407876338408,0.04328448767896764,,,,,,False
03047,2014,838,4,26156,2021,3.2038538002752714,1428.7921708185054,4.0,-0.05915151369821148,-0.0843552875033382,,,,,,False
03059,2014,258,4,15357,2021,1.680015628052354,603.9601307189542,4.0,-0.11293155154218826,-0.03785368181979065,,,,,,False
03063,2014,1219,4,45237,2021,2.6946968189756175,1319.2584732824428,4.0,-0.03778435378873657,0.0724635234660832,,,,,,False
03065,2014,1524,4,116080,2021,1.3128876636802205,781.3732462173315,4.0,-0.03773313823244018,0.1840424391026606,,,,,,False
03066,2014,285,4,27488,2021,1.036816065192084,569.3755319148936,4.0,-0.08435429629214197,0.08542070565912652,,,,,,False
03082,2014,761,4,26819,2021,2.8375405496103507,1429.6356707317073,4.0,0.03411862289267442,0.1787332523491344,,,,,,False
03093,2014,149,4,13780,2021,1.0812772133526851,625.7155172413794,4.0,-0.10477949850091162,-0.025891388799997972,,,,,,False
03099,2014,3518,4,88508,2021,3.9747819406155376,998.8667215815485,4.0,-0.07397689178306177,-0.020019066469807223,,,,,,False
03104,2014,130,4,16474,2021,0.7891222532475416,649.2643939393939,4.0,-0.07625184872720647,0.06279943163285862,,,,,,False
03121,2014,922,4,45155,2021,2.041855829919167,1232.3191489361702,4.0,-0.06655588466712459,0.040583562366937054,,,,,,False
03122,2014,395,4,27151,2021,1.4548267098817722,931.4216836734694,4.0,-0.07750328043388954,0.1224627466739342,,,,,,False
03133,2014,4126,4,122736,2021,3.361686872637205,1041.5909333333332,4.0,-0.06896470321858506,0.016950984666915803,,,,,,False
03139,2014,507,4,25780,2021,1.9666408068269976,1225.4360606060604,4.0,-0.09251092953845874,-0.010773173827843707,,,,,,False
03140,2014,158,4,18609,2021,0.8490515342038798,653.9964646464647,4.0,-0.042174112294386834,0.0957793619228472,,,,,,False
04013,2014,1379,4,100957,2021,1.3659280683855504,1186.6383467992541,4.0,-0.09920838189117853,-0.0361279584287405,,,,,,False
04079,2014,1458,4,62150,2021,2.345937248592116,903.5013431013431,4.0,-0.10655609222198725,-0.009562491868027045,,,,,,False
04902,2014,775,4,40014,2021,1.9368221122607088,903.5715036803365,4.0,-0.12891460450141812,-0.0663975060215628,,,,,,False
05019,2014,457,4,34843,2021,1.3115977384266566,910.3389021479713,4.0,-0.12217612930705901,0.13758714918871884,,,,,,False
06011,2014,283,4,17292,2021,1.6365949572056442,690.7075829383886,4.0,-0.10037084678899388,0.036762609370069255,,,,,,False
06015,2014,1118,4,74594,2021,1.4987800627396306,1106.7501718213057,4.0,-0.04257600793471228,0.09998372445766024,,,,,,False
06044,2014,196,4,21262,2021,0.9218323770106293,806.885238095238,4.0,-0.04458260546298687,0.009110005879916505,,,,,,False
06083,2014,518,4,31358,2021,1.651891064481153,786.5425185185185,4.0,-0.0672292968766961,0.05272665557953449,,,,,,False
07011,2014,1034,4,36492,2021,2.8334977529321494,2392.8943925233643,4.0,-0.04296328232324664,-0.11110929333342012,,,,,,False
07015,2014,380,4,17887,2021,2.1244479230726228,1529.1458438287154,4.0,-0.052164770698956864,0.1009838318945745,,,,,,False
07026,2014,657,4,23938,2021,2.744590191327596,2352.9399092970525,4.0,-0.00013289785008729904,0.0003906589161410956,,,,,,False
07027,2014,174,4,15863,2021,1.0968921389396709,1088.416923076923,4.0,-0.060567763175054745,0.09403320173090002,,,,,,False
07031,2014,288,4,23312,2021,1.2354152367879203,1636.3583333333333,4.0,-0.014707522026667141,0.09603256803246951,,,,,,False
07032,2014,247,4,15173,2021,1.6278916496408093,1306.1823728813558,4.0,-0.04636690306953417,0.11580099757852957,,,,,,False
07033,2014,372,4,28571,2021,1.3020195302929545,1273.9031941031942,4.0,-0.023827302464086486,0.03429353637062871,,,,,,False
07036,2014,171,4,15048,2021,1.1363636363636365,1595.2660436137073,4.0,-0.01891960395468162,0.1565916011166415,,,,,,False
07040,2014,3582,4,186482,2021,1.920828819939726,1464.0019858897308,4.0,-0.06546543009771211,0.018862525162251065,,,,,,False
07054,2014,461,4,22810,2021,2.021043402016659,2271.195061728395,4.0,0.037922483626669834,0.12213139105816329,,,,,,False
08015,2014,1129,4,91915,2021,1.2283087635315237,1529.53113161729,4.0,-0.0769981227735963,0.16172247550971497,,,,,,False
08019,2014,12782,4,808751,2021,1.5804617243131693,2399.518269669067,4.0,-0.018811677175370134,0.06472062207633555,,,,,,False
08056,2014,504,4,28708,2021,1.7556081928382332,2084.13433908046,4.0,-0.04710911235734072,0.047820725557300436,,,,,,False
08073,2014,532,4,37034,2021,1.4365177944591456,1587.2111929307807,4.0,-0.06854050517286003,0.09505716410585896,,,,,,False
08077,2014,201,4,19420,2021,1.035015447991761,1840.2185897435895,4.0,-0.1455796763897651,0.04850404773211214,,,,,,False
08089,2014,299,4,20359,2021,1.4686379488187042,1820.182505399568,4.0,-0.08800483481289256,0.0018783857237969492,,,,,,False
08096,2014,524,4,26298,2021,1.9925469617461404,1428.062462908012,4.0,-0.09520418539213871,0.014525652629762131,,,,,,False
08101,2014,1789,4,110488,2021,1.6191803634783868,1439.5458955223883,4.0,-0.10291621204009826,0.06825134726353099,,,,,,False
08102,2014,203,4,18257,2021,1.111902284055431,1037.954054054054,4.0,-0.1442744197181306,-0.007467143616221028,,,,,,False
08113,2014,394,4,40136,2021,0.9816623480167431,1003.2675675675675,4.0,-0.17268414630861773,-0.09875282846550615,,,,,,False
08114,2014,138,4,10685,2021,1.2915301824988301,1287.3583333333333,4.0,-0.07142462143616235,0.04293556956539035,,,,,,False
08121,2014,886,4,52996,2021,1.6718242886255565,1319.0355011476663,4.0,-0.10176297779454346,0.13520184992985418,,,,,,False
08124,2014,220,4,20857,2021,1.054801745217433,1388.6245049504948,4.0,-0.08649360662929517,0.0633958679880573,,,,,,False
08125,2014,148,4,15304,2021,0.967067433350758,1357.648857142857,4.0,-0.07861810098537536,0.10510902065870475,,,,,,False
08169,2014,368,4,26518,2021,1.3877366317218494,1669.0852348993287,4.0,-0.1102901181136633,0.06593679812003272,,,,,,False
08172,2014,155,4,12313,2021,1.258832128644522,1564.591479820628,4.0,-0.09256866376475992,0.03687259054879155,,,,,,False
08180,2014,149,4,15427,2021,0.9658391132430155,1391.457907542579,4.0,-0.05219266795542277,0.11809381297511845,,,,,,False
08184,2014,363,4,32476,2021,1.1177484911934967,1282.3188325991189,4.0,-0.09999739650440964,0.06182700640451544,,,,,,False
08187,2014,1436,4,92772,2021,1.5478808261113266,1243.652312599681,4.0,-0.18183461620878638,-0.013370146180687548,,,,,,False
08194,2014,191,4,14877,2021,1.2838609934798682,1486.0466666666666,4.0,-0.1511274699801204,0.10498793965922903,,,,,,False
08200,2014,408,4,33904,2021,1.2033978291647003,1523.4544338335609,4.0,-0.09339839626129143,0.06347619709864316,,,,,,False
08205,2014,717,4,35770,2021,2.0044730220855467,2336.2821158690176,4.0,-0.08226161056610293,0.061240452411159496,,,,,,False
08211,2014,285,4,18719,2021,1.5225172284844275,1744.4310961968679,4.0,-0.08995794256187284,0.11627184483482367,,,,,,False
08217,2014,127,4,13577,2021,0.9354054651248435,1838.2342995169083,4.0,-0.11058995432178531,0.01540109337001161,,,,,,False
08231,2014,202,4,14150,2021,1.4275618374558303,1521.7987775061124,4.0,-0.08960012118600336,0.0976990730015449,,,,,,False
08245,2014,507,4,48100,2021,1.054054054054054,1326.9462240663902,4.0,-0.11723136537392587,0.07017801667513157,,,,,,False
08252,2014,195,4,13768,2021,1.4163277164439279,1402.708868501529,4.0,-0.11728473697434605,0.07601230611213639,,,,,,False
08263,2014,116,4,11530,2021,1.0060711188204683,1458.970695970696,4.0,-0.08206353651608445,0.02458803722821723,,,,,,False
08266,2014,309,4,23858,2021,1.2951630480342025,1631.7172645739909,4.0,-0.08066923322658237,0.056373413928107796,,,,,,False
08279,2014,1471,4,101134,2021,1.4545059030593075,1168.2578427787935,4.0,-0.07216179880923246,0.16640219768487075,,,,,,False
08298,2014,289,4,19836,2021,1.4569469651139342,1139.2784256559767,4.0,-0.03468617030665533,0.03692484749540559,,,,,,False
08301,2014,324,4,26586,2021,1.2186865267433988,1637.2878136200716,4.0,-0.088111561575967,0.028483366791922093,,,,,,False
08305,2014,258,4,18264,2021,1.4126149802890933,1082.5335329341317,4.0,-0.10500712168682469,0.0563513942197561,,,,,,False
08307,2014,447,4,33155,2021,1.348212939224853,1436.1945312500002,4.0,-0.10554627491177071,0.011195833165147495,,,,,,False
09018,2014,255,4,19708,2021,1.2938908057641567,1010.9428571428571,4.0,-0.16994632129170129,-0.12167635075717931,,,,,,False
09059,2014,1552,4,93766,2021,1.6551841818996225,1286.902647657841,4.0,-0.11740294026941467,0.03241228751693559,,,,,,False
09219,2014,247,4,21007,2021,1.1757985433426954,1059.6934615384614,4.0,-0.1633220610676076,0.009817892969026798,,,,,,False
10037,2014,793,4,53756,2021,1.4751841654885036,1099.054611211573,4.0,-0.05097842851104872,0.0048368500327643504,,,,,,False
10148,2014,231,4,22443,2021,1.0292741612083947,802.1045454545455,4.0,-0.07074227188173665,0.1137316462196789,,,,,,False
11004,2014,596,4,55815,2021,1.0678133118337365,937.0649227110582,4.0,-0.11125856179340698,0.04999269104398352,,,,,,False
11006,2014,202,4,15460,2021,1.3065976714100906,896.7964285714286,4.0,-0.10071984528698308,0.03757183278559817,,,,,,False
11012,2014,760,4,56479,2021,1.3456328901007455,1844.4411242603553,4.0,-0.036038454092007455,0.10430355485295895,,,,,,False
11015,2014,663,4,49229,2021,1.346767149444433,1267.1948139797069,4.0,-0.051916991736243534,0.1002144926194134,,,,,,False
11020,2014,1285,4,92974,2021,1.3821068255641362,969.1859434682965,4.0,-0.09164498866160398,0.01859188390853317,,,,,,False
11022,2014,426,4,30028,2021,1.4186759024910085,1017.7166666666667,4.0,-0.07240891252418202,0.10533215354751302,,,,,,False
11027,2014,591,4,49077,2021,1.204230087413656,1313.2336752136753,4.0,-0.12042188983381674,-0.1177510739004688,,,,,,False
11028,2014,143,4,18626,2021,0.7677440137442285,1042.4714285714285,4.0,-0.1400239046444106,-0.007046712155566404,,,,,,False
11030,2014,486,4,26868,2021,1.8088432335864224,1410.4089820359281,4.0,-0.042017753206104236,0.1180613014202122,,,,,,False
11031,2014,512,4,39564,2021,1.2941057527044788,1097.17898089172,4.0,-0.13360119843522877,0.004288843502829098,,,,,,False
11032,2014,444,4,34536,2021,1.2856150104239055,1093.4432372505544,4.0,-0.08297034301242945,0.08355701993980869,,,,,,False
11033,2014,532,4,19625,2021,2.710828025477707,1333.8429718875502,4.0,-0.11935391980567389,-0.039272770490266895,,,,,,False
12032,2014,282,4,20301,2021,1.3890941332939264,709.5875000000001,4.0,-0.0819168255357049,0.06564764925806177,,,,,,False
12040,2014,1110,4,91229,2021,1.216718368062787,938.801911764706,4.0,-0.08577757249833118,0.03056805034982557,,,,,,False
12126,2014,139,4,15906,2021,0.8738840689048158,683.0617647058824,4.0,-0.08331302166016696,0.10342175059518,,,,,,False
12135,2014,305,4,25363,2021,1.2025391318061744,731.0847826086956,4.0,-0.11505066945826448,-0.15868869242483097,,,,,,False
12138,2014,338,4,20887,2021,1.6182314358213243,934.6703812316715,4.0,-0.12075054698540089,-0.026785052530761577,,,,,,False
13005,2014,153,4,17129,2021,0.8932220211337498,743.6468085106384,4.0,-0.12617328351255475,-0.08510334422046129,,,,,,False
13034,2014,668,4,41592,2021,1.6060780919407578,1005.5203661327232,4.0,-0.13903608569225268,0.010458646101253244,,,,,,False
13071,2014,284,4,26589,2021,1.0681108729173718,723.5879807692307,4.0,-0.05714518102298061,0.07823917683260084,,,,,,False
13082,2014,305,4,19217,2021,1.587136389654993,607.3153571428571,4.0,-0.10918696342800949,0.018315233089456595,,,,,,False
13087,2014,241,4,17368,2021,1.3876093965914325,772.0899999999999,4.0,-0.07858323653093158,0.09865291995145764,,,,,,False
14021,2014,2190,4,155400,2021,1.4092664092664093,1373.3182989690722,4.0,-0.0979004518287877,0.10190148529756593,,,,,,False
14038,2014,237,4,21141,2021,1.121044416063573,782.8359712230216,4.0,-0.11284202119650955,0.06107272510162798,,,,,,False
14056,2014,148,4,14955,2021,0.9896355733868272,751.5225806451613,4.0,-0.049289258309567874,0.08218636868834661,,,,,,False
15005,2014,174,4,17841,2021,0.9752816546157727,869.9151515151515,4.0,-0.003986432076906854,0.12600820849820227,,,,,,False
15019,2014,146,4,19427,2021,0.7515313738611211,742.4018518518519,4.0,-0.05178275790928699,0.013902433421287608,,,,,,False
15030,2014,1589,4,136205,2021,1.1666238390661137,1537.328727770178,4.0,-0.05002845572608072,0.08159218874440233,,,,,,False
15031,2014,155,4,15752,2021,0.984002031488065,1141.7026455026455,4.0,-0.05227688989119317,0.01810260450198853,,,,,,False
15036,2014,348,4,42672,2021,0.8155230596175478,744.1478527607362,4.0,-0.025064704367234847,0.15400532489433771,,,,,,False
15054,2014,200,4,21735,2021,0.9201748332183115,793.6441666666667,4.0,-0.008865845628305058,0.14681562423543482,,,,,,False
15058,2014,276,4,19268,2021,1.4324268216732405,1163.3728624535315,4.0,-0.06640518245644722,-0.025029244063925482,,,,,,False
15073,2014,156,4,17097,2021,0.9124407790840499,832.7357894736841,4.0,-0.09707125199977684,0.07485918545455139,,,,,,False
15078,2014,548,4,56746,2021,0.9657068339618652,1551.3475218658893,4.0,-0.04444569537621568,0.033976218558700366,,,,,,False
16078,2014,406,4,31611,2021,1.284363038182911,1120.99180887372,4.0,-0.054401089830277916,0.08360649768947104,,,,,,False
17023,2014,343,4,25589,2021,1.340419711594826,1299.5724669603526,4.0,-0.04209279871471494,0.16264725494138677,,,,,,False
17066,2014,288,4,21062,2021,1.367391510777704,1063.9964435146444,4.0,-0.0345564786966055,0.12115099431969956,,,,,,False
17079,2014,614,4,50333,2021,1.2198756283154193,1398.8135313531352,4.0,-0.09241229354999236,0.05927737712195391,,,,,,False
17095,2014,432,4,25496,2021,1.6943834326953247,1491.818352059925,4.0,-0.11245071074106061,0.04213189849729426,,,,,,False
17114,2014,217,4,16713,2021,1.298390474480943,988.1828996282528,4.0,-0.08497044530677522,0.1897361521553046,,,,,,False
17155,2014,267,4,11642,2021,2.293420374506099,870.9105590062112,4.0,0.008021666017976381,0.2660337349169496,,,,,,False
18087,2014,1947,4,141257,2021,1.3783387725918008,1435.5331343283583,4.0,-0.0983118554711625,-0.08470620249167637,,,,,,False
18140,2014,543,4,32841,2021,1.6534210285923083,1026.6463458110516,4.0,-0.12872165988380802,-0.05770039321809084,,,,,,False
19130,2014,916,4,41937,2021,2.1842287240384386,1083.3417695473252,4.0,-0.06585911255080379,0.0753750066258061,,,,,,False
20030,2014,116,4,13535,2021,0.8570373106760251,1926.0,1.0,-0.07726087497222267,0.06287327134385412,,,,,,False
20045,2014,432,4,28045,2021,1.5403815296844356,2011.2697183098592,4.0,-0.18028367194215023,-0.11518784659563974,,,,,,False
20067,2014,238,4,17999,2021,1.322295683093505,2030.8640449438205,4.0,-0.1466186637050838,-0.04125832389420314,,,,,,False
20069,2014,1665,4,94733,2021,1.7575712792796596,3210.1510961214167,4.0,-0.09106369623929145,0.0038737229643371895,,,,,,False
21041,2014,894,4,68714,2021,1.3010449107896498,1083.3612244897959,4.0,-0.0841157733314869,-0.003488865968417798,,,,,,False
22125,2014,368,4,29309,2021,1.255587021051554,1059.1551829268292,4.0,-0.0523969826994416,0.09503748133111778,,,,,,False
23005,2014,177,4,20048,2021,0.8828810853950518,763.5912280701754,4.0,-0.12313727670739427,-0.020250460371964207,,,,,,False
23050,2014,580,4,58293,2021,0.9949736675072479,1152.00687593423,4.0,-0.06717202550862045,0.04249138255730944,,,,,,False
23055,2014,311,4,29385,2021,1.0583631104304918,841.1220183486239,4.0,-0.08853836866522846,-0.007514263253775022,,,,,,False
23092,2014,162,4,18318,2021,0.8843760235833606,863.6,4.0,-0.0891742943807805,0.05058551422893576,,,,,,False
24089,2014,919,4,79199,2021,1.1603681864670008,1220.1089456869008,4.0,-0.06455369303783831,0.008531428036813393,,,,,,False
24115,2014,385,4,42549,2021,0.9048391266539754,783.0670157068063,4.0,-0.1440605504739796,-0.016175452817158043,,,,,,False
24142,2014,151,4,17161,2021,0.8799021036070159,820.4024691358026,4.0,-0.10723811747367373,0.01765364133488634,,,,,,False
25120,2014,834,4,68299,2021,1.2211013338409054,948.3895620437954,4.0,-0.08033860086140254,0.06274017362704931,,,,,,False
26089,2014,1317,4,78908,2021,1.6690322907689967,1201.137717121588,4.0,-0.11164691310221175,0.034147030588626004,,,,,,False
27028,2014,630,4,62648,2021,1.005618694930405,885.9033684210526,4.0,-0.11716533093344317,0.021231065121100068,,,,,,False
28005,2014,1183,4,79588,2021,1.4864049856762327,1276.8418348623854,4.0,-0.08210687625759272,0.05305635859852087,,,,,,False
28006,2014,702,4,42744,2021,1.6423357664233578,2494.5333333333333,4.0,-0.0009669611401091904,0.0372068682262916,,,,,,False
28007,2014,1015,4,70601,2021,1.43765669041515,1501.656,4.0,-0.16141952896283573,-0.11187123970193502,,,,,,False
28013,2014,326,4,25682,2021,1.2693715442722528,1187.1,4.0,-0.09487421885241731,-0.024520552973839038,,,,,,False
28014,2014,350,4,21573,2021,1.6223983683307839,1207.371787709497,4.0,-0.07481948977511865,0.0057865005178235895,,,,,,False
28022,2014,513,4,19874,2021,2.581261950286807,1927.1174551386619,4.0,-0.029871378585861086,0.007139191998921657,,,,,,False
28045,2014,319,4,20461,2021,1.55906358438004,1491.1017167381974,4.0,-0.07400874655316769,0.030768984584081283,,,,,,False
28047,2014,418,4,27922,2021,1.497027433564931,1313.683407079646,4.0,-0.08984097408150193,0.046627517528311735,,,,,,False
28049,2014,377,4,31337,2021,1.2030507068321792,1535.4418397626116,4.0,-0.05582199892962847,0.06306422413346224,,,,,,False
28058,2014,1026,4,70944,2021,1.4462110960757781,1230.673398215734,4.0,-0.08608441627952357,0.06040564289727812,,,,,,False
28061,2014,136,4,15295,2021,0.8891794704151683,1267.5373076923076,4.0,-0.11420915717674107,-0.015319345358068337,,,,,,False
28065,2014,1433,4,79835,2021,1.7949520886829085,1382.4953613807984,4.0,-0.1127044797381681,0.012101595616230365,,,,,,False
28074,2014,1088,4,77962,2021,1.3955516790231137,1422.0105809128634,4.0,-0.07146472568642903,0.11321212115125256,,,,,,False
28079,2014,30206,4,1533221,2021,1.9701008530407553,2383.178486912872,4.0,-0.01981261827772751,0.039536153488448855,,,,,,False
28080,2014,537,4,25577,2021,2.0995425577667435,2329.9832391713744,4.0,-0.019207026313798448,0.11493141802942941,,,,,,False
28092,2014,1228,4,82103,2021,1.4956822527800446,1204.6752770673488,4.0,-0.080299960844741,0.09083555420491596,,,,,,False
28106,2014,715,4,47256,2021,1.5130353817504656,959.0456043956044,4.0,-0.11205097340494352,0.05649151999074964,,,,,,False
28113,2014,749,4,21507,2021,3.482587064676617,1470.7805309734513,4.0,-0.03791498739032839,0.13690259050763742,,,,,,False
28115,2014,657,4,32327,2021,2.032356853404275,2450.0362542955327,4.0,0.01224683306365959,0.09489882789208348,,,,,,False
28123,2014,583,4,35980,2021,1.6203446359088383,1526.0583333333334,4.0,-0.07948112032871801,0.013735616956543462,,,,,,False
28127,2014,745,4,35404,2021,2.1042820020336683,1989.6939711664481,4.0,-0.02288272063113339,0.024965585857921302,,,,,,False
28130,2014,173,4,15621,2021,1.1074835157800398,1516.1700507614214,4.0,-0.13645389907560257,-0.012656760601903905,,,,,,False
28134,2014,637,4,36032,2021,1.767873001776199,1761.2613026819922,4.0,-0.0650148740173776,0.056711797667652775,,,,,,False
28148,2014,1097,4,50494,2021,2.1725353507347407,1185.7716112531969,4.0,-0.10631735516059104,0.019368038828754486,,,,,,False
28161,2014,569,4,28896,2021,1.9691306755260243,1178.8613636363636,4.0,-0.1102595924805968,0.03459344300450662,,,,,,False
28181,2014,173,4,11252,2021,1.5375044436544614,1651.8878504672898,4.0,-0.08287415226833728,-0.025797900730001322,,,,,,False
28903,2014,348,4,18542,2021,1.8768201919965484,1848.4237588652481,4.0,-0.04512041361371433,0.21539588515152952,,,,,,False
29007,2014,229,4,17000,2021,1.3470588235294119,1199.4898113207546,4.0,-0.07528940510266424,0.06529871894827499,,,,,,False
29015,2014,209,4,20944,2021,0.9978991596638656,965.4851162790699,4.0,-0.07175558550813643,0.06911292849200346,,,,,,False
29025,2014,1865,4,48663,2021,3.8324805293549513,1331.0111410601976,4.0,-0.12710765920341682,0.021075825476179144,,,,,,False
29051,2014,2109,4,50366,2021,4.1873486081880635,1339.8162656400386,4.0,-0.007998867694943956,0.11110560055591401,,,,,,False
29054,2014,1323,4,48887,2021,2.70624092294475,1458.1734087694483,4.0,-0.028879279292273963,0.0947611064029017,,,,,,False
29067,2014,3932,4,261857,2021,1.5015829250316013,1270.034557299378,4.0,-0.11108989149469173,-0.0033551035045896738,,,,,,False
29069,2014,3982,4,100282,2021,3.970802337408508,1937.7456936565238,4.0,-0.017934208040723765,0.00043069986699739715,,,,,,False
29070,2014,2382,4,62030,2021,3.840077381911978,1195.6399710354815,4.0,-0.10584780084787548,0.030447725858665065,,,,,,False
29082,2014,448,4,27620,2021,1.6220130340333092,1227.3361502347416,4.0,-0.07550831855830109,0.03567715554489759,,,,,,False
29084,2014,206,4,19462,2021,1.0584729215907922,1007.185294117647,4.0,-0.06876386681934299,0.1393522977434174,,,,,,False
29094,2014,910,4,50454,2021,1.803623102231736,1067.9640891218874,4.0,-0.08329425457240147,0.10656891206455776,,,,,,False
29901,2014,1396,4,42938,2021,3.2511994037915133,1391.6561379310347,4.0,-0.03389804460375179,0.14152346997386311,,,,,,False
30003,2014,413,4,26137,2021,1.580135440180587,937.4563291139242,4.0,-0.0725018639231132,0.028940562355944666,,,,,,False
30005,2014,124,4,18107,2021,0.6848180261777214,757.6361516034985,4.0,-0.1423800249229037,-0.08248612787234333,,,,,,False
30015,2014,114,4,14630,2021,0.7792207792207793,667.8114942528736,4.0,-0.08730831072519463,0.10302449828705607,,,,,,False
30016,2014,1596,4,125253,2021,1.274220976743072,1013.2789237668162,4.0,-0.0761695386818465,0.04896747845293292,,,,,,False
30019,2014,136,4,16704,2021,0.814176245210728,857.904716981132,4.0,0.06317519958806561,0.23835037971383022,,,,,,False
30022,2014,280,4,13679,2021,2.0469332553549235,567.3286919831224,4.0,-0.08166819533016256,0.25203667361582693,,,,,,False
30024,2014,394,4,42431,2021,0.9285663783554476,844.5497005988025,4.0,-0.01024712153216878,0.11930494682356196,,,,,,False
30026,2014,802,4,31537,2021,2.5430446776801854,981.4817567567567,4.0,-0.10967020740873679,0.06638176525474171,,,,,,False
30027,2014,347,4,32908,2021,1.054454843806977,851.6787172011661,4.0,-0.06620073271387572,0.09981075186333688,,,,,,False
30030,2014,2625,4,219740,2021,1.1945936106307453,1015.4543753439735,4.0,-0.0779349527334523,-0.045233859557724965,,,,,,False
30035,2014,855,4,41372,2021,2.0666151020013537,1071.910751295337,4.0,-0.12469083867085706,0.01818370221369292,,,,,,False
30037,2014,541,4,21899,2021,2.4704324398374355,849.1630165289257,4.0,-0.11548028118209719,-0.021418121375744725,,,,,,False
30039,2014,166,4,15390,2021,1.078622482131254,816.9282296650717,4.0,-0.05375297505248966,0.0843542014675358,,,,,,False
30043,2014,198,4,19242,2021,1.028999064546305,644.0807843137254,4.0,-0.04335918598762334,0.10853183287536627,,,,,,False
31201,2014,1653,4,94761,2021,1.7443885142621964,1654.081198003328,4.0,-0.1082217012241734,0.04327011363234101,,,,,,False
31232,2014,193,4,17007,2021,1.1348268360087024,953.5137362637363,4.0,-0.19920812221070094,-0.11519889416927775,,,,,,False
32054,2014,516,4,67492,2021,0.7645350560066378,1146.843023255814,4.0,-0.04518582351985645,-0.003453859925957148,,,,,,False
33004,2014,419,4,42296,2021,0.9906374125212786,1208.1887362637362,4.0,-0.04818795958858879,0.034536363496314615,,,,,,False
33024,2014,1628,4,148955,2021,1.0929475344902824,1372.787142857143,4.0,-0.06990185329845378,0.08377959122663425,,,,,,False
33031,2014,223,4,25962,2021,0.858947692781758,824.8262443438914,4.0,-0.11253266741678114,-0.07850456027694308,,,,,,False
33037,2014,221,4,25878,2021,0.8540072648581807,939.9438848920864,4.0,-0.10302709698183687,-0.11354540132203239,,,,,,False
33044,2014,1301,4,127210,2021,1.022718339753164,1405.321505376344,4.0,-0.053319405058107394,0.059222046464625255,,,,,,False
33066,2014,247,4,29569,2021,0.8353343028171396,1021.3621621621622,4.0,-0.1324487349918334,-0.0464429156661289,,,,,,False
34120,2014,557,4,44610,2021,1.248598968841067,1241.6070528967255,4.0,-0.028853116442251858,0.058900021028353455,,,,,,False
35002,2014,168,4,14365,2021,1.1695092238078664,944.5452991452992,4.0,-0.06878900015795619,0.09128401365861694,,,,,,False
35004,2014,419,4,25339,2021,1.6535774892458266,1037.034378060725,4.0,0.031252962288847996,0.06905904552110465,,,,,,False
35006,2014,249,4,17003,2021,1.4644474504499205,931.1333333333333,4.0,-0.09044182492083375,0.0014203627742402913,,,,,,False
35011,2014,96,4,13881,2021,0.6915928247244435,871.9042253521127,4.0,-0.064315821555187,-0.018643687923456942,,,,,,False
35016,2014,1909,4,175181,2021,1.089730050633345,1347.674439834025,4.0,-0.004566961997539476,0.07753439128538853,,,,,,False
35017,2014,312,4,18683,2021,1.6699673499973238,875.8412162162163,4.0,-0.07172149377908099,0.02453768630284825,,,,,,False
35019,2014,1269,4,32766,2021,3.8729170481596777,1451.2704491725767,4.0,-0.07977489491822443,0.013995376068430931,,,,,,False
35022,2014,406,4,30372,2021,1.3367575398393257,852.3343898573693,4.0,-0.06695409699139865,0.03869183197150017,,,,,,False
35026,2014,362,4,46739,2021,0.7745137893408075,996.9072992700732,4.0,-0.07188836003875332,0.036869746692523186,,,,,,False
36026,2014,75,4,12577,2021,0.5963266279716943,869.9688311688312,2.0,-0.1989673136103306,-0.1546411302280184,,,,,,False
36038,2014,449,4,42646,2021,1.0528537260235427,1094.3770883054892,4.0,-0.055865478067786745,0.0660968671915525,,,,,,False
36045,2014,67,4,14215,2021,0.4713330988392543,913.969014084507,2.0,-0.0351852485120796,0.2513491414726061,,,,,,False
36057,2014,1422,4,144293,2021,0.9854947918471444,1393.4820054945055,4.0,-0.040148007659325025,0.04414529611939655,,,,,,False
36060,2014,191,4,21149,2021,0.9031159865714691,872.1004975124379,4.0,-0.01099667174569463,0.1656361487916379,,,,,,False
37274,2014,1183,4,92553,2021,1.2781865525698788,1509.0350418410042,4.0,-0.07458215648306521,0.04389306064210108,,,,,,False
38001,2014,1532,4,26798,2021,5.716844540637361,1330.813382352941,4.0,-0.09404329121056743,0.04388979806493265,,,,,,False
38006,2014,1787,4,53746,2021,3.3248985971049008,1064.0759537572253,4.0,-0.06221536750285628,0.05968723758278027,,,,,,False
38017,2014,524,4,24284,2021,2.157799374073464,873.2359570661896,4.0,-0.04559841225421202,0.16290421644976616,,,,,,False
38023,2014,672,4,74096,2021,0.9069315482617145,970.2537154989384,4.0,-0.07533491149581173,0.08788815477652112,,,,,,False
38026,2014,197,4,17819,2021,1.1055614793198272,945.924193548387,4.0,-0.09789565829721358,0.0031529063997667306,,,,,,False
38028,2014,540,4,20779,2021,2.5987776120121278,1333.8045454545454,4.0,-0.06130452696827582,0.02111186940996379,,,,,,False
38031,2014,196,4,17417,2021,1.12533731411839,965.3030303030303,4.0,-0.015534345736735289,0.050238744828524196,,,,,,False
38038,2014,869,4,97227,2021,0.8937846482972837,1167.724694376528,4.0,-0.0681201240326651,0.039660974301607754,,,,,,False
39016,2014,110,4,13768,2021,0.798954096455549,1198.324031007752,4.0,-0.09940477155758876,0.018769349142981562,,,,,,False
39020,2014,301,4,24994,2021,1.204289029367048,1726.932258064516,4.0,-0.12708769267168085,-0.07812326683598136,,,,,,False
39075,2014,1120,4,93407,2021,1.1990536041196056,1781.1559128630704,4.0,-0.013232896580177234,0.07326310604520314,,,,,,False
39087,2014,241,4,26596,2021,0.906151300947511,1021.8996587030716,4.0,-0.10959885543753223,0.053371798168954654,,,,,,False
40194,2014,307,4,29036,2021,1.0573081691693071,1417.1605363984672,4.0,-0.04515857803383505,-0.024585069511941837,,,,,,False
41004,2014,360,4,32822,2021,1.096825300103589,1017.8962598425197,4.0,-0.05777415146379761,0.0946303177740474,,,,,,False
41021,2014,175,4,13079,2021,1.3380227846165609,1050.642162162162,4.0,-0.11667723709722777,0.025002426718998327,,,,,,False
41024,2014,137,4,15565,2021,0.8801798907805974,1029.696894409938,4.0,-0.0451916019447165,0.0149407924203806,,,,,,False
41034,2014,163,4,13904,2021,1.1723245109321059,901.2225663716814,4.0,-0.07881356399039352,0.12959580615615218,,,,,,False
41038,2014,1338,4,56736,2021,2.3582910321489003,1087.6415384615384,4.0,-0.047057429271876616,0.1592340292935186,,,,,,False
41039,2014,170,4,18684,2021,0.9098694069792336,827.0506329113924,4.0,-0.05868017868633468,-0.061847405195939675,,,,,,False
41059,2014,512,4,19554,2021,2.618390099212437,1229.3259332023574,4.0,-0.018611330534741954,0.15924577303625742,,,,,,False
41065,2014,107,4,13352,2021,0.8013780707010185,905.05,4.0,-0.12120146969720524,-0.0636128972937342,,,,,,False
41069,2014,126,4,16512,2021,0.7630813953488372,942.6781690140845,4.0,-0.04796544696189109,0.001349992676381917,,,,,,False
41081,2014,137,4,16016,2021,0.8553946053946054,1001.2310000000001,4.0,-0.05478624492572237,0.09516717818391396,,,,,,False
41091,2014,5288,4,327393,2021,1.6151841975851653,1571.3162253759797,4.0,-0.04624696836932751,0.057482394655137936,,,,,,False
41095,2014,283,4,23030,2021,1.228831958315241,883.2847352024922,4.0,-0.07603679472468494,0.09775820955568182,,,,,,False
42173,2014,341,4,25244,2021,1.3508160354935825,1194.8248677248678,4.0,-0.10191852305529603,-0.07214176596687971,,,,,,False
43038,2014,565,4,31733,2021,1.7804808874042795,1498.855877034358,4.0,-0.0363038622056181,0.07724690466063666,,,,,,False
43123,2014,669,4,51284,2021,1.3045004289836986,961.540147179068,4.0,-0.07615420477516055,0.10551542374230283,,,,,,False
43148,2014,885,4,67200,2021,1.3169642857142858,1141.3169675090253,4.0,-0.08867876558126697,0.11373048979319134,,,,,,False
43155,2014,217,4,19654,2021,1.1041009463722398,743.9788194444445,4.0,-0.03737339504540438,0.06837269888616315,,,,,,False
43163,2014,537,4,31063,2021,1.728744808936677,1115.1640625,4.0,-0.08603495959005747,0.06406236620114691,,,,,,False
44216,2014,314,4,21490,2021,1.4611447184737087,1040.5856321839083,4.0,-0.05901961756138363,-0.09426552070078642,,,,,,False
45165,2014,689,4,43263,2021,1.5925848877793958,782.8260748959777,4.0,-0.08993531823551237,0.09342800889885394,,,,,,False
45168,2014,449,4,40498,2021,1.1086967257642353,1276.2663461538464,4.0,-0.09348195887712607,-0.024674526124216944,,,,,,False
46005,2014,140,4,13175,2021,1.0626185958254268,760.7485436893204,4.0,-0.09148313504810768,0.11064062222354298,,,,,,False
46017,2014,291,4,24652,2021,1.1804316079831252,703.8135983263597,4.0,-0.044416646340716626,0.13741273752289562,,,,,,False
46021,2014,115,4,14434,2021,0.796729943189691,887.3882882882883,4.0,-0.09120407989517476,0.03870478070490979,,,,,,False
46029,2014,189,4,14059,2021,1.3443345899423857,686.4722222222222,4.0,0.021888809043019153,0.24683299157495808,,,,,,False
46078,2014,196,4,17991,2021,1.0894336056917349,793.4618677042802,4.0,-0.12762014299163305,0.022524745089378073,,,,,,False
46102,2014,136,4,12037,2021,1.1298496303065548,837.5644067796611,3.0,-0.15932235201173184,0.055538222835151974,,,,,,False
46110,2014,172,4,13504,2021,1.2736966824644549,701.7564814814815,4.0,-0.12069186034262125,0.05575204736098671,,,,,,False
46131,2014,818,4,54541,2021,1.4997891494472049,848.7145903479236,4.0,-0.13347254584412838,-0.037782480165379106,,,,,,False
46145,2014,268,4,16908,2021,1.5850484977525432,749.4753623188406,4.0,-0.10387552719665682,0.05985543986538133,,,,,,False
46159,2014,131,4,14239,2021,0.9200084275581151,878.1666666666666,4.0,-0.09940010084531037,0.011589810663214517,,,,,,False
46169,2014,230,4,20270,2021,1.1346817957572768,910.9961165048543,4.0,-0.13419631081009853,0.052119303822114715,,,,,,False
46181,2014,312,4,21085,2021,1.4797249229309937,871.7914373088685,4.0,-0.1728116360865971,-0.17882073561743705,,,,,,False
46184,2014,247,4,19230,2021,1.284451378055122,560.2225694444445,4.0,-0.12057334448645152,0.04518926512914656,,,,,,False
46190,2014,368,4,33020,2021,1.1144760751059963,972.7385057471264,4.0,-0.09708398935597595,0.026453543075682595,,,,,,False
46220,2014,699,4,41287,2021,1.6930268607552015,782.0154761904762,4.0,-0.0731913505594547,0.10087438877745503,,,,,,False
46235,2014,289,4,25186,2021,1.1474628762010641,841.3805111821085,4.0,-0.07668300804437334,0.10301047978748612,,,,,,False
46244,2014,482,4,40564,2021,1.188245735134602,812.755625,4.0,-0.12493719351178989,0.043699124481326845,,,,,,False
46250,2014,6459,4,414988,2021,1.556430547389322,1187.5188798872844,4.0,-0.08231246808153336,0.0178741171007204,,,,,,False
47186,2014,2005,4,159363,2021,1.2581339457716032,1299.1931034482757,4.0,-0.07543139919365704,0.03246701168677568,,,,,,False
48013,2014,851,4,46654,2021,1.8240665323444936,1975.7414414414416,4.0,-0.15245124842132907,-0.08168825571003901,,,,,,False
48015,2014,194,4,19257,2021,1.0074258711118036,2158.487951807229,3.0,-0.11642997026482182,-0.03785591230229712,,,,,,False
48020,2014,2486,4,165685,2021,1.5004375773304766,2362.035401750199,4.0,-0.14087151860473823,-0.136838728817674,,,,,,False
48027,2014,202,4,13360,2021,1.5119760479041917,1998.3,1.0,-0.1634910739842761,-0.1383904843903796,,,,,,False
48044,2014,427,4,34366,2021,1.2425071291392655,2747.344255319149,4.0,-0.11977374676472652,-0.051420865699893015,,,,,,False
48054,2014,180,4,13804,2021,1.303969863807592,2206.75,2.0,-0.16688750488765436,-0.0458554265456429,,,,,,False
48078,2014,199,4,21560,2021,0.9230055658627088,2126.9827586206898,2.0,-0.11886294443447243,-0.025271587495233727,,,,,,False
48082,2014,230,4,21669,2021,1.0614241543218423,2177.97131147541,4.0,-0.11850133963258924,-0.06644863110507016,,,,,,False
48084,2014,130,4,13547,2021,0.9596220565438842,1563.9,1.0,-0.2504485330107571,-0.1823212829053421,,,,,,False
49275,2014,484,4,39710,2021,1.2188365650969528,1087.57475,4.0,-0.04828048455054734,0.07240634971128357,,,,,,False
50297,2014,4947,4,338961,2021,1.4594599378689583,1292.9442222222224,4.0,-0.08231459162123944,0.04889487427368,,,,,,False
51001,2014,457,4,28315,2021,1.6139855200423803,1779.464705882353,4.0,0.021928972527438972,0.04180906570357834,,,,,,False
52001,2014,451,4,29347,2021,1.5367839983643985,1477.4034055727557,4.0,-0.032621723572382355,0.025720279403625756,,,,,,False
01059,2015,1532,4,119853,2021,1.2782325014809808,1983.3919075144506,4.0,0.04168741804299314,0.14453541461529307,32848.0,,,,,False
02003,2015,1140,4,86881,2021,1.3121395932367261,1133.3341506129598,4.0,0.028029746404283573,0.12653680291464875,28507.0,,,,,False
02009,2015,125,4,13292,2021,0.9404152873909118,720.8515384615384,4.0,0.04300744867254491,0.17532066164227622,23797.0,,,,,False
02037,2015,149,4,16661,2021,0.8943040633815498,633.6738255033557,4.0,-0.03136131974103906,-0.021655216709478564,21006.0,,,,,False
02081,2015,102,4,15102,2021,0.6754072308303536,607.0574074074074,4.0,-0.049994707415880635,0.04847561243720111,22830.0,,,,,False
03009,2015,354,4,33876,2021,1.0449876018420121,669.5291066282421,4.0,-0.0014683668467477817,0.11764519267358364,23650.0,,,,,False
03014,2015,3869,4,187658,2021,2.061729316096303,1082.815261627907,4.0,0.0192468836416424,0.030633914492662728,26296.0,,,,,False
03031,2015,1330,4,60479,2021,2.199110435027034,1597.210088495575,4.0,-0.08876768641578525,-0.09547176517916933,20998.0,,,,,False
03047,2015,718,4,26156,2021,2.7450680532191467,1457.0002898550727,4.0,0.019742632702422824,0.0788941464006343,21063.0,,,,,False
03059,2015,169,4,15357,2021,1.1004753532591,618.7071942446042,4.0,0.024417279842785522,0.13734883138497378,20005.0,,,,,False
03063,2015,1263,4,45237,2021,2.79196233171961,1365.3911627906978,4.0,0.03496865128595483,0.0727530050746914,23074.0,,,,,False
03065,2015,1797,4,116080,2021,1.5480702963473467,806.4955700325733,4.0,0.03215150241815956,0.06988464065059974,22277.0,,,,,False
03066,2015,356,4,27488,2021,1.2951105937136205,552.5460410557185,4.0,-0.02955780485082493,0.05479649144131704,20473.0,,,,,False
03082,2015,942,4,26819,2021,3.512435213840934,1508.4935754189944,4.0,0.055159441179112756,0.021040818286438334,21969.0,,,,,False
03093,2015,135,4,13780,2021,0.9796806966618288,632.285925925926,4.0,0.010500632481537098,0.11528013098244871,24139.0,,,,,False
03099,2015,3773,4,88508,2021,4.262891490034799,1037.994211932324,4.0,0.039171883000389984,0.11314877478345176,20833.0,,,,,False
03104,2015,176,4,16474,2021,1.0683501274735947,662.0543859649123,4.0,0.019699204430286832,0.0959510531574933,20888.0,,,,,False
03121,2015,926,4,45155,2021,2.0507142066216364,1203.404887218045,4.0,-0.023463290125034786,0.0430925945420898,21016.0,,,,,False
03122,2015,421,4,27151,2021,1.5505874553423447,901.613881748072,4.0,-0.03200247798380351,0.04550080245008603,25296.0,,,,,False
03133,2015,4347,4,122736,2021,3.5417481423543213,1070.9002875629042,4.0,0.028139025880125734,0.09710372909871079,17326.0,,,,,False
03139,2015,495,4,25780,2021,1.9200930954228084,1254.9825214899713,4.0,0.024110977172728365,0.1166219067111871,22265.0,,,,,False
03140,2015,155,4,18609,2021,0.8329303025417809,624.1335443037975,4.0,-0.04566220454847625,-0.0034880922540894144,21904.0,,,,,False
04013,2015,1484,4,100957,2021,1.4699327436433334,1106.5244338498212,4.0,-0.06751333560517903,0.031695046285999506,25868.0,,,,,False
04079,2015,1547,4,62150,2021,2.489139179404666,931.9186611374406,4.0,0.03145243585200741,0.13800852807399466,22558.0,,,,,False
04902,2015,859,4,40014,2021,2.146748637976708,811.9965820312501,4.0,-0.10134773095000515,0.027566873551412963,21354.0,,,,,False
05019,2015,424,4,34843,2021,1.2168871796343599,884.0117096018736,4.0,-0.028920210356800036,0.09325591895025898,27274.0,,,,,False
06011,2015,278,4,17292,2021,1.6076798519546611,628.9166666666666,4.0,-0.08946031258098075,0.010910534208013134,20892.0,,,,,False
06015,2015,1191,4,74594,2021,1.59664316164839,1144.4808695652173,4.0,0.03409143156654837,0.07666743950126065,27750.0,,,,,False
06044,2015,245,4,21262,2021,1.1522904712632867,796.2455445544555,4.0,-0.01318612987132961,0.03139647559165726,23759.0,,,,,False
06083,2015,370,4,31358,2021,1.1799221889151095,794.016028708134,4.0,0.00950172433613905,0.07673102121283515,25484.0,,,,,False
07011,2015,1286,4,36492,2021,3.5240600679601006,2432.3677108433735,4.0,0.016496055339234372,0.059459337662481015,30316.0,,,,,False
07015,2015,486,4,17887,2021,2.7170570805613017,1583.5374179431071,4.0,0.03556990612367272,0.08773467682262959,27569.0,,,,,False
07026,2015,698,4,23938,2021,2.915865987133428,2417.1338056680165,4.0,0.02728242065057329,0.02741531850066059,34146.0,,,,,False
07027,2015,237,4,15863,2021,1.4940427409695518,1085.1453846153845,4.0,-0.0030057769152375124,0.05756198625981723,27379.0,,,,,False
07031,2015,364,4,23312,2021,1.5614275909402882,1574.4973557692308,4.0,-0.03780405324675373,-0.02309653122008659,30792.0,,,,,False
07032,2015,244,4,15173,2021,1.6081196862848481,1249.1582043343653,4.0,-0.04365712608814254,0.0027097769813916317,30568.0,,,,,False
07033,2015,398,4,28571,2021,1.3930208953134298,1245.0402144772117,4.0,-0.022657121639687472,0.0011701808243990142,28436.0,,,,,False
07036,2015,244,4,15048,2021,1.6214779372674109,1637.7706806282722,4.0,0.026644231026368814,0.04556383498105043,38101.0,,,,,False
07040,2015,4035,4,186482,2021,2.163747707553544,1513.2613890963407,4.0,0.033647087696177636,0.09911251779388974,32234.0,,,,,False
07054,2015,450,4,22810,2021,1.972818939061815,2343.212530120482,4.0,0.03170906348188396,-0.006213420144785875,29734.0,,,,,False
08015,2015,1453,4,91915,2021,1.5808083555458847,1471.9399763220204,4.0,-0.037652816673547584,0.039345306100048716,29062.0,,,,,False
08019,2015,13521,4,808751,2021,1.6718371909277392,2499.8554614003588,4.0,0.04181555648048052,0.060627233655850654,36477.0,,,,,False
08056,2015,609,4,28708,2021,2.1213598996795318,2112.5583950617283,4.0,0.013638303178579836,0.06074741553592056,39307.0,,,,,False
08073,2015,610,4,37034,2021,1.6471350650753362,1554.0667493796527,4.0,-0.020882188645562016,0.04765831652729802,29401.0,,,,,False
08077,2015,280,4,19420,2021,1.4418125643666324,1842.2157622739019,4.0,0.0010852909221998885,0.146664967311965,36753.0,,,,,False
08089,2015,371,4,20359,2021,1.822289896360332,1781.2627118644068,4.0,-0.021382357768908178,0.06662247704398438,34582.0,,,,,False
08096,2015,426,4,26298,2021,1.6198950490531598,1337.904496124031,4.0,-0.06313306954402353,0.03207111584811517,32487.0,,,,,False
08101,2015,2001,4,110488,2021,1.8110564043154007,1431.3082661996498,4.0,-0.005722380473148547,0.09719383156694972,27680.0,,,,,False
08102,2015,243,4,18257,2021,1.3309963301747274,1042.6578796561605,4.0,0.004531824490433101,0.1488062442085637,30715.0,,,,,False
08113,2015,469,4,40136,2021,1.1685270081722146,980.9935947712418,4.0,-0.02220142812981507,0.15048271817880265,29551.0,,,,,False
08114,2015,148,4,10685,2021,1.3851193261581656,1219.357281553398,4.0,-0.052822163044427106,0.018602458391735244,32151.0,,,,,False
08121,2015,872,4,52996,2021,1.6454072005434373,1321.4647302904564,4.0,0.0018416707819284284,0.10360464857647189,28315.0,,,,,False
08124,2015,220,4,20857,2021,1.054801745217433,1362.3884615384616,4.0,-0.018893547765073126,0.06760005886422205,30779.0,,,,,False
08125,2015,159,4,15304,2021,1.0389440669106116,1302.5382871536524,4.0,-0.04059265376261101,0.03802544722276435,29584.0,,,,,False
08169,2015,366,4,26518,2021,1.3801945848103174,1800.526365348399,4.0,0.07875040033949987,0.18904051845316316,31511.0,,,,,False
08172,2015,226,4,12313,2021,1.8354584585397546,1563.0539855072464,4.0,-0.0009826809957815819,0.09158598276897834,32356.0,,,,,False
08180,2015,215,4,15427,2021,1.393660465417774,1302.2824242424244,4.0,-0.06408780518387747,-0.0118951372284547,28666.0,,,,,False
08184,2015,557,4,32476,2021,1.715112698608203,1232.5209505334628,4.0,-0.03883424371513067,0.061163152789278974,30580.0,,,,,False
08187,2015,1664,4,92772,2021,1.7936446341568577,1217.3808414464534,4.0,-0.02112445004690322,0.16071016616188316,30507.0,,,,,False
08194,2015,207,4,14877,2021,1.3914095583787054,1448.0019157088122,4.0,-0.025601316439942012,0.12552615354017838,27603.0,,,,,False
08200,2015,512,4,33904,2021,1.510146295422369,1508.2888343558284,4.0,-0.009954744389414016,0.08344365187187741,30827.0,,,,,False
08205,2015,719,4,35770,2021,2.0100642996924796,2444.080802603037,4.0,0.04614112568075779,0.12840273624686072,55467.0,,,,,False
08211,2015,332,4,18719,2021,1.7735990170415086,1732.3415274463007,4.0,-0.006930379065658854,0.08302756349621399,35002.0,,,,,False
08217,2015,239,4,13577,2021,1.7603299698018708,1893.63595505618,4.0,0.030138516920194203,0.1407284712419795,37705.0,,,,,False
08231,2015,229,4,14150,2021,1.6183745583038869,1528.0474747474748,4.0,0.00410612581224612,0.09370624699824948,30772.0,,,,,False
08245,2015,647,4,48100,2021,1.345114345114345,1267.954841149773,4.0,-0.04445649857297129,0.07277486680095457,26122.0,,,,,False
08252,2015,211,4,13768,2021,1.532539221382917,1366.9248554913295,4.0,-0.025510648584140205,0.09177408839020584,32663.0,,,,,False
08263,2015,179,4,11530,2021,1.5524718126626194,1400.0212464589235,4.0,-0.04040482079220353,0.04165871572388091,31153.0,,,,,False
08266,2015,354,4,23858,2021,1.483779025903261,1613.5373161764708,4.0,-0.011141604487629464,0.0695276287389529,35889.0,,,,,False
08279,2015,1860,4,101134,2021,1.8391441058397768,1121.5559701492537,4.0,-0.03997565513316459,0.03218614367606787,30321.0,,,,,False
08298,2015,375,4,19836,2021,1.8905021173623715,1131.5962343096232,4.0,-0.006743032408368599,0.02794313789828673,32022.0,,,,,False
08301,2015,445,4,26586,2021,1.6738132851876928,1617.4711864406781,4.0,-0.012103325398592268,0.07600823617737473,32125.0,,,,,False
08305,2015,292,4,18264,2021,1.5987735435830048,1078.0272946859905,4.0,-0.004162677747198695,0.100844443939626,29862.0,,,,,False
08307,2015,481,4,33155,2021,1.450761574423164,1404.5116465863457,4.0,-0.022060301703056284,0.08348597320871443,31003.0,,,,,False
09018,2015,330,4,19708,2021,1.6744469251065557,1020.0197183098592,4.0,0.008978609525621684,0.17892493081732297,27759.0,,,,,False
09059,2015,1639,4,93766,2021,1.7479683467354905,1248.6849472674976,4.0,-0.02969742929653585,0.08770551097287882,31111.0,,,,,False
09219,2015,260,4,21007,2021,1.237682677202837,1012.9226086956522,4.0,-0.044136209706255314,0.11918585136135229,28036.0,,,,,False
10037,2015,697,4,53756,2021,1.296599449363792,1081.7094982078852,4.0,-0.01578184816909778,0.035196580341950945,28540.0,,,,,False
10148,2015,229,4,22443,2021,1.0203626966091877,808.2468926553673,4.0,0.00765778879527601,0.07840006067701266,24701.0,,,,,False
11004,2015,739,4,55815,2021,1.3240168413508913,983.442266824085,4.0,0.049492135484968,0.160750697278375,25787.0,,,,,False
11006,2015,152,4,15460,2021,0.9831824062095731,792.2702586206896,4.0,-0.11655506937872873,-0.015835224091745648,19488.0,,,,,False
11012,2015,857,4,56479,2021,1.5173781405478142,1775.8543820224718,4.0,-0.03718565007890273,-0.0011471959868952775,29346.0,,,,,False
11015,2015,1254,4,49229,2021,2.5472790428406022,1190.829502369668,4.0,-0.060263276622959494,-0.00834628488671596,22814.0,,,,,False
11020,2015,1482,4,92974,2021,1.5939940198335019,922.1542682926829,4.0,-0.048526988543919236,0.04311800011768474,23411.0,,,,,False
11022,2015,515,4,30028,2021,1.7150659384574398,994.3525812619505,4.0,-0.02295735755339523,0.04945155497078679,21678.0,,,,,False
11027,2015,667,4,49077,2021,1.3590887788577133,1335.018888888889,4.0,0.016588984950960173,0.13701087478477691,26462.0,,,,,False
11028,2015,205,4,18626,2021,1.1006120476752925,1014.7107758620689,4.0,-0.026629653291699307,0.1133942513527113,24912.0,,,,,False
11030,2015,507,4,26868,2021,1.8870031263957123,1400.5138211382114,4.0,-0.007015809615330881,0.035001943590773354,24195.0,,,,,False
11031,2015,581,4,39564,2021,1.4685067232837934,1078.2456558773424,4.0,-0.017256368691085933,0.11634482974414284,25819.0,,,,,False
11032,2015,499,4,34536,2021,1.4448691220755154,1063.988086642599,4.0,-0.02693797867552772,0.05603236433690173,18884.0,,,,,False
11033,2015,845,4,19625,2021,4.305732484076433,1346.7361581920904,4.0,0.009666195029160551,0.12902011483483444,24993.0,,,,,False
12032,2015,254,4,20301,2021,1.2511698931087138,717.4416901408451,4.0,0.011068670376584988,0.09298549591228988,24722.0,,,,,False
12040,2015,1213,4,91229,2021,1.3296210634776222,888.9479372937293,4.0,-0.053103827171872786,0.03267374532645839,27750.0,,,,,False
12126,2015,105,4,15906,2021,0.6601282534892493,661.6620689655174,4.0,-0.03132907863695089,0.05198394302321607,23606.0,,,,,False
12135,2015,314,4,25363,2021,1.238023893072586,688.639592760181,4.0,-0.058057821552596645,0.05699284790566783,26687.0,,,,,False
12138,2015,336,4,20887,2021,1.608656101881553,881.3128358208955,4.0,-0.05708701857061471,0.06366352841478617,23911.0,,,,,False
13005,2015,140,4,17129,2021,0.8173273395995097,745.5673913043478,4.0,0.002582654523262118,0.12875593803581686,26205.0,,,,,False
13034,2015,523,4,41592,2021,1.2574533564146952,990.1892271662763,4.0,-0.015246970109030422,0.12378911558322225,30630.0,,,,,False
13071,2015,309,4,26589,2021,1.1621347173643235,671.9449799196786,4.0,-0.0713707278479827,-0.0142255468250021,25269.0,,,,,False
13082,2015,250,4,19217,2021,1.300931466930322,614.2972762645915,4.0,0.011496365174398226,0.12068332860240771,20966.0,,,,,False
13087,2015,196,4,17368,2021,1.1285122063565178,734.1303664921465,4.0,-0.04916477808008568,0.029418458450845897,23533.0,,,,,False
14021,2015,2302,4,155400,2021,1.4813384813384813,1273.7961132437617,4.0,-0.07246840430220736,0.025432047526580348,27242.0,,,,,False
14038,2015,282,4,21141,2021,1.3339009507591884,819.6020648967551,4.0,0.04696525840054844,0.15980727959705798,20441.0,,,,,False
14056,2015,200,4,14955,2021,1.3373453694416584,788.1178343949044,4.0,0.04869481595393599,0.09798407426350386,20671.0,,,,,False
15005,2015,141,4,17841,2021,0.7903144442576089,864.9619266055047,4.0,-0.00569391727574764,-0.0017074851988407858,25474.0,,,,,False
15019,2015,128,4,19427,2021,0.6588768209193391,690.8629032258065,4.0,-0.06942190202985943,-0.017639144120572436,21632.0,,,,,False
15030,2015,1779,4,136205,2021,1.3061194522961712,1551.9224149895906,4.0,0.009492886560820368,0.05952134228690109,30880.0,,,,,False
15031,2015,183,4,15752,2021,1.1617572371762317,1053.8990867579907,4.0,-0.07690580300442273,-0.024628913113229567,28158.0,,,,,False
15036,2015,398,4,42672,2021,0.9326959130108736,710.6964187327824,4.0,-0.04495267157440741,-0.019887967207172563,26216.0,,,,,False
15054,2015,384,4,21735,2021,1.766735679779158,764.4055118110236,4.0,-0.036841012740566614,-0.027975167112261556,24821.0,,,,,False
15058,2015,232,4,19268,2021,1.2040689225659125,1116.3980456026059,4.0,-0.04037812670982943,0.02602705574661779,39963.0,,,,,False
15073,2015,182,4,17097,2021,1.064514242264725,826.2661111111111,4.0,-0.0077691849496009935,0.08930206705017585,27402.0,,,,,False
15078,2015,528,4,56746,2021,0.9304620589997533,1490.924586288416,4.0,-0.038948678310839924,0.005497017065375753,33195.0,,,,,False
16078,2015,429,4,31611,2021,1.357122520641549,1078.6976945244955,4.0,-0.0377291912522697,0.016671898578008215,28605.0,,,,,False
17023,2015,330,4,25589,2021,1.2896166321466256,1304.17875751503,4.0,0.0035444661008026124,0.04563726481551755,26015.0,,,,,False
17066,2015,311,4,21062,2021,1.4765929161523121,1000.5181818181819,4.0,-0.059660219809361426,-0.02510374111275593,26108.0,,,,,False
17079,2015,706,4,50333,2021,1.4026582957503029,1425.2895370370372,4.0,0.01892747324104782,0.11133976679104018,33591.0,,,,,False
17095,2015,504,4,25496,2021,1.9767806714778788,1496.046286701209,4.0,0.0028340813983458446,0.11528479213940646,23624.0,,,,,False
17114,2015,204,4,16713,2021,1.2206067133369234,955.2308139534885,4.0,-0.03334614036243766,0.05162430494433756,30713.0,,,,,False
17155,2015,255,4,11642,2021,2.1903453014945886,887.2043298969072,4.0,0.018708891196919986,0.010687225178943605,24858.0,,,,,False
18087,2015,2271,4,141257,2021,1.6077079365978324,1410.3644009779953,4.0,-0.01753267322675811,0.08077918224440439,28305.0,,,,,False
18140,2015,651,4,32841,2021,1.9822782497487896,1004.4676737160121,4.0,-0.0216030302796415,0.10711862960416652,22435.0,,,,,False
19130,2015,709,4,41937,2021,1.6906311848725468,1032.5755711775043,4.0,-0.04686074127007356,0.01899837128073023,31303.0,,,,,False
20030,2015,204,4,13535,2021,1.5072035463612856,2000.2347826086955,2.0,0.038543500835252154,0.11580437580747482,,,,,,False
20045,2015,415,4,28045,2021,1.479764663932965,1809.1131707317074,4.0,-0.10051190337019089,0.07977176857195933,,,,,,False
20067,2015,281,4,17999,2021,1.5611978443246848,1853.8953125,2.0,-0.08713962556204291,0.0594790381430409,,,,,,False
20069,2015,1817,4,94733,2021,1.9180222309015866,3084.5284530386743,4.0,-0.0391329377718459,0.05193075846744555,,,,,,False
21041,2015,1157,4,68714,2021,1.683790784992869,1004.5533870967741,4.0,-0.0727438232156924,0.011371950115794505,25672.0,,,,,False
22125,2015,497,4,29309,2021,1.6957248626701695,1007.1013123359579,4.0,-0.04914659478607053,0.0032503879133710667,30013.0,,,,,False
23005,2015,181,4,20048,2021,0.9028332003192339,730.9816037735848,4.0,-0.04270560359762765,0.08043167310976662,20551.0,,,,,False
23050,2015,627,4,58293,2021,1.0756008440121456,1105.991420118343,4.0,-0.03994373365052217,0.027228291858098275,28837.0,,,,,False
23055,2015,319,4,29385,2021,1.0855878849753275,810.541304347826,4.0,-0.036357048482498544,0.05218132018272992,24367.0,,,,,False
23092,2015,184,4,18318,2021,1.0044764712304837,858.4390476190476,4.0,-0.005976091223891089,0.08319820315688942,23577.0,,,,,False
24089,2015,922,4,79199,2021,1.164156113082236,1151.4013605442176,4.0,-0.05631266403345814,0.008241029004380174,29359.0,,,,,False
24115,2015,425,4,42549,2021,0.9988483865660768,777.7757180156657,4.0,-0.006757145410300036,0.13730340506367955,26013.0,,,,,False
24142,2015,159,4,17161,2021,0.9265194335994406,824.3653594771241,4.0,0.004830422250552191,0.11206853972422592,25743.0,,,,,False
25120,2015,997,4,68299,2021,1.4597578295436244,919.5271844660195,4.0,-0.030433040105984466,0.04990556075541808,29454.0,,,,,False
26089,2015,1459,4,78908,2021,1.8489886956962538,1160.7631894484412,4.0,-0.03361357078179217,0.07803334232041959,29748.0,,,,,False
27028,2015,593,4,62648,2021,0.9465585493551271,859.1611940298507,4.0,-0.03018633334566112,0.08697899758778205,27226.0,,,,,False
28005,2015,1320,4,79588,2021,1.6585414886666332,1267.2053036783575,4.0,-0.007547161223039445,0.07455971503455328,32136.0,,,,,False
28006,2015,760,4,42744,2021,1.778027325472581,2357.6805555555557,4.0,-0.05486107399290885,-0.05389411285279966,52826.0,,,,,False
28007,2015,944,4,70601,2021,1.3370915426127108,1481.7481724461106,4.0,-0.013257249032993745,0.148162279929842,31794.0,,,,,False
28013,2015,479,4,25682,2021,1.8651195389767152,1118.818062827225,4.0,-0.05751995381414776,0.03735426503826955,30499.0,,,,,False
28014,2015,511,4,21573,2021,2.3687016177629445,1174.7789915966387,4.0,-0.026994829964256617,0.047824659810862036,29550.0,,,,,False
28022,2015,626,4,19874,2021,3.149844017309047,1998.2113207547168,4.0,0.03689129867330254,0.06676267725916363,64348.0,,,,,False
28045,2015,350,4,20461,2021,1.7105713308244954,1470.336338797814,4.0,-0.013926198130740475,0.06008254842242722,38465.0,,,,,False
28047,2015,462,4,27922,2021,1.6546092686770288,1292.278093306288,4.0,-0.01629411900767075,0.07354685507383119,31648.0,,,,,False
28049,2015,537,4,31337,2021,1.713629256150876,1470.7762749445676,4.0,-0.04211528118058949,0.013706717749038977,33052.0,,,,,False
28058,2015,987,4,70944,2021,1.3912381596752368,1195.9122564935064,4.0,-0.028245626965387682,0.057838789314135886,28424.0,,,,,False
28061,2015,221,4,15295,2021,1.4449166394246487,1256.8032786885246,4.0,-0.008468412676014614,0.10574074450072646,37051.0,,,,,False
28065,2015,1408,4,79835,2021,1.763637502348594,1379.20947265625,4.0,-0.0023767810123185296,0.11032769872584958,30680.0,,,,,False
28074,2015,1381,4,77962,2021,1.7713757984659193,1429.4871602624178,4.0,0.0052577522628241,0.07672247794925313,29420.0,,,,,False
28079,2015,33286,4,1533221,2021,2.1709851352153406,2471.4750701276125,4.0,0.037049924585849325,0.05686254286357684,38539.0,,,,,False
28080,2015,560,4,25577,2021,2.1894670993470697,2373.5015873015877,4.0,0.01867753698764374,0.03788456330144219,60173.0,,,,,False
28092,2015,1338,4,82103,2021,1.6296603047391691,1185.1288611544462,4.0,-0.016225464475776552,0.06407449636896445,29582.0,,,,,False
28106,2015,826,4,47256,2021,1.7479261892669713,947.2138888888888,4.0,-0.0123369685992899,0.09971400480565362,25546.0,,,,,False
28113,2015,399,4,21507,2021,1.8552099316501605,1332.9982905982906,4.0,-0.09367967380148012,-0.05576468641115173,31695.0,,,,,False
28115,2015,680,4,32327,2021,2.1035048102205587,2461.987338129496,4.0,0.004877921219741177,-0.007368911843918413,76887.0,,,,,False
28123,2015,576,4,35980,2021,1.6008893829905504,1542.1672268907562,4.0,0.010555883222521656,0.09003700355123967,39732.0,,,,,False
28127,2015,859,4,35404,2021,2.4262795164388207,1980.806229860365,4.0,-0.004466888594366503,0.018415832036766888,59007.0,,,,,False
28130,2015,193,4,15621,2021,1.2355162921707956,1468.1134615384615,4.0,-0.03169604174599405,0.10475785732960852,31369.0,,,,,False
28134,2015,612,4,36032,2021,1.6984902309058614,1770.5602671118531,4.0,0.005279718810434764,0.07029459282781236,38676.0,,,,,False
28148,2015,954,4,50494,2021,1.8893333861448884,1196.1290625,4.0,0.008734777547808381,0.11505213270839942,30392.0,,,,,False
28161,2015,562,4,28896,2021,1.944905869324474,1167.038437001595,4.0,-0.010029106898795326,0.10023048558180148,32993.0,,,,,False
28181,2015,203,4,11252,2021,1.8041237113402062,1609.527843137255,4.0,-0.025643391782348757,0.05723076048598852,49702.0,,,,,False
28903,2015,438,4,18542,2021,2.3622047244094486,1878.2916083916084,4.0,0.016158550972476204,0.06127896458619053,51193.0,,,,,False
29007,2015,236,4,17000,2021,1.388235294117647,1149.8799999999999,4.0,-0.04135909355172385,0.033930311550940395,27973.0,,,,,False
29015,2015,259,4,20944,2021,1.2366310160427807,964.2442982456141,4.0,-0.0012851757241352235,0.07047040978400121,24596.0,,,,,False
29025,2015,1876,4,48663,2021,3.8550849721554363,1418.1910984848485,4.0,0.0654990440990666,0.19260670330248342,21986.0,,,,,False
29051,2015,2054,4,50366,2021,4.078147956955089,1329.5447013487476,4.0,-0.007666397665641256,0.00033247002930270053,22042.0,,,,,False
29054,2015,1287,4,48887,2021,2.632601714157138,1461.460779220779,4.0,0.002254444109020426,0.03113372340129439,21045.0,,,,,False
29067,2015,4776,4,261857,2021,1.8238962487159023,1291.855880929332,4.0,0.017181677068973,0.12827156856366473,25922.0,,,,,False
29069,2015,4435,4,100282,2021,4.422528469715402,1940.481442307692,4.0,0.001411820271423725,0.01934602831214749,23926.0,,,,,False
29070,2015,2374,4,62030,2021,3.827180396582299,1227.6930720783764,4.0,0.02680832175185266,0.13265612259972814,19854.0,,,,,False
29082,2015,552,4,27620,2021,1.998551774076756,1230.6981818181819,4.0,0.002739291581036918,0.07824761013933801,27989.0,,,,,False
29084,2015,255,4,19462,2021,1.3102456068235535,1022.5181818181819,4.0,0.015223502358587826,0.08398736917793082,23760.0,,,,,False
29094,2015,1075,4,50454,2021,2.1306536647243033,1086.3388750000001,4.0,0.0172054342138237,0.10049968878622517,21354.0,,,,,False
29901,2015,1287,4,42938,2021,2.9973450090828635,1397.4546321525886,4.0,0.004166614196934093,0.03806465880068588,23226.0,,,,,False
30003,2015,387,4,26137,2021,1.480659601331446,889.0379668049792,4.0,-0.05164865904175997,0.020853204881353227,22373.0,,,,,False
30005,2015,151,4,18107,2021,0.8339316286519026,727.4234200743496,4.0,-0.03987762656943605,0.10250239835346764,23875.0,,,,,False
30015,2015,145,4,14630,2021,0.9911141490088858,676.8121387283237,4.0,0.013477822039466014,0.10078613276466064,23210.0,,,,,False
30016,2015,1845,4,125253,2021,1.4730186103326866,959.9108773730118,4.0,-0.052668663229874846,0.02350087545197166,27499.0,,,,,False
30019,2015,190,4,16704,2021,1.1374521072796935,795.3830985915492,4.0,-0.0728771122853702,-0.1360523118734358,24245.0,,,,,False
30022,2015,242,4,13679,2021,1.7691351706996126,593.8043290043289,4.0,0.04666719204463243,0.128335387374795,21248.0,,,,,False
30024,2015,422,4,42431,2021,0.994555867172586,830.5191860465117,4.0,-0.016613012286124662,-0.006365890753955883,26137.0,,,,,False
30026,2015,885,4,31537,2021,2.8062276056695312,945.9525812619504,4.0,-0.036199527143744525,0.07347068026499226,19597.0,,,,,False
30027,2015,429,4,32908,2021,1.303634374620153,793.8562243502053,4.0,-0.06789237735208453,-0.0016916446382088113,28815.0,,,,,False
30030,2015,2733,4,219740,2021,1.2437426048966962,944.5706483723432,4.0,-0.06980493530063259,0.008130017432819714,28979.0,,,,,False
30035,2015,831,4,41372,2021,2.0086048535241225,1055.3896551724138,4.0,-0.015412753443286631,0.10927808522757043,24186.0,,,,,False
30037,2015,1236,4,21899,2021,5.644093337595324,822.8491289198606,4.0,-0.030988028325381944,0.08449225285671524,23974.0,,,,,False
30039,2015,165,4,15390,2021,1.0721247563352827,742.4129943502825,4.0,-0.09121393117402665,-0.03746095612153699,24193.0,,,,,False
30043,2015,167,4,19242,2021,0.8678931504001663,644.2600790513834,4.0,0.00027837305820122005,0.04363755904582456,21581.0,,,,,False
31201,2015,1603,4,94761,2021,1.691624191386752,1510.9215542521995,4.0,-0.0865493446899337,0.021672356534239712,37063.0,,,,,False
31232,2015,259,4,17007,2021,1.5229023343329218,918.1944162436548,4.0,-0.037041228329313114,0.16216689388138783,31084.0,,,,,False
32054,2015,554,4,67492,2021,0.8208380252474368,1185.9098924731181,4.0,0.034064704955344194,0.07925052847520064,27024.0,,,,,False
33004,2015,367,4,42296,2021,0.8676943446188765,1139.5260638297873,4.0,-0.056831081413889706,-0.008643121825300915,27856.0,,,,,False
33024,2015,2054,4,148955,2021,1.3789399483065354,1371.8232311977717,4.0,-0.0007021566776660437,0.06919969662078773,28420.0,,,,,False
33031,2015,320,4,25962,2021,1.232570680224944,816.3863281250001,4.0,-0.010232356543898313,0.10230031087288283,25985.0,,,,,False
33037,2015,177,4,25878,2021,0.6839786691398099,748.1409090909091,4.0,-0.20405790056626405,-0.10103080358442718,26063.0,,,,,False
33044,2015,1357,4,127210,2021,1.0667400361606791,1326.8289530685922,4.0,-0.05585380427714404,-0.0025343992190366427,31054.0,,,,,False
33066,2015,284,4,29569,2021,0.9604653522269945,1031.0283783783784,4.0,0.009464043778314002,0.1419127787701474,29186.0,,,,,False
34120,2015,540,4,44610,2021,1.21049092131809,1144.6000000000001,4.0,-0.0781302366722253,-0.04927712022997344,28412.0,,,,,False
35002,2015,164,4,14365,2021,1.1416637660981552,996.3637209302325,4.0,0.054860705814557376,0.12364970597251357,25528.0,,,,,False
35004,2015,489,4,25339,2021,1.9298314850625518,993.6102071005918,4.0,-0.04187341507553233,-0.07312637736438032,24462.0,,,,,False
35006,2015,203,4,17003,2021,1.1939069575957184,852.0378205128205,4.0,-0.08494542079957701,0.005496404121256737,26840.0,,,,,False
35011,2015,115,4,13881,2021,0.8284705712844896,810.4858536585366,4.0,-0.07044164933226782,-0.006125827777080817,24991.0,,,,,False
35016,2015,2125,4,175181,2021,1.2130310935546662,1358.89165232358,4.0,0.008323384459926864,0.01289034645746634,29208.0,,,,,False
35017,2015,412,4,18683,2021,2.2052132955092865,808.3786885245902,4.0,-0.07702597964397673,-0.005304485864895736,26817.0,,,,,False
35019,2015,1288,4,32766,2021,3.9309039858389796,1570.5672916666667,4.0,0.08220166169724297,0.1619765566154674,23536.0,,,,,False
35022,2015,424,4,30372,2021,1.3960226524430397,842.5973684210527,4.0,-0.011423945287419413,0.055530151703979236,23013.0,,,,,False
35026,2015,490,4,46739,2021,1.0483750187209824,938.9630363036304,4.0,-0.05812402317534349,0.013764336863409832,24971.0,,,,,False
36026,2015,63,4,12577,2021,0.5009143674962233,815.0429906542057,4.0,-0.06313541192140282,0.13583190168892778,24281.0,,,,,False
36038,2015,444,4,42646,2021,1.041129297003236,1109.887441860465,4.0,0.014172768893573773,0.07003824696136052,28682.0,,,,,False
36045,2015,88,4,14215,2021,0.6190643686246923,902.8052631578947,4.0,-0.012214583595916095,0.022970664916163508,28416.0,,,,,False
36057,2015,1480,4,144293,2021,1.0256907819506145,1305.625016371971,4.0,-0.0630485279150459,-0.02290052025572087,31077.0,,,,,False
36060,2015,212,4,21149,2021,1.0024114615348243,837.303664921466,4.0,-0.03990002607523524,-0.02890335432954061,24383.0,,,,,False
37274,2015,1233,4,92553,2021,1.3322096528475575,1502.2089439655174,4.0,-0.004523485330837018,0.07005867115222819,26948.0,,,,,False
38001,2015,1605,4,26798,2021,5.989252929323084,1415.6993074792244,4.0,0.06378499514049141,0.15782828635105883,21928.0,,,,,False
38006,2015,1818,4,53746,2021,3.3825773080787407,1188.702541296061,4.0,0.1171218906872038,0.17933725819006008,19418.0,,,,,False
38017,2015,555,4,24284,2021,2.285455443913688,908.5451669595782,4.0,0.04043490148071416,0.08603331373492618,22004.0,,,,,False
38023,2015,613,4,74096,2021,0.8273051176851652,994.181593110872,4.0,0.024661464552732104,0.09999637604854383,26781.0,,,,,False
38026,2015,146,4,17819,2021,0.8193501318816994,963.776213592233,4.0,0.01887256945704996,0.11676822775426354,24282.0,,,,,False
38028,2015,494,4,20779,2021,2.3774002598777613,1352.7285714285713,4.0,0.014188005310460827,0.07549253227873665,23620.0,,,,,False
38031,2015,172,4,17417,2021,0.9875409083079749,931.5074285714287,4.0,-0.0350103549566112,-0.01947600921987591,22274.0,,,,,False
38038,2015,924,4,97227,2021,0.9503532969236941,1167.35663915979,4.0,-0.0003151900602176294,0.06780493397244747,27548.0,,,,,False
39016,2015,128,4,13768,2021,0.9296920395119117,1155.5905325443787,4.0,-0.0356610544039877,0.06374371715360105,29721.0,,,,,False
39020,2015,410,4,24994,2021,1.6403936944866768,1730.5705685618727,4.0,0.0021068055682940123,0.12919449823997486,27931.0,,,,,False
39075,2015,1261,4,93407,2021,1.350005888209663,1629.805272407733,4.0,-0.08497326896669766,-0.07174037238652042,30940.0,,,,,False
39087,2015,240,4,26596,2021,0.9023913370431644,977.524513618677,4.0,-0.043424170569459464,0.06617468486807276,25433.0,,,,,False
40194,2015,538,4,29036,2021,1.8528722964595674,1363.9187692307692,4.0,-0.037569326692518,0.007589251341317049,29711.0,,,,,False
41004,2015,419,4,32822,2021,1.2765827798427885,995.4780201342282,4.0,-0.022024090855545353,0.035750060608252254,23916.0,,,,,False
41021,2015,137,4,13079,2021,1.047480694242679,1000.4217821782179,4.0,-0.047799699833665055,0.06887753726356272,21849.0,,,,,False
41024,2015,154,4,15565,2021,0.9893992932862191,984.0427860696516,4.0,-0.04433742452573708,0.0008541774189794182,21881.0,,,,,False
41034,2015,102,4,13904,2021,0.733601841196778,868.2657142857142,4.0,-0.03656904888506218,0.04224451510533134,20702.0,,,,,False
41038,2015,1036,4,56736,2021,1.8260011280315849,1052.707164480323,4.0,-0.03211938193407904,0.014938047337797578,26746.0,,,,,False
41039,2015,190,4,18684,2021,1.0169128666238494,841.942372881356,4.0,0.018005838309489652,0.07668601699582434,20602.0,,,,,False
41059,2015,445,4,19554,2021,2.27574920732331,1224.9654411764707,4.0,-0.0035470593339943512,0.015064271200747603,32003.0,,,,,False
41065,2015,125,4,13352,2021,0.9361893349310965,909.121052631579,4.0,0.004498152181182213,0.12569962187838746,21856.0,,,,,False
41069,2015,157,4,16512,2021,0.9508236434108527,875.2966292134831,4.0,-0.07147883765153218,-0.02351339068964109,19128.0,,,,,False
41081,2015,171,4,16016,2021,1.0676823176823176,1011.1742081447964,4.0,0.009930983104594393,0.06471722803031676,22710.0,,,,,False
41091,2015,5888,4,327393,2021,1.798450180669715,1589.2367748802553,4.0,0.011404801410987542,0.057651769780315054,28852.0,,,,,False
41095,2015,306,4,23030,2021,1.3287016934433349,884.6483695652175,4.0,0.0015438219504753103,0.07758061667516025,21528.0,,,,,False
42173,2015,325,4,25244,2021,1.2874346379337664,1195.2233009708739,4.0,0.00033346581308180134,0.10225198886837783,30472.0,,,,,False
43038,2015,614,4,31733,2021,1.9348942740995179,1499.7668135095448,4.0,0.0006077545474147961,0.036911616753032894,28876.0,,,,,False
43123,2015,744,4,51284,2021,1.4507448716948756,963.946241457859,4.0,0.002502333663185974,0.07865653843834652,28584.0,,,,,False
43148,2015,1003,4,67200,2021,1.4925595238095237,1093.8874543239951,4.0,-0.04155682823900109,0.047121937342265885,32065.0,,,,,False
43155,2015,194,4,19654,2021,0.987076422102371,717.3407051282051,4.0,-0.03580493640414539,0.0015684586412589852,27319.0,,,,,False
43163,2015,515,4,31063,2021,1.6579209992595694,1120.564338781575,4.0,0.004842584569546338,0.09087754415960381,25684.0,,,,,False
44216,2015,336,4,21490,2021,1.5635179153094463,1014.8120418848168,4.0,-0.024768351111094655,0.034251266450288975,31377.0,,,,,False
45165,2015,645,4,43263,2021,1.4908813535815824,739.8384823848239,4.0,-0.05491333757229033,0.03502198066322204,23057.0,,,,,False
45168,2015,563,4,40498,2021,1.3901921082522595,1259.9066413662238,4.0,-0.012818409603077119,0.08066354927404895,34091.0,,,,,False
46005,2015,193,4,13175,2021,1.4648956356736242,710.2638497652582,4.0,-0.06636186732508487,0.02512126772302281,23008.0,,,,,False
46017,2015,291,4,24652,2021,1.1804316079831252,719.8838888888888,4.0,0.022833162929422723,0.06724980927013935,25346.0,,,,,False
46021,2015,230,4,14434,2021,1.593459886379382,843.1831730769231,4.0,-0.049814850832248236,0.041389229062926525,23582.0,,,,,False
46029,2015,182,4,14059,2021,1.2945444199445195,666.1,4.0,-0.029676688382632488,-0.05156549742565164,24200.0,,,,,False
46078,2015,240,4,17991,2021,1.3340003335000834,730.3330508474577,4.0,-0.07956124853166902,0.04805889445996403,22691.0,,,,,False
46102,2015,117,4,12037,2021,0.9720029907784332,851.6127450980392,4.0,0.01677284541303803,0.17609519742476987,23253.0,,,,,False
46110,2015,222,4,13504,2021,1.643957345971564,700.287684729064,4.0,-0.002093029122177348,0.1185988312204439,22773.0,,,,,False
46131,2015,972,4,54541,2021,1.7821455418859207,812.0685101580135,4.0,-0.04317833180514474,0.09029421403898363,23753.0,,,,,False
46145,2015,201,4,16908,2021,1.1887863733144073,726.7429133858268,4.0,-0.03033114906229961,0.07354437813435721,24952.0,,,,,False
46159,2015,180,4,14239,2021,1.2641337172554252,846.2877551020408,4.0,-0.03630166433626014,0.06309843650905023,23419.0,,,,,False
46169,2015,247,4,20270,2021,1.2185495806610755,906.2401929260451,4.0,-0.005220575030611352,0.12897573577948718,24642.0,,,,,False
46181,2015,379,4,21085,2021,1.7974863647142518,792.568581081081,4.0,-0.09087363426319073,0.08193800182340638,22748.0,,,,,False
46184,2015,269,4,19230,2021,1.3988559542381696,617.0040404040404,4.0,0.10135520069443893,0.22192854518089045,23985.0,,,,,False
46190,2015,466,4,33020,2021,1.411265899454876,928.4315884476534,4.0,-0.045548641323129635,0.05153534803284632,27870.0,,,,,False
46220,2015,662,4,41287,2021,1.6034102744205199,747.5911347517731,4.0,-0.04402002580102182,0.02917132475843287,26195.0,,,,,False
46235,2015,327,4,25186,2021,1.2983403478122766,876.8517684887458,4.0,0.0421584013834615,0.11884140942783483,24124.0,,,,,False
46244,2015,592,4,40564,2021,1.4594221477171876,748.2012718600954,4.0,-0.07942652275080175,0.04551067076098814,25273.0,,,,,False
46250,2015,7415,4,414988,2021,1.786798654418923,1156.4217534066654,4.0,-0.026186637540929536,0.05612583054060383,29987.0,,,,,False
47186,2015,2094,4,159363,2021,1.3139812880028614,1228.6832061068703,4.0,-0.05427206868190748,0.021159330511749563,30246.0,,,,,False
48013,2015,763,4,46654,2021,1.6354439062031123,1838.111656441718,4.0,-0.0696598158609828,0.08279143256034627,29570.0,,,,,False
48015,2015,333,4,19257,2021,1.7292413148465493,1844.3181818181818,4.0,-0.1455508564344793,-0.029120886169657467,28963.0,,,,,False
48020,2015,3629,4,165685,2021,2.1903008721368864,2310.4291721419186,4.0,-0.021848203278427514,0.11902331532631072,34217.0,,,,,False
48027,2015,248,4,13360,2021,1.8562874251497006,1941.7000000000003,1.0,-0.028324075464144394,0.1351669985201317,37780.0,,,,,False
48036,2015,168,4,13683,2021,1.2278009208506906,1861.827659574468,2.0,-0.19924452416776361,-0.1031247828314158,35137.0,,,,,False
48044,2015,544,4,34366,2021,1.5829599022289471,2746.059021406728,4.0,-0.0004678095618824152,0.1193059372028441,48830.0,,,,,False
48054,2015,363,4,13804,2021,2.629672558678644,2279.5315789473684,3.0,0.0329813431278434,0.19986884801549776,37120.0,,,,,False
48078,2015,234,4,21560,2021,1.085343228200371,2069.0513513513515,4.0,-0.027236425417432986,0.09162651901703944,30730.0,,,,,False
48082,2015,271,4,21669,2021,1.2506345470487794,2149.8067226890757,4.0,-0.012931570144170013,0.10556976948841923,29619.0,,,,,False
48084,2015,177,4,13547,2021,1.3065623385251348,1680.3329268292682,3.0,0.07445036564311547,0.32489889865387256,26573.0,,,,,False
49275,2015,469,4,39710,2021,1.181062704608411,1039.8919354838708,4.0,-0.04384325262804156,0.00443723192250578,26076.0,,,,,False
50297,2015,5617,4,338961,2021,1.6571227958378691,1288.9765995525727,4.0,-0.0030686727249767953,0.07924591889626265,31385.0,,,,,False
51001,2015,505,4,28315,2021,1.7835069751015362,1720.729945054945,4.0,-0.03300698273657765,-0.05493595526401662,35577.0,,,,,False
52001,2015,467,4,29347,2021,1.5913040515214503,1469.3317708333334,4.0,-0.005463392536511069,0.027158331035871286,35196.0,,,,,False
01059,2016,1920,4,119853,2021,1.6019624039448324,1918.8133986928106,4.0,-0.03255963109306448,-0.07424704913605762,33264.0,0.012664393570384735,-0.045224024663449214,,,True
02003,2016,1257,4,86881,2021,1.446806551489969,1093.5709032773782,4.0,-0.03508519293632484,-0.06311493934060841,29160.0,0.022906654505910895,-0.05799184744223573,,,True
02009,2016,132,4,13292,2021,0.9930785434848028,658.0374100719424,4.0,-0.08713878661292129,-0.1301462352854662,24855.0,0.04445938563684493,-0.13159817224976622,,,True
02037,2016,112,4,16661,2021,0.6722285577096213,646.5852564102563,4.0,0.020375515584290405,0.05173683532532947,21389.0,0.018232885842140334,0.0021426297421500706,,,True
02081,2016,116,4,15102,2021,0.7681101840815786,602.9024590163934,3.0,-0.0068444076957379085,0.043150299720142726,24035.0,0.05278142794568552,-0.05962583564142343,,,True
03009,2016,535,4,33876,2021,1.5792891722753573,591.4145922746782,4.0,-0.11667082667540729,-0.11520245982865951,24402.0,0.031797040169133206,-0.1484678668445405,,,True
03014,2016,4573,4,187658,2021,2.436879855908088,1063.9199063962558,4.0,-0.017450211408402083,-0.03669709505004448,26992.0,0.026467903863705455,-0.04391811527210754,,,True
03031,2016,1561,4,60479,2021,2.5810611947948874,1570.9709720372837,4.0,-0.016428093365604912,0.07233959305018034,21781.0,0.03728926564434709,-0.053717359009952004,,,True
03047,2016,909,4,26156,2021,3.4753020339501455,1471.5692840646652,4.0,0.009999307694744441,-0.009743325007678383,20945.0,-0.0056022408963585235,0.015601548591102965,,,True
03059,2016,215,4,15357,2021,1.4000130233769617,623.1021978021978,4.0,0.007103527481944871,-0.01731375236084065,20929.0,0.0461884528867782,-0.039084925404833326,,,True
03063,2016,1431,4,45237,2021,3.163339744014855,1360.5944751381217,4.0,-0.0035130501670834757,-0.03848170145303831,23635.0,0.024313079656756553,-0.02782612982384003,,,True
03065,2016,2176,4,116080,2021,1.8745692625775328,814.9899220779221,4.0,0.010532422447163237,-0.021619079970996324,23123.0,0.03797638820307947,-0.027443965755916233,,,True
03066,2016,450,4,27488,2021,1.6370779976717114,520.1857142857143,4.0,-0.058565846763059204,-0.029008041912234273,21185.0,0.03477751184486877,-0.09334335860792797,,,True
03082,2016,897,4,26819,2021,3.3446437227338826,1561.2728426395938,4.0,0.0349880623163672,-0.02017137886274556,21885.0,-0.0038235695753107146,0.03881163189167791,,,True
03093,2016,173,4,13780,2021,1.25544267053701,598.7056994818653,4.0,-0.05310924230186764,-0.06360987478340474,24783.0,0.026678818509465962,-0.0797880608113336,,,True
03099,2016,3830,4,88508,2021,4.327292448140281,1048.963112391931,4.0,0.010567400408897587,-0.028604482591492397,21354.0,0.025008400134402198,-0.01444099972550461,,,True
03104,2016,206,4,16474,2021,1.250455262838412,655.5219101123596,4.0,-0.00986697768497058,-0.02956618211525741,21825.0,0.04485829184220602,-0.0547252695271766,,,True
03121,2016,1070,4,45155,2021,2.3696157679105303,1204.4820754716982,4.0,0.000895117067492901,0.024358407192527687,21517.0,0.023838979824895246,-0.022943862757402345,,,True
03122,2016,502,4,27151,2021,1.8489190085079739,902.8375271149675,4.0,0.0013571722792500296,0.03335965026305354,26037.0,0.02929316888045541,-0.027935996601205382,,,True
03133,2016,5278,4,122736,2021,4.300286794420545,1084.5630221130223,4.0,0.012758176189504145,-0.01538084969062159,17838.0,0.029550963869329427,-0.016792787679825283,,,True
03139,2016,580,4,25780,2021,2.2498060512024827,1242.5927807486632,4.0,-0.009872440873995969,-0.033983418046724334,22922.0,0.029508196721311553,-0.03938063759530752,,,True
03140,2016,217,4,18609,2021,1.1661024235584931,586.9550561797753,4.0,-0.05956816207578419,-0.013905957527307944,22785.0,0.04022096420745069,-0.09978912628323489,,,True
04013,2016,1808,4,100957,2021,1.7908614558673495,1073.1242115971518,4.0,-0.030184803182757847,0.03732853242242118,26510.0,0.02481830833462184,-0.05500311151737969,,,True
04079,2016,1603,4,62150,2021,2.579243765084473,942.1520982599797,4.0,0.01098104110293141,-0.020471394749076,23421.0,0.0382569376717794,-0.02727589656884799,,,True
04902,2016,884,4,40014,2021,2.2092267706302793,822.78775671406,4.0,0.013289679934138654,0.11463741088414381,22007.0,0.03057975086634812,-0.017290070932209467,,,True
05019,2016,481,4,34843,2021,1.3804781448210544,881.5995327102804,4.0,-0.0027286707465442595,0.026191539610255776,27700.0,0.015619271100681953,-0.018347941847226212,,,True
06011,2016,332,4,17292,2021,1.9199629886652787,678.0763713080169,4.0,0.07816568910775179,0.16762600168873254,21122.0,0.011008998659774116,0.06715669044797767,,,True
06015,2016,1348,4,74594,2021,1.807115853822023,1061.1499999999999,4.0,-0.07281106375930457,-0.10690249532585294,28322.0,0.020612612612612713,-0.09342367637191729,,,True
06044,2016,240,4,21262,2021,1.128774339196689,738.3278301886793,4.0,-0.07273850982511232,-0.05955237995378271,24292.0,0.02243360410791695,-0.09517211393302927,,,True
06083,2016,472,4,31358,2021,1.5051980355890044,763.8894607843138,4.0,-0.03794201481402859,-0.04744373915016764,25889.0,0.015892324595824903,-0.05383433940985349,,,True
07011,2016,1615,4,36492,2021,4.425627534802149,2439.27550802139,4.0,0.0028399477378449056,-0.013656107601389467,31519.0,0.03968201609711053,-0.03684206835926562,,,True
07015,2016,525,4,17887,2021,2.9350925252977023,1551.632183908046,4.0,-0.020148077130064612,-0.055717983253737335,28766.0,0.04341833218470015,-0.06356640931476476,,,True
07026,2016,663,4,23938,2021,2.769654941933328,2682.8491283676703,4.0,0.10992991868160917,0.08264749803103588,35964.0,0.053241960991038395,0.05668795769057078,,,True
07027,2016,307,4,15863,2021,1.9353211876694194,1077.611330049261,4.0,-0.006942898779221163,-0.00393712186398365,29173.0,0.06552467219401725,-0.07246757097323842,,,True
07031,2016,497,4,23312,2021,2.131949210706932,1578.9813492063493,4.0,0.0028478888330223384,0.04065194207977607,32097.0,0.0423811379579111,-0.03953324912488876,,,True
07032,2016,335,4,15173,2021,2.2078692414156724,1229.3262886597938,4.0,-0.01587622416901091,0.02778090191913163,31565.0,0.032615807380266926,-0.048492031549277836,,,True
07033,2016,572,4,28571,2021,2.002030030450457,1263.7132,4.0,0.01499789750215319,0.03765501914184066,30011.0,0.055387536925024516,-0.040389639422871326,,,True
07036,2016,313,4,15048,2021,2.0800106326422116,1691.149770642202,4.0,0.03259252998316753,0.005948298956798714,39660.0,0.040917561218865695,-0.008325031235698166,,,True
07040,2016,5292,4,186482,2021,2.8378074023230124,1558.2391473662635,4.0,0.02972239865102333,-0.003924689045154306,33884.0,0.0511881863870447,-0.02146578773602137,,,True
07054,2016,576,4,22810,2021,2.525208241999123,2532.794491525424,4.0,0.08090685713224399,0.04919779365036003,31500.0,0.059393287146028095,0.021513569986215897,,,True
08015,2016,1882,4,91915,2021,2.047543926453789,1542.979728651237,4.0,0.0482626693153112,0.08591548598885879,29847.0,0.02701121739728851,0.02125145191802269,,,True
08019,2016,16636,4,808751,2021,2.056999002165067,2695.6028969042886,4.0,0.07830350135294495,0.03648794487246443,37371.0,0.024508594456780886,0.05379490689616406,,,True
08056,2016,807,4,28708,2021,2.8110631182945522,2301.0090382387025,4.0,0.08920493919481354,0.0755666360162337,42164.0,0.07268425471290096,0.016520684481912573,,,True
08073,2016,678,4,37034,2021,1.8307501215099637,1572.698787878788,4.0,0.01198921378800022,0.032871402433562236,30281.0,0.02993095472943108,-0.01794174094143086,,,True
08077,2016,409,4,19420,2021,2.106076210092688,1898.439211136891,4.0,0.03051947009376943,0.02943417917156954,38952.0,0.059831850461186775,-0.029312380367417346,,,True
08089,2016,462,4,20359,2021,2.2692666633921115,1910.4537906137186,4.0,0.07252780731826491,0.09391016508717309,36784.0,0.06367474408651908,0.008853063231745839,,,True
08096,2016,521,4,26298,2021,1.98113925013309,1392.5417040358745,4.0,0.04083789842259278,0.10397096796661631,33660.0,0.03610675039246458,0.004731148030128196,,,True
08101,2016,2345,4,110488,2021,2.1224024328433857,1517.3402692307693,4.0,0.060107249474320446,0.06582962994746899,28438.0,0.027384393063583756,0.03272285641073669,,,True
08102,2016,333,4,18257,2021,1.823957933943145,1017.1880597014925,4.0,-0.024427782546531218,-0.02895960703696432,31823.0,0.036073579684193335,-0.060501362230724554,,,True
08113,2016,598,4,40136,2021,1.4899342236396254,939.0556064073227,4.0,-0.0427505221108998,-0.02054909398108473,30555.0,0.03397516158505631,-0.07672568369595612,,,True
08114,2016,192,4,10685,2021,1.7969115582592419,1229.1985865724382,4.0,0.008070895354397534,0.06089305839882464,32889.0,0.02295418493981516,-0.014883289585417625,,,True
08121,2016,1146,4,52996,2021,2.1624273530077742,1370.6725338491296,4.0,0.037237318886185866,0.03539564810425744,29515.0,0.04238036376478904,-0.005143044878603176,,,True
08124,2016,383,4,20857,2021,1.8363139473558039,1386.3032315978458,4.0,0.017553561803054896,0.03644710956812802,31539.0,0.024692160239124128,-0.007138598436069232,,,True
08125,2016,205,4,15304,2021,1.3395190799790904,1275.6411330049261,4.0,-0.020649799252736578,0.01994285450987443,30427.0,0.02849513250405633,-0.04914493175679291,,,True
08169,2016,485,4,26518,2021,1.828946376046459,1903.6102003642984,4.0,0.05725205528770627,-0.0214983450517936,32304.0,0.025165815112182965,0.032086240175523306,,,True
08172,2016,268,4,12313,2021,2.1765613579143994,1646.2872483221477,4.0,0.05325040823071148,0.05423308922649306,33278.0,0.028495487699344846,0.02475492053136663,,,True
08180,2016,303,4,15427,2021,1.9640889349841189,1390.8469387755101,4.0,0.06800714874471736,0.13209495392859483,29827.0,0.04050094188236941,0.02750620686234795,,,True
08184,2016,683,4,32476,2021,2.1030915137332182,1301.276279863481,4.0,0.055784308818652706,0.09461855253378337,31875.0,0.04234793982995422,0.013436368988698488,,,True
08187,2016,2184,4,92772,2021,2.3541585823308755,1242.38630831643,4.0,0.020540381463754365,0.041664831510657585,31601.0,0.03586062215229302,-0.015320240688538656,,,True
08194,2016,272,4,14877,2021,1.8283256032802313,1481.3498181818181,4.0,0.02303028891828629,0.0486316053582283,28424.0,0.029743143861174604,-0.006712854942888313,,,True
08200,2016,722,4,33904,2021,2.1295422369042,1592.2945115257958,4.0,0.05569601475293373,0.06565075914234775,31692.0,0.02805981769228283,0.027636197060650902,,,True
08205,2016,903,4,35770,2021,2.524461839530333,2638.400201816347,4.0,0.07950612721410555,0.03336500153334776,58164.0,0.04862350586835418,0.03088262134575137,,,True
08211,2016,455,4,18719,2021,2.4306853998611038,1781.8256637168142,4.0,0.028564884860469597,0.03549526392612845,36114.0,0.031769613164962074,-0.003204728304492477,,,True
08217,2016,237,4,13577,2021,1.7455991750754953,1915.7641509433963,4.0,0.01168555963892226,-0.018452957281271942,38844.0,0.030208195199575627,-0.018522635560653367,,,True
08231,2016,326,4,14150,2021,2.303886925795053,1476.4693577981652,4.0,-0.03375426339933152,-0.03786038921157764,31837.0,0.03460938515533596,-0.06836364855466748,,,True
08245,2016,862,4,48100,2021,1.792099792099792,1339.364573268921,4.0,0.056318829189842434,0.10077532776281373,26874.0,0.028787994793660454,0.02753083439618198,,,True
08252,2016,284,4,13768,2021,2.062754212667054,1439.8879177377892,4.0,0.0533775225121893,0.0788881710963295,33757.0,0.03349355539907539,0.01988396711311391,,,True
08263,2016,209,4,11530,2021,1.8126626192541198,1457.4245714285717,4.0,0.04100175273399498,0.08140657352619851,32727.0,0.050524829069431565,-0.009523076335436587,,,True
08266,2016,471,4,23858,2021,1.9741805683628133,1680.195254237288,4.0,0.04131168048767142,0.052453284975300885,37413.0,0.04246426481651766,-0.00115258432884624,,,True
08279,2016,2420,4,101134,2021,2.3928649118990646,1163.9934459072697,4.0,0.03783803652025375,0.07781369165341834,31250.0,0.030638831173114278,0.00719920534713947,,,True
08298,2016,447,4,19836,2021,2.253478523895947,1119.918292682927,4.0,-0.010319883782417327,-0.0035768513740487284,33484.0,0.04565611142339643,-0.055975995205813756,,,True
08301,2016,591,4,26586,2021,2.2229744978560144,1701.0311688311688,4.0,0.05166087846941392,0.06376420386800619,33315.0,0.037042801556420146,0.014618076912993772,,,True
08305,2016,348,4,18264,2021,1.9053876478318004,1118.4070528967254,4.0,0.037457083331546626,0.04161976107874532,30696.0,0.027928470966445573,0.009528612365101052,,,True
08307,2016,609,4,33155,2021,1.836827024581511,1417.9599027946538,4.0,0.00957504072037696,0.031635342423433244,31766.0,0.024610521562429488,-0.015035480842052529,,,True
09018,2016,242,4,19708,2021,1.227927745078141,932.9658823529411,4.0,-0.08534524813026512,-0.0943238576558868,28540.0,0.028135019273028528,-0.11348026740329364,,,True
09059,2016,1772,4,93766,2021,1.8898108056225071,1196.943125533732,4.0,-0.04143705091263605,-0.011739621616100204,31694.0,0.01873935264054505,-0.0601764035531811,,,True
09219,2016,237,4,21007,2021,1.1281953634502784,939.9134057971016,4.0,-0.0720777700801496,-0.02794156037389428,28772.0,0.026251961763446907,-0.0983297318435965,,,True
10037,2016,782,4,53756,2021,1.454721333432547,1057.306505576208,4.0,-0.022559654576488897,-0.006777806407391118,29045.0,0.017694463910301383,-0.04025411848679028,,,True
10148,2016,228,4,22443,2021,1.0159069643095844,817.8520000000001,4.0,0.011883877849597102,0.004226089054321092,24679.0,-0.0008906522003158113,0.012774530049912913,,,True
11004,2016,985,4,55815,2021,1.7647585774433396,964.9947150259067,4.0,-0.018758144143786515,-0.06825027962875452,26997.0,0.04692286811183921,-0.06568101225562573,,,True
11006,2016,208,4,15460,2021,1.3454075032341526,786.0034700315457,4.0,-0.007909912710915235,0.10864515666781349,19571.0,0.004259031198686314,-0.012168943909601548,,,True
11012,2016,930,4,56479,2021,1.6466297207811753,1775.939629990263,4.0,4.8003917806793694e-05,0.037233653996709526,29745.0,0.013596401553874538,-0.013548397636067744,,,True
11015,2016,860,4,49229,2021,1.7469377805764894,1128.0675324675324,4.0,-0.052704412997195416,0.0075588636257640784,22651.0,-0.0071447356886122915,-0.045559677308583124,,,True
11020,2016,1796,4,92974,2021,1.9317228472476176,869.916897791474,4.0,-0.056647105909864215,-0.008120117365944979,23897.0,0.020759472043056615,-0.07740657795292083,,,True
11022,2016,584,4,30028,2021,1.9448514719595045,1017.5421647819063,4.0,0.023321288602203394,0.046278646155598624,21839.0,0.007426884398929801,0.015894404203273593,,,True
11027,2016,824,4,49077,2021,1.6789942335513581,1276.474970622797,4.0,-0.04385250182850753,-0.0604414867794677,27094.0,0.023883304360970525,-0.06773580618947805,,,True
11028,2016,203,4,18626,2021,1.0898743691613872,1046.0060714285714,4.0,0.030841591821979986,0.05747124511367929,25653.0,0.029744701348747515,0.0010968904732324702,,,True
11030,2016,574,4,26868,2021,2.136370403453923,1400.3584086799276,4.0,-0.00011096817177957963,0.006904841443551302,24995.0,0.03306468278569952,-0.0331756509574791,,,True
11031,2016,681,4,39564,2021,1.721261753108887,1068.2351800554018,4.0,-0.009284040021283801,0.007972328669802131,26394.0,0.02227042100778487,-0.03155446102906867,,,True
11032,2016,581,4,34536,2021,1.682302524901552,1040.418998527246,4.0,-0.022151646631425104,0.004786332044102615,19619.0,0.03892183859351839,-0.06107348522494349,,,True
11033,2016,572,4,19625,2021,2.914649681528662,1304.404827586207,4.0,-0.031432534389446154,-0.041098729418606705,25217.0,0.008962509502660643,-0.0403950438921068,,,True
12032,2016,367,4,20301,2021,1.8077927195704646,704.4136585365853,4.0,-0.018159011085210564,-0.02922768146179555,25505.0,0.0316721948062455,-0.049831205891456065,,,True
12040,2016,1431,4,91229,2021,1.5685801663944579,880.9825518831667,4.0,-0.008960463348182124,0.04414336382369066,28734.0,0.0354594594594595,-0.04441992280764162,,,True
12126,2016,156,4,15906,2021,0.980761976612599,656.8721804511279,4.0,-0.007239176520845936,0.024089902116104955,24481.0,0.0370668474116751,-0.04430602393252103,,,True
12135,2016,390,4,25363,2021,1.5376729882111737,674.1641791044776,4.0,-0.02102030410084843,0.037037517451748214,28165.0,0.055382770637389056,-0.07640307473823749,,,True
12138,2016,354,4,20887,2021,1.6948341073394935,902.0580357142857,4.0,0.02353897396044058,0.08062599253105529,24291.0,0.01589226715737535,0.0076467068030652285,,,True
13005,2016,165,4,17129,2021,0.9632786502422792,711.6696335078534,4.0,-0.04546571938613253,-0.04804837390939465,26855.0,0.024804426636138244,-0.07027014602227077,,,True
13034,2016,578,4,41592,2021,1.389690325062512,986.6765217391303,4.0,-0.003547509234369972,0.01169946087466045,31336.0,0.023049298073783975,-0.026596807308153947,,,True
13071,2016,314,4,26589,2021,1.180939486253714,660.6257028112449,4.0,-0.01684554159447227,0.05452518625351044,25718.0,0.017768807629902295,-0.03461434922437456,,,True
13082,2016,295,4,19217,2021,1.5350991309777802,610.6301948051947,4.0,-0.005969555134112681,-0.017465920308510907,21765.0,0.038109319851187706,-0.04407887498530039,,,True
13087,2016,225,4,17368,2021,1.295485951174574,690.558371040724,4.0,-0.059351850080279545,-0.010187072000193864,24385.0,0.03620447881698041,-0.09555632889725996,,,True
14021,2016,2729,4,155400,2021,1.7561132561132562,1260.1808456812432,4.0,-0.010688733794175898,0.06177967050803146,27823.0,0.021327362161368546,-0.032016095955544444,,,True
14038,2016,261,4,21141,2021,1.2345679012345678,803.9855477855477,4.0,-0.019053779608491528,-0.06601903800903997,21157.0,0.035027640526392956,-0.054081420134884484,,,True
14056,2016,176,4,14955,2021,1.1768639251086592,780.5067357512954,4.0,-0.009657310507955486,-0.058352126461891474,21233.0,0.02718784770935123,-0.03684515821730672,,,True
15005,2016,188,4,17841,2021,1.0537525923434785,851.7794871794872,4.0,-0.015240485182684504,-0.009546567906936865,26204.0,0.0286566695454189,-0.043897154728103405,,,True
15019,2016,157,4,19427,2021,0.8081536006588769,717.9266331658292,4.0,0.03917380686335248,0.1085957088932119,22553.0,0.04257581360946738,-0.003402006746114905,,,True
15030,2016,2031,4,136205,2021,1.4911346866855109,1567.5090028490029,4.0,0.010043406621919715,0.0005505200610993466,31973.0,0.035395077720207224,-0.02535167109828751,,,True
15031,2016,180,4,15752,2021,1.142712036566785,1064.5282258064517,4.0,0.010085537773031339,0.08699134077745407,29062.0,0.03210455288017622,-0.02201901510714488,,,True
15036,2016,382,4,42672,2021,0.8952005999250093,675.78175,4.0,-0.049127402098124384,-0.004174730523716974,26623.0,0.015524870308208705,-0.06465227240633309,,,True
15054,2016,218,4,21735,2021,1.0029905682079596,736.6545994065282,4.0,-0.03630391457898863,0.0005370981615779868,25566.0,0.03001490673220264,-0.06631882131119127,,,True
15058,2016,260,4,19268,2021,1.3493875856342121,1146.580250783699,4.0,0.027035343979666004,0.06741347068949544,41150.0,0.02970247478918009,-0.0026671308095140844,,,True
15073,2016,204,4,17097,2021,1.1931917880329883,836.9750000000001,4.0,0.012960581034224372,0.020729765983825366,28047.0,0.02353842785198168,-0.010577846817757308,,,True
15078,2016,578,4,56746,2021,1.0185739964050329,1465.3918454935624,4.0,-0.017125440836961547,0.021823237473878376,34068.0,0.026299141436963325,-0.04342458227392487,,,True
16078,2016,455,4,31611,2021,1.4393723703774002,1054.3309455587394,4.0,-0.02258904333386691,0.015140147918402791,29122.0,0.01807376332808941,-0.04066280666195632,,,True
17023,2016,485,4,25589,2021,1.8953456563367073,1284.2383333333332,4.0,-0.015289640370842239,-0.01883410647164485,26823.0,0.03105900442052656,-0.0463486447913688,,,True
17066,2016,336,4,21062,2021,1.5952900959073213,1026.2103448275861,4.0,0.02567885669275438,0.08533907650211581,26989.0,0.033744446146774854,-0.008065589454020472,,,True
17079,2016,986,4,50333,2021,1.958953370552123,1409.834847233691,4.0,-0.010843193191100053,-0.029770666432147874,35054.0,0.043553332737935824,-0.05439652592903588,,,True
17095,2016,473,4,25496,2021,1.8551929714465014,1518.3256666666666,4.0,0.014892172898329115,0.01205809149998327,24510.0,0.03750423298340677,-0.022612060085077657,,,True
17114,2016,357,4,16713,2021,2.136061748339616,950.2427109974424,4.0,-0.005221882379821352,0.028124257982616307,31858.0,0.03728063035196816,-0.04250251273178951,,,True
17155,2016,266,4,11642,2021,2.284830785088473,855.5363273453094,4.0,-0.03569414788054248,-0.05440303907746247,26182.0,0.05326253117708579,-0.08895667905762827,,,True
18087,2016,2605,4,141257,2021,1.8441563957892353,1424.6080122591943,4.0,0.010099241920259683,0.027631915147017794,28851.0,0.019289878113407433,-0.00919063619314775,,,True
18140,2016,652,4,32841,2021,1.985323224018757,973.8290285714286,4.0,-0.030502370505599563,-0.008899340225958063,22967.0,0.023712948517940813,-0.054215319023540376,,,True
19130,2016,778,4,41937,2021,1.855163697927844,1053.8953488372092,4.0,0.020647183852502637,0.0675079251225762,31669.0,0.01169217007954515,0.008955013772957487,,,True
20045,2016,613,4,28045,2021,2.1857728650383312,1850.2478494623654,4.0,0.022737482317936264,0.12324938568812716,31283.0,,,,,False
20067,2016,281,4,17999,2021,1.5611978443246848,1863.8111111111114,3.0,0.005348629204817268,0.09248825476686018,30031.0,,,,,False
20069,2016,2009,4,94733,2021,2.1206971171608626,3088.668661417323,4.0,0.0013422500202810994,0.040475187792127,41167.0,,,,,False
21041,2016,1169,4,68714,2021,1.7012544750705825,934.9345977763244,4.0,-0.06930322491037799,0.003440598305314402,26098.0,0.01659395450296053,-0.08589717941333852,,,True
22125,2016,540,4,29309,2021,1.8424374765430414,1007.005109489051,4.0,-9.552449761351944e-05,0.04905107028845701,30522.0,0.01695931762902747,-0.01705484212664099,,,True
23005,2016,215,4,20048,2021,1.0724261771747805,745.5522968197879,4.0,0.019933050258698737,0.06263865385632639,21462.0,0.044328743126855086,-0.02439569286815635,,,True
23050,2016,833,4,58293,2021,1.4289880431612716,1094.0413140311803,4.0,-0.010804881366877295,0.029138852283644878,29411.0,0.019904983181329605,-0.0307098645482069,,,True
23055,2016,384,4,29385,2021,1.3067891781521184,832.4633466135458,4.0,0.027046175374564774,0.06340322385706332,25005.0,0.026182952353593025,0.0008632230209717484,,,True
23092,2016,202,4,18318,2021,1.102740473850857,855.8632478632478,4.0,-0.0030005621982643893,0.0029755290256266997,24875.0,0.055053653984815654,-0.05805421618308004,,,True
24089,2016,1085,4,79199,2021,1.3699667925100065,1107.5235714285716,4.0,-0.03810816160136099,0.018204502432097147,29866.0,0.017268980551108593,-0.05537714215246958,,,True
24115,2016,496,4,42549,2021,1.1657148229100567,734.3435294117647,4.0,-0.05584153323108265,-0.049084387820782616,26198.0,0.007111828701034106,-0.06295336193211676,,,True
24142,2016,138,4,17161,2021,0.8041489423693258,815.0303317535545,4.0,-0.011323896153873636,-0.016154318404425827,26361.0,0.024006526045915466,-0.0353304221997891,,,True
25120,2016,1230,4,68299,2021,1.8009048448732778,861.9952208106473,4.0,-0.06256689810511884,-0.032133857999134374,30348.0,0.030352413933591338,-0.09291931203871018,,,True
26089,2016,1585,4,78908,2021,2.0086683226035382,1122.2465442764578,4.0,-0.033182173178911034,0.00043139760288113393,30773.0,0.03445609788893367,-0.0676382710678447,,,True
27028,2016,674,4,62648,2021,1.0758523815604648,860.75885509839,4.0,0.0018595591603078887,0.03204589250596901,27595.0,0.013553221185631292,-0.011693662025323404,,,True
28005,2016,1845,4,79588,2021,2.318188671659044,1314.2344365642239,4.0,0.03711248110259113,0.04465964232563058,32751.0,0.019137415982076078,0.017975065120515055,,,True
28006,2016,959,4,42744,2021,2.2435897435897436,2359.6693989071036,4.0,0.0008435592968103478,0.055704633289719196,55269.0,0.046246166660356636,-0.04540260736354629,,,True
28007,2016,1200,4,70601,2021,1.6996926389144629,1526.2198259187621,4.0,0.03001296326840519,0.043270212301398936,32499.0,0.02217399509341389,0.007838968174991301,,,True
28013,2016,561,4,25682,2021,2.184409313916362,1102.7046511627907,4.0,-0.014402173328982748,0.043117780485165014,30880.0,0.012492212859438023,-0.02689438618842077,,,True
28014,2016,655,4,21573,2021,3.036202660733324,1149.738494623656,4.0,-0.021315070453337137,0.00567975951091948,30733.0,0.04003384094754647,-0.06134891140088361,,,True
28022,2016,805,4,19874,2021,4.0505182650699405,2079.366777963272,4.0,0.040614051359644465,0.0037227526863419236,65201.0,0.013256045253931648,0.027358006105712818,,,True
28045,2016,362,4,20461,2021,1.7692194907384782,1463.795873015873,4.0,-0.004448278675672768,0.009477919455067707,39265.0,0.020798128168464824,-0.025246406844137592,,,True
28047,2016,637,4,27922,2021,2.281355203781964,1296.4631239935588,4.0,0.003238490777603076,0.019532609785273825,32373.0,0.022908240647118383,-0.019669749869515307,,,True
28049,2016,634,4,31337,2021,2.023167501675336,1486.7955426356586,4.0,0.010891709340154376,0.05300699052074387,33599.0,0.01654967929323492,-0.005657969953080544,,,True
28058,2016,1204,4,70944,2021,1.6971132160577356,1251.9848776871759,4.0,0.04688690235358739,0.07513252931897507,29183.0,0.026702786377708954,0.020184115975878436,,,True
28061,2016,297,4,15295,2021,1.9418110493625367,1310.1862068965518,4.0,0.04247516625174019,0.05094357892775481,38641.0,0.042913821489298565,-0.0004386552375583719,,,True
28065,2016,1848,4,79835,2021,2.3147742218325296,1434.3286827747465,4.0,0.03996435002171306,0.04234113103403159,31763.0,0.03529986962190357,0.00466448039980949,,,True
28074,2016,1356,4,77962,2021,1.7393088940766015,1467.8783735478105,4.0,0.026856633870251168,0.021598881607427067,30164.0,0.025288919102651297,0.0015677147675998704,,,True
28079,2016,37387,4,1533221,2021,2.4384612524874103,2581.3166892460913,4.0,0.0444437495834451,0.007393824997595777,39613.0,0.027867874101559442,0.01657587548188566,,,True
28080,2016,749,4,25577,2021,2.9284122453767054,2484.7661184210524,4.0,0.04687779933021252,0.028200262342568783,60937.0,0.012696724444518415,0.03418107488569411,,,True
28092,2016,1562,4,82103,2021,1.902488337819568,1265.1429867411027,4.0,0.06751512701219164,0.0837405914879682,30231.0,0.021939016969778846,0.0455761100424128,,,True
28106,2016,1038,4,47256,2021,2.196546470289487,962.7860360360361,4.0,0.01643994807277771,0.02877691667206761,26282.0,0.02881077272371413,-0.012370824650936418,,,True
28113,2016,635,4,21507,2021,2.9525270842051423,1385.5170212765956,4.0,0.0393989482572652,0.13307862205874532,32303.0,0.019182836409528337,0.020216111847736862,,,True
28115,2016,724,4,32327,2021,2.239613944999536,2517.679166666667,4.0,0.02262068032384068,0.017742759104099504,83624.0,0.08762209476244354,-0.06500141443860286,,,True
28123,2016,794,4,35980,2021,2.2067815453029462,1599.1339468302658,4.0,0.03693939213995834,0.026383508917436682,41252.0,0.03825631732608481,-0.001316925186126472,,,True
28127,2016,974,4,35404,2021,2.7511015704440176,2073.0892418032786,4.0,0.04658861152179394,0.051055500116160446,61380.0,0.040215567644516836,0.006373043877277107,,,True
28130,2016,234,4,15621,2021,1.4979834837718455,1553.6000000000004,4.0,0.05822883632710241,0.08992487807309646,31904.0,0.01705505435302368,0.04117378197407873,,,True
28134,2016,758,4,36032,2021,2.1036856127886323,1769.0516666666667,4.0,-0.0008520469329447167,-0.00613176574337948,39534.0,0.022184300341296925,-0.023036347274241642,,,True
28148,2016,1865,4,50494,2021,3.69350813958094,1247.9524109014676,4.0,0.043325883490493045,0.03459110594268466,31289.0,0.029514345880494952,0.013811537609998092,,,True
28161,2016,620,4,28896,2021,2.1456256921373202,1230.2954480796586,4.0,0.05420302285894385,0.06423212975773918,33882.0,0.026945109568696335,0.027257913290247515,,,True
28181,2016,241,4,11252,2021,2.1418414504088163,1708.8992156862746,4.0,0.06173945543888637,0.08738284722123513,51775.0,0.04170858315560744,0.020030872283278933,,,True
28903,2016,323,4,18542,2021,1.7419911552151872,1922.9749034749034,4.0,0.023789327963594342,0.007630776991118138,51533.0,0.006641533022092805,0.017147794941501537,,,True
29007,2016,318,4,17000,2021,1.8705882352941177,1223.5485549132948,4.0,0.0640662981470197,0.10542539169874354,28875.0,0.032245379473063274,0.03182091867395642,,,True
29015,2016,268,4,20944,2021,1.2796027501909855,963.4551495016611,4.0,-0.0008184116259631891,0.00046676409817203446,25056.0,0.018702228004553678,-0.019520639630516867,,,True
29025,2016,2078,4,48663,2021,4.270184739946161,1519.5552610441766,4.0,0.07147426229626075,0.005975218197194154,22645.0,0.02997361957609379,0.04150064272016696,,,True
29051,2016,2118,4,50366,2021,4.20521780566255,1353.7683753943218,4.0,0.01821952584294495,0.025885923508586206,22489.0,0.020279466473096752,-0.002059940630151802,,,True
29054,2016,1582,4,48887,2021,3.2360341195000717,1509.5939824945297,4.0,0.03293499487506901,0.030680550766048587,21459.0,0.01967213114754096,0.013262863727528051,,,True
29067,2016,5505,4,261857,2021,2.1022924726090957,1342.4405928365582,4.0,0.039156621612340015,0.021974944543367014,26673.0,0.028971529974539,0.010185091637801014,,,True
29069,2016,4003,4,100282,2021,3.9917432839392912,2014.5564536082475,4.0,0.03817352214018732,0.0367617018687636,25262.0,0.055838836412271275,-0.017665314272083954,,,True
29070,2016,2500,4,62030,2021,4.030307915524746,1307.3009738283627,4.0,0.0648434886214817,0.038035166869629045,20235.0,0.01919008763977037,0.045653400981711334,,,True
29082,2016,584,4,27620,2021,2.114409847936278,1332.1414593698175,4.0,0.08242742132093483,0.07968812973989792,28901.0,0.032584229518739516,0.04984319180219532,,,True
29084,2016,268,4,19462,2021,1.377042441681225,1004.8018248175183,4.0,-0.017326202424255643,-0.03254970478284347,24593.0,0.03505892255892262,-0.052385124983178266,,,True
29094,2016,1271,4,50454,2021,2.5191263328972924,1148.2623020063356,4.0,0.057001943345105444,0.03979650913128174,21998.0,0.030158284162217885,0.026843659182887558,,,True
29901,2016,1787,4,42938,2021,4.1618147095812565,1443.92025072324,4.0,0.033250180364766235,0.029083566167832142,23334.0,0.00464996125032302,0.028600219114443215,,,True
30003,2016,455,4,26137,2021,1.7408271798599686,870.2821958456973,4.0,-0.0210967041449156,0.03055195489684437,23222.0,0.037947526035846835,-0.059044230180762436,,,True
30005,2016,165,4,18107,2021,0.9112497928977743,680.1926829268293,4.0,-0.06492881015941554,-0.025051183589979487,24567.0,0.028984293193717203,-0.09391310335313274,,,True
30015,2016,152,4,14630,2021,1.0389610389610389,636.8384279475982,4.0,-0.05906175213676412,-0.07253957417623014,23619.0,0.017621714778112807,-0.07668346691487693,,,True
30016,2016,2043,4,125253,2021,1.631098656319609,934.4399730215828,4.0,-0.02653465540585942,0.026134007824015426,28169.0,0.02436452234626718,-0.0508991777521266,,,True
30019,2016,187,4,16704,2021,1.119492337164751,812.906329113924,4.0,0.0220311829021822,0.0949082951875524,24260.0,0.0006186842647968316,0.02141249863738537,,,True
30022,2016,174,4,13679,2021,1.2720228086848453,561.6710424710424,4.0,-0.05411426788882889,-0.10078145993346133,22486.0,0.058264307228915735,-0.11237857511774463,,,True
30024,2016,460,4,42431,2021,1.084113030567274,750.2129080118694,4.0,-0.09669406725800167,-0.08008105497187701,26156.0,0.000726938822359191,-0.09742100608036086,,,True
30026,2016,862,4,31537,2021,2.733297396708628,946.4242835595777,4.0,0.0004986532168431701,0.036698180360587696,19794.0,0.010052559065163003,-0.009553905848319832,,,True
30027,2016,558,4,32908,2021,1.6956363194360033,783.1432639649506,4.0,-0.013494837045616825,0.05439754030646771,29540.0,0.025160506680548256,-0.03865534372616508,,,True
30030,2016,3299,4,219740,2021,1.5013197415126969,926.2019255184088,4.0,-0.019446637353793372,0.050358297946839214,29812.0,0.02874495324200277,-0.04819159059579614,,,True
30035,2016,877,4,41372,2021,2.1197911631054818,1074.8972251867663,4.0,0.01848376087329151,0.03389651431657814,26240.0,0.08492516331762179,-0.06644140244433028,,,True
30037,2016,844,4,21899,2021,3.854057262888716,807.1479838709677,4.0,-0.019081438500765713,0.011906589824616232,24563.0,0.0245682823058313,-0.043649720806597014,,,True
30039,2016,208,4,15390,2021,1.3515269655620532,694.139419087137,4.0,-0.06502253547621673,0.026191395697809927,24704.0,0.021121812094407444,-0.08614434757062417,,,True
30043,2016,232,4,19242,2021,1.2056958736098118,619.8100574712645,4.0,-0.03795054571147638,-0.0382289187696776,22769.0,0.0550484222232519,-0.09299896793472828,,,True
31201,2016,1732,4,94761,2021,1.827756144405399,1505.8968177434908,4.0,-0.003325610449177563,0.08322373424075613,36041.0,-0.027574670156220504,0.02424905970704294,,,True
31232,2016,435,4,17007,2021,2.5577703298641734,916.6077490774908,4.0,-0.001728029639577966,0.03531319868973515,33555.0,0.0794942735812636,-0.08122230322084156,,,True
32054,2016,598,4,67492,2021,0.8860309369999407,1106.6015652173915,4.0,-0.06687550863610359,-0.10094021359144778,27700.0,0.02501480165778558,-0.09189031029388917,,,True
33004,2016,475,4,42296,2021,1.1230376394930963,1080.891777188329,4.0,-0.05145497632971796,0.005376105084171745,28193.0,0.012097932222860486,-0.06355290855257845,,,True
33024,2016,2299,4,148955,2021,1.5434191534356014,1310.1655865921787,4.0,-0.04494576502524916,-0.04424360834758312,28723.0,0.010661505981703012,-0.055607271006952175,,,True
33031,2016,309,4,25962,2021,1.1902010630922117,858.0104166666666,4.0,0.05098577365603951,0.061218130199937826,25934.0,-0.001962670771598951,0.052948444427638464,,,True
33037,2016,254,4,25878,2021,0.9815287116469588,763.3011111111111,4.0,0.020263832435822415,0.22432173300208647,26273.0,0.008057399378429198,0.012206433057393218,,,True
33044,2016,1636,4,127210,2021,1.286062416476692,1325.573353751914,4.0,-0.0009463158862899057,0.05490748839085413,31373.0,0.010272428672634781,-0.011218744558924687,,,True
33066,2016,330,4,29569,2021,1.116033683925733,1031.7861495844875,4.0,0.0007349663908386983,-0.008729077387475304,29819.0,0.02168848077845542,-0.020953514387616723,,,True
34120,2016,649,4,44610,2021,1.454830755436001,1104.215725806452,4.0,-0.035282434207188684,0.04284780246503661,29202.0,0.027805152752358175,-0.06308758695954686,,,True
35002,2016,189,4,14365,2021,1.3156978767838496,970.9952380952382,4.0,-0.02546106637775769,-0.08032177219231507,26296.0,0.030084612973989344,-0.055545679351747035,,,True
35004,2016,522,4,25339,2021,2.060065511661865,955.485935302391,4.0,-0.0383694446028785,0.003503970472653828,25547.0,0.04435450903442084,-0.08272395363729934,,,True
35006,2016,181,4,17003,2021,1.0645180262306653,874.2507042253521,4.0,0.02607030248864106,0.11101572328821807,27867.0,0.038263785394933025,-0.012193482906291964,,,True
35011,2016,154,4,13881,2021,1.1094301563287947,802.3112676056339,4.0,-0.010086031749971358,0.06035561758229646,26055.0,0.04257532711776246,-0.05266135886773382,,,True
35016,2016,2611,4,175181,2021,1.4904584401276395,1374.570718232044,4.0,0.011538128063156794,0.0032147436032299304,30079.0,0.02982059709668583,-0.018282469033529036,,,True
35017,2016,402,4,18683,2021,2.1516887009580903,860.1195792880259,4.0,0.06400575806602515,0.14103173771000188,27637.0,0.030577618674721307,0.033428139391303846,,,True
35019,2016,1435,4,32766,2021,4.3795397668314715,1678.154961832061,4.0,0.06850242631197512,-0.01369923538526785,24341.0,0.03420292318150908,0.034299503130466036,,,True
35022,2016,502,4,30372,2021,1.6528381403924668,843.3799701046337,4.0,0.0009287967336610858,0.012352742021080498,23959.0,0.04110720027810366,-0.040178403544442576,,,True
35026,2016,522,4,46739,2021,1.1168403260660262,980.8444270015697,4.0,0.04460387584884251,0.102727899024186,25701.0,0.02923391133715114,0.01536996451169137,,,True
36026,2016,100,4,12577,2021,0.7951021706289259,839.730701754386,4.0,0.030290072282401104,0.09342548420380392,24926.0,0.026563980066718784,0.0037260922156823195,,,True
36038,2016,567,4,42646,2021,1.329550250902781,1065.1989150090417,4.0,-0.04026401702186444,-0.05443678591543821,29039.0,0.012446830764939687,-0.05271084778680413,,,True
36045,2016,64,4,14215,2021,0.4502286317270489,855.2019480519481,4.0,-0.05272822063468763,-0.04051363703877153,29232.0,0.028716216216216228,-0.08144443685090386,,,True
36057,2016,1727,4,144293,2021,1.1968702570464265,1322.0065685759328,4.0,0.012546904355036137,0.07559543227008203,31139.0,0.0019950445667213934,0.010551859788314744,,,True
36060,2016,221,4,21149,2021,1.044966665090548,835.6387205387206,4.0,-0.0019884594472682204,0.03791156662796702,24917.0,0.0219005044498215,-0.02388896389708972,,,True
37274,2016,1380,4,92553,2021,1.4910375676639331,1504.2217347956132,4.0,0.0013398873959453717,0.00586337272678239,27355.0,0.015103161644648866,-0.013763274248703494,,,True
38001,2016,1699,4,26798,2021,6.340025375027987,1503.2627700127061,4.0,0.06185173791558607,-0.0019332572249053381,22635.0,0.03224188252462601,0.02960985539096006,,,True
38006,2016,2125,4,53746,2021,3.953782607077736,1284.1276876267748,4.0,0.08027672442482547,-0.036845166262378326,20033.0,0.03167164486558871,0.048605079559236763,,,True
38017,2016,674,4,24284,2021,2.775490034590677,963.1691876750701,4.0,0.06012251531565549,0.01968761383494133,23150.0,0.05208143973822943,0.00804107557742606,,,True
38023,2016,816,4,74096,2021,1.1012740228892248,991.9174957118354,4.0,-0.002277347935956131,-0.026938812488688235,27580.0,0.02983458422015617,-0.0321119321561123,,,True
38026,2016,151,4,17819,2021,0.8474100679050451,981.4128630705393,4.0,0.01829952765961096,-0.0005730417974390001,25129.0,0.03488180545259856,-0.0165822777929876,,,True
38028,2016,635,4,20779,2021,3.0559699696809277,1338.5916666666667,4.0,-0.010450658809531221,-0.02463866411999205,24176.0,0.02353937341236234,-0.03399003222189356,,,True
38031,2016,213,4,17417,2021,1.2229431015674341,952.996052631579,4.0,0.023068655601711674,0.058079010558322874,23056.0,0.03510819789889563,-0.012039542297183958,,,True
38038,2016,1157,4,97227,2021,1.1899986629228507,1135.1889520202021,4.0,-0.027556006502640562,-0.027240816442422933,28512.0,0.03499346595034125,-0.06254947245298181,,,True
39016,2016,151,4,13768,2021,1.0967460778617084,1181.3434523809524,4.0,0.022285506077893258,0.05794656048188096,30103.0,0.012852864977625167,0.009432641100268091,,,True
39020,2016,452,4,24994,2021,1.8084340241658,1591.0747603833865,4.0,-0.08060683032094385,-0.08271363588923786,28696.0,0.027388922702373808,-0.10799575302331765,,,True
39075,2016,1483,4,93407,2021,1.5876754418833707,1643.7031278748848,4.0,0.008527310410906042,0.0935005793776037,31593.0,0.021105365223012207,-0.012578054812106165,,,True
39087,2016,331,4,26596,2021,1.2445480523386976,942.8195583596216,4.0,-0.03550290020920488,0.007921270360254584,25625.0,0.00754924704124571,-0.04305214725045059,,,True
40194,2016,413,4,29036,2021,1.4223722275795565,1291.2535714285716,4.0,-0.0532767782374457,-0.015707451544927697,30203.0,0.016559523408838484,-0.06983630164628418,,,True
41004,2016,475,4,32822,2021,1.4472000487477912,935.8052369077305,4.0,-0.05994384810068587,-0.03791975724514052,24481.0,0.023624351898310803,-0.08356819999899667,,,True
41021,2016,178,4,13079,2021,1.3609603180671306,984.0683139534884,4.0,-0.01634657353133906,0.031453126302325995,22384.0,0.024486246510137866,-0.040832820041476925,,,True
41024,2016,169,4,15565,2021,1.085769354320591,982.5274436090225,4.0,-0.0015399152171843289,0.04279750930855275,22682.0,0.03660710205200868,-0.038147017269193007,,,True
41034,2016,160,4,13904,2021,1.1507479861910241,880.098447204969,4.0,0.01362800894307914,0.05019705782814132,21297.0,0.028741184426625432,-0.015113175483546293,,,True
41038,2016,977,4,56736,2021,1.7220107163000564,1046.73169550173,4.0,-0.005676287936676849,0.02644309399740219,27356.0,0.022807148732520766,-0.028483436669197615,,,True
41039,2016,223,4,18684,2021,1.1935345750374653,828.0435684647302,4.0,-0.016508023428088436,-0.03451386173757809,21304.0,0.03407436171245504,-0.05058238514054347,,,True
41059,2016,489,4,19554,2021,2.500767106474379,1259.1905511811024,4.0,0.027939653523418206,0.03148671285741256,32807.0,0.0251226447520545,0.002817008771363705,,,True
41065,2016,132,4,13352,2021,0.9886159376872379,865.8238095238096,4.0,-0.04762538826093565,-0.052123540442117866,22237.0,0.017432284040995505,-0.06505767230193116,,,True
41069,2016,176,4,16512,2021,1.065891472868217,894.3995594713657,4.0,0.021824521676780506,0.09330335932831268,19586.0,0.023943956503555075,-0.002119434826774569,,,True
41081,2016,232,4,16016,2021,1.4485514485514486,998.2022471910112,4.0,-0.01282861138001612,-0.022759594484610512,23286.0,0.025363276089828357,-0.03819188746984448,,,True
41091,2016,6776,4,327393,2021,2.069683835634849,1470.3686617806734,4.0,-0.07479572268804213,-0.08620052409902967,29394.0,0.018785526133370256,-0.09358124882141239,,,True
41095,2016,306,4,23030,2021,1.3287016934433349,849.7060606060606,4.0,-0.03949852863723713,-0.04104235058771244,22002.0,0.022017837235228432,-0.06151636587246556,,,True
42173,2016,386,4,25244,2021,1.5290762161305658,1089.7592741935484,4.0,-0.0882379273326227,-0.0885713931457045,30847.0,0.012306379627198716,-0.10054430695982142,,,True
43038,2016,706,4,31733,2021,2.224813285853843,1546.8920731707317,4.0,0.031421724521901506,0.03081396997448671,29625.0,0.025938495636514736,0.0054832288853867706,,,True
43123,2016,998,4,51284,2021,1.9460260510100615,947.1893601725377,4.0,-0.01738362635241808,-0.019885960015604054,29413.0,0.029002239014833453,-0.04638586536725153,,,True
43148,2016,1245,4,67200,2021,1.8526785714285714,1046.242643678161,4.0,-0.043555496004182626,-0.0019986677651815388,33044.0,0.030531732418524804,-0.07408722842270743,,,True
43155,2016,271,4,19654,2021,1.3788541772667142,675.7885802469136,4.0,-0.05792522937042188,-0.02212029296627649,29019.0,0.062227753578095735,-0.12015298294851762,,,True
43163,2016,604,4,31063,2021,1.9444355020442328,1117.7302139037433,4.0,-0.0025291942459220174,-0.007371778815468355,26613.0,0.036170378445725015,-0.03869957269164703,,,True
44216,2016,242,4,21490,2021,1.126105165193113,977.2491304347826,4.0,-0.037014648919881155,-0.0122462978087865,32018.0,0.02042897663893939,-0.057443625558820544,,,True
45165,2016,656,4,43263,2021,1.5163072371310358,711.9265536723163,4.0,-0.03772705715784774,0.01718628041444259,23622.0,0.024504488875395802,-0.062231546033243546,,,True
45168,2016,688,4,40498,2021,1.6988493258926367,1244.422061482821,4.0,-0.01229025975020781,0.0005281498528693085,35064.0,0.02854125722331413,-0.04083151697352194,,,True
46005,2016,220,4,13175,2021,1.6698292220113853,711.84064171123,4.0,0.002220008728436529,0.0685818760535214,23652.0,0.02799026425591089,-0.02577025552747436,,,True
46017,2016,388,4,24652,2021,1.5739088106441668,671.4692771084337,4.0,-0.06725336200422682,-0.09008652493364955,26831.0,0.05858912648938697,-0.1258424884936138,,,True
46021,2016,219,4,14434,2021,1.5172509352916725,842.4050847457628,4.0,-0.0009227986942872413,0.048892052137960995,24347.0,0.03243999660758212,-0.033362795301869363,,,True
46029,2016,225,4,14059,2021,1.6003983213599828,650.7545851528383,4.0,-0.023037704319413987,0.0066389840632185,24981.0,0.03227272727272723,-0.05531043159214122,,,True
46078,2016,277,4,17991,2021,1.5396587182480128,747.2267175572517,4.0,0.023131455834007664,0.10269270436567668,23665.0,0.04292450751399235,-0.019793051679984686,,,True
46102,2016,158,4,12037,2021,1.3126194234443798,767.3424657534247,4.0,-0.0989537554829727,-0.11572660089601072,24073.0,0.03526426697630414,-0.13421802245927683,,,True
46110,2016,298,4,13504,2021,2.2067535545023698,676.1123893805311,4.0,-0.034521948444496964,-0.032428919322319616,23628.0,0.03754446054538274,-0.0720664089898797,,,True
46131,2016,1076,4,54541,2021,1.972827780935443,838.7946977730649,4.0,0.032911247364894036,0.07608957917003878,24590.0,0.03523765419104952,-0.0023264068261554804,,,True
46145,2016,214,4,16908,2021,1.265673054175538,683.738775510204,4.0,-0.059173797340892564,-0.028842648278592953,25709.0,0.030338249438922826,-0.08951204677981539,,,True
46159,2016,197,4,14239,2021,1.3835241238851044,799.9714975845411,4.0,-0.05472873409578649,-0.01842706975952635,24089.0,0.028609248900465456,-0.08333798299625195,,,True
46169,2016,343,4,20270,2021,1.692155895411939,872.6282051282051,4.0,-0.037089491351420256,-0.031868916320808904,25709.0,0.04330005681357041,-0.08038954816499067,,,True
46181,2016,767,4,21085,2021,3.637657102205359,812.0284403669726,4.0,0.024552902739783056,0.11542653700297378,23313.0,0.024837348338315524,-0.00028444559853246787,,,True
46184,2016,340,4,19230,2021,1.7680707228289132,545.8164222873901,4.0,-0.11537625923816264,-0.21673145993260157,24843.0,0.03577235772357734,-0.15114861696173998,,,True
46190,2016,615,4,33020,2021,1.8625075711689885,916.4530844155844,4.0,-0.01290187040285562,0.032646770920274015,28782.0,0.03272335844994623,-0.04562522885280185,,,True
46220,2016,853,4,41287,2021,2.066025625499552,782.6290322580645,4.0,0.046867727394767966,0.09088775319578979,26789.0,0.022676083221988996,0.02419164417277897,,,True
46235,2016,310,4,25186,2021,1.2308425315651552,878.1838509316771,4.0,0.001519164915669835,-0.04063923646779166,24841.0,0.029721439230641744,-0.02820227431497191,,,True
46244,2016,660,4,40564,2021,1.6270584754955133,776.1034482758621,4.0,0.037292340263468615,0.11671886301427037,26037.0,0.030229889605507765,0.00706245065796085,,,True
46250,2016,9073,4,414988,2021,2.1863282793719336,1181.3514696782179,4.0,0.021557633448275215,0.04774427098920475,30725.0,0.024610664621335987,-0.0030530311730607718,,,True
47186,2016,2414,4,159363,2021,1.514780720744464,1211.1840811965812,4.0,-0.014242177986411808,0.04002989069549567,30946.0,0.023143556172717128,-0.037385734159128936,,,True
48013,2016,822,4,46654,2021,1.7619068032751748,1785.2225589225588,4.0,-0.028773604331275404,0.040886211529707395,30047.0,0.016131214068312527,-0.04490481839958793,,,True
48015,2016,409,4,19257,2021,2.123902996313029,1811.6559633027523,3.0,-0.01770964405026365,0.12784121238421564,29215.0,0.008700756137140386,-0.026410400187404037,,,True
48020,2016,3647,4,165685,2021,2.2011648610314754,2339.243472906404,4.0,0.012471406226996606,0.03431960950542412,34999.0,0.02285413683256854,-0.010382730605571933,,,True
48027,2016,310,4,13360,2021,2.320359281437126,1978.170796460177,3.0,0.01878292035853968,0.04710699582268407,38548.0,0.02032821598729484,-0.0015452956287551611,,,True
48036,2016,202,4,13683,2021,1.4762844405466637,1921.1480769230768,2.0,0.031861390093520736,0.23110591426128435,35904.0,0.021828841392264486,0.01003254870125625,,,True
48044,2016,818,4,34366,2021,2.3802595588663213,2616.3174927113705,4.0,-0.047246445791574554,-0.04677863622969214,49016.0,0.0038091337292647243,-0.05105557952083928,,,True
48054,2016,311,4,13804,2021,2.252970153578673,2129.574074074074,3.0,-0.06578435072285382,-0.09876569385069722,37518.0,0.010721982758620685,-0.07650633348147451,,,True
48078,2016,330,4,21560,2021,1.530612244897959,2101.137719298246,3.0,0.015507767811532513,0.0427441932289655,31154.0,0.013797591929710418,0.0017101758818220958,,,True
48082,2016,375,4,21669,2021,1.7305828603073514,2004.0465277777778,4.0,-0.06780153460910876,-0.05486996446493875,30169.0,0.018569161686755153,-0.08637069629586391,,,True
48084,2016,199,4,13547,2021,1.468959917324869,1563.7450549450548,3.0,-0.06938379295120456,-0.14383415859432003,26933.0,0.013547585895457903,-0.08293137884666246,,,True
49275,2016,535,4,39710,2021,1.3472676907579955,1045.533502538071,4.0,0.005425147423203214,0.049268400051244776,26586.0,0.019558214450069,-0.014133067026865787,,,True
50297,2016,5972,4,338961,2021,1.7618546086422922,1266.4260710150522,4.0,-0.017494909174726847,-0.014426236449750052,31789.0,0.012872391269714845,-0.03036730044444169,,,True
51001,2016,538,4,28315,2021,1.900052975454706,1723.0059602649008,4.0,0.0013227033193075055,0.034329686055885156,35381.0,-0.00550917727745448,0.0068318805967619856,,,True
52001,2016,505,4,29347,2021,1.7207891777694484,1487.4303430079156,4.0,0.012317553144799653,0.017780945681310723,35748.0,0.01568360040913741,-0.003366047264337757,,,True
01059,2017,2483,4,119853,2021,2.071704504684906,1944.9768258426966,4.0,0.013635211828158855,0.046194842921223334,33632.0,0.011063011063010997,0.0025722007651478584,,,True
02003,2017,1805,4,86881,2021,2.0775543559581497,1108.9319977103607,4.0,0.014046729285632997,0.049131922221957836,30173.0,0.03473936899862817,-0.020692639712995176,,,True
02009,2017,173,4,13292,2021,1.301534757749022,659.564824120603,4.0,0.002321165978228512,0.0894599525911498,25469.0,0.024703279018306157,-0.022382113040077645,,,True
02037,2017,187,4,16661,2021,1.122381609747314,625.4544554455446,4.0,-0.03268061056948124,-0.05305612615377164,22138.0,0.0350179999064939,-0.06769861047597514,,,True
02081,2017,137,4,15102,2021,0.9071646139584161,591.1529761904761,4.0,-0.01948819854721784,-0.01264379085147993,25146.0,0.046224256292906274,-0.06571245484012411,,,True
03009,2017,577,4,33876,2021,1.703270752154918,597.8810231023102,4.0,0.010933837128977553,0.12760466380438484,25190.0,0.03229243504630763,-0.02135859791733008,,,True
03014,2017,5796,4,187658,2021,3.088597341973164,1066.1492583918812,4.0,0.0020954133692043797,0.019545624777606463,27759.0,0.028415826911677433,-0.026320413542473053,,,True
03031,2017,1855,4,60479,2021,3.067180343590337,1649.7734054054054,4.0,0.05016161009386977,0.06658970345947468,22793.0,0.046462513199577504,0.003699096894292264,,,True
03047,2017,935,4,26156,2021,3.5747056124789722,1560.1966145833333,4.0,0.06022640692381653,0.05022709922907209,22369.0,0.0679875865361661,-0.007761179612349567,,,True
03059,2017,236,4,15357,2021,1.5367584814742463,607.2427586206896,4.0,-0.025452388448391705,-0.032555915930336576,21774.0,0.04037459983754599,-0.0658269882859377,,,True
03063,2017,1514,4,45237,2021,3.3468178703273868,1423.03637454982,4.0,0.04589310081195164,0.04940615097903511,24734.0,0.04649883647133479,-0.0006057356593831553,,,True
03065,2017,2519,4,116080,2021,2.170055134390076,819.488210818308,4.0,0.0055194409385050935,-0.005012981508658143,24047.0,0.03996021277515904,-0.03444077183665395,,,True
03066,2017,532,4,27488,2021,1.9353899883585564,525.4192182410424,4.0,0.010060837527063438,0.06862668429012264,22032.0,0.039981118716072794,-0.029920281189009357,,,True
03082,2017,984,4,26819,2021,3.669040605540848,1575.8247035573124,4.0,0.009320511137000498,-0.0256675511793667,22713.0,0.03783413296778626,-0.028513621830785763,,,True
03093,2017,203,4,13780,2021,1.4731494920174166,620.2003424657535,4.0,0.035901851281005204,0.08901109358287285,25999.0,0.049065891942057016,-0.013164040661051812,,,True
03099,2017,4292,4,88508,2021,4.849279161205767,1055.6345238095237,4.0,0.006360005741650854,-0.004207394667246733,22274.0,0.04308326308888266,-0.03672325734723181,,,True
03104,2017,291,4,16474,2021,1.7664198130387276,621.5457249070631,4.0,-0.0518307392646461,-0.04196376157967552,22752.0,0.042474226804123605,-0.0943049660687697,,,True
03121,2017,1206,4,45155,2021,2.6708005757944857,1236.6119533527697,4.0,0.02667526444383883,0.02578014737634593,22371.0,0.03968954779941436,-0.013014283355575529,,,True
03122,2017,615,4,27151,2021,2.265109940702,895.0183783783783,4.0,-0.008660637713604369,-0.010017809992854398,27143.0,0.042478012059761205,-0.051138649773365574,,,True
03133,2017,5076,4,122736,2021,4.135705905357841,1097.5231607629428,4.0,0.01194964090207562,-0.0008085352874285245,18484.0,0.03621482228949424,-0.024265181387418622,,,True
03139,2017,655,4,25780,2021,2.540729247478666,1163.2611111111112,4.0,-0.06384365889342658,-0.05397121801943061,24035.0,0.04855597242823495,-0.11239963132166153,,,True
03140,2017,251,4,18609,2021,1.3488097157289483,610.0759036144578,4.0,0.03939117176222262,0.09895933383800681,23409.0,0.02738643844634625,0.01200473331587637,,,True
04013,2017,2110,4,100957,2021,2.089998712323068,1071.2616166077737,4.0,-0.001735675115004609,0.028449128067753238,27090.0,0.021878536401358062,-0.02361421151636267,,,True
04079,2017,1904,4,62150,2021,3.063555913113435,928.3339138006095,4.0,-0.014666617507821056,-0.025647658610752466,24092.0,0.02864950258315191,-0.043316120090972965,,,True
04902,2017,1050,4,40014,2021,2.6240815714499925,869.6988700564972,4.0,0.05701484126329803,0.04372516132915938,22481.0,0.02153860135411456,0.03547623990918347,,,True
05019,2017,577,4,34843,2021,1.6559997703986453,892.1741134751775,4.0,0.011994766753548491,0.014723437500092751,28431.0,0.026389891696750878,-0.014395124943202386,,,True
06011,2017,342,4,17292,2021,1.977793199167245,678.7709677419355,4.0,0.001024363129744188,-0.0771413259780076,21998.0,0.04147334532714697,-0.04044898219740278,,,True
06015,2017,1401,4,74594,2021,1.8781671448105746,1060.1374561403509,4.0,-0.0009541948448843485,0.07185686891442022,28630.0,0.010874938210578389,-0.011829133055462737,,,True
06044,2017,300,4,21262,2021,1.4109679239958612,791.5302127659575,4.0,0.07205794012082989,0.1447964499459422,25048.0,0.03112135682529238,0.04093658329553751,,,True
06083,2017,513,4,31358,2021,1.6359461700363545,757.6555319148937,4.0,-0.008160773501207252,0.029781241312821338,26497.0,0.023484877747305788,-0.03164565124851304,,,True
07011,2017,1785,4,36492,2021,4.891483064781322,2596.603474903475,4.0,0.06449782583587749,0.06165787809803258,33549.0,0.06440559662425849,9.222921161899933e-05,,,True
07015,2017,600,4,17887,2021,3.3543914574830884,1653.6896341463416,4.0,0.06577425455383823,0.08592233168390284,30140.0,0.04776472224153516,0.018009532312303067,,,True
07026,2017,605,4,23938,2021,2.52736235274459,2881.2777978339354,4.0,0.07396191883029779,-0.03596799985131138,37822.0,0.05166277388499618,0.022299144945301608,,,True
07027,2017,438,4,15863,2021,2.7611422807791715,1186.438808373591,4.0,0.10098954538586313,0.1079324441650843,30338.0,0.03993418571967222,0.06105535966619091,,,True
07031,2017,676,4,23312,2021,2.899794097460535,1713.2860215053763,4.0,0.08505779524662094,0.0822099064135986,33678.0,0.04925693990092528,0.03580085534569566,,,True
07032,2017,439,4,15173,2021,2.893297304422329,1292.4687344913152,4.0,0.051363455263255586,0.0672396794322665,33303.0,0.05506098526849357,-0.003697530005237981,,,True
07033,2017,580,4,28571,2021,2.030030450456757,1247.2081249999999,4.0,-0.013060775973535832,-0.028058673475689022,32589.0,0.08590183599346912,-0.09896261196700495,,,True
07036,2017,353,4,15048,2021,2.345826687931951,1864.7531516183988,4.0,0.10265405464961996,0.07006152466645243,41348.0,0.0425617750882501,0.060092279561369866,,,True
07040,2017,5890,4,186482,2021,3.158481783764653,1706.5190827894194,4.0,0.09515865114400368,0.06543625249298035,35110.0,0.03618226891748311,0.058976382226520574,,,True
07054,2017,613,4,22810,2021,2.6874177992108725,2827.5245202558635,4.0,0.11636555185056996,0.03545869471832597,34026.0,0.08019047619047615,0.036175075660093814,,,True
08015,2017,2574,4,91915,2021,2.800413425447424,1609.0686469673406,4.0,0.042832006855899385,-0.005430662459411817,30705.0,0.02874660769926618,0.014085399156633205,,,True
08019,2017,16899,4,808751,2021,2.0895182818939326,2934.991742709463,4.0,0.08880716298387115,0.010503661630926198,37881.0,0.013646945492494122,0.07516021749137702,,,True
08056,2017,787,4,28708,2021,2.741396126515257,2507.129763033175,4.0,0.08957840728528677,0.00037346809047322793,45885.0,0.08825064035670249,0.001327766928584273,,,True
08073,2017,802,4,37034,2021,2.1655775773613435,1752.7536809815952,4.0,0.11448784375656595,0.10249862996856574,31139.0,0.028334599253657444,0.08615324450290851,,,True
08077,2017,393,4,19420,2021,2.023686920700309,2054.810564663024,4.0,0.08236837535213426,0.05184890525836483,39457.0,0.012964674471144022,0.06940370088099024,,,True
08089,2017,647,4,20359,2021,3.177955695269905,2009.9597891566266,4.0,0.052085006730753,-0.02044280058751191,37370.0,0.015930839495432725,0.03615416723532028,,,True
08096,2017,640,4,26298,2021,2.433645144117423,1481.1952941176469,4.0,0.06366314906392812,0.022825250641335337,34496.0,0.024836601307189454,0.03882654775673866,,,True
08101,2017,2968,4,110488,2021,2.6862645717181954,1679.261197339246,4.0,0.10671365638411756,0.046606406909797116,28985.0,0.019234826640410763,0.0874788297437068,,,True
08102,2017,382,4,18257,2021,2.0923481404392836,1038.6132530120483,4.0,0.02106315848501339,0.04549094103154461,32369.0,0.017157401879144052,0.003905756605869337,,,True
08113,2017,747,4,40136,2021,1.8611720151484952,938.7066212268743,4.0,-0.0003716342014968843,0.04237888790940292,31422.0,0.028375061364751986,-0.02874669556624887,,,True
08114,2017,238,4,10685,2021,2.227421619092185,1319.3017964071855,4.0,0.07330240273542432,0.06523150738102679,34056.0,0.03548298823314777,0.03781941450227655,,,True
08121,2017,1256,4,52996,2021,2.369990187938712,1460.5160407725323,4.0,0.06554702505864296,0.028309706172457094,30250.0,0.02490259190242239,0.04064443315622057,,,True
08124,2017,394,4,20857,2021,1.8890540346166755,1439.51295971979,4.0,0.03838245984654809,0.020828898043493194,32350.0,0.02571419512349782,0.012668264723050271,,,True
08125,2017,331,4,15304,2021,2.162833246210141,1428.6448387096775,4.0,0.119942593372113,0.14059239262484957,31229.0,0.02635816873171848,0.09358442464039451,,,True
08169,2017,514,4,26518,2021,1.93830605626367,1986.8825396825396,4.0,0.043744427983368306,-0.013507627304337966,33106.0,0.024826646854878565,0.01891778112848974,,,True
08172,2017,316,4,12313,2021,2.5663932429139935,1737.0089136490253,4.0,0.05510682623542085,0.0018564180047093704,34367.0,0.03272432237514278,0.02238250386027807,,,True
08180,2017,370,4,15427,2021,2.398392428858495,1486.8057591623035,4.0,0.0689930845095541,0.0009859357648367428,30524.0,0.023368089315050078,0.045624995194504026,,,True
08184,2017,946,4,32476,2021,2.912920310383052,1426.9721433400946,4.0,0.0965942939417912,0.04080998512313849,32571.0,0.021835294117646953,0.07475899982414425,,,True
08187,2017,2538,4,92772,2021,2.735739231664726,1365.6364041604754,4.0,0.0992043255942372,0.07866394413048283,32494.0,0.028258599411411067,0.07094572618282613,,,True
08194,2017,352,4,14877,2021,2.366068427774417,1604.776967930029,4.0,0.08332073102064652,0.06029044210236023,28845.0,0.014811426963129648,0.06850930405751687,,,True
08200,2017,779,4,33904,2021,2.2976639924492686,1752.1329357798165,4.0,0.10038245004114077,0.04468643528820704,32501.0,0.025526946863561717,0.07485550317757905,,,True
08205,2017,1021,4,35770,2021,2.8543472183393908,2965.4961722488038,4.0,0.12397511575661446,0.044468988542508914,59606.0,0.02479196754005919,0.09918314821655527,,,True
08211,2017,396,4,18719,2021,2.115497622736257,1930.7427631578946,4.0,0.08357557221981282,0.055010687359343224,37265.0,0.031871296450130204,0.05170427576968262,,,True
08217,2017,262,4,13577,2021,1.929734109155189,2156.7878260869566,4.0,0.12581072415666128,0.11412516451773902,39846.0,0.025795489650911385,0.1000152345057499,,,True
08231,2017,356,4,14150,2021,2.5159010600706715,1554.627086614173,4.0,0.05293555765529945,0.08668982105463097,32766.0,0.029179885039419595,0.023755672615879853,,,True
08245,2017,1056,4,48100,2021,2.1954261954261955,1406.1982456140352,4.0,0.04989953719770002,-0.006419291992142417,27520.0,0.02403810374339521,0.025861433454304805,,,True
08252,2017,261,4,13768,2021,1.8957001743172575,1552.818544600939,4.0,0.07843015103604412,0.025052628523854814,34751.0,0.02944574458630811,0.04898440644973601,,,True
08263,2017,242,4,11530,2021,2.09887250650477,1566.1792147806004,4.0,0.07462111280683792,0.03361936007284294,33297.0,0.01741681180676502,0.0572043010000729,,,True
08266,2017,502,4,23858,2021,2.1041160197837203,1784.6483180428133,4.0,0.06216721749576726,0.020855537008095837,38333.0,0.024590383021944273,0.037576834473822984,,,True
08279,2017,2814,4,101134,2021,2.7824470504479204,1273.51125998454,4.0,0.09408799891644337,0.05624996239618962,32184.0,0.029887999999999915,0.06419999891644346,,,True
08298,2017,520,4,19836,2021,2.621496269409155,1091.0615942028985,4.0,-0.02576678912074737,-0.015446905338330041,34720.0,0.036913152550471784,-0.06267994167121915,,,True
08301,2017,585,4,26586,2021,2.200406228842248,1832.4280721533257,4.0,0.07724544131219169,0.02558456284277777,34165.0,0.025514032717994795,0.05173140859419689,,,True
08305,2017,410,4,18264,2021,2.2448532632501097,1195.1819256756755,4.0,0.06864662788034082,0.03118954454879419,31880.0,0.0385718008861089,0.030074826994231918,,,True
08307,2017,845,4,33155,2021,2.5486351983109636,1464.1542832909245,4.0,0.03257805838178229,0.023003017661405334,32551.0,0.02471195617956301,0.007866102202219283,,,True
09018,2017,420,4,19708,2021,2.1311142683174347,992.117883211679,4.0,0.06340210502613064,0.14874735315639576,29101.0,0.019656622284512926,0.043745482741617714,,,True
09059,2017,1901,4,93766,2021,2.02738732589638,1219.1452887537994,4.0,0.01854905445918087,0.05998610537181692,32285.0,0.01864706253549575,-9.800807631488162e-05,,,True
09219,2017,285,4,21007,2021,1.3566906269338792,862.7329512893982,4.0,-0.08211443100149196,-0.010036660921342366,29387.0,0.02137494786598082,-0.10348937886747278,,,True
10037,2017,882,4,53756,2021,1.6407470793957883,1060.045205479452,4.0,0.0025902610915569113,0.025149915668045808,29356.0,0.010707522809433545,-0.008117261717876634,,,True
10148,2017,307,4,22443,2021,1.3679098159782561,797.3874493927126,4.0,-0.025022315293338537,-0.03690619314293564,25485.0,0.03265934600267428,-0.05768166129601282,,,True
11004,2017,1163,4,55815,2021,2.083669264534623,907.760453808752,4.0,-0.059310440073879644,-0.04055229593009313,27643.0,0.02392858465755454,-0.08323902473143419,,,True
11006,2017,172,4,15460,2021,1.11254851228978,831.1340996168583,4.0,0.057417850309873675,0.06532776302078891,20599.0,0.05252669766491236,0.004891152644961316,,,True
11012,2017,1102,4,56479,2021,1.9511676906460809,1785.5620853080568,4.0,0.005418233342676437,0.005370229424869644,30181.0,0.01465792570179869,-0.009239692359122254,,,True
11015,2017,1086,4,49229,2021,2.2060167787279856,1176.7090690208668,4.0,0.043119348047307104,0.09582376104450252,23438.0,0.034744602887289755,0.00837474516001735,,,True
11020,2017,1817,4,92974,2021,1.954309807042829,902.6267384916747,4.0,0.03760110969593056,0.09424821560579477,24601.0,0.02945976482403645,0.008141344871894107,,,True
11022,2017,656,4,30028,2021,2.184627680831224,1025.8754777070064,4.0,0.008189648757097157,-0.015131639845106237,22543.0,0.03223590823755673,-0.024046259480459575,,,True
11027,2017,1026,4,49077,2021,2.0905923344947737,1261.6567415730335,4.0,-0.011608711013372686,0.03224379081513484,27732.0,0.023547648925961395,-0.03515635993933408,,,True
11028,2017,234,4,18626,2021,1.2563083861269193,1058.2517985611512,4.0,0.011707128158305435,-0.01913446366367455,26620.0,0.03769539624995133,-0.025988268091645894,,,True
11030,2017,596,4,26868,2021,2.218252195920798,1455.7470930232557,4.0,0.039553220089949104,0.03966418826172868,25969.0,0.03896779355871183,0.0005854265312372764,,,True
11031,2017,717,4,39564,2021,1.8122535638459205,1070.9256774193548,4.0,0.0025186376691070933,0.011802677690390895,26928.0,0.020231870879745317,-0.017713233210638224,,,True
11032,2017,790,4,34536,2021,2.28746814917767,1085.1358173076924,4.0,0.04297962536607347,0.06513127199749857,20328.0,0.03613843722921661,0.006841188136856857,,,True
11033,2017,589,4,19625,2021,3.0012738853503187,1387.162086092715,4.0,0.06344445892587647,0.09487699331532262,26487.0,0.050362850458024244,0.013081608467852224,,,True
12032,2017,453,4,20301,2021,2.231417171567903,716.0205405405404,4.0,0.01647736647819742,0.03463637756340798,26589.0,0.04250147029994111,-0.026024103821743694,,,True
12040,2017,1834,4,91229,2021,2.0103256639884246,852.9441413515189,4.0,-0.03182629493820688,-0.022865831590024754,29751.0,0.03539361035706823,-0.0672199052952751,,,True
12126,2017,207,4,15906,2021,1.3013956997359486,651.3847328244276,4.0,-0.008353904747391727,-0.0011147282265457914,25335.0,0.03488419590702985,-0.043238100654421574,,,True
12135,2017,454,4,25363,2021,1.790009068327879,700.6611428571429,4.0,0.03930342871058845,0.06032373281143688,29065.0,0.031954553523877216,0.0073488751867112345,,,True
12138,2017,468,4,20887,2021,2.240628141906449,965.6418546365915,4.0,0.07048750346972699,0.04694852950928641,25116.0,0.03396319624552313,0.036524307224203856,,,True
13005,2017,263,4,17129,2021,1.5354077879619359,738.8034188034188,4.0,0.038126939829962625,0.08359265921609516,27809.0,0.03552411096630048,0.0026028288636621433,,,True
13034,2017,702,4,41592,2021,1.6878245816503175,980.2198924731182,4.0,-0.006543815651589235,-0.0029963064172192633,31931.0,0.018987745723768157,-0.025531561375357392,,,True
13071,2017,334,4,26589,2021,1.2561585618112754,609.239393939394,4.0,-0.07778430153895044,-0.06093875994447817,25919.0,0.007815537755657465,-0.0855998392946079,,,True
13082,2017,338,4,19217,2021,1.7588593432897954,622.7792838874681,4.0,0.01989598481311461,0.02586553994722729,22652.0,0.040753503331036,-0.020857518517921392,,,True
13087,2017,277,4,17368,2021,1.5948871487793643,692.4809160305343,4.0,0.0027840441451936204,0.062135894225473165,25208.0,0.03375025630510553,-0.03096621215991191,,,True
14021,2017,3318,4,155400,2021,2.135135135135135,1237.4853351028532,4.0,-0.01800972507729315,-0.007320991283117251,28676.0,0.030658088631707603,-0.04866781370900075,,,True
14038,2017,344,4,21141,2021,1.6271699541175915,769.3308300395257,4.0,-0.0431036575737872,-0.024049877965295674,21999.0,0.03979770288793305,-0.08290136046172025,,,True
14056,2017,195,4,14955,2021,1.3039117352056169,717.0800904977376,4.0,-0.0812634181721763,-0.07160610766422082,22160.0,0.04365845617670616,-0.12492187434888247,,,True
15005,2017,186,4,17841,2021,1.0425424583823777,874.1916666666666,4.0,0.02631218504849575,0.041552670231180255,27203.0,0.038123950541901985,-0.011811765493406234,,,True
15019,2017,142,4,19427,2021,0.7309414732073918,717.4107344632769,4.0,-0.0007185952975130583,-0.03989240216086554,23143.0,0.02616059947678795,-0.026879194774301007,,,True
15030,2017,2227,4,136205,2021,1.635035424543886,1556.1847571189282,4.0,-0.007224357697143913,-0.017267764319063628,32374.0,0.012541832170894107,-0.01976618986803802,,,True
15031,2017,192,4,15752,2021,1.2188928390045708,1161.2798165137615,4.0,0.0908868251323387,0.08080128735930736,29601.0,0.018546555639666895,0.0723402694926718,,,True
15036,2017,482,4,42672,2021,1.1295463067116611,668.1513196480938,4.0,-0.011291264305237858,0.037836137792886526,26918.0,0.011080644555459651,-0.02237190886069751,,,True
15054,2017,242,4,21735,2021,1.1134115481941569,716.326690391459,4.0,-0.027594898655958877,0.00870901592302975,26073.0,0.019831025580849593,-0.04742592423680847,,,True
15058,2017,314,4,19268,2021,1.6296450072659332,1170.6041162227602,4.0,0.020952624487156957,-0.006082719492509048,42223.0,0.026075334143377926,-0.0051227096562209695,,,True
15073,2017,202,4,17097,2021,1.1814938293267825,900.3412955465586,4.0,0.07570870760364223,0.06274812656941786,28519.0,0.016828894355902513,0.05887981324773972,,,True
15078,2017,691,4,56746,2021,1.217706974940965,1456.6233009708737,4.0,-0.005983754140337361,0.011141686696624187,34706.0,0.018727251379593746,-0.024711005519931106,,,True
16078,2017,575,4,31611,2021,1.8189870614659454,1014.1960176991151,4.0,-0.03806672660865018,-0.015477683274783272,29877.0,0.02592541721035646,-0.06399214381900664,,,True
17023,2017,495,4,25589,2021,1.9344249482199383,1313.700157977883,4.0,0.02294108802069439,0.03823072839153663,27668.0,0.03150281474853678,-0.00856172672784239,,,True
17066,2017,406,4,21062,2021,1.9276421992213466,1082.085765124555,4.0,0.05444831128296279,0.02876945459020841,27583.0,0.022008966616028802,0.03243934466693399,,,True
17079,2017,1213,4,50333,2021,2.4099497347664554,1459.7549467275494,4.0,0.03540847326324004,0.04625166645434009,35968.0,0.02607405716893929,0.009334416094300746,,,True
17095,2017,551,4,25496,2021,2.161123313460935,1552.11993006993,4.0,0.022257585539902758,0.007365412641573643,25229.0,0.029334965320277462,-0.007077379780374704,,,True
17114,2017,383,4,16713,2021,2.2916292706276553,1005.3907815631262,4.0,0.058035773310796124,0.06325765569061748,32806.0,0.029757046895599215,0.02827872641519691,,,True
17155,2017,283,4,11642,2021,2.430853805188112,887.3967976710335,4.0,0.037240347729693424,0.0729344956102359,27372.0,0.045451073256435714,-0.00821072552674229,,,True
18087,2017,3375,4,141257,2021,2.3892621250628285,1413.0771812080536,4.0,-0.008094037764714401,-0.018193279684974084,29373.0,0.01809296038265562,-0.026186998147370022,,,True
18140,2017,788,4,32841,2021,2.399439724734326,947.118607068607,4.0,-0.027428245327626666,0.0030741251779728973,23766.0,0.03478904515173942,-0.06221729047936608,,,True
19130,2017,915,4,41937,2021,2.181844194863724,1090.126923076923,4.0,0.03437872107480988,0.013731537222307244,32442.0,0.02440872777795322,0.00996999329685666,,,True
20030,2017,310,4,13535,2021,2.290358330254895,1593.2768115942029,3.0,-0.2034551016474877,-0.24199860248273986,35809.0,0.028669098848065344,-0.23212420049555305,,,True
20045,2017,637,4,28045,2021,2.2713496166874667,1874.7348623853213,4.0,0.013234450146812016,-0.009503032171124248,31875.0,0.01892401623885176,-0.005689566092039744,,,True
20067,2017,271,4,17999,2021,1.5056392021778988,1919.055128205128,3.0,0.02964035183859548,0.024291722633778212,30575.0,0.018114614897938752,0.011525736940656728,,,True
20069,2017,2238,4,94733,2021,2.362429142959687,3376.2650393700783,4.0,0.09311337973713996,0.09177112971685886,42003.0,0.02030752787426815,0.0728058518628718,,,True
21041,2017,1263,4,68714,2021,1.8380533806793375,970.4625091174325,4.0,0.03800042422818528,0.10730364913856327,26857.0,0.029082688328607498,0.008917735899577783,,,True
22125,2017,629,4,29309,2021,2.1460984680473576,1012.0058823529412,4.0,0.0049659855911032835,0.005061510088716803,31278.0,0.02476901906821305,-0.019803033477109766,,,True
23005,2017,285,4,20048,2021,1.4215881883479649,708.1993399339934,4.0,-0.050101055345314394,-0.07003410560401313,21561.0,0.004612804025719841,-0.054713859371034235,,,True
23050,2017,1025,4,58293,2021,1.758358636542981,1099.996764985728,4.0,0.005443533875886253,0.016248415242763548,30452.0,0.0353949202679269,-0.029951386392040646,,,True
23055,2017,387,4,29385,2021,1.3169984686064318,765.5239543726235,4.0,-0.08041121871999679,-0.10745739409456156,25616.0,0.024435112977404527,-0.10484633169740132,,,True
23092,2017,272,4,18318,2021,1.484878261818976,848.3885350318471,4.0,-0.00873353640323038,-0.00573297420496599,26067.0,0.047919597989949825,-0.056653134393180204,,,True
24089,2017,1227,4,79199,2021,1.5492619856311316,1064.5493087557604,4.0,-0.03880212013671147,-0.0006939585353504807,30238.0,0.012455635170427914,-0.051257755307139385,,,True
24115,2017,518,4,42549,2021,1.2174199158617123,749.4632911392405,4.0,0.020589494047271284,0.07643102727835394,26800.0,0.022978853347583872,-0.002389359300312588,,,True
24142,2017,214,4,17161,2021,1.2470135772973603,850.3532818532818,4.0,0.04333943010897423,0.05466332626284787,26827.0,0.01767762983194876,0.02566180027702547,,,True
25120,2017,1412,4,68299,2021,2.0673801959033073,852.0376543209877,4.0,-0.011551765310595541,0.0510151327945233,31206.0,0.028272044286279163,-0.039823809596874704,,,True
26089,2017,1771,4,78908,2021,2.24438586708572,1096.7846153846153,4.0,-0.022688355799980187,0.010493817378930848,31406.0,0.02056998017742817,-0.04325833597740836,,,True
27028,2017,758,4,62648,2021,1.2099348742178522,859.3048494983278,4.0,-0.0016892136414861092,-0.003548772801793998,28404.0,0.029316905236455915,-0.031006118877942024,,,True
28005,2017,2028,4,79588,2021,2.5481228325878273,1364.7381818181818,4.0,0.03842826199714322,0.0013157808945520877,33655.0,0.02760221061952306,0.01082605137762016,,,True
28006,2017,1150,4,42744,2021,2.6904360845966684,2440.296725146199,4.0,0.0341689078463443,0.03332534854953395,57678.0,0.04358682082179888,-0.009417912975454579,,,True
28007,2017,1571,4,70601,2021,2.225180946445518,1649.4269528501054,4.0,0.0807269862696054,0.050714023001200204,33100.0,0.018492876703898542,0.06223410956570685,,,True
28013,2017,708,4,25682,2021,2.7567946421618252,1117.1924657534246,4.0,0.013138436094702888,0.027540609423685636,31497.0,0.019980569948186533,-0.006842133853483645,,,True
28014,2017,719,4,21573,2021,3.332869790942382,1231.0204322200393,4.0,0.070696021727088,0.09201109218042514,31495.0,0.02479419516480652,0.04590182656228148,,,True
28022,2017,555,4,19874,2021,2.792593338029586,2257.0846761453395,4.0,0.08546731633182159,0.04485326497217712,67389.0,0.03355776751890316,0.05190954881291843,,,True
28045,2017,554,4,20461,2021,2.707590049362201,1532.4849710982658,4.0,0.04692532568825447,0.05137360436392724,40270.0,0.025595313892779803,0.021330011795474668,,,True
28047,2017,824,4,27922,2021,2.9510780030083805,1360.8008344923505,4.0,0.049625561505065585,0.04638707072746251,32912.0,0.01664967720013588,0.0329758843049297,,,True
28049,2017,556,4,31337,2021,1.7742604588824713,1570.9324902723736,4.0,0.056589453777595056,0.04569774443744068,34348.0,0.022292330128872884,0.03429712364872217,,,True
28058,2017,1311,4,70944,2021,1.847936400541272,1330.247579529737,4.0,0.0625109002811104,0.015623997927523003,30034.0,0.0291608128019738,0.03335008747913659,,,True
28061,2017,343,4,15295,2021,2.242562929061785,1363.683406113537,4.0,0.04083175271987072,-0.0016434135318694754,38710.0,0.0017856680727723617,0.039046084647098356,,,True
28065,2017,2199,4,79835,2021,2.7544310139663053,1465.3082972582972,4.0,0.021598685751455404,-0.018365664270257653,32545.0,0.024619840695148554,-0.0030211549436931495,,,True
28074,2017,1574,4,77962,2021,2.0189323003514534,1502.1250218722662,4.0,0.023330712504253892,-0.0035259213659972755,30834.0,0.022211908234982092,0.0011188042692718003,,,True
28079,2017,44183,4,1533221,2021,2.8817111166622422,2739.6519241408987,4.0,0.06133894208116386,0.01689519249771876,40195.0,0.014692146517557347,0.04664679556360651,,,True
28080,2017,713,4,25577,2021,2.787660788990108,2633.4784702549573,4.0,0.05984963765056661,0.01297183832035409,61838.0,0.014785762344716735,0.045063875305849876,,,True
28092,2017,1890,4,82103,2021,2.3019865291158665,1321.866981769075,4.0,0.044836034837523187,-0.022679092174668458,30826.0,0.019681783599616365,0.02515425123790682,,,True
28106,2017,1455,4,47256,2021,3.078974098527171,1042.432601463739,4.0,0.08272509409839612,0.06628514602561841,27142.0,0.0327220150673464,0.050003079031049724,,,True
28113,2017,725,4,21507,2021,3.3709954898405172,1438.163679245283,4.0,0.03799784279819196,-0.0014011054590732375,33342.0,0.03216419527598058,0.005833647522211383,,,True
28115,2017,836,4,32327,2021,2.5860735608005694,2729.9456310679616,4.0,0.08431037092082283,0.06168969059698215,83388.0,-0.0028221563187601495,0.08713252723958298,,,True
28123,2017,1238,4,35980,2021,3.4408004446914955,1696.1621968616266,4.0,0.06067549889969248,0.023736106759734144,42234.0,0.023804906428779304,0.03687059247091318,,,True
28127,2017,1160,4,35404,2021,3.2764659360524235,2221.456154465004,4.0,0.07156802981268107,0.024979418290887123,60236.0,-0.018637992831541217,0.09020602264422228,,,True
28130,2017,279,4,15621,2021,1.7860572306510467,1596.4136363636362,4.0,0.02755769590862256,-0.030671140418479848,32768.0,0.027081243731193583,0.0004764521774289765,,,True
28134,2017,1340,4,36032,2021,3.7189165186500888,1931.8590021691973,4.0,0.09203085391468524,0.09288290084762996,40526.0,0.025092325593160325,0.06693852832152491,,,True
28148,2017,1436,4,50494,2021,2.8439022458113836,1334.7126945126947,4.0,0.06952210905907474,0.0261962255685817,32266.0,0.03122503116111086,0.03829707789796388,,,True
28161,2017,992,4,28896,2021,3.433001107419712,1282.2606459330143,4.0,0.042237982701201604,-0.011965040157742246,34829.0,0.027949943923027076,0.014288038778174528,,,True
28181,2017,361,4,11252,2021,3.2083185211517953,1830.500534759358,4.0,0.0711576890883232,0.009418233649436836,53347.0,0.030362143891839777,0.04079554519648343,,,True
28903,2017,302,4,18542,2021,1.6287347643188437,2187.267509025271,4.0,0.1374394460753381,0.11365011811174375,51944.0,0.007975472027632824,0.12946397404770527,,,True
29007,2017,389,4,17000,2021,2.288235294117647,1329.0504132231406,4.0,0.08622613126891565,0.022159833121895955,30293.0,0.0491082251082251,0.03711790616069055,,,True
29015,2017,344,4,20944,2021,1.6424751718869366,938.1733333333333,4.0,-0.026240781609195407,-0.025422369983232218,25708.0,0.026021711366538858,-0.052262492975734265,,,True
29025,2017,2142,4,48663,2021,4.401701498058073,1649.082536231884,4.0,0.08524025319006912,0.013765990893808366,24329.0,0.07436520203135344,0.010875051158715676,,,True
29051,2017,2677,4,50366,2021,5.315093515466783,1448.645490981964,4.0,0.07008371395882751,0.05186418811588256,23760.0,0.056516519187158165,0.013567194771669344,,,True
29054,2017,1814,4,48887,2021,3.710597909464684,1720.831878557875,4.0,0.13993027165773753,0.10699527678266851,22523.0,0.04958292557901123,0.0903473460787263,,,True
29067,2017,7030,4,261857,2021,2.6846714046216062,1375.7476347634763,4.0,0.024810812563810236,-0.014345809048529778,27525.0,0.03194241367675188,-0.0071316011129416434,,,True
29069,2017,4279,4,100282,2021,4.266967152629585,2184.854272337105,4.0,0.08453365425617099,0.046360132115983665,26120.0,0.03396405668593139,0.0505695975702396,,,True
29070,2017,2904,4,62030,2021,4.681605674673545,1434.7445111960678,4.0,0.09748599589465101,0.03264250727316931,21578.0,0.06637015072893493,0.031115845165716083,,,True
29082,2017,800,4,27620,2021,2.896451846488052,1473.689825970549,4.0,0.10625625800107774,0.023828836680142906,30007.0,0.038268572021729286,0.06798768597934846,,,True
29084,2017,333,4,19462,2021,1.7110266159695817,1051.9725806451613,4.0,0.046945332564667375,0.06427153498892302,25258.0,0.02704021469523843,0.019905117869428945,,,True
29094,2017,1373,4,50454,2021,2.721290680619971,1231.57,4.0,0.07255110426259082,0.015549160917485372,23083.0,0.049322665696881485,0.02322843856570933,,,True
29901,2017,1808,4,42938,2021,4.21072243700219,1502.2937557392102,4.0,0.04042709767851216,0.007176917313745923,24171.0,0.0358704037027513,0.0045566939757608615,,,True
30003,2017,508,4,26137,2021,1.9436048513601407,869.6881431767338,4.0,-0.00068259775024615,0.02041410639466945,24222.0,0.04306261303935921,-0.04374521078960536,,,True
30005,2017,231,4,18107,2021,1.275749710056884,715.8331196581197,4.0,0.0523975597295927,0.11732636988900824,25321.0,0.03069157813326817,0.02170598159632453,,,True
30015,2017,168,4,14630,2021,1.1483253588516746,637.1889908256879,4.0,0.0005504738136161702,0.05961222595038029,24568.0,0.04017951649096063,-0.03962904267734446,,,True
30016,2017,2397,4,125253,2021,1.913726617326531,915.4492103374013,4.0,-0.020323148872552377,0.006211506533307043,28835.0,0.023643011821505855,-0.04396616069405823,,,True
30019,2017,214,4,16704,2021,1.2811302681992338,761.0201183431952,4.0,-0.06382803148707827,-0.08585921438926047,25350.0,0.04492992580379229,-0.10875795729087057,,,True
30022,2017,231,4,13679,2021,1.688719935667812,606.1795918367346,4.0,0.07924309070640212,0.133357358595231,23512.0,0.04562839099884375,0.03361469970755837,,,True
30024,2017,575,4,42431,2021,1.3551412882090923,741.6176049129989,4.0,-0.011457151705972168,0.0852369155520295,27149.0,0.03796452056889432,-0.04942167227486649,,,True
30026,2017,913,4,31537,2021,2.8950122078828042,932.1379746835443,4.0,-0.015095036258264138,-0.015593689475107309,21195.0,0.07077902394665059,-0.08587406020491473,,,True
30027,2017,582,4,32908,2021,1.7685669138203477,818.4284995808885,4.0,0.04505591408306753,0.05855075112868435,30226.0,0.02322274881516595,0.021833165267901578,,,True
30030,2017,4109,4,219740,2021,1.8699371985073268,936.9225883558134,4.0,0.011574865633543263,0.031021502987336635,30582.0,0.02582852542600289,-0.014253659792459628,,,True
30035,2017,925,4,41372,2021,2.235811660059944,1087.689256198347,4.0,0.011900701492050247,-0.006583059381241263,26969.0,0.027782012195121997,-0.01588131070307175,,,True
30037,2017,708,4,21899,2021,3.233024339010914,809.1325688073395,4.0,0.0024587621799585513,0.021540200680724264,25423.0,0.035012009933639954,-0.0325532477536814,,,True
30039,2017,222,4,15390,2021,1.442495126705653,689.9028753993609,4.0,-0.006103303704243612,0.05891923177197311,25675.0,0.03930537564766845,-0.04540867935191206,,,True
30043,2017,290,4,19242,2021,1.507119842012265,643.8205405405406,4.0,0.03873845346626914,0.07668899917774552,23608.0,0.0368483464359437,0.0018901070303254386,,,True
31201,2017,2321,4,94761,2021,2.4493198678781356,1623.7131057268723,4.0,0.07823662723447633,0.0815622376836539,33883.0,-0.059876252046280665,0.138112879280757,,,True
31232,2017,410,4,17007,2021,2.4107720350443933,900.2569620253164,4.0,-0.017838368777299163,-0.016110339137721197,29866.0,-0.10993890627328262,0.09210053749598346,,,True
32054,2017,689,4,67492,2021,1.0208617317608013,1076.8851376146788,4.0,-0.026853773333381126,0.04002173530272246,28038.0,0.012202166064982034,-0.03905593939836316,,,True
33004,2017,542,4,42296,2021,1.2814450539058067,1123.2903914590747,4.0,0.03922558684000288,0.09068056316972084,28592.0,0.014152449189515082,0.025073137650487798,,,True
33024,2017,2888,4,148955,2021,1.9388405894397638,1337.112892135797,4.0,0.02056786242852704,0.0655136274537762,29306.0,0.020297322703060283,0.0002705397254667563,,,True
33031,2017,357,4,25962,2021,1.3750866651259532,781.0518939393938,4.0,-0.0896941589896465,-0.140679932645686,26210.0,0.010642399938304958,-0.10033655892795146,,,True
33037,2017,318,4,25878,2021,1.2288430326918618,786.6617486338798,4.0,0.03060474717344963,0.010340914737627216,26603.0,0.012560423248201502,0.01804432392524813,,,True
33044,2017,2144,4,127210,2021,1.6854020910305794,1282.37034820457,4.0,-0.03259193874489241,-0.03164562285860251,31951.0,0.018423485162400777,-0.05101542390729319,,,True
33066,2017,411,4,29569,2021,1.3899692245256856,1019.3225263157893,4.0,-0.012079657469444949,-0.012814623860283647,30300.0,0.01613065495154098,-0.028210312420985928,,,True
34120,2017,768,4,44610,2021,1.7215870880968394,1069.9328333333333,4.0,-0.031047277875055124,0.004235156332133561,29581.0,0.012978563112115538,-0.04402584098717066,,,True
35002,2017,223,4,14365,2021,1.5523842673163941,1038.6806250000002,4.0,0.06970722846956257,0.09516829484732026,27464.0,0.044417401886218455,0.02528982658334411,,,True
35004,2017,624,4,25339,2021,2.462607048423379,991.9696473551637,4.0,0.03818341087483024,0.07655285547770874,26992.0,0.05656241437350773,-0.018379003498677493,,,True
35006,2017,296,4,17003,2021,1.7408692583661707,940.9909574468085,4.0,0.07633994791070009,0.05026964542205903,28708.0,0.030179064843721903,0.04616088306697819,,,True
35011,2017,175,4,13881,2021,1.2607160867372669,845.2683453237412,4.0,0.053541660765036525,0.06362769251500788,27007.0,0.03653809249664164,0.017003568268394886,,,True
35016,2017,3242,4,175181,2021,1.8506573201431662,1417.206208,4.0,0.031017312679840314,0.01947918461668352,31172.0,0.0363376442035972,-0.005320331523756883,,,True
35017,2017,595,4,18683,2021,3.1847133757961785,921.3216666666666,4.0,0.07115532404145641,0.00714956597543126,28654.0,0.03679849477150188,0.034356829269954536,,,True
35019,2017,1499,4,32766,2021,4.574864188488067,1771.1714285714286,4.0,0.0554278173678433,-0.013074608944131816,25879.0,0.06318557166920002,-0.007757754301356723,,,True
35022,2017,656,4,30372,2021,2.159884103779797,931.477777777778,4.0,0.10445802698185314,0.10352923024819205,25164.0,0.05029425268166454,0.054163774300188594,,,True
35026,2017,573,4,46739,2021,1.2259569096471896,1021.078349120433,4.0,0.04101967754647706,-0.003584198302365449,26858.0,0.04501770359129997,-0.003998026044822911,,,True
36026,2017,106,4,12577,2021,0.8428083008666614,833.7024844720497,4.0,-0.0071787506039042714,-0.037468822886305375,25520.0,0.02383053839364524,-0.03100928899754951,,,True
36038,2017,585,4,42646,2021,1.3717581953758853,1042.1119868637109,4.0,-0.021673818683090595,0.018590198338773845,29618.0,0.019938703123385748,-0.041612521806476344,,,True
36045,2017,129,4,14215,2021,0.9074920858248329,904.8902564102565,4.0,0.05810125721941195,0.11082947785409958,30148.0,0.031335522714833086,0.026765734504578864,,,True
36057,2017,2069,4,144293,2021,1.4338879917944738,1353.7363515901059,4.0,0.02400122947070704,0.011454325115670905,31827.0,0.02209447959150901,0.001906749879198033,,,True
36060,2017,335,4,21149,2021,1.5839992434630479,865.9708683473389,4.0,0.036298159794538654,0.038286619241806874,25758.0,0.033752056828671106,0.002546102965867547,,,True
37274,2017,1666,4,92553,2021,1.8000497012522554,1497.6866952789699,4.0,-0.004344465556822552,-0.005684352952767924,27811.0,0.016669713032352318,-0.02101417858917487,,,True
38001,2017,1916,4,26798,2021,7.149787297559519,1717.6302538071063,4.0,0.14260147199187823,0.08074973407629216,23721.0,0.04797879390324722,0.09462267808863101,,,True
38006,2017,2388,4,53746,2021,4.443121348565475,1398.1947643979058,4.0,0.08882845364228609,0.008551729217460613,21616.0,0.07901961763090903,0.009808836011377053,,,True
38017,2017,906,4,24284,2021,3.7308515895239664,1099.538367346939,4.0,0.1415838270335883,0.0814613117179328,24349.0,0.051792656587472896,0.0897911704461154,,,True
38023,2017,917,4,74096,2021,1.2375836752321312,1034.4426412092282,4.0,0.042871655839556766,0.0451490037755129,28379.0,0.028970268310369862,0.013901387529186904,,,True
38026,2017,176,4,17819,2021,0.9877097480217745,957.168,4.0,-0.024704040453152998,-0.04300356811276396,26042.0,0.036332524175255676,-0.061036564628408674,,,True
38028,2017,756,4,20779,2021,3.6382886568169788,1485.2298412698412,4.0,0.10954660652290626,0.11999726533243749,25130.0,0.03946062210456658,0.07008598441833969,,,True
38031,2017,239,4,17417,2021,1.372222541195384,960.9886877828054,4.0,0.008386850217433572,-0.014681805384278102,24421.0,0.059203678001387816,-0.050816827783954244,,,True
38038,2017,1545,4,97227,2021,1.5890647659600727,1179.2767731456418,4.0,0.038837429704526416,0.06639343620716698,29164.0,0.02286756453423111,0.015969865170295305,,,True
39016,2017,208,4,13768,2021,1.5107495642068565,1210.1384615384613,4.0,0.024374798962548683,0.002089292884655425,30754.0,0.0216257515862206,0.0027490473763280843,,,True
39020,2017,694,4,24994,2021,2.776666399935985,1632.7898823529413,4.0,0.026218203574232435,0.10682503389517628,29113.0,0.014531642040702453,0.011686561533529982,,,True
39075,2017,1859,4,93407,2021,1.990214866123524,1629.5023241206031,4.0,-0.008639518604945162,-0.017166829015851204,32102.0,0.016111163865413225,-0.024750682470358387,,,True
39087,2017,390,4,26596,2021,1.4663859226951421,966.5074829931974,4.0,0.025124557953368765,0.060627458162573644,26446.0,0.032039024390243975,-0.006914466436875211,,,True
40194,2017,512,4,29036,2021,1.7633282821325251,1327.3285012285012,4.0,0.027937912891902617,0.08121469112934832,30781.0,0.01913717180412533,0.008800741087777286,,,True
41004,2017,611,4,32822,2021,1.8615562732313693,1000.0366071428572,4.0,0.06863754091329133,0.1285813890139772,25450.0,0.039581716433152225,0.029055824480139103,,,True
41021,2017,232,4,13079,2021,1.7738359201773837,967.12078313253,4.0,-0.017221904801376864,-0.0008753312700378046,22846.0,0.020639742673338013,-0.03786164747471488,,,True
41024,2017,201,4,15565,2021,1.2913588178605846,1026.8572327044023,4.0,0.045118117955614157,0.046658033172798485,23012.0,0.014548981571290032,0.030569136384324125,,,True
41034,2017,139,4,13904,2021,0.9997123130034522,905.5916666666667,4.0,0.02896632705427371,0.015338318111194571,21905.0,0.0285486218716251,0.0004177051826486089,,,True
41038,2017,1190,4,56736,2021,2.097433728144388,1095.1398249452955,4.0,0.04624693190394136,0.05192321984061821,28178.0,0.03004825266851885,0.01619867923542251,,,True
41039,2017,268,4,18684,2021,1.4343823592378506,842.6091304347826,4.0,0.017590332833643307,0.034098356261731744,22230.0,0.04346601577168596,-0.025875682938042655,,,True
41059,2017,452,4,19554,2021,2.3115475094609796,1280.02125,4.0,0.016542928152819103,-0.011396725370599103,33906.0,0.033498948395159545,-0.01695602024234044,,,True
41065,2017,171,4,13352,2021,1.28070701018574,839.8743750000001,4.0,-0.029970802648729755,0.017654585612205898,22967.0,0.03282816926743726,-0.06279897191616701,,,True
41069,2017,160,4,16512,2021,0.9689922480620154,896.5168421052631,4.0,0.0023672670804408824,-0.019457254596339624,20889.0,0.06652711120187882,-0.06415984412143794,,,True
41081,2017,204,4,16016,2021,1.2737262737262738,1024.0631178707224,4.0,0.025907445863285528,0.03873605724330165,23990.0,0.030232757880271466,-0.004325312016985938,,,True
41091,2017,7732,4,327393,2021,2.3616876353495644,1503.7157328805886,4.0,0.022679394608104975,0.0974751172961471,29911.0,0.017588623528611347,0.005090771079493628,,,True
41095,2017,448,4,23030,2021,1.9452887537993921,872.2055737704918,4.0,0.02647917227797958,0.06597770091521671,23081.0,0.04904099627306602,-0.02256182399508644,,,True
42173,2017,330,4,25244,2021,1.307241324671209,1049.1083969465649,4.0,-0.037302621055522844,0.05093530627709986,31546.0,0.022660226278082174,-0.05996284733360502,,,True
43038,2017,672,4,31733,2021,2.1176693032489835,1555.8166467065869,4.0,0.005769357598143232,-0.025652366923758274,30610.0,0.0332489451476794,-0.027479587549536166,,,True
43123,2017,1234,4,51284,2021,2.406208564074565,935.1859323158593,4.0,-0.012672680206724296,0.004710946145693784,30179.0,0.026042906197939697,-0.03871558640466399,,,True
43148,2017,1499,4,67200,2021,2.230654761904762,1068.5240740740742,4.0,0.021296618457053995,0.06485211446123662,33548.0,0.01525239075172502,0.006044227705328975,,,True
43155,2017,290,4,19654,2021,1.4755266103592144,698.199043062201,4.0,0.03316194364678249,0.09108717301720437,29848.0,0.02856749026499883,0.004594453381783659,,,True
43163,2017,738,4,31063,2021,2.375816888259344,1130.9385300668152,4.0,0.011817087879320232,0.014346282125242249,27364.0,0.028219291323789086,-0.016402203444468855,,,True
44216,2017,308,4,21490,2021,1.4332247557003257,972.486690647482,4.0,-0.004873311870005725,0.03214133704987543,32546.0,0.016490723967768073,-0.021364035837773798,,,True
45165,2017,811,4,43263,2021,1.8745810507824239,656.9159229208926,4.0,-0.07727009263478579,-0.03954303547693805,24565.0,0.03992041317415973,-0.11719050580894552,,,True
45168,2017,914,4,40498,2021,2.256901575386439,1200.3009681881053,4.0,-0.03545508767511085,-0.023164827924903042,35772.0,0.020191649555099334,-0.055646737230210186,,,True
46005,2017,245,4,13175,2021,1.8595825426944972,724.7304932735426,4.0,0.01810777694755683,0.015887768219120302,24507.0,0.03614916286149161,-0.018041385913934782,,,True
46017,2017,452,4,24652,2021,1.833522635080318,662.9273267326732,4.0,-0.012721282517265675,0.05453207948696115,27327.0,0.018486079534866473,-0.031207362052132148,,,True
46021,2017,263,4,14434,2021,1.8220867396425107,840.3214285714286,4.0,-0.002473461060557458,-0.0015506623662702168,25338.0,0.04070316671458496,-0.04317662777514242,,,True
46029,2017,259,4,14059,2021,1.842236289921047,651.2632124352331,4.0,0.0007815961562149809,0.02381930047562897,25776.0,0.031824186381649966,-0.031042590225434985,,,True
46078,2017,385,4,17991,2021,2.1399588683230504,727.611055276382,4.0,-0.02625128601530069,-0.049382741849308354,24419.0,0.03186139869004867,-0.05811268470534936,,,True
46102,2017,191,4,12037,2021,1.5867741131511175,740.3283132530121,4.0,-0.03520481884693871,0.06374893663603398,25039.0,0.0401279441698168,-0.07533276301675551,,,True
46110,2017,308,4,13504,2021,2.2808056872037916,622.241304347826,4.0,-0.07967770725524337,-0.045155758810746405,24474.0,0.035804977145759365,-0.11548268440100273,,,True
46131,2017,1450,4,54541,2021,2.65855044828661,780.6352439969015,4.0,-0.06933693540334984,-0.10224818276824388,25307.0,0.029158194387962633,-0.09849512979131247,,,True
46145,2017,248,4,16908,2021,1.4667612964277266,697.276306620209,4.0,0.019799273633272163,0.07897307097416473,26782.0,0.04173635691781086,-0.021937083284538694,,,True
46159,2017,264,4,14239,2021,1.854062785307957,765.3724550898204,4.0,-0.04325034404249417,0.01147839005329232,25155.0,0.0442525634106854,-0.08750290745317957,,,True
46169,2017,462,4,20270,2021,2.27923038973853,867.2779043280182,4.0,-0.006131248988681115,0.03095824236273914,26335.0,0.02434944960908636,-0.030480698597767475,,,True
46181,2017,526,4,21085,2021,2.4946644534028932,798.6017621145373,4.0,-0.016534738914276814,-0.04108764165405987,24089.0,0.03328614935872687,-0.04982088827300368,,,True
46184,2017,386,4,19230,2021,2.0072802912116483,575.5338164251208,4.0,0.054445767705544545,0.16982202694370718,25570.0,0.029263776516523787,0.025181991189020758,,,True
46190,2017,852,4,33020,2021,2.580254391278013,935.0589361702126,4.0,0.02030202317066032,0.03320389357351594,29538.0,0.026266416510319024,-0.005964393339658702,,,True
46220,2017,868,4,41287,2021,2.102356674013612,764.0623574144486,4.0,-0.02372346805235015,-0.07059119544711812,27756.0,0.036096905446265204,-0.05982037349861535,,,True
46235,2017,416,4,25186,2021,1.6517112681648536,852.1724390243903,4.0,-0.02961955162314922,-0.031138716538819056,25794.0,0.03836399500825238,-0.0679835466314016,,,True
46244,2017,1146,4,40564,2021,2.8251651710876637,761.1424015009381,4.0,-0.01927712962512973,-0.056569469888598345,26951.0,0.03510389061719854,-0.05438102024232827,,,True
46250,2017,10973,4,414988,2021,2.6441728435521026,1150.594108618654,4.0,-0.026035741139714963,-0.04759337458799018,31456.0,0.023791700569568697,-0.04982744170928366,,,True
47186,2017,3032,4,159363,2021,1.9025746252266837,1199.4943441064638,4.0,-0.009651494988745735,0.0045906829976660735,31453.0,0.016383377496283824,-0.02603487248502956,,,True
48013,2017,1137,4,46654,2021,2.4370900673039824,1816.5645000000002,4.0,0.01755632143499075,0.046329925766266156,30556.0,0.01694012713415649,0.0006161943008342607,,,True
48015,2017,289,4,19257,2021,1.5007529729449032,1853.6036363636363,4.0,0.023154326158268512,0.04086397020853216,29654.0,0.015026527468765982,0.00812779868950253,,,True
48020,2017,3698,4,165685,2021,2.231946162899478,2284.7257420091323,4.0,-0.023305710384022515,-0.03577711661101912,35329.0,0.00942884082402351,-0.032734551208046025,,,True
48027,2017,316,4,13360,2021,2.3652694610778444,2007.1210084033612,3.0,0.01463483941578203,-0.004148080942757648,39481.0,0.024203590328940594,-0.009568750913158564,,,True
48036,2017,184,4,13683,2021,1.3447343418840898,1936.3353982300885,4.0,0.007905336131786234,-0.023956053961734503,36546.0,0.017881016042780695,-0.009975679910994462,,,True
48044,2017,793,4,34366,2021,2.3075132398300644,2780.6834254143646,4.0,0.06282338942459798,0.11006983521617253,52589.0,0.07289456503998704,-0.01007117561538906,,,True
48054,2017,394,4,13804,2021,2.854245146334396,2270.9785185185183,4.0,0.0664003408784577,0.13218469160131152,38381.0,0.023002292233061494,0.0433980486453962,,,True
48078,2017,334,4,21560,2021,1.549165120593692,2053.988275862069,4.0,-0.022439958601059407,-0.03794772641259192,31584.0,0.013802400975797546,-0.03624235957685695,,,True
48082,2017,412,4,21669,2021,1.9013337025243435,1979.9551515151513,4.0,-0.012021365736124223,0.05578016887298454,30572.0,0.013358082800225324,-0.025379448536349547,,,True
48084,2017,264,4,13547,2021,1.9487709455968112,1543.1398437500002,4.0,-0.013176835399027809,0.05620695755217675,27377.0,0.01648535254149186,-0.02966218794051967,,,True
49275,2017,534,4,39710,2021,1.3447494333920926,1008.0620087336245,4.0,-0.03583959166634365,-0.041264739089546865,26954.0,0.013841871661776972,-0.04968146332812062,,,True
50297,2017,7309,4,338961,2021,2.1562952670071187,1233.1319220549158,4.0,-0.026289848039412922,-0.008794938864686075,32455.0,0.02095064330428764,-0.047240491343700564,,,True
51001,2017,525,4,28315,2021,1.854140914709518,1784.859071729958,4.0,0.03589837347721514,0.034575670157907634,35274.0,-0.0030242220400780173,0.03892259551729316,,,True
52001,2017,563,4,29347,2021,1.9184243704637611,1550.8229850746268,4.0,0.04261889799727836,0.030301344852478707,36128.0,0.010629965312744849,0.03198893268453351,,,True
01059,2018,2817,4,119853,2021,2.3503792145378086,1981.6751243781096,4.0,0.018868244622664232,0.005233032794505377,34645.0,0.030120123691722123,-0.01125187906905789,,,True
02003,2018,1746,4,86881,2021,2.009645377009933,1120.4408532643824,4.0,0.010378323989013172,-0.0036684052966198255,31209.0,0.03433533291353186,-0.023957008924518686,,,True
02009,2018,159,4,13292,2021,1.19620824556124,686.6266666666668,4.0,0.04102984506814056,0.038708679089912046,26559.0,0.0427971259177824,-0.001767280849641839,,,True
02037,2018,224,4,16661,2021,1.3444571154192426,624.4733668341709,4.0,-0.001568601203223996,0.031112009366257243,22918.0,0.03523353509802152,-0.036802136301245514,,,True
02081,2018,142,4,15102,2021,0.9402728115481394,579.1479768786127,4.0,-0.020307771076830905,-0.0008195725296130663,26048.0,0.035870516185476875,-0.05617828726230778,,,True
03009,2018,674,4,33876,2021,1.9896091628291415,619.6087954110899,4.0,0.0363412977987454,0.025407460669767845,26345.0,0.04585152838427953,-0.00951023058553413,,,True
03014,2018,7070,4,187658,2021,3.767491926803014,1120.392364208869,4.0,0.050877590909555126,0.048782177540350746,28509.0,0.027018264346698295,0.02385932656285683,,,True
03031,2018,2240,4,60479,2021,3.703764943203426,1824.5258823529412,4.0,0.10592513879479903,0.055763528700929266,23763.0,0.04255692537182476,0.06336821342297427,,,True
03047,2018,1032,4,26156,2021,3.945557424682673,1584.0885085574573,4.0,0.015313386627559433,-0.0449130202962571,23549.0,0.05275157584156642,-0.03743818921400699,,,True
03059,2018,282,4,15357,2021,1.836296151592108,637.741,4.0,0.05022413350565924,0.07567652195405095,23044.0,0.05832644438320944,-0.0081023108775502,,,True
03063,2018,1542,4,45237,2021,3.4087141057099277,1486.976530612245,4.0,0.044932200754637996,-0.0009609000573136406,25845.0,0.04491792674051909,1.427401411890905e-05,,,True
03065,2018,3028,4,116080,2021,2.6085458304617504,861.8216624685139,4.0,0.05165840227028218,0.046138961331777084,25298.0,0.052023121387283267,-0.00036471911700108883,,,True
03066,2018,639,4,27488,2021,2.32465075669383,546.0489919354839,4.0,0.039263454739063786,0.029202617212000348,22920.0,0.04030501089324612,-0.0010415561541823326,,,True
03082,2018,1141,4,26819,2021,4.254446474514337,1705.430632411067,4.0,0.08224641266327315,0.07292590152627265,24277.0,0.06885924360498397,0.013387169058289183,,,True
03093,2018,182,4,13780,2021,1.320754716981132,634.4885462555065,4.0,0.02303804563046019,-0.012863805650545013,26278.0,0.010731181968537173,0.012306863661923018,,,True
03099,2018,4081,4,88508,2021,4.610882632078456,1111.3675852066715,4.0,0.052795792615820236,0.04643578687416938,23329.0,0.04736464038789623,0.005431152227924008,,,True
03104,2018,288,4,16474,2021,1.748209299502246,586.4278969957082,4.0,-0.05650079552329945,-0.0046700562586533545,23917.0,0.05120428973277069,-0.10770508525607014,,,True
03121,2018,1398,4,45155,2021,3.0960026575130106,1301.634426229508,4.0,0.052581145362897264,0.025905880919058433,23450.0,0.048232086183004785,0.004349059179892478,,,True
03122,2018,633,4,27151,2021,2.331405841405473,968.7850746268656,4.0,0.08241919722602797,0.09107983493963234,28620.0,0.05441550307629961,0.028003694149728364,,,True
03133,2018,5261,4,122736,2021,4.2864359275192285,1137.7505875769448,4.0,0.03665291836396234,0.02470327746188672,19202.0,0.03884440597273309,-0.002191487608770748,,,True
03139,2018,756,4,25780,2021,2.9325058184639254,1246.4447916666666,4.0,0.07150903590003188,0.13535269479345846,25296.0,0.05246515498231741,0.019043880917714473,,,True
03140,2018,315,4,18609,2021,1.6927293245203934,575.3827160493827,4.0,-0.05686700189194782,-0.09625817365417044,24554.0,0.048912811311888627,-0.10577981320383645,,,True
04013,2018,2818,4,100957,2021,2.791287379775548,1107.2032685146876,4.0,0.03355076981169702,0.03528644492670163,28453.0,0.0503137689184201,-0.016762999106723075,,,True
04079,2018,2112,4,62150,2021,3.398230088495575,979.2033535165348,4.0,0.05479648966788808,0.06946310717570914,25369.0,0.05300514693674252,0.001791342731145562,,,True
04902,2018,1122,4,40014,2021,2.8040185934922777,889.8816750629722,4.0,0.02320665888086526,-0.03380818238243277,23527.0,0.04652817935145226,-0.023321520470587,,,True
05019,2018,754,4,34843,2021,2.1639927675573287,948.7253496503495,4.0,0.06338587426045672,0.05139110750690823,29282.0,0.029932116351869542,0.03345375790858718,,,True
06011,2018,399,4,17292,2021,2.3074253990284523,723.9102564102564,4.0,0.06650150170459646,0.06547713857485227,22876.0,0.03991271933812168,0.026588782366474772,,,True
06015,2018,1717,4,74594,2021,2.301793709949862,1117.6905144694533,4.0,0.054288298178460925,0.055242493023345274,29633.0,0.03503318197694716,0.019255116201513767,,,True
06044,2018,332,4,21262,2021,1.5614711692220864,819.650612244898,4.0,0.035526628074846744,-0.036531312045983144,25731.0,0.02726764611945076,0.008258981955395983,,,True
06083,2018,683,4,31358,2021,2.1780725811595127,794.8913502109705,4.0,0.049146104961402814,0.05730687846261007,27442.0,0.03566441483941585,0.013481690121986967,,,True
07011,2018,1433,4,36492,2021,3.926888085059739,2708.3464687819855,4.0,0.043034292666755514,-0.021463533169121973,35470.0,0.0572595308354944,-0.014225238168738885,,,True
07015,2018,624,4,17887,2021,3.488567115782412,1774.4254269449714,4.0,0.07300994715429487,0.007235692600456645,31597.0,0.04834107498341078,0.024668872170884093,,,True
07026,2018,462,4,23938,2021,1.9299857966413234,3306.847487437186,4.0,0.14770172106389112,0.07373980223359333,39718.0,0.05012955422769827,0.09757216683619285,,,True
07027,2018,487,4,15863,2021,3.070037193469079,1309.7701086956522,4.0,0.1039508312199664,0.0029612858341032666,32292.0,0.06440767354472943,0.03954315767523697,,,True
07031,2018,649,4,23312,2021,2.7839739190116677,1858.106167400881,4.0,0.08452771112219715,-0.0005300841244237908,35432.0,0.052081477522418096,0.03244623359977905,,,True
07032,2018,455,4,15173,2021,2.9987477756541225,1350.8958333333333,4.0,0.04520581216613606,-0.006157643097119525,34568.0,0.03798456595501909,0.007221246211116972,,,True
07033,2018,677,4,28571,2021,2.3695355430331455,1387.996147403685,4.0,0.11288254107844686,0.1259433170519827,33101.0,0.015710822670226054,0.09717171840822081,,,True
07036,2018,363,4,15048,2021,2.412280701754386,2038.6554027504912,4.0,0.09325751828394258,-0.009396536365677388,43433.0,0.05042565541259547,0.042831862871347104,,,True
07040,2018,5705,4,186482,2021,3.0592764985360517,1917.1403786104606,4.0,0.12342158839312045,0.02826293724911677,37181.0,0.05898604386214745,0.064435544530973,,,True
07054,2018,495,4,22810,2021,2.1701008329679965,3134.3250602409635,4.0,0.10850499714051542,-0.007860554710054535,33536.0,-0.014400752365837932,0.12290574950635336,,,True
08015,2018,2796,4,91915,2021,3.0419409236794865,1772.955049875312,4.0,0.10185171603265841,0.05901970917675903,32249.0,0.05028496987461328,0.05156674615804513,,,True
08019,2018,15156,4,808751,2021,1.874000774033046,3264.1672983114445,4.0,0.1121555303927706,0.02334836740889945,39558.0,0.04427021461946623,0.06788531577330437,,,True
08056,2018,813,4,28708,2021,2.8319632158283405,2807.272292993631,4.0,0.11971559445624269,0.030137187170955926,47640.0,0.038247793396534835,0.08146780105970786,,,True
08073,2018,916,4,37034,2021,2.4734028190311608,2022.1751633986928,4.0,0.15371326007782993,0.03922541632126397,32639.0,0.04817110376055744,0.10554215631727248,,,True
08077,2018,425,4,19420,2021,2.188465499485067,2352.3649019607847,4.0,0.1448086467993015,0.06244027144716724,42628.0,0.08036596801581464,0.06444267878348686,,,True
08089,2018,535,4,20359,2021,2.627830443538484,2154.0668284789645,4.0,0.07169647875533114,0.019611472024578136,37999.0,0.016831683168316847,0.05486479558701429,,,True
08096,2018,805,4,26298,2021,3.0610692828351964,1586.3997802197803,4.0,0.07102674881559357,0.0073635997516654506,35925.0,0.041425092764378446,0.02960165605121512,,,True
08101,2018,2822,4,110488,2021,2.554123524726667,1950.2713803577453,4.0,0.1613865570453894,0.05467290066127184,30411.0,0.04919786096256695,0.11218869608282245,,,True
08102,2018,461,4,18257,2021,2.5250588815248944,1052.1317757009347,4.0,0.01301593509391652,-0.00804722339109687,33796.0,0.04408539034261172,-0.0310694552486952,,,True
08113,2018,870,4,40136,2021,2.167630057803468,955.1618381618382,4.0,0.017529669614407606,0.01790130381590449,32576.0,0.03672586086181662,-0.01919619124740901,,,True
08114,2018,289,4,10685,2021,2.7047262517547965,1423.7202020202021,4.0,0.07914671676895768,0.00584431403353336,35520.0,0.04298801973220567,0.03615869703675201,,,True
08121,2018,1551,4,52996,2021,2.9266359725262285,1564.1252999478352,4.0,0.07094017202337555,0.005393146964732587,31764.0,0.050049586776859556,0.02089058524651599,,,True
08124,2018,443,4,20857,2021,2.123987150596922,1590.1304700162077,4.0,0.10463088177110702,0.06624842192455893,33637.0,0.03978361669242658,0.06484726507868044,,,True
08125,2018,443,4,15304,2021,2.8946680606377417,1562.50110701107,4.0,0.09369457311887852,-0.026248020253234472,32872.0,0.0526113548304461,0.04108321828843242,,,True
08169,2018,518,4,26518,2021,1.9533901500867334,2127.136788321168,4.0,0.07059010577496827,0.026845677791599964,34558.0,0.043859119192895646,0.026730986582072624,,,True
08172,2018,307,4,12313,2021,2.4932997644765695,1874.0437974683546,4.0,0.0788912956879726,0.02378446945255175,36202.0,0.05339424447871499,0.025497051209257604,,,True
08180,2018,430,4,15427,2021,2.787320930835548,1643.6666666666667,4.0,0.10550195043146848,0.03650886592191438,31786.0,0.04134451579085319,0.0641574346406153,,,True
08184,2018,914,4,32476,2021,2.81438600812908,1588.6156601123596,4.0,0.11327727561233836,0.01668298167054716,34113.0,0.04734272819379193,0.06593454741854643,,,True
08187,2018,2397,4,92772,2021,2.5837537187944637,1538.1200000000001,4.0,0.1263027225358413,0.027098396941604097,33876.0,0.04253092878685294,0.08377179374898835,,,True
08194,2018,403,4,14877,2021,2.70887947838946,1834.1787401574802,4.0,0.14294931745147865,0.05962858643083213,29807.0,0.033350667360027675,0.10959865009145098,,,True
08200,2018,905,4,33904,2021,2.669301557338367,1928.679650655022,4.0,0.10076102747114346,0.0003785774300026912,33892.0,0.042798683117442504,0.057962344353700956,,,True
08205,2018,1128,4,35770,2021,3.153480570310316,3276.799243061396,4.0,0.10497503713738521,-0.019000078619229255,62246.0,0.044290843203704355,0.06068419393368085,,,True
08211,2018,542,4,18719,2021,2.8954538169774025,2164.859535655058,4.0,0.12125736113817953,0.03768178891836671,38773.0,0.04046692607003899,0.08079043506814054,,,True
08217,2018,300,4,13577,2021,2.2096192089563234,2480.0323699421965,4.0,0.14987313074819242,0.024062406591531138,41457.0,0.0404306580334286,0.10944247271476382,,,True
08231,2018,412,4,14150,2021,2.911660777385159,1596.2951026856238,4.0,0.026802579493323764,-0.026132978161975684,34418.0,0.05041811634010873,-0.023615536846784968,,,True
08245,2018,1131,4,48100,2021,2.3513513513513513,1559.4242243436754,4.0,0.10896470622656196,0.05906516902886194,28830.0,0.04760174418604657,0.06136296204051539,,,True
08252,2018,334,4,13768,2021,2.4259151656013946,1730.3924528301886,4.0,0.1143558652404455,0.03592571420440138,35926.0,0.033811976633765894,0.0805438886066796,,,True
08263,2018,254,4,11530,2021,2.2029488291413704,1720.6600000000003,4.0,0.09863544590651485,0.024014333099676932,34991.0,0.050875454245127294,0.04775999166138756,,,True
08266,2018,474,4,23858,2021,1.9867549668874172,1946.1765751211633,4.0,0.09050985308718684,0.028342635591419585,39715.0,0.03605248741293399,0.054457365674252856,,,True
08279,2018,2918,4,101134,2021,2.8852809144303597,1400.7735732009926,4.0,0.09993026148665352,0.005842262570210144,33621.0,0.04464951528709915,0.055280746199554365,,,True
08298,2018,512,4,19836,2021,2.581165557572091,1158.7730401529639,4.0,0.062060149775076345,0.08782693889582371,34970.0,0.007200460829493105,0.05485968894558324,,,True
08301,2018,708,4,26586,2021,2.663055743624464,2019.3434452871072,4.0,0.10200420740887983,0.024758766096688145,35947.0,0.05215864188496999,0.04984556552390984,,,True
08305,2018,408,4,18264,2021,2.2339027595269383,1275.0741106719368,4.0,0.06684520848246223,-0.0018014193978785897,32969.0,0.03415934755332506,0.03268586092913717,,,True
08307,2018,1052,4,33155,2021,3.1729754184889156,1620.6824497257771,4.0,0.10690688011582372,0.07432882173404143,34288.0,0.053362415901201166,0.053544464214622556,,,True
09018,2018,486,4,19708,2021,2.4660036533387455,995.8243727598566,4.0,0.0037359366370646185,-0.05966616838906602,30196.0,0.0376275729356379,-0.03389163629857328,,,True
09059,2018,2140,4,93766,2021,2.282277158031696,1255.4106901217863,4.0,0.02974657877327913,0.011197524314098262,33391.0,0.034257395075112385,-0.004510816301833254,,,True
09219,2018,367,4,21007,2021,1.747036702051697,872.2794736842104,4.0,0.011065443113705609,0.09317987411519757,30751.0,0.046415081498621946,-0.03534963838491634,,,True
10037,2018,1156,4,53756,2021,2.1504576233350696,1059.845877061469,4.0,-0.0001880376581608889,-0.0027782987497178002,30251.0,0.030487804878048808,-0.030675842536209696,,,True
10148,2018,401,4,22443,2021,1.7867486521409794,833.3075471698113,4.0,0.045047232439456186,0.07006954773279472,26242.0,0.029703747302334715,0.015343485137121471,,,True
11004,2018,1286,4,55815,2021,2.3040401325808473,997.3838660578386,4.0,0.09873024526795326,0.1580406853418329,28561.0,0.03320913070216691,0.06552111456578635,,,True
11006,2018,252,4,15460,2021,1.630012936610608,834.8355048859935,4.0,0.004453439307617657,-0.05296441100225602,21626.0,0.04985678916452252,-0.04540334985690486,,,True
11012,2018,1292,4,56479,2021,2.2875759131712674,1878.8460714285711,4.0,0.05224348505609111,0.04682525171341467,31293.0,0.0368443722872005,0.01539911276889061,,,True
11015,2018,1230,4,49229,2021,2.498527290824514,1248.5630615640598,4.0,0.061063515557828074,0.01794416751052097,24704.0,0.05401484768324938,0.007048667874578696,,,True
11020,2018,2245,4,92974,2021,2.414653559059522,896.844630071599,4.0,-0.006405868753387334,-0.04400697844931789,25827.0,0.04983537254583137,-0.0562412412992187,,,True
11022,2018,683,4,30028,2021,2.274543759158119,1055.502496099844,4.0,0.028879741290881222,0.020690092533784066,23557.0,0.044980703544337475,-0.016100962253456252,,,True
11027,2018,1212,4,49077,2021,2.4695886056604928,1375.6688209606984,4.0,0.09036695610686829,0.10197566712024098,29041.0,0.04720178854752621,0.04316516755934208,,,True
11028,2018,311,4,18626,2021,1.6697090089122733,1086.5657738095238,4.0,0.026755423696769975,0.01504829553846454,27883.0,0.04744552967693472,-0.02069010598016474,,,True
11030,2018,687,4,26868,2021,2.556945064761054,1596.514337568058,4.0,0.09669759618235663,0.05714437609240752,26741.0,0.029727752320073852,0.06696984386228277,,,True
11031,2018,847,4,39564,2021,2.140835102618542,1103.1656441717791,4.0,0.030104765841560743,0.02758612817245365,28076.0,0.04263220439691029,-0.012527438555349546,,,True
11032,2018,734,4,34536,2021,2.125318508223303,1098.6135546334717,4.0,0.012420322977835685,-0.030559302388237786,21333.0,0.04943919716646983,-0.03701887418863414,,,True
11033,2018,784,4,19625,2021,3.994904458598726,1311.76309314587,4.0,-0.05435485420397046,-0.11779931312984693,27637.0,0.0434175255785858,-0.09777237978255626,,,True
12032,2018,479,4,20301,2021,2.359489680311315,696.308686440678,4.0,-0.027529732715462996,-0.044007099193660415,27764.0,0.04419120689006739,-0.07172093960553039,,,True
12040,2018,2458,4,91229,2021,2.6943186925210187,884.6613814756671,4.0,0.03718560054107556,0.06901189547928244,30929.0,0.03959530772074893,-0.0024097071796733704,,,True
12126,2018,256,4,15906,2021,1.609455551364265,672.6937823834196,4.0,0.032713461776414654,0.04106736652380638,26787.0,0.057312018946122034,-0.02459855716970738,,,True
12135,2018,600,4,25363,2021,2.3656507510941136,705.2935424354243,4.0,0.006611469218046784,-0.03269195949254167,30537.0,0.05064510579735071,-0.044033636579303925,,,True
12138,2018,523,4,20887,2021,2.5039498252501557,1010.9874458874459,4.0,0.04695901594688001,-0.023528487522846975,26419.0,0.05187928014014975,-0.004920264193269741,,,True
13005,2018,262,4,17129,2021,1.5295697355362252,718.1922818791946,4.0,-0.027897998844681027,-0.06602493867464365,28925.0,0.04013089287640681,-0.06802889172108784,,,True
13034,2018,879,4,41592,2021,2.1133871898442007,981.3145454545455,4.0,0.0011167422634787982,0.007660557915068034,32965.0,0.03238232438695943,-0.03126558212348063,,,True
13071,2018,386,4,26589,2021,1.451728158260935,588.7889273356401,4.0,-0.03356720988037132,0.04421709165857912,27244.0,0.05112079941355763,-0.08468800929392895,,,True
13082,2018,345,4,19217,2021,1.7952854243638445,633.7265091863518,4.0,0.017578017737760465,-0.0023179670753541437,23945.0,0.057081052445700164,-0.0395030347079397,,,True
13087,2018,357,4,17368,2021,2.055504375863657,690.3077441077442,4.0,-0.00313824088503023,-0.0059222850302238506,26061.0,0.033838463979688926,-0.036976704864719157,,,True
14021,2018,3681,4,155400,2021,2.3687258687258685,1263.5317376437674,4.0,0.021047847438733003,0.03905757251602615,29556.0,0.03068768307992742,-0.009639835641194416,,,True
14038,2018,439,4,21141,2021,2.0765337495861123,765.9325415676959,4.0,-0.004417200428137313,0.03868645714564989,23430.0,0.06504841129142225,-0.06946561171955956,,,True
14056,2018,240,4,14955,2021,1.60481444332999,770.5045,4.0,0.07450270926526437,0.15576612743744067,23039.0,0.039666064981949356,0.03483664428331501,,,True
15005,2018,194,4,17841,2021,1.087382994226781,903.6873469387755,4.0,0.033740518694918675,0.007428333646422924,28298.0,0.04025291328162339,-0.006512394586704717,,,True
15019,2018,195,4,19427,2021,1.0037576568693056,740.6496296296297,4.0,0.03239273410613053,0.033111329403643586,26752.0,0.1559434818303591,-0.12355074772422858,,,True
15030,2018,2570,4,136205,2021,1.8868617157960428,1572.7714444444446,4.0,0.010658559177911808,0.01788291687505572,33325.0,0.029375424723543597,-0.01871686554563179,,,True
15031,2018,231,4,15752,2021,1.4664804469273742,1196.6674074074072,4.0,0.030472923399186946,-0.060413901733151754,30556.0,0.03226242356677145,-0.0017895001675845013,,,True
15036,2018,606,4,42672,2021,1.420134983127109,680.0139150943395,4.0,0.017754354586164034,0.029045618891401892,27599.0,0.025299056393491393,-0.007544701807327359,,,True
15054,2018,297,4,21735,2021,1.3664596273291925,701.3290780141843,4.0,-0.020936833121600884,0.006658065534357993,27314.0,0.04759713113182218,-0.06853396425342306,,,True
15058,2018,401,4,19268,2021,2.08117085322815,1269.6165789473685,4.0,0.08458236337327785,0.06362973888612089,43115.0,0.021125926627667324,0.06345643674561052,,,True
15073,2018,206,4,17097,2021,1.204889746739194,928.0379310344828,4.0,0.03076237380749114,-0.044946333796151094,30896.0,0.08334794347627894,-0.0525855696687878,,,True
15078,2018,763,4,56746,2021,1.3445881648045677,1528.3846863468634,4.0,0.04926557561461431,0.05524932975495167,35397.0,0.01991010199965415,0.02935547361496016,,,True
16078,2018,555,4,31611,2021,1.7557179462845212,1020.083932853717,4.0,0.0058055001714161225,0.043872226780066303,30655.0,0.026040097734042922,-0.0202345975626268,,,True
17023,2018,538,4,25589,2021,2.1024659033178317,1333.7250000000001,4.0,0.015243084124265005,-0.007698003896429384,28875.0,0.04362440364319786,-0.028381319518932857,,,True
17066,2018,441,4,21062,2021,2.093818250878359,1112.2866900175131,4.0,0.027909917925481365,-0.026538393357481427,29164.0,0.05731791320741042,-0.029407995281929056,,,True
17079,2018,1196,4,50333,2021,2.3761746766534877,1531.0183750949127,4.0,0.04881876134560814,0.013410288082368105,37139.0,0.032556717081850595,0.016262044263757547,,,True
17095,2018,573,4,25496,2021,2.2474113586444933,1646.2915337423315,4.0,0.06067289121669783,0.038415305676795075,26560.0,0.05275674818661069,0.007916143030087142,,,True
17114,2018,438,4,16713,2021,2.6207144139292766,1072.869975786925,4.0,0.06711737909401339,0.009081605783217261,34225.0,0.043254282753155016,0.02386309634085837,,,True
17155,2018,305,4,11642,2021,2.6198247723758805,925.4803921568628,4.0,0.0429160828456665,0.0056757351159730796,28685.0,0.04796872716644751,-0.005052644320781008,,,True
18087,2018,3567,4,141257,2021,2.5251845926219585,1496.043018018018,4.0,0.05871288413208697,0.06680692189680137,30400.0,0.03496408266094719,0.02374880147113978,,,True
18140,2018,846,4,32841,2021,2.576048232392436,1020.3270588235293,4.0,0.07729597033417712,0.10472421566180379,25193.0,0.06004375999326772,0.017252210340909402,,,True
19130,2018,1174,4,41937,2021,2.7994372511147674,1156.2379781420766,4.0,0.0606452823663437,0.02626656129153382,33639.0,0.03689661549842804,0.023748666867915658,,,True
20030,2018,289,4,13535,2021,2.135205024011821,1639.5249999999999,2.0,0.02902708937282661,0.2324821910203143,36403.0,0.016588008601189586,0.012439080771637023,,,True
20045,2018,748,4,28045,2021,2.6671420930647174,1878.8635294117648,4.0,0.002202267162829896,-0.01103218298398212,33231.0,0.042541176470588304,-0.04033890930775841,,,True
20067,2018,409,4,17999,2021,2.2723484638035445,1951.8026548672565,4.0,0.017064401215381775,-0.012575950623213705,31867.0,0.04225674570727711,-0.025192344491895335,,,True
20069,2018,2245,4,94733,2021,2.369818331521223,3485.582195448461,4.0,0.032378132286314365,-0.06073524745082559,43031.0,0.02447444230174045,0.007903689984573914,,,True
21041,2018,1809,4,68714,2021,2.632651279215298,978.5081674673987,4.0,0.00829054010266006,-0.02970988412552522,27955.0,0.04088319618721381,-0.03259265608455375,,,True
22125,2018,745,4,29309,2021,2.5418813333788255,1005.6315175097276,4.0,-0.006298742877257846,-0.01126472846836113,32438.0,0.03708677025385265,-0.0433855131311105,,,True
23005,2018,275,4,20048,2021,1.37170790103751,753.7064102564102,4.0,0.06425743114453941,0.1143584864898538,22905.0,0.062334771114512355,0.0019226600300270569,,,True
23050,2018,1094,4,58293,2021,1.876726193539533,1086.2429775280898,4.0,-0.012503479915067506,-0.01794701379095376,31384.0,0.03060554314987529,-0.0431090230649428,,,True
23055,2018,503,4,29385,2021,1.7117576995065509,753.273731884058,4.0,-0.016002402561791973,0.06440881615820482,26382.0,0.029903185509056796,-0.04590558807084877,,,True
23092,2018,306,4,18318,2021,1.670488044546348,863.0662835249043,4.0,0.017300738856055098,0.026034275259285478,27140.0,0.04116315648137503,-0.02386241762531993,,,True
24089,2018,1425,4,79199,2021,1.7992651422366444,1124.3358898721729,4.0,0.05616140147260129,0.09496352160931276,31062.0,0.027250479529069338,0.028910921943531953,,,True
24115,2018,577,4,42549,2021,1.3560835742320618,767.2467391304347,4.0,0.0237282442001423,0.003138750152871017,27768.0,0.036119402985074656,-0.012391158784932355,,,True
24142,2018,261,4,17161,2021,1.5208903910028553,862.9343511450382,4.0,0.014795108762721387,-0.028544321346252843,27626.0,0.02978342714429494,-0.014988318381573551,,,True
25120,2018,1634,4,68299,2021,2.3924215581487283,890.4177100053504,4.0,0.045045022939683044,0.056596788250278585,32575.0,0.04386976863423708,0.0011752543054459608,,,True
26089,2018,2146,4,78908,2021,2.7196228519288286,1140.3788142292492,4.0,0.03974727419872348,0.06243562999870367,32602.0,0.03808189517926519,0.0016653790194582907,,,True
27028,2018,863,4,62648,2021,1.3775379900395863,902.3375,4.0,0.050078444834560365,0.051767658476046474,29195.0,0.02784819039571884,0.022230254438841524,,,True
28005,2018,2071,4,79588,2021,2.6021510780519677,1500.9685560859186,4.0,0.09982161859518213,0.061393356598038906,34947.0,0.03838954093002522,0.0614320776651569,,,True
28006,2018,1237,4,42744,2021,2.8939734231705034,2728.3182308522114,4.0,0.11802724756300154,0.08385833971665724,61540.0,0.06695793890218105,0.05106930866082049,,,True
28007,2018,1624,4,70601,2021,2.30025070466424,1854.09171875,4.0,0.12408234602099033,0.043355359751384936,34427.0,0.040090634441087625,0.0839917115799027,,,True
28013,2018,780,4,25682,2021,3.0371466396698077,1187.8617824773414,4.0,0.06325617016783047,0.050117734073127584,32913.0,0.04495666253928943,0.018299507628541045,,,True
28014,2018,775,4,21573,2021,3.592453529875307,1351.456950672646,4.0,0.09783470306452169,0.02713868133743369,32379.0,0.02806794729322104,0.06976675577130065,,,True
28022,2018,1073,4,19874,2021,5.399013786857201,2471.2128084606347,4.0,0.09486933945295495,0.009402023121133363,73258.0,0.08709136505957948,0.007777974393375464,,,True
28045,2018,933,4,20461,2021,4.559894433312155,1642.9937377690803,4.0,0.07211083224628156,0.025185506558027093,42137.0,0.04636205612118194,0.025748776125099626,,,True
28047,2018,862,4,27922,2021,3.087171406059738,1496.0617842876163,4.0,0.09939805030008309,0.0497724887950175,33990.0,0.03275401069518713,0.06664403960489595,,,True
28049,2018,680,4,31337,2021,2.1699588346044614,1700.116783216783,4.0,0.08223414675318796,0.02564469297559291,35530.0,0.034412483987422915,0.04782166276576505,,,True
28058,2018,1416,4,70944,2021,1.9959404600811907,1498.7111940298507,4.0,0.12664079761728875,0.06412989733617835,31321.0,0.042851435040287766,0.08378936257700098,,,True
28061,2018,404,4,15295,2021,2.641386073880353,1510.6929752066114,4.0,0.10780329835650626,0.06697154563663554,40556.0,0.04768793593386711,0.06011536242263915,,,True
28065,2018,2476,4,79835,2021,3.1013966305505103,1662.1100686498855,4.0,0.1343074162343989,0.1127087304829435,34343.0,0.05524658165616847,0.07906083457823043,,,True
28074,2018,1437,4,77962,2021,1.8432056642979913,1710.1317733990147,4.0,0.13847499275891595,0.11514428025466206,31996.0,0.03768567166115333,0.10078932109776262,,,True
28079,2018,44178,4,1533221,2021,2.8813850058145563,3013.047926267281,4.0,0.09979223992555708,0.03845329784439322,42283.0,0.0519467595472074,0.04784548037834968,,,True
28080,2018,733,4,25577,2021,2.865856042538218,2924.481174698795,4.0,0.11050126580896791,0.050651628158401296,64574.0,0.044244639218603554,0.06625662659036435,,,True
28092,2018,2138,4,82103,2021,2.6040461371691657,1521.1264968152866,4.0,0.1507409730285718,0.10590493819104863,32113.0,0.041750470382144966,0.10899050264642685,,,True
28106,2018,1859,4,47256,2021,3.9338919925512106,1170.3488172043012,4.0,0.12270933925219496,0.039984245153798836,28521.0,0.05080686758529218,0.07190247166690278,,,True
28113,2018,735,4,21507,2021,3.4174919793555585,1610.3483495145629,4.0,0.11972536419473379,0.08172752139654182,34791.0,0.04345870073780822,0.07626666345692557,,,True
28115,2018,965,4,32327,2021,2.9851207968571165,2979.6870069605566,4.0,0.09148217937032532,0.0071718084495024925,90902.0,0.0901088885690986,0.001373290801226723,,,True
28123,2018,1246,4,35980,2021,3.463035019455253,1878.3710179640718,4.0,0.10742417290019923,0.04674867400050675,44219.0,0.04700004735521146,0.06042412554498777,,,True
28127,2018,1176,4,35404,2021,3.3216585696531467,2472.6725766362883,4.0,0.11308637429838675,0.04151834448570568,62681.0,0.0405903446443987,0.07249602965398805,,,True
28130,2018,283,4,15621,2021,1.811663785929198,1687.0011811023624,4.0,0.056744406759810406,0.029186710851187847,33995.0,0.037445068359375,0.019299338400435406,,,True
28134,2018,1072,4,36032,2021,2.975133214920071,2115.9424058323207,4.0,0.09528821899342788,0.0032573650787426356,42904.0,0.05867837931204667,0.03660983968138121,,,True
28148,2018,1520,4,50494,2021,3.0102586445914365,1530.4692125984252,4.0,0.14666565987611402,0.07714355081703927,33651.0,0.042924440587615464,0.10374121928849855,,,True
28161,2018,1010,4,28896,2021,3.495293466223699,1423.4020512820514,4.0,0.1100723209409098,0.06783433823970819,36360.0,0.04395762152229454,0.06611469941861525,,,True
28181,2018,355,4,11252,2021,3.154994667614646,2009.5557746478871,4.0,0.09781763866682947,0.02665994957850626,54586.0,0.023225298517254966,0.0745923401495745,,,True
28903,2018,387,4,18542,2021,2.087153489375472,2452.0610389610392,4.0,0.12106133741902014,-0.016378108656317947,54475.0,0.048725550592946254,0.07233578682607389,,,True
29007,2018,453,4,17000,2021,2.664705882352941,1407.4188235294116,4.0,0.05896571682049001,-0.02726041444842564,32160.0,0.06163139999339773,-0.002665683172907718,,,True
29015,2018,416,4,20944,2021,1.9862490450725745,974.3266666666667,4.0,0.03853587823145688,0.06477665984065228,27087.0,0.05364088999533223,-0.015105011763875353,,,True
29025,2018,2371,4,48663,2021,4.87228489817726,1799.1965235173823,4.0,0.09102878963748262,0.005788536447413506,25858.0,0.06284680833573097,0.028181981301751646,,,True
29051,2018,2514,4,50366,2021,4.9914624945399675,1611.403482587065,4.0,0.1123518435796016,0.042268129620774086,25134.0,0.057828282828282784,0.05452356075131881,,,True
29054,2018,1780,4,48887,2021,3.641049767831939,1902.312873980054,4.0,0.10546120029707229,-0.03446907136066524,23315.0,0.035164054522044186,0.0702971457750281,,,True
29067,2018,7674,4,261857,2021,2.930607163451808,1547.758076311606,4.0,0.1250305195528847,0.10021970698907445,28917.0,0.050572207084468745,0.07445831246841594,,,True
29069,2018,4075,4,100282,2021,4.063540814901977,2330.705386138614,4.0,0.06675553406383217,-0.01777812019233882,27636.0,0.05803981623277177,0.008715717831060399,,,True
29070,2018,3047,4,62030,2021,4.91213928744156,1582.1393753485777,4.0,0.1027324816385844,0.005246485743933382,23074.0,0.06932987301881544,0.03340260861976896,,,True
29082,2018,945,4,27620,2021,3.4214337436640117,1645.0919496855347,4.0,0.11630814075960849,0.01005188275853075,31522.0,0.05048821941546966,0.06581992134413883,,,True
29084,2018,375,4,19462,2021,1.92683177474052,1039.1925641025641,4.0,-0.012148621340262844,-0.05909395390493022,26279.0,0.040422836329083944,-0.05257145766934679,,,True
29094,2018,1645,4,50454,2021,3.2603956078804455,1307.3878199470432,4.0,0.061561924979532945,-0.01098917928305787,24320.0,0.05358922150500378,0.007972703474529164,,,True
29901,2018,2002,4,42938,2021,4.662536680795566,1749.4612403100775,4.0,0.16452673362091397,0.12409963594240181,25359.0,0.049149807620702424,0.11537692600021154,,,True
30003,2018,535,4,26137,2021,2.046906684011172,853.3122483221476,4.0,-0.01882961724046217,-0.01814701949021602,25027.0,0.03323424985550316,-0.05206386709596533,,,True
30005,2018,279,4,18107,2021,1.540840558899873,724.3497512437812,4.0,0.011897509841021225,-0.04050004988857148,26324.0,0.039611389755538795,-0.02771387991451757,,,True
30015,2018,191,4,14630,2021,1.3055365686944633,624.5268595041322,4.0,-0.019871861416104863,-0.020422335229721034,25658.0,0.04436665581243893,-0.06423851722854379,,,True
30016,2018,2666,4,125253,2021,2.1284919323289664,935.6796830556683,4.0,0.022098956981797757,0.042422105854350134,30052.0,0.04220565285243638,-0.020106695870638625,,,True
30019,2018,244,4,16704,2021,1.460727969348659,772.4832752613241,4.0,0.015062882888149165,0.07889091437522744,26645.0,0.051084812623274134,-0.03602192973512497,,,True
30022,2018,264,4,13679,2021,1.9299656407632138,599.1684210526316,4.0,-0.011566161049498591,-0.09080925175590071,24707.0,0.05082511058183048,-0.06239127163132907,,,True
30024,2018,686,4,42431,2021,1.6167424760198912,769.6460317460318,4.0,0.03779363737774388,0.04925078908371605,28507.0,0.050020258573059806,-0.012226621195315923,,,True
30026,2018,1119,4,31537,2021,3.548213209880458,1030.0777358490566,4.0,0.1050700259248234,0.12016506218308753,22129.0,0.04406699693323901,0.061003028991584385,,,True
30027,2018,726,4,32908,2021,2.206150480126413,857.986380952381,4.0,0.048333949015399336,0.003278034932331808,32070.0,0.06100707999735322,-0.012673130981953884,,,True
30030,2018,4871,4,219740,2021,2.2167106580504234,996.6320831713953,4.0,0.06372937909455767,0.05215451346101441,31812.0,0.04021973710025506,0.02350964199430261,,,True
30035,2018,1159,4,41372,2021,2.8014115827129458,1113.8045168067226,4.0,0.024009854339880787,0.01210915284783054,27676.0,0.026215284215210133,-0.0022054298753293455,,,True
30037,2018,913,4,21899,2021,4.169140143385543,851.3396442185515,4.0,0.05216336239366215,0.0497046002137036,26487.0,0.0418518664201708,0.010311495973491347,,,True
30039,2018,228,4,15390,2021,1.4814814814814814,752.5462365591397,4.0,0.09080026101285155,0.09690356471709516,26793.0,0.04354430379746832,0.047255957215383226,,,True
30043,2018,305,4,19242,2021,1.5850743165991061,658.23,4.0,0.02238117387084526,-0.01635727959542388,24810.0,0.050914944086750236,-0.028533770215904974,,,True
31201,2018,2794,4,94761,2021,2.9484703622798407,1695.9066878980893,4.0,0.0444620308332726,-0.03377459640120373,34890.0,0.0297199185432222,0.014742112290050402,,,True
31232,2018,489,4,17007,2021,2.8752866466748985,938.7861016949154,4.0,0.04279793580592761,0.060636304583226774,30874.0,0.03375075336503053,0.009047182440897084,,,True
32054,2018,813,4,67492,2021,1.2045872103360398,1083.528776978417,4.0,0.006169311035765679,0.033023084369146805,28742.0,0.025108780940152675,-0.018939469904386996,,,True
33004,2018,707,4,42296,2021,1.671552865519198,1084.2814678899083,4.0,-0.034727372250105915,-0.0739529590901088,29423.0,0.029064073866815976,-0.06379144611692189,,,True
33024,2018,3042,4,148955,2021,2.042227518378034,1369.121681212678,4.0,0.023938733419698544,0.003370870991171504,30124.0,0.02791237289292292,-0.003973639473224377,,,True
33031,2018,380,4,25962,2021,1.4636776827671212,766.6414937759337,4.0,-0.018449990679592854,0.07124416831005365,26737.0,0.02010682945440667,-0.038556820133999525,,,True
33037,2018,321,4,25878,2021,1.2404358914908415,798.7427135678391,4.0,0.015357254823866962,-0.01524749234958267,27285.0,0.025636206442882337,-0.010278951619015375,,,True
33044,2018,2441,4,127210,2021,1.9188743023347221,1279.8571174377225,4.0,-0.001959832251553717,0.030632106493338696,32684.0,0.022941378986573113,-0.02490121123812683,,,True
33066,2018,497,4,29569,2021,1.6808143663972404,1027.6572327044025,4.0,0.008176711662341019,0.020256369131785967,31162.0,0.0284488448844884,-0.02027213322214738,,,True
34120,2018,784,4,44610,2021,1.7574534857655235,1105.2027491408935,4.0,0.032964607411549496,0.06401188528660462,30371.0,0.026706331767012648,0.006258275644536848,,,True
35002,2018,268,4,14365,2021,1.865645666550644,1134.9763754045307,4.0,0.09270968196266338,0.023002453493100816,28760.0,0.04718904748033781,0.04552063448232557,,,True
35004,2018,575,4,25339,2021,2.269229251351671,1128.663994374121,4.0,0.13780093713897235,0.09961752626414211,28600.0,0.05957320687611145,0.0782277302628609,,,True
35006,2018,275,4,17003,2021,1.6173616420631654,988.6677272727272,4.0,0.05066655470875103,-0.025673393201949057,29963.0,0.04371603734150753,0.006950517367243503,,,True
35011,2018,212,4,13881,2021,1.527267487933146,907.3688102893891,4.0,0.07346834328909257,0.01992668252405605,28216.0,0.04476617173325437,0.028702171555838207,,,True
35016,2018,3373,4,175181,2021,1.925437119322301,1470.9645966337782,4.0,0.03793265110632249,0.006915338426482176,32359.0,0.03807904529706141,-0.0001463941907389188,,,True
35017,2018,539,4,18683,2021,2.884975646309479,1023.1543175487466,4.0,0.110528878855644,0.039373554814187584,30093.0,0.05021986459133099,0.06030901426431301,,,True
35019,2018,1664,4,32766,2021,5.0784349630714765,1907.9736842105262,4.0,0.07723829180636566,0.021810474438522354,27119.0,0.04791529811816542,0.02932299368820024,,,True
35022,2018,730,4,30372,2021,2.403529566706177,965.4768115942029,4.0,0.036500101910682536,-0.0679579250711706,26380.0,0.048323001112700714,-0.011822899202018178,,,True
35026,2018,694,4,46739,2021,1.4848413530456364,1060.2037623762376,4.0,0.03831773858441667,-0.0027019389620603906,28141.0,0.04776975202919065,-0.009452013444773977,,,True
36026,2018,116,4,12577,2021,0.922318517929554,814.9869281045752,4.0,-0.022448723274857807,-0.015269972670953535,26438.0,0.03597178683385582,-0.05842051010871363,,,True
36038,2018,608,4,42646,2021,1.425690568869296,1043.7166666666667,4.0,0.001539834320287703,0.0232136530033783,30571.0,0.03217637922884742,-0.030636544908559715,,,True
36045,2018,133,4,14215,2021,0.9356313753077735,883.7225563909775,4.0,-0.023392560445122168,-0.08149381766453412,31188.0,0.034496484012206396,-0.057889044457328565,,,True
36057,2018,2451,4,144293,2021,1.6986270990276728,1408.402106270943,4.0,0.04038138934263413,0.01638015987192709,32800.0,0.030571527319571468,0.009809862023062665,,,True
36060,2018,278,4,21149,2021,1.314482954276798,898.4563573883161,4.0,0.037513373981014064,0.0012152141864754107,26624.0,0.03362062271915511,0.003892751261858951,,,True
37274,2018,1893,4,92553,2021,2.045314576512917,1443.249912891986,4.0,-0.03634724309068127,-0.03200277753385872,28466.0,0.023551832008917417,-0.059899075099598686,,,True
38001,2018,1590,4,26798,2021,5.933278602880812,1896.3298245614035,4.0,0.10403843921484945,-0.03856303277702877,25143.0,0.05994688250916913,0.044091556705680324,,,True
38006,2018,1970,4,53746,2021,3.6653890522085364,1562.5127620783956,4.0,0.11752153695930101,0.028693083317014922,22930.0,0.06078830495928944,0.05673323200001157,,,True
38017,2018,766,4,24284,2021,3.1543403063745674,1206.970786516854,4.0,0.09770683985238038,-0.043876987181207916,25785.0,0.0589757279559735,0.03873111189640688,,,True
38023,2018,1086,4,74096,2021,1.4656661628158065,1095.5149222065065,4.0,0.05903882783281911,0.01616717199326234,29677.0,0.04573804573804563,0.013300782094773478,,,True
38026,2018,202,4,17819,2021,1.133621415343173,1030.1535055350553,4.0,0.0762515102208341,0.1009555506739871,27335.0,0.049650564472774716,0.02660094574805938,,,True
38028,2018,678,4,20779,2021,3.262909668415227,1558.0543543543542,4.0,0.049032487134953895,-0.06051411938795237,25934.0,0.0319936331078392,0.01703885402711469,,,True
38031,2018,306,4,17417,2021,1.7569041740827926,968.5268939393939,4.0,0.007844219450679146,-0.0005426307667544261,26008.0,0.06498505384709885,-0.057140834396419704,,,True
38038,2018,1849,4,97227,2021,1.9017351147315047,1237.3894526034712,4.0,0.04927823627257388,0.010440806568047467,30598.0,0.04917020984775755,0.00010802642481633207,,,True
39016,2018,205,4,13768,2021,1.488959907030796,1220.91220657277,4.0,0.008902902747683683,-0.015471896214865,31775.0,0.03319893347206859,-0.02429603072438491,,,True
39020,2018,664,4,24994,2021,2.6566375930223254,1717.906618962433,4.0,0.052129632556783045,0.02591142898255061,30017.0,0.031051420327688595,0.02107821222909445,,,True
39075,2018,2098,4,93407,2021,2.246084340574047,1610.2239974937343,4.0,-0.011830806462502452,-0.00319128785755729,32985.0,0.027506074387888546,-0.039336880850391,,,True
39087,2018,468,4,26596,2021,1.7596631072341706,960.9487562189054,4.0,-0.005751354099274075,-0.03087591205264284,27278.0,0.03146033426605155,-0.037211688365325624,,,True
40194,2018,703,4,29036,2021,2.421132387381182,1325.2266375545853,4.0,-0.0015835293764659975,-0.029521442268368614,31807.0,0.03333225041421661,-0.03491577979068261,,,True
41004,2018,693,4,32822,2021,2.111388702699409,1001.1650519031142,4.0,0.0011284034526306552,-0.06750913746066067,26784.0,0.05241650294695477,-0.05128809949432411,,,True
41021,2018,311,4,13079,2021,2.377857634375717,979.1862595419847,4.0,0.012475666555705978,0.02969757135708284,23962.0,0.04884881379672601,-0.03637314724102003,,,True
41024,2018,253,4,15565,2021,1.6254416961130742,998.5494545454544,4.0,-0.027567394236874154,-0.07268551219248831,24309.0,0.05636189814010084,-0.083929292376975,,,True
41034,2018,203,4,13904,2021,1.4600115074798619,918.3056886227546,4.0,0.014039464390044776,-0.014926862664228935,23089.0,0.05405158639579999,-0.04001212200575521,,,True
41038,2018,1466,4,56736,2021,2.5838973491257757,1148.2098090849242,4.0,0.04845955094572485,0.0022126190417834923,29625.0,0.05135211867414302,-0.0028925677284181717,,,True
41039,2018,344,4,18684,2021,1.8411475058873903,816.2396078431373,4.0,-0.03129508290283867,-0.048885415736481974,23360.0,0.050832208726945494,-0.08212729162978416,,,True
41059,2018,532,4,19554,2021,2.7206709624629233,1322.6710482529118,4.0,0.033319601727636705,0.016776673574817602,34978.0,0.03161682298118329,0.001702778746453415,,,True
41065,2018,164,4,13352,2021,1.2282804074295985,862.8390243902439,4.0,0.02734295755867522,0.05731376020740497,23899.0,0.040579962554970095,-0.013237004996294877,,,True
41069,2018,213,4,16512,2021,1.2899709302325582,932.3724907063197,4.0,0.03999439488148138,0.037627127801040494,22167.0,0.061180525635502025,-0.02118613075402065,,,True
41081,2018,329,4,16016,2021,2.054195804195804,1040.025699745547,4.0,0.015587498071422345,-0.010319947791863182,25056.0,0.04443518132555235,-0.028847683254130008,,,True
41091,2018,9040,4,327393,2021,2.761207478473883,1564.8783134015534,4.0,0.04067429713181148,0.017994902523706502,31142.0,0.041155427769048236,-0.00048113063723675964,,,True
41095,2018,584,4,23030,2021,2.5358228397742075,898.0741721854304,4.0,0.029658831808549557,0.003179659530569978,24200.0,0.04848143494649282,-0.01882260313794326,,,True
42173,2018,449,4,25244,2021,1.7786404690223419,1061.1888135593222,4.0,0.0115149365384144,0.048817557593937244,32442.0,0.028402967095669807,-0.016888030557255407,,,True
43038,2018,814,4,31733,2021,2.5651529953045724,1621.551746442432,4.0,0.04225118678026463,0.036481829182121395,31598.0,0.03227703364913426,0.00997415313113037,,,True
43123,2018,1260,4,51284,2021,2.4569066375477733,955.6787593984963,4.0,0.021913104522315985,0.03458578472904028,31743.0,0.051824116107226814,-0.02991101158491083,,,True
43148,2018,1664,4,67200,2021,2.4761904761904763,1140.123041940374,4.0,0.06700735117114087,0.04571073271408688,34803.0,0.03740908548944799,0.02959826568169288,,,True
43155,2018,380,4,19654,2021,1.933448661850005,723.9542857142857,4.0,0.036888109355071474,0.0037261657082889865,30837.0,0.03313454837845087,0.003753560976620607,,,True
43163,2018,845,4,31063,2021,2.7202781444161865,1205.9386315789473,4.0,0.06631669141885288,0.05449960353953265,28671.0,0.04776348487063298,0.018553206548219903,,,True
44216,2018,361,4,21490,2021,1.6798510935318753,1010.6927797833933,4.0,0.0392870046483349,0.044160316518340625,33539.0,0.0305106618324833,0.008776342815851601,,,True
45165,2018,1016,4,43263,2021,2.3484270623858725,686.8813876651983,4.0,0.045615372833509804,0.1228854654682956,25534.0,0.03944636678200686,0.0061690060515029455,,,True
45168,2018,1046,4,40498,2021,2.5828435972146773,1218.9038022813688,4.0,0.015498474621198577,0.05095356229630943,36733.0,0.026864586827686443,-0.011366112206487866,,,True
46005,2018,298,4,13175,2021,2.2618595825426944,747.9679054054054,4.0,0.03206352202306473,0.013955745075507897,26154.0,0.06720528828497985,-0.03514176626191512,,,True
46017,2018,503,4,24652,2021,2.040402401427876,689.0936507936508,4.0,0.03947087864056198,0.052192161157827655,28730.0,0.051341164416145224,-0.011870285775583245,,,True
46021,2018,397,4,14434,2021,2.7504503256200636,861.8811594202898,4.0,0.025656528699397052,0.02812998975995451,26569.0,0.04858315573447003,-0.022926627035072977,,,True
46029,2018,295,4,14059,2021,2.0983000213386442,659.2209003215435,4.0,0.012218850588158636,0.011437254431943655,26747.0,0.037670701427684694,-0.025451850839526058,,,True
46078,2018,492,4,17991,2021,2.734700683675171,793.8554054054053,4.0,0.09104362784023468,0.11729491385553537,25588.0,0.04787255825381864,0.04317106958641603,,,True
46102,2018,295,4,12037,2021,2.450776771620836,785.7130281690141,4.0,0.0613034975206892,0.09650831636762791,26213.0,0.046886856503854046,0.014416641016835152,,,True
46110,2018,452,4,13504,2021,3.3471563981042656,670.0073394495413,4.0,0.07676448793732682,0.1564421951925702,25494.0,0.04167688158862459,0.03508760634870223,,,True
46131,2018,1507,4,54541,2021,2.7630589831502905,848.0146496815286,4.0,0.08631355835234933,0.15565049375569917,26739.0,0.05658513454775349,0.029728423804595838,,,True
46145,2018,299,4,16908,2021,1.768393659806009,721.6946058091286,4.0,0.03501954527506945,0.01522027164179729,27816.0,0.03860802031214994,-0.003588475037080485,,,True
46159,2018,377,4,14239,2021,2.6476578411405294,815.4343839541547,4.0,0.06540858444985354,0.1086589284923477,26529.0,0.05462134764460336,0.010787236805250178,,,True
46169,2018,526,4,20270,2021,2.594967932905772,947.2595284872299,4.0,0.09222144800423893,0.09835269699292004,27595.0,0.047845073096639545,0.04437637490759938,,,True
46181,2018,704,4,21085,2021,3.3388664927673704,876.002493765586,4.0,0.09692031162829773,0.11345505054257454,25158.0,0.04437710158163477,0.05254321004666296,,,True
46184,2018,453,4,19230,2021,2.355694227769111,604.8327127659576,4.0,0.050907341158203945,-0.0035384265473406007,27189.0,0.06331638639030124,-0.012409045232097293,,,True
46190,2018,894,4,33020,2021,2.707450030284676,957.8174892703863,4.0,0.02433916432410932,0.004037141153448998,31002.0,0.04956327442616293,-0.02522411010205361,,,True
46220,2018,1051,4,41287,2021,2.5455954658851456,774.9064552661381,4.0,0.01419268695343856,0.03791615500578871,28674.0,0.0330739299610896,-0.01888124300765104,,,True
46235,2018,435,4,25186,2021,1.7271500039704597,876.4992840095466,4.0,0.028546857268708203,0.058166408891857424,27254.0,0.05660231061487164,-0.02805545334616344,,,True
46244,2018,1168,4,40564,2021,2.879400453604181,810.3608372093023,4.0,0.06466389943761852,0.08394102906274825,28391.0,0.05343029943230304,0.01123360000531548,,,True
46250,2018,11432,4,414988,2021,2.7547784514251012,1265.9296308915386,4.0,0.10023997290525921,0.12627571404497417,32954.0,0.047622075279755816,0.052617897625503396,,,True
47186,2018,3532,4,159363,2021,2.2163237388854378,1242.436744966443,4.0,0.03580041962762914,0.04545191461637488,32381.0,0.02950433980860323,0.006296079819025913,,,True
48013,2018,1134,4,46654,2021,2.430659750503708,1863.3906417112303,4.0,0.02577730750063112,0.008220986065640368,31204.0,0.021206964262338035,0.004570343238293084,,,True
48015,2018,345,4,19257,2021,1.791556317183362,1884.0826086956522,3.0,0.016443090493612145,-0.0067112356646563676,30624.0,0.032710595535172304,-0.01626750504156016,,,True
48020,2018,4164,4,165685,2021,2.5132027642816186,2339.2431602456727,4.0,0.023861690370153177,0.04716740075417569,36562.0,0.034900506665911823,-0.011038816295758647,,,True
48027,2018,310,4,13360,2021,2.320359281437126,1997.077966101695,2.0,-0.005003705436602113,-0.019638544852384143,40767.0,0.032572629872597014,-0.03757633530919913,,,True
48036,2018,260,4,13683,2021,1.9001680917927355,1927.9379629629632,4.0,-0.0043367669024699795,-0.012242103034256213,37417.0,0.02383297761724945,-0.02816974451971943,,,True
48044,2018,823,4,34366,2021,2.3948088226735726,2835.8554644808746,4.0,0.019841179532434028,-0.04298220989216395,51575.0,-0.01928159881344005,0.039122778345874076,,,True
48054,2018,334,4,13804,2021,2.4195885250651985,2321.864601769911,4.0,0.02240711782892091,-0.04399322304953679,39984.0,0.04176545686667876,-0.019358339037757855,,,True
48078,2018,474,4,21560,2021,2.198515769944341,2047.6813664596275,4.0,-0.0030705673817901236,0.019369391219269283,32566.0,0.031091691995947413,-0.034162259377737536,,,True
48082,2018,589,4,21669,2021,2.7181688125894135,1974.8219047619048,4.0,-0.002592607589782192,0.009428758146342031,31582.0,0.033036765667931345,-0.03562937325771354,,,True
48084,2018,248,4,13547,2021,1.8306636155606408,1539.9955555555557,4.0,-0.0020375912184364964,0.011139244180591312,28158.0,0.028527596157358337,-0.030565187375794833,,,True
49275,2018,631,4,39710,2021,1.5890203978846638,1030.4210843373494,4.0,0.02218025816865521,0.05801984983499886,27662.0,0.026266973362024215,-0.004086715193369006,,,True
50297,2018,7935,4,338961,2021,2.340977280572101,1311.6342375366569,4.0,0.06366092230499021,0.08995077034440313,33448.0,0.03059621013711289,0.03306471216787732,,,True
51001,2018,757,4,28315,2021,2.673494614162105,1732.6855450236967,4.0,-0.029231174344589883,-0.06512954782180502,37090.0,0.0514826784600555,-0.08071385280464538,,,True
52001,2018,600,4,29347,2021,2.0445019933894435,1603.38199513382,4.0,0.03389104402309595,-0.008727853974182409,37829.0,0.047082595217006196,-0.013191551193910245,,,True
01059,2019,2809,4,119853,2021,2.3437043711880388,2067.5572171651497,4.0,0.04333812930814873,0.0244698846854845,36091.0,0.04173762447683638,0.0016005048313123549,,,True
02003,2019,1960,4,86881,2021,2.255959300652617,1185.805350978136,4.0,0.05833819565157361,0.04795987166256044,32522.0,0.04207119741100329,0.01626699824057032,,,True
02009,2019,187,4,13292,2021,1.4068612699368042,722.7410000000001,4.0,0.052596753208924873,0.011566908140784316,27661.0,0.04149252607402376,0.011104227134901112,,,True
02037,2019,196,4,16661,2021,1.1763999759918373,684.779207920792,4.0,0.09657071748687618,0.09813931869010017,24100.0,0.05157518108037351,0.04499553640650267,,,True
02081,2019,155,4,15102,2021,1.0263541252814197,608.9917030567685,4.0,0.051530398740236016,0.07183816981706692,27731.0,0.0646114864864864,-0.013081087746250386,,,True
03009,2019,730,4,33876,2021,2.154917936001889,639.141,4.0,0.03152344629961412,-0.004817851499131276,27347.0,0.03803378250142342,-0.006510336201809297,,,True
03014,2019,6561,4,187658,2021,3.496253823444777,1202.9680101394172,4.0,0.07370243547567967,0.022824844566124547,29825.0,0.046160861482339,0.027541573993340673,,,True
03031,2019,1744,4,60479,2021,2.883645562922667,1951.1386714116254,4.0,0.06939489885197037,-0.03653023994282867,24900.0,0.047847494003282476,0.02154740484868789,,,True
03047,2019,1030,4,26156,2021,3.9379109955650713,1757.0142857142857,4.0,0.10916421413491761,0.09385082750735818,24546.0,0.042337254235848665,0.06682695989906895,,,True
03059,2019,270,4,15357,2021,1.758155889822231,677.9837962962963,4.0,0.06310209990622573,0.012877966400566487,24264.0,0.05294219753515006,0.010159902371075669,,,True
03063,2019,1536,4,45237,2021,3.3954506266993834,1612.1342657342657,4.0,0.08416927405739782,0.03923707330275983,27163.0,0.05099632424066547,0.033172949816732356,,,True
03065,2019,2819,4,116080,2021,2.4284975878704342,927.1755980861244,4.0,0.07583231945042712,0.024173917180144944,26453.0,0.04565578306585505,0.030176536384572072,,,True
03066,2019,707,4,27488,2021,2.5720314318975555,594.7824399260628,4.0,0.08924739118708391,0.04998393644802013,23905.0,0.04297556719022677,0.04627182399685714,,,True
03082,2019,926,4,26819,2021,3.452776017002871,1840.418650793651,4.0,0.07915186687584219,-0.003094545787430958,25193.0,0.03773118589611557,0.04142068097972662,,,True
03093,2019,197,4,13780,2021,1.4296081277213353,683.2368983957218,4.0,0.0768309411224335,0.0537928954919733,27254.0,0.03714133495699823,0.039689606165435265,,,True
03099,2019,3767,4,88508,2021,4.256112441813169,1201.2502567865004,4.0,0.08087573614369381,0.028079943527873574,24163.0,0.03574949633503355,0.04512623980866026,,,True
03104,2019,322,4,16474,2021,1.9545951195823723,671.6226666666666,4.0,0.14527748442291766,0.2017782799462171,25197.0,0.05351841786177203,0.09175906656114563,,,True
03121,2019,1485,4,45155,2021,3.2886723507917175,1335.6674902470743,4.0,0.026146407418057516,-0.026434737944839748,24489.0,0.044307036247334786,-0.01816062882927727,,,True
03122,2019,677,4,27151,2021,2.4934624875695186,1063.0960644007155,4.0,0.097349755114853,0.014930557888825025,30030.0,0.04926624737945495,0.048083507735398046,,,True
03133,2019,5282,4,122736,2021,4.303545821926737,1238.2028004667445,4.0,0.08829018766207075,0.05163726929810841,20046.0,0.04395375481720665,0.044336432844864104,,,True
03139,2019,747,4,25780,2021,2.8975950349107835,1312.1164122137404,4.0,0.052687147466244255,-0.018821888433787626,26388.0,0.04316888045540801,0.009518267010836245,,,True
03140,2019,328,4,18609,2021,1.7625879950561556,625.3174193548388,4.0,0.0867851986384145,0.14365220053036232,25728.0,0.04781298362792219,0.038972215010492306,,,True
04013,2019,2859,4,100957,2021,2.8318987291619204,1190.0910339256866,4.0,0.0748622838895634,0.041311514077866374,29622.0,0.04108529856254184,0.03377698532702156,,,True
04079,2019,2127,4,62150,2021,3.422365245374095,1008.8816307403936,4.0,0.030308594345880735,-0.024487895322007347,26317.0,0.03736844179904608,-0.0070598474531653466,,,True
04902,2019,1499,4,40014,2021,3.746188833908132,903.432299927902,4.0,0.015227445675820794,-0.007979213205044466,24310.0,0.0332809112934076,-0.018053465617586806,,,True
05019,2019,781,4,34843,2021,2.241483224751026,1000.2078341013823,4.0,0.05426489812884894,-0.009120976131607783,30292.0,0.03449217949593608,0.019772718632912856,,,True
06011,2019,377,4,17292,2021,2.180198935924127,760.0934853420196,4.0,0.04998303119946046,-0.016518470505135996,24001.0,0.0491781780031475,0.0008048531963129602,,,True
06015,2019,1691,4,74594,2021,2.2669383596535915,1152.0990846681923,4.0,0.030785418461811043,-0.023502879716649883,30732.0,0.037087031350183874,-0.006301612888372832,,,True
06044,2019,333,4,21262,2021,1.566174395635406,807.6284552845527,4.0,-0.01466741655620607,-0.050194044631052814,27102.0,0.053282033344992374,-0.06794944990119844,,,True
06083,2019,669,4,31358,2021,2.133426876714076,836.9028938906752,4.0,0.05285193211443873,0.003705827153035912,28617.0,0.042817578893666663,0.010034353220772063,,,True
07011,2019,1286,4,36492,2021,3.5240600679601006,3006.607307692308,4.0,0.11012654486722973,0.06709225220047421,36259.0,0.022244149985903627,0.0878823948813261,,,True
07015,2019,471,4,17887,2021,2.633197294124224,1944.6367391304348,4.0,0.09592474814707552,0.02291480099278065,33131.0,0.048548912871475114,0.04737583527560041,,,True
07026,2019,487,4,23938,2021,2.034422257498538,3604.5966355140185,4.0,0.09004018153482751,-0.05766153952906361,41883.0,0.0545092904980109,0.035530891036816614,,,True
07027,2019,423,4,15863,2021,2.6665826136292,1421.7907999999998,4.0,0.08552698718701435,-0.018423844032952053,33132.0,0.026012634708286964,0.059514352478727384,,,True
07031,2019,593,4,23312,2021,2.543754289636239,1970.2018691588787,4.0,0.06032793159219585,-0.024199779530001297,36916.0,0.041883043576428136,0.018444888015767713,,,True
07032,2019,423,4,15173,2021,2.7878468331905357,1512.63021978022,4.0,0.11972380286924666,0.0745179907031106,36273.0,0.04932307336264752,0.07040072950659915,,,True
07033,2019,577,4,28571,2021,2.019530292954394,1398.8110453648915,4.0,0.007791734855630672,-0.10509080622281619,33829.0,0.02199329325398014,-0.014201558398349468,,,True
07036,2019,319,4,15048,2021,2.1198830409356724,2229.968201754386,4.0,0.09384263703703,0.0005851187530874213,45459.0,0.04664655906798987,0.04719607796904013,,,True
07040,2019,4786,4,186482,2021,2.5664675411031626,2142.9396039603957,4.0,0.11777918188421554,-0.005642406508904907,38852.0,0.04494230924396869,0.07283687264024685,,,True
07054,2019,443,4,22810,2021,1.9421306444541868,3584.0344387755104,4.0,0.14347885745455313,0.03497386031403771,37956.0,0.13179866412213737,0.011680193332415767,,,True
08015,2019,2478,4,91915,2021,2.6959691018876137,1992.1084560082163,4.0,0.12360911583647693,0.021757399803818522,33689.0,0.0446525473658097,0.07895656847066723,,,True
08019,2019,14880,4,808751,2021,1.839874077435453,3398.2577761817706,4.0,0.04107953594771052,-0.07107599444506008,41046.0,0.037615652965266255,0.0034638829824442663,,,True
08056,2019,775,4,28708,2021,2.6995959314476803,3083.8266310160425,4.0,0.09851354238512378,-0.021202052071118915,44232.0,-0.07153652392947107,0.17005006631459485,,,True
08073,2019,793,4,37034,2021,2.141275584597937,2223.0141981613897,4.0,0.09931831742268282,-0.054394942655147105,34025.0,0.04246453629094038,0.05685378113174244,,,True
08077,2019,352,4,19420,2021,1.8125643666323379,2548.9596736596736,4.0,0.08357324645297148,-0.061235400346330016,41973.0,-0.015365487473022466,0.09893873392599395,,,True
08089,2019,494,4,20359,2021,2.426445306743946,2491.757927786499,4.0,0.15676909130344185,0.08507261254811072,39069.0,0.02815863575357236,0.1286104555498695,,,True
08096,2019,717,4,26298,2021,2.7264430755190507,1779.3791268758525,4.0,0.12164610022155764,0.050619351405964075,36987.0,0.029561586638830795,0.09208451358272685,,,True
08101,2019,2911,4,110488,2021,2.63467525885164,2182.1027944111775,4.0,0.11887136138505316,-0.042515195660336236,31645.0,0.040577422643122585,0.07829393874193058,,,True
08102,2019,450,4,18257,2021,2.464808018842088,1162.5633136094675,4.0,0.10495979729816907,0.09194386220425255,35309.0,0.04476861167002011,0.06019118562814896,,,True
08113,2019,999,4,40136,2021,2.489037273270879,1030.8860619469026,4.0,0.0792789459959915,0.061749276381583895,33624.0,0.03217092337917493,0.04710802261681657,,,True
08114,2019,258,4,10685,2021,2.4145999064108565,1585.1434782608696,4.0,0.1133813202984788,0.034234603529521124,36988.0,0.041328828828828934,0.07205249146964987,,,True
08121,2019,1398,4,52996,2021,2.6379349384859236,1757.726597131682,4.0,0.12377607931430012,0.05283590729092458,33144.0,0.04344540989799772,0.0803306694163024,,,True
08124,2019,473,4,20857,2021,2.267823752217481,1789.7231686541738,4.0,0.12551969942185415,0.020888817650747127,35177.0,0.04578291762047737,0.07973678180137678,,,True
08125,2019,363,4,15304,2021,2.3719289074751697,1727.3412008281575,4.0,0.10549758529925946,0.011803012180380934,34248.0,0.04185933317108792,0.06363825212817154,,,True
08169,2019,527,4,26518,2021,1.9873293611886267,2338.1407194244607,4.0,0.09919622107134285,0.02860611529637458,35994.0,0.041553330632559726,0.05764289043878312,,,True
08172,2019,292,4,12313,2021,2.3714773004141962,2155.636507936508,4.0,0.15025940741009203,0.07136811172211943,37197.0,0.027484669355284153,0.12277473805480787,,,True
08180,2019,474,4,15427,2021,3.0725351656187203,1830.6274725274725,4.0,0.11374618081168464,0.008244230380216155,33156.0,0.043100736173157905,0.07064544463852673,,,True
08184,2019,822,4,32476,2021,2.53109988914891,1758.454820261438,4.0,0.1069101636182197,-0.006367111994118657,35428.0,0.03854835399994139,0.06836180961827831,,,True
08187,2019,2375,4,92772,2021,2.5600396671409476,1707.5906539173347,4.0,0.11018038509175798,-0.016122337444083312,35200.0,0.03908371708584246,0.07109666800591552,,,True
08194,2019,317,4,14877,2021,2.1308059420582106,1960.0786632390746,4.0,0.06864103280947687,-0.07430828464200179,31077.0,0.04260744120508608,0.026033591604390782,,,True
08200,2019,824,4,33904,2021,2.430391694195375,2098.294880264244,4.0,0.08794370260069728,-0.012817324870446178,35523.0,0.048123450961878866,0.039820251638818416,,,True
08205,2019,1196,4,35770,2021,3.3435840089460442,3420.4559336823736,4.0,0.04384055291918476,-0.06113448421820045,64376.0,0.03421906628538385,0.009621486633800913,,,True
08211,2019,404,4,18719,2021,2.1582349484481007,2354.5723865877712,4.0,0.08763286846474694,-0.03362449267343259,40612.0,0.0474299125680242,0.040202955896722736,,,True
08217,2019,228,4,13577,2021,1.6793105988068056,2595.371802325581,4.0,0.04650722860769463,-0.10336590214049779,43071.0,0.03893190534770974,0.00757532325998489,,,True
08231,2019,435,4,14150,2021,3.0742049469964665,1725.5672473867596,4.0,0.0809826105985334,0.054180031105209636,35773.0,0.039368934859666416,0.041613675738866984,,,True
08245,2019,1158,4,48100,2021,2.4074844074844073,1774.5680077871511,4.0,0.13796360226097204,0.028998896034410082,30063.0,0.04276795005202905,0.095195652208943,,,True
08252,2019,332,4,13768,2021,2.411388727484021,1879.1671840354768,4.0,0.08597745035350557,-0.02837841488693993,37707.0,0.04957412458943389,0.03640332576407168,,,True
08263,2019,258,4,11530,2021,2.237640936686904,1863.8294964028778,4.0,0.08320615136219667,-0.015429294544318184,36393.0,0.04006744591466371,0.043138705447532955,,,True
08266,2019,518,4,23858,2021,2.1711794785816076,2121.876842105263,4.0,0.09027971522736133,-0.00023013785982550772,41254.0,0.03875110159889217,0.051528613628469166,,,True
08279,2019,2860,4,101134,2021,2.8279312595170762,1598.3339865621501,4.0,0.1410366508483596,0.041106389361706075,35132.0,0.04494214925195572,0.09609450159640387,,,True
08298,2019,502,4,19836,2021,2.5307521677757614,1306.7744086021505,4.0,0.12772248172916556,0.06566233195408921,37321.0,0.06722905347440666,0.060493428254758896,,,True
08301,2019,604,4,26586,2021,2.271872414052509,2242.7978672985782,4.0,0.11065696750742693,0.008652760098547096,37220.0,0.03541324728071893,0.075243720226708,,,True
08305,2019,387,4,18264,2021,2.11892247043364,1354.9077499999999,4.0,0.06261097975394736,-0.004234228728514866,33949.0,0.029724893081379378,0.03288608667256798,,,True
08307,2019,922,4,33155,2021,2.7808776956718444,1737.436673151751,4.0,0.0720401602705878,-0.03486671984523593,35810.0,0.04438870741950529,0.027651452851082503,,,True
09018,2019,537,4,19708,2021,2.724781814491577,1011.6264150943397,4.0,0.01586830245045001,0.012132365813385393,31082.0,0.029341634653596405,-0.013473332203146393,,,True
09059,2019,1947,4,93766,2021,2.076445619947529,1315.6608391608393,4.0,0.047992381706745135,0.018245802933466004,34317.0,0.027732023599173372,0.020260358107571763,,,True
09219,2019,461,4,21007,2021,2.194506593040415,949.5495726495727,4.0,0.08858410784218029,0.07751866472847468,31465.0,0.023218757113589783,0.06536535072859051,,,True
10037,2019,1361,4,53756,2021,2.531810402559714,1061.6865364850976,4.0,0.0017367236722494184,0.0019247613304103073,31294.0,0.034478199067799364,-0.032741475395549946,,,True
10148,2019,430,4,22443,2021,1.9159648888294791,859.468359375,4.0,0.031393946081539115,-0.013653286357917072,27294.0,0.04008840789573975,-0.008694461814200638,,,True
11004,2019,1749,4,55815,2021,3.1335662456328945,1003.9397321428571,4.0,0.006573062095871496,-0.09215718317208177,29972.0,0.049403032106718925,-0.04282997001084743,,,True
11006,2019,376,4,15460,2021,2.4320827943078913,863.317933130699,4.0,0.03411741364377541,0.02966397433615775,22850.0,0.05659853879589383,-0.02248112515211842,,,True
11012,2019,1359,4,56479,2021,2.4062040758512016,1993.9615744349182,4.0,0.06126925710248288,0.009025772046391767,32555.0,0.040328507973029115,0.020940749129453762,,,True
11015,2019,1318,4,49229,2021,2.6772837148835036,1335.8606941081516,4.0,0.06991848087731767,0.008854965319489594,26182.0,0.059828367875647714,0.010090113001669954,,,True
11020,2019,2369,4,92974,2021,2.548024178802676,948.383384480491,4.0,0.057466759214221286,0.06387262796760862,27147.0,0.051109304216517604,0.006357454997703682,,,True
11022,2019,744,4,30028,2021,2.477687491674437,1096.234250343879,4.0,0.0385899174985771,0.009710176207695875,25006.0,0.06151037908052803,-0.022920461581950935,,,True
11027,2019,1063,4,49077,2021,2.1659840658556964,1384.2750902527077,4.0,0.006256061895768772,-0.08411089421109952,30145.0,0.03801521986157508,-0.031759157965806306,,,True
11028,2019,326,4,18626,2021,1.7502415977665629,1109.8505076142133,4.0,0.021429658807540664,-0.005325764889229312,29032.0,0.04120790445791345,-0.019778245650372783,,,True
11030,2019,632,4,26868,2021,2.3522405835938662,1618.43813229572,4.0,0.01373228803009563,-0.082965308152261,27941.0,0.0448749111850717,-0.031142623154976068,,,True
11031,2019,848,4,39564,2021,2.143362652916793,1123.6131019036955,4.0,0.018535256096800845,-0.011569509744759898,29392.0,0.04687277389941591,-0.028337517802615064,,,True
11032,2019,802,4,34536,2021,2.322214500810748,1174.4451693851945,4.0,0.06902483082599709,0.0566045078481614,22849.0,0.07106361036891196,-0.0020387795429148703,,,True
11033,2019,552,4,19625,2021,2.8127388535031845,1432.8051457975987,4.0,0.0922743239874555,0.14662917819142596,29857.0,0.0803270977313022,0.011947226256153298,,,True
12032,2019,528,4,20301,2021,2.600857100635437,750.4299760191848,4.0,0.07772600088497916,0.10525573360044216,28966.0,0.04329347356288715,0.03443252732209201,,,True
12040,2019,2082,4,91229,2021,2.2821690471231735,910.326837806301,4.0,0.02901161604660807,-0.00817398449446749,32012.0,0.03501568107601272,-0.006004065029404648,,,True
12126,2019,263,4,15906,2021,1.6534641015968816,693.5619402985075,4.0,0.03102177909412207,-0.0016916826822925835,28431.0,0.061373054093403434,-0.030351274999281364,,,True
12135,2019,558,4,25363,2021,2.2000551985175254,756.4750922509226,4.0,0.07256772781268483,0.06595625859463805,31900.0,0.04463437796771119,0.027933349844973643,,,True
12138,2019,595,4,20887,2021,2.848661847081917,985.338918918919,4.0,-0.025369777906601554,-0.07232879385348157,27583.0,0.04405919981831263,-0.06942897772491419,,,True
13005,2019,331,4,17129,2021,1.932395352910269,710.1467692307692,4.0,-0.011202449332056053,0.016695549512624974,30410.0,0.051339671564390565,-0.06254212089644662,,,True
13034,2019,881,4,41592,2021,2.1181958068859394,985.5117557251908,4.0,0.00427713039624944,0.003160388132770642,34019.0,0.03197330502047624,-0.0276961746242268,,,True
13071,2019,404,4,26589,2021,1.5194253262627402,612.2743169398907,4.0,0.039887621036838405,0.07345483091720972,28241.0,0.036595213625018275,0.0032924074118201307,,,True
13082,2019,426,4,19217,2021,2.216787219649269,645.3945344129555,4.0,0.018411767627622977,0.0008337498898625118,24818.0,0.036458550845688054,-0.018046783218065077,,,True
13087,2019,361,4,17368,2021,2.078535237217872,689.5285714285714,4.0,-0.001128732345571315,0.002009508539458915,26792.0,0.028049575994781417,-0.029178308340352732,,,True
14021,2019,3805,4,155400,2021,2.4485199485199485,1286.770937950938,4.0,0.018392256889808722,-0.0026555905489242804,30730.0,0.039721207199891806,-0.021328950310083084,,,True
14038,2019,504,4,21141,2021,2.38399318859089,766.5388261851016,4.0,0.0007915639883437908,0.005208764416481104,24423.0,0.04238156209987198,-0.04158999811152819,,,True
14056,2019,275,4,14955,2021,1.8388498829822801,792.5699029126214,4.0,0.028637604209477585,-0.04586510505578678,24167.0,0.04896045835322704,-0.020322854143749458,,,True
15005,2019,242,4,17841,2021,1.3564262092932011,945.044011976048,4.0,0.04576435110812094,0.012023832413202262,29783.0,0.05247720686974344,-0.006712855761622505,,,True
15019,2019,216,4,19427,2021,1.1118546353013847,741.9505952380952,4.0,0.001756519623342001,-0.030636214482788526,27916.0,0.04351076555023914,-0.04175424592689714,,,True
15030,2019,2548,4,136205,2021,1.870709592158878,1660.4705852926463,4.0,0.055760893394894984,0.045102334216983175,34521.0,0.03588897224306087,0.019871921151834115,,,True
15031,2019,228,4,15752,2021,1.4474352463179279,1237.8653061224488,4.0,0.03442719210034917,0.003954268701162222,31993.0,0.047028406859536576,-0.012601214759187407,,,True
15036,2019,641,4,42672,2021,1.5021559805024371,703.1237472766884,4.0,0.033984351892479836,0.016229997306315802,29041.0,0.052248269864850094,-0.01826391797237026,,,True
15054,2019,312,4,21735,2021,1.435472739820566,761.6822784810128,4.0,0.08605546577038936,0.10699229889199025,28834.0,0.05564911766859493,0.030406348101794434,,,True
15058,2019,354,4,19268,2021,1.8372430973635043,1335.5772182254195,4.0,0.05195319624192263,-0.03262916713135522,43859.0,0.017256175345007563,0.034697020896915065,,,True
15073,2019,259,4,17097,2021,1.514885652453647,940.3620833333334,4.0,0.01327979373118171,-0.01748258007630943,29927.0,-0.0313632832729156,0.04464307700409731,,,True
15078,2019,771,4,56746,2021,1.3586860747894125,1630.5756578947369,4.0,0.06686207501341146,0.01759649939879715,36620.0,0.03455095064553504,0.03231112436787642,,,True
16078,2019,570,4,31611,2021,1.8031697826705892,1051.3189583333333,4.0,0.030620054363796667,0.024814554192380545,31879.0,0.03992823356711783,-0.009308179203321165,,,True
17023,2019,550,4,25589,2021,2.1493610535777092,1459.6589371980676,4.0,0.09442271622565923,0.07917963210139423,30128.0,0.04339393939393932,0.05102877683171991,,,True
17066,2019,452,4,21062,2021,2.146045009970563,1187.243161634103,4.0,0.06738952492132189,0.03947960699584052,30181.0,0.03487175970374423,0.032517765217577654,,,True
17079,2019,1114,4,50333,2021,2.213259690461526,1680.3957504520795,4.0,0.09756733020784703,0.048748568862238884,39298.0,0.058132959961226804,0.03943437024662022,,,True
17095,2019,686,4,25496,2021,2.690618136178224,1677.9854324734445,4.0,0.019251692717551006,-0.04142119849914683,27484.0,0.034789156626505946,-0.01553746390895494,,,True
17114,2019,371,4,16713,2021,2.2198288757254834,1140.089124668435,4.0,0.06265358375063723,-0.0044637953433761535,35812.0,0.04636961285609931,0.016283970894537925,,,True
17155,2019,468,4,11642,2021,4.0199278474488915,1034.5758302583026,4.0,0.11787979413284955,0.07496371128718304,30231.0,0.053895764336761465,0.06398402979608808,,,True
18087,2019,3407,4,141257,2021,2.411915869656017,1584.4093931194434,4.0,0.059066734069247895,0.0003538499371609216,31519.0,0.036809210526315805,0.02225752354293209,,,True
18140,2019,981,4,32841,2021,2.9871197588380376,1014.0551198257081,4.0,-0.006146988794997754,-0.08344295912917488,26655.0,0.05803199301393236,-0.06417898180893011,,,True
19130,2019,965,4,41937,2021,2.3010706535994467,1209.8291208791209,4.0,0.046349578330888486,-0.014295704035455215,34912.0,0.03784297987455032,0.008506598456338166,,,True
20030,2019,233,4,13535,2021,1.7214628740302917,1535.5808510638296,2.0,-0.06339894111780564,-0.09242603049063225,37144.0,0.020355465208911294,-0.08375440632671693,,,True
20045,2019,675,4,28045,2021,2.4068461401319308,2006.3567346938773,4.0,0.06785655439382987,0.06565428723099997,34489.0,0.037856218591074686,0.030000335802755185,,,True
20067,2019,389,4,17999,2021,2.1612311795099726,2094.0600000000004,4.0,0.0728851068923353,0.05582070567695352,32710.0,0.026453698183073415,0.04643140870926188,,,True
20069,2019,2560,4,94733,2021,2.7023318167903474,3712.4138522427443,4.0,0.06507712171885793,0.03269898943254357,44674.0,0.03818177592898153,0.0268953457898764,,,True
21041,2019,1732,4,68714,2021,2.520592601216637,1026.3890703517588,4.0,0.04893255312143863,0.04064201301877857,29104.0,0.04110177070291532,0.007830782418523308,,,True
22125,2019,658,4,29309,2021,2.2450441843802245,1143.2751953125,4.0,0.13687287580606378,0.14317161868332162,33443.0,0.03098218139219444,0.10589069441386934,,,True
23005,2019,325,4,20048,2021,1.6211093375897845,740.5722222222222,4.0,-0.01742613284888972,-0.08168356399342913,23776.0,0.038026631739794814,-0.05545276458868453,,,True
23050,2019,1273,4,58293,2021,2.1837956529943563,1091.5079073482427,4.0,0.004846917245103111,0.017350397160170616,32050.0,0.021221004333418225,-0.016374087088315115,,,True
23055,2019,539,4,29385,2021,1.8342691849583121,770.963971880492,4.0,0.023484477484948085,0.03948688004674006,27579.0,0.04537184443939046,-0.021887366954442378,,,True
23092,2019,339,4,18318,2021,1.8506387160170323,885.0416666666666,4.0,0.025461987753722992,0.008161248897667894,28226.0,0.040014738393515215,-0.014552750639792222,,,True
24089,2019,1574,4,79199,2021,1.9873988307933181,1159.069926199262,4.0,0.030892935678712652,-0.02526846579388864,32003.0,0.03029425020925891,0.0005986854694537413,,,True
24115,2019,519,4,42549,2021,1.2197701473595148,764.5359154929578,4.0,-0.0035331836542560335,-0.027261427854398335,28775.0,0.03626476519734956,-0.03979794885160559,,,True
24142,2019,247,4,17161,2021,1.439310063516112,879.6888030888032,4.0,0.019415673882414497,0.00462056511969311,28693.0,0.038623036270180267,-0.01920736238776577,,,True
25120,2019,1611,4,68299,2021,2.3587461016998783,927.7970245795601,4.0,0.04197952730969945,-0.0030654956299835945,33784.0,0.037114351496546405,0.004865175813153044,,,True
26089,2019,1871,4,78908,2021,2.371115729710549,1198.2576015108593,4.0,0.05075400082798698,0.011006726629263497,33844.0,0.03809582234218767,0.01265817848579931,,,True
27028,2019,932,4,62648,2021,1.487677180436726,892.3197802197801,4.0,-0.01110196548433362,-0.061180410318893985,30393.0,0.04103442370268873,-0.05213638918702235,,,True
28005,2019,2569,4,79588,2021,3.2278735487761976,1644.7127262443437,4.0,0.09576760923844208,-0.0040540093567400515,36320.0,0.03928806478381541,0.05647954445462666,,,True
28006,2019,1172,4,42744,2021,2.741905296649822,2832.134253578732,4.0,0.03805128798853241,-0.07997595957446912,56931.0,-0.07489437764055895,0.11294566562909136,,,True
28007,2019,1319,4,70601,2021,1.8682454922734806,2034.8423701298705,4.0,0.09748743794709891,-0.02659490807389142,35675.0,0.03625061724809009,0.06123682069900882,,,True
28013,2019,675,4,25682,2021,2.6282999766373334,1360.0897553516818,4.0,0.14498990994991923,0.08173373978208875,34299.0,0.04211101996171718,0.10287888998820205,,,True
28014,2019,931,4,21573,2021,4.3155796597598854,1471.7670284938943,4.0,0.08902250105811182,-0.008812202006409864,33957.0,0.04873529139256916,0.04028720966554267,,,True
28022,2019,830,4,19874,2021,4.176310757773976,2664.465261958998,4.0,0.07820146158061703,-0.01666787787233792,73743.0,0.00662043735837714,0.07158102422223989,,,True
28045,2019,688,4,20461,2021,3.362494501735008,1779.6382892057027,4.0,0.08316802936946277,0.011057197123181206,44175.0,0.04836604409426393,0.03480198527519884,,,True
28047,2019,870,4,27922,2021,3.115822648807392,1623.7206896551722,4.0,0.08532996879426591,-0.014068081505817176,35366.0,0.04048249485142685,0.044847473942839056,,,True
28049,2019,521,4,31337,2021,1.6625714012190063,1859.2055363321797,4.0,0.09357519123738411,0.01134104448419615,36967.0,0.040444694624261146,0.05313049661312297,,,True
28058,2019,1344,4,70944,2021,1.8944519621109608,1633.36473880597,4.0,0.08984622608579618,-0.03679457153149257,32911.0,0.05076466268637647,0.039081563399419705,,,True
28061,2019,398,4,15295,2021,2.602157567832625,1641.8141393442622,4.0,0.0867953755591655,-0.02100792279734076,42003.0,0.03567906105138574,0.05111631450777976,,,True
28065,2019,1991,4,79835,2021,2.4938936556648086,1857.7904584882278,4.0,0.11773010315573829,-0.016577313078660616,35402.0,0.030835978219724502,0.08689412493601378,,,True
28074,2019,1291,4,77962,2021,1.655934942664375,1889.1130833333334,4.0,0.10465936761035666,-0.03381562514855929,33297.0,0.04066133266658323,0.06399803494377343,,,True
28079,2019,40572,4,1533221,2021,2.6461938624634023,3259.459972405335,4.0,0.08178165504433976,-0.018010584881217317,43393.0,0.026251685074379694,0.05552996996996007,,,True
28080,2019,998,4,25577,2021,3.9019431520506704,3044.8556780595363,4.0,0.04116097733921631,-0.0693402884697516,65484.0,0.014092359153839107,0.027068618185377202,,,True
28092,2019,1790,4,82103,2021,2.180188300062117,1677.9016666666669,4.0,0.10306517582831765,-0.047675797200254166,33574.0,0.045495593684800495,0.05756958214351715,,,True
28106,2019,1239,4,47256,2021,2.6218892839004573,1316.5650485436893,4.0,0.12493389081100248,0.0022245515588075193,29932.0,0.049472318642403756,0.07546157216859872,,,True
28113,2019,562,4,21507,2021,2.6131027107453386,1769.9250474383302,4.0,0.09909452074259062,-0.020630843452143166,36539.0,0.05024287890546408,0.048851641837126536,,,True
28115,2019,807,4,32327,2021,2.496365267423516,3219.295031055901,4.0,0.08041382317525936,-0.011068356195065965,84460.0,-0.07086752766715809,0.15128135084241745,,,True
28123,2019,1507,4,35980,2021,4.188438021122846,1961.366026289181,4.0,0.04418456605823584,-0.06323960684196339,46007.0,0.04043510708066678,0.0037494589775690645,,,True
28127,2019,1060,4,35404,2021,2.9940119760479043,2760.4747706422017,4.0,0.11639316775107633,0.0033067934526895826,64303.0,0.02587706003414114,0.09051610771693519,,,True
28130,2019,281,4,15621,2021,1.7988605082901223,1850.9884498480242,4.0,0.09720637459097992,0.04046196783116951,35282.0,0.037858508604206476,0.05934786598677344,,,True
28134,2019,998,4,36032,2021,2.769760213143872,2396.292065217391,4.0,0.13249399350961677,0.037205774516188894,44667.0,0.04109173969793023,0.09140225381168654,,,True
28148,2019,1451,4,50494,2021,2.8736087455935357,1717.4436540016166,4.0,0.12216805138193321,-0.02449760849418081,35308.0,0.04924073578794097,0.07292731559399224,,,True
28161,2019,906,4,28896,2021,3.1353820598006643,1549.7615384615385,4.0,0.08877287135119394,-0.021299449589715858,38126.0,0.04856985698569849,0.04020301436549545,,,True
28181,2019,305,4,11252,2021,2.7106292214717382,2165.2708978328174,4.0,0.07748733583282341,-0.020330302834006053,57226.0,0.048364049389953534,0.029123286442869878,,,True
28903,2019,819,4,18542,2021,4.416999244957394,2583.6578544061304,4.0,0.05366783834257638,-0.06739349907644376,56868.0,0.04392840752638816,0.009739430816188221,,,True
29007,2019,481,4,17000,2021,2.8294117647058825,1566.1936752136753,4.0,0.11281279533131494,0.05384707851082493,34275.0,0.06576492537313428,0.047047869958180666,,,True
29015,2019,483,4,20944,2021,2.306149732620321,995.7473317865429,4.0,0.02198509581304986,-0.016550782418407017,28085.0,0.0368442426256137,-0.01485914681256384,,,True
29025,2019,1988,4,48663,2021,4.085239298851283,2008.3284712482468,4.0,0.1162363004804039,0.025207510842921277,26985.0,0.04358419057931773,0.07265210990108617,,,True
29051,2019,2344,4,50366,2021,4.6539332089107734,1720.9235429447856,4.0,0.06796563464160399,-0.04438620893799761,26651.0,0.060356489217792575,0.007609145423811414,,,True
29054,2019,1672,4,48887,2021,3.4201321414691024,2135.9273809523806,4.0,0.12280551226231995,0.01734431196524766,24344.0,0.04413467724640796,0.07867083501591199,,,True
29067,2019,6752,4,261857,2021,2.578506589474408,1713.7416680679337,4.0,0.10724130230473472,-0.01778921724814997,30447.0,0.05291005291005302,0.0543312493946817,,,True
29069,2019,3681,4,100282,2021,3.6706487704672823,2500.735239361702,4.0,0.07295210035309707,0.006196566289264904,28943.0,0.047293385439282076,0.025658714913814995,,,True
29070,2019,2832,4,62030,2021,4.5655328067064325,1735.276435856146,4.0,0.09679113161179553,-0.005941350026788861,24580.0,0.06526826731385982,0.031522864297935715,,,True
29082,2019,819,4,27620,2021,2.9652425778421434,1834.2716034271727,4.0,0.11499640112991893,-0.0013117396296895567,33169.0,0.05224922276505306,0.06274717836486587,,,True
29084,2019,488,4,19462,2021,2.5074504161956632,1092.7378571428571,4.0,0.05152586237617496,0.0636744837164378,27362.0,0.04121161383614291,0.010314248540032045,,,True
29094,2019,1391,4,50454,2021,2.7569667419827963,1413.6215063520872,4.0,0.08125644493869233,0.019694519959159384,25750.0,0.05879934210526305,0.022457102833429277,,,True
29901,2019,1747,4,42938,2021,4.068657133541385,1935.0615245009074,4.0,0.10608996639327306,-0.05843676722764091,26785.0,0.05623250128159629,0.04985746511167677,,,True
30003,2019,696,4,26137,2021,2.6628916861154686,898.9547445255473,4.0,0.05348862188858261,0.07231823912904478,26011.0,0.039317537059975205,0.014171084828607405,,,True
30005,2019,305,4,18107,2021,1.684431435356492,724.7172514619883,4.0,0.000507351893993313,-0.011390157947027912,27895.0,0.05967938003342965,-0.05917202813943634,,,True
30015,2019,213,4,14630,2021,1.4559125085440876,672.2295454545454,4.0,0.07638212067978722,0.09625398209589209,26795.0,0.04431366435419748,0.032068456325589745,,,True
30016,2019,2817,4,125253,2021,2.2490479269957606,980.9441310975611,4.0,0.04837600822331822,0.026277051241520466,31411.0,0.04522161586583251,0.0031543923574857136,,,True
30019,2019,247,4,16704,2021,1.4786877394636015,746.2522807017544,4.0,-0.03395671518026844,-0.0490195980684176,27648.0,0.03764308500656788,-0.07159980018683632,,,True
30022,2019,285,4,13679,2021,2.0834856349148327,602.4498181818182,4.0,0.005476585570751036,0.017042746620249627,26192.0,0.060104423847492594,-0.05462783827674156,,,True
30024,2019,705,4,42431,2021,1.661521057717235,805.4193236714975,4.0,0.046480187579619914,0.008686550201876031,30007.0,0.052618655067176556,-0.0061384674875566425,,,True
30026,2019,1139,4,31537,2021,3.611630782889939,1018.0407949790795,4.0,-0.011685468437054869,-0.11675549436187826,23406.0,0.057707081205657706,-0.06939254964271258,,,True
30027,2019,796,4,32908,2021,2.418864713747417,878.4144444444445,4.0,0.02380930973448314,-0.024524639280916194,33601.0,0.047739320236981575,-0.023930010502498433,,,True
30030,2019,5305,4,219740,2021,2.4142168016747063,1045.2860460500199,4.0,0.04881837911920539,-0.01491099997535228,33224.0,0.044385766377467606,0.004432612741737785,,,True
30035,2019,1092,4,41372,2021,2.6394663057140093,1178.1276887871854,4.0,0.05775086292958953,0.03374100858970874,28690.0,0.036638242520595554,0.021112620408993976,,,True
30037,2019,937,4,21899,2021,4.2787341887757435,832.211697574893,4.0,-0.02246805581480482,-0.07463141820846697,28054.0,0.05916109789708157,-0.08162915371188639,,,True
30039,2019,251,4,15390,2021,1.630929174788824,752.4471264367816,4.0,-0.00013169971165005734,-0.0909319607245016,28400.0,0.059978352554771686,-0.06011005226642174,,,True
30043,2019,361,4,19242,2021,1.876104355056647,710.4394117647059,4.0,0.07931788548790841,0.05693671161706315,25905.0,0.04413542926239411,0.0351824562255143,,,True
31201,2019,2237,4,94761,2021,2.360675805447389,1857.7066954643628,4.0,0.09540619700415753,0.05094416617088493,36126.0,0.035425623387790095,0.05998057361636744,,,True
31232,2019,424,4,17007,2021,2.4930910801434703,1018.7099206349208,4.0,0.08513528139765625,0.04233734559172864,32341.0,0.04751570901081825,0.037619572386837996,,,True
32054,2019,873,4,67492,2021,1.2934866354530907,1180.9314814814816,4.0,0.08989397104402408,0.0837246600082584,30039.0,0.045125600167003066,0.04476837087702101,,,True
33004,2019,630,4,42296,2021,1.4895025534329487,1059.5289556962025,4.0,-0.022828493271102368,0.011898878979003547,30400.0,0.0332053155694525,-0.056033808840554866,,,True
33024,2019,2953,4,148955,2021,1.9824779295760464,1392.608177044261,4.0,0.01715442546405388,-0.006784307955644664,31231.0,0.03674810782100657,-0.01959368235695269,,,True
33031,2019,405,4,25962,2021,1.559972267159695,822.0622276029056,4.0,0.07229028728148879,0.09074027796108164,27828.0,0.04080487713655234,0.03148541014493644,,,True
33037,2019,339,4,25878,2021,1.3099930442847205,815.6281512605042,4.0,0.021140020942714832,0.005782766118847871,29134.0,0.06776617188931655,-0.04662615094660172,,,True
33044,2019,2334,4,127210,2021,1.8347614181275056,1308.6899999999998,4.0,0.022528204257675988,0.024488036509229705,33861.0,0.03601150409986542,-0.013483299842189433,,,True
33066,2019,482,4,29569,2021,1.6300855625824342,1090.1418711656443,4.0,0.06080299585573479,0.05262628419339377,32402.0,0.03979205442526146,0.02101094143047333,,,True
34120,2019,806,4,44610,2021,1.8067697825599642,1130.58406779661,4.0,0.022965305393463975,-0.00999930201808552,31430.0,0.03486878930558768,-0.011903483912123702,,,True
35002,2019,210,4,14365,2021,1.461886529759833,1212.1182481751823,4.0,0.06796782245194888,-0.024741859510714503,30476.0,0.05966620305980519,0.008301619392143689,,,True
35004,2019,470,4,25339,2021,1.8548482576265835,1251.1585616438356,4.0,0.10853058827099504,-0.029270348867977303,29952.0,0.047272727272727355,0.06125786099826769,,,True
35006,2019,281,4,17003,2021,1.6526495324354527,1070.6792650918635,4.0,0.08295156760640676,0.03228501289765573,31395.0,0.047792277141808226,0.035159290464598536,,,True
35011,2019,201,4,13881,2021,1.4480224767668035,963.1963190184049,4.0,0.06152681037296248,-0.011941532916130093,29392.0,0.0416784802948682,0.01984833007809428,,,True
35016,2019,3508,4,175181,2021,2.002500271148127,1538.54368872549,4.0,0.045942024876983956,0.008009373770661465,33635.0,0.03943261534658049,0.006509409530403465,,,True
35017,2019,360,4,18683,2021,1.9268854038430658,1110.5513457556938,4.0,0.08541920481392418,-0.02510967404171982,31364.0,0.042235735885421954,0.04318346892850222,,,True
35019,2019,1227,4,32766,2021,3.744735396447537,2015.6582834331339,4.0,0.05643924762367192,-0.020799044182693738,27912.0,0.02924149120542796,0.027197756418243957,,,True
35022,2019,798,4,30372,2021,2.627419992097985,1059.2857668711656,4.0,0.09716334369757118,0.060663241786888644,27650.0,0.048142532221379764,0.04902081147619142,,,True
35026,2019,733,4,46739,2021,1.5682834463724085,1124.2801886792454,4.0,0.060437840891446326,0.022120102307029654,29384.0,0.044170427490138886,0.01626741340130744,,,True
36026,2019,122,4,12577,2021,0.9700246481672895,883.1378378378379,4.0,0.08362208936499393,0.10607081263985174,27308.0,0.03290717906044338,0.05071491030455055,,,True
36038,2019,695,4,42646,2021,1.629695633822633,1141.7877611940298,4.0,0.0939633309110357,0.092423496590748,31865.0,0.04232769618265686,0.05163563472837884,,,True
36045,2019,118,4,14215,2021,0.8301090397467464,910.4620853080569,4.0,0.030257832306873178,0.053650392751995346,32699.0,0.048448121072207195,-0.018190288765334017,,,True
36057,2019,2373,4,144293,2021,1.644570422681627,1458.400602167804,4.0,0.03550015700362952,-0.004881232339004615,33720.0,0.028048780487804903,0.007451376515824615,,,True
36060,2019,342,4,21149,2021,1.6170977351174995,935.4163101604277,4.0,0.041137170957918245,0.003623796976904181,27940.0,0.04942908653846145,-0.008291915580543208,,,True
37274,2019,1667,4,92553,2021,1.801130163257809,1518.0679906542055,4.0,0.051840001578312256,0.08818724466899353,29806.0,0.047073701960233194,0.004766299618079062,,,True
38001,2019,1741,4,26798,2021,6.496753489066348,2035.73406779661,4.0,0.07351265662208784,-0.03052578259276162,26899.0,0.06984051226981669,0.003672144352271145,,,True
38006,2019,1607,4,53746,2021,2.989989952740669,1697.7315680166148,4.0,0.08653932897057182,-0.030982207988729193,24409.0,0.06450065416484962,0.02203867480572219,,,True
38017,2019,677,4,24284,2021,2.7878438478010215,1288.1074188562598,4.0,0.06722336053679845,-0.03048347931558193,27449.0,0.06453364359123515,0.002689716945563303,,,True
38023,2019,1127,4,74096,2021,1.5209997840639171,1139.5997155049788,4.0,0.04024116185444537,-0.018797665978373734,31203.0,0.051420291808471186,-0.011179129954025813,,,True
38026,2019,246,4,17819,2021,1.3805488523486167,1102.3660583941605,4.0,0.07009882747678309,-0.006152682744051008,28679.0,0.049167733674776004,0.020931093802007084,,,True
38028,2019,646,4,20779,2021,3.1089080321478417,1648.1386206896552,4.0,0.05781843623333094,0.008785949098377044,26853.0,0.03543610704095013,0.022382329192380812,,,True
38031,2019,308,4,17417,2021,1.7683872079003273,974.3523206751055,4.0,0.006014728937487002,-0.0018294905131921446,27210.0,0.046216548754229425,-0.04020181981674242,,,True
38038,2019,2129,4,97227,2021,2.1897209622841394,1342.5603823685608,4.0,0.08499420254779899,0.03571596627522511,32550.0,0.06379501928230602,0.02119918326549297,,,True
39016,2019,226,4,13768,2021,1.6414875072632191,1270.4812720848056,4.0,0.04060002451051026,0.031697121762826574,33110.0,0.04201416207710462,-0.0014141375665943645,,,True
39020,2019,699,4,24994,2021,2.796671201088261,1751.5486021505374,4.0,0.019583126822354968,-0.03254650573442808,31330.0,0.043741879601559175,-0.024158752779204207,,,True
39075,2019,2016,4,93407,2021,2.15829648741529,1710.0491247882553,4.0,0.06199455942148169,0.07382536588398414,34143.0,0.035106866757617095,0.026887692663864593,,,True
39087,2019,483,4,26596,2021,1.8160625657993683,987.9657692307692,4.0,0.028114936240897004,0.03386629034017108,28433.0,0.042341813915976134,-0.01422687767507913,,,True
40194,2019,546,4,29036,2021,1.880424300867888,1328.0922268907564,4.0,0.0021623390708920276,0.003745868447358025,33079.0,0.03999119690634134,-0.037828857835449314,,,True
41004,2019,792,4,32822,2021,2.413015660227896,1044.796878251821,4.0,0.04358105216094699,0.04245264870831633,28129.0,0.05021654719235369,-0.006635495031406702,,,True
41021,2019,350,4,13079,2021,2.6760455692331218,1037.356010230179,4.0,0.05940621625491693,0.046930549699210955,24961.0,0.04169101076704784,0.01771520548786909,,,True
41024,2019,275,4,15565,2021,1.7667844522968197,1031.965337423313,4.0,0.0334644245467739,0.06103181878364805,25464.0,0.04751326669134892,-0.014048842144575024,,,True
41034,2019,219,4,13904,2021,1.5750863060989644,946.6386934673367,4.0,0.030853565643347958,0.016814101253303182,24328.0,0.05366191693014,-0.02280835128679204,,,True
41038,2019,1669,4,56736,2021,2.9416948674562886,1257.1147040498442,4.0,0.09484755669498468,0.04638800574925983,31016.0,0.046953586497890276,0.047893970197094404,,,True
41039,2019,368,4,18684,2021,1.9695996574609291,872.7171232876713,4.0,0.0691923240453527,0.10048740694819136,24389.0,0.04404965753424661,0.025142666511106082,,,True
41059,2019,606,4,19554,2021,3.0991101564897208,1407.2275,4.0,0.06392855718644253,0.03060895545880582,36645.0,0.04765852821773686,0.016270028968705663,,,True
41065,2019,174,4,13352,2021,1.3031755542240864,873.0409090909092,4.0,0.011823624583826353,-0.015519332974848865,25243.0,0.056236662621867106,-0.04441303803804075,,,True
41069,2019,260,4,16512,2021,1.574612403100775,937.9109271523178,4.0,0.005940154285120958,-0.03405424059636042,23736.0,0.07078089051292458,-0.06484073622780362,,,True
41081,2019,324,4,16016,2021,2.022977022977023,1078.8331578947368,4.0,0.03731394152921852,0.021726443457796174,27158.0,0.08389208173690932,-0.0465781402076908,,,True
41091,2019,8558,4,327393,2021,2.6139838053959616,1694.2602240518288,4.0,0.08267857605428741,0.042004278922475935,32467.0,0.04254704257915365,0.04013153347513376,,,True
41095,2019,700,4,23030,2021,3.0395136778115504,925.8060653188181,4.0,0.030879290366299328,0.0012204585577497706,25547.0,0.05566115702479335,-0.024781866658494023,,,True
42173,2019,568,4,25244,2021,2.250039613373475,1073.8940298507462,4.0,0.011972625539473647,0.00045768900105924715,33542.0,0.03390666420072752,-0.021934038661253874,,,True
43038,2019,687,4,31733,2021,2.164938707339363,1660.0683506686478,4.0,0.023752929445957305,-0.018498257334307322,32495.0,0.028387872650167623,-0.004634943204210318,,,True
43123,2019,1380,4,51284,2021,2.6908977458856564,998.1153439153438,4.0,0.044404653864607235,0.02249154934229125,32654.0,0.028699240777494195,0.01570541308711304,,,True
43148,2019,1676,4,67200,2021,2.494047619047619,1209.7219705549264,4.0,0.06104510307598221,-0.005962248095158662,35791.0,0.02838835732551792,0.03265674575046429,,,True
43155,2019,326,4,19654,2021,1.6586954309555306,760.147386759582,4.0,0.04999362771861571,0.013105518363544233,32052.0,0.03940071991438865,0.010592907804227059,,,True
43163,2019,785,4,31063,2021,2.5271222998422562,1278.5429522752497,4.0,0.06020565126207211,-0.006111040156780767,29913.0,0.043319033169404664,0.01688661809266745,,,True
44216,2019,475,4,21490,2021,2.210330386226152,1049.0003012048194,4.0,0.03790224110400375,-0.0013847635443311468,34879.0,0.03995348698530066,-0.0020512458812969037,,,True
45165,2019,1010,4,43263,2021,2.3345583986316254,725.5376796714579,4.0,0.056277972733629555,0.010662599900119751,26717.0,0.046330383018720056,0.0099475897149095,,,True
45168,2019,1104,4,40498,2021,2.7260605461998124,1313.1994743758212,4.0,0.07736104516038367,0.06186257053918509,38032.0,0.03536329730759813,0.04199774785278554,,,True
46005,2019,253,4,13175,2021,1.920303605313093,837.9974025974027,4.0,0.12036545490972705,0.08830193288666233,27283.0,0.04316739313298168,0.07719806177674537,,,True
46017,2019,532,4,24652,2021,2.158039915625507,710.7682634730539,4.0,0.03145379826739059,-0.008017080373171392,29664.0,0.03250957187608772,-0.0010557736086971303,,,True
46021,2019,360,4,14434,2021,2.494111126506859,888.576802507837,4.0,0.03097369375785286,0.005317165058455808,27881.0,0.04938085739019149,-0.01840716363233863,,,True
46029,2019,307,4,14059,2021,2.1836545984778435,698.6416393442623,4.0,0.05979898241013126,0.04758013182197263,28373.0,0.06079186450816909,-0.0009928820980378283,,,True
46078,2019,461,4,17991,2021,2.5623923072647434,915.9203904555314,4.0,0.15376223959549673,0.06271861175526205,27106.0,0.05932468344536512,0.09443755615013161,,,True
46102,2019,271,4,12037,2021,2.2513915427432085,874.8511627906976,4.0,0.11344871654910249,0.05214521902841329,27601.0,0.05295082592606715,0.060497890623035344,,,True
46110,2019,353,4,13504,2021,2.6140402843601898,779.2728155339805,4.0,0.16308101367099748,0.08631652573367066,26883.0,0.05448340786067307,0.1085976058103244,,,True
46131,2019,1459,4,54541,2021,2.675051795896665,953.6283568904594,4.0,0.12454231450906428,0.03822875615671495,27735.0,0.037248962190059354,0.08729335231900492,,,True
46145,2019,379,4,16908,2021,2.2415424651052756,714.1748520710061,4.0,-0.01041957869380461,-0.04543912396887406,29234.0,0.05097785447224612,-0.06139743316605073,,,True
46159,2019,321,4,14239,2021,2.254371795772175,868.5602446483181,4.0,0.06515038087620084,-0.0002582035736526933,27963.0,0.054054054054053946,0.011096326822146896,,,True
46169,2019,407,4,20270,2021,2.007893438579181,1036.9819047619048,4.0,0.0947178398067543,0.002496391802515374,29163.0,0.056821888023192546,0.037895951783561754,,,True
46181,2019,551,4,21085,2021,2.613232155560825,924.7121649484536,4.0,0.055604489176148464,-0.041315822452149265,26376.0,0.048414023372287174,0.00719046580386129,,,True
46184,2019,452,4,19230,2021,2.3504940197607906,632.460681114551,4.0,0.045678693902398315,-0.00522864725580563,28232.0,0.03836110191621622,0.007317591986182093,,,True
46190,2019,793,4,33020,2021,2.4015748031496065,1082.3396028037382,4.0,0.13000609712003297,0.10566693279592365,32566.0,0.05044835817044069,0.07955773894959228,,,True
46220,2019,1044,4,41287,2021,2.528640976578584,818.5787234042552,4.0,0.05635811631368859,0.04216542936025003,29928.0,0.04373299853525836,0.012625117778430228,,,True
46235,2019,463,4,25186,2021,1.838322877789248,885.2181818181817,4.0,0.009947410075169083,-0.01859944719353912,28315.0,0.038930065311513884,-0.0289826552363448,,,True
46244,2019,1079,4,40564,2021,2.6599940834237255,890.130425299891,4.0,0.09843712137582683,0.03377322193820831,29956.0,0.05512310239160301,0.04331401898422382,,,True
46250,2019,10216,4,414988,2021,2.461757930349793,1440.974993834772,4.0,0.13827416522350977,0.03803419231825056,34330.0,0.04175517387874006,0.09651899134476971,,,True
47186,2019,3174,4,159363,2021,1.9916793735057698,1322.483454779254,4.0,0.06442719127320484,0.0286267716455757,33166.0,0.024242611407924386,0.040184579865280456,,,True
48013,2019,1024,4,46654,2021,2.1948814678269817,1972.9983436853001,4.0,0.0588216445443841,0.03304433704375298,32533.0,0.04259069350083333,0.016230951043550768,,,True
48015,2019,475,4,19257,2021,2.4666355091654983,1898.415168539326,4.0,0.007607182284643077,-0.008835908208969068,31758.0,0.037029780564263426,-0.02942259827962035,,,True
48020,2019,3732,4,165685,2021,2.25246703081148,2492.304759358289,4.0,0.06543210287576162,0.041570412505608445,37746.0,0.032383348832120795,0.03304875404364083,,,True
48027,2019,316,4,13360,2021,2.3652694610778444,2058.7338028169015,3.0,0.030873024369478586,0.0358767298060807,42243.0,0.036205754654500044,-0.005332730285021459,,,True
48036,2019,242,4,13683,2021,1.7686179931301615,1945.7777777777778,3.0,0.009253313725612555,0.013590080628082535,38924.0,0.040275810460485895,-0.03102249673487334,,,True
48044,2019,856,4,34366,2021,2.490833963801432,2971.1081967213113,4.0,0.04769380313435545,0.027852623601921422,52537.0,0.018652447891420287,0.029041355242935163,,,True
48054,2019,419,4,13804,2021,3.035352071863228,2476.2445205479453,4.0,0.06648963021373144,0.044082512384810535,40697.0,0.017832132853141225,0.04865749736059022,,,True
48078,2019,409,4,21560,2021,1.8970315398886828,2041.6184971098266,4.0,-0.002960846081381918,0.00010972130040820538,33675.0,0.03405392126757967,-0.037014767348961586,,,True
48082,2019,581,4,21669,2021,2.681249711569523,2165.9668316831685,4.0,0.09679096958584177,0.09938357717562396,32519.0,0.02966879868279393,0.06712217090304784,,,True
48084,2019,300,4,13547,2021,2.2145124381781947,1595.4837662337663,4.0,0.036031409621953836,0.03806900084039033,29143.0,0.034981177640457384,0.0010502319814964522,,,True
49275,2019,631,4,39710,2021,1.5890203978846638,1049.9406072106262,4.0,0.018943248706745575,-0.0032370094619096346,28757.0,0.0395849902393175,-0.020641741532571922,,,True
50297,2019,7701,4,338961,2021,2.2719427898784814,1410.486660698299,4.0,0.0753658453955075,0.011704923090517294,34648.0,0.03587658454915088,0.03948926084635662,,,True
51001,2019,638,4,28315,2021,2.2532226734946144,1742.4309433962264,4.0,0.005624447205968108,0.03485562155055799,38628.0,0.0414667026152602,-0.03584225540929209,,,True
52001,2019,580,4,29347,2021,1.9763519269431287,1652.534728033473,4.0,0.030655659754711406,-0.0032353842683845446,39730.0,0.05025245182267568,-0.019596792067964275,,,True
01059,2020,2351,4,119853,2021,1.9615695894136984,2101.5288543140027,4.0,0.016430808718044476,-0.026907320590104256,35532.0,-0.015488625973234305,0.03191943469127878,,,True
02003,2020,1588,4,86881,2021,1.8277874333858957,1174.1691601049868,4.0,-0.00981290130252055,-0.06815109695409416,32861.0,0.010423713178771221,-0.02023661448129177,,,True
02009,2020,184,4,13292,2021,1.3842913030394222,722.3910526315789,4.0,-0.00048419470933736,-0.05308094791826223,27375.0,-0.010339467119771517,0.009855272410434157,,,True
02037,2020,171,4,16661,2021,1.0263489586459396,636.6382978723404,4.0,-0.07030136063071002,-0.1668720781175862,24660.0,0.023236514522821494,-0.09353787515353151,,,True
02081,2020,123,4,15102,2021,0.8144616607071911,623.1411392405064,4.0,0.02323420189916603,-0.028296196841069987,27629.0,-0.003678194078828745,0.026912395977994774,,,True
03009,2020,782,4,33876,2021,2.308418939662298,668.6303754266212,4.0,0.04613907639569548,0.014615630096081356,27794.0,0.01634548579368844,0.029793590602007036,,,True
03014,2020,4720,4,187658,2021,2.5152138464653784,1182.5356595092026,4.0,-0.016984949273793792,-0.09068738474947347,29745.0,-0.002682313495389721,-0.014302635778404071,,,True
03031,2020,1093,4,60479,2021,1.8072388763041718,1889.847317744154,4.0,-0.031413120228470426,-0.10080801908044079,22939.0,-0.07875502008032131,0.04734189985185089,,,True
03047,2020,719,4,26156,2021,2.748891267777948,1742.0108465608464,4.0,-0.008539167424777006,-0.11770338155969462,23413.0,-0.04615823352073656,0.03761906609595955,,,True
03050,2020,624,4,26801,2021,2.3282713331592104,1726.7826530612244,4.0,,,29013.0,0.007535768856785641,,,,False
03059,2020,263,4,15357,2021,1.7125740704564694,672.2236593059937,4.0,-0.00849598031954335,-0.07159808022576908,24422.0,0.006511704582921274,-0.015007684902464624,,,True
03063,2020,1334,4,45237,2021,2.9489135000110527,1617.4121802679658,4.0,0.0032738678445596303,-0.0808954062128382,27038.0,-0.004601848102197881,0.007875715946757511,,,True
03065,2020,2356,4,116080,2021,2.029634734665748,936.732925170068,4.0,0.010308001098898512,-0.06552431835152861,26758.0,0.011529883189052237,-0.0012218820901537253,,,True
03066,2020,627,4,27488,2021,2.2809953434225845,590.3492730210016,4.0,-0.007453426004998209,-0.09670081719208212,23708.0,-0.008240953775360826,0.0007875277703626171,,,True
03082,2020,682,4,26819,2021,2.542973265222417,1929.5717131474103,4.0,0.04844172944852154,-0.03071013742732065,24863.0,-0.01309887667209142,0.06154060612061296,,,True
03093,2020,175,4,13780,2021,1.269956458635704,704.68934169279,4.0,0.031398250515216164,-0.04543269060721733,26831.0,-0.01552065751816245,0.046918908033378615,,,True
03099,2020,2838,4,88508,2021,3.20648980883084,1175.879031230083,4.0,-0.021120682732912566,-0.10199641887660638,24339.0,0.0072838637586392085,-0.028404546491551774,,,True
03104,2020,249,4,16474,2021,1.5114726235279834,692.5896296296297,4.0,0.03121836710339787,-0.11405911731951979,25003.0,-0.007699329285232315,0.038917696388630185,,,True
03121,2020,1088,4,45155,2021,2.409478463071642,1374.304924760602,4.0,0.028927435005834168,0.002781027587776652,24315.0,-0.0071052309200049235,0.03603266592583909,,,True
03122,2020,608,4,27151,2021,2.239328201539538,1087.687844408428,4.0,0.023132227492136614,-0.07421752762271638,30122.0,0.003063603063603093,0.02006862442853352,,,True
03133,2020,3424,4,122736,2021,2.789727545300482,1205.097667638484,4.0,-0.02673643834094186,-0.11502662600301261,20026.0,-0.0009977052778609163,-0.025738733063080943,,,True
03139,2020,597,4,25780,2021,2.3157486423584173,1312.937250996016,4.0,0.0006255838084447962,-0.05206156365779946,26041.0,-0.01314991662877063,0.013775500437215427,,,True
03140,2020,332,4,18609,2021,1.784082970605621,587.6991689750693,4.0,-0.06015864777696667,-0.14694384641538116,26118.0,0.015158582089552342,-0.07531722986651901,,,True
04013,2020,2218,4,100957,2021,2.1969749497310738,1180.1890766694148,4.0,-0.008320335986070515,-0.08318261987563391,30170.0,0.01849976368914996,-0.026820099675220477,,,True
04066,2020,323,4,15503,2021,2.08346771592595,1017.993287037037,4.0,,,22844.0,0.08471035137701799,,,,False
04079,2020,1661,4,62150,2021,2.672566371681416,994.7219084712755,4.0,-0.014035067977921867,-0.0443436623238026,26720.0,0.015313295588402998,-0.029348363566324864,,,True
04902,2020,1142,4,40014,2021,2.8540010996151346,896.3403600464577,4.0,-0.007849995934405163,-0.023077441610225957,25471.0,0.047758124228712395,-0.05560812016311756,,,True
05019,2020,624,4,34843,2021,1.7908905662543408,1009.5844067796609,4.0,0.00937462431165903,-0.04489027381718991,31066.0,0.025551300673445132,-0.016176676361786102,,,True
06011,2020,338,4,17292,2021,1.9546611149664586,767.7547368421052,4.0,0.01007935424764006,-0.0399036769518204,23908.0,-0.0038748385483937664,0.013954192796033826,,,True
06015,2020,1860,4,74594,2021,2.4934981365793494,1173.886463501063,4.0,0.018911028680441477,-0.011874389781369565,30634.0,-0.003188858518807791,0.02209988719924927,,,True
06044,2020,337,4,21262,2021,1.5849873012886841,786.373125,4.0,-0.026318203804574836,-0.011650787248368766,27166.0,0.0023614493395320846,-0.02867965314410692,,,True
06083,2020,671,4,31358,2021,2.1398048344919958,836.4683333333334,4.0,-0.000519248482128587,-0.053371180596567314,28545.0,-0.0025159870007338547,0.0019967385186052677,,,True
06153,2020,203,4,14092,2021,1.4405336361055918,735.035761589404,4.0,,,25746.0,-0.0016673775640777544,,,,False
07011,2020,897,4,36492,2021,2.4580730023018744,3049.8525759577283,4.0,0.014383410881354086,-0.09574313398587564,32380.0,-0.10698033591660006,0.12136374679795414,,,True
07015,2020,411,4,17887,2021,2.2977581483759155,2009.9510344827586,4.0,0.033586887482918604,-0.06233786066415692,31019.0,-0.06374694394977509,0.0973338314326937,,,True
07026,2020,348,4,23938,2021,1.4537555351324254,3918.3718562874255,4.0,0.0870486360892535,-0.0029915454455740065,37684.0,-0.1002554735811666,0.1873041096704201,,,True
07027,2020,304,4,15863,2021,1.916409254239425,1457.4026768642445,4.0,0.025047198831392725,-0.06047978835562162,30775.0,-0.07113968368948453,0.09618688252087726,,,True
07031,2020,434,4,23312,2021,1.8617021276595744,2019.2403877221325,4.0,0.024890098487313495,-0.035437833104882355,34252.0,-0.07216383140101856,0.09705392988833206,,,True
07032,2020,321,4,15173,2021,2.1156000790878533,1621.2059299191376,4.0,0.07177941357980622,-0.04794438928944045,34491.0,-0.04912745016954756,0.12090686374935378,,,True
07033,2020,417,4,28571,2021,1.4595218928283924,1466.2110898661565,4.0,0.04818380918895526,0.04039207433332459,31156.0,-0.07901504626208278,0.12719885545103804,,,True
07036,2020,317,4,15048,2021,2.1065922381711855,2215.5791896869246,4.0,-0.006452563788192589,-0.10029520082522259,44052.0,-0.03095096680525311,0.02449840301706052,,,True
07040,2020,3674,4,186482,2021,1.9701633401615168,2178.750599140855,4.0,0.016711154674763806,-0.10106802720945174,36510.0,-0.060280037063728975,0.07699119173849278,,,True
07054,2020,347,4,22810,2021,1.5212626041209996,3563.3265625,4.0,-0.005777811745186656,-0.1492566691997398,34394.0,-0.09384550532195168,0.08806769357676503,,,True
08015,2020,2341,4,91915,2021,2.546918348474134,2023.9363106200124,4.0,0.015976968781896916,-0.10763214705458002,33689.0,0.0,0.015976968781896916,,,True
08019,2020,11253,4,808751,2021,1.3914047710605613,3295.3237842147223,4.0,-0.030290224799456866,-0.07136976074716739,40424.0,-0.015153729961506657,-0.01513649483795021,,,True
08056,2020,558,4,28708,2021,1.9437090706423297,3053.808634772462,4.0,-0.009734009020374246,-0.10824755140549802,43718.0,-0.011620546210888039,0.0018865371905137929,,,True
08073,2020,746,4,37034,2021,2.0143651779445912,2276.343792107796,4.0,0.02398976758246274,-0.07532854984022008,33806.0,-0.006436443791329904,0.030426211373792644,,,True
08077,2020,285,4,19420,2021,1.4675592173017509,2630.8319727891153,4.0,0.03211988795879739,-0.051453358494174095,41369.0,-0.014390203225883358,0.046510091184680746,,,True
08089,2020,400,4,20359,2021,1.964733041897932,2493.2298534798533,4.0,0.0005907177727582091,-0.15617837353068365,39233.0,0.004197701502469897,-0.003606983729711688,,,True
08096,2020,550,4,26298,2021,2.0914137957259107,1768.3530779753764,4.0,-0.006196570890339204,-0.12784267111189684,37867.0,0.023792143185443537,-0.02998871407578274,,,True
08101,2020,2168,4,110488,2021,1.9622040402577656,2183.742418486863,4.0,0.0007513963502931986,-0.11811996503475997,31358.0,-0.009069363248538465,0.009820759598831663,,,True
08102,2020,356,4,18257,2021,1.9499370104617406,1211.271182795699,4.0,0.04189696046317315,-0.06306283683499592,35232.0,-0.0021807471182984095,0.04407770758147156,,,True
08113,2020,665,4,40136,2021,1.656866653378513,1047.0515474919957,4.0,0.01568115637780898,-0.06359778961818252,33705.0,0.0024089935760172043,0.013272162801791776,,,True
08114,2020,240,4,10685,2021,2.2461394478240524,1593.847878787879,4.0,0.005491238267314014,-0.10789008203116479,36806.0,-0.0049205147615443146,0.010411753028858328,,,True
08121,2020,1102,4,52996,2021,2.0794022190353987,1774.669669327252,4.0,0.009639196575405018,-0.1141368827388951,33263.0,0.003590393434709238,0.00604880314069578,,,True
08124,2020,311,4,20857,2021,1.491106103466462,1816.3048333333331,4.0,0.01485238898658725,-0.1106673104352669,35187.0,0.0002842766580435363,0.014568112328543714,,,True
08125,2020,344,4,15304,2021,2.247778358599059,1779.0524822695036,4.0,0.029936923531120208,-0.07556066176813925,34324.0,0.0022191076851203473,0.02771781584599986,,,True
08163,2020,334,4,16297,2021,2.0494569552678406,1598.0200440528633,4.0,,,28372.0,-0.025887523175169957,,,,False
08169,2020,610,4,26518,2021,2.300324308017196,2337.834716459198,4.0,-0.0001308744861764355,-0.09932709555751928,35752.0,-0.006723342779352159,0.006592468293175724,,,True
08172,2020,222,4,12313,2021,1.8029724681231218,2146.6107033639146,4.0,-0.004187071678997345,-0.15444647908908937,37354.0,0.004220770492243897,-0.008407842171241242,,,True
08180,2020,276,4,15427,2021,1.789071109094445,1820.6741312741312,4.0,-0.005437120005414853,-0.11918330081709949,33645.0,0.014748461816865621,-0.020185581822280474,,,True
08184,2020,680,4,32476,2021,2.0938539228969084,1784.110478359909,4.0,0.01458988755517554,-0.09232027606304416,35426.0,-5.645252342778573e-05,0.014646340078603326,,,True
08187,2020,2213,4,92772,2021,2.3854180140559653,1701.2520598194133,4.0,-0.0037120103014034456,-0.11389239539316143,35249.0,0.0013920454545455208,-0.005104055755948966,,,True
08194,2020,313,4,14877,2021,2.1039188008335015,1926.098292682927,4.0,-0.017336227975664142,-0.08597726078514101,31090.0,0.0004183157962480699,-0.017754543771912212,,,True
08196,2020,201,4,10536,2021,1.9077448747152619,2001.6422222222225,4.0,,,36436.0,-0.000576021065913257,,,,False
08200,2020,643,4,33904,2021,1.8965313827277017,2121.377892030848,4.0,0.01100084262880019,-0.07694285997189709,35370.0,-0.00430706865974162,0.015307911288541809,,,True
08205,2020,976,4,35770,2021,2.728543472183394,3417.1598467432946,4.0,-0.0009636396442419537,-0.044804192563426715,64848.0,0.00733192494097179,-0.008295564585213744,,,True
08211,2020,478,4,18719,2021,2.553555211282654,2487.8580034423408,4.0,0.0566071434515234,-0.031025725013223537,40464.0,-0.0036442430808627524,0.06025138653238615,,,True
08217,2020,223,4,13577,2021,1.642483611990867,2562.264935064935,4.0,-0.01275611734356552,-0.05926334595126015,43031.0,-0.0009286991247010601,-0.01182741821886446,,,True
08231,2020,309,4,14150,2021,2.1837455830388692,1727.0375209380236,4.0,0.0008520523054031948,-0.0801305582931302,35819.0,0.001285886003410397,-0.0004338336980072022,,,True
08245,2020,825,4,48100,2021,1.7151767151767152,1751.822295514512,4.0,-0.012817605283554356,-0.1507812075445264,29891.0,-0.00572131856434821,-0.007096286719206146,,,True
08252,2020,252,4,13768,2021,1.8303312027890761,1925.0690265486728,4.0,0.02442669439055578,-0.06155075596294979,37693.0,-0.0003712838465006474,0.02479797823705643,,,True
08260,2020,220,4,10045,2021,2.190144350423096,1755.00025,4.0,,,37403.0,0.007298287191640718,,,,False
08263,2020,199,4,11530,2021,1.7259323503902861,1929.354427645788,4.0,0.035156075901455086,-0.04805007546074158,36425.0,0.0008792899733465198,0.034276785928108566,,,True
08266,2020,387,4,23858,2021,1.622097409673904,2147.3755287009067,4.0,0.012017043633099966,-0.07826267159426137,41078.0,-0.004266252969409079,0.016283296602509045,,,True
08270,2020,467,4,19230,2021,2.4284971398855952,3496.5778467908904,4.0,,,42710.0,-0.00598133451253291,,,,False
08279,2020,2026,4,101134,2021,2.0032827733502088,1632.9266821345705,4.0,0.021642970657731908,-0.11939368019062768,35192.0,0.0017078446999885255,0.019935125957743383,,,True
08298,2020,400,4,19836,2021,2.0165355918531964,1397.8114416475971,4.0,0.0696654544550106,-0.05805702727415496,37336.0,0.0004019184909300755,0.06926353596408052,,,True
08301,2020,541,4,26586,2021,2.034905589407959,2230.4445093457944,4.0,-0.005508012172163901,-0.11616497967959083,37205.0,-0.0004030091348736775,-0.005105003037290223,,,True
08305,2020,368,4,18264,2021,2.0148926850635127,1385.0643584521388,4.0,0.022257314899954528,-0.04035366485399283,34405.0,0.013431912574744409,0.008825402325210119,,,True
08307,2020,715,4,33155,2021,2.1565374754938924,1790.039624505929,4.0,0.03027618339536664,-0.041763976875221154,35717.0,-0.002597039932979661,0.0328732233283463,,,True
09018,2020,333,4,19708,2021,1.6896691698802517,1042.550806451613,4.0,0.03056898366418137,0.01470068121373136,30987.0,-0.003056431375072388,0.03362541503925376,,,True
09059,2020,1853,4,93766,2021,1.97619606253866,1326.3930267062315,4.0,0.008157260006490308,-0.03983512170025483,34190.0,-0.003700789696069018,0.011858049702559326,,,True
09219,2020,433,4,21007,2021,2.061217689341648,920.2062814070352,4.0,-0.030902326837617844,-0.11948643467979814,31079.0,-0.012267598919434297,-0.018634727918183547,,,True
10037,2020,1085,4,53756,2021,2.0183793437011683,1102.2878748370274,4.0,0.03824230312493904,0.03650557945268962,31455.0,0.005144756183294019,0.03309754694164502,,,True
10148,2020,394,4,22443,2021,1.7555585260437554,872.1267558528428,4.0,0.014728170432065646,-0.01666577564947347,27301.0,0.0002564666227009571,0.014471703809364689,,,True
11004,2020,1157,4,55815,2021,2.072919466093344,1018.244738628649,4.0,0.014248869755616234,0.007675807659744738,29708.0,-0.008808221006272543,0.023057090761888777,,,True
11006,2020,283,4,15460,2021,1.8305304010349288,866.476430976431,4.0,0.0036585569748077695,-0.030458856668967638,22569.0,-0.012297592997811857,0.015956149972619627,,,True
11012,2020,949,4,56479,2021,1.680270543033694,2039.2508165225745,4.0,0.022713197018598974,-0.0385560600838839,32464.0,-0.0027952695438488995,0.025508466562447873,,,True
11015,2020,1113,4,49229,2021,2.2608624997460844,1346.2638668779714,4.0,0.007787617987192297,-0.06213086289012537,26087.0,-0.0036284470246734646,0.011416065011865761,,,True
11020,2020,2214,4,92974,2021,2.3813109041237337,986.1068819031436,4.0,0.03977663257282482,-0.017690126641396464,27078.0,-0.002541717316830616,0.04231834988965544,,,True
11022,2020,557,4,30028,2021,1.8549353936326096,1124.2708965517243,4.0,0.02557541529016305,-0.013014502208414047,25181.0,0.00699832040310322,0.01857709488705983,,,True
11027,2020,951,4,49077,2021,1.9377712574118222,1415.165893037336,4.0,0.02231550867464427,0.016059446778875497,30082.0,-0.002089898822358549,0.024405407497002818,,,True
11028,2020,255,4,18626,2021,1.369054010522925,1117.798275862069,4.0,0.00716111601817504,-0.014268542789365624,28982.0,-0.0017222375310003146,0.008883353549175355,,,True
11030,2020,649,4,26868,2021,2.4155128777728154,1636.3121649484538,4.0,0.011044001186118813,-0.002688286843976817,27825.0,-0.0041516051680325905,0.015195606354151403,,,True
11031,2020,798,4,39564,2021,2.0169851380042463,1161.7135135135136,4.0,0.03390883529683486,0.015373579200034015,29492.0,0.0034022863364180367,0.030506548960416824,,,True
11032,2020,687,4,34536,2021,1.9892286309937457,1209.905702364395,4.0,0.03019343423053411,-0.038831396595462975,22965.0,0.005076808613068362,0.02511662561746575,,,True
11033,2020,518,4,19625,2021,2.6394904458598725,1457.4280639431615,4.0,0.01718511286603186,-0.07508921112142364,29946.0,0.0029808755065814374,0.014204237359450422,,,True
12009,2020,460,4,15657,2021,2.9379830107938942,807.5522198731501,4.0,,,28727.0,0.0067638606574613735,,,,False
12027,2020,310,4,17897,2021,1.7321338771861206,884.0854395604395,4.0,,,27639.0,0.008722627737226318,,,,False
12032,2020,417,4,20301,2021,2.054086005615487,737.1100823045267,4.0,-0.01774968236918817,-0.09547568325416733,29310.0,0.01187599254298144,-0.02962567491216961,,,True
12040,2020,1784,4,91229,2021,1.9555185302919027,926.1867542419268,4.0,0.017422222192025938,-0.01158939385458213,31914.0,-0.0030613519930026145,0.020483574185028552,,,True
12084,2020,293,4,14658,2021,1.9989084458998498,709.8847457627119,4.0,,,30293.0,0.015861837692823677,,,,False
12126,2020,227,4,15906,2021,1.4271344146862819,678.9915841584158,4.0,-0.021008009946192563,-0.052029789040314633,28615.0,0.00647180894094479,-0.027479818887137353,,,True
12135,2020,515,4,25363,2021,2.030516894689114,741.1052830188679,4.0,-0.02031766728276696,-0.0928853950954518,31767.0,-0.0041692789968652555,-0.016148388285901705,,,True
12138,2020,398,4,20887,2021,1.9054914540144587,1006.3181081081082,4.0,0.021291343299630228,0.04666112120623178,27920.0,0.012217670304172756,0.009073672995457471,,,True
13005,2020,310,4,17129,2021,1.8097962519703428,712.3487804878049,4.0,0.0031007833203562374,0.01430323265241229,30556.0,0.004801052285432483,-0.001700268965076246,,,True
13034,2020,764,4,41592,2021,1.8368917099442201,990.9956937799044,4.0,0.005564558741035119,0.0012874283447856794,34312.0,0.008612834004526837,-0.0030482752634917176,,,True
13071,2020,360,4,26589,2021,1.353943360036105,564.1158924205379,4.0,-0.0786549805976603,-0.1185426016344987,27875.0,-0.012959881024043107,-0.06569509957361719,,,True
13082,2020,386,4,19217,2021,2.008638184940417,634.9381395348838,4.0,-0.016201554739819324,-0.0346133223674423,24801.0,-0.0006849867031992751,-0.015516568036620049,,,True
13087,2020,328,4,17368,2021,1.8885306310456011,723.0674267100976,4.0,0.04864026912190189,0.049769001467473206,27123.0,0.012354434159450589,0.0362858349624513,,,True
14021,2020,3534,4,155400,2021,2.2741312741312742,1298.7202397944618,4.0,0.009286269600206953,-0.009105987289601769,30999.0,0.008753660917669936,0.0005326086825370169,,,True
14038,2020,454,4,21141,2021,2.147485927817984,789.2194379391101,4.0,0.02958834044569536,0.02879677645735157,24181.0,-0.009908692625803517,0.03949703307149888,,,True
14056,2020,246,4,14955,2021,1.6449348044132397,825.7502183406114,4.0,0.04186421324611911,0.013226609036641523,24280.0,0.0046757975752058645,0.037188415670913244,,,True
15002,2020,265,4,16701,2021,1.5867313334530866,1043.471617161716,4.0,,,32463.0,-0.0006157066773389008,,,,False
15005,2020,242,4,17841,2021,1.3564262092932011,989.825993883792,4.0,0.047386133704087285,0.0016217825959663479,29460.0,-0.010845112983916994,0.05823124668800428,,,True
15019,2020,176,4,19427,2021,0.9059556287640912,776.9239024390243,4.0,0.04713697573044762,0.045380456107105616,28139.0,0.007988250465682745,0.03914872526476487,,,True
15030,2020,2115,4,136205,2021,1.5528064314819574,1746.611881188119,4.0,0.05187764038607812,-0.003883253008816867,34376.0,-0.00420034182092055,0.05607798220699867,,,True
15031,2020,239,4,15752,2021,1.5172676485525647,1241.8950310559007,4.0,0.0032553824018826116,-0.031171809698466557,31794.0,-0.006220110649204469,0.00947549305108708,,,True
15036,2020,597,4,42672,2021,1.3990438695163105,737.8031380753139,4.0,0.04932188812132199,0.015337536228842152,28753.0,-0.009917013876932668,0.059238901998254656,,,True
15054,2020,239,4,21735,2021,1.0996089256958823,804.8592,4.0,0.05668626242045827,-0.029369203349931094,28634.0,-0.006936255809114278,0.06362251822957254,,,True
15058,2020,424,4,19268,2021,2.200539755034254,1405.993899782135,4.0,0.05272378159480584,0.000770585352883213,43578.0,-0.006406894822043374,0.059130676416849215,,,True
15073,2020,180,4,17097,2021,1.052816283558519,930.85,4.0,-0.01011534120943669,-0.0233951349406184,29715.0,-0.007083904166805932,-0.003031437042630758,,,True
15078,2020,694,4,56746,2021,1.2229936911852817,1675.7771900826444,4.0,0.02772121119866844,-0.03914086381474302,36213.0,-0.011114145275805565,0.038835356474474,,,True
16078,2020,458,4,31611,2021,1.448862737654614,1105.6501187648457,4.0,0.051679045641528365,0.021058991277731698,32319.0,0.013802189529157127,0.03787685611237124,,,True
17023,2020,504,4,25589,2021,1.9695963109148462,1485.073354231975,4.0,0.017411202292702876,-0.07701151393295635,29329.0,-0.026520180562931484,0.04393138285563436,,,True
17066,2020,313,4,21062,2021,1.4860886905327129,1148.061936560935,4.0,-0.03300185365501673,-0.10039137857633862,29428.0,-0.024949471521818367,-0.008052382133198366,,,True
17079,2020,931,4,50333,2021,1.849681123716051,1682.1277730008599,4.0,0.0010307229998138823,-0.09653660720803314,39210.0,-0.002239299709908882,0.003270022709722764,,,True
17095,2020,576,4,25496,2021,2.259177910260433,1696.9079710144927,4.0,0.011276938509028334,-0.007974754208522672,25326.0,-0.07851841071168675,0.08979534922071508,,,True
17114,2020,289,4,16713,2021,1.7291928438939748,1169.7505827505827,4.0,0.026016788898652,-0.03663679485198523,35663.0,-0.00416061655311073,0.03017740545176273,,,True
17155,2020,302,4,11642,2021,2.594056004123003,1006.5728376327769,4.0,-0.027067124329140935,-0.14494691846199048,30457.0,0.007475769905064267,-0.0345428942342052,,,True
18017,2020,689,4,29769,2021,2.31448822600692,1646.318018018018,4.0,,,22776.0,0.002553041640989573,,,,False
18087,2020,2430,4,141257,2021,1.7202687300452366,1622.1079335793358,4.0,0.0237934340856627,-0.035273299983585193,31402.0,-0.0037120467019893244,0.027505480787652026,,,True
18140,2020,674,4,32841,2021,2.05231265795804,1003.7885997521686,4.0,-0.010124222907433311,-0.003977234112435557,26539.0,-0.004351903957981573,-0.005772318949451738,,,True
19046,2020,385,4,14220,2021,2.707454289732771,1309.0389610389611,4.0,,,33628.0,-0.00679307696851561,,,,False
19130,2020,1027,4,41937,2021,2.448911462431743,1205.9822997416022,4.0,-0.003179640059187361,-0.049529218390075846,34881.0,-0.000887946837763498,-0.0022916932214238628,,,True
20030,2020,227,4,13535,2021,1.6771333579608423,1565.7701149425288,3.0,0.019659833513673064,0.0830587746314787,36896.0,-0.006676717639457208,0.026336551153130272,,,True
20045,2020,668,4,28045,2021,2.3818862542342663,2058.3495548961428,4.0,0.025914045744311887,-0.041942508649517984,34461.0,-0.0008118530545970781,0.026725898798908965,,,True
20067,2020,326,4,17999,2021,1.8112117339852214,2129.325850340136,4.0,0.01684089774893538,-0.056044209143399915,32759.0,0.0014980128401100856,0.015342884908825294,,,True
20069,2020,2044,4,94733,2021,2.157643059968543,3756.834355828221,4.0,0.011965396465332567,-0.053111725253525366,43696.0,-0.021891928190894028,0.033857324656226595,,,True
21041,2020,1465,4,68714,2021,2.1320254969875134,1044.8064576802508,4.0,0.017943865402015646,-0.03098868771942298,29158.0,0.0018554150632215105,0.016088450338794136,,,True
21044,2020,378,4,21967,2021,1.7207629626257568,1249.705044510386,4.0,,,24976.0,0.014253807106598959,,,,False
22125,2020,485,4,29309,2021,1.6547818076358798,1148.878205128205,4.0,0.004900840881248758,-0.13197203492481502,33327.0,-0.0034685883443470455,0.008369429225595804,,,True
23005,2020,283,4,20048,2021,1.411612130885874,739.7,4.0,-0.0011777679422066978,0.01624836490668302,23865.0,0.0037432705248989784,-0.004921038467105676,,,True
23050,2020,1104,4,58293,2021,1.8938809119448303,1101.9426886792453,4.0,0.009559968609254677,0.004713051364151566,32544.0,0.015413416536661506,-0.00585344792740683,,,True
23055,2020,447,4,29385,2021,1.5211842776927003,743.2438920454545,4.0,-0.03595509108865913,-0.059439568573607215,27675.0,0.003480909387577613,-0.03943600047623674,,,True
23092,2020,300,4,18318,2021,1.6377333770062235,865.6846347607053,4.0,-0.021871322712822883,-0.047333310466545875,28148.0,-0.002763409622334012,-0.01910791309048887,,,True
24089,2020,1207,4,79199,2021,1.5240091415295647,1160.5670960187354,4.0,0.0012916993061693471,-0.029601236372543305,32074.0,0.002218542011686475,-0.000926842705517128,,,True
24115,2020,510,4,42549,2021,1.198618063879292,784.1173752310536,4.0,0.02561221695578575,0.029145400610041783,28850.0,0.0026064291920069316,0.023005787763778818,,,True
24142,2020,202,4,17161,2021,1.1770875823087232,885.810460251046,4.0,0.0069588894854046845,-0.012456784397009812,28762.0,0.0024047677133796075,0.004554121772025077,,,True
25120,2020,1640,4,68299,2021,2.401206459831037,911.4738349241999,4.0,-0.017593492135585587,-0.059573019445285036,34151.0,0.010863130475964988,-0.028456622611550575,,,True
26089,2020,1506,4,78908,2021,1.9085517311299234,1264.8468063872256,4.0,0.05557169409349472,0.004817693265507739,33246.0,-0.017669306228578208,0.07324100032207292,,,True
27028,2020,810,4,62648,2021,1.2929383220533777,977.3023622047243,4.0,0.09523781033298717,0.10633977581732079,30462.0,0.0022702595992498686,0.0929675507337373,,,True
28005,2020,2225,4,79588,2021,2.7956475850630746,1648.9297689414293,4.0,0.0025639995543265126,-0.09320360968411556,36247.0,-0.002009911894273131,0.0045739114485996435,,,True
28006,2020,993,4,42744,2021,2.323133071308254,2956.138954108858,4.0,0.04378489486274573,0.005733606874213315,56448.0,-0.008483954260420479,0.052268849123166206,,,True
28007,2020,1292,4,70601,2021,1.8300024078979051,2101.492703533026,4.0,0.0327545437334793,-0.06473289421361961,35844.0,0.004737210932025171,0.02801733280145413,,,True
28013,2020,589,4,25682,2021,2.2934350907250214,1378.5342857142855,4.0,0.013561259681596827,-0.1314286502683224,34544.0,0.007143065395492476,0.006418194286104351,,,True
28014,2020,648,4,21573,2021,3.0037546933667083,1549.7500000000002,4.0,0.05298594818088054,-0.03603655287723129,33726.0,-0.006802721088435382,0.05978866926931592,,,True
28022,2020,1387,4,19874,2021,6.9789674952198855,2756.24290627687,4.0,0.034445051931506265,-0.04375640964911076,74262.0,0.007037956144990032,0.027407095786516233,,,True
28045,2020,583,4,20461,2021,2.8493231024876593,1855.6048780487806,4.0,0.042686533158928563,-0.04048149621053421,44384.0,0.004731182795698841,0.03795535036322972,,,True
28047,2020,724,4,27922,2021,2.5929374686627034,1709.9561274509806,4.0,0.053109773340464184,-0.032220195453801725,35353.0,-0.0003675846858565146,0.0534773580263207,,,True
28049,2020,448,4,31337,2021,1.4296199380923509,1909.282191780822,4.0,0.026934437570271585,-0.06664075366711253,36592.0,-0.010144182649389988,0.03707862021966157,,,True
28058,2020,1045,4,70944,2021,1.4729927830401444,1695.4624396135268,4.0,0.038018269485204925,-0.05182795660059125,32807.0,-0.003160037677372274,0.0411783071625772,,,True
28061,2020,311,4,15295,2021,2.033344230140569,1657.146694214876,4.0,0.009338788418972621,-0.07745658714019288,41920.0,-0.0019760493298097703,0.011314837748782391,,,True
28065,2020,2178,4,79835,2021,2.7281267614454814,1870.471241457859,4.0,0.006825733715927207,-0.11090436943981108,35693.0,0.008219874583356823,-0.0013941408674296163,,,True
28074,2020,1091,4,77962,2021,1.399399707549832,1896.2828481510621,4.0,0.0037953073751824107,-0.10086406023517425,33176.0,-0.003633961017509124,0.007429268392691535,,,True
28079,2020,31395,4,1533221,2021,2.04765001262049,3188.870067041131,4.0,-0.02165693273174696,-0.10343858777608672,43003.0,-0.008987624732099686,-0.012669307999647272,,,True
28080,2020,527,4,25577,2021,2.0604449309926887,3139.1086178861788,4.0,0.030954813558424332,-0.010206163780791977,65059.0,-0.0064901349948078835,0.037444948553232216,,,True
28092,2020,1871,4,82103,2021,2.278844865595654,1708.6534443168773,4.0,0.018327520772598138,-0.08473765505571951,33475.0,-0.0029487103115506397,0.021276231084148778,,,True
28096,2020,360,4,12156,2021,2.9615004935834155,1448.3385542168676,4.0,,,36243.0,0.008795613327024165,,,,False
28106,2020,1019,4,47256,2021,2.1563399356695445,1361.2172636103153,4.0,0.03391569229034119,-0.09101819852066129,29788.0,-0.004810904717359343,0.038726597007700536,,,True
28113,2020,778,4,21507,2021,3.6174268842702375,1821.4352727272728,4.0,0.029103054597422018,-0.0699914661451686,36498.0,-0.0011220887271135016,0.03022514332453552,,,True
28115,2020,840,4,32327,2021,2.598447118507749,3270.9050391937294,4.0,0.016031462677374098,-0.06438236049788526,82973.0,-0.01760596732180919,0.03363742999918329,,,True
28123,2020,1334,4,35980,2021,3.707615341856587,2038.171387283237,4.0,0.039159116638401326,-0.005025449419834516,46289.0,0.006129502032299339,0.03302961460610199,,,True
28127,2020,1036,4,35404,2021,2.9262230256468196,2826.92503617945,4.0,0.02407204233269966,-0.09232112541837667,63629.0,-0.010481626051661697,0.03455366838436136,,,True
28130,2020,203,4,15621,2021,1.2995326803661738,1895.4790322580645,4.0,0.024036121032356084,-0.07317025355862383,35065.0,-0.006150444986111947,0.03018656601846803,,,True
28134,2020,808,4,36032,2021,2.242451154529307,2440.96600877193,4.0,0.018642945992681348,-0.11385104751693542,44359.0,-0.006895470929321412,0.02553841692200276,,,True
28148,2020,1370,4,50494,2021,2.713193646769913,1756.218659942363,4.0,0.0225771633616052,-0.099590888020328,35052.0,-0.007250481477285575,0.029827644838890777,,,True
28161,2020,1002,4,28896,2021,3.4676079734219267,1629.999498997996,4.0,0.051774391443544454,-0.036998479907649484,38246.0,0.0031474584273198936,0.04862693301622456,,,True
28181,2020,226,4,11252,2021,2.008531816565944,2179.1721476510065,4.0,0.006420097287643145,-0.07106723854518027,56991.0,-0.00410652500611608,0.010526622293759225,,,True
28903,2020,483,4,18542,2021,2.604896990615899,2695.4273838630806,4.0,0.04326018991498448,-0.010407648427591898,57055.0,0.003288316803826463,0.03997187311115802,,,True
29007,2020,479,4,17000,2021,2.8176470588235296,1622.5607476635514,4.0,0.03598984808962791,-0.07682294724168703,34174.0,-0.002946754194019019,0.038936602283646926,,,True
29015,2020,339,4,20944,2021,1.618601986249045,1026.221978021978,4.0,0.0306047982882951,0.008619702475245239,28104.0,0.0006765177140821699,0.02992828057421293,,,True
29025,2020,1542,4,48663,2021,3.1687318907588926,2037.775741444867,4.0,0.014662576674181915,-0.10157372380622198,26000.0,-0.03650176023716878,0.051164336911350694,,,True
29051,2020,2522,4,50366,2021,5.0073462256284005,1756.606151832461,4.0,0.020734569547823378,-0.04723106509378061,26162.0,-0.018348279614273433,0.03908284916209681,,,True
29054,2020,1265,4,48887,2021,2.587599975453597,2062.212425328554,4.0,-0.034511920340174695,-0.15731743260249464,23774.0,-0.023414393690437074,-0.011097526649737621,,,True
29067,2020,5877,4,261857,2021,2.2443547432377216,1757.6738475021912,4.0,0.02563524027736719,-0.08160606202736753,30219.0,-0.007488422504680292,0.03312366278204748,,,True
29069,2020,2565,4,100282,2021,2.5577870405456613,2506.9338157894736,4.0,0.0024787015955169966,-0.07047339875758007,27930.0,-0.03499982724665718,0.037478528842174175,,,True
29070,2020,2291,4,62030,2021,3.6933741737868773,1766.9798899755501,4.0,0.01826997328167046,-0.07852115833012507,23888.0,-0.02815296989422289,0.04642294317589335,,,True
29082,2020,694,4,27620,2021,2.5126719768283854,1854.4202469135805,4.0,0.010984547462197902,-0.10401185366772103,33519.0,0.010552021465826567,0.0004325259963713357,,,True
29084,2020,297,4,19462,2021,1.526050765594492,1095.6520775623267,4.0,0.0026668980125656994,-0.04885896436360926,26824.0,-0.019662305387033063,0.022329203399598763,,,True
29094,2020,1130,4,50454,2021,2.2396638522218257,1419.421,4.0,0.004102578817493097,-0.07715386612119923,26076.0,0.012660194174757278,-0.008557615357264181,,,True
29901,2020,1059,4,42938,2021,2.4663468256555965,1988.1855199222546,4.0,0.027453388302498105,-0.07863657809077496,25810.0,-0.03640097069255177,0.06385435899504988,,,True
30003,2020,724,4,26137,2021,2.7700195125683895,917.4038653366583,4.0,0.02052285826785205,-0.03296576362073056,26394.0,0.014724539617853916,0.005798318649998135,,,True
30005,2020,304,4,18107,2021,1.6789087093389297,717.2021929824562,4.0,-0.01036964204228874,-0.010876993936282053,28292.0,0.014231941208101784,-0.024601583250390524,,,True
30015,2020,214,4,14630,2021,1.4627477785372522,699.1044217687075,4.0,0.03997871931676267,-0.03640340136302456,27528.0,0.027355849972009683,0.012622869344752985,,,True
30016,2020,2516,4,125253,2021,2.008734321732813,974.4142614601019,4.0,-0.006656719205968553,-0.055032727429286776,31459.0,0.0015281270892362198,-0.008184846295204773,,,True
30019,2020,251,4,16704,2021,1.5026340996168583,766.8297376093294,4.0,0.027574397344855672,0.06153111252512411,28636.0,0.03573495370370372,-0.008160556358848048,,,True
30022,2020,250,4,13679,2021,1.8276189779954675,622.1972602739726,4.0,0.03277856760211462,0.02730198203136358,26745.0,0.021113317043371937,0.011665250558742679,,,True
30024,2020,613,4,42431,2021,1.4446984516037802,843.901641025641,4.0,0.04777923278364127,0.001299045204021354,30468.0,0.015363081947545654,0.032416150836095614,,,True
30026,2020,824,4,31537,2021,2.612804007990614,1024.219965576592,4.0,0.0060696689444939,0.01775513738154877,23511.0,0.004486029223276011,0.0015836397212178888,,,True
30027,2020,825,4,32908,2021,2.506989181961833,873.129360694554,4.0,-0.006016617535510971,-0.029825927269994112,33782.0,0.00538674444212961,-0.01140336197764058,,,True
30030,2020,4461,4,219740,2021,2.030126513151907,1036.204820143885,4.0,-0.008687790237372428,-0.05750616935657782,33461.0,0.007133397543944042,-0.01582118778131647,,,True
30035,2020,1016,4,41372,2021,2.455767185536111,1161.2455709711846,4.0,-0.014329616370683862,-0.07208047930027339,28835.0,0.005054025792959216,-0.019383642163643078,,,True
30037,2020,844,4,21899,2021,3.854057262888716,829.324233983287,4.0,-0.003469626298236772,0.01899842951656805,27974.0,-0.002851643259428216,-0.0006179830388085561,,,True
30039,2020,226,4,15390,2021,1.4684860298895386,770.5840840840841,4.0,0.02410396293649253,0.024235662648142586,28645.0,0.008626760563380298,0.015477202373112231,,,True
30043,2020,274,4,19242,2021,1.4239684024529675,679.2976744186045,4.0,-0.043834473187159606,-0.12315235867506802,26416.0,0.019725921636749577,-0.06356039482390918,,,True
31201,2020,2044,4,94761,2021,2.1570055191481727,1849.1703180212012,4.0,-0.004595115829642782,-0.10000131283380032,36227.0,0.002795770359298011,-0.007390886188940793,,,True
31232,2020,391,4,17007,2021,2.2990533309813608,1008.9756097560976,4.0,-0.009555527713675516,-0.09469080911133176,32778.0,0.01351225997959249,-0.023067787693268005,,,True
32054,2020,820,4,67492,2021,1.214958809933029,1168.1589779005524,4.0,-0.01081561782475815,-0.10070958886878223,30118.0,0.0026299144445554035,-0.013445532269313554,,,True
33004,2020,636,4,42296,2021,1.503688292037072,1041.427559055118,4.0,-0.017084381265625947,0.0057441120054764205,29995.0,-0.01332236842105261,-0.003762012844573337,,,True
33024,2020,2744,4,148955,2021,1.8421670974455373,1431.4013357079255,4.0,0.027856477725127782,0.010702052261073902,31045.0,-0.005955621017578738,0.03381209874270652,,,True
33031,2020,403,4,25962,2021,1.5522687004082891,786.506936416185,4.0,-0.04325133790710489,-0.11554162518859368,27663.0,-0.005929279862009529,-0.03732205804509536,,,True
33037,2020,334,4,25878,2021,1.2906716129530875,760.0184563758389,4.0,-0.06818020540208647,-0.0893202263448013,29103.0,-0.0010640488776000323,-0.06711615652448644,,,True
33044,2020,2306,4,127210,2021,1.812750569923748,1294.8705326032853,4.0,-0.010559771524741968,-0.033087975782417955,33416.0,-0.013141962729984358,0.00258219120524239,,,True
33066,2020,487,4,29569,2021,1.6469951638540363,1020.9077989601387,4.0,-0.06350923126315322,-0.12431222711888801,32455.0,0.0016357014999073272,-0.06514493276306055,,,True
34120,2020,628,4,44610,2021,1.407756108495853,1104.046795827124,4.0,-0.023472179314541708,-0.04643748470800568,31399.0,-0.0009863188036907111,-0.022485860510850997,,,True
35002,2020,172,4,14365,2021,1.1973546815175775,1228.4543252595156,4.0,0.013477296550008067,-0.05449052590194081,29869.0,-0.019917311983199903,0.03339460853320797,,,True
35004,2020,387,4,25339,2021,1.527289948301038,1252.8293413173653,4.0,0.0013353860371898563,-0.10719520223380519,28133.0,-0.06073050213675213,0.062065888173941985,,,True
35006,2020,245,4,17003,2021,1.440922190201729,1102.2723981900454,4.0,0.029507560413501777,-0.053444007192904985,31940.0,0.017359452142060805,0.012148108271440972,,,True
35011,2020,143,4,13881,2021,1.0301851451624522,995.1910447761195,4.0,0.033217242555827475,-0.028309567817135006,29087.0,-0.010376973326075123,0.0435942158819026,,,True
35014,2020,493,4,16893,2021,2.9183685550227905,1895.792857142857,4.0,,,23693.0,-0.08031208757084074,,,,False
35016,2020,2653,4,175181,2021,1.5144336429178964,1537.6072285353537,4.0,-0.0006086666222082648,-0.04655069149919222,33426.0,-0.0062137654229225125,0.005605098800714248,,,True
35017,2020,289,4,18683,2021,1.5468607825295724,1157.9972014925372,4.0,0.04272279342884233,-0.042696411385081845,29999.0,-0.04352123453641121,0.08624402796525354,,,True
35019,2020,886,4,32766,2021,2.7040224623084903,2039.5144000000005,4.0,0.011835397280849591,-0.044603850342822327,26042.0,-0.06699627400401265,0.07883167128486224,,,True
35022,2020,574,4,30372,2021,1.8898985908073225,1061.7494736842104,4.0,0.0023258188584200923,-0.09483752483915109,25982.0,-0.06032549728752257,0.06265131614594266,,,True
35026,2020,517,4,46739,2021,1.1061426217933632,1166.990642615558,4.0,0.03798915463100627,-0.022448686260440054,29121.0,-0.008950449224067514,0.046939603855073786,,,True
36008,2020,167,4,15731,2021,1.0615981183650118,1244.1664062500001,4.0,,,29826.0,-0.00010057326762547003,,,,False
36026,2020,136,4,12577,2021,1.0813389520553391,891.4825641025641,4.0,0.009448951123141036,-0.0741731382418529,27671.0,0.013292807968360965,-0.0038438568452199284,,,True
36038,2020,544,4,42646,2021,1.2756178774093703,1177.4932107496463,4.0,0.0312715294112782,-0.0626918014997575,31982.0,0.003671740153773806,0.027599789257504392,,,True
36045,2020,126,4,14215,2021,0.8863876187126275,985.0632231404958,4.0,0.08193766553957871,0.05167983323270553,33086.0,0.011835224318786475,0.07010244122079223,,,True
36057,2020,1965,4,144293,2021,1.3618124233330793,1502.5047656870531,4.0,0.03024146003072925,-0.0052586969729002675,33927.0,0.006138790035587149,0.0241026699951421,,,True
36060,2020,303,4,21149,2021,1.432691853042697,948.7617563739377,4.0,0.014266852168978383,-0.026870318788939862,28143.0,0.007265569076592593,0.0070012830923857905,,,True
37274,2020,1438,4,92553,2021,1.5537043639860404,1539.3298630136985,4.0,0.014005876212652701,-0.037834125365659554,29675.0,-0.004395088237267641,0.018400964449920343,,,True
38001,2020,708,4,26798,2021,2.6419882080752295,2101.7399317406143,4.0,0.03242361808850913,-0.0410890385335787,23544.0,-0.12472582623889361,0.15714944432740274,,,True
38006,2020,1154,4,53746,2021,2.147136531090686,1775.6737514518002,4.0,0.045909603675592825,-0.04062972529497899,22327.0,-0.0852964070629686,0.13120601073856142,,,True
38011,2020,198,4,14205,2021,1.3938753959873285,1759.5893258426968,4.0,,,32007.0,0.0088252907618116,,,,False
38017,2020,382,4,24284,2021,1.5730522154505024,1303.2609324758844,4.0,0.011764169197224117,-0.05545919133957433,25854.0,-0.058107763488651654,0.06987193268587577,,,True
38023,2020,1021,4,74096,2021,1.3779421291297775,1177.0489145183176,4.0,0.032861713199660025,-0.007379448654785348,31013.0,-0.006089158093773084,0.03895087129343311,,,True
38026,2020,188,4,17819,2021,1.0550535944778046,1105.8107382550336,4.0,0.0031248058071480234,-0.06697402166963506,28373.0,-0.010669828097213951,0.013794633904361975,,,True
38028,2020,450,4,20779,2021,2.1656480100101065,1706.265145228216,4.0,0.0352679828073188,-0.02255045342601214,26042.0,-0.030201467247607305,0.0654694500549261,,,True
38031,2020,214,4,17417,2021,1.2286846184762015,1051.088157894737,4.0,0.07875573916267076,0.07274101022518376,26747.0,-0.017015803013597952,0.09577154217626871,,,True
38038,2020,1303,4,97227,2021,1.3401627120038673,1359.073560648407,4.0,0.012299765803243323,-0.07269443674455567,32482.0,-0.002089093701996947,0.01438885950524027,,,True
39016,2020,275,4,13768,2021,1.9973852411388728,1263.2460377358489,4.0,-0.005694876821823569,-0.04629490133233383,33549.0,0.013258834189066704,-0.018953711010890273,,,True
39020,2020,537,4,24994,2021,2.148515643754501,1796.3743529411763,4.0,0.025592067919555372,0.006008941097200404,31397.0,0.0021385253750398903,0.023453542544515482,,,True
39075,2020,1712,4,93407,2021,1.8328390805828256,1683.3944074567246,4.0,-0.015587106209496326,-0.07758166563097801,33836.0,-0.008991594177430229,-0.006595512032066098,,,True
39087,2020,413,4,26596,2021,1.552865092495112,982.3267639902676,4.0,-0.005707692934434405,-0.03382262917533141,28127.0,-0.01076214258080399,0.005054449646369585,,,True
40194,2020,483,4,29036,2021,1.6634522661523625,1338.7073349633254,4.0,0.007992749191387372,0.005830410120495344,33086.0,0.00021161461954721794,0.007781134571840154,,,True
41004,2020,743,4,32822,2021,2.2637255499360185,1085.1689516129034,4.0,0.03864107387900506,-0.004939978281941926,28588.0,0.01631767926339367,0.02232339461561139,,,True
41021,2020,406,4,13079,2021,3.104212860310421,1041.2369109947645,4.0,0.003741146459183664,-0.05566506979573327,25141.0,0.007211249549296861,-0.003470103090113197,,,True
41024,2020,244,4,15565,2021,1.567619659492451,1078.7860962566845,4.0,0.04537047625095325,0.011906051704179355,25980.0,0.020263901979264753,0.025106574271688498,,,True
41034,2020,220,4,13904,2021,1.5822784810126582,956.9817174515237,4.0,0.010926052416368792,-0.019927513226979165,24291.0,-0.0015208812890497025,0.012446933705418495,,,True
41038,2020,1685,4,56736,2021,2.969895657078398,1273.7599476439789,4.0,0.01324083119902375,-0.08160672549596093,31612.0,0.019215888573639317,-0.005975057374615567,,,True
41039,2020,626,4,18684,2021,3.350460286876472,904.9022922636104,4.0,0.036879268341490024,-0.03231305570386267,24561.0,0.007052359670343122,0.0298269086711469,,,True
41053,2020,193,4,12629,2021,1.5282286800221712,804.7521531100477,4.0,,,23489.0,-0.004534666892693662,,,,False
41059,2020,602,4,19554,2021,3.0786539838396236,1480.8532428355957,4.0,0.05231971577843364,-0.011608841408008885,36618.0,-0.000736799017601264,0.053056514796034904,,,True
41065,2020,207,4,13352,2021,1.5503295386458957,893.7597285067873,4.0,0.023731785303683584,0.01190816071985723,25576.0,0.013191775937883676,0.010540009365799907,,,True
41069,2020,231,4,16512,2021,1.398982558139535,976.0680412371133,4.0,0.040683089385308735,0.03474293510018778,24006.0,0.011375126390293255,0.02930796299501548,,,True
41081,2020,302,4,16016,2021,1.8856143856143857,1065.9343980343979,4.0,-0.01195621377221101,-0.04927015530142953,27163.0,0.00018410781353561667,-0.012140321585746627,,,True
41091,2020,6668,4,327393,2021,2.03669595867963,1803.3427538137823,4.0,0.06438357473864453,-0.018295001315642878,32289.0,-0.0054824899128346205,0.06986606465147915,,,True
41095,2020,534,4,23030,2021,2.3187147199305254,960.7480190174326,4.0,0.03774219570119319,0.006862905334893865,25799.0,0.009864171918424924,0.02787802378276827,,,True
42173,2020,435,4,25244,2021,1.7231817461575027,1056.9610714285714,4.0,-0.01576781130306515,-0.027740436842538796,35047.0,0.04486911931309989,-0.06063693061616504,,,True
43038,2020,742,4,31733,2021,2.338259855670753,1610.0325688073397,4.0,-0.03014079621550192,-0.053893725661459224,32074.0,-0.012955839359901522,-0.017184956855600397,,,True
43123,2020,1098,4,51284,2021,2.1410186412916308,1026.4218637992833,4.0,0.028359968671456848,-0.016044685193150388,32330.0,-0.009922214736326374,0.03828218340778322,,,True
43148,2020,1303,4,67200,2021,1.9389880952380953,1180.7275339602925,4.0,-0.023967851539749674,-0.08501295461573188,35611.0,-0.005029197284233455,-0.01893865425551622,,,True
43155,2020,264,4,19654,2021,1.3432380177063192,747.7356913183279,4.0,-0.016328011721731595,-0.0663216394403473,32438.0,0.01204293023836267,-0.028370941960094265,,,True
43163,2020,682,4,31063,2021,2.195538099990342,1308.7868504772005,4.0,0.023654972363759574,-0.03655067889831254,30321.0,0.013639554708655188,0.010015417655104386,,,True
43905,2020,594,4,31523,2021,1.8843384195666657,1694.0928143712574,4.0,,,27986.0,-0.07931703786557887,,,,False
44216,2020,338,4,21490,2021,1.5728245695672405,1117.94375,4.0,0.06572300190571556,0.027820760801711808,34938.0,0.001691562258092194,0.06403143964762337,,,True
45081,2020,304,4,12265,2021,2.4785976355483084,1201.0991266375547,4.0,,,32755.0,0.00893269675034647,,,,False
45165,2020,805,4,43263,2021,1.8607123870281765,739.9362459546925,4.0,0.019845373557655366,-0.03643259917597419,26881.0,0.006138413744058102,0.013706959813597264,,,True
45168,2020,851,4,40498,2021,2.101338337695689,1334.8504249291784,4.0,0.016487175768668427,-0.06087386939171524,37841.0,-0.005022086663862058,0.021509262432530485,,,True
46005,2020,201,4,13175,2021,1.5256166982922201,877.9291497975709,4.0,0.04765139733893964,-0.07271405757078742,27549.0,0.00974966096103791,0.03790173637790173,,,True
46017,2020,505,4,24652,2021,2.0485153334415056,703.08,4.0,-0.010816835624436028,-0.042270633891826614,30007.0,0.011562837108953561,-0.02237967273338959,,,True
46021,2020,249,4,14434,2021,1.725093529167244,918.1101045296166,4.0,0.03323663406295041,0.0022629403050975494,28185.0,0.010903482658441321,0.02233315140450909,,,True
46029,2020,377,4,14059,2021,2.681556298456505,672.2781931464174,4.0,-0.03773529190528835,-0.09753427431541961,29023.0,0.022909103725372804,-0.06064439563066115,,,True
46078,2020,326,4,17991,2021,1.8120171196709465,936.4885085574572,4.0,0.022456229074337086,-0.13130601052115964,27372.0,0.009813325462997069,0.012642903611340017,,,True
46094,2020,243,4,12401,2021,1.9595193935972905,874.4216949152543,4.0,,,30262.0,-0.007152230971128604,,,,False
46102,2020,275,4,12037,2021,2.284622414222813,876.0736842105263,4.0,0.0013974050350793465,-0.11205131151402314,27655.0,0.0019564508532299296,-0.0005590458181505831,,,True
46110,2020,288,4,13504,2021,2.132701421800948,793.7525525525525,4.0,0.018581088329957973,-0.1444999253410395,27053.0,0.006323698991927973,0.01225738933803,,,True
46131,2020,1059,4,54541,2021,1.9416585687831174,941.441917808219,4.0,-0.012779023394372646,-0.13732133790343692,27777.0,0.0015143320713899566,-0.014293355465762603,,,True
46145,2020,342,4,16908,2021,2.022711142654365,731.0301169590643,4.0,0.023601033891322842,0.03402061258512745,29888.0,0.022371211602927987,0.001229822288394855,,,True
46159,2020,263,4,14239,2021,1.8470398202120935,901.5791469194313,4.0,0.038015673034266895,-0.027134707841933947,27863.0,-0.0035761542037692218,0.041591827238036116,,,True
46169,2020,428,4,20270,2021,2.1114948199309325,1046.2722466960354,4.0,0.008959020298684672,-0.08575881950806963,29337.0,0.005966464355519063,0.002992555943165609,,,True
46181,2020,481,4,21085,2021,2.281242589518615,913.360975609756,4.0,-0.01227537580770377,-0.06787986498385223,26850.0,0.017970882620564232,-0.030246258428268002,,,True
46184,2020,483,4,19230,2021,2.511700468018721,643.0931472081219,4.0,0.01681126813264333,-0.028867425769754984,28632.0,0.014168319637291038,0.002642948495352293,,,True
46190,2020,744,4,33020,2021,2.2531798909751664,1094.4551991150443,4.0,0.011193895409464139,-0.11881220171056883,32690.0,0.0038076521525516327,0.007386243256912506,,,True
46220,2020,975,4,41287,2021,2.3615181534139076,830.9653514180025,4.0,0.015131871449375556,-0.04122624486431303,29925.0,-0.00010024057738577952,0.015232112026761335,,,True
46235,2020,410,4,25186,2021,1.627888509489399,921.3754022988506,4.0,0.04084554658197859,0.030898136506809504,28532.0,0.0076637824474659055,0.03318176413451268,,,True
46244,2020,985,4,40564,2021,2.4282615126713343,905.0280821917808,4.0,0.0167364876746805,-0.08170063370114633,30123.0,0.005574843103218097,0.011161644571462404,,,True
46250,2020,7961,4,414988,2021,1.9183687239149083,1491.989865274912,4.0,0.03540302341012702,-0.10287114181338275,34367.0,0.001077774541217602,0.03432524886890942,,,True
47186,2020,2824,4,159363,2021,1.7720549939446422,1318.0315207373274,4.0,-0.0033663438478857,-0.06779353512109054,33294.0,0.0038593740577699265,-0.0072257179056556264,,,True
48013,2020,903,4,46654,2021,1.9355253568825823,2050.97668997669,4.0,0.0395227631796875,-0.019298881364696596,32272.0,-0.008022623182614597,0.0475453863623021,,,True
48015,2020,336,4,19257,2021,1.7448200654307524,1964.827380952381,4.0,0.03498297607058931,0.027375793785946234,31422.0,-0.010580011335726391,0.0455629874063157,,,True
48020,2020,3387,4,165685,2021,2.0442405769985212,2516.7429988331387,4.0,0.009805477995051382,-0.05562662488071024,37156.0,-0.01563079531605993,0.025436273311111313,,,True
48027,2020,206,4,13360,2021,1.5419161676646707,2122.968539325843,3.0,0.031201088951398726,0.00032806458192014,42436.0,0.004568804298937135,0.02663228465246159,,,True
48036,2020,384,4,13683,2021,2.806402104801579,1968.1451807228914,4.0,0.011495353272385822,0.0022420395467732668,38825.0,-0.0025434179426574444,0.014038771215043266,,,True
48044,2020,768,4,34366,2021,2.234766920793808,2991.3288659793816,4.0,0.006805766710342054,-0.040888036424013396,51647.0,-0.016940441974227727,0.02374620868456978,,,True
48054,2020,326,4,13804,2021,2.3616343088959724,2618.0796610169496,3.0,0.05727832582447023,-0.00921130438926121,41012.0,0.007740128264982715,0.04953819755948752,,,True
48078,2020,389,4,21560,2021,1.8042671614100185,2114.0877906976743,4.0,0.035496001672416844,0.03845684775379876,33214.0,-0.013689680772086099,0.04918568244450294,,,True
48082,2020,408,4,21669,2021,1.8828741520143983,2120.7865,4.0,-0.020859198313788907,-0.11765016789963068,32491.0,-0.0008610350871798289,-0.019998163226609078,,,True
48084,2020,316,4,13547,2021,2.332619768214365,1682.1726618705036,3.0,0.05433392521527902,0.018302515593325186,28715.0,-0.014686202518615077,0.0690201277338941,,,True
49275,2020,522,4,39710,2021,1.314530345001259,1044.636525612472,4.0,-0.00505179203635675,-0.023995040743102325,28936.0,0.0062245714087005855,-0.011276363445057336,,,True
50297,2020,6360,4,338961,2021,1.8763220547496615,1439.3573755147884,4.0,0.020468619534619537,-0.054897225860887966,34753.0,0.0030304779496652667,0.01743814158495427,,,True
51001,2020,613,4,28315,2021,2.164930248984637,1774.5756666666666,4.0,0.01844820501625488,0.012823757810286773,39330.0,0.01817334575955276,0.0002748592567021202,,,True
52001,2020,559,4,29347,2021,1.9047943571744983,1658.690153846154,4.0,0.0037248390053539193,-0.026930820749357487,39868.0,0.0034734457588723178,0.00025139324648160155,,,True
01059,2021,2671,4,119853,2021,2.228563323404504,2199.430815347722,4.0,0.04658606558398981,0.030155256865945335,36602.0,0.03011370032646621,0.016472365257523602,,,True
02003,2021,2123,4,86881,2021,2.4435722424926047,1227.678733572282,4.0,0.04557228658817003,0.05538518789069058,34160.0,0.03953014211375194,0.0060421444744180874,,,True
02009,2021,216,4,13292,2021,1.6250376166114957,727.015,4.0,0.006400892358199517,0.006885087067536877,28408.0,0.03773515981735165,-0.03133426745915213,,,True
02037,2021,282,4,16661,2021,1.692575475661725,679.7455399061032,4.0,0.06771072707662751,0.13801208770733753,25673.0,0.04107866991078679,0.026632057165840717,,,True
02081,2021,180,4,15102,2021,1.1918951132300357,582.3951807228916,4.0,-0.06538800915515952,-0.08862221105432555,28896.0,0.045857613377248585,-0.1112456225324081,,,True
03009,2021,1015,4,33876,2021,2.9962215137560513,720.2517940717628,4.0,0.07720471660026584,0.031065640204570366,28942.0,0.041303878534935556,0.03590083806533029,,,True
03014,2021,6616,4,187658,2021,3.5255624593675727,1259.3377736805714,4.0,0.0649469752170051,0.08193192449079889,30701.0,0.032139855437888665,0.032807119779116434,,,True
03031,2021,1749,4,60479,2021,2.891912895385175,2043.39949044586,4.0,0.08125109963115751,0.11266421985962793,24095.0,0.05039452460874494,0.03085657502241257,,,True
03047,2021,992,4,26156,2021,3.7926288423306316,1834.0392694063926,4.0,0.05282884605869853,0.061368013483475536,25171.0,0.07508649041130999,-0.02225764435261146,,,True
03050,2021,1007,4,26801,2021,3.7573224879668667,1772.654847645429,4.0,0.026565123585694295,,30573.0,0.05376900010340191,-0.027203876517707615,,,False
03059,2021,345,4,15357,2021,2.246532525883962,706.3099601593626,4.0,0.0507067854299561,0.05920276574949945,25503.0,0.04426336909344042,0.006443416336515684,,,True
03063,2021,1874,4,45237,2021,4.142626610960055,1653.88385518591,4.0,0.022549400432919864,0.019275532588360234,28661.0,0.060026629188549396,-0.03747722875562953,,,True
03065,2021,3394,4,116080,2021,2.9238456237077877,999.6878455462922,4.0,0.06720690464125023,0.05689890354235172,27950.0,0.044547425069138225,0.022659479572112007,,,True
03066,2021,766,4,27488,2021,2.786670547147846,629.4120689655172,4.0,0.06616895747939022,0.07362238348438843,24874.0,0.04918171081491485,0.016987246664475375,,,True
03082,2021,1135,4,26819,2021,4.232074275700064,2118.6566844919785,4.0,0.0979932334497915,0.04955150400126995,26864.0,0.08048103607770574,0.017512197372085758,,,True
03093,2021,267,4,13780,2021,1.9375907111756168,707.764596273292,4.0,0.004363986225639049,-0.027034264289577115,28275.0,0.053818344452312594,-0.049454358226673545,,,True
03099,2021,3829,4,88508,2021,4.326162606770009,1279.849894736842,4.0,0.08841969347645873,0.10954037620937129,24768.0,0.017626032293849292,0.07079366118260944,,,True
03104,2021,401,4,16474,2021,2.4341386427097245,701.855,4.0,0.013377864718137733,-0.017840502385260137,26445.0,0.05767307923049225,-0.04429521451235452,,,True
03121,2021,1661,4,45155,2021,3.6784409257003654,1413.8979974968709,4.0,0.028809525472060615,-0.00011790953377355251,25611.0,0.053300431832202344,-0.02449090636014173,,,True
03122,2021,727,4,27151,2021,2.6776177673013883,1126.9393135725431,4.0,0.036087071640911184,0.01295484414877457,31744.0,0.053847686076621715,-0.01776061443571053,,,True
03133,2021,5013,4,122736,2021,4.084376222135315,1232.650087260035,4.0,0.022863225414370802,0.04959966375531266,20743.0,0.0358034555078397,-0.012940230093468896,,,True
03139,2021,794,4,25780,2021,3.0799069045771916,1362.8525925925924,4.0,0.03801807097689536,0.03739248716845056,26808.0,0.029453554010982597,0.00856451696591276,,,True
03140,2021,412,4,18609,2021,2.213982481594927,607.0665706051873,4.0,0.032954618029993554,0.09311326580696022,27162.0,0.03997243280496199,-0.007017814774968434,,,True
04013,2021,3624,4,100957,2021,3.589647077468625,1220.068117001828,4.0,0.033790382507991934,0.04211071849406245,31317.0,0.038017898574743025,-0.004227516066751091,,,True
04066,2021,381,4,15503,2021,2.457588853770238,1017.6592213114754,4.0,-0.000328161029955254,,23401.0,0.02438277009280343,-0.024710931122758684,,,False
04079,2021,2659,4,62150,2021,4.278358809332261,1088.725863486842,4.0,0.09450274917543044,0.10853781715335231,27895.0,0.04397455089820368,0.050528198277226766,,,True
04902,2021,1815,4,40014,2021,4.535912430649272,986.9436053593179,4.0,0.1010812960694576,0.10893129200386276,25757.0,0.0112284558910134,0.0898528401784442,,,True
05019,2021,839,4,34843,2021,2.4079442068708206,1063.8592857142858,4.0,0.05375962482200891,0.04438500051034988,31939.0,0.028101461404751227,0.025658163417257684,,,True
06011,2021,431,4,17292,2021,2.4924820726347443,818.1434659090909,4.0,0.06563128385797046,0.0555519296103304,25127.0,0.05098711728291794,0.01464416657505252,,,True
06015,2021,2439,4,74594,2021,3.269699975869373,1215.4393421052632,4.0,0.03539769807062143,0.016486669390179953,31726.0,0.03564666710191289,-0.0002489690312914572,,,True
06044,2021,481,4,21262,2021,2.2622519048066976,792.9098765432099,4.0,0.00831253171731916,0.034630735521893996,28493.0,0.0488478244864905,-0.04053529276917134,,,True
06083,2021,914,4,31358,2021,2.9147267045092162,852.1701937406855,4.0,0.018771613678165266,0.019290862160293853,29918.0,0.048099492030127866,-0.0293278783519626,,,True
06153,2021,258,4,14092,2021,1.830826000567698,697.8133333333334,4.0,-0.05064029561715855,,27053.0,0.05076516740464543,-0.10140546302180398,,,False
07011,2021,2092,4,36492,2021,5.7327633453907705,3198.8703218116807,4.0,0.04886063904487492,0.034477228163520834,35592.0,0.0991970352069178,-0.050336396162042885,,,True
07015,2021,664,4,17887,2021,3.712193212947951,2135.591134751773,4.0,0.06250903535137442,0.028922147868455816,34032.0,0.09713401463619076,-0.03462497928481634,,,True
07026,2021,545,4,23938,2021,2.2767148466872755,4039.6124760076777,4.0,0.03094158088281218,-0.056107055206441325,41212.0,0.09362063475214955,-0.06267905386933736,,,True
07027,2021,402,4,15863,2021,2.5341990796192397,1455.0672097759675,4.0,-0.001602485795691,-0.026649684627083725,32593.0,0.05907392363931763,-0.06067640943500863,,,True
07031,2021,666,4,23312,2021,2.856897735072066,2193.9976470588235,4.0,0.0865460399857747,0.06165594149846121,36758.0,0.07316361088403589,0.013382429101738813,,,True
07032,2021,412,4,15173,2021,2.715349634218678,1705.5484337349396,4.0,0.05202454682608337,-0.019754866753722844,36826.0,0.06769881998202432,-0.015674273155940943,,,True
07033,2021,558,4,28571,2021,1.9530292954394315,1623.5996086105674,4.0,0.10734369684707423,0.05915988765811897,33036.0,0.06034150725381959,0.04700218959325464,,,True
07036,2021,369,4,15048,2021,2.452153110047847,2321.0783393501806,4.0,0.04761696181040764,0.05406952559860023,45743.0,0.038386452374466584,0.009230509435941059,,,True
07040,2021,5081,4,186482,2021,2.7246597526839054,2277.4745098039216,4.0,0.04531216684552897,0.02860101217076516,38016.0,0.04124897288414142,0.004063193961387546,,,True
07054,2021,557,4,22810,2021,2.4419114423498467,3914.381395348837,4.0,0.09851884936488675,0.10429666111007341,38484.0,0.11891609001570047,-0.02039724065081372,,,True
08015,2021,2292,4,91915,2021,2.4936082249904805,2059.4997863247863,4.0,0.017571440127915672,0.0015944713460187554,35126.0,0.042654872510314856,-0.025083432382399184,,,True
08019,2021,16526,4,808751,2021,2.043397782506606,3381.1042048429313,4.0,0.026030953631662745,0.05632117843111961,41454.0,0.0254799129230161,0.000551040708646644,,,True
08056,2021,752,4,28708,2021,2.6194788909014908,3246.939208294062,4.0,0.06324252650362627,0.07297653552400052,45832.0,0.048355368498101514,0.014887158005524759,,,True
08073,2021,993,4,37034,2021,2.681319868229195,2299.3125409836066,4.0,0.010090193298325278,-0.013899574284137461,34743.0,0.027716973318345772,-0.017626780020020494,,,True
08077,2021,387,4,19420,2021,1.992790937178167,2717.2000000000003,4.0,0.03282916891089793,0.0007092809521005439,43224.0,0.04484033938456333,-0.0120111704736654,,,True
08089,2021,533,4,20359,2021,2.6180067783289944,2561.6746951219516,4.0,0.027452279037397442,0.026861561264639233,40562.0,0.03387454438865234,-0.006422265351254897,,,True
08096,2021,757,4,26298,2021,2.87854589702639,1847.022158438576,4.0,0.04448720192987099,0.05068377282021019,38749.0,0.023292048485488603,0.021195153444382386,,,True
08101,2021,3335,4,110488,2021,3.018427340525668,2167.1224591525893,4.0,-0.0076107691060879334,-0.008362165456381132,32722.0,0.043497672045410996,-0.05110844115149893,,,True
08102,2021,505,4,18257,2021,2.766062332256121,1249.5688235294115,4.0,0.031617726300826376,-0.010279234162346773,36602.0,0.03888510445049964,-0.007267378149673265,,,True
08113,2021,834,4,40136,2021,2.077935020928842,1118.610022271715,4.0,0.06834283846972333,0.05266168209191435,34295.0,0.017504821243139013,0.05083801722658432,,,True
08114,2021,280,4,10685,2021,2.6204960224613947,1739.3838068181817,4.0,0.09131105293497832,0.08581981466766431,37892.0,0.029506058794761758,0.06180499414021656,,,True
08121,2021,1559,4,52996,2021,2.9417314514302966,1882.3406326034062,4.0,0.06067098859979425,0.05103179202438923,34603.0,0.04028500135285462,0.02038598724693963,,,True
08124,2021,636,4,20857,2021,3.049335954355852,1931.807800511509,4.0,0.06359228090925773,0.048739891922670475,36486.0,0.03691704322619138,0.026675237683066344,,,True
08125,2021,437,4,15304,2021,2.8554626241505487,1846.2720411663809,4.0,0.037783910012101796,0.007846986480981588,36267.0,0.05660762148933696,-0.01882371147723516,,,True
08163,2021,453,4,16297,2021,2.779652696815365,1615.4440425531916,4.0,0.010903491833643031,,29800.0,0.05033131256168044,-0.03942782072803741,,,False
08169,2021,551,4,26518,2021,2.0778339241270083,2356.20102739726,4.0,0.007856120370168584,0.00798699485634502,37240.0,0.04162004922801521,-0.033763928857846626,,,True
08172,2021,313,4,12313,2021,2.542028750101519,2227.122119815668,4.0,0.03750629600680999,0.04169336768580734,38349.0,0.02663704020988389,0.010869255796926103,,,True
08180,2021,473,4,15427,2021,3.066053023919103,1920.0515432098769,4.0,0.05458275604003893,0.06001987604545378,34577.0,0.027700995690295827,0.0268817603497431,,,True
08184,2021,1018,4,32476,2021,3.1346224904544893,1843.276021080369,4.0,0.03316248821925516,0.01857260066407962,37632.0,0.06227064867611354,-0.02910816045685838,,,True
08187,2021,2800,4,92772,2021,3.018152028629328,1796.529301075269,4.0,0.056004188624447115,0.05971619892585056,36428.0,0.03344775738318817,0.022556431241258945,,,True
08194,2021,414,4,14877,2021,2.782819116757411,2023.092120075047,4.0,0.050357672690220845,0.06769390066588499,31990.0,0.0289482148600837,0.021409457830137146,,,True
08196,2021,282,4,10536,2021,2.6765375854214124,2041.0357142857147,4.0,0.01968058608383938,,37824.0,0.0380941925568119,-0.01841360647297252,,,False
08200,2021,813,4,33904,2021,2.39794714487966,2167.5525179856118,4.0,0.02176633693045571,0.01076549430165552,36460.0,0.030817076618603334,-0.009050739688147624,,,True
08205,2021,1115,4,35770,2021,3.1171372658652503,3638.6624017155114,4.0,0.06482065952616134,0.0657842991704033,66360.0,0.023316062176165886,0.041504597349995453,,,True
08211,2021,504,4,18719,2021,2.692451519846146,2573.865909090909,4.0,0.034571066969884434,-0.022036076481638966,42037.0,0.038874060893633766,-0.004302993923749332,,,True
08217,2021,440,4,13577,2021,3.2407748398026075,2758.1485568760613,4.0,0.07644940190627181,0.08920551924983733,44608.0,0.03664799795496276,0.039801403951309045,,,True
08231,2021,485,4,14150,2021,3.4275618374558303,1863.5440124416798,4.0,0.07904083718430965,0.07818878487890646,37437.0,0.04517155699489095,0.033869280189418705,,,True
08245,2021,1109,4,48100,2021,2.3056133056133055,1786.4822466107166,4.0,0.019785083900890177,0.03260268918444453,31195.0,0.04362517145629119,-0.023840087555401013,,,True
08252,2021,361,4,13768,2021,2.622022080185938,2021.9194192377497,4.0,0.05031008828951622,0.02588339389896044,39246.0,0.041201284058048016,0.009108804231468204,,,True
08260,2021,282,4,10045,2021,2.807366849178696,1829.2032188841201,4.0,0.042280887928147104,,39180.0,0.04750955805684032,-0.005228670128693214,,,False
08263,2021,244,4,11530,2021,2.1162185602775367,1922.976889848812,4.0,-0.0033055294069311847,-0.03846160530838627,37824.0,0.038407687028140014,-0.0417132164350712,,,True
08266,2021,492,4,23858,2021,2.0622013580350407,2225.9547712418303,4.0,0.03659315359175275,0.02457610995865278,42822.0,0.0424558157651298,-0.005862662173377053,,,True
08270,2021,662,4,19230,2021,3.4425377015080603,3550.346003552398,4.0,0.015377365846682256,,44670.0,0.04589089206274877,-0.03051352621606651,,,False
08279,2021,3134,4,101134,2021,3.098858939624656,1704.5661827284107,4.0,0.04387184150864187,0.022228870850909965,36656.0,0.04160036371902698,0.002271477789614895,,,True
08298,2021,485,4,19836,2021,2.4450494051220004,1524.6902040816326,4.0,0.09076958354589215,0.02110412909088155,38359.0,0.027399828583672514,0.06336975496221964,,,True
08301,2021,782,4,26586,2021,2.941397728127586,2308.2122676579925,4.0,0.034866484230539285,0.040374496402703186,38945.0,0.04676790753930926,-0.011901423308769976,,,True
08305,2021,485,4,18264,2021,2.655497152869032,1489.0357873210635,4.0,0.07506613554413932,0.052808820644184795,35998.0,0.04630140967882568,0.028764725865313645,,,True
08307,2021,1040,4,33155,2021,3.1367817825365707,1840.1108860759493,4.0,0.027972152618599422,-0.0023040307767672186,36966.0,0.03496934232998283,-0.006997189711383411,,,True
09018,2021,499,4,19708,2021,2.5319667140247617,1057.4616314199397,4.0,0.01430225258668849,-0.01626673107749288,32022.0,0.033401103688643685,-0.019098851101955194,,,True
09059,2021,2441,4,93766,2021,2.6032890386707335,1385.0093134328358,4.0,0.04419224584749459,0.036034985841004286,35323.0,0.033138344545188714,0.01105390130230588,,,True
09219,2021,527,4,21007,2021,2.508687580330366,943.1692893401014,4.0,0.02495419602869342,0.055856522866311265,31755.0,0.021751021590141306,0.0032031744385521144,,,True
10037,2021,1622,4,53756,2021,3.017337599523774,1136.9405586592177,4.0,0.03143705434237276,-0.0068052487825662755,32395.0,0.029883961214433263,0.0015530931279394977,,,True
10148,2021,451,4,22443,2021,2.0095352671211515,893.0540453074434,4.0,0.023995697086641954,0.009267526654576308,28554.0,0.04589575473425889,-0.021900057647616933,,,True
11004,2021,1649,4,55815,2021,2.9544029382782404,1100.1002935995302,4.0,0.0803888808511033,0.06614001109548706,30668.0,0.032314528073246196,0.0480743527778571,,,True
11006,2021,347,4,15460,2021,2.2445019404915914,864.4818181818182,4.0,-0.002301981592696123,-0.0059605385675038924,23841.0,0.0563604944835836,-0.058662476076279724,,,True
11012,2021,1446,4,56479,2021,2.5602436303758918,2073.4947882736155,4.0,0.016792427627630113,-0.005920769390968861,33603.0,0.03508501724987689,-0.01829258962224678,,,True
11015,2021,1664,4,49229,2021,3.38012147311544,1441.9634163208852,4.0,0.0710852840943017,0.06329766610710941,27672.0,0.06075823206961317,0.010327052024688532,,,True
11020,2021,2820,4,92974,2021,3.033106029642696,1051.4451865671642,4.0,0.06625884664542703,0.026482214072602206,28501.0,0.05255188714085235,0.013706959504574678,,,True
11022,2021,791,4,30028,2021,2.634208072465699,1126.282063305979,4.0,0.0017888631293607737,-0.023786552160802277,26763.0,0.06282514594336996,-0.06103628281400919,,,True
11027,2021,1450,4,49077,2021,2.954540823603725,1588.6729166666667,4.0,0.12260543055976059,0.10028992188511632,31435.0,0.04497706269529944,0.07762836786446115,,,True
11028,2021,450,4,18626,2021,2.415977665628691,1162.9117391304346,4.0,0.04035921708107226,0.03319810106289722,30123.0,0.03936926368090532,0.000989953400166943,,,True
11030,2021,1091,4,26868,2021,4.060592526425488,1835.560174418605,4.0,0.12176650258933197,0.11072250140321316,29078.0,0.04503144654088054,0.07673505604845143,,,True
11031,2021,991,4,39564,2021,2.504802345566677,1221.2584215591914,4.0,0.05125610346529319,0.01734726816845833,30677.0,0.04018038790180389,0.011075715563489297,,,True
11032,2021,865,4,34536,2021,2.5046328468844106,1290.8374025974026,4.0,0.06689091561007698,0.03669748137954287,24101.0,0.04946657957761813,0.017424336032458854,,,True
11033,2021,1025,4,19625,2021,5.222929936305732,1541.3281690140846,4.0,0.05756723583593293,0.04038212296990107,31620.0,0.05590062111801242,0.0016666147179205115,,,True
12009,2021,488,4,15657,2021,3.116816759277001,807.9053215077606,4.0,0.0004372492897932734,,30123.0,0.0485953980575764,-0.04815814876778313,,,False
12027,2021,449,4,17897,2021,2.5088003576018325,905.2854477611941,4.0,0.023979592075733303,,28550.0,0.03296067151488846,-0.00898107943915516,,,False
12032,2021,591,4,20301,2021,2.911186641052165,757.6937007874016,4.0,0.027924755035939164,0.04567443740512733,30638.0,0.04530876833845099,-0.017384013302511825,,,True
12040,2021,2546,4,91229,2021,2.7907792478268973,991.7446454767728,4.0,0.07078258346342303,0.053360361271397094,33221.0,0.04095381337344106,0.02982877008998197,,,True
12084,2021,369,4,14658,2021,2.517396643471142,734.9406417112301,4.0,0.0352957238454219,,32155.0,0.06146634536031437,-0.026170621514892467,,,False
12126,2021,365,4,15906,2021,2.2947315478435812,702.8741007194244,4.0,0.03517350894799387,0.05618151889418643,30178.0,0.05462170190459559,-0.019448192956601718,,,True
12135,2021,671,4,25363,2021,2.6455860899735835,783.5295415959253,4.0,0.057244577186447154,0.07756224446921411,33502.0,0.05461642585072557,0.0026281513357215847,,,True
12138,2021,581,4,20887,2021,2.781634509503519,1060.7627039627039,4.0,0.054102768712919413,0.032811425413289186,28593.0,0.02410458452722053,0.029998184185698884,,,True
13005,2021,428,4,17129,2021,2.498686438204215,718.2217032967033,4.0,0.008244448463681886,0.005143665143325649,31788.0,0.04031941353580315,-0.032074965072121264,,,True
13034,2021,1051,4,41592,2021,2.526928255433737,1000.5706552706554,4.0,0.009661960743976294,0.004097402002941175,35257.0,0.02754138493821401,-0.017879424194237714,,,True
13071,2021,533,4,26589,2021,2.0045883636090114,578.0212938005391,4.0,0.02464990184966287,0.10330488244732317,28640.0,0.027443946188340895,-0.0027940443386780256,,,True
13082,2021,473,4,19217,2021,2.4613623354321694,624.6364238410596,4.0,-0.016224754905053596,-2.3200165234271708e-05,25654.0,0.034393774444578806,-0.0506185293496324,,,True
13087,2021,420,4,17368,2021,2.418240442192538,741.0287925696595,4.0,0.024840513064299907,-0.023799756057601984,27971.0,0.03126497806289863,-0.006424464998598722,,,True
14021,2021,4689,4,155400,2021,3.0173745173745172,1313.5767602283538,4.0,0.011439353895218662,0.002153084295011709,32367.0,0.04413045582115549,-0.03269110192593683,,,True
14038,2021,652,4,21141,2021,3.084054680478691,829.3412903225807,4.0,0.0508373849587902,0.02124904451309484,26097.0,0.0792357636160621,-0.028398378657271905,,,True
14056,2021,310,4,14955,2021,2.0728853226345705,847.1791666666667,4.0,0.025950884238478134,-0.015913329007640975,25470.0,0.049011532125206037,-0.023060647886727903,,,True
15002,2021,363,4,16701,2021,2.173522543560266,1111.8973484848484,4.0,0.06557507669375151,,33975.0,0.046576102023842436,0.018998974669909074,,,False
15005,2021,288,4,17841,2021,1.6142592903985202,1017.4066666666668,4.0,0.027864162947121907,-0.01952197075696538,30510.0,0.035641547861507084,-0.007777384914385177,,,True
15019,2021,211,4,19427,2021,1.086117259484223,749.9666666666667,4.0,-0.03469739531468896,-0.08183437104513658,29294.0,0.04104623476314018,-0.07574363007782914,,,True
15030,2021,2523,4,136205,2021,1.8523549062075548,1832.3765797613787,4.0,0.04910346683026057,-0.0027741735558175495,34933.0,0.01620316499883634,0.03290030183142423,,,True
15031,2021,257,4,15752,2021,1.6315388522092433,1271.340789473684,4.0,0.023710344015747786,0.020454961613865175,32755.0,0.030225828772724395,-0.006515484756976608,,,True
15036,2021,795,4,42672,2021,1.8630483689538808,789.7764945652174,4.0,0.07044339310548997,0.021121504984167982,29411.0,0.022884568566758245,0.047558824538731725,,,True
15054,2021,336,4,21735,2021,1.5458937198067633,869.721783625731,4.0,0.08058873356449303,0.023902471144034765,29538.0,0.03157085981700081,0.049017873747492224,,,True
15058,2021,517,4,19268,2021,2.6832053145111066,1437.4697391304348,4.0,0.022386896097612574,-0.030336885497193267,43530.0,-0.001101473220432303,0.023488369318044877,,,True
15073,2021,314,4,17097,2021,1.8365795168743055,999.0283076923077,4.0,0.07324306568438277,0.08335840689381946,31003.0,0.0433451118963486,0.02989795378803417,,,True
15078,2021,823,4,56746,2021,1.4503224896909033,1708.4309265944646,4.0,0.019485726804892023,-0.008235484393776416,37380.0,0.032225996189213735,-0.012740269384321712,,,True
16078,2021,726,4,31611,2021,2.296668881085698,1160.9990157480315,4.0,0.05006004706535716,-0.0016189985761712045,33627.0,0.040471549243479066,0.009588497821878095,,,True
17023,2021,760,4,25589,2021,2.9700261831255617,1567.7155932203389,4.0,0.05564859052440774,0.03823738823170486,30868.0,0.05247366088172112,0.003174929642686619,,,True
17066,2021,523,4,21062,2021,2.4831450004747886,1158.9583198707592,4.0,0.009491111030529131,0.042492964685545864,30354.0,0.03146663042000819,-0.02197551938947906,,,True
17079,2021,1271,4,50333,2021,2.525182285975404,1795.6105608157318,4.0,0.06746383338788964,0.06643311038807576,40260.0,0.026778882938025994,0.040684950449863644,,,True
17095,2021,720,4,25496,2021,2.8239723878255414,1788.8702627939142,4.0,0.0541940360645734,0.04291709755554507,27437.0,0.08335307589038932,-0.029159039825815913,,,True
17114,2021,450,4,16713,2021,2.6925148088314486,1253.791095890411,4.0,0.07184481408183041,0.04582802518317841,36941.0,0.035835459720158225,0.036009354361672186,,,True
17155,2021,318,4,11642,2021,2.7314894348050163,1063.2226072607261,4.0,0.05627985130333557,0.0833469756324765,31535.0,0.03539416226154901,0.02088568904178656,,,True
18017,2021,910,4,29769,2021,3.056871241895932,1764.856156716418,4.0,0.07200196887907873,,24036.0,0.055321390937829396,0.01668057794124933,,,False
18087,2021,3590,4,141257,2021,2.5414669715483127,1658.0185992217898,4.0,0.022138271380754304,-0.0016551627049083972,32784.0,0.044009935672887135,-0.02187166429213283,,,True
18140,2021,1109,4,32841,2021,3.376876465393867,1068.5482978723405,4.0,0.06451527556316217,0.07463949847059548,27621.0,0.040770187271562675,0.023745088291599492,,,True
19046,2021,561,4,14220,2021,3.9451476793248945,1337.7151029748284,4.0,0.02190625549686276,,34672.0,0.031045557273700508,-0.00913930177683775,,,False
19130,2021,1316,4,41937,2021,3.1380403939242196,1239.464590964591,4.0,0.02776350136329775,0.03094314142248511,36131.0,0.035836128551360424,-0.008072627188062675,,,True
20030,2021,278,4,13535,2021,2.0539342445511637,1626.798347107438,4.0,0.03897649570808759,0.019316662194414524,37013.0,0.003171075455334016,0.03580542025275357,,,True
20045,2021,739,4,28045,2021,2.6350508111962916,2161.9705329153603,4.0,0.050341778816303195,0.02442773307199131,35477.0,0.029482603522822837,0.02085917529348036,,,True
20067,2021,377,4,17999,2021,2.0945608089338297,2242.3559782608695,4.0,0.053082588511607076,0.0362416907626717,33270.0,0.015598766751121929,0.03748382176048515,,,True
20069,2021,2297,4,94733,2021,2.4247094465497767,3979.990176600442,4.0,0.0593999627441717,0.04743456627883913,44710.0,0.02320578542658369,0.036194177317588005,,,True
21041,2021,2225,4,68714,2021,3.2380592019093632,1093.2762806236078,4.0,0.046391197706580956,0.02844733230456531,30236.0,0.03697098566431167,0.009420212042269283,,,True
21044,2021,632,4,21967,2021,2.877042836982747,1368.0797886393657,4.0,0.09472214635682863,,26295.0,0.05281069827033957,0.041911448086489056,,,False
22125,2021,653,4,29309,2021,2.227984578115937,1257.805533596838,4.0,0.09481190258673022,0.08991106170548147,34208.0,0.02643502265430442,0.0683768799324258,,,True
23005,2021,412,4,20048,2021,2.0550678371907423,747.2657596371881,4.0,0.010228146055411669,0.011405913997618367,25282.0,0.05937565472449191,-0.04914750866908024,,,True
23050,2021,1497,4,58293,2021,2.5680613452730174,1116.106675657451,4.0,0.01285365121409554,0.003293682604840864,34025.0,0.045507620452310826,-0.032653969238215286,,,True
23055,2021,555,4,29385,2021,1.8887187340479836,749.4625520110957,4.0,0.008366917013642894,0.044322008102302024,28928.0,0.04527551942186081,-0.036908602408217916,,,True
23092,2021,353,4,18318,2021,1.927066273610656,868.3928374655649,4.0,0.0031283941011708283,0.02499971681399371,29880.0,0.0615319027994885,-0.058403508698317674,,,True
24089,2021,1704,4,79199,2021,2.151542317453503,1193.348317515099,4.0,0.028245864981712776,0.02695416567554343,32677.0,0.01880027436552978,0.009445590616182997,,,True
24115,2021,686,4,42549,2021,1.612258807492538,796.2897360703812,4.0,0.015523646361924825,-0.010088570593860924,29487.0,0.02207972270363956,-0.006556076341714734,,,True
24142,2021,299,4,17161,2021,1.7423227084668726,894.9617647058824,4.0,0.010330996150398564,0.003372106664993879,29640.0,0.030526388985467,-0.020195392835068438,,,True
25120,2021,1976,4,68299,2021,2.8931609540403227,971.9265327150953,4.0,0.06632411757154033,0.08391760970712592,35342.0,0.034874527832274405,0.031449589739265926,,,True
26089,2021,2083,4,78908,2021,2.639783038475186,1290.3419921875,4.0,0.020156738089963655,-0.03541495600353106,34179.0,0.02806352643927079,-0.007906788349307137,,,True
27028,2021,1092,4,62648,2021,1.743072404546035,1010.845708376422,4.0,0.03432238319369896,-0.060915427139288214,31666.0,0.03952465366686364,-0.005202270473164683,,,True
28005,2021,2569,4,79588,2021,3.2278735487761976,1711.1655951783023,4.0,0.0377431637229928,0.03517916416866629,37487.0,0.03420972770160291,0.0035334360213898908,,,True
28006,2021,1398,4,42744,2021,3.2706344750140373,3040.714683153014,4.0,0.028610200791340024,-0.015174694071405703,57962.0,0.02682114512471645,0.0017890556666235735,,,True
28007,2021,1864,4,70601,2021,2.6401892324471326,2153.2671864847302,4.0,0.02463700343316022,-0.008117540300319082,36837.0,0.02770338131904926,-0.003066377885889038,,,True
28013,2021,871,4,25682,2021,3.391480414297952,1411.8998554913296,4.0,0.024203656102579796,0.010642396420982969,35897.0,0.039167438628994855,-0.01496378252641506,,,True
28014,2021,1080,4,21573,2021,5.006257822277847,1573.8572588832487,4.0,0.015555579211645965,-0.03743036896923457,34865.0,0.033772163909150166,-0.0182165846975042,,,True
28022,2021,1453,4,19874,2021,7.311059675958539,2917.001440144014,4.0,0.058325241763359736,0.02388018983185347,76685.0,0.03262772346556786,0.025697518297791877,,,True
28045,2021,866,4,20461,2021,4.232442207125751,1947.4626050420168,4.0,0.04950284841341168,0.0068163152544831185,46101.0,0.03868511175198264,0.010817736661429045,,,True
28047,2021,1099,4,27922,2021,3.935964472458993,1787.56967126193,4.0,0.04538920184265027,-0.007720571497813911,36502.0,0.032500777868921915,0.012888423973728358,,,True
28049,2021,778,4,31337,2021,2.482688196062163,1952.4795804195803,4.0,0.022624936651437277,-0.004309500918834308,37800.0,0.033012680367293434,-0.010387743715856157,,,True
28058,2021,1502,4,70944,2021,2.1171628326567435,1738.5628045479154,4.0,0.025421008408899493,-0.012597261076305433,34016.0,0.03685189136464784,-0.011430882955748345,,,True
28061,2021,432,4,15295,2021,2.824452435436417,1729.1815431164903,4.0,0.04346920471982885,0.034130416300856226,43503.0,0.037762404580152564,0.005706800139676282,,,True
28065,2021,2372,4,79835,2021,2.971127951399762,1952.0169673055243,4.0,0.04359635371036652,0.03677061999443931,36962.0,0.035553189701061916,0.008043164009304604,,,True
28074,2021,1524,4,77962,2021,1.9547984915728176,1933.7985200845667,4.0,0.019783795423812256,0.015988488048629845,34335.0,0.03493489269351335,-0.015151097269701097,,,True
28079,2021,44826,4,1533221,2021,2.923648971674664,3310.5470217539264,4.0,0.03815676153456349,0.059813694266310447,43953.0,0.022091481989628736,0.016065279544934752,,,True
28080,2021,764,4,25577,2021,2.9870586855377876,3321.531047865459,4.0,0.05811281232508625,0.027157998766661917,66390.0,0.02045835318710698,0.03765445913797927,,,True
28092,2021,2092,4,82103,2021,2.548018951804441,1776.5747916666667,4.0,0.039751388776759544,0.021423868004161406,34529.0,0.03148618371919332,0.008265205057566227,,,True
28096,2021,388,4,12156,2021,3.191839420862126,1529.1417431192663,4.0,0.05579026303424617,,38093.0,0.05104433959661181,0.004745923437634358,,,False
28106,2021,1253,4,47256,2021,2.6515151515151514,1395.2008733624455,4.0,0.024965602964802658,-0.008950089325538535,30961.0,0.039378273130119545,-0.014412670165316888,,,True
28113,2021,720,4,21507,2021,3.347747245082996,1925.7460431654677,4.0,0.05726844758090577,0.02816539298348375,38031.0,0.04200230149597228,0.015266146084933485,,,True
28115,2021,1003,4,32327,2021,3.1026695950753242,3453.291831470335,4.0,0.055760344641972104,0.039728881964598006,86403.0,0.04133874874959331,0.014421595892378791,,,True
28123,2021,1942,4,35980,2021,5.397443023902168,2112.2034482758622,4.0,0.03632278495053631,-0.0028363316878650124,48274.0,0.0428827583227116,-0.006559973372175287,,,True
28127,2021,1592,4,35404,2021,4.496667043271946,2955.399072356215,4.0,0.045446566333572136,0.021374524000872475,65428.0,0.02827327162143045,0.017173294712141685,,,True
28130,2021,312,4,15621,2021,1.9973113116957941,1911.652487562189,4.0,0.008532647963326312,-0.015503473069029772,36256.0,0.03396549265649518,-0.025432844693168866,,,True
28134,2021,1283,4,36032,2021,3.5607238010657194,2560.0293827160494,4.0,0.048777153600767065,0.030134207608085717,45647.0,0.02903582136657734,0.019741332234189723,,,True
28148,2021,1984,4,50494,2021,3.9291797045193486,1828.7123915737297,4.0,0.04127830621828488,0.018701142856679676,36317.0,0.03608923884514437,0.00518906737314051,,,True
28161,2021,1426,4,28896,2021,4.934939091915836,1677.8880970432149,4.0,0.02937951703338393,-0.022394874410160526,39791.0,0.04039638132092249,-0.011016864287538564,,,True
28181,2021,330,4,11252,2021,2.932811944543192,2231.3184579439253,4.0,0.023929412987922394,0.01750931570027925,58788.0,0.03153129441490754,-0.0076018814269851465,,,True
28903,2021,650,4,18542,2021,3.5055549563153923,2791.757815845824,4.0,0.0357384630576405,-0.00752172685734398,59299.0,0.03933047059854533,-0.003592007540904829,,,True
29007,2021,567,4,17000,2021,3.335294117647059,1655.6608158220024,4.0,0.02039989455317115,-0.015589953536456758,36562.0,0.0698776847896061,-0.04947779023643495,,,True
29015,2021,439,4,20944,2021,2.0960656990068753,1042.3127272727274,4.0,0.015679599146535494,-0.014925199141759604,29002.0,0.03195274693993744,-0.016273147793401943,,,True
29025,2021,2307,4,48663,2021,4.740768140065347,2155.779742173112,4.0,0.057908237068606594,0.04324566039442468,27647.0,0.06334615384615394,-0.005437916777547347,,,True
29051,2021,3146,4,50366,2021,6.246277250526148,1833.820382165605,4.0,0.04395648407162622,0.023221914523802845,27851.0,0.06455928445837467,-0.020602800386748443,,,True
29054,2021,2300,4,48887,2021,4.7047272280974495,2146.804863973619,4.0,0.04102023516398279,0.07553215550415748,25255.0,0.06229494405653235,-0.021274708892549565,,,True
29067,2021,8796,4,261857,2021,3.359085302283307,1894.2966898242746,4.0,0.07772934809050969,0.0520941078131425,31612.0,0.046096826499884225,0.03163252159062546,,,True
29069,2021,4628,4,100282,2021,4.6149857402126,2592.9426517011575,4.0,0.03430837917218743,0.031829677576670434,29943.0,0.07207303974221269,-0.037764660570025255,,,True
29070,2021,3306,4,62030,2021,5.3296791874899245,1865.0360117589416,4.0,0.05549362635063626,0.0372236530689658,25550.0,0.06957468184862692,-0.014081055497990658,,,True
29082,2021,894,4,27620,2021,3.2367849384503984,1916.7893595041323,4.0,0.03363267452151497,0.02264812705931707,34365.0,0.025239416450371532,0.008393258071143439,,,True
29084,2021,413,4,19462,2021,2.1220840612475595,1122.9905263157896,4.0,0.02495176097715901,0.02228486296459331,28353.0,0.05700119296152706,-0.03204943198436805,,,True
29094,2021,1722,4,50454,2021,3.413009870376977,1492.798297557365,4.0,0.05169523175813584,0.04759265294064274,27436.0,0.052155238533517334,-0.00046000677538149404,,,True
29901,2021,1901,4,42938,2021,4.427313801294891,2102.245461658842,4.0,0.0573688625098967,0.029915474207398596,27610.0,0.06974041069352954,-0.012371548183632841,,,True
30003,2021,850,4,26137,2021,3.252094731606535,953.7035182679297,4.0,0.03956780029256857,0.019044942024716516,27392.0,0.03781162385390613,0.0017561764386624379,,,True
30005,2021,484,4,18107,2021,2.672999392500138,754.9981288981288,4.0,0.052699136011422176,0.06306877805371092,29393.0,0.03891559451435045,0.013783541497071727,,,True
30015,2021,329,4,14630,2021,2.248803827751196,736.6531722054381,4.0,0.05370978821981076,0.013731068903048094,28609.0,0.03926910781749493,0.01444068040231583,,,True
30016,2021,3552,4,125253,2021,2.835860218916912,1090.7350629874027,4.0,0.11937510166671927,0.12603182087268783,32527.0,0.033948949426237274,0.085426152240482,,,True
30019,2021,331,4,16704,2021,1.9815613026819923,797.8277070063695,4.0,0.040423535860358406,0.012849138515502734,29439.0,0.028041625925408598,0.012381909934949809,,,True
30022,2021,349,4,13679,2021,2.551356093281673,645.7351724137932,4.0,0.03783030502168416,0.005051737419569546,27710.0,0.03608151056272191,0.001748794458962255,,,True
30024,2021,866,4,42431,2021,2.040960618415781,863.8997865528281,4.0,0.02369724687687813,-0.024081985906763137,31561.0,0.03587370355783115,-0.012176456680953018,,,True
30026,2021,1152,4,31537,2021,3.652852205346101,1092.7666129032257,4.0,0.06692570895944705,0.06085604001495315,24240.0,0.031006762791884634,0.035918946167562416,,,True
30027,2021,1053,4,32908,2021,3.1998298286131033,912.3830455259026,4.0,0.04495746747094076,0.05097408500645173,35520.0,0.05144751642886747,-0.0064900489579267084,,,True
30030,2021,6263,4,219740,2021,2.8501865841448986,1108.0655104389282,4.0,0.06934989000057423,0.07803768023794666,34694.0,0.03684886883237204,0.03250102116820219,,,True
30035,2021,1477,4,41372,2021,3.5700473750362565,1252.552,4.0,0.0786280105701096,0.09295762694079346,29784.0,0.032911392405063244,0.04571661816504635,,,True
30037,2021,1139,4,21899,2021,5.201150737476597,876.0383580080754,4.0,0.056327937989244736,0.05979756428748151,29017.0,0.03728462143418887,0.019043316555055867,,,True
30039,2021,310,4,15390,2021,2.014294996751137,781.7117142857144,4.0,0.014440513931528454,-0.009663449004964075,29677.0,0.03602722988305107,-0.021586715951522617,,,True
30043,2021,399,4,19242,2021,2.073589024009978,697.552,4.0,0.02687235106026087,0.07070682424742047,28228.0,0.06859479103573585,-0.04172243997547498,,,True
31201,2021,2657,4,94761,2021,2.803896117601123,1897.6827160493829,4.0,0.026234683498540523,0.030829799328183305,38648.0,0.06682860849642536,-0.040593924997884834,,,True
31232,2021,523,4,17007,2021,3.0752043276297996,1040.9330623306232,4.0,0.03167316659146091,0.041228694305136426,35786.0,0.09176886936359763,-0.060095702772136717,,,True
32054,2021,857,4,67492,2021,1.2697801220885439,1160.2882280049566,4.0,-0.006737738650728242,0.004077879174029908,30821.0,0.023341523341523285,-0.030079261992251527,,,True
33004,2021,795,4,42296,2021,1.87961036504634,1103.7452054794521,4.0,0.05983867613497229,0.07692305740059824,31105.0,0.037006167694615844,0.022832508440356447,,,True
33024,2021,3320,4,148955,2021,2.228861065422443,1494.6751548269583,4.0,0.0442041079189992,0.01634763019387142,32050.0,0.032372362699307544,0.011831745219691658,,,True
33031,2021,540,4,25962,2021,2.079963022879593,799.8965909090911,4.0,0.01702420394906845,0.06027554185617334,28009.0,0.012507681740953513,0.004516522208114937,,,True
33037,2021,445,4,25878,2021,1.7196073885153411,795.0829787234043,4.0,0.04613640899560667,0.11431661439769314,29758.0,0.022506270831185837,0.023630138164420833,,,True
33044,2021,2865,4,127210,2021,2.252181432277337,1375.2495172413794,4.0,0.06207491993542824,0.07263469146017021,34379.0,0.02881853004548729,0.03325638988994095,,,True
33066,2021,610,4,29569,2021,2.062971355135446,1115.552404643449,4.0,0.09270632057048833,0.15621555183364155,33674.0,0.03755969804344472,0.05514662252704361,,,True
34120,2021,931,4,44610,2021,2.086976014346559,1129.83069828722,4.0,0.023353994194402983,0.04682617350894469,32032.0,0.02015987770311156,0.003194116491291421,,,True
35002,2021,215,4,14365,2021,1.4966933518969718,1286.2321875,4.0,0.04703297554695696,0.03355567899694889,30902.0,0.03458435166895435,0.012448623878002607,,,True
35004,2021,466,4,25339,2021,1.839062315008485,1259.272995780591,4.0,0.005143281890612528,0.0038078958534226715,28452.0,0.011338996907546361,-0.006195715016933834,,,True
35006,2021,311,4,17003,2021,1.8290889842968887,1153.767991169978,4.0,0.04671766531076105,0.01721010489725927,33148.0,0.03782091421415146,0.00889675109660959,,,True
35011,2021,231,4,13881,2021,1.6641452344931922,1011.0009345794392,4.0,0.015886286242533743,-0.017330956313293733,30217.0,0.038848970330388255,-0.022962684087854512,,,True
35014,2021,955,4,16893,2021,5.65322914816788,1962.5101200686108,4.0,0.03519227465932295,,25365.0,0.07056936647955103,-0.03537709182022808,,,False
35016,2021,3494,4,175181,2021,1.9945085368847078,1631.627244340359,4.0,0.0611469652718557,0.06175563189406397,34289.0,0.025818225333572586,0.035328739938283116,,,True
35017,2021,404,4,18683,2021,2.1623936198683293,1135.3477966101693,4.0,-0.019559118841716683,-0.062281912270559014,31441.0,0.04806826894229799,-0.06762738778401467,,,True
35019,2021,1458,4,32766,2021,4.4497344808643104,2175.909463722397,4.0,0.0668762445229103,0.05504084724206071,27389.0,0.051724137931034475,0.015152106591875825,,,True
35022,2021,598,4,30372,2021,1.9689187409456077,1090.6761597938143,4.0,0.027244361147860996,0.024918542289440904,27210.0,0.0472634901085367,-0.020019128960675703,,,True
35026,2021,676,4,46739,2021,1.4463296176640492,1248.0141755062677,4.0,0.06942946235551029,0.03144030772450401,30237.0,0.03832285979190275,0.031106602563607533,,,True
36008,2021,230,4,15731,2021,1.4620812408619923,1257.6225626740948,4.0,0.010815399255676983,,31235.0,0.0472406625092201,-0.036425263253543116,,,False
36026,2021,131,4,12577,2021,1.0415838435238929,936.9949494949495,4.0,0.05105246835444488,0.041603517231303844,28928.0,0.04542661992699948,0.005625848427445401,,,True
36038,2021,744,4,42646,2021,1.7445950382216386,1237.7336363636364,4.0,0.05115989210301963,0.019888362691741435,32919.0,0.029297729973109865,0.021862162129909768,,,True
36045,2021,208,4,14215,2021,1.4632430531129088,1023.2517857142857,4.0,0.03876762595200778,-0.04317003958757093,33660.0,0.017348727558484045,0.021418898393523733,,,True
36057,2021,2555,4,144293,2021,1.7707026674890674,1570.7818614130433,4.0,0.045442182471061354,0.015200722440332104,34866.0,0.027677071359094585,0.01776511111196677,,,True
36060,2021,357,4,21149,2021,1.688023074377039,982.5345211581292,4.0,0.03559667593819049,0.02132982376921211,29129.0,0.035035355150481395,0.0005613207877090964,,,True
37274,2021,1927,4,92553,2021,2.0820502847017384,1539.378013646702,4.0,3.128025653253985e-05,-0.013974595956120162,30602.0,0.03123841617523171,-0.03120713591869917,,,True
38001,2021,1140,4,26798,2021,4.254048809612658,2117.4851735015773,4.0,0.007491527150042421,-0.02493209093846671,25170.0,0.06906218144750254,-0.061570654297460115,,,True
38006,2021,1538,4,53746,2021,2.8616083057343804,1770.1158926728585,4.0,-0.0031299999644628373,-0.04903960364005566,23145.0,0.036637255341066766,-0.0397672553055296,,,True
38011,2021,279,4,14205,2021,1.9640971488912355,1825.478016085791,4.0,0.037445493261070606,,33282.0,0.039835036085856146,-0.00238954282478554,,,False
38017,2021,626,4,24284,2021,2.577829023225169,1393.2499278499279,4.0,0.06904910070701331,0.057284931509789194,26602.0,0.02893169335499346,0.04011740735201985,,,True
38023,2021,1235,4,74096,2021,1.6667566400345497,1232.4695729537366,4.0,0.04708441403907049,0.014222700839410463,32101.0,0.035082062360945354,0.012002351678125134,,,True
38026,2021,247,4,17819,2021,1.3861608395532858,1085.3000000000002,4.0,-0.01854814530685356,-0.021672951114001582,29733.0,0.04793289394847222,-0.06648103925532578,,,True
38028,2021,667,4,20779,2021,3.209971605948313,1746.3087976539591,4.0,0.023468598967593124,-0.011799383839725675,27149.0,0.04250825589432461,-0.019039656926731485,,,True
38031,2021,328,4,17417,2021,1.8832175460756733,1086.0814671814671,4.0,0.03329245889024146,-0.045463280272429296,27692.0,0.03533106516618689,-0.0020386062759454315,,,True
38038,2021,1892,4,97227,2021,1.9459615127485164,1442.679754062363,4.0,0.06151704796175106,0.049217282158507736,33587.0,0.034018841204359385,0.027498206757391674,,,True
39016,2021,254,4,13768,2021,1.8448576409064497,1298.915759312321,4.0,0.02823655923782198,0.03393143605964555,34255.0,0.021043846314346082,0.007192712923475897,,,True
39020,2021,842,4,24994,2021,3.3688085140433706,1905.1544554455447,4.0,0.060555363822838215,0.03496329590328284,32147.0,0.02388763257636084,0.036667731246477375,,,True
39075,2021,2471,4,93407,2021,2.6454120140888797,1762.88073089701,4.0,0.04721788494021051,0.06280499114970683,35015.0,0.0348445442723726,0.012373340667837907,,,True
39087,2021,582,4,26596,2021,2.1882989923296736,1012.2129840546697,4.0,0.030423908988290727,0.03613160192272513,29077.0,0.03377537597326419,-0.0033514669849734613,,,True
40194,2021,613,4,29036,2021,2.111172337787574,1374.3164785553047,4.0,0.026599647781084812,0.01860689858969744,34272.0,0.035845977150456454,-0.009246329369371642,,,True
41004,2021,960,4,32822,2021,2.9248674669429042,1109.923126734505,4.0,0.022811355858282978,-0.015829718020722083,29909.0,0.04620819924443831,-0.02339684338615533,,,True
41021,2021,551,4,13079,2021,4.212860310421286,1117.145197740113,4.0,0.07290203213486568,0.06916088567568202,26418.0,0.05079352452169772,0.02210850761316796,,,True
41024,2021,408,4,15565,2021,2.621265660134918,1092.8141809290953,4.0,0.013003583120960949,-0.0323668931299923,27357.0,0.05300230946882212,-0.03999872634786117,,,True
41034,2021,294,4,13904,2021,2.1144994246260067,988.170297029703,4.0,0.032590569923567125,0.021664517507198333,25311.0,0.04199086081264669,-0.009400290889079566,,,True
41038,2021,2424,4,56736,2021,4.272419627749577,1334.0118997912316,4.0,0.04730243893969055,0.0340616077406668,32863.0,0.03957357965329611,0.0077288592863944405,,,True
41039,2021,609,4,18684,2021,3.2594733461785483,918.1639498432603,4.0,0.014655347536445928,-0.022223920805044095,26155.0,0.06489963763690398,-0.050244290100458056,,,True
41053,2021,235,4,12629,2021,1.8607965793016075,859.2430962343096,4.0,0.06771145987454141,,25671.0,0.09289454638341343,-0.02518308650887202,,,False
41059,2021,771,4,19554,2021,3.942927278306229,1605.038,4.0,0.08386027296439624,0.0315405571859626,38336.0,0.046916816866022115,0.03694345609837413,,,True
41065,2021,254,4,13352,2021,1.902336728579988,901.0600823045269,4.0,0.008168139114901107,-0.015563646188782476,26231.0,0.0256099468251485,-0.017441807710247392,,,True
41069,2021,301,4,16512,2021,1.8229166666666667,969.7083892617449,4.0,-0.006515582630190364,-0.0471986720154991,25227.0,0.050862284428892846,-0.05737786705908321,,,True
41081,2021,505,4,16016,2021,3.153096903096903,1100.9988814317671,4.0,0.03289553603113737,0.044851749803348384,28806.0,0.0604866914552884,-0.027591155424151026,,,True
41091,2021,9387,4,327393,2021,2.867196305357781,1890.2857854179015,4.0,0.04821215014186775,-0.016171424596776784,33543.0,0.03883675555142618,0.009375394590441566,,,True
41095,2021,786,4,23030,2021,3.4129396439426833,992.9576190476189,4.0,0.03352554404757169,-0.004216651653621506,26934.0,0.04399395325400213,-0.01046840920643044,,,True
42173,2021,558,4,25244,2021,2.21042623989859,1077.400352112676,4.0,0.01933778001537867,0.03510559131844382,35151.0,0.0029674437184352698,0.0163703362969434,,,True
43038,2021,1038,4,31733,2021,3.2710427630542336,1742.6538631346577,4.0,0.08237180843214853,0.11251260464765045,34278.0,0.06871609403254975,0.013655714399598784,,,True
43123,2021,1530,4,51284,2021,2.98338663130801,1126.6516339869281,4.0,0.09764968354887338,0.06928971487741653,33544.0,0.03755026291370234,0.06009942063517104,,,True
43148,2021,2006,4,67200,2021,2.9851190476190474,1284.0641726618703,4.0,0.08751946213617567,0.11148731367592535,36728.0,0.03136671253264445,0.05615274960353123,,,True
43155,2021,421,4,19654,2021,2.142057596418032,797.8976683937824,4.0,0.06708517148220405,0.08341318320393565,33508.0,0.03298600406930152,0.03409916741290253,,,True
43163,2021,959,4,31063,2021,3.0872742491066543,1364.7936633663367,4.0,0.042792921451430654,0.01913794908767108,31256.0,0.03083671382869957,0.011956207622731085,,,True
43905,2021,938,4,31523,2021,2.9756051137264854,1780.9545454545455,4.0,0.051273301171238295,,31009.0,0.10801829486171655,-0.05674499369047825,,,False
44216,2021,429,4,21490,2021,1.9962773382968824,1149.380281690141,4.0,0.028119958352234686,-0.037603043553480875,36043.0,0.031627454347701534,-0.003507495995466847,,,True
45081,2021,557,4,12265,2021,4.5413779046066045,1225.5702290076338,4.0,0.02037392403954641,,34265.0,0.04609983208670432,-0.025725908047157908,,,False
45165,2021,1154,4,43263,2021,2.6674063287335597,778.4961579509072,4.0,0.05211247888858761,0.032267105330932244,27692.0,0.03017000855622931,0.0219424703323583,,,True
45168,2021,1154,4,40498,2021,2.849523433255963,1371.241511771995,4.0,0.027262295582478613,0.010775119813810186,39087.0,0.03292724822282711,-0.005664952640348497,,,True
46005,2021,347,4,13175,2021,2.633776091081594,919.6188552188552,4.0,0.047486412122090815,-0.00016498521684882306,28588.0,0.03771461759047523,0.009771794531615585,,,True
46017,2021,718,4,24652,2021,2.9125425928930717,755.0538116591928,4.0,0.07392304098991964,0.08473987661435567,31127.0,0.03732462425434058,0.036598416735579065,,,True
46021,2021,368,4,14434,2021,2.549535818207011,987.1193798449611,4.0,0.07516448732551595,0.04192785326256554,29485.0,0.04612382472946597,0.029040662596049982,,,True
46029,2021,331,4,14059,2021,2.3543637527562415,686.2024096385543,4.0,0.020711985951780365,0.058447277857068713,29372.0,0.012024945732694858,0.008687040219085507,,,True
46078,2021,467,4,17991,2021,2.5957423156022457,999.2744376278118,4.0,0.06704399306198483,0.044587763987647744,28321.0,0.03467046616980851,0.03237352689217632,,,True
46094,2021,297,4,12401,2021,2.394968147730022,934.4638095238095,4.0,0.06866494159248204,,31564.0,0.043024254841054876,0.025640686751427166,,,False
46102,2021,354,4,12037,2021,2.940932125945003,905.6124242424241,4.0,0.0337171867666779,0.03231978173159855,28751.0,0.039631169770385055,-0.005913983003707157,,,True
46110,2021,352,4,13504,2021,2.6066350710900474,912.9218844984804,4.0,0.15013410862453624,0.13155302029457827,28090.0,0.03833216279155738,0.11180194583297887,,,True
46131,2021,1746,4,54541,2021,3.2012614363506353,1011.6311605723371,4.0,0.07455504310613903,0.08733406650051168,28707.0,0.03348093746624903,0.04107410563989,,,True
46145,2021,408,4,16908,2021,2.41305890702626,756.0187817258884,4.0,0.03418281160668424,0.010581777715361396,30540.0,0.021814775160599487,0.012368036446084751,,,True
46159,2021,389,4,14239,2021,2.7319334222908913,972.3478672985782,4.0,0.07849418503184502,0.040478511997578126,29033.0,0.04199117108710482,0.036503013944740204,,,True
46169,2021,476,4,20270,2021,2.348297977306364,1120.8820512820512,4.0,0.07131012489495148,0.062351104596266804,30284.0,0.032280055902103255,0.03903006899284822,,,True
46181,2021,705,4,21085,2021,3.3436092008536873,1015.695632183908,4.0,0.11204185344773876,0.12431722925544253,28281.0,0.05329608938547481,0.05874576406226395,,,True
46184,2021,641,4,19230,2021,3.3333333333333335,669.4886977886977,4.0,0.04104467711274418,0.024233408980100846,30125.0,0.052144453758032894,-0.011099776645288717,,,True
46190,2021,978,4,33020,2021,2.961841308298001,1166.1144008056397,4.0,0.06547476931768226,0.05428087390821812,33687.0,0.03049862343224219,0.03497614588544007,,,True
46220,2021,1271,4,41287,2021,3.0784508440913605,847.9778778778779,4.0,0.02047320797533181,0.005341336525956253,30864.0,0.03137844611528817,-0.010905238139956364,,,True
46235,2021,605,4,25186,2021,2.402128166441674,947.2116700201208,4.0,0.028040978364310742,-0.012804568217667844,29653.0,0.03928921912238881,-0.011248240758078065,,,True
46244,2021,1363,4,40564,2021,3.3601222759096734,1007.7867417677642,4.0,0.11354195698228975,0.09680546930760925,31486.0,0.04524781728247529,0.06829413969981446,,,True
46250,2021,12084,4,414988,2021,2.9118914281858754,1593.2141695822186,4.0,0.06784516883340563,0.03244214542327861,35463.0,0.031891058282654816,0.03595411055075082,,,True
47186,2021,3778,4,159363,2021,2.3706883028055445,1388.8876578411407,4.0,0.053759061137001796,0.057125404984887496,34095.0,0.024058388898900773,0.029700672238101022,,,True
48013,2021,1370,4,46654,2021,2.936511338791958,2128.41367781155,4.0,0.03775615208758909,-0.0017666110920984135,33325.0,0.03262890431333654,0.005127247774252552,,,True
48015,2021,432,4,19257,2021,2.2433400841252533,2053.607453416149,4.0,0.045184667785286514,0.010201691714697203,32342.0,0.02927884921392665,0.015905818571359864,,,True
48020,2021,4160,4,165685,2021,2.5107885445272657,2568.501467710372,4.0,0.020565655254124238,0.010760177259072856,38355.0,0.03226935084508553,-0.011703695590961294,,,True
48027,2021,285,4,13360,2021,2.1332335329341316,2122.188970588235,4.0,-0.00036720691954084117,-0.03156829587093957,42455.0,0.00044773305683842857,-0.0008149399763792697,,,True
48036,2021,329,4,13683,2021,2.404443469999269,2051.6481927710843,4.0,0.04242726241238093,0.030931909139995106,39749.0,0.023799098518995532,0.018628163893385397,,,True
48044,2021,812,4,34366,2021,2.36280044229762,3091.310483870968,4.0,0.0334238134190743,0.026618046708732246,52768.0,0.02170503611051955,0.01171877730855475,,,True
48054,2021,410,4,13804,2021,2.9701535786728486,2673.4152073732716,4.0,0.021135929200423176,-0.03614239662404706,42617.0,0.03913488735004389,-0.017998958149620714,,,True
48078,2021,434,4,21560,2021,2.012987012987013,2192.392441860465,4.0,0.037039451013975766,0.0015434493415589223,34168.0,0.02872282772324919,0.008316623290726577,,,True
48082,2021,515,4,21669,2021,2.3766671281554292,2136.034259259259,4.0,0.007189671972760658,0.028048870286549565,33320.0,0.02551475793296598,-0.018325085960205323,,,True
48084,2021,398,4,13547,2021,2.937919834649738,1749.0666666666666,4.0,0.039766432015236663,-0.014567493200042358,29469.0,0.02625805328225672,0.013508378732979942,,,True
49275,2021,740,4,39710,2021,1.8635104507680684,1034.4690802348339,4.0,-0.009732998156154804,-0.004681206119798054,29763.0,0.0285803151783246,-0.038313313334479404,,,True
50297,2021,8027,4,338961,2021,2.368119046143952,1490.845796716962,4.0,0.035771811836347256,0.01530319230172772,35503.0,0.021580870716197076,0.01419094112015018,,,True
51001,2021,656,4,28315,2021,2.3167932191417977,1781.629985443959,4.0,0.003975214418747708,-0.014472990597507174,40660.0,0.033816425120772875,-0.029841210702025167,,,True
52001,2021,702,4,29347,2021,2.392067332265649,1677.5729797979798,4.0,0.011384179201908484,0.007659340196554565,41846.0,0.049613725293468525,-0.03822954609156004,,,True
01059,2022,2932,4,119853,2021,2.4463300876907543,2208.8898734177214,4.0,0.0043006845243751535,-0.04228538105961466,38785.0,0.059641549642096114,-0.05534086511772096,,,True
02003,2022,2255,4,86881,2021,2.5955041953936995,1258.9684350132627,4.0,0.025486880716695692,-0.020085405871474338,35722.0,0.045725995316159285,-0.020239114599463592,,,True
02009,2022,247,4,13292,2021,1.8582606078844417,730.5374015748032,4.0,0.004845019119004812,-0.001555873239194705,30012.0,0.056462968177978023,-0.05161794905897321,,,True
02037,2022,443,4,16661,2021,2.6589040273693056,660.8994680851064,4.0,-0.02772518643314692,-0.09543591350977443,26969.0,0.050481050130487315,-0.07820623656363423,,,True
02081,2022,198,4,15102,2021,1.3110846245530394,593.2346320346321,4.0,0.01861184925721071,0.08399985841237023,30331.0,0.04966085271317833,-0.031049003455967616,,,True
03009,2022,1053,4,33876,2021,3.108395324123273,701.2268465909091,4.0,-0.02641430071739348,-0.10361901731765932,29985.0,0.036037592426231724,-0.0624518931436252,,,True
03014,2022,7744,4,187658,2021,4.126655937929638,1382.3109136525193,4.0,0.0976490521780693,0.0327020769610642,32439.0,0.05661053385883186,0.04103851831923744,,,True
03031,2022,2322,4,60479,2021,3.8393491955885515,2127.7899315738027,4.0,0.04129904187728317,-0.03995205775387434,26437.0,0.0971985889188629,-0.055899547041579734,,,True
03047,2022,1373,4,26156,2021,5.249273589233828,1926.4478723404254,4.0,0.05038529134871905,-0.0024435547099794785,27142.0,0.07830439791823918,-0.027919106569520125,,,True
03050,2022,1095,4,26801,2021,4.0856684452072685,1910.8534510433385,4.0,0.07796137165758754,0.05139624807189325,32275.0,0.05567003565237294,0.0222913360052146,,,True
03059,2022,341,4,15357,2021,2.220485771960669,699.4463878326995,4.0,-0.009717507487951083,-0.060424292917907185,27000.0,0.05869897659098933,-0.06841648407894041,,,True
03063,2022,2156,4,45237,2021,4.7660101244556445,1753.842120075047,4.0,0.06043850333003031,0.03788910289711045,30164.0,0.05244059872300344,0.007997904607026873,,,True
03065,2022,3619,4,116080,2021,3.1176774638180564,1010.6604183109708,4.0,0.010975998971641587,-0.056230905669608644,29648.0,0.060751341681574145,-0.04977534270993256,,,True
03066,2022,920,4,27488,2021,3.346915017462165,621.9611979166667,4.0,-0.0118378267850765,-0.07800678426446672,26142.0,0.05097692369542495,-0.06281475048050145,,,True
03082,2022,1348,4,26819,2021,5.0262873336067715,2305.307601351351,4.0,0.08809870812275022,-0.00989452532704127,29336.0,0.09201905896366891,-0.003920350840918685,,,True
03093,2022,359,4,13780,2021,2.60522496371553,657.5084302325582,4.0,-0.07100689453153741,-0.07537088075717646,29498.0,0.04325375773651641,-0.11426065226805382,,,True
03099,2022,5234,4,88508,2021,5.913589732001627,1335.1751841359774,4.0,0.04322795167359139,-0.045191741802867336,26163.0,0.05632267441860472,-0.013094722745013332,,,True
03104,2022,418,4,16474,2021,2.5373315527497877,721.3143769968051,4.0,0.027725637057234076,0.014347772339096343,28248.0,0.06817923993193431,-0.040453602874700234,,,True
03121,2022,2250,4,45155,2021,4.982836895138965,1541.0196016771488,4.0,0.0899086103844342,0.06109908491237359,27138.0,0.05962281832025296,0.03028579206418125,,,True
03122,2022,917,4,27151,2021,3.377407830282494,1190.3454545454545,4.0,0.056264024343871455,0.02017695270296027,33034.0,0.04063760080645151,0.015626423537419942,,,True
03133,2022,7800,4,122736,2021,6.355103637074697,1371.6401111625753,4.0,0.112757079514342,0.0898938540999712,21976.0,0.05944173938196018,0.05331534013238182,,,True
03139,2022,1075,4,25780,2021,4.169899146625291,1403.9430232558138,4.0,0.03015031184337702,-0.007867759133518337,28520.0,0.06386153387048643,-0.03371122202710941,,,True
03140,2022,363,4,18609,2021,1.9506690311139772,609.5533980582525,4.0,0.004096465813602679,-0.028858152216390875,28820.0,0.06104116044473895,-0.05694469463113627,,,True
04013,2022,3555,4,100957,2021,3.5213011480135106,1267.7358681875792,4.0,0.03906974579656164,0.005279363288569705,32883.0,0.05000478973081712,-0.010935043934255484,,,True
04066,2022,424,4,15503,2021,2.7349545249306586,939.0339019189765,4.0,-0.07726095115727749,-0.07693279012732224,24461.0,0.045297209520960724,-0.12255816067823821,,,True
04079,2022,2863,4,62150,2021,4.606596942880128,1158.8130077787382,4.0,0.06437538286031841,-0.030127366315112036,29293.0,0.05011650833482695,0.01425887452549146,,,True
04902,2022,1521,4,40014,2021,3.801169590643275,973.0908635794744,4.0,-0.014036001352681127,-0.11511729742213872,26789.0,0.04006677796327218,-0.05410277931595331,,,True
05019,2022,915,4,34843,2021,2.626065493786413,1083.589452603471,4.0,0.018545842626112252,-0.03521378219589666,33311.0,0.04295688656501451,-0.024411043938902255,,,True
06011,2022,535,4,17292,2021,3.093916261855193,817.876819407008,4.0,-0.00032591655766212035,-0.06595720041563258,26396.0,0.050503442512038754,-0.050829359069700875,,,True
06015,2022,2131,4,74594,2021,2.856798133898169,1246.5368144690783,4.0,0.025585375827929857,-0.009812322242691573,32947.0,0.03848578453003837,-0.012900408702108512,,,True
06044,2022,521,4,21262,2021,2.4503809613394787,826.7717832957111,4.0,0.04270587081110211,0.03439333909378295,29591.0,0.03853578071807107,0.0041700900930310425,,,True
06083,2022,841,4,31358,2021,2.681931245615154,870.9844192634561,4.0,0.022078014064518925,0.0033064003863536584,31301.0,0.046226352028879036,-0.02414833796436011,,,True
06153,2022,244,4,14092,2021,1.731478853250071,711.2762931034482,4.0,0.019293067539716713,0.06993336315687526,28092.0,0.038406091745832205,-0.019113024206115492,,,True
07011,2022,1744,4,36492,2021,4.779129672256933,3562.4591304347823,4.0,0.11366162802660384,0.06480098898172892,39912.0,0.12137559002022935,-0.007713961993625507,,,True
07015,2022,724,4,17887,2021,4.0476323586962595,2479.797461928934,4.0,0.16117613600094338,0.09866710064956896,37385.0,0.09852491772449468,0.0626512182764487,,,True
07026,2022,741,4,23938,2021,3.095496699807837,4065.9440494590413,4.0,0.006518341451749121,-0.02442323943106306,45515.0,0.10441133650393097,-0.09789299505218185,,,True
07027,2022,470,4,15863,2021,2.962869570699111,1568.3130518234166,4.0,0.07782859876615955,0.07943108456185055,35527.0,0.09001932930383827,-0.012190730537678718,,,True
07031,2022,750,4,23312,2021,3.217227179135209,2368.402996845426,4.0,0.07949204048618852,-0.007053999499586183,39686.0,0.07965612927798027,-0.00016408879179174995,,,True
07032,2022,522,4,15173,2021,3.440321623937257,1861.6824355971894,4.0,0.09154474817249003,0.03952020134640666,39805.0,0.08089393363384567,0.01065081453864436,,,True
07033,2022,582,4,28571,2021,2.037030555458332,1653.9294007490635,4.0,0.018680586012490785,-0.08866311083458345,35983.0,0.08920571497760021,-0.07052512896510943,,,True
07036,2022,393,4,15048,2021,2.6116427432216907,2536.306620209059,4.0,0.09272771074117836,0.04511074893077072,49827.0,0.08928142010799456,0.0034462906331838017,,,True
07040,2022,5703,4,186482,2021,3.0582040089660127,2395.6088659392053,4.0,0.0518707698491232,0.006558603003594232,41852.0,0.10090488215488214,-0.04903411230575894,,,True
07054,2022,594,4,22810,2021,2.6041209995615957,4314.344770642202,4.0,0.10217792670091153,0.003659077336024774,43051.0,0.11867269514603462,-0.016494768445123098,,,True
08015,2022,2744,4,91915,2021,2.985366915084589,2149.4684967320263,4.0,0.04368473888884972,0.026113298760934045,36335.0,0.03441894892672104,0.009265789962128679,,,True
08019,2022,17533,4,808751,2021,2.1679107661072443,3555.4709045085415,4.0,0.05157093337018592,0.025539979738523177,43991.0,0.06120036667149131,-0.00962943330130539,,,True
08056,2022,869,4,28708,2021,3.0270307928103666,3401.7636925795055,4.0,0.04768321004900722,-0.015559316454619054,48586.0,0.06008902077151346,-0.012405810722506239,,,True
08073,2022,1152,4,37034,2021,3.1106550737160448,2371.602422907489,4.0,0.03143978064546116,0.02134958734713588,36173.0,0.041159370232852766,-0.009719589587391608,,,True
08077,2022,417,4,19420,2021,2.1472708547888772,2846.115831987076,4.0,0.04744436625462822,0.01461519734373029,45145.0,0.04444290209143076,0.003001464163197465,,,True
08089,2022,607,4,20359,2021,2.981482391080112,2675.1685116851168,4.0,0.04430453904989773,0.016852260012500286,42878.0,0.05709777624377499,-0.01279323719387726,,,True
08096,2022,782,4,26298,2021,2.9736101604684766,1925.8901336073995,4.0,0.04270006984404362,-0.0017871320858273698,40540.0,0.046220547627035646,-0.0035204777829920264,,,True
08101,2022,3747,4,110488,2021,3.3913185142277893,2249.3235349940687,4.0,0.03793097870141704,0.04554174780750497,34449.0,0.05277794755821774,-0.014846968856800702,,,True
08102,2022,498,4,18257,2021,2.727720874185244,1329.2726102941178,4.0,0.06378503149557035,0.03216730519474398,38404.0,0.049232282388940396,0.014552749106629959,,,True
08113,2022,1030,4,40136,2021,2.5662746661351403,1138.0760661444733,4.0,0.017401993085334633,-0.0509408453843887,35516.0,0.03560285755941095,-0.018200864474076317,,,True
08114,2022,316,4,10685,2021,2.9574169396350025,1775.7742465753424,4.0,0.020921454836198006,-0.07038959809878031,39573.0,0.04436292621133742,-0.02344147137513941,,,True
08121,2022,1659,4,52996,2021,3.1304249377311497,1947.6971756821445,4.0,0.03472089054803318,-0.025950098051761072,36490.0,0.0545328439730659,-0.019811953425032724,,,True
08124,2022,598,4,20857,2021,2.867142925636477,1940.7801307189543,4.0,0.004644525301673141,-0.058947755607584584,37549.0,0.029134462533574546,-0.024489937231901404,,,True
08125,2022,470,4,15304,2021,3.0710925248301097,1890.5585858585855,4.0,0.02398700933814002,-0.013796900673961776,37122.0,0.023575150963685898,0.00041185837445412155,,,True
08163,2022,580,4,16297,2021,3.5589372277106217,1678.211190053286,4.0,0.03885442382819493,0.027950931994551897,31857.0,0.06902684563758399,-0.03017242180938906,,,True
08169,2022,601,4,26518,2021,2.266385096915303,2377.7978768577495,4.0,0.009165962160854413,0.0013098417906858284,38952.0,0.045972073039742156,-0.03680611087888774,,,True
08172,2022,341,4,12313,2021,2.7694306830179487,2350.8512345679014,4.0,0.05555560409164895,0.018049308084838955,40315.0,0.05126600432866568,0.004289599762983265,,,True
08180,2022,458,4,15427,2021,2.9688208984248394,1917.7861736334405,4.0,-0.0011798483142015925,-0.05576260435424052,35934.0,0.03924574138878456,-0.04042558970298615,,,True
08184,2022,961,4,32476,2021,2.9591082645646014,1880.24451303155,4.0,0.020055863326162715,-0.013106624893092444,38512.0,0.02338435374149661,-0.0033284904153338957,,,True
08187,2022,3117,4,92772,2021,3.3598499547277196,1845.3627669902912,4.0,0.02718211491779976,-0.028822073706647355,38208.0,0.048863511584495534,-0.021681396666695774,,,True
08194,2022,595,4,14877,2021,3.9994622571755056,2033.8382875605819,4.0,0.005311753913181283,-0.04504591877703956,33979.0,0.06217567989996864,-0.056863925986787356,,,True
08196,2022,323,4,10536,2021,3.0656795747911922,2145.970123022847,4.0,0.05141233345534846,0.03173174737150908,39548.0,0.045579526226734446,0.005832807228614012,,,True
08200,2022,918,4,33904,2021,2.7076451156205756,2233.176245733788,4.0,0.030275496073868258,0.008509159143412548,38137.0,0.04599561162918264,-0.015720115555314385,,,True
08205,2022,988,4,35770,2021,2.762091137824993,3886.7716386554625,4.0,0.06818693507344231,0.0033662755472809724,70875.0,0.06803797468354422,0.00014896038989808957,,,True
08211,2022,425,4,18719,2021,2.2704204284416902,2617.2021306818187,4.0,0.016837016037955177,-0.017734050931929257,44246.0,0.05254894497704399,-0.03571192893908881,,,True
08217,2022,489,4,13577,2021,3.601679310598807,2756.9648208469057,4.0,-0.00042917776354167714,-0.07687857966981348,46031.0,0.03190010760401729,-0.03232928536755897,,,True
08231,2022,540,4,14150,2021,3.8162544169611308,2004.8452662721893,4.0,0.07582394238458146,-0.0032168947997281983,39275.0,0.049095814301359564,0.02672812808322189,,,True
08245,2022,1402,4,48100,2021,2.914760914760915,1882.9787255393878,4.0,0.05401479869824777,0.03422971479735759,32642.0,0.046385638724154576,0.0076291599740931915,,,True
08252,2022,412,4,13768,2021,2.992446252178966,2044.622239747634,4.0,0.011228350790776442,-0.03908173749873978,41105.0,0.04736788462518482,-0.03613953383440838,,,True
08260,2022,258,4,10045,2021,2.5684420109507218,1909.4925531914894,4.0,0.04389306419236938,0.0016121762642222759,40687.0,0.03846350178662572,0.00542956240574366,,,True
08263,2022,263,4,11530,2021,2.2810060711188203,1991.8986940298507,4.0,0.03584120253595846,0.039146731942889645,39649.0,0.048249788494077794,-0.012408585958119334,,,True
08266,2022,664,4,23858,2021,2.783133540112331,2280.641471962617,4.0,0.024567750175030545,-0.012025403416722202,44326.0,0.03512213348278914,-0.010554383307758597,,,True
08270,2022,576,4,19230,2021,2.995319812792512,3759.0652823920273,4.0,0.058788433192367595,0.04341106734568534,47800.0,0.07006939780613397,-0.011280964613766375,,,True
08279,2022,3540,4,101134,2021,3.50030652401764,1750.976629935721,4.0,0.027227131265166404,-0.01664471024347547,38112.0,0.039720646006110805,-0.0124935147409444,,,True
08298,2022,592,4,19836,2021,2.9844726759427305,1497.3808219178084,4.0,-0.017911430197896205,-0.10868101374378836,40430.0,0.05398993717250189,-0.0719013673703981,,,True
08301,2022,782,4,26586,2021,2.941397728127586,2355.70081154193,4.0,0.020573733425358398,-0.014292750805180887,40369.0,0.03656438567210163,-0.01599065224674323,,,True
08305,2022,590,4,18264,2021,3.2303985983355235,1511.203220338983,4.0,0.01488710560664308,-0.06017902993749624,37018.0,0.028334907494860895,-0.013447801888217814,,,True
08307,2022,1040,4,33155,2021,3.1367817825365707,1915.0818181818183,4.0,0.04074261647663269,0.012770463858033265,39345.0,0.06435643564356441,-0.023613819166931727,,,True
09018,2022,559,4,19708,2021,2.836411609498681,1109.9402366863906,4.0,0.04962695922686433,0.03532470664017584,33403.0,0.043126600462182196,0.006500358764682135,,,True
09059,2022,2733,4,93766,2021,2.9147025574301986,1428.2186393805312,4.0,0.031197859486300716,-0.012994386361193877,36832.0,0.04272004076663927,-0.01152218128033855,,,True
09219,2022,612,4,21007,2021,2.913314609415909,1036.6150485436895,4.0,0.09907633789578574,0.07412214186709232,33317.0,0.049189104078097845,0.04988723381768789,,,True
10037,2022,1953,4,53756,2021,3.633082818662103,1154.9975836431227,4.0,0.01588211876722867,-0.015554935575144091,33651.0,0.03877141534187367,-0.022889296574645,,,True
10148,2022,453,4,22443,2021,2.018446731720358,911.2414565826331,4.0,0.020365409429312198,-0.003630287657329756,29773.0,0.04269104153533654,-0.02232563210602434,,,True
11004,2022,1837,4,55815,2021,3.29122995610499,1117.7445762711864,4.0,0.01603879462110136,-0.06435008623000193,31919.0,0.04079170470849092,-0.024752910087389557,,,True
11006,2022,382,4,15460,2021,2.4708926261319535,906.2912676056338,4.0,0.04836359602304818,0.050665577615744306,25239.0,0.058638479929533194,-0.01027488390648501,,,True
11012,2022,1342,4,56479,2021,2.376104392783158,2258.1960601719197,4.0,0.08907727810210009,0.07228485047446997,35110.0,0.04484718626313122,0.044230091838968866,,,True
11015,2022,1748,4,49229,2021,3.5507526051717484,1514.2791666666667,4.0,0.05015089115803817,-0.020934392936263535,29215.0,0.0557603353570395,-0.005609444199001334,,,True
11020,2022,3029,4,92974,2021,3.257900058080754,1102.0873283395756,4.0,0.04816431937622112,-0.018094527269205907,30213.0,0.06006806778709528,-0.01190374841087416,,,True
11022,2022,897,4,30028,2021,2.9872119355268416,1144.9606093579978,4.0,0.016584252436012026,0.014795389306651252,28327.0,0.058438889511639225,-0.0418546370756272,,,True
11027,2022,1410,4,49077,2021,2.873036249159484,1682.4959791511542,4.0,0.05905750736995374,-0.06354792318980684,33412.0,0.06289168124701772,-0.0038341738770639733,,,True
11028,2022,448,4,18626,2021,2.405239987114786,1264.4837953091685,4.0,0.0873428763000399,0.04698365921896763,31516.0,0.046243734023835525,0.04109914227620437,,,True
11030,2022,781,4,26868,2021,2.9068036325740656,1945.2199661590525,4.0,0.059741866961774415,-0.062024635627557556,30521.0,0.04962514615860791,0.010116720803166501,,,True
11031,2022,1148,4,39564,2021,2.9016277423920736,1305.6320843091337,4.0,0.06908747670474336,0.017831373239450166,32124.0,0.04716888874401026,0.021918587960733094,,,True
11032,2022,881,4,34536,2021,2.5509613157285154,1357.938320775027,4.0,0.051982471256724505,-0.014908444353352479,25795.0,0.07028753993610226,-0.018305068679377756,,,True
11033,2022,972,4,19625,2021,4.952866242038216,1588.1862573099413,4.0,0.030401110703004663,-0.027166125132928265,34526.0,0.09190385831752046,-0.061502747614515796,,,True
12009,2022,438,4,15657,2021,2.797470779842882,798.9046004842614,4.0,-0.011140811656867755,-0.011578060946661028,31408.0,0.04265843375493805,-0.05379924541180581,,,True
12027,2022,480,4,17897,2021,2.682013745320445,923.2214285714288,4.0,0.019812514223652933,-0.00416707785208037,30187.0,0.057338003502626966,-0.037525489278974034,,,True
12032,2022,663,4,20301,2021,3.2658489729569973,782.0290513833992,4.0,0.03211766254715864,0.004192907511219479,32060.0,0.046412951237025935,-0.014295288689867292,,,True
12040,2022,2505,4,91229,2021,2.745837398195749,1014.4263133208254,4.0,0.022870471696016637,-0.047912111767406396,34612.0,0.041871105625959526,-0.01900063392994289,,,True
12084,2022,411,4,14658,2021,2.8039295947605405,723.6644501278773,4.0,-0.015342996350150684,-0.050638720195572584,33655.0,0.04664904369460432,-0.061992040044755004,,,True
12126,2022,332,4,15906,2021,2.0872626681755313,716.0989583333334,4.0,0.018815400368818125,-0.016358108579175745,31798.0,0.05368148982702636,-0.03486608945820824,,,True
12135,2022,650,4,25363,2021,2.5627883136852896,803.5021276595745,4.0,0.025490533545127425,-0.03175404364131973,35346.0,0.055041490060294906,-0.02955095651516748,,,True
12138,2022,679,4,20887,2021,3.2508258725523054,1130.174358974359,4.0,0.06543561038897128,0.011332841676051864,29947.0,0.04735424754310502,0.018081362845866256,,,True
13005,2022,467,4,17129,2021,2.7263704828069355,746.6194915254237,4.0,0.03953902826713818,0.03129457980345629,33189.0,0.04407323518308792,-0.0045342069159497456,,,True
13034,2022,1156,4,41592,2021,2.779380650125024,1046.0841095890412,4.0,0.045487496638680014,0.03582553589470372,36633.0,0.03902771080920098,0.006459785829479037,,,True
13071,2022,584,4,26589,2021,2.196397006280793,572.82,4.0,-0.00899844669448091,-0.03364834854414378,30028.0,0.04846368715083793,-0.05746213384531884,,,True
13082,2022,514,4,19217,2021,2.6747150960087422,611.7264317180617,4.0,-0.020668010430148875,-0.00444325552509528,27131.0,0.057573867622982666,-0.07824187805313154,,,True
13087,2022,478,4,17368,2021,2.7521879318286504,741.3630985915494,4.0,0.00045113769564975037,-0.024389375368650157,29393.0,0.0508383683100353,-0.05038723061438555,,,True
14021,2022,4745,4,155400,2021,3.0534105534105533,1363.855099366674,4.0,0.0382759048885577,0.026836550993339037,33799.0,0.044242592764235145,-0.0059666878756774455,,,True
14038,2022,624,4,21141,2021,2.9516106144458636,838.351971326165,4.0,0.01086486481347082,-0.03997252014531938,27187.0,0.04176725294095096,-0.03090238812748014,,,True
14056,2022,331,4,14955,2021,2.2133065864259445,818.1345394736843,4.0,-0.034283925214145805,-0.06023480945262394,26519.0,0.041185708676874766,-0.07546963389102057,,,True
15002,2022,352,4,16701,2021,2.1076582240584396,1140.5970674486803,4.0,0.025811482510449624,-0.03976359418330189,35912.0,0.057012509197939654,-0.03120102668749003,,,True
15005,2022,296,4,17841,2021,1.6590998262429235,1067.681233933162,4.0,0.049414426810480805,0.0215502638633589,32650.0,0.07014093739757454,-0.02072651058709374,,,True
15019,2022,261,4,19427,2021,1.34349101765584,768.3315789473684,4.0,0.02448763804707088,0.05918503336175984,30610.0,0.044923875196285934,-0.020436237149215053,,,True
15030,2022,2652,4,136205,2021,1.9470650857163834,1861.983237939493,4.0,0.016157518331722853,-0.032945948498537714,37649.0,0.07774883348123551,-0.06159131514951266,,,True
15031,2022,263,4,15752,2021,1.669629253428136,1332.3156976744187,4.0,0.04796110429680889,0.0242507602810611,34473.0,0.05245000763242258,-0.004488903335613692,,,True
15036,2022,948,4,42672,2021,2.2215973003374576,770.6311377245509,4.0,-0.024241487271922768,-0.09468488037741274,30784.0,0.046683213763557774,-0.07092470103548054,,,True
15054,2022,429,4,21735,2021,1.9737750172532782,861.371017699115,4.0,-0.009601652026930863,-0.0901903855914239,30967.0,0.04837836007854279,-0.057980012105473655,,,True
15058,2022,443,4,19268,2021,2.2991488478306,1533.8194495412843,4.0,0.06702729649747896,0.04464040039986639,48638.0,0.11734436021134842,-0.05031706371386946,,,True
15073,2022,334,4,17097,2021,1.9535591039363631,992.9027397260273,4.0,-0.006131525922854042,-0.07937459160723681,32718.0,0.0553172273650937,-0.061448753287947744,,,True
15078,2022,949,4,56746,2021,1.672364571952208,1719.50980861244,4.0,0.006484828766275985,-0.013000898038616038,39198.0,0.04863563402889248,-0.0421508052626165,,,True
16078,2022,666,4,31611,2021,2.1068615355414253,1183.176811594203,4.0,0.019102338197834134,-0.030957708867523026,34584.0,0.028459273797841078,-0.009356935600006944,,,True
17023,2022,804,4,25589,2021,3.1419750674117783,1610.4622524752476,4.0,0.027266845746619417,-0.02838174477778832,32435.0,0.05076454580795642,-0.023497700061337,,,True
17066,2022,498,4,21062,2021,2.36444782071978,1142.926728110599,4.0,-0.01383275954388763,-0.02332387057441676,32086.0,0.05706002503788632,-0.07089278458177395,,,True
17079,2022,1302,4,50333,2021,2.5867720978284625,1848.6705525606467,4.0,0.029549832743693605,-0.03791400064419603,41955.0,0.04210134128166909,-0.012551508537975486,,,True
17095,2022,1012,4,25496,2021,3.9692500784436775,1818.464294187426,4.0,0.016543419614618138,-0.037650616449955265,29313.0,0.06837482232022452,-0.05183140270560638,,,True
17114,2022,427,4,16713,2021,2.5548973852689523,1344.3984716157206,4.0,0.07226672451439176,0.0004219104325613454,38349.0,0.03811483175875052,0.03415189275564123,,,True
17155,2022,471,4,11642,2021,4.045696615701769,1123.3641838351823,4.0,0.05656536661631395,0.0002855153129783794,33323.0,0.05669890597748539,-0.00013353936117144194,,,True
18017,2022,1000,4,29769,2021,3.3591991669186068,1877.6529182879378,4.0,0.06391272237244694,-0.008089246506631786,25347.0,0.054543185222166723,0.009369537150280216,,,True
18087,2022,4057,4,141257,2021,2.8720700567051543,1747.1306810740011,4.0,0.05374612920146804,0.031607857820713736,34339.0,0.04743167398731085,0.006314455214157189,,,True
18140,2022,1222,4,32841,2021,3.7209585579001856,1116.3428571428572,4.0,0.044728496938962525,-0.01978677862419964,29045.0,0.05155497628615913,-0.006826479347196601,,,True
19046,2022,391,4,14220,2021,2.749648382559775,1399.363654618474,4.0,0.04608496346236257,0.024178707965499813,36698.0,0.05843331795108453,-0.012348354488721958,,,True
19130,2022,1157,4,41937,2021,2.7589002551446216,1313.1781714285714,4.0,0.059472114815812605,0.031708613452514856,37859.0,0.04782596662146088,0.011646148194351724,,,True
20030,2022,261,4,13535,2021,1.9283339490210565,1706.905113636364,4.0,0.04924197683834719,0.010265481130259602,39666.0,0.07167751870964256,-0.022435541871295372,,,True
20045,2022,856,4,28045,2021,3.052237475485826,2252.9991891891896,4.0,0.0421044851851331,-0.008237293631170095,38450.0,0.08380077233136962,-0.04169628714623652,,,True
20067,2022,406,4,17999,2021,2.255680871159509,2354.6390438247013,4.0,0.05007370223657204,-0.0030088862750350387,35711.0,0.07336940186354068,-0.023295699626968647,,,True
20069,2022,2166,4,94733,2021,2.2864260606124582,4170.395785440613,4.0,0.04784072331625899,-0.011559239427912704,48821.0,0.09194811004249615,-0.04410738672623715,,,True
21041,2022,2073,4,68714,2021,3.0168524609249934,1124.88579682234,4.0,0.028912651594985572,-0.017478546111595383,31593.0,0.04488027516867321,-0.01596762357368764,,,True
21044,2022,617,4,21967,2021,2.808758592434106,1412.3681881051175,4.0,0.03237267287589951,-0.06234947348092912,27532.0,0.04704316409963871,-0.014670491223739202,,,True
22125,2022,621,4,29309,2021,2.1188030980244976,1342.8043307086614,4.0,0.0675770576940935,-0.027234844892636723,35471.0,0.0369211880261926,0.030655869667900904,,,True
23005,2022,458,4,20048,2021,2.2845171588188347,752.4874186550975,4.0,0.006987686710608232,-0.003240459344803437,26140.0,0.03393718851356686,-0.02694950180295863,,,True
23050,2022,1708,4,58293,2021,2.930025903624792,1152.6035510462902,4.0,0.03270016763168315,0.019846516417587612,35128.0,0.032417340191035926,0.0002828274406472264,,,True
23055,2022,683,4,29385,2021,2.3243151267653563,749.0293222683264,4.0,-0.000578053888892538,-0.008944970902535432,29955.0,0.03550193584070804,-0.03607998972960058,,,True
23092,2022,481,4,18318,2021,2.625832514466645,855.989756097561,4.0,-0.014282800171639742,-0.01741119427281057,30707.0,0.02767737617135202,-0.04196017634299176,,,True
24089,2022,1894,4,79199,2021,2.391444336418389,1242.0255177514794,4.0,0.040790437730486406,0.01254457274877363,34279.0,0.04902530832083718,-0.008234870590350774,,,True
24115,2022,814,4,42549,2021,1.9130884392112624,794.9280674846625,4.0,-0.0017100164978119947,-0.01723366285973682,30787.0,0.044087224878760045,-0.04579724137657204,,,True
24142,2022,309,4,17161,2021,1.8005943709574035,912.072049689441,4.0,0.019118453612575914,0.00878745746217735,30935.0,0.0436909581646423,-0.024572504552066388,,,True
25120,2022,2037,4,68299,2021,2.9824741211437944,1018.2436742607854,4.0,0.0476549821274066,-0.018669135444133733,36521.0,0.03335974195008773,0.014295240177318869,,,True
26089,2022,2112,4,78908,2021,2.6765346986363867,1349.0437818181817,4.0,0.04549320256652689,0.025336464476563236,35779.0,0.04681237016881701,-0.0013191676022901166,,,True
27028,2022,1120,4,62648,2021,1.787766568765164,1048.999582898853,4.0,0.03774450858945855,0.00342212539575959,33085.0,0.04481146971515182,-0.007066961125693272,,,True
28005,2022,2150,4,79588,2021,2.701412273207016,1834.6153644696637,4.0,0.07214367191534032,0.03440050819234752,39439.0,0.052071384746712246,0.020072287168628078,,,True
28006,2022,1081,4,42744,2021,2.5290099195208686,3335.2124522536283,4.0,0.09685149702873153,0.0682412962373915,62298.0,0.07480763258686718,0.022043864441864347,,,True
28007,2022,1600,4,70601,2021,2.2662568518859505,2298.4774710104916,4.0,0.06743718821203104,0.04280018477887082,39129.0,0.062220050492711065,0.005217137719319975,,,True
28013,2022,1505,4,25682,2021,5.860135503465462,1471.4686357243318,4.0,0.04219051372611182,0.017986857623532027,38060.0,0.06025573167674181,-0.018065217950629986,,,True
28014,2022,725,4,21573,2021,3.3606823343994807,1685.792042440318,4.0,0.0711213059032394,0.05556572669159343,37574.0,0.07769969883837669,-0.006578392935137289,,,True
28022,2022,841,4,19874,2021,4.231659454563752,3070.6201665124886,4.0,0.05266323295366293,-0.005662008809696806,82812.0,0.07989828519267128,-0.02723505223900835,,,True
28045,2022,722,4,20461,2021,3.528664288157959,2063.158118556701,4.0,0.059408336373261594,0.009905487959849912,48379.0,0.04941324483199927,0.009995091541262324,,,True
28047,2022,995,4,27922,2021,3.5634983167394885,1897.5804721030045,4.0,0.06154210524472181,0.01615290340207154,38711.0,0.06051723193249692,0.0010248733122248943,,,True
28049,2022,791,4,31337,2021,2.524172703194307,2088.18,4.0,0.06950158195829026,0.04687664530685298,39677.0,0.04965608465608473,0.019845497302205528,,,True
28058,2022,1455,4,70944,2021,2.050913396481732,1872.9090957446808,4.0,0.077274338807507,0.05185333039860751,35891.0,0.055121119473189095,0.02215321933431791,,,True
28061,2022,433,4,15295,2021,2.830990519777705,1867.5582258064517,4.0,0.08002438103784426,0.036555176318015414,46423.0,0.06712180769142351,0.012902573346420754,,,True
28065,2022,2112,4,79835,2021,2.645456253522891,2112.5996995493238,4.0,0.08226502890774601,0.03866867519737949,39455.0,0.06744764893674593,0.014817379971000078,,,True
28074,2022,1615,4,77962,2021,2.0715220235499348,2061.26077510276,4.0,0.06591289304152492,0.04612909761771267,36260.0,0.05606523955147802,0.009847653490046904,,,True
28079,2022,48025,4,1533221,2021,3.1322946920241765,3592.7931377148466,4.0,0.08525664009792133,0.047099878563357844,46651.0,0.061383750824744565,0.023872889273176767,,,True
28080,2022,774,4,25577,2021,3.0261563123118425,3509.381081081081,4.0,0.05655525434162101,-0.0015575579834652409,70529.0,0.062343726464829,-0.005788472123207988,,,True
28092,2022,1704,4,82103,2021,2.0754418230758924,1917.4787077826725,4.0,0.07931212171699165,0.0395607329402321,36297.0,0.05120333632598695,0.028108785391004698,,,True
28096,2022,374,4,12156,2021,3.0766699572227707,1685.8184761904763,4.0,0.10246056899317146,0.046670305958925296,40466.0,0.062294909825952205,0.04016565916721926,,,True
28106,2022,1441,4,47256,2021,3.049348230912477,1491.4205771643663,4.0,0.06896476746751912,0.04399916450271646,32919.0,0.06324085139368885,0.005723916073830271,,,True
28113,2022,495,4,21507,2021,2.3015762309945598,2030.485289256198,4.0,0.05438891927752021,-0.002879528303385559,40277.0,0.0590570850095975,-0.00466816573207729,,,True
28115,2022,865,4,32327,2021,2.6757818541776226,3592.186420722135,4.0,0.040220924274639636,-0.015539420367332468,92596.0,0.07167575199935183,-0.0314548277247122,,,True
28123,2022,1529,4,35980,2021,4.2495831017231795,2314.549754901961,4.0,0.09579868207831455,0.05947589712777823,50907.0,0.054542818080125954,0.04125586399818859,,,True
28127,2022,1546,4,35404,2021,4.366738221669868,3155.812647554806,4.0,0.06781269476369212,0.02236612843011998,69701.0,0.06530843064131564,0.002504264122376476,,,True
28130,2022,297,4,15621,2021,1.9012867294027271,2055.1697916666667,4.0,0.0750749966525015,0.06654234868917519,38015.0,0.04851610767872905,0.026558888973772454,,,True
28134,2022,1076,4,36032,2021,2.986234458259325,2820.5671849427167,4.0,0.10177141090085895,0.052994257300091885,48982.0,0.07306066116064591,0.028710749740213037,,,True
28148,2022,1391,4,50494,2021,2.7547827464649264,1940.4301441677587,4.0,0.061090936501987825,0.019812630283702948,38759.0,0.06724123688630668,-0.006150300384318852,,,True
28161,2022,1386,4,28896,2021,4.796511627906977,1791.9179582712368,4.0,0.06796034933972428,0.03858083230634035,42398.0,0.06551732803900379,0.0024430213007204937,,,True
28181,2022,254,4,11252,2021,2.2573764664059723,2377.711970074813,4.0,0.06560852468624478,0.04167911169832239,62630.0,0.06535347349799281,0.0002550511882519757,,,True
28903,2022,692,4,18542,2021,3.732067738108079,3002.2845777233783,4.0,0.07541010924465552,0.03967164618701502,63353.0,0.06836540245198064,0.007044706792674882,,,True
29007,2022,839,4,17000,2021,4.935294117647059,1818.723985680191,4.0,0.09848827024225426,0.07808837568908311,39253.0,0.07360100650949075,0.02488726373276351,,,True
29015,2022,524,4,20944,2021,2.5019098548510312,1094.0251533742332,4.0,0.049613158074750086,0.03393355892821459,30568.0,0.05399627611888835,-0.004383118044138268,,,True
29025,2022,2739,4,48663,2021,5.628506257320757,2331.1393356643357,4.0,0.08134392863087858,0.023435691562271987,30262.0,0.09458530762831407,-0.013241378997435493,,,True
29051,2022,3740,4,50366,2021,7.425644283842274,2087.969367816092,4.0,0.1385899012368681,0.09463341716524187,30341.0,0.08940433018563065,0.04918557105123744,,,True
29054,2022,2431,4,48887,2021,4.9726921267412605,2365.97783171521,4.0,0.10209263609358232,0.061072400929599535,27194.0,0.0767768758661651,0.025315760227417217,,,True
29067,2022,8345,4,261857,2021,3.1868538935373123,2024.4718028940163,4.0,0.06871949561492263,-0.009009852475587055,33786.0,0.06877135265089196,-5.1857035969327114e-05,,,True
29069,2022,5514,4,100282,2021,5.498494246225643,2820.8230022646394,4.0,0.08788484018880083,0.0535764610166134,33447.0,0.11702234245065624,-0.029137502261855408,,,True
29070,2022,4162,4,62030,2021,6.709656617765598,2084.5363921217545,4.0,0.11769230137052356,0.062198675019887295,27764.0,0.08665362035225055,0.031038681018273007,,,True
29082,2022,960,4,27620,2021,3.4757422157856626,2180.136170212766,4.0,0.1373895412152959,0.10375686669378092,35496.0,0.032911392405063244,0.10447814881023265,,,True
29084,2022,477,4,19462,2021,2.4509300174699415,1202.8669216061187,4.0,0.07112828952563,0.046176528548470985,30008.0,0.058371248192431224,0.012757041333198771,,,True
29094,2022,1860,4,50454,2021,3.6865263408253064,1580.306389530408,4.0,0.05862017133609454,0.0069249395779587,28854.0,0.0516839189386209,0.006936252397473641,,,True
29901,2022,1883,4,42938,2021,4.385392892076948,2287.6561351947093,4.0,0.08819649128392615,0.030827628774029447,30002.0,0.08663527707352414,0.0015612142104020066,,,True
30003,2022,831,4,26137,2021,3.179400849370624,980.9406125166445,4.0,0.02855928884291159,-0.011008511449656977,28446.0,0.03847838785046731,-0.00991909900755572,,,True
30005,2022,500,4,18107,2021,2.7613630087811343,752.2998084291188,4.0,-0.0035739432532740922,-0.05627307926469627,30763.0,0.046609737012213825,-0.05018368026548792,,,True
30015,2022,286,4,14630,2021,1.9548872180451127,728.84012345679,4.0,-0.010606142813797792,-0.06431593103360855,29724.0,0.03897374951938204,-0.04957989233317983,,,True
30016,2022,3561,4,125253,2021,2.8430456755526814,1072.4042220936958,4.0,-0.01680595179868949,-0.13618105346540876,34201.0,0.051464936821717266,-0.06827088862040676,,,True
30019,2022,331,4,16704,2021,1.9815613026819923,838.3335877862595,4.0,0.05077021069107435,0.01034667483071594,30539.0,0.03736539963993346,0.013404811051140886,,,True
30022,2022,361,4,13679,2021,2.639081804225455,625.867791411043,4.0,-0.03076707271261825,-0.06859737773430241,28542.0,0.030025261638397582,-0.06079233435101583,,,True
30024,2022,933,4,42431,2021,2.198864038085362,875.7147169811321,4.0,0.013676274276497313,-0.010020972600380817,32974.0,0.044770444535978005,-0.03109417025948069,,,True
30026,2022,1243,4,31537,2021,3.9414021625392395,1196.4924148606813,4.0,0.09492036152338179,0.02799465256393474,25171.0,0.03840759075907596,0.05651277076430583,,,True
30027,2022,1072,4,32908,2021,3.2575665491673758,917.2144654088049,4.0,0.005295385426761667,-0.03966208204417909,37731.0,0.062246621621621534,-0.05695123619485987,,,True
30030,2022,6668,4,219740,2021,3.0344953126422136,1182.7454135119394,4.0,0.0673966497192291,-0.0019532402813451366,36450.0,0.05061393900962696,0.016782710709602133,,,True
30035,2022,1702,4,41372,2021,4.113893454510297,1284.0440598690366,4.0,0.025142317340147713,-0.053485693229961884,30980.0,0.040155788342734366,-0.015013471002586654,,,True
30037,2022,1405,4,21899,2021,6.415818073884652,852.2323960880195,4.0,-0.027174565705302633,-0.08350250369454737,30099.0,0.037288486059895876,-0.06446305176519851,,,True
30039,2022,314,4,15390,2021,2.040285899935023,815.5574285714285,4.0,0.04329692604982971,0.028856412118301256,31038.0,0.04586043063651979,-0.0025635045866900796,,,True
30043,2022,437,4,19242,2021,2.2710736929633093,650.8031042128604,4.0,-0.06701851014281324,-0.0938908612030741,29462.0,0.043715459827122105,-0.11073396996993534,,,True
31201,2022,2623,4,94761,2021,2.7680163780458207,2143.3988061797754,4.0,0.12948217742211776,0.10324749392357724,41184.0,0.06561788449596362,0.06386429292615414,,,True
31232,2022,484,4,17007,2021,2.8458869877109425,1116.3602666666668,4.0,0.07246114766223677,0.04078798107077586,37966.0,0.06091767730397368,0.011543470358263086,,,True
32054,2022,1012,4,67492,2021,1.499436970307592,1215.591627021884,4.0,0.04766350091478411,0.05440123956551235,32271.0,0.0470458453651732,0.0006176555496109071,,,True
33004,2022,857,4,42296,2021,2.026196330622281,1103.841977077364,4.0,8.767566774592339e-05,-0.05975100046722637,32610.0,0.0483845040990194,-0.048296828431273475,,,True
33024,2022,3562,4,148955,2021,2.3913262394682957,1569.1009689922482,4.0,0.049793972907716144,0.005589864988716942,33731.0,0.052449297971918885,-0.0026553250642027404,,,True
33031,2022,567,4,25962,2021,2.183961174023573,797.0380952380953,4.0,-0.00357358151476439,-0.02059778546383284,29249.0,0.04427148416580384,-0.04784506568056823,,,True
33037,2022,453,4,25878,2021,1.750521678645954,766.8515037593985,4.0,-0.03550758313218405,-0.08164399212779072,30973.0,0.04082935681161359,-0.07633693994379764,,,True
33044,2022,3094,4,127210,2021,2.432198726515211,1391.929777404452,4.0,0.012128897304782615,-0.049946022630645626,36134.0,0.05104860525320687,-0.038919707948424254,,,True
33066,2022,754,4,29569,2021,2.549967871757584,1116.2956343792632,4.0,0.0006662436768729574,-0.09204007689361537,35595.0,0.057046979865771785,-0.05638073618889883,,,True
34120,2022,989,4,44610,2021,2.216991705895539,1152.5614583333333,4.0,0.020118731134294965,-0.003235263060108018,33265.0,0.038492757242757136,-0.01837402610846217,,,True
35002,2022,304,4,14365,2021,2.116254785938044,1297.6088888888892,4.0,0.008844982655115796,-0.03818799289184116,33478.0,0.0833603003041874,-0.0745153176490716,,,True
35004,2022,722,4,25339,2021,2.849362642566794,1270.2866235167205,4.0,0.008746020738181981,0.0036027388475694533,31739.0,0.11552790664979606,-0.10678188591161408,,,True
35006,2022,343,4,17003,2021,2.0172910662824206,1191.2578093306288,4.0,0.03249337687261922,-0.01422428843814183,35010.0,0.05617231808857248,-0.023678941215953264,,,True
35011,2022,274,4,13881,2021,1.9739211872343492,1076.2547872340426,4.0,0.06454381041867974,0.048657524176145994,32659.0,0.08081543502002186,-0.016271624601342127,,,True
35014,2022,1320,4,16893,2021,7.813887408985971,2251.6291598023067,4.0,0.1473210439921646,0.11212876933284166,28467.0,0.122294500295683,0.025026543696481607,,,True
35016,2022,4276,4,175181,2021,2.440903979312825,1693.1803170096996,4.0,0.0377249600868399,-0.023422005185015804,36484.0,0.06401469859138498,-0.02628973850454508,,,True
35017,2022,552,4,18683,2021,2.9545576192260343,1185.1681047765794,4.0,0.04388109821075048,0.06344021705246716,34294.0,0.09074138863267711,-0.04686029042192663,,,True
35019,2022,1758,4,32766,2021,5.365317707379601,2418.3252238805967,4.0,0.11140893690654363,0.04453269238363333,30550.0,0.11541129650589643,-0.0040023595993528005,,,True
35022,2022,686,4,30372,2021,2.2586592914526538,1151.7067121729237,4.0,0.05595662088245046,0.028712259734589463,30208.0,0.11018008085262765,-0.05422345997017719,,,True
35026,2022,791,4,46739,2021,1.6923768159353003,1258.1551565377533,4.0,0.00812569378658834,-0.061303768568921946,32297.0,0.06812845189668293,-0.06000275811009459,,,True
36008,2022,198,4,15731,2021,1.2586612421333672,1358.7272463768113,4.0,0.08039350334788575,0.06957810409220877,33387.0,0.06889707059388517,0.011496432754000585,,,True
36026,2022,148,4,12577,2021,1.1767512125308102,932.5398907103825,4.0,-0.004754624117204065,-0.055807092471648945,30719.0,0.06191233407079655,-0.06666695818800061,,,True
36038,2022,828,4,42646,2021,1.9415654457627913,1337.9225531914892,4.0,0.08094545860626368,0.029785566503244043,34511.0,0.04836112883137389,0.032584329774889786,,,True
36045,2022,157,4,14215,2021,1.1044671122054168,1030.385294117647,4.0,0.006971410656646526,-0.03179621529536125,35187.0,0.0453654188948307,-0.038394008238184174,,,True
36057,2022,2526,4,144293,2021,1.7506046724373323,1655.656647398844,4.0,0.054033464525398145,0.00859128205433679,36625.0,0.05045029541673829,0.003583169108659856,,,True
36060,2022,364,4,21149,2021,1.721121566031491,1023.2689567430024,4.0,0.041458528639644054,0.005861852701453563,30581.0,0.04984723128154078,-0.008388702641896728,,,True
37274,2022,2111,4,92553,2021,2.2808552937235964,1611.3675730795378,4.0,0.046765355094488203,0.046734074837955664,31674.0,0.035030390170577075,0.011734964923911129,,,True
38001,2022,1833,4,26798,2021,6.840062691245615,2309.987,4.0,0.09091059002793034,0.08341906287788792,28513.0,0.13281684545093375,-0.04190625542300341,,,True
38006,2022,2455,4,53746,2021,4.5677817884121605,1907.7886264216972,4.0,0.07777611303232468,0.08090611299678752,26310.0,0.13674659753726504,-0.05897048450494036,,,True
38011,2022,263,4,14205,2021,1.8514607532558958,1839.9852130325814,4.0,0.00794706746340168,-0.029498425797668926,35352.0,0.06219578150351546,-0.05424871404011378,,,True
38017,2022,715,4,24284,2021,2.9443254817987152,1507.0089901477834,4.0,0.08165014763245626,0.012601046925442949,29976.0,0.12683256897977602,-0.04518242134731976,,,True
38023,2022,1374,4,74096,2021,1.8543511120708271,1257.11756126021,4.0,0.01999886151136554,-0.027085552527704948,34087.0,0.061867231550418955,-0.041868370039053415,,,True
38026,2022,333,4,17819,2021,1.8687917391548348,1164.0657303370785,4.0,0.07257507632643367,0.09112322163328723,32261.0,0.08502337470151011,-0.012448298375076439,,,True
38028,2022,700,4,20779,2021,3.3687857933490544,1783.5940809968845,4.0,0.021350910785661537,-0.0021176881819315874,29512.0,0.08703819661865997,-0.06568728583299843,,,True
38031,2022,559,4,17417,2021,3.2095079520009184,1107.819814241486,4.0,0.020015392690967193,-0.013277066199274268,29838.0,0.07749530550339445,-0.05747991281242726,,,True
38038,2022,1915,4,97227,2021,1.9696174930831971,1535.9122610141314,4.0,0.06462453409305846,0.003107486131307402,36062.0,0.07368922499776698,-0.009064690904708517,,,True
39016,2022,341,4,13768,2021,2.476757699012202,1376.3023809523809,4.0,0.059577860292518325,0.03134130105469635,36246.0,0.058122901766165525,0.0014549585263528009,,,True
39020,2022,714,4,24994,2021,2.856685604545091,2002.9436974789917,4.0,0.05132877376631262,-0.009226590056525596,33993.0,0.05742370983295486,-0.0060949360666422425,,,True
39075,2022,2571,4,93407,2021,2.752470371599559,1828.1198769522007,4.0,0.03700712414162877,-0.010210760798581742,36722.0,0.048750535484792135,-0.011743411343163368,,,True
39087,2022,618,4,26596,2021,2.3236576928861483,1010.8122905027932,4.0,-0.0013837933062917918,-0.03180770229458252,30532.0,0.05003955015992023,-0.051423343466212024,,,True
40194,2022,707,4,29036,2021,2.4349083895853423,1440.4749042145595,4.0,0.0481391489453733,0.021539501164288488,35508.0,0.03606442577030822,0.012074723175065083,,,True
41004,2022,1014,4,32822,2021,3.0893912619584425,1169.9245614035087,4.0,0.05405909042145396,0.03124773456317098,31747.0,0.06145307432545377,-0.007393983903999812,,,True
41021,2022,678,4,13079,2021,5.183882559828733,1122.8370111731845,4.0,0.005094962986535334,-0.06780706914833035,27784.0,0.051707169354228144,-0.04661220636769281,,,True
41024,2022,367,4,15565,2021,2.3578541599743015,1091.65710723192,4.0,-0.0010588018689431378,-0.014062384989904086,28661.0,0.047666045253500045,-0.04872484712244318,,,True
41034,2022,362,4,13904,2021,2.603567318757192,1042.3509846827133,4.0,0.054829302009855585,0.02223873208628846,26476.0,0.04602741890877482,0.008801883101080765,,,True
41038,2022,1932,4,56736,2021,3.4052453468697124,1375.836937799043,4.0,0.03135282227569092,-0.015949616663999633,35004.0,0.0651492560021909,-0.033796433726499986,,,True
41039,2022,465,4,18684,2021,2.4887604367373153,949.1962666666666,4.0,0.03379823051068809,0.01914288297424216,27277.0,0.04289810743643674,-0.009099876925748651,,,True
41053,2022,284,4,12629,2021,2.248792461794283,845.2889298892989,4.0,-0.016240068039145017,-0.08395152791368643,26648.0,0.03805850960227497,-0.05429857764141999,,,True
41059,2022,733,4,19554,2021,3.748593638130306,1653.2004587155964,4.0,0.030007051992287037,-0.053853220972109206,40651.0,0.060387103505842976,-0.03038005151355594,,,True
41065,2022,235,4,13352,2021,1.7600359496704614,904.6153543307087,4.0,0.003945654785959318,-0.004222484328941789,27060.0,0.03160382753230917,-0.02765817274634985,,,True
41069,2022,282,4,16512,2021,1.7078488372093024,990.4246794871794,4.0,0.02136342271020908,0.027879005340399443,26166.0,0.03722202402188124,-0.01585860131167216,,,True
41081,2022,566,4,16016,2021,3.533966033966034,1155.6368,4.0,0.049625771188051004,0.01673023515691363,30382.0,0.05471082413386097,-0.005085052945809965,,,True
41091,2022,9977,4,327393,2021,3.0474078553909214,1943.873165554882,4.0,0.02834882458005339,-0.01986332556181436,35488.0,0.057985272635125096,-0.029636448055071707,,,True
41095,2022,729,4,23030,2021,3.1654363873208857,1053.7396449704142,4.0,0.0612131119766155,0.02768756792904381,28378.0,0.05361253434320923,0.007600577633406269,,,True
42173,2022,710,4,25244,2021,2.8125495167168437,1098.6493506493507,4.0,0.01972247224071122,0.0003846922253325502,35722.0,0.016244203578845484,0.0034782686618657355,,,True
43038,2022,1075,4,31733,2021,3.387640626477169,1804.7159229208926,4.0,0.03561353238249998,-0.04675827604964855,37892.0,0.10543205554583124,-0.06981852316333126,,,True
43123,2022,1588,4,51284,2021,3.0964823336713203,1159.093019566367,4.0,0.02879451340663075,-0.06885517014224263,35267.0,0.051365370856188974,-0.022570857449558224,,,True
43148,2022,2072,4,67200,2021,3.0833333333333335,1359.2309730470536,4.0,0.05853819613186628,-0.02898126600430939,38066.0,0.03642997168372908,0.022108224448137204,,,True
43155,2022,473,4,19654,2021,2.406634781723822,850.8214932126697,4.0,0.06632908819676864,-0.000756083285435416,34690.0,0.035275158171182985,0.031053930025585652,,,True
43163,2022,1008,4,31063,2021,3.245018188842031,1427.1393488372094,4.0,0.04568140015912281,0.0028884787076921548,32637.0,0.04418351676478127,0.001497883394341537,,,True
43905,2022,1255,4,31523,2021,3.981220061542366,1912.0480561555075,4.0,0.07360856628011447,0.02233526510887618,33237.0,0.07185010803315173,0.0017584582469627463,,,True
44216,2022,497,4,21490,2021,2.3127035830618894,1194.624880382775,4.0,0.03936434217063711,0.011244383818402426,37478.0,0.03981355603029724,-0.0004492138596601247,,,True
45081,2022,515,4,12265,2021,4.198940073379536,1288.1965217391307,4.0,0.05109971770626842,0.030725793666722012,36987.0,0.07943966146213333,-0.028339943755864905,,,True
45165,2022,1270,4,43263,2021,2.9355338279823404,762.9109125117592,4.0,-0.02001968189563097,-0.07213216078421858,29096.0,0.05070056333959272,-0.07072024523522369,,,True
45168,2022,1046,4,40498,2021,2.5828435972146773,1413.5726290516207,4.0,0.030870650367726293,0.0036083547852476805,41230.0,0.0548264128738456,-0.023955762506119305,,,True
46005,2022,323,4,13175,2021,2.4516129032258065,943.1091228070177,4.0,0.025543481905416332,-0.021942930216674483,30385.0,0.06285854204561359,-0.037315060140197254,,,True
46017,2022,784,4,24652,2021,3.1802693493428524,763.7752577319588,4.0,0.011550760936629212,-0.06237228005329043,32904.0,0.05708870112763842,-0.04553794019100921,,,True
46021,2022,423,4,14434,2021,2.930580573645559,1043.1669082125604,4.0,0.056778875495689496,-0.018385611829826454,31359.0,0.06355774122435132,-0.00677886572866182,,,True
46029,2022,339,4,14059,2021,2.4112668041823744,672.0578616352202,4.0,-0.02061279267553795,-0.041324778627318315,31366.0,0.06788778428435238,-0.08850057695989033,,,True
46078,2022,547,4,17991,2021,3.0404090934356067,1055.0987096774195,4.0,0.05586480545037209,-0.01117918761161274,30100.0,0.06281557854595521,-0.006950773095583118,,,True
46094,2022,350,4,12401,2021,2.82235303604548,972.5960365853658,4.0,0.040806531695420034,-0.02785840989706201,33666.0,0.06659485489798511,-0.025788323202565078,,,True
46102,2022,452,4,12037,2021,3.7550884771953146,966.7284482758621,4.0,0.06748584979337457,0.03376866302669668,30190.0,0.050050433028416386,0.01743541676495819,,,True
46110,2022,433,4,13504,2021,3.206457345971564,935.6491048593351,4.0,0.02489503291219708,-0.12523907571233917,29728.0,0.058312566749733064,-0.033417533837535984,,,True
46131,2022,1853,4,54541,2021,3.3974441246035094,1024.3302397525135,4.0,0.01255307237965253,-0.0620019707264865,30225.0,0.05287908872400471,-0.04032601634435218,,,True
46145,2022,499,4,16908,2021,2.9512656730541758,775.7033018867924,4.0,0.02603707822703405,-0.008145733379650189,31986.0,0.047347740667976534,-0.021310662440942485,,,True
46159,2022,372,4,14239,2021,2.612543015661212,1015.8479999999998,4.0,0.04473721202502934,-0.03375697300681568,31068.0,0.07009265318775193,-0.025355441162722592,,,True
46169,2022,495,4,20270,2021,2.4420325604341393,1174.1032323232323,4.0,0.04748151777460197,-0.02382860712034951,32190.0,0.06293752476555281,-0.015456006990950844,,,True
46181,2022,896,4,21085,2021,4.249466445340289,1080.9945080091534,4.0,0.06428980666663153,-0.04775204678110723,29390.0,0.039213606308122095,0.025076200358509437,,,True
46184,2022,597,4,19230,2021,3.1045241809672386,661.7596371882087,4.0,-0.011544721555446502,-0.05258939866819068,31543.0,0.04707053941908712,-0.05861526097453362,,,True
46190,2022,968,4,33020,2021,2.931556632344034,1242.586248736097,4.0,0.06557834109382821,0.00010357177614594981,36023.0,0.06934425742868178,-0.0037659163348535696,,,True
46220,2022,1763,4,41287,2021,4.270109235352532,896.1151340996169,4.0,0.056767113243809675,0.036293905268477866,32610.0,0.05657076205287703,0.00019635119093264208,,,True
46235,2022,477,4,25186,2021,1.893909314698642,1041.6143149284253,4.0,0.09966372659481615,0.0716227482305054,31378.0,0.05817286615182282,0.04149086044299333,,,True
46244,2022,1346,4,40564,2021,3.318213193965092,1056.012162162162,4.0,0.04785280297476957,-0.06568915400752018,33314.0,0.05805754938702923,-0.010204746412259658,,,True
46250,2022,12873,4,414988,2021,3.102017407732272,1709.5664808228398,4.0,0.0730299249542401,0.005184756120834466,37596.0,0.06014719566872517,0.012882729285514927,,,True
47186,2022,3842,4,159363,2021,2.410848189353865,1425.0655512504402,4.0,0.026048106342548838,-0.027710954794452958,35425.0,0.0390086522950579,-0.012960545952509062,,,True
48013,2022,1334,4,46654,2021,2.8593475371886656,2230.0970168612193,4.0,0.04777423679884496,0.01001808471125587,35118.0,0.05380345086271565,-0.0060292140638706915,,,True
48015,2022,483,4,19257,2021,2.5081788440567068,2075.669827586207,4.0,0.010743228523716786,-0.03444143926156973,33997.0,0.051171850844103695,-0.04042862232038691,,,True
48020,2022,4190,4,165685,2021,2.528895192684914,2735.761747094047,4.0,0.06511979124262512,0.04455413598850089,40886.0,0.06598878894537874,-0.0008689977027536155,,,True
48027,2022,335,4,13360,2021,2.5074850299401197,2214.2756218905474,4.0,0.04339229568080727,0.04375950260034811,45065.0,0.061476857849487754,-0.018084562168680485,,,True
48036,2022,302,4,13683,2021,2.207118322005408,2230.320765027322,4.0,0.08708733441034622,0.04466007199796529,41951.0,0.055397620065913644,0.031689714344432574,,,True
48044,2022,951,4,34366,2021,2.7672699761392074,3257.5679748822604,4.0,0.053782203980721865,0.020358390561647566,56823.0,0.07684581564584603,-0.023063611665124162,,,True
48054,2022,438,4,13804,2021,3.1729933352651405,2827.180478087649,4.0,0.05751641955588993,0.036380490355466755,44422.0,0.0423539901917076,0.015162429364182328,,,True
48078,2022,462,4,21560,2021,2.142857142857143,2300.1,4.0,0.04912786419211246,0.012088413178136692,35806.0,0.047939592601264236,0.0011882715908482222,,,True
48082,2022,665,4,21669,2021,3.06890027227837,2164.534818941504,4.0,0.013342744648734417,0.006153072675973759,35069.0,0.052490996398559364,-0.03914825174982495,,,True
48084,2022,323,4,13547,2021,2.3842917251051894,1876.3941704035876,4.0,0.07279739884333791,0.03303096682810125,31003.0,0.05205470155078218,0.020742697292555734,,,True
49275,2022,878,4,39710,2021,2.2110299672626543,1072.2188775510206,4.0,0.03649195325163035,0.04622495140778515,30988.0,0.04115848536773847,-0.004666532116108124,,,True
50297,2022,8901,4,338961,2021,2.625965819076531,1594.267125091441,4.0,0.06937090918606481,0.033599097349717555,37213.0,0.04816494380756553,0.02120596537849928,,,True
51001,2022,618,4,28315,2021,2.1825887338866323,1838.2268085106384,4.0,0.031766878380516506,0.027791663961768798,42318.0,0.040777176586325625,-0.00901029820580912,,,True
52001,2022,648,4,29347,2021,2.2080621528605993,1764.2111979166666,4.0,0.051644977096090505,0.04026079789418202,43422.0,0.03766190316876172,0.013983073927328782,,,True
01059,2023,2580,4,119853,2021,2.1526369803008687,2269.609001956947,4.0,0.027488526825141024,0.02318784230076587,42117.0,0.08590950109578444,-0.05842097427064341,,,True
02003,2023,2102,4,86881,2021,2.4194012499856123,1377.682322357019,4.0,0.09429457009579889,0.0688076893791032,37457.0,0.04856950898605894,0.04572506110973995,,,True
02009,2023,220,4,13292,2021,1.6551309058080048,718.8057416267942,4.0,-0.01605894499408156,-0.02090396411308637,31858.0,0.06150872984139677,-0.07756767483547833,,,True
02037,2023,304,4,16661,2021,1.8246203709261148,658.3316455696203,4.0,-0.003885345108426419,0.0238398413247205,28793.0,0.06763320849864662,-0.07151855360707304,,,True
02081,2023,191,4,15102,2021,1.2647331479274269,598.994827586207,4.0,0.009709809981623962,-0.008902039275586748,31856.0,0.05027859285879144,-0.040568782877167475,,,True
03009,2023,1069,4,33876,2021,3.1556264021726297,727.5779329608938,4.0,0.037578547510115135,0.06399284822750861,31566.0,0.05272636318159085,-0.015147815671475717,,,True
03014,2023,6684,4,187658,2021,3.5617985910539387,1558.1982669789227,4.0,0.12724152836329083,0.02959247618522154,34936.0,0.07697524584604953,0.0502662825172413,,,True
03031,2023,2345,4,60479,2021,3.8773789249160866,2256.144476190476,4.0,0.060322940113612056,0.019023898236328884,29146.0,0.10247002307372233,-0.04214708296011027,,,True
03047,2023,1343,4,26156,2021,5.134577152469797,2126.269108910891,4.0,0.1037252237340347,0.05333993238531565,30717.0,0.1317146857269178,-0.027989461992883102,,,True
03050,2023,869,4,26801,2021,3.2424163277489644,2100.475652173913,4.0,0.09923429817552964,0.021272926517942103,35003.0,0.0845236250968242,0.014710673078705438,,,True
03059,2023,365,4,15357,2021,2.376766295500423,763.238306451613,4.0,0.09120344279220416,0.10092095028015524,28857.0,0.06877777777777783,0.022425665014426333,,,True
03063,2023,1731,4,45237,2021,3.8265136945420783,1949.912225705329,4.0,0.1117946155962386,0.05135611226620829,33138.0,0.09859435088184587,0.013200264714392729,,,True
03065,2023,3446,4,116080,2021,2.968642315644383,1112.22423500612,4.0,0.10049252434846889,0.0895165253768273,31689.0,0.06884106853750671,0.03165145581096218,,,True
03066,2023,892,4,27488,2021,3.2450523864959253,670.907650273224,4.0,0.07869695492340889,0.09053478170848539,27927.0,0.06828092724351609,0.010416027679892803,,,True
03082,2023,1189,4,26819,2021,4.433424065028524,2449.348986486487,4.0,0.062482501272585145,-0.02561620685016508,32978.0,0.12414780474502307,-0.06166530347243793,,,True
03093,2023,365,4,13780,2021,2.648766328011611,698.3548961424332,4.0,0.06212310600402149,0.1331300005355589,31100.0,0.05430876669604712,0.007814339307974372,,,True
03099,2023,4791,4,88508,2021,5.413070004971302,1403.1454373820013,4.0,0.05090736710329824,0.007679415429706848,29671.0,0.13408248289569236,-0.08317511579239412,,,True
03104,2023,341,4,16474,2021,2.06992837198009,695.2629213483146,4.0,-0.036116645500614775,-0.06384228255784885,29788.0,0.054517133956386354,-0.09063377945700113,,,True
03121,2023,1891,4,45155,2021,4.187797586092349,1645.1349056603774,4.0,0.06756260846384832,-0.02234600192058589,29628.0,0.0917532611098828,-0.024190652646034483,,,True
03122,2023,658,4,27151,2021,2.423483481271408,1302.7710191082801,4.0,0.09444784632353342,0.03818382197966197,35712.0,0.08106799055518565,0.01337985576834777,,,True
03133,2023,7144,4,122736,2021,5.820623126059184,1531.4815175097276,4.0,0.11653305050380447,0.0037759709894624738,24186.0,0.1005642519111758,0.015968798592628675,,,True
03139,2023,1152,4,25780,2021,4.468580294802172,1510.3526645768025,4.0,0.07579341864901279,0.04564310680563577,30887.0,0.08299438990182328,-0.007200971252810495,,,True
03140,2023,440,4,18609,2021,2.3644473104411845,660.8829787234042,4.0,0.08420850548723613,0.08011203967363345,30301.0,0.051387925052047256,0.03282058043518887,,,True
04013,2023,3175,4,100957,2021,3.1449032756520103,1341.0810263335584,4.0,0.05785523624162914,0.0187854904450675,35200.0,0.07046194082048474,-0.012606704578855599,,,True
04066,2023,408,4,15503,2021,2.6317486938011996,1029.7364464692484,4.0,0.09659134176616568,0.17385229292344317,27125.0,0.10890805772454115,-0.012316715958375468,,,True
04079,2023,2335,4,62150,2021,3.757039420756235,1210.6393844548775,4.0,0.04472367528518029,-0.019651707575138122,31886.0,0.08851944150479629,-0.043795766219616006,,,True
04902,2023,1480,4,40014,2021,3.698705453091418,1014.0033381712626,4.0,0.04204383796318201,0.056079839315863134,29523.0,0.10205681436410474,-0.060012976400922735,,,True
05019,2023,845,4,34843,2021,2.42516430846942,1123.5966374269005,4.0,0.036920980291296424,0.01837513766518417,35239.0,0.057878778781783824,-0.0209577984904874,,,True
06011,2023,548,4,17292,2021,3.1690955355077493,798.3959785522787,4.0,-0.023818795682280958,-0.023492879124618837,28404.0,0.07607213214123343,-0.09989092782351439,,,True
06015,2023,1907,4,74594,2021,2.5565058851918385,1327.1863387978142,4.0,0.06469887081761483,0.03911349498968497,35043.0,0.06361732479436677,0.001081546023248059,,,True
06044,2023,468,4,21262,2021,2.201109961433543,902.2381215469616,4.0,0.09127831860737134,0.048572447796269236,31961.0,0.08009191984049213,0.011186398766879213,,,True
06083,2023,840,4,31358,2021,2.678742266726194,907.802906976744,4.0,0.04227226905439174,0.020194254989872817,33233.0,0.06172326762723235,-0.019450998572840605,,,True
06153,2023,240,4,14092,2021,1.7030939540164634,745.2196347031963,4.0,0.04772173897663046,0.028428671436913744,30199.0,0.07500355973230821,-0.027281820755677755,,,True
07011,2023,1180,4,36492,2021,3.2335854433848517,4080.378205128205,4.0,0.14538246074705508,0.03172083272045123,44188.0,0.10713569853678084,0.03824676221027423,,,True
07015,2023,587,4,17887,2021,3.2817129759042882,2730.2388987566605,4.0,0.1009926982637197,-0.06018343773722368,41259.0,0.10362444830814499,-0.002631750044425285,,,True
07026,2023,525,4,23938,2021,2.193165678001504,4300.127850467289,4.0,0.057596415041521576,0.051078073589772455,50627.0,0.11231462155333416,-0.054718206511812584,,,True
07027,2023,431,4,15863,2021,2.717014436109185,1747.0268817204299,4.0,0.11395290607906983,0.036124307312910275,38492.0,0.08345765192670362,0.030495254152366202,,,True
07031,2023,498,4,23312,2021,2.136238846945779,2627.0682258064517,4.0,0.10921504039031893,0.02972299990413041,43710.0,0.10139595827243864,0.007819082117880294,,,True
07032,2023,356,4,15173,2021,2.3462729849074013,2080.2504,4.0,0.11740346270855717,0.02585871453606714,43139.0,0.08375832181886689,0.033645140889690284,,,True
07033,2023,568,4,28571,2021,1.9880298204473068,1876.3293999999999,4.0,0.13446764967731495,0.11578706366482416,39747.0,0.10460495233860434,0.02986269733871061,,,True
07036,2023,299,4,15048,2021,1.9869750132908028,2726.4901515151514,4.0,0.07498443989016446,-0.017743270851013904,53890.0,0.08154213578983271,-0.006557695899668259,,,True
07040,2023,4933,4,186482,2021,2.6452955245010243,2655.4011074651357,4.0,0.10844518285921367,0.056574413010090474,45745.0,0.09301825480263792,0.01542692805657575,,,True
07054,2023,370,4,22810,2021,1.6220955721174923,4801.187374749499,4.0,0.11284276755536848,0.010664840854456958,49170.0,0.14213374834498627,-0.029290980789617782,,,True
08015,2023,2560,4,91915,2021,2.785181961594952,2257.0866431861286,4.0,0.05006732902469668,0.006382590135846966,38955.0,0.07210678409247273,-0.022039455067776048,,,True
08019,2023,15834,4,808751,2021,1.9578337461097421,3641.498942042318,4.0,0.024195961616417128,-0.027374971753768795,47361.0,0.07660657861835385,-0.05241061700193672,,,True
08056,2023,699,4,28708,2021,2.4348613626863593,3531.4192341941225,4.0,0.038114211724183944,-0.009568998324823275,51814.0,0.06643889186185326,-0.02832468013766931,,,True
08073,2023,817,4,37034,2021,2.206080898633688,2460.074919093851,4.0,0.03730494425701325,0.005865163611552093,38322.0,0.05940895142786062,-0.022104007170847373,,,True
08077,2023,477,4,19420,2021,2.456230690010299,2896.2000000000003,4.0,0.017597375148978633,-0.02984699110564959,47034.0,0.04184295049285636,-0.024245575343877723,,,True
08089,2023,499,4,20359,2021,2.4510044697676703,2737.091895424837,4.0,0.02314747032541664,-0.021157068724481087,45669.0,0.06509165539437478,-0.04194418506895814,,,True
08096,2023,639,4,26298,2021,2.42984257357974,2017.0229896907217,4.0,0.047319862381048905,0.004619792537005285,42757.0,0.054686729156388836,-0.007366866775339931,,,True
08101,2023,2851,4,110488,2021,2.580370718992108,2363.0976573140833,4.0,0.050581483966162466,0.012650505264745426,36526.0,0.0602920258933497,-0.009710541927187233,,,True
08102,2023,407,4,18257,2021,2.229281919263844,1415.9977035490606,4.0,0.06524251879059917,0.0014574872950288142,40560.0,0.056139985418185656,0.009102533372413513,,,True
08113,2023,855,4,40136,2021,2.130257125772374,1203.3423351158647,4.0,0.05734789695779985,0.039945903872465216,37680.0,0.060930284941997925,-0.0035823879841980766,,,True
08114,2023,436,4,10685,2021,4.0804866635470285,1751.0367647058824,4.0,-0.013930533071513596,-0.0348519879077116,42058.0,0.06279534025724609,-0.07672587332875969,,,True
08121,2023,1420,4,52996,2021,2.679447505472111,2052.818711967546,4.0,0.053972217857010785,0.019251327308977606,38499.0,0.05505617977528088,-0.0010839619182700932,,,True
08124,2023,494,4,20857,2021,2.368509373351872,2007.5025641025638,4.0,0.03437918202454626,0.02973465672287312,39648.0,0.05590029028735777,-0.021521108262811506,,,True
08125,2023,333,4,15304,2021,2.1759017250392056,1959.5580858085807,4.0,0.03649688534706774,0.012509876008927723,39356.0,0.06017994720112063,-0.02368306185405289,,,True
08163,2023,440,4,16297,2021,2.699883414125299,1766.9316455696203,4.0,0.0528660850566236,0.014011661228428673,34538.0,0.08415732805976717,-0.031291243003143565,,,True
08169,2023,633,4,26518,2021,2.3870578474998116,2471.5872651356995,4.0,0.03944380184319618,0.030277839682341767,41138.0,0.056120353255288524,-0.016676551412092344,,,True
08172,2023,273,4,12313,2021,2.2171688459351904,2404.2698375870073,4.0,0.022723089506309968,-0.03283251458533898,42499.0,0.054173384596304164,-0.031450295089994196,,,True
08180,2023,345,4,15427,2021,2.2363388863680562,2023.7288244766503,4.0,0.05524216010093075,0.05642200841513234,37926.0,0.05543496410085158,-0.00019280399992083197,,,True
08184,2023,886,4,32476,2021,2.728168493656854,1941.6563417890522,4.0,0.03266161838626336,0.012605755060100643,40881.0,0.06151329455754051,-0.028851676171277152,,,True
08187,2023,2544,4,92772,2021,2.7422067002975035,1940.7933890776067,4.0,0.05171374636704029,0.024531631449240532,40323.0,0.05535489949748751,-0.0036411531304472167,,,True
08194,2023,358,4,14877,2021,2.406399139611481,2178.2821487603305,4.0,0.07102032746811782,0.06570857355493653,36148.0,0.06383354424791787,0.007186783220199944,,,True
08196,2023,241,4,10536,2021,2.2873955960516326,2171.466004962779,4.0,0.011880818687269645,-0.03953151476807881,41760.0,0.055932031961161144,-0.0440512132738915,,,True
08200,2023,786,4,33904,2021,2.3183105238319963,2327.964263322884,4.0,0.04244538144724452,0.012169885373376266,40324.0,0.05734588457403578,-0.014900503126791254,,,True
08205,2023,698,4,35770,2021,1.9513558848196813,4061.5575163398694,4.0,0.04496942293858819,-0.023217512134854124,74951.0,0.05750970017636692,-0.01254027723777873,,,True
08211,2023,478,4,18719,2021,2.553555211282654,2750.694978479197,4.0,0.051005937307028404,0.03416892126907323,46453.0,0.04988021516069252,0.0011257221463358835,,,True
08217,2023,349,4,13577,2021,2.570523679752523,2899.005030181087,4.0,0.05152050119034457,0.05194967895388625,48757.0,0.05922095978796893,-0.00770045859762436,,,True
08231,2023,438,4,14150,2021,3.095406360424028,2090.4560240963856,4.0,0.04270192780681814,-0.033122014577763315,41892.0,0.06663271801400383,-0.023930790207185693,,,True
08245,2023,1309,4,48100,2021,2.7214137214137213,1949.0481056257174,4.0,0.03508769333939443,-0.018927105358853336,34161.0,0.0465351387782611,-0.011447445438866666,,,True
08252,2023,346,4,13768,2021,2.5130737943056363,2140.4882165605095,4.0,0.04688688939659991,0.035658538605823464,43314.0,0.05374042087337316,-0.006853531476773256,,,True
08260,2023,244,4,10045,2021,2.42906918865107,1978.16399026764,4.0,0.03596318663897091,-0.007929877553398468,43064.0,0.058421608867697206,-0.022458422228726294,,,True
08263,2023,236,4,11530,2021,2.04683434518647,1984.0530888030887,4.0,-0.003938757151795369,-0.03977995968775383,42529.0,0.07263739312466888,-0.07657615027646425,,,True
08266,2023,519,4,23858,2021,2.1753709447564757,2406.3875318066157,4.0,0.05513626819027695,0.030568518015246404,46621.0,0.051775481658620226,0.003360786531656723,,,True
08270,2023,652,4,19230,2021,3.390535621424857,3935.638003220612,4.0,0.046972507143112185,-0.01181592604925541,51676.0,0.0810878661087866,-0.034115358965674414,,,True
08279,2023,3061,4,101134,2021,3.0266774774062135,1828.4520793036752,4.0,0.04424699224614925,0.01701986098098285,40058.0,0.051060033585222486,-0.006813041339073234,,,True
08298,2023,488,4,19836,2021,2.4601734220608993,1593.5720472440944,4.0,0.06423965361269057,0.08215108381058678,42616.0,0.05406876082117229,0.010170892791518282,,,True
08301,2023,646,4,26586,2021,2.4298502971488753,2454.6819965870304,4.0,0.042017723371378546,0.021443989946020148,42887.0,0.062374594366964686,-0.02035687099558614,,,True
08305,2023,500,4,18264,2021,2.7376259307928166,1563.4734375,4.0,0.0345884765579656,0.019701370951322517,39684.0,0.07201901777513653,-0.03743054121717093,,,True
08307,2023,1030,4,33155,2021,3.1066204192429496,2052.958040816326,4.0,0.07199495150834223,0.031252335031709544,41375.0,0.051594865929597056,0.020400085578745175,,,True
09018,2023,358,4,19708,2021,1.8165212096610512,1158.2830258302583,4.0,0.04355440729691007,-0.006072551929954262,34938.0,0.045953956231476134,-0.0023995489345660648,,,True
09059,2023,2311,4,93766,2021,2.4646460337435743,1470.6957637997432,4.0,0.029741331787712655,-0.0014565276985880615,38815.0,0.053839052997393555,-0.0240977212096809,,,True
09219,2023,589,4,21007,2021,2.8038272956633503,1043.600253164557,4.0,0.006738475030514834,-0.0923378628652709,35580.0,0.06792328240838019,-0.06118480737786536,,,True
10037,2023,1452,4,53756,2021,2.701093831386264,1190.5767754318617,4.0,0.030804559500907658,0.014922440733678988,35881.0,0.06626846156132071,-0.035463902060413055,,,True
10148,2023,504,4,22443,2021,2.2456890790001336,930.3090452261307,4.0,0.020924847641376587,0.0005594382120643893,31781.0,0.06744365700466859,-0.046518809363292,,,True
11004,2023,1591,4,55815,2021,2.8504882200125414,1171.8954049396898,4.0,0.04844651436301439,0.03240771974191303,34017.0,0.06572887621792667,-0.017282361854912276,,,True
11006,2023,352,4,15460,2021,2.276843467011643,923.8073313782991,4.0,0.019327190273985106,-0.029036405749063077,27513.0,0.09009865684060392,-0.07077146656661881,,,True
11012,2023,1148,4,56479,2021,2.032613891889021,2403.9361068702287,4.0,0.06453826099015236,-0.024539017111947725,37427.0,0.06599259470236407,-0.0014543337122117084,,,True
11015,2023,1527,4,49229,2021,3.101830222023604,1610.304958677686,4.0,0.06341353306893716,0.013262641910898987,31566.0,0.08047236008899539,-0.01705882702005823,,,True
11020,2023,2535,4,92974,2021,2.726568718136253,1224.4404069767443,4.0,0.11101940426219037,0.06285508488596925,32215.0,0.06626286697779094,0.044756537284399434,,,True
11022,2023,815,4,30028,2021,2.7141334754229387,1229.0909617612979,4.0,0.07347881814945034,0.056894565713438316,30863.0,0.08952589402336986,-0.016047075873919514,,,True
11027,2023,1266,4,49077,2021,2.5796197811602175,1838.9559514170041,4.0,0.09299277633031044,0.0339352689603567,35870.0,0.07356638333532861,0.019426392994981834,,,True
11028,2023,510,4,18626,2021,2.73810802104585,1378.692677824268,4.0,0.09032055842769826,0.0029776821276583654,33827.0,0.07332783348140626,0.016992724946292004,,,True
11030,2023,680,4,26868,2021,2.5308917671579576,2123.1011235955057,4.0,0.09144526610411541,0.03170339914234099,32841.0,0.07601323678778549,0.01543202931632992,,,True
11031,2023,904,4,39564,2021,2.2849054696188453,1415.7999085086917,4.0,0.08437891924037122,0.015291442535627864,34258.0,0.06643008342672152,0.0179488358136497,,,True
11032,2023,779,4,34536,2021,2.255617326847348,1470.8997560975608,4.0,0.08318598392455878,0.031203512667834277,27874.0,0.08059701492537319,0.0025889689991855924,,,True
11033,2023,891,4,19625,2021,4.540127388535032,1776.6835561497328,4.0,0.11868714892361987,0.0882860382206152,38428.0,0.11301627758790467,0.0056708713357152,,,True
12009,2023,410,4,15657,2021,2.6186370313597753,838.2251063829787,4.0,0.04921802412313414,0.060358835780001896,33215.0,0.057533112582781376,-0.008315088459647235,,,True
12027,2023,468,4,17897,2021,2.6149634016874335,990.2631944444446,4.0,0.07261721164418233,0.0528046974205294,31740.0,0.05144598668300926,0.021171224961173074,,,True
12032,2023,630,4,20301,2021,3.1032954041672824,813.4825515947468,4.0,0.0402203730867885,0.008102710539629854,33802.0,0.05433562071116649,-0.014115247624377991,,,True
12040,2023,2323,4,91229,2021,2.5463394315404093,1086.6271195365982,4.0,0.07117402739624956,0.048303555700232925,36576.0,0.05674332601409926,0.014430701382150302,,,True
12084,2023,440,4,14658,2021,3.001773775412744,767.9722689075629,4.0,0.061227021407305626,0.07657001775745631,34731.0,0.03197147526370525,0.029255546143600375,,,True
12126,2023,298,4,15906,2021,1.8735068527599648,733.7147757255938,4.0,0.02459969699335951,0.005784296624541385,33242.0,0.04541166111076178,-0.02081196411740227,,,True
12135,2023,644,4,25363,2021,2.5391318061743484,820.1501666666667,4.0,0.020719346513224934,-0.004771187031902491,37032.0,0.047699881174673164,-0.02698053466144823,,,True
12138,2023,644,4,20887,2021,3.08325752860631,1128.125,4.0,-0.001813312218672869,-0.06724892260764415,32231.0,0.07626807359668741,-0.07808138581536028,,,True
13005,2023,411,4,17129,2021,2.3994395469671317,773.5855113636363,4.0,0.0361174870791523,-0.003421541187985877,35133.0,0.05857362379101505,-0.02245613671186275,,,True
13034,2023,1112,4,41592,2021,2.6735910752067706,1054.6335120643432,4.0,0.008172767750636023,-0.03731472888804399,38730.0,0.05724346900335764,-0.049070701252721616,,,True
13071,2023,614,4,26589,2021,2.309225619617135,592.6254189944134,4.0,0.034575292403221436,0.043573739097702346,31668.0,0.05461569202078054,-0.0200403996175591,,,True
13082,2023,424,4,19217,2021,2.2063797679138264,585.7573099415205,4.0,-0.04245218193957345,-0.021784171509424577,28680.0,0.05709336183701308,-0.09954554377658653,,,True
13087,2023,359,4,17368,2021,2.0670198065407646,706.064864864865,4.0,-0.04761261221895785,-0.0480637499146076,31139.0,0.05940189841118637,-0.10701451063014422,,,True
14021,2023,5017,4,155400,2021,3.2284427284427286,1381.1909070698089,4.0,0.012710886743896088,-0.02556501814466161,35632.0,0.05423237373886791,-0.041521486994971823,,,True
14038,2023,575,4,21141,2021,2.719833498888416,875.7695652173913,4.0,0.04463232051811916,0.03376745570464834,29156.0,0.07242432044727254,-0.027791999929153377,,,True
14056,2023,289,4,14955,2021,1.9324640588431963,815.446735395189,4.0,-0.0032852837141241764,0.03099864150002163,28439.0,0.07240092009502619,-0.07568620380915037,,,True
15002,2023,329,4,16701,2021,1.9699419196455301,1212.5032876712328,4.0,0.06304261362287589,0.03723113111242626,38343.0,0.06769325016707506,-0.0046506365441991715,,,True
15005,2023,302,4,17841,2021,1.6927302281262262,1113.0922693266832,4.0,0.04253239070825887,-0.006882036102221933,35108.0,0.07528330781010717,-0.0327509171018483,,,True
15019,2023,262,4,19427,2021,1.348638492819272,819.0633165829145,4.0,0.06602844270054575,0.04154080465347487,33105.0,0.08150931068278333,-0.015480867982237578,,,True
15030,2023,2098,4,136205,2021,1.5403252450350575,2013.3316511513965,4.0,0.08128344559072875,0.0651259272590059,39802.0,0.057186113841005026,0.024097331749723727,,,True
15031,2023,227,4,15752,2021,1.441086846114779,1439.2590476190476,4.0,0.08026877573483548,0.0323076714380266,36836.0,0.06854639863081258,0.011722377104022907,,,True
15036,2023,1021,4,42672,2021,2.3926696662917135,789.4793363499246,4.0,0.024458132695010182,0.04869961996693295,32592.0,0.05873180873180872,-0.03427367603679854,,,True
15054,2023,518,4,21735,2021,2.3832528180354267,838.9905063291139,4.0,-0.025982429069628554,-0.016380777042697692,32992.0,0.06539219168792587,-0.09137462075755443,,,True
15058,2023,423,4,19268,2021,2.1953498027818146,1591.6416666666667,4.0,0.03769819005925057,-0.02932910643822839,51654.0,0.06200912866482988,-0.024310938605579313,,,True
15073,2023,306,4,17097,2021,1.7897876820494825,1036.5604982206405,4.0,0.043969823778167605,0.05010134970102165,34729.0,0.06146463720276296,-0.017494813424595357,,,True
15078,2023,706,4,56746,2021,1.244140556162549,1812.1410334346506,4.0,0.05387071615308736,0.047385887386811376,41436.0,0.057094749732129246,-0.003224033579041885,,,True
16078,2023,636,4,31611,2021,2.011957862769289,1196.2478802992518,4.0,0.01104743481867021,-0.008054903379163925,36241.0,0.04791232940087897,-0.03686489458220876,,,True
17023,2023,633,4,25589,2021,2.473719176208527,1693.6634992458523,4.0,0.05166295990031822,0.0243961141536988,34707.0,0.07004778788345933,-0.018384827983141117,,,True
17066,2023,547,4,21062,2021,2.5970942930395973,1148.394496855346,4.0,0.004784006367394955,0.018616765911282585,34155.0,0.06448295206632171,-0.05969894569892675,,,True
17079,2023,1178,4,50333,2021,2.340412850416228,1871.1759080800591,4.0,0.012173805380433889,-0.017376027363259716,44772.0,0.06714336789417241,-0.054969562513738524,,,True
17095,2023,983,4,25496,2021,3.85550674615626,1878.5394922425953,4.0,0.03303622636264825,0.01649280674803011,32636.0,0.11336267185207927,-0.08032644548943102,,,True
17114,2023,410,4,16713,2021,2.453180159157542,1381.575167785235,4.0,0.027653033646218628,-0.04461369086817313,40654.0,0.06010586977496146,-0.032452836128742835,,,True
17155,2023,401,4,11642,2021,3.4444253564679608,1091.490017513135,4.0,-0.028373849532240314,-0.08493921614855426,35569.0,0.06740089427722595,-0.09577474380946627,,,True
18017,2023,727,4,29769,2021,2.442137794349827,1880.4522352941178,4.0,0.0014908596678946395,-0.0624218627045523,27760.0,0.09519864283741675,-0.09370778316952211,,,True
18087,2023,3396,4,141257,2021,2.4041286449521087,1817.7573333333337,4.0,0.040424367235035286,-0.013321761966432755,36821.0,0.0722793325373483,-0.03185496530231302,,,True
18140,2023,958,4,32841,2021,2.917085350628787,1187.9492574257426,4.0,0.06414373489713832,0.01941523795817579,31129.0,0.071750731623343,-0.0076069967262046845,,,True
19046,2023,456,4,14220,2021,3.2067510548523206,1457.3780793319415,4.0,0.04145771867233816,-0.00462724479002441,38994.0,0.06256471742329284,-0.021106998750954675,,,True
19130,2023,1447,4,41937,2021,3.450413715811813,1435.8619718309858,4.0,0.0934250987959615,0.0339529839801489,39960.0,0.055495390792149824,0.03792970800381168,,,True
20030,2023,386,4,13535,2021,2.851865533801256,1766.8635802469137,4.0,0.035127006259191074,-0.014114970579156116,43246.0,0.09025361770786056,-0.05512661144866948,,,True
20045,2023,683,4,28045,2021,2.435371724014976,2323.354102564103,4.0,0.031227225341449394,-0.010877259843683706,41388.0,0.07641092327698318,-0.045183697935533784,,,True
20067,2023,343,4,17999,2021,1.9056614256347575,2416.578828828829,4.0,0.026305426798460596,-0.02376827543811144,38800.0,0.08649995799613563,-0.06019453119767504,,,True
20069,2023,1853,4,94733,2021,1.9560237720752007,4304.187858900738,4.0,0.032081385159463904,-0.01575933815679509,52067.0,0.06648778189713433,-0.03440639673767043,,,True
21041,2023,1966,4,68714,2021,2.861134557732049,1231.5683333333334,4.0,0.09483854877744768,0.06592589718246211,33530.0,0.061311049916120686,0.033527498861327,,,True
21044,2023,508,4,21967,2021,2.31255974871398,1400.1934065934065,4.0,-0.008620118758158268,-0.04099279163405778,29677.0,0.07790934185674847,-0.08652946061490674,,,True
22125,2023,680,4,29309,2021,2.320106451943089,1398.5969957081545,4.0,0.04154936331643255,-0.026027694377660948,37516.0,0.057652730399481156,-0.016103367083048603,,,True
23005,2023,420,4,20048,2021,2.094972067039106,768.0590263691684,4.0,0.020693512380448364,0.013705825669840133,27777.0,0.0626243305279266,-0.04193081814747823,,,True
23050,2023,1402,4,58293,2021,2.405091520422692,1168.4349668874172,4.0,0.013735352304576676,-0.018964815327106477,36801.0,0.04762582555226591,-0.033890473247689235,,,True
23055,2023,708,4,29385,2021,2.4093925472179683,744.7544701986756,4.0,-0.005707189214842812,-0.005129135325950274,31679.0,0.05755299616090803,-0.06326018537575084,,,True
23092,2023,353,4,18318,2021,1.927066273610656,915.0861904761905,4.0,0.06903871682769758,0.08332151699933732,32324.0,0.052659002833230106,0.01637971399446747,,,True
24089,2023,1729,4,79199,2021,2.183108372580462,1268.7294657762936,4.0,0.021500321565983693,-0.019290116164502713,36332.0,0.05989089530032965,-0.038390573734345956,,,True
24115,2023,800,4,42549,2021,1.8801851982420268,812.7203915171289,4.0,0.0223823069787501,0.024092323476562094,32490.0,0.055315555266833405,-0.032933248288083306,,,True
24142,2023,283,4,17161,2021,1.6490880484820232,962.2275862068966,4.0,0.05499076145852011,0.035872307845944196,32826.0,0.06112817197349285,-0.006137410514972741,,,True
25120,2023,1913,4,68299,2021,2.8009194863760816,1087.6287549407116,4.0,0.06814192165769928,0.02048693953029268,38853.0,0.06385367322910107,0.004288248428598207,,,True
26089,2023,1826,4,78908,2021,2.314087291529376,1423.4303343949045,4.0,0.05514020640343342,0.009647003836906531,38187.0,0.06730204868777778,-0.01216184228434436,,,True
27028,2023,1015,4,62648,2021,1.62016345294343,1128.9490644490645,4.0,0.07621497935135046,0.03847047076189192,34880.0,0.054254193743388246,0.02196078560796222,,,True
28005,2023,1974,4,79588,2021,2.480273408051465,1973.4180477885104,4.0,0.07565764792282259,0.003513976007482267,41866.0,0.06153807145211587,0.014119576470706718,,,True
28006,2023,1020,4,42744,2021,2.386299831555306,3505.841242937853,4.0,0.05115979660274106,-0.04569170042599047,65139.0,0.045603390156987444,0.005556406445753614,,,True
28007,2023,1276,4,70601,2021,1.8073398393790456,2521.9150108459867,4.0,0.09721110720187487,0.02977391898984383,41634.0,0.06401901403051435,0.033192093171360515,,,True
28013,2023,836,4,25682,2021,3.2551981932871272,1592.3625482625484,4.0,0.08215867440402946,0.03996816067791764,40453.0,0.06287440882816608,0.01928426557586338,,,True
28014,2023,516,4,21573,2021,2.391878737310527,1817.1644908616188,4.0,0.07792921375469808,0.006807907851458683,40353.0,0.07396071751743216,0.003968496237265917,,,True
28022,2023,613,4,19874,2021,3.0844319211029485,3285.828213977567,4.0,0.07008618317957072,0.017422950225907785,89455.0,0.08021784282471134,-0.010131659645140623,,,True
28045,2023,851,4,20461,2021,4.159132007233273,2293.30385026738,4.0,0.11155021500323925,0.052141878629977656,52003.0,0.07490853469480552,0.03664168030843373,,,True
28047,2023,797,4,27922,2021,2.854380058735048,2034.2852420306967,4.0,0.07204161928173103,0.010499514037009217,41413.0,0.06979928185786988,0.0022423374238611515,,,True
28049,2023,597,4,31337,2021,1.9050962121453872,2242.8027989821885,4.0,0.07404668131204617,0.00454509935375591,41836.0,0.05441439624971656,0.019632285062329613,,,True
28058,2023,1379,4,70944,2021,1.943786648624267,1959.088967391304,4.0,0.04601391057495907,-0.03126042823254793,38299.0,0.06709202864227803,-0.021078118067318963,,,True
28061,2023,330,4,15295,2021,2.1575678326250407,1960.218470149254,4.0,0.049615719104441736,-0.030408661933402525,49504.0,0.06636796415569868,-0.016752245051256942,,,True
28065,2023,1922,4,79835,2021,2.4074653973821007,2204.0841530054645,4.0,0.04330420641243915,-0.03896082249530686,41792.0,0.059232036497275375,-0.015927830084836225,,,True
28074,2023,1397,4,77962,2021,1.7918986172750828,2186.305336426914,4.0,0.06066411529997717,-0.00524877774154775,38660.0,0.06618863761720895,-0.0055245223172317726,,,True
28079,2023,39751,4,1533221,2021,2.5926464612733584,3782.516299622265,4.0,0.05280659215133365,-0.03245004794658768,49916.0,0.06998778161239838,-0.017181189461064728,,,True
28080,2023,906,4,25577,2021,3.5422449857293663,3712.913980582524,4.0,0.057996807641860215,0.0014415533002392067,74987.0,0.0632080420819805,-0.005211234440120283,,,True
28092,2023,1552,4,82103,2021,1.8903085149141932,2024.277822222222,4.0,0.05569767946109283,-0.023614442255898815,38622.0,0.06405488056864206,-0.008357201107549228,,,True
28096,2023,367,4,12156,2021,3.019085225403093,1747.5829268292684,4.0,0.0366376638476309,-0.06582290514554057,43431.0,0.07327138832600211,-0.03663372447837121,,,True
28106,2023,1218,4,47256,2021,2.5774504824784152,1589.623385167464,4.0,0.06584514757722504,-0.0031196198902940786,35177.0,0.06859260609374518,-0.0027474585165201404,,,True
28113,2023,409,4,21507,2021,1.901706421165202,2113.8207578253705,4.0,0.041042143476794024,-0.013346775800726185,42700.0,0.06015840305881759,-0.019116259582023565,,,True
28115,2023,725,4,32327,2021,2.242707334426331,3845.842254733218,4.0,0.07061321554689548,0.030392291272255845,96290.0,0.039893731910665586,0.030719483636229894,,,True
28123,2023,846,4,35980,2021,2.351306281267371,2460.232738944365,4.0,0.0629422563649209,-0.032856425713393644,54628.0,0.07309407350659036,-0.010151817141669461,,,True
28127,2023,875,4,35404,2021,2.4714721500395433,3244.324279835391,4.0,0.028047175851572126,-0.03976551891211999,74371.0,0.06700047345088311,-0.03895329759931099,,,True
28130,2023,235,4,15621,2021,1.5043851225913834,2154.315864022663,4.0,0.04824227796555558,-0.026832718686945922,40448.0,0.06400105221623043,-0.015758774250674845,,,True
28134,2023,995,4,36032,2021,2.7614342806394316,2900.7548760330583,4.0,0.0284296334150147,-0.07334177748584425,52413.0,0.07004613939814619,-0.04161650598313149,,,True
28148,2023,1480,4,50494,2021,2.93104131183903,2078.048394120849,4.0,0.07092151725570828,0.009830580753720453,41459.0,0.06966123997007156,0.0012602772856367128,,,True
28161,2023,1342,4,28896,2021,4.6442414174972315,1864.0059973924383,4.0,0.04022954219999497,-0.027730807139729308,45042.0,0.0623614321430257,-0.022131889943030725,,,True
28181,2023,237,4,11252,2021,2.1062922147173837,2473.203953488372,4.0,0.040161291449676506,-0.02544723323656828,68382.0,0.09184097078077591,-0.051679679331099404,,,True
28903,2023,646,4,18542,2021,3.4839823104303744,3212.604451510334,4.0,0.07005327721013055,-0.005356832034524972,67752.0,0.06943633292819595,0.0006169442819345949,,,True
29007,2023,490,4,17000,2021,2.8823529411764706,1980.4593137254903,4.0,0.08892791282169821,-0.009560357420556054,43020.0,0.09596718722135877,-0.007039274399660567,,,True
29015,2023,490,4,20944,2021,2.339572192513369,1142.824948024948,4.0,0.04460573369835674,-0.0050074243763933435,32934.0,0.0774012038733316,-0.03279547017497486,,,True
29025,2023,2055,4,48663,2021,4.222920904999691,2571.519832582099,4.0,0.10311717246590879,0.02177324383503021,33901.0,0.12024981825391579,-0.017132645788006995,,,True
29051,2023,2688,4,50366,2021,5.336933645713378,2326.1822954822956,4.0,0.114088324923733,-0.0245015763131351,34480.0,0.13641607066345873,-0.022327745739725735,,,True
29054,2023,1972,4,48887,2021,4.033792214699204,2583.0843027888445,4.0,0.0917618365495183,-0.010330799544064018,32091.0,0.18007648746046923,-0.08831465091095092,,,True
29067,2023,6738,4,261857,2021,2.5731601599346208,2268.529084783829,4.0,0.12055355947211965,0.05183406385719702,36640.0,0.08447285858047704,0.036080700891642614,,,True
29069,2023,4517,4,100282,2021,4.504297879978461,3104.819238345371,4.0,0.1006785026400916,0.012793662451290766,37606.0,0.12434598020749243,-0.02366747756740084,,,True
29070,2023,3352,4,62030,2021,5.403836853135579,2297.0367889908257,4.0,0.10194132262319333,-0.015750978747330224,31912.0,0.14940210344330795,-0.04746078082011462,,,True
29082,2023,1106,4,27620,2021,4.0043446777697325,2387.827079107505,4.0,0.09526510854341264,-0.04212443267188326,37913.0,0.06809217940049583,0.027172929142916802,,,True
29084,2023,503,4,19462,2021,2.584523687185284,1205.6424547283702,4.0,0.0023074315806652645,-0.06882085794496473,32294.0,0.07617968541722209,-0.07387225383655682,,,True
29094,2023,1728,4,50454,2021,3.424901890831252,1742.415838509317,4.0,0.10258102482714127,0.043960853491046725,31280.0,0.08407846399112784,0.018502560836013426,,,True
29901,2023,1628,4,42938,2021,3.791513344822768,2552.522788605697,4.0,0.11578079823104348,0.027584306947117332,33655.0,0.12175854943003794,-0.005977751198994463,,,True
30003,2023,899,4,26137,2021,3.4395684278991467,1067.8610354223433,4.0,0.08860926114854273,0.06004997230563114,30995.0,0.08960838079167543,-0.0009991196431327065,,,True
30005,2023,492,4,18107,2021,2.717181200640636,770.9989293361884,4.0,0.024855942667479036,0.02842988592075313,32961.0,0.07144946851737477,-0.046593525849895734,,,True
30015,2023,325,4,14630,2021,2.221462747778537,751.4543859649123,4.0,0.031027740899973955,0.04163388371377175,31850.0,0.07152469385008753,-0.040496952950113574,,,True
30016,2023,2981,4,125253,2021,2.3799829145808884,1135.900769499825,4.0,0.05920952761838483,0.07601547941707432,36484.0,0.06675243413935261,-0.007542906520967785,,,True
30019,2023,307,4,16704,2021,1.8378831417624522,852.6116417910448,4.0,0.017031470780609625,-0.03373873991046472,32381.0,0.060316316840761,-0.04328484606015137,,,True
30022,2023,332,4,13679,2021,2.427078002777981,689.386328125,4.0,0.10148874504430405,0.1322558177569223,30781.0,0.07844579917314842,0.02304294587115563,,,True
30024,2023,854,4,42431,2021,2.012679408922722,934.5593181818182,4.0,0.06719608573388158,0.05351981145738427,35178.0,0.0668405410323285,0.0003555447015530788,,,True
30026,2023,1252,4,31537,2021,3.969940070393506,1195.7998293515357,4.0,-0.0005788465522585939,-0.09549920807564038,27662.0,0.09896309244765811,-0.0995419389999167,,,True
30027,2023,888,4,32908,2021,2.6984319922207365,981.5522727272727,4.0,0.07014478046831951,0.06484939504155784,39382.0,0.04375712279027866,0.026387657678040854,,,True
30030,2023,6001,4,219740,2021,2.730954764721944,1237.4846879286695,4.0,0.046281535985155164,-0.02111511373407393,38682.0,0.06123456790123449,-0.014953031916079329,,,True
30035,2023,1625,4,41372,2021,3.9277772406458475,1352.9545454545455,4.0,0.053666760930724866,0.028524443590577153,33881.0,0.09364105874757911,-0.03997429781685424,,,True
30037,2023,1478,4,21899,2021,6.749166628613179,910.3833976833977,4.0,0.06823373749027528,0.09540830319557791,33036.0,0.09757799262433964,-0.029344255134064356,,,True
30039,2023,313,4,15390,2021,2.0337881741390516,849.1361581920904,4.0,0.04117273467728699,-0.0021241913725427164,33367.0,0.07503705135640182,-0.033864316679114825,,,True
30043,2023,428,4,19242,2021,2.2243010082112047,660.4220543806646,4.0,0.014780123366864073,0.08179863350967731,31414.0,0.06625483673885002,-0.05147471337198595,,,True
31201,2023,2467,4,94761,2021,2.6033916906744334,2218.603361344538,4.0,0.03508659002138814,-0.09439558740072962,43352.0,0.05264180264180274,-0.017555212620414595,,,True
31232,2023,425,4,17007,2021,2.4989710119362614,1169.968817204301,4.0,0.048020833541222,-0.024440314121014772,39644.0,0.04419743981457103,0.00382339372665097,,,True
32054,2023,1081,4,67492,2021,1.6016713091922006,1260.6173304628633,4.0,0.0370401559537632,-0.010623344961020909,34322.0,0.06355551423879024,-0.026515358285027046,,,True
33004,2023,890,4,42296,2021,2.1042178929449595,1138.9578231292517,4.0,0.031812385088727746,0.03172470942098182,34562.0,0.05985893897577421,-0.028046553887046466,,,True
33024,2023,3474,4,148955,2021,2.332247994360713,1645.210825294748,4.0,0.04850539118039121,-0.0012885817273249334,35852.0,0.06287984346743358,-0.014374452287042372,,,True
33031,2023,662,4,25962,2021,2.5498805947153533,769.3961651917405,4.0,-0.03468081414364199,-0.0311072326288776,30771.0,0.05203596704160818,-0.08671678118525017,,,True
33037,2023,612,4,25878,2021,2.364943194991885,758.1044444444445,4.0,-0.011406457797986325,0.024101125334197726,32313.0,0.043263487553675706,-0.05466994535166203,,,True
33044,2023,3173,4,127210,2021,2.49430076251867,1485.296835970025,4.0,0.06707742019836371,0.0549485228935811,38153.0,0.0558753528532685,0.011202067345095212,,,True
33066,2023,695,4,29569,2021,2.35043457675268,1164.317987804878,4.0,0.043019386573448726,0.04235314289657577,37495.0,0.053378283466779086,-0.01035889689333036,,,True
34120,2023,859,4,44610,2021,1.9255772248374803,1171.2457407407408,4.0,0.01621109423043343,-0.003907636903861533,35179.0,0.057537952803246695,-0.04132685857281326,,,True
35002,2023,244,4,14365,2021,1.6985729202923774,1386.360101010101,4.0,0.06839596497925293,0.059550982324137136,36840.0,0.10042415914929204,-0.032028194170039104,,,True
35004,2023,609,4,25339,2021,2.4034097636055094,1349.123469387755,4.0,0.062062249898199306,0.053316229160017325,35247.0,0.11052648161567791,-0.0484642317174786,,,True
35006,2023,340,4,17003,2021,1.9996471210962772,1251.9283224400872,4.0,0.050929792555609144,0.018436415682989926,37373.0,0.06749500142816345,-0.016565208872554305,,,True
35011,2023,270,4,13881,2021,1.9451048195374974,1144.0078488372094,4.0,0.06295262274957314,-0.0015911876691065974,35479.0,0.08634679567653625,-0.023394172926963108,,,True
35014,2023,1082,4,16893,2021,6.405019830699106,2489.766313559322,4.0,0.10576215569082592,-0.04155888830133869,33606.0,0.18052481821055966,-0.07476266251973374,,,True
35016,2023,3526,4,175181,2021,2.012775358058237,1758.916442605998,4.0,0.03882405490774543,0.001099094820905533,39148.0,0.0730183093958996,-0.03419425448815416,,,True
35017,2023,572,4,18683,2021,3.061606808328427,1309.366985645933,4.0,0.10479431598673239,0.06091321777598191,37142.0,0.08304659707237416,0.021747718914358227,,,True
35019,2023,1136,4,32766,2021,3.4670084844045657,2519.944170771757,4.0,0.042020380835335436,-0.0693885560712082,34193.0,0.1192471358428806,-0.07722675500754517,,,True
35022,2023,735,4,30372,2021,2.419992097984986,1214.662343572241,4.0,0.05466290222494141,-0.0012937186575090465,33026.0,0.09328654661016955,-0.03862364438522814,,,True
35026,2023,794,4,46739,2021,1.6987954384988981,1323.3278019113814,4.0,0.051800165532026154,0.043674471745437815,34808.0,0.0777471591788712,-0.02594699364684505,,,True
36008,2023,186,4,15731,2021,1.1823787426101329,1391.4955128205129,4.0,0.024116883304637904,-0.05627662004324785,34982.0,0.047773085332614595,-0.02365620202797669,,,True
36026,2023,137,4,12577,2021,1.0892899737616284,1017.3417525773197,4.0,0.0909364443405607,0.09569106845776476,32876.0,0.07021712946384984,0.02071931487671086,,,True
36038,2023,577,4,42646,2021,1.3529991089433944,1449.487870619946,4.0,0.08338697719260968,0.002441518586346003,36854.0,0.0678913969459014,0.015495580246708274,,,True
36045,2023,125,4,14215,2021,0.8793527963418923,1142.0467811158799,4.0,0.10836867299610708,0.10139726233946056,37805.0,0.07440247818796708,0.033966194808140004,,,True
36057,2023,2367,4,144293,2021,1.6404122168088542,1758.1394803320102,4.0,0.061898602644560485,0.00786513811916234,38846.0,0.06064163822525592,0.0012569644193045626,,,True
36060,2023,424,4,21149,2021,2.0048229230696486,1106.2308510638297,4.0,0.08107535538348554,0.03961682674384148,32879.0,0.07514469768810694,0.005930657695378594,,,True
37274,2023,1768,4,92553,2021,1.91025682581872,1643.0770540340486,4.0,0.019678614292770957,-0.027086740801717246,33391.0,0.05420849908442249,-0.03452988479165153,,,True
38001,2023,1370,4,26798,2021,5.112321815060826,2704.3011961722486,4.0,0.1706997468696787,0.07978915684174837,33398.0,0.17132536036194024,-0.0006256134922615342,,,True
38006,2023,2078,4,53746,2021,3.8663342388270756,2076.3312983662945,4.0,0.08834452077677013,0.010568407744445452,30042.0,0.14184720638540482,-0.05350268560863469,,,True
38011,2023,264,4,14205,2021,1.8585005279831046,2052.9916478555306,4.0,0.11576529708729644,0.10781822962389476,38582.0,0.09136682507354599,0.02439847201375045,,,True
38017,2023,662,4,24284,2021,2.7260747817493,1636.4359484777515,4.0,0.08588333525288117,0.004233187620424905,33490.0,0.11722711502535366,-0.03134377977247249,,,True
38023,2023,1117,4,74096,2021,1.5075037788814512,1381.5727945712524,4.0,0.09900047310315263,0.07900161159178709,36633.0,0.07469123126118471,0.02430924184196792,,,True
38026,2023,278,4,17819,2021,1.56013244289803,1211.9384831460673,4.0,0.041125472180274736,-0.03144960414615894,34805.0,0.07885682402901328,-0.03773135184873855,,,True
38028,2023,726,4,20779,2021,3.493912122816305,2107.784365781711,4.0,0.1817623686010612,0.16041145781539967,32185.0,0.09057332610463531,0.0911890424964259,,,True
38031,2023,342,4,17417,2021,1.9635987827984154,1202.1462365591399,4.0,0.08514599676323553,0.06513060407226834,32945.0,0.10412896306722974,-0.01898296630399421,,,True
38038,2023,1715,4,97227,2021,1.7639133162598866,1613.6999112294718,4.0,0.05064589442366896,-0.013978639669389503,39072.0,0.08346736176584768,-0.03282146734217872,,,True
39016,2023,227,4,13768,2021,1.648750726321906,1376.6156378600822,4.0,0.00022760761881746028,-0.059350252673700865,38278.0,0.056061358494730484,-0.055833750875913024,,,True
39020,2023,580,4,24994,2021,2.3205569336640792,2035.520825147348,4.0,0.016264624766716862,-0.03506414899959576,36815.0,0.08301709175418459,-0.06675246698746773,,,True
39075,2023,2250,4,93407,2021,2.4088130439902793,1991.7159793814433,4.0,0.08948871706487127,0.052481592923242504,38641.0,0.05225750231468873,0.03723121475018254,,,True
39087,2023,509,4,26596,2021,1.9138216273123778,1050.9067915690866,4.0,0.039665624807895705,0.0410494181141875,32104.0,0.05148696449626611,-0.011821339688370402,,,True
40194,2023,691,4,29036,2021,2.379804380768701,1529.7723913043478,4.0,0.06199169928509041,0.013852550339717107,37688.0,0.061394615297960975,0.000597083987129432,,,True
41004,2023,929,4,32822,2021,2.8304186216562064,1239.8448031496062,4.0,0.05976474385854158,0.005705653437087621,34143.0,0.07547169811320753,-0.01570695425466595,,,True
41021,2023,455,4,13079,2021,3.4788592400030582,1243.854491017964,4.0,0.10777831389645387,0.10268335090991854,30135.0,0.08461704578174478,0.023161268114709088,,,True
41024,2023,314,4,15565,2021,2.017346610986187,1119.843010752688,4.0,0.025819374356695457,0.026878176225638595,30984.0,0.08105090541153492,-0.05523153105483947,,,True
41034,2023,328,4,13904,2021,2.3590333716915994,1047.3742677824268,4.0,0.00481918583426344,-0.050010116175592145,28848.0,0.08959057259404735,-0.0847713867597839,,,True
41038,2023,2469,4,56736,2021,4.3517343485617594,1488.0901851054668,4.0,0.08158906351649331,0.05023624124080239,37584.0,0.07370586218717867,0.007883201329314637,,,True
41039,2023,441,4,18684,2021,2.3603082851637764,950.7675141242938,4.0,0.0016553451723373414,-0.032142885338350746,29634.0,0.08640979579865826,-0.08475445062632092,,,True
41053,2023,276,4,12629,2021,2.1854461952648667,890.7679715302492,4.0,0.05380295427139492,0.07004302231053994,28448.0,0.06754728309816871,-0.013744328826773788,,,True
41059,2023,428,4,19554,2021,2.188810473560397,1683.4985228951255,4.0,0.018326914936297678,-0.01168013705598936,43081.0,0.05977712725394202,-0.04145021231764434,,,True
41065,2023,231,4,13352,2021,1.7300778909526662,923.5730088495575,4.0,0.020956591581263728,0.01701093679530441,29004.0,0.07184035476718398,-0.05088376318592025,,,True
41069,2023,234,4,16512,2021,1.4171511627906976,1005.5291536050156,4.0,0.0152505025679055,-0.0061129201423035795,28352.0,0.08354352977145907,-0.06829302720355357,,,True
41081,2023,418,4,16016,2021,2.60989010989011,1264.7182149362477,4.0,0.0943907419149752,0.0447649707269242,32823.0,0.08034362451451527,0.01404711740045994,,,True
41091,2023,8235,4,327393,2021,2.5153256178354453,2044.2109579755986,4.0,0.051617458483756096,0.023268633903702707,37940.0,0.06909377817853923,-0.017476319694783138,,,True
41095,2023,809,4,23030,2021,3.5128093790707773,1107.5679190751446,4.0,0.051083087137944405,-0.010130024838671092,30796.0,0.08520685037705267,-0.03412376323910826,,,True
42173,2023,647,4,25244,2021,2.5629852638250674,1161.8298449612405,4.0,0.057507424251921124,0.037784952011209905,37786.0,0.05777951962376138,-0.000272095371840253,,,True
43038,2023,842,4,31733,2021,2.6533892162732804,1895.2873432155075,4.0,0.05018597062524233,0.014572438242742347,40382.0,0.0657130792779479,-0.015527108652705568,,,True
43123,2023,1515,4,51284,2021,2.954137742765775,1199.3207502930832,4.0,0.03470621429655907,0.0059117008899283174,37169.0,0.053931437321008246,-0.01922522302444918,,,True
43148,2023,1854,4,67200,2021,2.7589285714285716,1421.4578999999999,4.0,0.04578098070664849,-0.012757215425217794,39912.0,0.04849471969736774,-0.00271373899071925,,,True
43155,2023,473,4,19654,2021,2.406634781723822,858.0299450549451,4.0,0.008472343376113578,-0.05785674482065506,36864.0,0.06266935716344757,-0.05419701378733399,,,True
43163,2023,905,4,31063,2021,2.913433988990117,1506.1548004314996,4.0,0.055366318403784254,0.009684918244661445,34765.0,0.06520207126880528,-0.00983575286502103,,,True
43905,2023,1176,4,31523,2021,3.7306093963138025,1970.7020731707316,4.0,0.03067601613170634,-0.04293255014840813,35852.0,0.07867737762132565,-0.04800136148961931,,,True
44216,2023,435,4,21490,2021,2.024197301070265,1241.2984984984985,4.0,0.0390696852896355,-0.00029465688100160925,39500.0,0.05395165163562621,-0.014881966345990705,,,True
45081,2023,582,4,12265,2021,4.745209947003669,1339.772201492537,4.0,0.04003712079875554,-0.011062596907512878,39826.0,0.07675669829940257,-0.03671957750064703,,,True
45165,2023,1249,4,43263,2021,2.8869935048424753,819.4527835051546,4.0,0.07411333363582462,0.09413301553145559,30833.0,0.059698927687654724,0.014414405948169895,,,True
45168,2023,925,4,40498,2021,2.284063410538792,1549.6171717171717,4.0,0.09624163617034998,0.06537098580262368,43465.0,0.05420810089740491,0.042033535272945066,,,True
46005,2023,289,4,13175,2021,2.193548387096774,1027.5347540983607,4.0,0.08951841229153135,0.06397493038611501,32487.0,0.06917887115352972,0.020339541138001627,,,True
46017,2023,708,4,24652,2021,2.871977932824923,795.7610169491526,4.0,0.041878496185089764,0.030327735248460552,35088.0,0.06637490882567465,-0.024496412640584886,,,True
46021,2023,404,4,14434,2021,2.798946930857697,1121.731203931204,4.0,0.07531325533826738,0.018534379842577886,33692.0,0.0743965049905928,0.0009167503476745775,,,True
46029,2023,340,4,14059,2021,2.418379685610641,705.3591240875912,4.0,0.049551183541464594,0.07016397621700254,33425.0,0.06564432825352284,-0.01609314471205825,,,True
46078,2023,418,4,17991,2021,2.323383914179312,1156.886913580247,4.0,0.0964726835216656,0.04060787807129351,32145.0,0.06794019933554818,0.028532484186117424,,,True
46094,2023,309,4,12401,2021,2.4917345375372952,1073.7964285714286,4.0,0.10405182437444593,0.0632452926790259,35827.0,0.06418938988890877,0.03986243448553717,,,True
46102,2023,232,4,12037,2021,1.9273905458170641,1104.6093220338983,4.0,0.14262627111464798,0.07514042132127341,32281.0,0.0692613448161643,0.07336492629848368,,,True
46110,2023,388,4,13504,2021,2.873222748815166,1006.3173410404623,4.0,0.07552856708151445,0.050633534169317373,31558.0,0.061558127018299214,0.01397044006321524,,,True
46131,2023,1861,4,54541,2021,3.4121119891457803,1104.9048214285715,4.0,0.07866074684617863,0.0661076744665261,32250.0,0.06699751861042191,0.011663228235756717,,,True
46145,2023,506,4,16908,2021,2.9926661935178616,834.3508860759493,4.0,0.07560569105030845,0.049568612823274405,34270.0,0.07140624023010056,0.004199450820207895,,,True
46159,2023,380,4,14239,2021,2.6687267364281198,1128.8698005698006,4.0,0.11125857467829903,0.06652136265326969,33137.0,0.06659585425518211,0.04466272042311692,,,True
46169,2023,569,4,20270,2021,2.807104094721263,1325.9330783938815,4.0,0.12931558477206395,0.08183406699746198,35060.0,0.08915812364088227,0.04015746113118168,,,True
46181,2023,780,4,21085,2021,3.699312307327484,1140.8563218390805,4.0,0.05537661235686886,-0.008913194309762673,31571.0,0.07420891459680168,-0.01883230223993282,,,True
46184,2023,600,4,19230,2021,3.1201248049921997,712.3207282913165,4.0,0.07640401176164202,0.08794873331708852,33154.0,0.051073138255714357,0.025330873505927665,,,True
46190,2023,942,4,33020,2021,2.852816474863719,1405.9145263157895,4.0,0.13144220591996936,0.06586386482614115,38707.0,0.07450795325208892,0.056934252667880436,,,True
46220,2023,1296,4,41287,2021,3.139002591614794,1015.4144396551724,4.0,0.13312943952835155,0.07636232628454187,34485.0,0.057497700091996284,0.07563173943635526,,,True
46235,2023,452,4,25186,2021,1.7946478202175813,995.1979466119097,4.0,-0.044561953163734236,-0.14422567975855038,33341.0,0.06255975524252655,-0.10712170840626078,,,True
46244,2023,1167,4,40564,2021,2.876935213489794,1143.4718861209963,4.0,0.08282075443123915,0.03496795145646958,36023.0,0.08131716395509403,0.0015035904761451224,,,True
46250,2023,11219,4,414988,2021,2.703451666072272,1896.0785011355033,4.0,0.10909901568899061,0.03606909073475051,40058.0,0.06548568996701776,0.04361332572197285,,,True
47186,2023,3714,4,159363,2021,2.330528416257224,1458.8224489795919,4.0,0.02368796137099194,-0.002360144971556899,37466.0,0.05761467889908256,-0.03392671752809062,,,True
48013,2023,1053,4,46654,2021,2.2570411968963002,2267.2330975954737,4.0,0.01665222654148124,-0.03112201025736372,38597.0,0.09906600603679028,-0.08241377949530904,,,True
48015,2023,354,4,19257,2021,1.8382925689359713,2133.7129921259843,4.0,0.02796358253531861,0.017220354011601824,37239.0,0.09536135541371293,-0.06739777287839432,,,True
48020,2023,3585,4,165685,2021,2.163744454839002,2773.185736615865,4.0,0.013679549968695248,-0.051440241273929876,44813.0,0.09604754683754835,-0.0823679968688531,,,True
48027,2023,306,4,13360,2021,2.2904191616766467,2230.613529411765,4.0,0.007378443478173846,-0.03601385220263342,49291.0,0.09377565738377891,-0.08639721390560506,,,True
48036,2023,232,4,13683,2021,1.695534604984287,2154.671764705882,4.0,-0.03391843967363728,-0.1210057740839835,45218.0,0.07787657028437933,-0.11179500995801661,,,True
48044,2023,665,4,34366,2021,1.93505208636443,3421.56786389414,4.0,0.0503442722535381,-0.003437931727183763,61310.0,0.0789645038100768,-0.0286202315565387,,,True
48054,2023,255,4,13804,2021,1.8472906403940887,2873.598058252427,4.0,0.016418329330066594,-0.041098090225823336,48812.0,0.09882490657782173,-0.08240657724775513,,,True
48078,2023,443,4,21560,2021,2.0547309833024117,2298.456321839081,4.0,-0.000714611608590543,-0.049842475800703,39248.0,0.09612914036753617,-0.09684375197612671,,,True
48082,2023,504,4,21669,2021,2.3259033642530804,2233.0757961783443,4.0,0.031665453767270924,0.018322709118536507,38832.0,0.1073027460149989,-0.07563729224772797,,,True
48084,2023,333,4,13547,2021,2.458108806377796,1826.562831858407,4.0,-0.02655696725729151,-0.09935436610062942,34327.0,0.10721543076476481,-0.13377239802205632,,,True
49275,2023,778,4,39710,2021,1.9592042306723747,1109.4171842650103,4.0,0.03469282950786301,-0.001799123743767339,32824.0,0.0592487414483025,-0.02455591194043949,,,True
50297,2023,7786,4,338961,2021,2.2970194211133435,1622.874340527578,4.0,0.017943803134306213,-0.0514271060517586,39345.0,0.05729180662671651,-0.0393480034924103,,,True
51001,2023,547,4,28315,2021,1.9318382482782976,1837.574603174603,4.0,-0.0003548013406265982,-0.032121679721143104,44907.0,0.06117963986955899,-0.061534441210185586,,,True
52001,2023,478,4,29347,2021,1.6287865880669234,1836.8633233532933,4.0,0.04118108167685408,-0.010463895419236424,45989.0,0.05911749804246691,-0.01793641636561283,,,True
01059,2024,3232,4,119853,2021,2.6966367133071345,2306.6330527926543,4.0,0.016312964393331075,-0.011175562431809949,,,,,,False
02003,2024,1989,4,86881,2021,2.28933829030513,1430.9463362068966,4.0,0.038662043480931274,-0.05563252661486762,,,,3.3064930615041974,,False
02009,2024,289,4,13292,2021,2.174240144447788,717.541791044776,4.0,-0.0017584035697288947,0.014300541424352664,,,,3.4626038781163433,,False
02037,2024,323,4,16661,2021,1.938659144108997,684.4597285067873,4.0,0.03968832899496988,0.0435736741033963,,,,3.945772386728505,,False
02081,2024,202,4,15102,2021,1.337571182624818,628.2399014778325,4.0,0.048823583351254696,0.03911377336963073,,,,3.461096464544041,,False
03009,2024,1193,4,33876,2021,3.5216672570551424,788.5029449423816,4.0,0.08373675069219355,0.04615820318207842,,,,3.9068417066397374,,False
03014,2024,7122,4,187658,2021,3.7952019098572936,1755.1779921087243,4.0,0.1264150585353372,-0.0008264698279536464,,,,4.597395694924263,,False
03031,2024,2317,4,60479,2021,3.8310818631260437,2469.5302257114818,4.0,0.09457982490612049,0.034256884792508435,,,,8.460451289049175,,False
03047,2024,1161,4,26156,2021,4.4387521027680075,2421.413615023474,4.0,0.1388086319251285,0.03508340819109379,,,,6.012670232540495,,False
03050,2024,947,4,26801,2021,3.533450244393866,2232.731855500821,4.0,0.06296488283024249,-0.03626941534528716,,,,4.934210526315789,,False
03059,2024,376,4,15357,2021,2.448394868789477,810.983606557377,4.0,0.06255621566970038,-0.028647227122503782,,,,3.0936790057463583,,False
03063,2024,1768,4,45237,2021,3.908305148440436,2273.016777251185,4.0,0.16570210047735934,0.05390748488112074,,,,6.339384235920292,,False
03065,2024,3613,4,116080,2021,3.1125086147484495,1210.6690007570023,4.0,0.08851161721929279,-0.0119809071291761,,,,3.6231447104326926,,False
03066,2024,1013,4,27488,2021,3.685244470314319,708.6981268011527,4.0,0.05632738948876015,-0.02236956543464874,,,,4.017407422331466,,False
03082,2024,1056,4,26819,2021,3.9375069913121297,2784.490338164251,4.0,0.13682874654726684,0.0743462452746817,,,,5.598557150371985,,False
03093,2024,433,4,13780,2021,3.142235123367199,746.4044619422572,4.0,0.06880393631553217,0.006680830311510677,,,,2.705271623894129,,False
03099,2024,5398,4,88508,2021,6.098883716726172,1556.5225144660703,4.0,0.10930946500474037,0.05840209790144213,,,,4.012976624300062,,False
03104,2024,442,4,16474,2021,2.6830156610416416,799.9498498498498,4.0,0.15057171220711307,0.18668835770772785,,,,2.083590186166934,,False
03121,2024,2001,4,45155,2021,4.4314029454102535,1889.1631782945735,4.0,0.1483332897469829,0.08077068128313458,,,,3.3132804666848967,,False
03122,2024,738,4,27151,2021,2.7181319288424,1441.4059972106,4.0,0.10641546063652263,0.011967614312989205,,,,3.5744966944309566,,False
03133,2024,7260,4,122736,2021,5.915134923738757,1689.2027434842248,4.0,0.10298604597655259,-0.013547004527251882,,,,2.890716614994137,,False
03139,2024,1070,4,25780,2021,4.150504266873545,1676.0860294117647,4.0,0.10973156715117294,0.03393814850216015,,,,5.445583287692669,,False
03140,2024,465,4,18609,2021,2.4987909076253425,709.6980821917808,4.0,0.0738634600072019,-0.010345045480034232,,,,3.045520816458772,,False
04013,2024,3309,4,100957,2021,3.2776330516952763,1406.7527979766044,4.0,0.0489692795241381,-0.00888595671749104,,,,4.227244470290974,,False
04066,2024,485,4,15503,2021,3.1284267561117205,1175.5353982300885,4.0,0.14158860964934683,0.04499726788318115,,,,7.005394959336501,,False
04079,2024,2559,4,62150,2021,4.117457763475462,1355.793310875842,4.0,0.11989856623268857,0.07517489094750829,,,,10.731515211184405,,False
04902,2024,1742,4,40014,2021,4.353476283300845,1047.9711449371277,4.0,0.03349871295998441,-0.008545125003197596,,,,8.530007630173388,,False
05019,2024,1028,4,34843,2021,2.9503774072267026,1280.6990373044523,4.0,0.13982099504794276,0.10290001475664634,,,,3.303644196064734,,False
06011,2024,547,4,17292,2021,3.1633125144575525,845.6725301204818,4.0,0.05921441595175492,0.08303321163403588,,,,4.21351570650284,,False
06015,2024,2104,4,74594,2021,2.820602193205888,1419.9420168067227,4.0,0.06988896381568255,0.005190092998067719,,,,2.660180791559526,,False
06044,2024,511,4,21262,2021,2.4033486972062836,942.9354625550661,4.0,0.04510709538444857,-0.046171223222922775,,,,2.1120030581039755,,False
06083,2024,917,4,31358,2021,2.9242936411760954,934.2192010309279,4.0,0.029099151204701634,-0.013173117849690108,,,,2.623167257313599,,False
06153,2024,271,4,14092,2021,1.9230769230769231,759.5845493562232,4.0,0.019276081820828628,-0.02844565715580183,,,,1.071506669582331,,False
07011,2024,1231,4,36492,2021,3.3733421023786034,4633.850131233596,4.0,0.13564231016864792,-0.009740150578407158,,,,5.200732579435448,,False
07015,2024,608,4,17887,2021,3.3991166769161962,2998.563021868787,4.0,0.09827862434833823,-0.0027140739153814764,,,,8.761311891175284,,False
07026,2024,521,4,23938,2021,2.1764558442643493,4852.371586715867,4.0,0.12842495745529203,0.07082854241377046,,,,11.625603565680327,,False
07027,2024,505,4,15863,2021,3.183508794049045,1966.5526881720427,4.0,0.1256567994165203,0.011703893337450477,,,,3.651641275325899,,False
07031,2024,604,4,23312,2021,2.590940288263555,2853.498753894081,4.0,0.08619133902322629,-0.02302370136709264,,,,3.390108090402882,,False
07032,2024,359,4,15173,2021,2.3660449482633625,2312.0576555023927,4.0,0.11143238117026333,-0.005971081538293843,,,,7.593425119415566,,False
07033,2024,581,4,28571,2021,2.0335305029575443,2184.9226487523997,4.0,0.1644664570903167,0.02999880741300176,,,,4.170058462221564,,False
07036,2024,280,4,15048,2021,1.8607123870281765,2936.130416666667,4.0,0.07689016042658925,0.0019057205364247931,,,,2.2998673153471914,,False
07040,2024,4973,4,186482,2021,2.6667453159018026,2965.9307212055974,4.0,0.11694263923723947,0.008497456378025792,,,,5.245479199252816,,False
07054,2024,455,4,22810,2021,1.994739149495835,5420.5495867768595,4.0,0.12900188301017423,0.01615911545480575,,,,13.767566621960464,,False
08015,2024,2639,4,91915,2021,2.871130936191046,2390.0387935805206,4.0,0.058904318447746906,0.008836989423050223,,,,5.7936437480580585,,False
08019,2024,17573,4,808751,2021,2.1728566641648666,3873.4470998368197,4.0,0.063695791619375,0.03949983000295787,,,,7.811889973380657,,False
08056,2024,742,4,28708,2021,2.5846453950118433,3685.757985757884,4.0,0.043704454591322994,0.00559024286713905,,,,5.82810905379793,,False
08073,2024,930,4,37034,2021,2.5112059188853486,2610.7100938967137,4.0,0.06123194608168614,0.02392700182467289,,,,4.162414145036273,,False
08077,2024,598,4,19420,2021,3.079299691040165,3088.029237288136,4.0,0.06623480328987474,0.04863742814089611,,,,5.714439019155443,,False
08089,2024,544,4,20359,2021,2.6720369369811876,2876.3575842696628,4.0,0.05088089628178527,0.02773342595636863,,,,4.048420312421518,,False
08096,2024,704,4,26298,2021,2.677009658529166,2084.9201086956523,4.0,0.03366204517844462,-0.013657817202604283,,,,7.381691233514352,,False
08101,2024,3198,4,110488,2021,2.8944319745130693,2513.345169578623,4.0,0.06358074614458054,0.01299926217841807,,,,6.341133860040911,,False
08102,2024,471,4,18257,2021,2.5798323930547187,1495.3901030927834,4.0,0.05606816970446604,-0.009174349086133127,,,,8.171930436805678,,False
08113,2024,1175,4,40136,2021,2.9275463424357184,1285.706915377616,4.0,0.06844650757992388,0.011098610622124028,,,,10.25793591765091,,False
08114,2024,438,4,10685,2021,4.099204492278895,1910.528151260504,4.0,0.09108397366026244,0.10501450673177604,,,,7.234398216939079,,False
08121,2024,1669,4,52996,2021,3.149294286361235,2143.7351939451273,4.0,0.044288607390197576,-0.009683610466813208,,,,7.075280051076673,,False
08124,2024,651,4,20857,2021,3.1212542551661313,2124.9066897347175,4.0,0.0584826777965477,0.024103495772001438,,,,5.326806795277858,,False
08125,2024,417,4,15304,2021,2.7247778358599057,2016.125837320574,4.0,0.02886760638618746,-0.007629278960880281,,,,5.768840138127159,,False
08163,2024,444,4,16297,2021,2.7244278087991654,1898.511196911197,4.0,0.0744678220413888,0.021601736984765196,,,,5.158090514569126,,False
08169,2024,663,4,26518,2021,2.5001885511727884,2596.2613684210523,4.0,0.05044292995194244,0.010999128108746259,,,,2.399106592729513,,False
08172,2024,306,4,12313,2021,2.485178266872411,2474.3325431034477,4.0,0.029140949331526445,0.0064178598252164765,,,,3.928336620644313,,False
08180,2024,430,4,15427,2021,2.787320930835548,2156.9998525073743,4.0,0.06585419272524762,0.01061203262431687,,,,4.826127198201772,,False
08184,2024,1055,4,32476,2021,3.248552777435645,2057.4738762214984,4.0,0.05964883277219446,0.026987214385931102,,,,7.002325727575586,,False
08187,2024,2915,4,92772,2021,3.1421118440908895,2039.9919382504288,4.0,0.051112369678860015,-0.0006013766881802773,,,,7.72097280334728,,False
08194,2024,455,4,14877,2021,3.0584123143106807,2217.1902027027027,4.0,0.017861806361730848,-0.05315852110638697,,,,4.309710232215753,,False
08196,2024,262,4,10536,2021,2.486712224753227,2230.128746928747,4.0,0.027015270711997053,0.015134452024727407,,,,4.363207547169812,,False
08200,2024,1004,4,33904,2021,2.961302501179802,2400.2692660550456,4.0,0.031059326756569305,-0.011386054690675218,,,,4.355581983053367,,False
08205,2024,1137,4,35770,2021,3.1786413195415153,4269.526147123089,4.0,0.05120415750523044,0.006234734566642253,,,,10.574612823852945,,False
08211,2024,478,4,18719,2021,2.553555211282654,2803.1800925925927,4.0,0.0190806739838576,-0.031925263323170805,,,,3.7392241379310347,,False
08217,2024,473,4,13577,2021,3.483832952787803,2898.9347978910373,4.0,-2.4226342941302548e-05,-0.05154472753328587,,,,6.040851803563668,,False
08231,2024,491,4,14150,2021,3.469964664310954,2180.676066024759,4.0,0.04315806737306116,0.000456139566243019,,,,6.045038705137228,,False
08245,2024,1330,4,48100,2021,2.765072765072765,2128.281734417344,4.0,0.09195957158486134,0.05687187824546691,,,,6.0169876158983335,,False
08252,2024,473,4,13768,2021,3.435502614758861,2252.114893617021,4.0,0.05215010117452623,0.005263211777926324,,,,4.633523580654852,,False
08260,2024,296,4,10045,2021,2.9467396714783476,2041.3144708423324,4.0,0.03192378431989784,-0.004039402319073071,,,,4.500514933058702,,False
08263,2024,301,4,11530,2021,2.6105810928013877,2093.734548944338,4.0,0.055281514774091045,0.059220271925886414,,,,2.969198039034317,,False
08266,2024,565,4,23858,2021,2.3681783888004024,2495.934491017964,4.0,0.03721219380825169,-0.017924074382025257,,,,3.9679135209334246,,False
08270,2024,573,4,19230,2021,2.9797191887675507,4161.685049833887,4.0,0.05743593451132867,0.010463427368216482,,,,12.073878627968337,,False
08279,2024,3330,4,101134,2021,3.292661221745407,1907.5318304779078,4.0,0.04324956178471373,-0.0009974304614355223,,,,8.951219512195122,,False
08298,2024,699,4,19836,2021,3.5238959467634605,1697.3575645756457,4.0,0.06512759652821276,0.0008879429155221885,,,,10.38220193953223,,False
08301,2024,945,4,26586,2021,3.5545023696682465,2578.997192402973,4.0,0.05064411438581007,0.008626391014431523,,,,3.4786944348559814,,False
08305,2024,537,4,18264,2021,2.940210249671485,1701.9307692307693,4.0,0.08855752097212677,0.05396904441416117,,,,7.437785961388238,,False
08307,2024,1337,4,33155,2021,4.0325742723571105,2163.498282967033,4.0,0.053844374776774506,-0.018150576731567725,,,,7.463485268194409,,False
09018,2024,482,4,19708,2021,2.445707326973818,1209.0585139318885,4.0,0.04383685763264489,0.0002824503357348185,,,,2.786215565098984,,False
09059,2024,2506,4,93766,2021,2.672610541134313,1561.4507478632477,4.0,0.06170887704811667,0.03196754526040402,,,,2.508425001589623,,False
09219,2024,644,4,21007,2021,3.0656447850716426,1126.0915367483296,4.0,0.07904490568455746,0.07230643065404263,,,,1.9717897408365463,,False
10037,2024,1743,4,53756,2021,3.242428752139296,1262.979983593109,4.0,0.06081355663517307,0.030008997134265414,,,,1.7976742474424081,,False
10148,2024,599,4,22443,2021,2.6689836474624604,937.5955156950672,4.0,0.007832311753096288,-0.013092535888280299,,,,2.081250568026902,,False
11004,2024,1791,4,55815,2021,3.208814834721849,1233.662992575671,4.0,0.052707423696366495,0.004260909333352103,,,,4.137893236873835,,False
11006,2024,470,4,15460,2021,3.0401034928848643,983.4464497041421,4.0,0.06455796170924821,0.045230771435263106,,,,3.60413013832067,,False
11012,2024,1228,4,56479,2021,2.1742594592680464,2616.0811059907833,4.0,0.08824901731550328,0.023710756325350912,,,,4.264351181862036,,False
11015,2024,1660,4,49229,2021,3.371996181112759,1741.6188828172433,4.0,0.0815459975030981,0.018132464434160944,,,,5.848183290904883,,False
11020,2024,2834,4,92974,2021,3.0481640028395036,1322.1580862533694,4.0,0.07980599032818514,-0.03121341393400523,,,,4.699231613611416,,False
11022,2024,895,4,30028,2021,2.980551485280405,1310.0109902067463,4.0,0.06583729842866104,-0.007641519720789303,,,,4.975819085893331,,False
11027,2024,1461,4,49077,2021,2.976954581575891,1982.0378809869374,4.0,0.0778060667846241,-0.01518670954568635,,,,4.545652363129951,,False
11028,2024,479,4,18626,2021,2.5716740040803177,1496.6752495009978,4.0,0.08557568599183352,-0.004744872435864744,,,,1.5127677598935012,,False
11030,2024,656,4,26868,2021,2.441566175375912,2334.6499222395023,4.0,0.09964141429388684,0.008196148189771435,,,,3.2694848084544255,,False
11031,2024,1050,4,39564,2021,2.653927813163482,1562.33290529695,4.0,0.10349837989649702,0.019119460656125797,,,,2.1494344268602354,,False
11032,2024,837,4,34536,2021,2.4235580264072274,1597.8987421383647,4.0,0.08634102053136816,0.0031550366068093805,,,,3.2647487819259533,,False
11033,2024,849,4,19625,2021,4.326114649681529,1982.9506588579795,4.0,0.11609670275513229,-0.0025904461684875812,,,,10.732556299773218,,False
12009,2024,574,4,15657,2021,3.6660918439036854,900.3810810810811,4.0,0.07415188858552746,0.024933864462393318,,,,5.47760907168941,,False
12027,2024,533,4,17897,2021,2.9781527630329103,1147.1037617554857,4.0,0.15838270895146356,0.08576549730728122,,,,7.009107880296431,,False
12032,2024,792,4,20301,2021,3.901285650953155,850.0994594594595,4.0,0.04501253013101403,0.004792157044225531,,,,3.8844523316573007,,False
12040,2024,2880,4,91229,2021,3.1568909009196635,1160.744768439108,4.0,0.06820890770158372,-0.002965119694665841,,,,4.814329099944782,,False
12084,2024,416,4,14658,2021,2.8380406603902304,821.5353887399463,4.0,0.06974616402305345,0.008519142615747821,,,,4.500316923727023,,False
12126,2024,459,4,15906,2021,2.885703508110147,751.8556053811659,4.0,0.024724634497965692,0.0001249375046061818,,,,2.7125016785282665,,False
12135,2024,817,4,25363,2021,3.2212277727398178,911.3005617977528,4.0,0.11113866561967356,0.09041931910644863,,,,4.41755768148565,,False
12138,2024,704,4,20887,2021,3.370517546799445,1243.1176470588234,4.0,0.10193254032915089,0.10374585254782376,,,,4.500261643118786,,False
13005,2024,491,4,17129,2021,2.8664837410239943,783.314467005076,4.0,0.012576445006434955,-0.023541042072717344,,,,4.104173203639786,,False
13034,2024,1291,4,41592,2021,3.103962300442393,1144.8190715181934,4.0,0.085513648506504,0.07734088075586798,,,,3.113648157758173,,False
13071,2024,814,4,26589,2021,3.061416375192749,592.411052631579,4.0,-0.00036172319978811096,-0.03493701560300955,,,,2.7471068108518306,,False
13082,2024,499,4,19217,2021,2.5966592079929227,630.5875324675325,4.0,0.07653378244735465,0.1189859643869281,,,,5.096015745518379,,False
13087,2024,444,4,17368,2021,2.556425610317826,740.1752659574468,4.0,0.04831057710131237,0.09592318932027022,,,,3.9755710846203534,,False
14021,2024,5601,4,155400,2021,3.6042471042471043,1450.5995586380832,4.0,0.050252757394359415,0.03754187065046333,,,,3.2548957172424773,,False
14038,2024,650,4,21141,2021,3.0745943900477744,912.2380658436214,4.0,0.041641662458522966,-0.0029906580595961962,,,,5.608633235978417,,False
14056,2024,389,4,14955,2021,2.6011367435640254,870.8638968481375,4.0,0.0679592658202155,0.07124454953433967,,,,2.495385246462022,,False
15002,2024,374,4,16701,2021,2.239386863062092,1355.8025423728814,4.0,0.11818463187582195,0.05514201825294607,,,,1.9544959457824034,,False
15005,2024,327,4,17841,2021,1.8328569026399866,1239.040975609756,4.0,0.11315208069791027,0.0706196899896514,,,,1.7626246381473143,,False
15019,2024,320,4,19427,2021,1.6471920522983476,883.9535885167465,4.0,0.07922497640908954,0.01319653370854379,,,,1.5596705415035925,,False
15030,2024,2951,4,136205,2021,2.1665871296942107,2173.2501166407465,4.0,0.07942976776722044,-0.0018536778235083151,,,,3.085344807390459,,False
15031,2024,318,4,15752,2021,2.0187912646013206,1548.427562642369,4.0,0.07585049765983243,-0.004418278075003057,,,,2.396103896103896,,False
15036,2024,1226,4,42672,2021,2.8730783652043494,890.7965071151358,4.0,0.12833416417665933,0.10387603148164914,,,,2.503432718713221,,False
15054,2024,578,4,21735,2021,2.6593052680009204,899.5394686907022,4.0,0.07216882897341925,0.0981512580430478,,,,2.672858617131063,,False
15058,2024,437,4,19268,2021,2.2680091343159643,1780.6447706422018,4.0,0.11874727077945835,0.08104908072020778,,,,3.223640026863667,,False
15073,2024,306,4,17097,2021,1.7897876820494825,1136.6018248175183,4.0,0.09651277158314309,0.05254294780497548,,,,3.595322953792284,,False
15078,2024,798,4,56746,2021,1.4062665209882634,1940.7142091152816,4.0,0.07095097639113623,0.017080260238048872,,,,2.244140300326924,,False
16078,2024,861,4,31611,2021,2.7237354085603114,1277.5305263157893,4.0,0.06794799585868772,0.056900561040017505,,,,2.8065992137655473,,False
17023,2024,675,4,25589,2021,2.6378522021180975,1798.714705882353,4.0,0.06202602033005822,0.01036306042974,,,,5.965245616118434,,False
17066,2024,639,4,21062,2021,3.0338999145380305,1225.6653614457832,4.0,0.06728599344739838,0.06250198708000343,,,,11.51923076923077,,False
17079,2024,1461,4,50333,2021,2.9026682295909243,2058.2631349782296,4.0,0.0999837728191646,0.08780996743873071,,,,10.552237067602869,,False
17095,2024,867,4,25496,2021,3.400533417006589,1934.2286092715233,4.0,0.029644900870540836,-0.003391325492107411,,,,9.220941535897792,,False
17114,2024,400,4,16713,2021,2.393346496739065,1417.122434367542,4.0,0.0257295204858754,-0.0019235131603432265,,,,7.364922114319233,,False
17155,2024,479,4,11642,2021,4.114413331042776,1086.8430513595165,4.0,-0.0042574518127120875,0.024116397719528226,,,,13.312297458638922,,False
18017,2024,771,4,29769,2021,2.5899425576942456,2047.4732673267326,4.0,0.0888196088673805,0.08732874919948586,,,,3.2465144270955233,,False
18087,2024,3916,4,141257,2021,2.7722519945914184,1961.7758643840214,4.0,0.07922868933588179,0.0388043221008465,,,,5.083713196295978,,False
18140,2024,968,4,32841,2021,2.947535093328461,1240.6673535791758,4.0,0.04437739728687751,-0.01976633761026081,,,,2.7864631230457975,,False
19046,2024,603,4,14220,2021,4.2405063291139244,1570.6196638655463,4.0,0.07770226967151483,0.03624455099917667,,,,3.422913719943423,,False
19130,2024,1333,4,41937,2021,3.1785773898943654,1591.1941908713693,4.0,0.10818046726476549,0.014755368468803987,,,,3.05579116011686,,False
20030,2024,353,4,13535,2021,2.6080531954192834,1795.3529411764705,4.0,0.016124256138425608,-0.019002750120765466,,,,,,False
20045,2024,765,4,28045,2021,2.7277589588161884,2413.452083333333,4.0,0.0387792720316702,0.007552046690220804,,,,,,False
20067,2024,376,4,17999,2021,2.089004944719151,2612.593984962406,4.0,0.08111266795653171,0.05480724115807112,,,,,,False
20069,2024,2167,4,94733,2021,2.287481658978392,4367.048114630467,4.0,0.014604440556593934,-0.01747694460286997,,,,,,False
21041,2024,2068,4,68714,2021,3.009575923392613,1294.860776505724,4.0,0.051391742917816785,-0.0434468058596309,,,,3.2999206749837744,,False
21044,2024,584,4,21967,2021,2.658533254427095,1501.0592145015105,4.0,0.07203705390493509,0.08065717266309336,,,,5.515759312320917,,False
22125,2024,745,4,29309,2021,2.5418813333788255,1560.2132673267326,4.0,0.11555599798550031,0.07400663466906776,,,,3.073245688919242,,False
23005,2024,456,4,20048,2021,2.274541101356744,768.9158995815899,4.0,0.0011156345840659387,-0.019577877796382426,,,,1.9815668202764978,,False
23050,2024,1614,4,58293,2021,2.768771550614997,1178.4781852082037,4.0,0.0085954448517922,-0.005139907452784476,,,,1.9046146976488572,,False
23055,2024,989,4,29385,2021,3.365662753105326,769.5278481012659,4.0,0.03326381900867492,0.038971008223517734,,,,2.7358882125069175,,False
23092,2024,477,4,18318,2021,2.603996069439895,925.3781316348195,4.0,0.01124696369122713,-0.05779175313647045,,,,1.9308537905109073,,False
24089,2024,2253,4,79199,2021,2.8447328880415155,1319.8217328519856,4.0,0.04027041891427219,0.018770097348288495,,,,3.5316890744130314,,False
24115,2024,839,4,42549,2021,1.9718442266563256,842.4154078549849,4.0,0.036537801497048106,0.014155494518298006,,,,2.297139738532907,,False
24142,2024,356,4,17161,2021,2.0744711846628983,990.9195822454307,4.0,0.029818305409053947,-0.025172456049466163,,,,1.6682785299806577,,False
25120,2024,2237,4,68299,2021,3.27530417722075,1148.1889102256362,4.0,0.055680906752254566,-0.012461014905444712,,,,8.755023748629887,,False
26089,2024,2312,4,78908,2021,2.9299944238860447,1551.7410828025477,4.0,0.09014192356817219,0.035001717164738766,,,,3.1473605835363005,,False
27028,2024,1148,4,62648,2021,1.8324607329842932,1177.5977033492825,4.0,0.04309196971960727,-0.033123009631743194,,,,2.2019460624221407,,False
28005,2024,2428,4,79588,2021,3.050711162486807,2120.6602132895814,4.0,0.07461275914957621,-0.0010448887732463774,,,,3.702839744140649,,False
28006,2024,1373,4,42744,2021,3.2121467340445444,3666.5439918533602,4.0,0.04583856991220747,-0.005321226690533587,,,,6.517620310723759,,False
28007,2024,1428,4,70601,2021,2.022634240308211,2594.1895734597156,4.0,0.028658603601984245,-0.06855250359989062,,,,1.9808944976716047,,False
28013,2024,843,4,25682,2021,3.282454637489292,1700.9342307692307,4.0,0.06818276568055848,-0.013975908723470987,,,,7.158089566651913,,False
28014,2024,1198,4,21573,2021,5.553237843600797,1952.508734939759,4.0,0.0744810086036658,-0.0034482051510322798,,,,7.194308979464006,,False
28022,2024,805,4,19874,2021,4.0505182650699405,3508.652443280977,4.0,0.06781371842737838,-0.002272464752192338,,,,7.981573751997744,,False
28045,2024,777,4,20461,2021,3.7974683544303796,2410.256753407683,4.0,0.05099756106312192,-0.06055265394011733,,,,4.473894449927158,,False
28047,2024,1076,4,27922,2021,3.853592149559487,2246.4699300699303,4.0,0.10430429501981897,0.03226267573808794,,,,5.509050583100809,,False
28049,2024,714,4,31337,2021,2.2784567763346844,2430.268846611177,4.0,0.08358561337361592,0.00953893206156975,,,,2.0275439938791124,,False
28058,2024,1571,4,70944,2021,2.214422643211547,2110.69384765625,4.0,0.07738539841139569,0.03137148783643662,,,,2.2070783554882496,,False
28061,2024,496,4,15295,2021,3.2428898332788494,2178.711856474259,4.0,0.1114637932721696,0.06184807416772786,,,,4.470412392146206,,False
28065,2024,2210,4,79835,2021,2.768209431953404,2409.93711291091,4.0,0.09339614352961378,0.050091937117174634,,,,4.26645024347609,,False
28074,2024,1542,4,77962,2021,1.9778866627331264,2392.0114883984156,4.0,0.0940884827677766,0.03342436746779942,,,,2.3192728488230077,,False
28079,2024,45760,4,1533221,2021,2.9845664780224115,4225.13043045426,4.0,0.11701578942996127,0.06420919727862762,,,,6.634399406278903,,False
28080,2024,675,4,25577,2021,2.6390898072487,3863.6025612472163,4.0,0.04058499104820368,-0.017411816593656537,,,,7.946026986506746,,False
28092,2024,1792,4,82103,2021,2.182624264643192,2222.3183072677093,4.0,0.09783266055253281,0.04213498109143998,,,,3.8514857452835876,,False
28096,2024,406,4,12156,2021,3.3399144455412966,1882.1460554371001,4.0,0.07699956696874843,0.04036190312111754,,,,6.634113487119044,,False
28106,2024,1538,4,47256,2021,3.254613170814288,1757.1307830245069,4.0,0.10537552442926357,0.03953037685203853,,,,7.560327415754226,,False
28113,2024,587,4,21507,2021,2.7293439345329427,2280.443937007874,4.0,0.07882559510576481,0.03778345162897079,,,,6.863159874018709,,False
28115,2024,841,4,32327,2021,2.6015405079345437,4158.279690189329,4.0,0.08124031480271521,0.010627099255819727,,,,7.717237838531639,,False
28123,2024,968,4,35980,2021,2.690383546414675,2618.9066022544284,4.0,0.06449546857837007,0.0015532122134491733,,,,4.493464052287582,,False
28127,2024,1069,4,35404,2021,3.019432832448311,3527.442334384858,4.0,0.08726564613443388,0.05921847028286176,,,,6.479227864036928,,False
28130,2024,319,4,15621,2021,2.042122783432559,2252.720273348519,4.0,0.0456778000706497,-0.002564477894905881,,,,3.641622296719911,,False
28134,2024,1158,4,36032,2021,3.213809946714032,3050.7810166799045,4.0,0.05171968920449266,0.02329005578947796,,,,4.64457660719343,,False
28148,2024,1739,4,50494,2021,3.4439735414108608,2230.229844337091,4.0,0.0732328711144501,0.002311353858741816,,,,5.726045064866095,,False
28161,2024,1505,4,28896,2021,5.208333333333333,2015.7187083888152,4.0,0.08139067750243734,0.041161135302442364,,,,6.12661898955278,,False
28181,2024,684,4,11252,2021,6.07891930323498,2706.8699669966995,4.0,0.09447907164257496,0.05431778019289846,,,,6.148867313915858,,False
28903,2024,627,4,18542,2021,3.3815122424765396,3432.949803407602,4.0,0.06858776273987832,-0.0014655144702522271,,,,5.952320696462014,,False
29007,2024,489,4,17000,2021,2.876470588235294,2173.701342281879,4.0,0.09757434915079188,0.008646436329093676,,,,3.5597005122816237,,False
29015,2024,553,4,20944,2021,2.640374331550802,1203.1881873727089,4.0,0.052819322374858535,0.008213588676501793,,,,3.3819440503886966,,False
29025,2024,2299,4,48663,2021,4.724328545301359,2945.8023724792406,4.0,0.14554915546629066,0.04243198300038187,,,,7.177322074788902,,False
29051,2024,3163,4,50366,2021,6.280030179089068,2702.395588235294,4.0,0.16172992696386967,0.04764160204013668,,,,7.995198079231693,,False
29054,2024,2391,4,48887,2021,4.890870783643914,2950.34189085319,4.0,0.14217793343710583,0.050416096887587525,,,,7.988511439041299,,False
29067,2024,7240,4,261857,2021,2.764867847718411,2555.245899182561,4.0,0.12638886418599893,0.005835304713879275,,,,4.396108949416343,,False
29069,2024,4743,4,100282,2021,4.72966235216689,3403.8239590218113,4.0,0.09630342307328221,-0.004375079566809381,,,,10.88637235309554,,False
29070,2024,3800,4,62030,2021,6.126068031597614,2618.938370620515,4.0,0.14013775624861124,0.038196433625417914,,,,6.144468245967742,,False
29082,2024,786,4,27620,2021,2.8457639391745113,2713.6154013015184,4.0,0.1364371503466586,0.04117204180324596,,,,3.7621269347552397,,False
29084,2024,522,4,19462,2021,2.682149830438804,1271.2753623188405,4.0,0.054438119139772034,0.05213068755910677,,,,2.6951390156354567,,False
29094,2024,1667,4,50454,2021,3.3039996828794544,1992.596399099775,4.0,0.14358257946305986,0.04100155463591859,,,,2.5575884374799855,,False
29901,2024,1566,4,42938,2021,3.647119101960967,2991.9771671826625,4.0,0.17216472289245077,0.05638392466140729,,,,5.115400188959374,,False
30003,2024,926,4,26137,2021,3.542870260550178,1111.2253353204173,4.0,0.040608560907855695,-0.04800070024068703,,,,6.462185894063853,,False
30005,2024,577,4,18107,2021,3.186612912133429,867.9122377622379,4.0,0.12569836965855385,0.10084242699107482,,,,5.457564998281984,,False
30015,2024,318,4,14630,2021,2.173615857826384,754.0100917431192,4.0,0.0034010125244332556,-0.0276267283755407,,,,2.6748485563684996,,False
30016,2024,3548,4,125253,2021,2.8326666826343483,1210.6139934776163,4.0,0.06577442852749371,0.006564900909108884,,,,5.71216261565751,,False
30019,2024,367,4,16704,2021,2.1970785440613025,883.8192837465565,4.0,0.03660241125719921,0.019570940476589582,,,,1.7535431179437906,,False
30022,2024,377,4,13679,2021,2.756049418817165,681.2989323843416,4.0,-0.011731296967629978,-0.11322004201193403,,,,3.183919008143203,,False
30024,2024,806,4,42431,2021,1.8995545709504844,965.7285087719298,4.0,0.033351751979479705,-0.03384433375440188,,,,5.168421303922271,,False
30026,2024,1255,4,31537,2021,3.979452706344928,1281.4573149741823,4.0,0.07163196006567207,0.07221080661793067,,,,3.292760620997217,,False
30027,2024,1028,4,32908,2021,3.123860459462745,1012.4246400000001,4.0,0.031452596189245785,-0.03869218427907373,,,,4.802138684445032,,False
30030,2024,6814,4,219740,2021,3.100937471557295,1309.7685410334348,4.0,0.05841191718158201,0.012130381196426843,,,,5.8134928303637,,False
30035,2024,1789,4,41372,2021,4.324180605240259,1447.0193308550188,4.0,0.0695254587203229,0.01585869778959803,,,,5.0004719652633565,,False
30037,2024,1314,4,21899,2021,6.000273985113475,1038.4954670329669,4.0,0.14072320483388534,0.07248946734361006,,,,5.614498429033286,,False
30039,2024,302,4,15390,2021,1.9623131903833657,856.2933774834437,4.0,0.008428824072916452,-0.03274391060437054,,,,3.960461722170625,,False
30043,2024,531,4,19242,2021,2.7595884003741813,690.4715294117648,4.0,0.04550041118672232,0.03072028781985825,,,,2.887290671426322,,False
31201,2024,2468,4,94761,2021,2.6044469771319423,2389.866898685228,4.0,0.07719430175067421,0.04210771172928607,,,,,,False
31232,2024,435,4,17007,2021,2.5577703298641734,1268.2055865921789,4.0,0.08396528859856223,0.03594445505734023,,,,,,False
32054,2024,1196,4,67492,2021,1.7720618739998815,1313.8164958061511,4.0,0.042200883692242064,0.005160727738478865,,,,3.2152171957909883,,False
33004,2024,1310,4,42296,2021,3.0972195952335917,1195.339447513812,4.0,0.04950282024461061,0.017690435155882867,,,,1.7743885886330544,,False
33024,2024,3841,4,148955,2021,2.5786311302071097,1816.196953815919,4.0,0.1039296155193592,0.05542422433896799,,,,2.020146981698803,,False
33031,2024,965,4,25962,2021,3.716970957553347,779.7961968680089,4.0,0.013517134795800079,0.04819794893944207,,,,2.3091030343447816,,False
33037,2024,734,4,25878,2021,2.8363861194837314,785.5374193548387,4.0,0.03618627368752292,0.04759273148550924,,,,1.749135968979179,,False
33044,2024,3778,4,127210,2021,2.969892304064146,1563.5017632241816,4.0,0.05265272594691961,-0.014424694251444103,,,,2.959304494509594,,False
33066,2024,812,4,29569,2021,2.7461192465081674,1255.2410511363635,4.0,0.07809126397068322,0.0350718773972345,,,,2.799810182360518,,False
34120,2024,1062,4,44610,2021,2.3806321452589105,1191.3255952380953,4.0,0.017144014956805842,0.0009329207263724104,,,,2.2715765247410817,,False
35002,2024,254,4,14365,2021,1.768186564566655,1512.8613981762917,4.0,0.09124706998854193,0.022851105009288997,,,,4.380373554699081,,False
35004,2024,606,4,25339,2021,2.391570306641935,1515.0750315258513,4.0,0.12300694925528699,0.060944699357087684,,,,9.588582430000418,,False
35006,2024,357,4,17003,2021,2.099629477151091,1317.732276119403,4.0,0.05256207763640952,0.0016322850808003775,,,,3.0251796389106937,,False
35011,2024,308,4,13881,2021,2.2188603126575894,1209.030193236715,4.0,0.05683732368234651,-0.006115299067226632,,,,4.036637756342709,,False
35014,2024,832,4,16893,2021,4.925116912330551,2736.8489702517163,4.0,0.09923929621297245,-0.006522859477853471,,,,18.370218753997698,,False
35016,2024,3974,4,175181,2021,2.2685108544876442,1865.3851781472683,4.0,0.06053086602768176,0.02170681111993633,,,,6.4266235490021,,False
35017,2024,570,4,18683,2021,3.0509018894181876,1460.7043782837127,4.0,0.11558057771184926,0.010786261725116875,,,,10.404851479588972,,False
35019,2024,1078,4,32766,2021,3.289995727278276,2670.7860544217688,4.0,0.05985921648566328,0.017838835650327844,,,,7.1487457307737605,,False
35022,2024,794,4,30372,2021,2.6142499670749375,1335.1928725701941,4.0,0.09922965804923267,0.04456675582429126,,,,7.502151833362024,,False
35026,2024,952,4,46739,2021,2.0368428935150518,1388.7164258555133,4.0,0.04941226493517803,-0.002387900596848125,,,,6.412950603884258,,False
36008,2024,244,4,15731,2021,1.5510774903057656,1481.480909090909,4.0,0.06466811818027285,0.040551234875634945,,,,2.401305057096248,,False
36026,2024,190,4,12577,2021,1.510694124194959,1050.0473684210526,4.0,0.03214811125256278,-0.05878833308799791,,,,1.4854426619132501,,False
36038,2024,912,4,42646,2021,2.138535853303944,1578.690498261877,4.0,0.08913674288745232,0.005749765694842646,,,,2.1223290212232904,,False
36045,2024,158,4,14215,2021,1.1115019345761519,1113.9626334519573,4.0,-0.024591065907547005,-0.1329597389036541,,,,1.0224789260068685,,False
36057,2024,2635,4,144293,2021,1.8261454124593708,1878.5788506515203,4.0,0.06850387677817582,0.006605274133615335,,,,3.081435347793026,,False
36060,2024,430,4,21149,2021,2.0331930587734646,1221.1180929095353,4.0,0.1038546716855906,0.022779316302105057,,,,2.714797136038186,,False
37274,2024,2124,4,92553,2021,2.2949012997957925,1672.6321450151058,4.0,0.01798764757166693,-0.0016909667211040258,,,,2.409914079430245,,False
38001,2024,1484,4,26798,2021,5.537726696022091,3069.1933598937585,4.0,0.1349302970534456,-0.03576944981623309,,,,10.665638653302493,,False
38006,2024,1944,4,53746,2021,3.617013359133703,2304.2396363636362,4.0,0.1097649195851671,0.021420398808396968,,,,14.618462973035978,,False
38011,2024,276,4,14205,2021,1.9429778247096092,2274.4309278350515,4.0,0.10786175394859843,-0.00790354313869801,,,,4.873380447585395,,False
38017,2024,783,4,24284,2021,3.2243452478998518,1823.6255079006771,4.0,0.11438856473243186,0.028505229479550698,,,,10.882314035010362,,False
38023,2024,1185,4,74096,2021,1.5992766141222199,1593.090843806104,4.0,0.15309946031507704,0.05409898721192441,,,,5.81253590796351,,False
38026,2024,263,4,17819,2021,1.4759526348279925,1350.8307692307692,4.0,0.11460341264529528,0.07347794046502054,,,,4.707239688491491,,False
38028,2024,566,4,20779,2021,2.7239039414793784,2289.2338658146964,4.0,0.0860854188780793,-0.09567694972298191,,,,8.858377828629544,,False
38031,2024,355,4,17417,2021,2.03823850261239,1309.6225913621263,4.0,0.08940372771170679,0.004257730948471261,,,,4.644157148236475,,False
38038,2024,1632,4,97227,2021,1.6785460828782128,1751.8313646532438,4.0,0.0855992198193345,0.034953325395665535,,,,6.616599350767616,,False
39016,2024,293,4,13768,2021,2.1281231841952355,1576.959807073955,4.0,0.14553384670633518,0.14530623908751772,,,,2.6381357174263522,,False
39020,2024,778,4,24994,2021,3.1127470592942306,2241.0202283849917,4.0,0.10095666951615101,0.08469204474943415,,,,2.5095025953324885,,False
39075,2024,2550,4,93407,2021,2.7299881165223163,2166.356962025316,4.0,0.08768367802025168,-0.001805039044619594,,,,3.670971400447236,,False
39087,2024,622,4,26596,2021,2.3386975485035344,1163.3378071833647,4.0,0.10698476450647898,0.06731913969858327,,,,3.3851039931833147,,False
40194,2024,736,4,29036,2021,2.534784405565505,1630.6917218543044,4.0,0.06597016073999651,0.0039784614549061015,,,,4.004867399162521,,False
41004,2024,1040,4,32822,2021,3.1686064225214796,1321.9380753138075,4.0,0.0662125388239383,0.006447794965396714,,,,3.6111378128104072,,False
41021,2024,608,4,13079,2021,4.648673445982109,1356.2199640287768,4.0,0.09033650947294758,-0.01744180442350629,,,,5.139233124362152,,False
41024,2024,344,4,15565,2021,2.210086733054931,1173.9915094339624,4.0,0.04835365150413273,0.022534277147437276,,,,3.7107130787428186,,False
41034,2024,379,4,13904,2021,2.7258342922899885,1153.6560175054706,4.0,0.10147447096258233,0.09665528512831889,,,,5.740432612312812,,False
41038,2024,2487,4,56736,2021,4.383460236886632,1603.6330540427316,4.0,0.07764507157815559,-0.003943991938337721,,,,3.309975703369837,,False
41039,2024,547,4,18684,2021,2.9276386212802397,1001.5393861892584,4.0,0.05340093273141333,0.05174558755907599,,,,3.2538677531244837,,False
41053,2024,304,4,12629,2021,2.4071581281178243,923.3595667870035,4.0,0.03658819838432814,-0.01721475588706678,,,,7.924558205880023,,False
41059,2024,730,4,19554,2021,3.733251508642733,1798.661861074705,4.0,0.06840715130627628,0.050080236369978604,,,,2.8776978417266186,,False
41065,2024,256,4,13352,2021,1.9173157579388855,919.6925373134328,4.0,-0.004201586121446277,-0.025158177702710005,,,,2.2241298579678475,,False
41069,2024,268,4,16512,2021,1.623062015503876,1036.9154098360657,4.0,0.03121367104924233,0.01596316848133683,,,,2.8972900635664103,,False
41081,2024,445,4,16016,2021,2.7784715284715285,1313.73112033195,4.0,0.03875401240913812,-0.05563672950583709,,,,6.160125588697017,,False
41091,2024,9413,4,327393,2021,2.8751378312914446,2119.14340355901,4.0,0.03665592598995637,-0.014961532493799723,,,,4.932198883275724,,False
41095,2024,751,4,23030,2021,3.260963960052106,1176.955007256894,4.0,0.06264815636741261,0.011565069229468206,,,,4.899924888437238,,False
42173,2024,756,4,25244,2021,2.9947710347013152,1267.5954225352111,4.0,0.09103362082895972,0.03352619657703859,,,,2.273258987756375,,False
43038,2024,889,4,31733,2021,2.801500015756468,2023.91655982906,4.0,0.0678679236021924,0.017681952976950077,,,,7.404733504928118,,False
43123,2024,1464,4,51284,2021,2.8546915217221747,1320.8578822129682,4.0,0.10133830494484863,0.06663209064828957,,,,7.422055791643876,,False
43148,2024,1983,4,67200,2021,2.950892857142857,1538.5317131857557,4.0,0.08236178727893084,0.036580806572282354,,,,7.1634258112459746,,False
43155,2024,499,4,19654,2021,2.5389233743767172,874.4540609137057,4.0,0.019141658112770132,0.010669314736656554,,,,6.017755568550316,,False
43163,2024,1072,4,31063,2021,3.45105108972089,1621.2572400388726,4.0,0.07642138747916039,0.02105506907537613,,,,5.688278400315467,,False
43905,2024,1208,4,31523,2021,3.8321225771658787,2124.167243510507,4.0,0.07787334901051768,0.04719733287881134,,,,10.651253361357524,,False
44216,2024,495,4,21490,2021,2.3033969288040947,1352.110997442455,4.0,0.08927143557975614,0.05020175029012064,,,,3.1642580523283272,,False
45081,2024,678,4,12265,2021,5.5279249898083975,1383.591883116883,4.0,0.03270681506567308,-0.007330305733082465,,,,6.95659024659261,,False
45165,2024,1360,4,43263,2021,3.1435637842960498,896.0982632541134,4.0,0.09353251498043957,0.019419181344614955,,,,4.272148036032517,,False
45168,2024,1129,4,40498,2021,2.787791989727888,1551.467266591676,4.0,0.0011939044741315907,-0.09504773169621838,,,,5.741542043067891,,False
46005,2024,296,4,13175,2021,2.2466793168880455,1144.6100628930817,4.0,0.11393805253570433,0.02441964024417298,,,,2.4616096921058723,,False
46017,2024,781,4,24652,2021,3.1680999513224077,885.2320779220779,4.0,0.11243458659981376,0.070556090414724,,,,3.898949805672703,,False
46021,2024,382,4,14434,2021,2.646529028682278,1228.0886792452832,4.0,0.09481547356562814,0.019502218227360757,,,,3.077361447499644,,False
46029,2024,390,4,14059,2021,2.7740237570239703,778.0920863309352,4.0,0.10311479607983642,0.05356361253837183,,,,2.6947685359427926,,False
46078,2024,526,4,17991,2021,2.9236840642543496,1391.9290526315788,4.0,0.20316777404278952,0.10669509052112391,,,,3.9907558762189277,,False
46094,2024,316,4,12401,2021,2.548181598258205,1174.583,4.0,0.0938600359871351,-0.01019178838731083,,,,2.535529715762274,,False
46102,2024,374,4,12037,2021,3.107086483343026,1316.971972318339,4.0,0.19225136530028664,0.04962509418563865,,,,1.6443464994066792,,False
46110,2024,357,4,13504,2021,2.643661137440758,1177.0395095367846,4.0,0.16965042887943027,0.09412186179791582,,,,2.8679976162097733,,False
46131,2024,2017,4,54541,2021,3.698135347720064,1266.401688102894,4.0,0.14616360028687114,0.06750285344069251,,,,3.9832168866215665,,False
46145,2024,512,4,16908,2021,3.0281523539153063,946.1684579439252,4.0,0.13401744246220804,0.05841175141189958,,,,4.157935370023161,,False
46159,2024,389,4,14239,2021,2.7319334222908913,1315.1658653846155,4.0,0.16502883212995978,0.05377025745166075,,,,3.1621118901130347,,False
46169,2024,458,4,20270,2021,2.259496793290577,1582.0179841897232,4.0,0.1931356189605289,0.06382003418846494,,,,3.3242371619945423,,False
46181,2024,929,4,21085,2021,4.4059758121887596,1261.7683018867924,4.0,0.10598352985659032,0.05060691749972146,,,,5.314500558886292,,False
46184,2024,544,4,19230,2021,2.828913156526261,803.9937965260546,4.0,0.12869633662723712,0.0522923248655951,,,,3.353118817036343,,False
46190,2024,933,4,33020,2021,2.8255602665051485,1617.4578556263268,4.0,0.15046670715103017,0.01902450123106081,,,,4.084003013561024,,False
46220,2024,1434,4,41287,2021,3.473248237944147,1208.472247918594,4.0,0.19012710546935163,0.056997665941000086,,,,3.0574382822935733,,False
46235,2024,567,4,25186,2021,2.2512506948304614,1056.4306228373703,4.0,0.061528137627216095,0.10609009079095033,,,,1.944648967040582,,False
46244,2024,1208,4,40564,2021,2.9780100581796667,1299.3675856307436,4.0,0.13633540220966256,0.05351464777842341,,,,3.5232663504077606,,False
46250,2024,11027,4,414988,2021,2.6571852680077495,2179.3240110114193,4.0,0.14938490664088477,0.040285890951894165,,,,5.358409457281032,,False
47186,2024,4308,4,159363,2021,2.7032623632838235,1546.1104876419506,4.0,0.05983458694607724,0.0361466255750853,,,,3.2258671989755565,,False
48013,2024,1153,4,46654,2021,2.4713850902387793,2339.047098214286,4.0,0.03167473194307857,0.01502250540159733,,,,,,False
48015,2024,430,4,19257,2021,2.232954250402451,2240.348874598071,4.0,0.049976675806729265,0.022013093271410655,,,,,,False
48020,2024,3948,4,165685,2021,2.382834897546549,2897.1004040404036,4.0,0.04468314753982261,0.03100359757112736,,,,,,False
48027,2024,459,4,13360,2021,3.43562874251497,2393.637037037037,4.0,0.07308460451607823,0.06570616103790439,,,,,,False
48036,2024,259,4,13683,2021,1.8928597529781481,2252.4451612903226,4.0,0.04537739723794387,0.07929583691158115,,,,,,False
48044,2024,834,4,34366,2021,2.426817203049526,3463.3866086956523,4.0,0.012222100062021735,-0.03812217219151637,,,,,,False
48054,2024,382,4,13804,2021,2.767313822080556,2952.994444444444,4.0,0.027629607405950773,0.011211278075884179,,,,,,False
48078,2024,499,4,21560,2021,2.3144712430426715,2340.9852760736194,4.0,0.01850326840255523,0.01921788001114577,,,,,,False
48082,2024,626,4,21669,2021,2.8889196548064056,2264.6684507042255,4.0,0.01414759614516825,-0.017517857622102673,,,,,,False
48084,2024,350,4,13547,2021,2.583597844541227,1870.186923076923,4.0,0.0238831593732427,0.05044012663053421,,,,,,False
49275,2024,879,4,39710,2021,2.213548224628557,1135.7130929791272,4.0,0.023702453042079075,-0.010990376465783935,,,,2.0097127505682995,,False
50297,2024,8554,4,338961,2021,2.523594159800095,1755.1904801462038,4.0,0.08153196850448152,0.06358816537017531,,,,3.6604048382369383,,False
51001,2024,724,4,28315,2021,2.556948613808935,1945.2403381642512,4.0,0.05859121844829818,0.058946019788924775,,,,3.347364201242734,,False
52001,2024,612,4,29347,2021,2.085392033257232,1905.0740834386854,4.0,0.03713436880043397,-0.004046712876420111,,,,3.410271634258572,,False
01059,2025,3337,4,119853,2021,2.7842440322728677,2514.7726577437857,4.0,0.09023524773441327,0.0739222833410822,,,,,,False
02003,2025,2181,4,86881,2021,2.510330221797631,1594.402241297091,4.0,0.1142292348457159,0.07556719136478462,,,,3.188819167142042,-0.11767389436215536,False
02009,2025,425,4,13292,2021,3.1974119771291,772.1413043478261,4.0,0.0760924506202636,0.07785085418999249,,,,3.460181064907166,-0.0024228132091774768,False
02037,2025,384,4,16661,2021,2.3047836264329873,721.2195979899496,4.0,0.05370640222085443,0.014018073225884553,,,,3.720598717034925,-0.22517366969358,False
02081,2025,292,4,15102,2021,1.9335187392398359,645.4462686567165,4.0,0.02738821131610525,-0.021435372035149447,,,,3.3791562267217445,-0.08194023782229642,False
03009,2025,1265,4,33876,2021,3.7342071082772463,921.7939427312774,4.0,0.16904311980551423,0.08530636911332068,,,,3.8365829842189814,-0.07025872242075604,False
03014,2025,7005,4,187658,2021,3.7328544479851646,2068.016195931266,4.0,0.1782373099646084,0.051822251429271216,,,,4.500587792969784,-0.0968079019544783,False
03031,2025,2195,4,60479,2021,3.629358951040857,2907.4410596026487,4.0,0.17732556149014256,0.08274573658402207,,,,8.339261462846796,-0.12118982620237873,False
03047,2025,1037,4,26156,2021,3.9646734974766784,2836.0840172786175,4.0,0.1712513713817223,0.032442739456593817,,,,5.5902501797812345,-0.42242005275926076,False
03050,2025,799,4,26801,2021,2.9812320435804636,2541.708072487644,4.0,0.1383848294301857,0.07541994659994322,,,,4.860369296505417,-0.07384122981037233,False
03059,2025,387,4,15357,2021,2.520023442078531,952.5747252747252,4.0,0.17459183832137137,0.112035622651671,,,,2.852371409485638,-0.2413075962607203,False
03063,2025,1964,4,45237,2021,4.341578796118222,2578.8359168241964,4.0,0.13454328302092255,-0.031158817456436783,,,,6.543297136370451,0.20391290045015875,False
03065,2025,3605,4,116080,2021,3.105616815988973,1448.0723043635053,4.0,0.1960926590654095,0.10758104184611672,,,,3.6527799234426763,0.02963521300998373,False
03066,2025,1224,4,27488,2021,4.452852153667055,828.7246408839779,4.0,0.1693619745046997,0.11303458501593955,,,,3.878461476628753,-0.13894594570271313,False
03082,2025,1073,4,26819,2021,4.000894887952571,3289.2214285714285,4.0,0.18126516134365,0.04443641479638316,,,,6.200252919735179,0.6016957693631939,False
03093,2025,419,4,13780,2021,3.0406386066763424,859.3471204188481,4.0,0.15131562609191418,0.08251168977638201,,,,2.5753264755234553,-0.12994514837067372,False
03099,2025,4983,4,88508,2021,5.629999548063452,1810.2875267665952,4.0,0.1630333065805818,0.053723841575841425,,,,3.8880111370139985,-0.12496548728606394,False
03104,2025,456,4,16474,2021,2.7679980575452228,952.4251889168766,4.0,0.1906061224908615,0.040034410283748434,,,,2.1069492360768853,0.023359049909951413,False
03121,2025,1925,4,45155,2021,4.263093788063338,2218.0964007782104,4.0,0.17411583407028863,0.025782544323305734,,,,3.3144046514784735,0.001124184793576788,False
03122,2025,777,4,27151,2021,2.8617730470332585,1759.231793478261,4.0,0.2204970680590448,0.11408160742252216,,,,3.4196002386634845,-0.15489645576747213,False
03133,2025,6902,4,122736,2021,5.623451961934559,2008.9189425478767,4.0,0.18927047111242024,0.08628442513586765,,,,2.8842535132321734,-0.006463101761963408,False
03139,2025,1054,4,25780,2021,4.08844065166796,1981.3947932618685,4.0,0.1821557834696912,0.07242421631851825,,,,5.108467459762071,-0.3371158279305977,False
03140,2025,714,4,18609,2021,3.8368531355795583,805.4796380090497,4.0,0.13496099006138484,0.06109753005418295,,,,2.9222708367093393,-0.12324997974943264,False
04013,2025,3867,4,100957,2021,3.8303436116366374,1534.8945744680852,4.0,0.0910904720970116,0.0421211925728735,,,,4.244790890392584,0.017546420101609783,False
04066,2025,444,4,15503,2021,2.863961813842482,1118.6914351851851,4.0,-0.04835580717559751,-0.18994441682494434,,,,6.658130601792574,-0.3472643575439269,False
04079,2025,2823,4,62150,2021,4.54223652453741,1519.2771321462042,4.0,0.12058166975669149,0.0006831035240029149,,,,10.143813092063285,-0.5877021191211202,False
04902,2025,1948,4,40014,2021,4.868296096366271,1157.4626856036152,4.0,0.10447953762415496,0.07098082466417055,,,,7.545887151597553,-0.9841204785758357,False
05019,2025,1020,4,34843,2021,2.9274172717619034,1464.1807100591718,4.0,0.14326681555168652,0.0034458205037437573,,,,3.1073774780536016,-0.19626671801113238,False
06011,2025,602,4,17292,2021,3.481378672218367,868.3234309623431,4.0,0.026784482213977334,-0.03242993373777758,,,,4.096094020048393,-0.11742168645444728,False
06015,2025,2287,4,74594,2021,3.0659302356757916,1465.9383366141733,4.0,0.03239309722723105,-0.0374958665884515,,,,2.4081870415971616,-0.25199374996236434,False
06044,2025,558,4,21262,2021,2.624400338632302,981.9149350649352,4.0,0.041338430950774274,-0.003768664433674296,,,,2.164894377950503,0.05289131984652773,False
06083,2025,918,4,31358,2021,2.927482620065055,1032.6719457013576,4.0,0.10538505798402054,0.0762859067793189,,,,2.482597812296403,-0.1405694450171957,False
06153,2025,353,4,14092,2021,2.5049673573658815,809.4696666666667,4.0,0.0656742127689709,0.04639813094814227,,,,1.1286681715575622,0.05716150197523118,False
07011,2025,1209,4,36492,2021,3.3130549161460046,5319.44724310777,4.0,0.1479540970160076,0.012311786847359674,,,,5.162468477347169,-0.03826410208827902,False
07015,2025,458,4,17887,2021,2.560518812545424,3421.2403041825096,4.0,0.14095994622460806,0.04268132187626983,,,,8.801379706812302,0.040067815637018,False
07026,2025,602,4,23938,2021,2.5148299774417247,5317.567930489731,4.0,0.09586989278550151,-0.03255506466979052,,,,11.801879436989617,0.17627587130929,False
07027,2025,440,4,15863,2021,2.773750236399168,2385.3520220588234,4.0,0.21296115604004728,0.08730435662352698,,,,3.459366175086288,-0.19227510023961125,False
07031,2025,651,4,23312,2021,2.7925531914893615,3387.8412891986063,4.0,0.18725872390002785,0.10106738487680156,,,,3.782672222522864,0.39256413211998176,False
07032,2025,404,4,15173,2021,2.662624398602781,2605.095734597157,4.0,0.12674341333892447,0.015311032168661143,,,,7.3042380016839745,-0.28918711773159167,False
07033,2025,492,4,28571,2021,1.7220258303874558,2461.6397363465157,4.0,0.12664845950135706,-0.03781799758895965,,,,4.2431150494539835,0.07305658723241937,False
07036,2025,301,4,15048,2021,2.0002658160552897,3384.121272365805,4.0,0.15257866379373364,0.07568850336714439,,,,2.096005862953463,-0.20386145239372855,False
07040,2025,5134,4,186482,2021,2.753080726289937,3426.232889158086,4.0,0.15519653397884636,0.0382538947416069,,,,5.1736392892122565,-0.07183991004055912,False
07054,2025,503,4,22810,2021,2.205173169662429,6044.2817375886525,4.0,0.11506806474630427,-0.013933818263869968,,,,13.894529210419446,0.12696258845898178,False
08015,2025,3348,4,91915,2021,3.642495784148398,2603.7255491037618,4.0,0.0894072330947886,0.03050291464704169,,,,5.779234347677859,-0.014409400380199777,False
08019,2025,17311,4,808751,2021,2.1404610318874413,4344.557793029595,4.0,0.12162569438798387,0.057929902768608876,,,,7.706078480210126,-0.10581149317053118,False
08056,2025,802,4,28708,2021,2.7936463703497285,4090.288600556071,4.0,0.10975506703406235,0.06605061244273935,,,,5.830639008973009,0.002529955175078591,False
08073,2025,1132,4,37034,2021,3.056650645352919,2840.84177310293,4.0,0.08814907474568523,0.02691712866399909,,,,3.981753730317936,-0.18066041471833705,False
08077,2025,765,4,19420,2021,3.9392378990731203,3481.9575899843503,4.0,0.12756626392635995,0.0613314606364852,,,,5.803879883072017,0.08944086391657358,False
08089,2025,537,4,20359,2021,2.6376541087479737,3074.8106325706594,4.0,0.06899456777777013,0.018113671495984862,,,,4.020654735047877,-0.027765577373640937,False
08096,2025,884,4,26298,2021,3.3614723553121912,2307.3245689655173,4.0,0.10667289328846441,0.07301084811001979,,,,7.071017274472169,-0.310673959042183,False
08101,2025,3794,4,110488,2021,3.4338570704510896,2816.1270994208494,4.0,0.120469696525205,0.05688895038062447,,,,6.0489024469881425,-0.2922314130527681,False
08102,2025,503,4,18257,2021,2.7551076299501562,1623.455477031802,4.0,0.08564011068025157,0.029571940975785527,,,,8.08601901228843,-0.08591142451724743,False
08113,2025,1241,4,40136,2021,3.0919872433725333,1394.4933696639418,4.0,0.08461217170506918,0.016165664125145307,,,,9.973325429756965,-0.2846104878939446,False
08114,2025,462,4,10685,2021,4.323818437061301,2055.534757834758,4.0,0.07589870187392056,-0.01518527178634188,,,,7.402656894182318,0.16825867724323906,False
08121,2025,1986,4,52996,2021,3.7474526379349387,2304.9252218589445,4.0,0.07519120289161196,0.030902595501414387,,,,6.903281354635033,-0.1719986964416398,False
08124,2025,706,4,20857,2021,3.3849546914704893,2325.3074812967584,4.0,0.09431039608946779,0.035827718292920085,,,,5.027024441574592,-0.2997823537032662,False
08125,2025,514,4,15304,2021,3.3585990590695243,2179.615658914729,4.0,0.081091080014843,0.05222347362865554,,,,5.48574516957168,-0.28309496855547867,False
08163,2025,522,4,16297,2021,3.2030435049395596,2099.4175097276266,4.0,0.10582308555424702,0.03135526351285822,,,,4.953617810760668,-0.20447270380845772,False
08169,2025,664,4,26518,2021,2.503959574628554,2787.48649262202,4.0,0.07365403442306873,0.023211104471126287,,,,2.3045518714945246,-0.09455472123498865,False
08172,2025,312,4,12313,2021,2.5339072524973605,2734.0583333333334,4.0,0.10496802095328817,0.07582707162176172,,,,3.9868744872846595,0.058537866640346436,False
08180,2025,510,4,15427,2021,3.3058922668049524,2312.6210227272727,4.0,0.07214704722348442,0.0062928544982367995,,,,4.625420043486855,-0.20070715471491685,False
08184,2025,1085,4,32476,2021,3.3409286857987435,2210.4749675745784,4.0,0.07436356452508797,0.014714731752893506,,,,6.607405552599455,-0.3949201749761313,False
08187,2025,3656,4,92772,2021,3.940844220238865,2254.2111698294502,4.0,0.10500984222650578,0.053897472547645764,,,,7.439851008077614,-0.28112179526966585,False
08194,2025,450,4,14877,2021,3.0248033877797944,2509.9693474962064,4.0,0.13204962949800736,0.11418782313627651,,,,4.6731460524563975,0.36343582024064425,False
08196,2025,269,4,10536,2021,2.5531511009870917,2425.897142857143,4.0,0.0877834502595427,0.06076817954754565,,,,3.7120691348325643,-0.6511384123372475,False
08200,2025,1133,4,33904,2021,3.341788579518641,2584.811535881958,4.0,0.07688398649132244,0.04582465973475314,,,,4.183431952662722,-0.17215003039064491,False
08205,2025,982,4,35770,2021,2.7453173050041935,4712.449562043796,4.0,0.10374064935031702,0.052536491845086575,,,,10.382088520055325,-0.19252430379762053,False
08211,2025,427,4,18719,2021,2.281104759869651,3080.717829457364,4.0,0.09900817203937962,0.07992749805552202,,,,3.329747175901022,-0.4094769620300127,False
08217,2025,356,4,13577,2021,2.6220814612948367,3223.9544,4.0,0.11211690664633545,0.11214113298927675,,,,7.282933068068779,1.242081264505111,False
08231,2025,607,4,14150,2021,4.289752650176679,2422.5741258741264,4.0,0.11092801155484433,0.06776994418178317,,,,5.785584832008922,-0.25945387312830537,False
08245,2025,1407,4,48100,2021,2.9251559251559254,2359.4164036076663,4.0,0.10860153778165071,0.01664196619678937,,,,5.630824991370383,-0.3861626245279508,False
08252,2025,388,4,13768,2021,2.818128994770482,2409.9091370558376,4.0,0.0700649171523351,0.017914815977808862,,,,4.112667615551727,-0.5208559651031246,False
08260,2025,312,4,10045,2021,3.1060228969636636,2219.2280821917807,4.0,0.08715639549453336,0.055232611174635515,,,,3.983614951356887,-0.5168999817018154,False
08263,2025,335,4,11530,2021,2.9054640069384217,2244.471926229508,4.0,0.07199450253193374,0.01671298775784269,,,,2.9034934095308325,-0.06570462950348466,False
08266,2025,621,4,23858,2021,2.6029004945930088,2671.5161640530764,4.0,0.07034706786855693,0.03313487406030524,,,,3.9907806564514066,0.022867135517981918,False
08270,2025,588,4,19230,2021,3.0577223088923557,4453.946562499999,4.0,0.07022672527268203,0.012790790761353366,,,,11.665440016822627,-0.40843861114571034,False
08279,2025,4466,4,101134,2021,4.415923428322819,2101.53,4.0,0.10170114407657804,0.05845158229186431,,,,8.299256222666436,-0.6519632895286858,False
08298,2025,554,4,19836,2021,2.7929017947166765,1865.7896907216495,4.0,0.09923196482652341,0.03410436829831065,,,,10.016969198333934,-0.3652327411982963,False
08301,2025,1195,4,26586,2021,4.494846911908524,2785.533638634471,4.0,0.08008401360028561,0.02943989921447554,,,,3.615908492305377,0.13721405744939563,False
08305,2025,561,4,18264,2021,3.07161629434954,1894.7436643835617,4.0,0.11329068058387537,0.0247331596117486,,,,7.318151669246076,-0.11963429214216248,False
08307,2025,1602,4,33155,2021,4.831850399638063,2494.824043715847,4.0,0.15314352840365197,0.09929915362687747,,,,7.568948534843635,0.10546326664922567,False
09018,2025,472,4,19708,2021,2.3949665110614977,1283.8405572755419,4.0,0.06185146746989134,0.018014609837246454,,,,2.2703494454906883,-0.5158661196082956,False
09059,2025,2910,4,93766,2021,3.1034703410617923,1755.625649717514,4.0,0.12435544452489666,0.06264656747677999,,,,2.525013911199303,0.01658890960968007,False
09219,2025,681,4,21007,2021,3.241776550673585,1283.1392857142857,4.0,0.13946268472938073,0.06041777904482326,,,,1.9598283931357254,-0.011961347700820912,False
10037,2025,2146,4,53756,2021,3.9921125083711586,1379.5778695293147,4.0,0.09231966258443092,0.031506105949257845,,,,1.8641395996773957,0.06646535223498762,False
10148,2025,636,4,22443,2021,2.833845742547788,1027.4283095723015,4.0,0.09581188516098926,0.08797957340789297,,,,1.864706682999864,-0.2165438850270378,False
11004,2025,2199,4,55815,2021,3.939801128728836,1340.952219020173,4.0,0.08696801889185402,0.03426059519548752,,,,3.9371513980532975,-0.20074183882053775,False
11006,2025,481,4,15460,2021,3.111254851228978,1093.8732997481109,4.0,0.11228557495651081,0.0477276132472626,,,,3.5171655783280533,-0.08696455999261676,False
11012,2025,1375,4,56479,2021,2.4345331893270066,2880.4123156342184,4.0,0.10104090772955043,0.012791890414047158,,,,4.246333410120556,-0.018017771741480004,False
11015,2025,1510,4,49229,2021,3.067297731012208,1977.0354683195592,4.0,0.13517112602816184,0.05362512852506374,,,,5.59366267119333,-0.2545206197115526,False
11020,2025,3496,4,92974,2021,3.7601910211456966,1573.7161619190406,4.0,0.19026323575157122,0.11045724542338609,,,,4.686614035852925,-0.012617577758491372,False
11022,2025,988,4,30028,2021,3.2902624217397096,1401.0100451467267,4.0,0.06946434466600837,0.003627046237347331,,,,4.7505776811200215,-0.22524140477330956,False
11027,2025,1311,4,49077,2021,2.671312427409988,2213.832436472347,4.0,0.1169475910167721,0.039141524232148006,,,,4.386971107023049,-0.15868125610690154,False
11028,2025,431,4,18626,2021,2.313969719746591,1670.8990253411305,4.0,0.11640720049203734,0.030831514500203827,,,,1.7152452920714885,0.20247753217798725,False
11030,2025,542,4,26868,2021,2.0172696144111955,2693.928624535316,4.0,0.1538897540369466,0.05424833974305976,,,,3.3711141076569846,0.10162929920255914,False
11031,2025,1053,4,39564,2021,2.6615104640582348,1763.5727805695142,4.0,0.12880729490512444,0.02530891500862742,,,,2.0991193938152777,-0.05031503304495777,False
11032,2025,937,4,34536,2021,2.7131109566828817,1820.4295896328297,4.0,0.1392646740535426,0.05292365352217443,,,,3.0227398779811425,-0.24200890394481078,False
11033,2025,1018,4,19625,2021,5.187261146496815,2266.959571619813,4.0,0.14322540578261256,0.027128703027480272,,,,10.290098801765819,-0.44245749800739986,False
12009,2025,701,4,15657,2021,4.477230631666347,1029.1392539964477,4.0,0.14300408529327102,0.06885219670774356,,,,4.854493124400384,-0.6231159472890262,False
12027,2025,709,4,17897,2021,3.9615578029837404,1231.074411764706,4.0,0.07320231421847545,-0.08518039473298811,,,,6.885873543156354,-0.12323433714007681,False
12032,2025,887,4,20301,2021,4.369242894438697,970.3679054054055,4.0,0.14147573511271183,0.0964632049816978,,,,3.5600137680090476,-0.3244385636482532,False
12040,2025,2949,4,91229,2021,3.232524745420864,1340.4350755939527,4.0,0.15480604525702946,0.08659713755544574,,,,4.572286601790402,-0.2420424981543805,False
12084,2025,626,4,14658,2021,4.270705416837222,917.9335877862594,4.0,0.11733907068101668,0.04759290665796323,,,,4.2337717139039315,-0.26654520982309116,False
12126,2025,501,4,15906,2021,3.149754809505847,856.9745054945056,4.0,0.13981261742412343,0.11508798292615774,,,,2.203764485230089,-0.5087371932981775,False
12135,2025,846,4,25363,2021,3.3355675590427,1011.8234437086093,4.0,0.11030705578909283,-0.0008316098305807262,,,,3.973323691294042,-0.4442339901916075,False
12138,2025,685,4,20887,2021,3.2795518743716188,1410.460531309298,4.0,0.134615484420483,0.0326829440913321,,,,3.822441430332922,-0.6778202127858637,False
13005,2025,568,4,17129,2021,3.316013777803725,857.1890829694323,4.0,0.09431029181269746,0.0817338468062625,,,,4.017801178387865,-0.08637202525192134,False
13034,2025,1457,4,41592,2021,3.503077514906713,1313.2678449258835,4.0,0.14714008317864846,0.06162643467214446,,,,3.1485031706238016,0.03485501286562842,False
13071,2025,967,4,26589,2021,3.6368423032080934,637.865376344086,4.0,0.07672767668765146,0.07708939988743957,,,,2.595529920692141,-0.15157689015968945,False
13082,2025,660,4,19217,2021,3.4344590726960504,718.3651546391752,4.0,0.13919974254511946,0.06266596009776482,,,,4.705882352941177,-0.39013339257720236,False
13087,2025,528,4,17368,2021,3.0400736987563337,773.7213930348258,4.0,0.04532186986008746,-0.0029887072412249083,,,,3.8737784057459086,-0.10179267887444476,False
14021,2025,5630,4,155400,2021,3.6229086229086227,1608.9629848917925,4.0,0.10917101505421045,0.05891825765985104,,,,3.3068607567745154,0.051965039532038126,False
14038,2025,904,4,21141,2021,4.276051274774136,983.4108267716535,4.0,0.0780199419350176,0.036378279476494635,,,,5.2051953182873225,-0.40343791769109405,False
14056,2025,453,4,14955,2021,3.029087261785356,914.7152597402597,4.0,0.05035386476673409,-0.017605401053481406,,,,2.443352443352443,-0.05203280310957892,False
15002,2025,384,4,16701,2021,2.2992635171546616,1652.0607558139536,4.0,0.21851132755848868,0.10032669568266672,,,,1.894143739135647,-0.060352206646756335,False
15005,2025,317,4,17841,2021,1.7768062328344825,1398.128795811518,4.0,0.12839593147714257,0.015243850779232293,,,,1.4495542300044897,-0.3130704081428246,False
15019,2025,318,4,19427,2021,1.636897101971483,1030.2415322580644,4.0,0.16549278790392785,0.08626781149483831,,,,1.3988459520895262,-0.1608245894140663,False
15030,2025,2727,4,136205,2021,2.0021291435703534,2506.370407751312,4.0,0.1532820767199492,0.07385230895272876,,,,3.0529725698571397,-0.032372237533319304,False
15031,2025,294,4,15752,2021,1.866429659725749,1750.0686046511628,4.0,0.13022310301987683,0.0543726053600444,,,,2.321961343883772,-0.074142552220124,False
15036,2025,1379,4,42672,2021,3.2316272965879267,997.6288421052631,4.0,0.11992900077269741,-0.008405163403961913,,,,2.5372257053291536,0.03379298661593255,False
15054,2025,656,4,21735,2021,3.0181734529560615,1003.8834661354582,4.0,0.11599713083921803,0.04382830186579878,,,,2.3041711670009772,-0.36868745013008564,False
15058,2025,512,4,19268,2021,2.65725555324891,2075.467730496454,4.0,0.16557090145943154,0.046823630679973194,,,,3.2869395511273174,0.06329952426365049,False
15073,2025,350,4,17097,2021,2.047142773586009,1237.637323943662,4.0,0.08889260682153588,-0.007620164761607207,,,,3.369456900847035,-0.22586605294524897,False
15078,2025,714,4,56746,2021,1.2582384661473935,2182.834647887324,4.0,0.12475842019130612,0.053807443800169885,,,,2.229492528534931,-0.014647771791993058,False
16078,2025,731,4,31611,2021,2.312486159881054,1430.3948960302457,4.0,0.11965613859364654,0.05170814273495883,,,,2.282004306881368,-0.5245949068841793,False
17023,2025,734,4,25589,2021,2.868420024229161,1998.7616783216783,4.0,0.11121662139365962,0.0491906010636014,,,,5.686809925204797,-0.2784356909136374,False
17066,2025,599,4,21062,2021,2.843984426930016,1312.9724876441517,4.0,0.0712324333742953,0.003946439926896916,,,,11.03202846975089,-0.4872022994798808,False
17079,2025,1403,4,50333,2021,2.7874356783819763,2172.288762446657,4.0,0.05539895532824257,-0.044584817490922024,,,,10.062473969179509,-0.4897630984233601,False
17095,2025,968,4,25496,2021,3.796673988076561,2155.550789473684,4.0,0.11442400300630218,0.08477910213576134,,,,8.775467630901884,-0.44547390499590733,False
17114,2025,446,4,16713,2021,2.6685813438640578,1506.8033492822967,4.0,0.06328381566747199,0.037554295181596586,,,,7.14516859750178,-0.2197535168174536,False
17155,2025,560,4,11642,2021,4.810170073870469,1185.103125,4.0,0.09040870576259508,0.09466615757530716,,,,12.3219131614654,-0.9903842971735219,False
18017,2025,720,4,29769,2021,2.4186234001813967,2376.088509874327,4.0,0.16049794045743426,0.07167833159005377,,,,3.1229124916499664,-0.12360193544555687,False
18087,2025,3994,4,141257,2021,2.827470497037315,2199.8980632008156,4.0,0.12138094016747547,0.042152250831593685,,,,5.1163883981993274,0.03267520190334938,False
18140,2025,1094,4,32841,2021,3.331201851344356,1366.297990543735,4.0,0.10126053256912892,0.05688313528225142,,,,2.5813144565814365,-0.20514866646436092,False
19046,2025,600,4,14220,2021,4.219409282700422,1849.6029363784667,4.0,0.17762624455261045,0.09992397488109561,,,,3.968914793227866,0.5460010732844429,False
19130,2025,1141,4,41937,2021,2.7207477883491906,1865.8360086767898,4.0,0.17260106866970215,0.06442060140493666,,,,3.0388294879009567,-0.016961672215903167,False
20030,2025,538,4,13535,2021,3.974879940893979,1892.137558685446,4.0,0.05390840724919177,0.03778415111076616,,,,,,False
20045,2025,854,4,28045,2021,3.0451060795150653,2684.1252873563217,4.0,0.11215188645848273,0.07337261442681253,,,,,,False
20067,2025,550,4,17999,2021,3.0557253180732262,2871.7578740157483,4.0,0.0991979199772488,0.01808525202071709,,,,,,False
20069,2025,2284,4,94733,2021,2.4109866677926384,4959.073566878981,4.0,0.1355665054994728,0.12096206494287887,,,,,,False
21041,2025,2066,4,68714,2021,3.006665308379661,1416.3388134741076,4.0,0.09381551991728476,0.04242377699946798,,,,3.1692777329800714,-0.13064294200370297,False
21044,2025,706,4,21967,2021,3.213911776756043,1685.4811158798284,4.0,0.1228611766921952,0.05082412278726012,,,,5.150562226033924,-0.3651970862869929,False
22125,2025,698,4,29309,2021,2.381521034494524,1633.1805343511453,4.0,0.04676749554209003,-0.06878850244341028,,,,3.0006788866259333,-0.07256680229330881,False
23005,2025,562,4,20048,2021,2.803272146847566,794.2944812362032,4.0,0.03300566637836888,0.03189003179430294,,,,1.865177594841978,-0.1163892254345198,False
23050,2025,1987,4,58293,2021,3.408642547132589,1316.1295454545455,4.0,0.11680433458513506,0.10820888973334286,,,,1.9584325685794082,0.053817870930551015,False
23055,2025,1138,4,29385,2021,3.872724179002893,823.5683814303638,4.0,0.07022557203412139,0.036961753025446464,,,,2.5505625733416166,-0.18532563916530087,False
23092,2025,571,4,18318,2021,3.117152527568512,891.020920502092,4.0,-0.03712775346444619,-0.04837471715567332,,,,1.9081151683798059,-0.02273862213110145,False
24089,2025,2302,4,79199,2021,2.906602356090355,1461.7392535392535,4.0,0.10752779497015874,0.06725737605588655,,,,3.3697392948095253,-0.1619497796035061,False
24115,2025,1068,4,42549,2021,2.510047239653106,856.0675066312998,4.0,0.016205898715785372,-0.020331902781262734,,,,2.256197120379991,-0.04094261815291578,False
24142,2025,422,4,17161,2021,2.459064157100402,1079.442513368984,4.0,0.08933412227353488,0.05951581686448093,,,,1.5882601606377196,-0.08001836934293816,False
25120,2025,2374,4,68299,2021,3.4758927656334646,1283.727807486631,4.0,0.1180458163755993,0.06236490962334473,,,,8.501576330786953,-0.2534474178429331,False
26089,2025,2257,4,78908,2021,2.8602929994423887,1722.3572877059569,4.0,0.10995146470908979,0.019809541140917597,,,,2.8056288478452065,-0.34173173569109405,False
27028,2025,1345,4,62648,2021,2.14691610266888,1298.4271906052393,4.0,0.10260676198017182,0.05951479226056455,,,,2.2568014922112623,0.0548554297891215,False
28005,2025,2688,4,79588,2021,3.377393576921144,2515.5462819991876,4.0,0.18620902407418516,0.11159626492460895,,,,3.445797807551766,-0.25704193658888297,False
28006,2025,1223,4,42744,2021,2.8612202882275874,4332.808246708247,4.0,0.1817145127224027,0.13587594281019522,,,,6.759167957928347,0.24154764720458832,False
28007,2025,1274,4,70601,2021,1.8045070183141882,3069.98893129771,4.0,0.18340963309148206,0.15475102948949782,,,,1.9760234986578218,-0.004870999013782962,False
28013,2025,901,4,25682,2021,3.5082937465929445,1939.6065650644784,4.0,0.14031837914585954,0.07213561346530106,,,,7.07074737640158,-0.0873421902503333,False
28014,2025,740,4,21573,2021,3.4302136930422287,2285.6661971830986,4.0,0.17063045930681509,0.09614945070314929,,,,6.3038649489115945,-0.8904440305524117,False
28022,2025,787,4,19874,2021,3.959947670323035,3909.3298850574715,4.0,0.11419695973130262,0.04638324130392424,,,,7.532467532467533,-0.44910621953021135,False
28045,2025,801,4,20461,2021,3.914764674258345,2751.4305978898005,4.0,0.1415508302174684,0.09055326915434647,,,,4.601366742596811,0.127472292669653,False
28047,2025,884,4,27922,2021,3.165962323615787,2609.2627282491944,4.0,0.1614946157627717,0.057190320742952716,,,,5.787701577175262,0.2786509940744528,False
28049,2025,706,4,31337,2021,2.252927848868749,2884.232781065089,4.0,0.18679576750816262,0.1032101541345467,,,,1.982840800762631,-0.04470319311648141,False
28058,2025,1625,4,70944,2021,2.2905390166892197,2569.0773733398923,4.0,0.21717196276126893,0.13978656434987324,,,,2.1830641213901125,-0.024014234098137077,False
28061,2025,456,4,15295,2021,2.981366459627329,2507.892490842491,4.0,0.15108956854025424,0.03962577526808464,,,,4.1601839951295405,-0.31022839701666527,False
28065,2025,2429,4,79835,2021,3.042525208241999,2807.704244637152,4.0,0.16505290930425476,0.07165676577464097,,,,4.176121216630088,-0.09032902684600153,False
28074,2025,1615,4,77962,2021,2.0715220235499348,2860.817975663717,4.0,0.19598839283969882,0.10189991007192223,,,,2.179539746809492,-0.13973310201351552,False
28079,2025,42511,4,1533221,2021,2.772659649196039,4998.281173931424,4.0,0.1829886097490343,0.06597282031907303,,,,6.631212546620291,-0.0031868596586122067,False
28080,2025,766,4,25577,2021,2.994878210892599,4421.028023255813,4.0,0.14427608771142686,0.10369109666322318,,,,7.948109597428441,0.002082610921694261,False
28092,2025,1864,4,82103,2021,2.2703189895618916,2679.3361596009977,4.0,0.20564914163677184,0.10781648108423902,,,,3.826043056507158,-0.025442688776429634,False
28096,2025,445,4,12156,2021,3.6607436656795,2141.2849287169042,4.0,0.13768265886231812,0.060683091893569685,,,,7.757843860080282,1.123730372961238,False
28106,2025,1379,4,47256,2021,2.9181479600474014,2099.4868916288124,4.0,0.19483814859530035,0.08946262416603679,,,,7.389663797854751,-0.17066361789947493,False
28113,2025,501,4,21507,2021,2.329474124703585,2612.012234910277,4.0,0.14539638204719352,0.0665707869414287,,,,6.937821411874708,0.07466153785599872,False
28115,2025,929,4,32327,2021,2.8737587774924984,4804.978297161937,4.0,0.15552070932082107,0.07428039451810586,,,,7.567948266478855,-0.14928957205278337,False
28123,2025,849,4,35980,2021,2.35964424680378,3050.7969061876247,4.0,0.16491244993670762,0.10041698135833754,,,,4.927673569497478,0.4342095172098963,False
28127,2025,1182,4,35404,2021,3.3386058072534177,3997.2489618218356,4.0,0.13318619637162854,0.04592055023719466,,,,6.297985979748526,-0.1812418842884025,False
28130,2025,345,4,15621,2021,2.2085653927405415,2588.3967213114756,4.0,0.14900937854303398,0.10333157847238428,,,,3.571897570584373,-0.06972472613553782,False
28134,2025,1001,4,36032,2021,2.7780861456483126,3496.8817761332098,4.0,0.14622510006922318,0.09450541086473052,,,,4.340708963648679,-0.30386764354475027,False
28148,2025,1433,4,50494,2021,2.837960945854953,2656.473878923767,4.0,0.19112112398144876,0.11788825286699867,,,,5.10925510454177,-0.6167899603243248,False
28161,2025,1150,4,28896,2021,3.9797895902547067,2359.1294427710845,4.0,0.1703663973316798,0.08897571982924246,,,,6.966557964064198,0.8399389745114183,False
28181,2025,322,4,11252,2021,2.861713473160327,3092.7336363636364,4.0,0.14254976192855562,0.048070690285980655,,,,6.634657354866871,0.48579004095101297,False
28903,2025,762,4,18542,2021,4.109589041095891,3914.1321025641023,4.0,0.14016584183050718,0.07157807909062885,,,,5.638499054444113,-0.31382164201790097,False
29007,2025,580,4,17000,2021,3.411764705882353,2494.655741935484,4.0,0.14765340270557936,0.05007905355478748,,,,3.8212854002327687,0.2615848879511451,False
29015,2025,596,4,20944,2021,2.8456837280366694,1360.3346368715086,4.0,0.13060837128225633,0.0777890489073978,,,,3.3323887786908473,-0.049555271697849346,False
29025,2025,2070,4,48663,2021,4.2537451451821715,3394.323731997495,4.0,0.15225779017238383,0.006708634706093175,,,,6.85989951358168,-0.31742256120722256,False
29051,2025,3466,4,50366,2021,6.881626494063456,3189.676392961877,4.0,0.1803143872969335,0.018584460333063824,,,,7.975831997184311,-0.019366082047381994,False
29054,2025,2169,4,48887,2021,4.436762329453638,3328.0745411013568,4.0,0.12803012810794367,-0.014147805329162155,,,,8.073621074914737,0.08510963587343756,False
29067,2025,6301,4,261857,2021,2.4062751807284126,3022.6461595273263,4.0,0.18291791819107872,0.05652905400507979,,,,4.344933746915538,-0.051175202500805206,False
29069,2025,4399,4,100282,2021,4.38662970423406,4091.689027777778,4.0,0.2020859706721274,0.1057825475988452,,,,10.810783683956961,-0.07558866913857898,False
29070,2025,3190,4,62030,2021,5.142672900209576,3014.5588858195215,4.0,0.15106140703313709,0.01092365078452584,,,,5.8694562766224,-0.2750119693453419,False
29082,2025,860,4,27620,2021,3.113685734974656,3128.0296037296043,4.0,0.15271663118853263,0.016279480841874028,,,,3.5256175328007036,-0.23650940195453618,False
29084,2025,535,4,19462,2021,2.7489466652964754,1433.5355716878405,4.0,0.12763576969904689,0.07319765055927485,,,,2.8578362963412416,0.16269728070578493,False
29094,2025,1410,4,50454,2021,2.7946248067546677,2333.9924675324673,4.0,0.17133227209831858,0.027749692635258727,,,,2.3548346109864045,-0.2027538264935811,False
29901,2025,1990,4,42938,2021,4.634589407983604,3472.6558102766803,4.0,0.16065585271382266,-0.011508870178628117,,,,5.472802234339673,0.35740204538029907,False
30003,2025,908,4,26137,2021,3.474002372116157,1282.5686838124054,4.0,0.15419316230994862,0.11358460140209292,,,,6.011854360711261,-0.4503315333525917,False
30005,2025,644,4,18107,2021,3.556635555310101,941.7531818181818,4.0,0.08507881424316599,-0.040619555415387865,,,,5.135398179424056,-0.3221668188579274,False
30015,2025,348,4,14630,2021,2.378673957621326,806.1743944636679,4.0,0.06918249940124177,0.06578148687680851,,,,2.5206124852767964,-0.15423607109170323,False
30016,2025,3753,4,125253,2021,2.9963354171157577,1339.824310932177,4.0,0.10673122741906393,0.04095679889157022,,,,5.500378320258054,-0.21178429539945576,False
30019,2025,345,4,16704,2021,2.0653735632183907,942.9510256410257,4.0,0.06690478809627987,0.030302376839080658,,,,1.7223850248190897,-0.03115809312470086,False
30022,2025,351,4,13679,2021,2.5659770451056363,775.6618421052631,4.0,0.13850441448760198,0.15023571145523196,,,,3.0278651356688364,-0.15605387247436653,False
30024,2025,876,4,42431,2021,2.06452829299333,1037.5441860465116,4.0,0.07436425105219935,0.041012499072719644,,,,5.033093662206562,-0.1353276417157092,False
30026,2025,1278,4,31537,2021,4.052382915305831,1455.1195,4.0,0.13551928963729587,0.0638873295716238,,,,3.236061843250117,-0.05669877774709997,False
30027,2025,1245,4,32908,2021,3.783274583687857,1128.3418013856813,4.0,0.11449460711039317,0.08304201092114738,,,,4.423354787862866,-0.37878389658216527,False
30030,2025,7555,4,219740,2021,3.4381541822153454,1438.4670777172355,4.0,0.09826051905495836,0.039848601873376355,,,,5.5218499110619685,-0.29164291930173114,False
30035,2025,1957,4,41372,2021,4.730252344580876,1661.5824868651487,4.0,0.14827939850903604,0.07875393978871315,,,,4.66013025792951,-0.34034170733384617,False
30037,2025,1188,4,21899,2021,5.424905246814923,1237.2706447187927,4.0,0.19140688043033682,0.05068367559645148,,,,4.875850570050922,-0.7386478589823646,False
30039,2025,331,4,15390,2021,2.1507472384665367,957.9862694300517,4.0,0.11875940491969317,0.11033058084677672,,,,3.838771593090211,-0.12169012908041399,False
30043,2025,581,4,19242,2021,3.0194366489969857,766.2546038543898,4.0,0.10975553837417018,0.06425512718744786,,,,2.6264744429882043,-0.26081622843811747,False
31201,2025,2421,4,94761,2021,2.5548485136290244,2583.8409212283045,4.0,0.08116519905346609,0.003970897302791876,,,,,,False
31232,2025,498,4,17007,2021,2.9282060328100195,1397.910447761194,4.0,0.10227431777646379,0.01830902917790156,,,,,,False
32054,2025,1427,4,67492,2021,2.1143246607005275,1434.8735779816516,4.0,0.09214154530859386,0.0499406616163518,,,,3.0450396528505164,-0.17017754294047194,False
33004,2025,1280,4,42296,2021,3.0262909022129754,1360.1524184476941,4.0,0.1378796385216574,0.0883768182770468,,,,1.7078452603602716,-0.06654332827278275,False
33024,2025,3772,4,148955,2021,2.532308415293209,2129.4675957120976,4.0,0.17248715302488615,0.06855753750552696,,,,2.01860616498732,-0.001540816711483206,False
33031,2025,1025,4,25962,2021,3.948077960095524,910.604854368932,4.0,0.16774723706823136,0.15423010227243128,,,,2.058933855707915,-0.2501691786368667,False
33037,2025,994,4,25878,2021,3.84110054872865,869.8036781609195,4.0,0.10727211298895045,0.07108583930142753,,,,1.611950375559119,-0.1371855934200601,False
33044,2025,3715,4,127210,2021,2.9203678956056915,1886.3956209150326,4.0,0.2065196632877433,0.15386693734082368,,,,2.9993062390087286,0.04000174449913452,False
33066,2025,921,4,29569,2021,3.114748554229091,1336.3811664641555,4.0,0.06464106257068014,-0.013450201400003081,,,,2.6589829137599836,-0.14082726860053452,False
34120,2025,1168,4,44610,2021,2.618247029813943,1245.8926760563381,4.0,0.04580366697094029,0.02865965201413445,,,,2.1958606764260473,-0.07571584831503442,False
35002,2025,283,4,14365,2021,1.9700661329620606,1626.9806451612903,4.0,0.07543271784352878,-0.015814352145013144,,,,4.554499226177316,0.17412567147823488,False
35004,2025,631,4,25339,2021,2.4902324480050515,1742.6409556313993,4.0,0.1502010919395611,0.027194142684274114,,,,9.911144328184687,0.3225618981842686,False
35006,2025,323,4,17003,2021,1.8996647650414633,1480.662761506276,4.0,0.12364460394541443,0.07108252630900491,,,,2.766560183231873,-0.25861945567882083,False
35011,2025,408,4,13881,2021,2.939269505078885,1332.5719646799116,4.0,0.10218253616351869,0.04534521248117218,,,,4.384,0.3473622436572912,False
35014,2025,827,4,16893,2021,4.89551885396318,3005.2194831013917,4.0,0.09805821065273923,-0.0011810855602332193,,,,18.07812400433314,-0.29209474966455673,False
35016,2025,4118,4,175181,2021,2.350711549768525,2116.515812818807,4.0,0.13462669137371708,0.07409582534603532,,,,6.411530220141973,-0.015093328860126931,False
35017,2025,540,4,18683,2021,2.8903281057645986,1737.9421900161033,4.0,0.18979734424985928,0.07421676653801001,,,,10.290516473731078,-0.11433500585789425,False
35019,2025,1109,4,32766,2021,3.3846059940181896,2914.738698630137,4.0,0.0913411404872655,0.03148192400160221,,,,7.664936125532288,0.5161903947585271,False
35022,2025,643,4,30372,2021,2.1170815224548925,1610.9065351418,4.0,0.2064972546182544,0.10726759656902174,,,,7.317324185248713,-0.18482764811331087,False
35026,2025,875,4,46739,2021,1.8720982477160402,1571.8303380782918,4.0,0.13185839010291245,0.08244612516773442,,,,6.161126553490615,-0.2518240503936422,False
36008,2025,269,4,15731,2021,1.709999364312504,1691.1031141868511,4.0,0.1414950431083002,0.07682692492802734,,,,2.2380797924099904,-0.16322526468625753,False
36026,2025,214,4,12577,2021,1.7015186451459012,1210.3149779735684,4.0,0.15262893310566428,0.1204808218531015,,,,1.4399457902761308,-0.04549687163711935,False
36038,2025,766,4,42646,2021,1.796182525910988,1786.188995215311,4.0,0.13143709750700827,0.04230035461955595,,,,2.1052380042056966,-0.017091017017593746,False
36045,2025,278,4,14215,2021,1.9556806190643685,1283.760546875,4.0,0.1524269381432224,0.1770180040507694,,,,1.1405959031657356,0.11811697715886704,False
36057,2025,2799,4,144293,2021,1.939803039648493,2087.6563829787237,4.0,0.11129558509332305,0.042791708315147226,,,,3.0241368113432188,-0.05729853644980709,False
36060,2025,424,4,21149,2021,2.0048229230696486,1332.3669950738915,4.0,0.09110413055897437,-0.012750541126616222,,,,2.6245286763246676,-0.09026845971351838,False
37274,2025,2304,4,92553,2021,2.4893844607954363,1910.7292962356792,4.0,0.14234878358051817,0.12436113600885124,,,,2.3918973255523315,-0.018016753877913683,False
38001,2025,1516,4,26798,2021,5.657138592432271,3365.070558375635,4.0,0.09640226723679546,-0.038528029816650156,,,,10.862836548653805,0.19719789535131227,False
38006,2025,1619,4,53746,2021,3.0123171956982846,2577.20987770461,4.0,0.11846434590967858,0.008699426324511483,,,,14.504744272159222,-0.11371870087675617,False
38011,2025,252,4,14205,2021,1.7740232312565998,2526.0663072776283,4.0,0.11063663282230318,0.002774878873704756,,,,4.833504474108845,-0.039875973476549476,False
38017,2025,733,4,24284,2021,3.0184483610607806,2108.4602287166454,4.0,0.1561914546500638,0.041802889917631925,,,,10.328041399877204,-0.5542726351331577,False
38023,2025,1296,4,74096,2021,1.7490822716475922,1804.307739082366,4.0,0.13258308281506226,-0.020516377500014782,,,,5.6671459080694015,-0.1453899998941086,False
38026,2025,314,4,17819,2021,1.7621639822661204,1570.8096774193548,4.0,0.1628471257830857,0.04824371313779041,,,,4.598360185769165,-0.10887950272232594,False
38028,2025,791,4,20779,2021,3.8067279464844312,2580.544207317073,4.0,0.12725232919735108,0.04116691031927178,,,,8.73249441851025,-0.12588341011929494,False
38031,2025,286,4,17417,2021,1.6420738359074467,1497.7487577639752,4.0,0.14364914567194553,0.05424541796023874,,,,4.630788485607009,-0.013368662629466677,False
38038,2025,1877,4,97227,2021,1.9305336994867681,2062.149378109453,4.0,0.17713920398818384,0.09153998416884934,,,,6.677767815208574,0.061168464440958026,False
39016,2025,258,4,13768,2021,1.873910517141197,1843.7431372549017,4.0,0.1691757323073202,0.023641885600985013,,,,2.328817283046503,-0.3093184343798492,False
39020,2025,753,4,24994,2021,3.0127230535328478,2562.0912052117264,4.0,0.14327000388484534,0.04231333436869433,,,,2.214414119954241,-0.29508847537824767,False
39075,2025,2477,4,93407,2021,2.6518355155395206,2393.7544783464564,4.0,0.10496770398750321,0.017284025967251537,,,,3.6051026067665,-0.06586879368073584,False
39087,2025,589,4,26596,2021,2.214618739660099,1346.7969230769231,4.0,0.15770063928184674,0.050715874775367764,,,,3.3684373548087345,-0.016666638374580156,False
40194,2025,772,4,29036,2021,2.658768425402948,1872.073505654281,4.0,0.14802416702373078,0.08205400628373427,,,,4.010455831274394,0.005588432111872876,False
41004,2025,1028,4,32822,2021,3.1320455791846933,1474.3502692998204,4.0,0.11529450345080083,0.04908196462686254,,,,3.428772288617626,-0.18236552419278107,False
41021,2025,635,4,13079,2021,4.855111247037235,1525.3032094594596,4.0,0.12467243508818826,0.03433592561524068,,,,5.104324597501986,-0.03490852686016588,False
41024,2025,370,4,15565,2021,2.377128172181176,1269.3201405152224,4.0,0.08120044337222043,0.0328467918680877,,,,3.8572676567434985,0.14655457800067984,False
41034,2025,387,4,13904,2021,2.7833716915995397,1298.416129032258,4.0,0.1254794404312991,0.024004969468716775,,,,5.473350445417484,-0.26708216689532804,False
41038,2025,3137,4,56736,2021,5.529117315284828,1774.7808557565065,4.0,0.10672503992251481,0.02907996834435922,,,,3.830679532203621,0.520703828833784,False
41039,2025,521,4,18684,2021,2.7884821237422392,1046.8408018867924,4.0,0.045231786510064875,-0.008169146221348456,,,,2.9807322830323324,-0.27313547009215133,False
41053,2025,277,4,12629,2021,2.1933644785810436,1015.9380165289256,4.0,0.10026262040481759,0.06367442202048945,,,,8.082958757195804,0.1584005513157818,False
41059,2025,599,4,19554,2021,3.0633118543520506,1944.4510548523206,4.0,0.08105425312710302,0.012647101820826734,,,,2.8600770218228497,-0.017620819903768847,False
41065,2025,342,4,13352,2021,2.56141402037148,1001.0170648464164,4.0,0.08842577734787915,0.09262736346932543,,,,2.224469160768453,0.00033930280060534557,False
41069,2025,273,4,16512,2021,1.653343023255814,1140.266889632107,4.0,0.0996720453912252,0.06845837434198287,,,,2.628769682412597,-0.2685203811538135,False
41081,2025,653,4,16016,2021,4.077172827172827,1560.0777448071215,4.0,0.18751677619764795,0.14876276378850983,,,,6.435006435006435,0.27488084630941767,False
41091,2025,10107,4,327393,2021,3.0871154850592406,2374.4652567675157,4.0,0.1204835183780879,0.08382759238813153,,,,5.143940742195411,0.21174185891968644,False
41095,2025,781,4,23030,2021,3.391228831958315,1273.9346549192367,4.0,0.08239877231022708,0.019750615942814465,,,,4.682819383259912,-0.21710550517732585,False
42173,2025,594,4,25244,2021,2.353034384408176,1462.213025210084,4.0,0.15353290112521423,0.06249928029625451,,,,2.0864149474503697,-0.18684404030600543,False
43038,2025,1104,4,31733,2021,3.4790281410519017,2286.301342281879,4.0,0.12964209476846222,0.06177417116626982,,,,7.262831941446937,-0.14190156348118155,False
43123,2025,1663,4,51284,2021,3.2427267763824976,1475.4038677130045,4.0,0.1170042497237549,0.01566594477890626,,,,7.026856903063366,-0.3951988885805102,False
43148,2025,2167,4,67200,2021,3.224702380952381,1691.5900782013684,4.0,0.09948339946706919,0.017121612188138347,,,,6.91454059977466,-0.2488852114713147,False
43155,2025,556,4,19654,2021,2.828940673654218,1007.3541353383459,4.0,0.15198062467200923,0.1328389665592391,,,,5.430970347539589,-0.5867852210107269,False
43163,2025,1045,4,31063,2021,3.364130959662621,1771.1923789907312,4.0,0.09248078296832385,0.016059395489163464,,,,5.319009563736408,-0.3692688365790593,False
43905,2025,1225,4,31523,2021,3.8860514544935443,2349.9021634615387,4.0,0.10626984322475974,0.028396494214242063,,,,10.092707045735477,-0.5585463156220474,False
44216,2025,456,4,21490,2021,2.1219171707771056,1540.3183574879229,4.0,0.13919519950763348,0.04992376392787734,,,,3.246906027951626,0.08264797562329873,False
45081,2025,554,4,12265,2021,4.516918059518956,1576.7707920792081,4.0,0.1396213083638087,0.10691449329813563,,,,6.483180428134556,-0.4734098184580535,False
45165,2025,1431,4,43263,2021,3.307676305387976,1070.996611505122,4.0,0.19517764448719999,0.10164512950676041,,,,4.075616945601598,-0.196531090430919,False
45168,2025,1105,4,40498,2021,2.728529803940935,1781.902258064516,4.0,0.14852713713971455,0.14733323266558296,,,,5.700461177893702,-0.041080865174189185,False
46005,2025,272,4,13175,2021,2.064516129032258,1409.8930513595164,4.0,0.23176712931905685,0.11782907678335253,,,,2.3642664613015016,-0.09734323080437068,False
46017,2025,986,4,24652,2021,3.999675482719455,1068.4073110285005,4.0,0.2069234019810866,0.09448881538127285,,,,3.6610057435643157,-0.23794406210838748,False
46021,2025,394,4,14434,2021,2.7296660662325065,1405.1631147540984,4.0,0.14418701067876927,0.04937153711314113,,,,3.091760034037725,0.014398586538081126,False
46029,2025,521,4,14059,2021,3.7058112241268937,862.184090909091,4.0,0.1080746174590832,0.004959821379246776,,,,2.476334721696327,-0.21843381424646546,False
46078,2025,561,4,17991,2021,3.118225779556445,1753.584263959391,4.0,0.25982302089612075,0.05665524685333123,,,,3.7639248340272307,-0.22683104219169703,False
46094,2025,348,4,12401,2021,2.8062253044109347,1423.3540838852095,4.0,0.21179523616909957,0.11793520018196446,,,,2.6712658430932135,0.13573612733093965,False
46102,2025,389,4,12037,2021,3.2317022513915425,1582.457037037037,4.0,0.20158748272474614,0.0093361174244595,,,,2.0217209690893903,0.37737446968271104,False
46110,2025,401,4,13504,2021,2.9694905213270144,1445.787162162162,4.0,0.2283250905750318,0.05867466169560154,,,,3.0966205151109127,0.2286228989011394,False
46131,2025,1819,4,54541,2021,3.3351057002988576,1502.7321291314374,4.0,0.18661570278113992,0.04045210249426878,,,,3.824783563767929,-0.15843332285363765,False
46145,2025,573,4,16908,2021,3.388928317955997,1042.3186761229315,4.0,0.10162061245197918,-0.03239683001022886,,,,4.058066644671725,-0.09986872535143565,False
46159,2025,478,4,14239,2021,3.3569773158227405,1596.3842519685038,4.0,0.21382731561516533,0.048798483485205546,,,,3.073184676958262,-0.08892721315477292,False
46169,2025,661,4,20270,2021,3.2609768130241736,1999.5066780821917,4.0,0.2638963008415467,0.0707606818810178,,,,3.722353870458136,0.3981167084635935,False
46181,2025,819,4,21085,2021,3.884277922693858,1420.8240618101543,4.0,0.12605781876555056,0.020074288908960236,,,,4.896737199979703,-0.4177633589065888,False
46184,2025,591,4,19230,2021,3.073322932917317,915.2205011389522,4.0,0.1383427398239796,0.009646403196742481,,,,3.372014362283395,0.01889554524705206,False
46190,2025,989,4,33020,2021,2.995154451847365,1967.966831683168,4.0,0.2167036221918215,0.06623691504079132,,,,4.25027305351849,0.1662700399574657,False
46220,2025,1464,4,41287,2021,3.5459103349722674,1442.0828352490423,4.0,0.19331067613079767,0.0031835706614460335,,,,2.810661809948069,-0.24677647234550415,False
46235,2025,526,4,25186,2021,2.0884618438815217,1268.005734767025,4.0,0.20027355072442377,0.13874541309720767,,,,1.8500064988518694,-0.09464246818871258,False
46244,2025,1305,4,40564,2021,3.2171383492752192,1619.4237704918032,4.0,0.24631689169442894,0.10998148948476638,,,,3.42418446498778,-0.09908188541998042,False
46250,2025,10433,4,414988,2021,2.514048598995634,2640.346655990957,4.0,0.21154387445379363,0.06215896781290886,,,,5.558298753216663,0.19988929593563132,False
47186,2025,4746,4,159363,2021,2.978106586848892,1693.0952844539095,4.0,0.0950674599175203,0.03523287297144306,,,,3.122193953906016,-0.10367324506954034,False
48013,2025,1623,4,46654,2021,3.478801388948429,2668.817274678112,4.0,0.140984838105904,0.10931010616282544,,,,,,False
48015,2025,458,4,19257,2021,2.3783559225216804,2516.7,4.0,0.12335182637637532,0.07337515056964605,,,,,,False
48020,2025,4855,4,165685,2021,2.9302592268461236,3255.423276691247,4.0,0.12368327730413231,0.0790001297643097,,,,,,False
48027,2025,485,4,13360,2021,3.6302395209580838,2474.491005291005,4.0,0.03377870871936928,-0.039305895796708956,,,,,,False
48036,2025,277,4,13683,2021,2.024409851640722,2548.9927272727273,4.0,0.13165584276090714,0.08627844552296327,,,,,,False
48044,2025,1033,4,34366,2021,3.0058779025781295,3779.5434276206315,4.0,0.09128545399211063,0.0790633539300889,,,,,,False
48054,2025,378,4,13804,2021,2.738336713995943,3278.9629482071714,4.0,0.11038574907446286,0.08275614166851208,,,,,,False
48078,2025,540,4,21560,2021,2.504638218923933,2578.6115646258504,4.0,0.10150695563142786,0.08300368722887264,,,,,,False
48082,2025,653,4,21669,2021,3.0135216207485347,2499.621553884712,4.0,0.10374724084111508,0.08959964469594683,,,,,,False
48084,2025,430,4,13547,2021,3.174134494722079,2125.7685245901635,4.0,0.1366609927379585,0.11277783336471581,,,,,,False
49275,2025,1002,4,39710,2021,2.523293880634601,1220.3378766140602,4.0,0.07451246635974829,0.05081001331766921,,,,1.9407453287911633,-0.0689674217771361,False
50297,2025,9127,4,338961,2021,2.6926401562421636,2034.0129940443962,4.0,0.1588559857474654,0.07732401724298388,,,,3.7323818770421093,0.07197703880517103,False
51001,2025,733,4,28315,2021,2.588733886632527,2088.3348578491964,4.0,0.07356135736933433,0.014970138921036158,,,,2.9538387945467592,-0.3935254066959746,False
52001,2025,734,4,29347,2021,2.5011074385797527,2015.6047440699124,4.0,0.0580190878623037,0.020884719061869728,,,,3.543176717318518,0.13290508305994564,False
