cod_ine,anio,precio_m2,num_tasaciones,trimestres_disponibles,renta_media,superficie_ref_m2,precio_vivienda,ratio_asequibilidad,puntuacion_asequibilidad,metodo_normalizacion,fuente_precio,fuente_renta
01059,2015,1983.3919075144506,519,4,32848.0,90.0,178505.27167630056,5.434281285810417,9.31899641577061,percentil_invertido_anual,"Ministerio de Vivienda, valor tasado","INE, Atlas de distribución de renta de los hogares"
02003,2015,1133.3341506129598,1142,4,28507.0,90.0,102000.07355516638,3.5780711248172863,50.89605734767025,percentil_invertido_anual,"Ministerio de Vivienda, valor tasado","INE, Atlas de distribución de renta de los hogares"
02009,2015,720.8515384615384,130,4,23797.0,90.0,64876.63846153846,2.726252824370234,88.88888888888889,percentil_invertido_anual,"Ministerio de Vivienda, valor tasado","INE, Atlas de distribución de renta de los hogares"
02037,2015,633.6738255033557,149,4,21006.0,90.0,57030.644295302016,2.7149692609398275,89.24731182795699,percentil_invertido_anual,"Ministerio de Vivienda, valor tasado","INE, Atlas de distribución de renta de los hogares"
02081,2015,607.0574074074074,108,4,22830.0,90.0,54635.166666666664,2.3931303839976636,98.5663082437276,percentil_invertido_anual,"Ministerio de Vivienda, valor tasado","INE, Atlas de distribución de renta de los hogares"
03009,2015,669.5291066282421,347,4,23650.0,90.0,60257.61959654179,2.547890892031365,95.3405017921147,percentil_invertido_anual,"Ministerio de Vivienda, valor tasado","INE, Atlas de distribución de renta de los hogares"
03014,2015,1082.815261627907,2752,4,26296.0,90.0,97453.37354651162,3.70601511813628,43.727598566308245,percentil_invertido_anual,"Ministerio de Vivienda, valor tasado","INE, Atlas de distribución de renta de los hogares"
03031,2015,1597.210088495575,565,4,20998.0,90.0,143748.90796460176,6.845838078131335,1.075268817204301,percentil_invertido_anual,"Ministerio de Vivienda, valor tasado","INE, Atlas de distribución de renta de los hogares"
03047,2015,1457.0002898550727,345,4,21063.0,90.0,131130.02608695652,6.22561012614331,2.5089605734767026,percentil_invertido_anual,"Ministerio de Vivienda, valor tasado","INE, Atlas de distribución de renta de los hogares"
03059,2015,618.7071942446042,139,4,20005.0,90.0,55683.647482014385,2.7834865024751005,86.73835125448029,percentil_invertido_anual,"Ministerio de Vivienda, valor tasado","INE, Atlas de distribución de renta de los hogares"
03063,2015,1365.3911627906978,645,4,23074.0,90.0,122885.2046511628,5.3257001235660395,10.394265232974911,percentil_invertido_anual,"Ministerio de Vivienda, valor tasado","INE, Atlas de distribución de renta de los hogares"
03065,2015,806.4955700325733,1535,4,22277.0,90.0,72584.6013029316,3.258275409746896,67.38351254480287,percentil_invertido_anual,"Ministerio de Vivienda, valor tasado","INE, Atlas de distribución de renta de los hogares"
03066,2015,552.5460410557185,341,4,20473.0,90.0,49729.14369501467,2.429011072877188,97.84946236559139,percentil_invertido_anual,"Ministerio de Vivienda, valor tasado","INE, Atlas de distribución de renta de los hogares"
03082,2015,1508.4935754189944,358,4,21969.0,90.0,135764.4217877095,6.179818006632504,2.867383512544803,percentil_invertido_anual,"Ministerio de Vivienda, valor tasado","INE, Atlas de distribución de renta de los hogares"
03093,2015,632.285925925926,135,4,24139.0,90.0,56905.73333333334,2.3574188381181216,99.2831541218638,percentil_invertido_anual,"Ministerio de Vivienda, valor tasado","INE, Atlas de distribución de renta de los hogares"
03099,2015,1037.994211932324,1123,4,20833.0,90.0,93419.47907390917,4.484206742855526,22.22222222222222,percentil_invertido_anual,"Ministerio de Vivienda, valor tasado","INE, Atlas de distribución de renta de los hogares"
03104,2015,662.0543859649123,171,4,20888.0,90.0,59584.89473684211,2.8525897518595418,83.87096774193549,percentil_invertido_anual,"Ministerio de Vivienda, valor tasado","INE, Atlas de distribución de renta de los hogares"
03121,2015,1203.404887218045,532,4,21016.0,90.0,108306.43984962405,5.1535230229170175,11.827956989247312,percentil_invertido_anual,"Ministerio de Vivienda, valor tasado","INE, Atlas de distribución de renta de los hogares"
03122,2015,901.613881748072,389,4,25296.0,90.0,81145.24935732648,3.2078292756691367,69.53405017921148,percentil_invertido_anual,"Ministerio de Vivienda, valor tasado","INE, Atlas de distribución de renta de los hogares"
03133,2015,1070.9002875629042,1391,4,17326.0,90.0,96381.02588066137,5.562797291969374,7.885304659498208,percentil_invertido_anual,"Ministerio de Vivienda, valor tasado","INE, Atlas de distribución de renta de los hogares"
03139,2015,1254.9825214899713,349,4,22265.0,90.0,112948.42693409741,5.072913852867614,12.544802867383513,percentil_invertido_anual,"Ministerio de Vivienda, valor tasado","INE, Atlas de distribución de renta de los hogares"
03140,2015,624.1335443037975,158,4,21904.0,90.0,56172.01898734178,2.564463978603989,94.26523297491039,percentil_invertido_anual,"Ministerio de Vivienda, valor tasado","INE, Atlas de distribución de renta de los hogares"
04013,2015,1106.5244338498212,1678,4,25868.0,90.0,99587.1990464839,3.8498221372539008,37.27598566308244,percentil_invertido_anual,"Ministerio de Vivienda, valor tasado","INE, Atlas de distribución de renta de los hogares"
04079,2015,931.9186611374406,1688,4,22558.0,90.0,83872.67950236966,3.718090234168351,42.29390681003584,percentil_invertido_anual,"Ministerio de Vivienda, valor tasado","INE, Atlas de distribución de renta de los hogares"
04902,2015,811.9965820312501,1024,4,21354.0,90.0,73079.69238281251,3.422295231938396,60.57347670250896,percentil_invertido_anual,"Ministerio de Vivienda, valor tasado","INE, Atlas de distribución de renta de los hogares"
05019,2015,884.0117096018736,427,4,27274.0,90.0,79561.05386416863,2.9171025102357055,79.21146953405018,percentil_invertido_anual,"Ministerio de Vivienda, valor tasado","INE, Atlas de distribución de renta de los hogares"
06011,2015,628.9166666666666,204,4,20892.0,90.0,56602.5,2.709290637564618,90.3225806451613,percentil_invertido_anual,"Ministerio de Vivienda, valor tasado","INE, Atlas de distribución de renta de los hogares"
06015,2015,1144.4808695652173,1035,4,27750.0,90.0,103003.27826086956,3.7118298472385427,43.01075268817204,percentil_invertido_anual,"Ministerio de Vivienda, valor tasado","INE, Atlas de distribución de renta de los hogares"
06044,2015,796.2455445544555,202,4,23759.0,90.0,71662.099009901,3.016208552965234,75.98566308243727,percentil_invertido_anual,"Ministerio de Vivienda, valor tasado","INE, Atlas de distribución de renta de los hogares"
06083,2015,794.016028708134,418,4,25484.0,90.0,71461.44258373206,2.8041689916705406,85.66308243727599,percentil_invertido_anual,"Ministerio de Vivienda, valor tasado","INE, Atlas de distribución de renta de los hogares"
07011,2015,2432.3677108433735,830,4,30316.0,90.0,218913.0939759036,7.221041495444769,0.35842293906810035,percentil_invertido_anual,"Ministerio de Vivienda, valor tasado","INE, Atlas de distribución de renta de los hogares"
07015,2015,1583.5374179431071,457,4,27569.0,90.0,142518.36761487965,5.169515311214758,11.11111111111111,percentil_invertido_anual,"Ministerio de Vivienda, valor tasado","INE, Atlas de distribución de renta de los hogares"
07026,2015,2417.1338056680165,494,4,34146.0,90.0,217542.04251012148,6.3709378114602435,1.7921146953405018,percentil_invertido_anual,"Ministerio de Vivienda, valor tasado","INE, Atlas de distribución de renta de los hogares"
07027,2015,1085.1453846153845,390,4,27379.0,90.0,97663.0846153846,3.5670800473130724,52.32974910394265,percentil_invertido_anual,"Ministerio de Vivienda, valor tasado","INE, Atlas de distribución de renta de los hogares"
07031,2015,1574.4973557692308,416,4,30792.0,90.0,141704.76201923078,4.601999286153247,18.27956989247312,percentil_invertido_anual,"Ministerio de Vivienda, valor tasado","INE, Atlas de distribución de renta de los hogares"
07032,2015,1249.1582043343653,323,4,30568.0,90.0,112424.23839009288,3.6778408266845357,45.878136200716845,percentil_invertido_anual,"Ministerio de Vivienda, valor tasado","INE, Atlas de distribución de renta de los hogares"
07033,2015,1245.0402144772117,373,4,28436.0,90.0,112053.61930294905,3.940554905856979,35.483870967741936,percentil_invertido_anual,"Ministerio de Vivienda, valor tasado","INE, Atlas de distribución de renta de los hogares"
07036,2015,1637.7706806282722,382,4,38101.0,90.0,147399.3612565445,3.8686480999591746,36.91756272401434,percentil_invertido_anual,"Ministerio de Vivienda, valor tasado","INE, Atlas de distribución de renta de los hogares"
07040,2015,1513.2613890963407,4017,4,32234.0,90.0,136193.52501867065,4.225151238402638,25.806451612903224,percentil_invertido_anual,"Ministerio de Vivienda, valor tasado","INE, Atlas de distribución de renta de los hogares"
07054,2015,2343.212530120482,415,4,29734.0,90.0,210889.12771084337,7.092524642188853,0.7168458781362007,percentil_invertido_anual,"Ministerio de Vivienda, valor tasado","INE, Atlas de distribución de renta de los hogares"
08015,2015,1471.9399763220204,2534,4,29062.0,90.0,132474.59786898183,4.5583441562515254,18.996415770609318,percentil_invertido_anual,"Ministerio de Vivienda, valor tasado","INE, Atlas de distribución de renta de los hogares"
08019,2015,2499.8554614003588,13925,4,36477.0,90.0,224986.99152603227,6.1679137957077685,3.225806451612903,percentil_invertido_anual,"Ministerio de Vivienda, valor tasado","INE, Atlas de distribución de renta de los hogares"
08056,2015,2112.5583950617283,810,4,39307.0,90.0,190130.25555555554,4.837058426121443,14.695340501792115,percentil_invertido_anual,"Ministerio de Vivienda, valor tasado","INE, Atlas de distribución de renta de los hogares"
08073,2015,1554.0667493796527,806,4,29401.0,90.0,139866.00744416873,4.7571853829518975,15.412186379928315,percentil_invertido_anual,"Ministerio de Vivienda, valor tasado","INE, Atlas de distribución de renta de los hogares"
08077,2015,1842.2157622739019,387,4,36753.0,90.0,165799.41860465117,4.511180545932337,21.14695340501792,percentil_invertido_anual,"Ministerio de Vivienda, valor tasado","INE, Atlas de distribución de renta de los hogares"
08089,2015,1781.2627118644068,531,4,34582.0,90.0,160313.64406779662,4.635753978017368,17.56272401433692,percentil_invertido_anual,"Ministerio de Vivienda, valor tasado","INE, Atlas de distribución de renta de los hogares"
08096,2015,1337.904496124031,645,4,32487.0,90.0,120411.4046511628,3.706448876509459,43.369175627240146,percentil_invertido_anual,"Ministerio de Vivienda, valor tasado","INE, Atlas de distribución de renta de los hogares"
08101,2015,1431.3082661996498,2855,4,27680.0,90.0,128817.74395796849,4.653820229695393,17.204301075268816,percentil_invertido_anual,"Ministerio de Vivienda, valor tasado","INE, Atlas de distribución de renta de los hogares"
08102,2015,1042.6578796561605,349,4,30715.0,90.0,93839.20916905445,3.055159015759546,73.83512544802868,percentil_invertido_anual,"Ministerio de Vivienda, valor tasado","INE, Atlas de distribución de renta de los hogares"
08113,2015,980.9935947712418,765,4,29551.0,90.0,88289.42352941175,2.9876966440868924,77.06093189964157,percentil_invertido_anual,"Ministerio de Vivienda, valor tasado","INE, Atlas de distribución de renta de los hogares"
08114,2015,1219.357281553398,309,4,32151.0,90.0,109742.15533980582,3.4133356766447642,60.93189964157706,percentil_invertido_anual,"Ministerio de Vivienda, valor tasado","INE, Atlas de distribución de renta de los hogares"
08121,2015,1321.4647302904564,1446,4,28315.0,90.0,118931.82572614108,4.200311697903623,26.881720430107528,percentil_invertido_anual,"Ministerio de Vivienda, valor tasado","INE, Atlas de distribución de renta de los hogares"
08124,2015,1362.3884615384616,494,4,30779.0,90.0,122614.96153846155,3.9837214184496426,33.691756272401435,percentil_invertido_anual,"Ministerio de Vivienda, valor tasado","INE, Atlas de distribución de renta de los hogares"
08125,2015,1302.5382871536524,397,4,29584.0,90.0,117228.44584382871,3.962562393314924,34.40860215053763,percentil_invertido_anual,"Ministerio de Vivienda, valor tasado","INE, Atlas de distribución de renta de los hogares"
08169,2015,1800.526365348399,531,4,31511.0,90.0,162047.3728813559,5.142565227423944,12.186379928315413,percentil_invertido_anual,"Ministerio de Vivienda, valor tasado","INE, Atlas de distribución de renta de los hogares"
08172,2015,1563.0539855072464,276,4,32356.0,90.0,140674.85869565216,4.347720938795035,24.731182795698924,percentil_invertido_anual,"Ministerio de Vivienda, valor tasado","INE, Atlas de distribución de renta de los hogares"
08180,2015,1302.2824242424244,495,4,28666.0,90.0,117205.4181818182,4.088656184393295,29.74910394265233,percentil_invertido_anual,"Ministerio de Vivienda, valor tasado","INE, Atlas de distribución de renta de los hogares"
08184,2015,1232.5209505334628,1031,4,30580.0,90.0,110926.88554801166,3.6274324901246455,48.38709677419355,percentil_invertido_anual,"Ministerio de Vivienda, valor tasado","INE, Atlas de distribución de renta de los hogares"
08187,2015,1217.3808414464534,2876,4,30507.0,90.0,109564.2757301808,3.5914470688753664,50.17921146953405,percentil_invertido_anual,"Ministerio de Vivienda, valor tasado","INE, Atlas de distribución de renta de los hogares"
08194,2015,1448.0019157088122,261,4,27603.0,90.0,130320.1724137931,4.721232199898312,16.129032258064516,percentil_invertido_anual,"Ministerio de Vivienda, valor tasado","INE, Atlas de distribución de renta de los hogares"
08200,2015,1508.2888343558284,815,4,30827.0,90.0,135745.99509202456,4.403477311837823,23.29749103942652,percentil_invertido_anual,"Ministerio de Vivienda, valor tasado","INE, Atlas de distribución de renta de los hogares"
08205,2015,2444.080802603037,922,4,55467.0,90.0,219967.27223427332,3.9657322774672026,34.05017921146953,percentil_invertido_anual,"Ministerio de Vivienda, valor tasado","INE, Atlas de distribución de renta de los hogares"
08211,2015,1732.3415274463007,419,4,35002.0,90.0,155910.73747016705,4.454337965549598,22.939068100358423,percentil_invertido_anual,"Ministerio de Vivienda, valor tasado","INE, Atlas de distribución de renta de los hogares"
08217,2015,1893.63595505618,267,4,37705.0,90.0,170427.23595505618,4.520016866597432,20.43010752688172,percentil_invertido_anual,"Ministerio de Vivienda, valor tasado","INE, Atlas de distribución de renta de los hogares"
08231,2015,1528.0474747474748,396,4,30772.0,90.0,137524.27272727274,4.469136641338643,22.580645161290324,percentil_invertido_anual,"Ministerio de Vivienda, valor tasado","INE, Atlas de distribución de renta de los hogares"
08245,2015,1267.954841149773,1322,4,26122.0,90.0,114115.93570347958,4.368575748544506,24.014336917562723,percentil_invertido_anual,"Ministerio de Vivienda, valor tasado","INE, Atlas de distribución de renta de los hogares"
08252,2015,1366.9248554913295,346,4,32663.0,90.0,123023.23699421965,3.766440222705191,40.14336917562724,percentil_invertido_anual,"Ministerio de Vivienda, valor tasado","INE, Atlas de distribución de renta de los hogares"
08263,2015,1400.0212464589235,353,4,31153.0,90.0,126001.91218130312,4.044615676862682,31.54121863799283,percentil_invertido_anual,"Ministerio de Vivienda, valor tasado","INE, Atlas de distribución de renta de los hogares"
08266,2015,1613.5373161764708,544,4,35889.0,90.0,145218.35845588238,4.046319442054178,30.82437275985663,percentil_invertido_anual,"Ministerio de Vivienda, valor tasado","INE, Atlas de distribución de renta de los hogares"
08279,2015,1121.5559701492537,3082,4,30321.0,90.0,100940.03731343283,3.3290471064091824,63.44086021505376,percentil_invertido_anual,"Ministerio de Vivienda, valor tasado","INE, Atlas de distribución de renta de los hogares"
08298,2015,1131.5962343096232,478,4,32022.0,90.0,101843.66108786609,3.1804278648387387,70.60931899641577,percentil_invertido_anual,"Ministerio de Vivienda, valor tasado","INE, Atlas de distribución de renta de los hogares"
08301,2015,1617.4711864406781,708,4,32125.0,90.0,145572.40677966102,4.531436786915518,19.71326164874552,percentil_invertido_anual,"Ministerio de Vivienda, valor tasado","INE, Atlas de distribución de renta de los hogares"
08305,2015,1078.0272946859905,414,4,29862.0,90.0,97022.45652173914,3.2490274101446364,68.45878136200717,percentil_invertido_anual,"Ministerio de Vivienda, valor tasado","INE, Atlas de distribución de renta de los hogares"
08307,2015,1404.5116465863457,747,4,31003.0,90.0,126406.04819277111,4.07721988816473,30.107526881720432,percentil_invertido_anual,"Ministerio de Vivienda, valor tasado","INE, Atlas de distribución de renta de los hogares"
09018,2015,1020.0197183098592,213,4,27759.0,90.0,91801.77464788733,3.30709948657687,64.87455197132617,percentil_invertido_anual,"Ministerio de Vivienda, valor tasado","INE, Atlas de distribución de renta de los hogares"
09059,2015,1248.6849472674976,1043,4,31111.0,90.0,112381.64525407479,3.612280069881225,49.10394265232975,percentil_invertido_anual,"Ministerio de Vivienda, valor tasado","INE, Atlas de distribución de renta de los hogares"
09219,2015,1012.9226086956522,230,4,28036.0,90.0,91163.0347826087,3.2516419882511305,68.10035842293907,percentil_invertido_anual,"Ministerio de Vivienda, valor tasado","INE, Atlas de distribución de renta de los hogares"
10037,2015,1081.7094982078852,558,4,28540.0,90.0,97353.85483870967,3.4111371702421045,61.29032258064516,percentil_invertido_anual,"Ministerio de Vivienda, valor tasado","INE, Atlas de distribución de renta de los hogares"
10148,2015,808.2468926553673,177,4,24701.0,90.0,72742.22033898305,2.94490993639865,78.13620071684588,percentil_invertido_anual,"Ministerio de Vivienda, valor tasado","INE, Atlas de distribución de renta de los hogares"
11004,2015,983.442266824085,847,4,25787.0,90.0,88509.80401416765,3.432342033356639,59.85663082437276,percentil_invertido_anual,"Ministerio de Vivienda, valor tasado","INE, Atlas de distribución de renta de los hogares"
11006,2015,792.2702586206896,232,4,19488.0,90.0,71304.32327586206,3.6588835835315097,47.31182795698925,percentil_invertido_anual,"Ministerio de Vivienda, valor tasado","INE, Atlas de distribución de renta de los hogares"
11012,2015,1775.8543820224718,890,4,29346.0,90.0,159826.89438202247,5.446292318613183,8.960573476702509,percentil_invertido_anual,"Ministerio de Vivienda, valor tasado","INE, Atlas de distribución de renta de los hogares"
11015,2015,1190.829502369668,844,4,22814.0,90.0,107174.65521327012,4.697758184153157,16.487455197132615,percentil_invertido_anual,"Ministerio de Vivienda, valor tasado","INE, Atlas de distribución de renta de los hogares"
11020,2015,922.1542682926829,1476,4,23411.0,90.0,82993.88414634146,3.5450806948161744,53.40501792114696,percentil_invertido_anual,"Ministerio de Vivienda, valor tasado","INE, Atlas de distribución de renta de los hogares"
11022,2015,994.3525812619505,523,4,21678.0,90.0,89491.73231357554,4.128228264303697,28.315412186379927,percentil_invertido_anual,"Ministerio de Vivienda, valor tasado","INE, Atlas de distribución de renta de los hogares"
11027,2015,1335.018888888889,810,4,26462.0,90.0,120151.70000000001,4.540537374348122,19.35483870967742,percentil_invertido_anual,"Ministerio de Vivienda, valor tasado","INE, Atlas de distribución de renta de los hogares"
11028,2015,1014.7107758620689,232,4,24912.0,90.0,91323.9698275862,3.6658626295594976,46.95340501792115,percentil_invertido_anual,"Ministerio de Vivienda, valor tasado","INE, Atlas de distribución de renta de los hogares"
11030,2015,1400.5138211382114,369,4,24195.0,90.0,126046.24390243902,5.2095988387038235,10.75268817204301,percentil_invertido_anual,"Ministerio de Vivienda, valor tasado","INE, Atlas de distribución de renta de los hogares"
11031,2015,1078.2456558773424,587,4,25819.0,90.0,97042.10902896081,3.7585541279275265,40.86021505376344,percentil_invertido_anual,"Ministerio de Vivienda, valor tasado","INE, Atlas de distribución de renta de los hogares"
11032,2015,1063.988086642599,554,4,18884.0,90.0,95758.92779783391,5.0709027641301585,12.903225806451612,percentil_invertido_anual,"Ministerio de Vivienda, valor tasado","INE, Atlas de distribución de renta de los hogares"
11033,2015,1346.7361581920904,531,4,24993.0,90.0,121206.25423728814,4.849608059748255,14.336917562724015,percentil_invertido_anual,"Ministerio de Vivienda, valor tasado","INE, Atlas de distribución de renta de los hogares"
12032,2015,717.4416901408451,355,4,24722.0,90.0,64569.75211267606,2.6118336749727393,93.18996415770609,percentil_invertido_anual,"Ministerio de Vivienda, valor tasado","INE, Atlas de distribución de renta de los hogares"
12040,2015,888.9479372937293,1212,4,27750.0,90.0,80005.31435643564,2.883074391222906,81.36200716845879,percentil_invertido_anual,"Ministerio de Vivienda, valor tasado","INE, Atlas de distribución de renta de los hogares"
12126,2015,661.6620689655174,232,4,23606.0,90.0,59549.586206896565,2.522646200410767,95.6989247311828,percentil_invertido_anual,"Ministerio de Vivienda, valor tasado","INE, Atlas de distribución de renta de los hogares"
12135,2015,688.639592760181,442,4,26687.0,90.0,61977.56334841629,2.3223878048644018,99.6415770609319,percentil_invertido_anual,"Ministerio de Vivienda, valor tasado","INE, Atlas de distribución de renta de los hogares"
12138,2015,881.3128358208955,335,4,23911.0,90.0,79318.1552238806,3.3172245085475556,64.15770609318996,percentil_invertido_anual,"Ministerio de Vivienda, valor tasado","INE, Atlas de distribución de renta de los hogares"
13005,2015,745.5673913043478,184,4,26205.0,90.0,67101.0652173913,2.5606206913715437,94.6236559139785,percentil_invertido_anual,"Ministerio de Vivienda, valor tasado","INE, Atlas de distribución de renta de los hogares"
13034,2015,990.1892271662763,427,4,30630.0,90.0,89117.03044496487,2.9094688359440046,80.28673835125448,percentil_invertido_anual,"Ministerio de Vivienda, valor tasado","INE, Atlas de distribución de renta de los hogares"
13071,2015,671.9449799196786,249,4,25269.0,90.0,60475.04819277108,2.3932505517737575,98.2078853046595,percentil_invertido_anual,"Ministerio de Vivienda, valor tasado","INE, Atlas de distribución de renta de los hogares"
13082,2015,614.2972762645915,257,4,20966.0,90.0,55286.75486381323,2.63697199579382,92.1146953405018,percentil_invertido_anual,"Ministerio de Vivienda, valor tasado","INE, Atlas de distribución de renta de los hogares"
13087,2015,734.1303664921465,191,4,23533.0,90.0,66071.7329842932,2.80762048970778,85.30465949820788,percentil_invertido_anual,"Ministerio de Vivienda, valor tasado","INE, Atlas de distribución de renta de los hogares"
14021,2015,1273.7961132437617,2084,4,27242.0,90.0,114641.65019193856,4.208268489535958,26.523297491039425,percentil_invertido_anual,"Ministerio de Vivienda, valor tasado","INE, Atlas de distribución de renta de los hogares"
14038,2015,819.6020648967551,339,4,20441.0,90.0,73764.18584070796,3.6086388063552644,49.46236559139785,percentil_invertido_anual,"Ministerio de Vivienda, valor tasado","INE, Atlas de distribución de renta de los hogares"
14056,2015,788.1178343949044,157,4,20671.0,90.0,70930.6050955414,3.431406564536858,60.215053763440864,percentil_invertido_anual,"Ministerio de Vivienda, valor tasado","INE, Atlas de distribución de renta de los hogares"
15005,2015,864.9619266055047,218,4,25474.0,90.0,77846.57339449543,3.0559226424784263,73.47670250896057,percentil_invertido_anual,"Ministerio de Vivienda, valor tasado","INE, Atlas de distribución de renta de los hogares"
15019,2015,690.8629032258065,124,4,21632.0,90.0,62177.66129032258,2.8743371528440544,82.43727598566308,percentil_invertido_anual,"Ministerio de Vivienda, valor tasado","INE, Atlas de distribución de renta de los hogares"
15030,2015,1551.9224149895906,1441,4,30880.0,90.0,139673.01734906316,4.523089940060335,20.07168458781362,percentil_invertido_anual,"Ministerio de Vivienda, valor tasado","INE, Atlas de distribución de renta de los hogares"
15031,2015,1053.8990867579907,219,4,28158.0,90.0,94850.91780821916,3.368524675339838,62.365591397849464,percentil_invertido_anual,"Ministerio de Vivienda, valor tasado","INE, Atlas de distribución de renta de los hogares"
15036,2015,710.6964187327824,363,4,26216.0,90.0,63962.67768595042,2.439833601081417,97.4910394265233,percentil_invertido_anual,"Ministerio de Vivienda, valor tasado","INE, Atlas de distribución de renta de los hogares"
15054,2015,764.4055118110236,254,4,24821.0,90.0,68796.49606299213,2.7717052521248995,87.45519713261649,percentil_invertido_anual,"Ministerio de Vivienda, valor tasado","INE, Atlas de distribución de renta de los hogares"
15058,2015,1116.3980456026059,307,4,39963.0,90.0,100475.82410423453,2.514221257268837,96.415770609319,percentil_invertido_anual,"Ministerio de Vivienda, valor tasado","INE, Atlas de distribución de renta de los hogares"
15073,2015,826.2661111111111,180,4,27402.0,90.0,74363.95,2.7138146850594844,89.60573476702508,percentil_invertido_anual,"Ministerio de Vivienda, valor tasado","INE, Atlas de distribución de renta de los hogares"
15078,2015,1490.924586288416,423,4,33195.0,90.0,134183.21276595746,4.04227181099435,31.899641577060933,percentil_invertido_anual,"Ministerio de Vivienda, valor tasado","INE, Atlas de distribución de renta de los hogares"
16078,2015,1078.6976945244955,347,4,28605.0,90.0,97082.7925072046,3.3939098936271495,61.64874551971326,percentil_invertido_anual,"Ministerio de Vivienda, valor tasado","INE, Atlas de distribución de renta de los hogares"
17023,2015,1304.17875751503,499,4,26015.0,90.0,117376.0881763527,4.511861932590917,20.788530465949822,percentil_invertido_anual,"Ministerio de Vivienda, valor tasado","INE, Atlas de distribución de renta de los hogares"
17066,2015,1000.5181818181819,462,4,26108.0,90.0,90046.63636363637,3.449005529478948,58.78136200716846,percentil_invertido_anual,"Ministerio de Vivienda, valor tasado","INE, Atlas de distribución de renta de los hogares"
17079,2015,1425.2895370370372,1080,4,33591.0,90.0,128276.05833333335,3.818762714219087,37.992831541218635,percentil_invertido_anual,"Ministerio de Vivienda, valor tasado","INE, Atlas de distribución de renta de los hogares"
17095,2015,1496.046286701209,579,4,23624.0,90.0,134644.1658031088,5.699465196542025,6.093189964157706,percentil_invertido_anual,"Ministerio de Vivienda, valor tasado","INE, Atlas de distribución de renta de los hogares"
17114,2015,955.2308139534885,344,4,30713.0,90.0,85970.77325581395,2.7991656059588435,86.02150537634408,percentil_invertido_anual,"Ministerio de Vivienda, valor tasado","INE, Atlas de distribución de renta de los hogares"
17155,2015,887.2043298969072,485,4,24858.0,90.0,79848.38969072165,3.212180774427615,69.17562724014337,percentil_invertido_anual,"Ministerio de Vivienda, valor tasado","INE, Atlas de distribución de renta de los hogares"
18087,2015,1410.3644009779953,2045,4,28305.0,90.0,126932.79608801958,4.4844655039045955,21.863799283154123,percentil_invertido_anual,"Ministerio de Vivienda, valor tasado","INE, Atlas de distribución de renta de los hogares"
18140,2015,1004.4676737160121,662,4,22435.0,90.0,90402.09063444109,4.029511505881038,32.25806451612903,percentil_invertido_anual,"Ministerio de Vivienda, valor tasado","INE, Atlas de distribución de renta de los hogares"
19130,2015,1032.5755711775043,569,4,31303.0,90.0,92931.80140597539,2.968782589719049,77.41935483870968,percentil_invertido_anual,"Ministerio de Vivienda, valor tasado","INE, Atlas de distribución de renta de los hogares"
21041,2015,1004.5533870967741,1240,4,25672.0,90.0,90409.80483870968,3.52172814111521,55.55555555555556,percentil_invertido_anual,"Ministerio de Vivienda, valor tasado","INE, Atlas de distribución de renta de los hogares"
22125,2015,1007.1013123359579,381,4,30013.0,90.0,90639.11811023622,3.0199952723898384,75.62724014336918,percentil_invertido_anual,"Ministerio de Vivienda, valor tasado","INE, Atlas de distribución de renta de los hogares"
23005,2015,730.9816037735848,212,4,20551.0,90.0,65788.34433962264,3.201223509299919,69.89247311827957,percentil_invertido_anual,"Ministerio de Vivienda, valor tasado","INE, Atlas de distribución de renta de los hogares"
23050,2015,1105.991420118343,676,4,28837.0,90.0,99539.22781065087,3.451788598351107,58.422939068100355,percentil_invertido_anual,"Ministerio de Vivienda, valor tasado","INE, Atlas de distribución de renta de los hogares"
23055,2015,810.541304347826,414,4,24367.0,90.0,72948.71739130434,2.993750457229217,76.70250896057348,percentil_invertido_anual,"Ministerio de Vivienda, valor tasado","INE, Atlas de distribución de renta de los hogares"
23092,2015,858.4390476190476,210,4,23577.0,90.0,77259.5142857143,3.2769018232054243,66.66666666666667,percentil_invertido_anual,"Ministerio de Vivienda, valor tasado","INE, Atlas de distribución de renta de los hogares"
24089,2015,1151.4013605442176,735,4,29359.0,90.0,103626.12244897959,3.5296203020872503,54.83870967741935,percentil_invertido_anual,"Ministerio de Vivienda, valor tasado","INE, Atlas de distribución de renta de los hogares"
24115,2015,777.7757180156657,383,4,26013.0,90.0,69999.81462140991,2.69095508481951,90.68100358422939,percentil_invertido_anual,"Ministerio de Vivienda, valor tasado","INE, Atlas de distribución de renta de los hogares"
24142,2015,824.3653594771241,153,4,25743.0,90.0,74192.88235294117,2.8820604573259208,81.72043010752688,percentil_invertido_anual,"Ministerio de Vivienda, valor tasado","INE, Atlas de distribución de renta de los hogares"
25120,2015,919.5271844660195,1545,4,29454.0,90.0,82757.44660194176,2.8097184288022596,84.94623655913979,percentil_invertido_anual,"Ministerio de Vivienda, valor tasado","INE, Atlas de distribución de renta de los hogares"
26089,2015,1160.7631894484412,834,4,29748.0,90.0,104468.6870503597,3.5117885925225125,56.272401433691755,percentil_invertido_anual,"Ministerio de Vivienda, valor tasado","INE, Atlas de distribución de renta de los hogares"
27028,2015,859.1611940298507,469,4,27226.0,90.0,77324.50746268655,2.8400979748287134,84.22939068100358,percentil_invertido_anual,"Ministerio de Vivienda, valor tasado","INE, Atlas de distribución de renta de los hogares"
28005,2015,1267.2053036783575,1169,4,32136.0,90.0,114048.47733105217,3.5489319557833015,53.04659498207885,percentil_invertido_anual,"Ministerio de Vivienda, valor tasado","INE, Atlas de distribución de renta de los hogares"
28006,2015,2357.6805555555557,720,4,52826.0,90.0,212191.25,4.016795706659599,32.61648745519713,percentil_invertido_anual,"Ministerio de Vivienda, valor tasado","INE, Atlas de distribución de renta de los hogares"
28007,2015,1481.7481724461106,1067,4,31794.0,90.0,133357.33552014997,4.194418302829149,27.240143369175627,percentil_invertido_anual,"Ministerio de Vivienda, valor tasado","INE, Atlas de distribución de renta de los hogares"
28013,2015,1118.818062827225,382,4,30499.0,90.0,100693.62565445025,3.301538596493336,65.59139784946237,percentil_invertido_anual,"Ministerio de Vivienda, valor tasado","INE, Atlas de distribución de renta de los hogares"
28014,2015,1174.7789915966387,357,4,29550.0,90.0,105730.10924369749,3.578007081004991,51.25448028673835,percentil_invertido_anual,"Ministerio de Vivienda, valor tasado","INE, Atlas de distribución de renta de los hogares"
28022,2015,1998.2113207547168,636,4,64348.0,90.0,179839.01886792452,2.7947880100069082,86.37992831541219,percentil_invertido_anual,"Ministerio de Vivienda, valor tasado","INE, Atlas de distribución de renta de los hogares"
28045,2015,1470.336338797814,366,4,38465.0,90.0,132330.27049180327,3.440277407820181,59.49820788530466,percentil_invertido_anual,"Ministerio de Vivienda, valor tasado","INE, Atlas de distribución de renta de los hogares"
28047,2015,1292.278093306288,493,4,31648.0,90.0,116305.02839756591,3.674956660691542,46.236559139784944,percentil_invertido_anual,"Ministerio de Vivienda, valor tasado","INE, Atlas de distribución de renta de los hogares"
28049,2015,1470.7762749445676,451,4,33052.0,90.0,132369.8647450111,4.004897275354323,33.333333333333336,percentil_invertido_anual,"Ministerio de Vivienda, valor tasado","INE, Atlas de distribución de renta de los hogares"
28058,2015,1195.9122564935064,1232,4,28424.0,90.0,107632.10308441558,3.786662787940317,38.70967741935484,percentil_invertido_anual,"Ministerio de Vivienda, valor tasado","INE, Atlas de distribución de renta de los hogares"
28061,2015,1256.8032786885246,366,4,37051.0,90.0,113112.29508196721,3.0528810310644032,74.19354838709677,percentil_invertido_anual,"Ministerio de Vivienda, valor tasado","INE, Atlas de distribución de renta de los hogares"
28065,2015,1379.20947265625,1024,4,30680.0,90.0,124128.8525390625,4.045920878065923,31.182795698924732,percentil_invertido_anual,"Ministerio de Vivienda, valor tasado","INE, Atlas de distribución de renta de los hogares"
28074,2015,1429.4871602624178,1067,4,29420.0,90.0,128653.8444236176,4.373006268647777,23.655913978494624,percentil_invertido_anual,"Ministerio de Vivienda, valor tasado","INE, Atlas de distribución de renta de los hogares"
28079,2015,2471.4750701276125,25311,4,38539.0,90.0,222432.75631148514,5.771627606099928,5.376344086021505,percentil_invertido_anual,"Ministerio de Vivienda, valor tasado","INE, Atlas de distribución de renta de los hogares"
28080,2015,2373.5015873015877,567,4,60173.0,90.0,213615.1428571429,3.5500165000439217,52.68817204301075,percentil_invertido_anual,"Ministerio de Vivienda, valor tasado","INE, Atlas de distribución de renta de los hogares"
28092,2015,1185.1288611544462,1282,4,29582.0,90.0,106661.59750390016,3.605624957876417,49.82078853046595,percentil_invertido_anual,"Ministerio de Vivienda, valor tasado","INE, Atlas de distribución de renta de los hogares"
28106,2015,947.2138888888888,1080,4,25546.0,90.0,85249.25,3.3370879981210364,63.08243727598566,percentil_invertido_anual,"Ministerio de Vivienda, valor tasado","INE, Atlas de distribución de renta de los hogares"
28113,2015,1332.9982905982906,351,4,31695.0,90.0,119969.84615384616,3.78513475796959,39.06810035842294,percentil_invertido_anual,"Ministerio de Vivienda, valor tasado","INE, Atlas de distribución de renta de los hogares"
28115,2015,2461.987338129496,695,4,76887.0,90.0,221578.86043165464,2.881876785824062,82.07885304659499,percentil_invertido_anual,"Ministerio de Vivienda, valor tasado","INE, Atlas de distribución de renta de los hogares"
28123,2015,1542.1672268907562,476,4,39732.0,90.0,138795.05042016806,3.4932812448446606,56.98924731182796,percentil_invertido_anual,"Ministerio de Vivienda, valor tasado","INE, Atlas de distribución de renta de los hogares"
28127,2015,1980.806229860365,931,4,59007.0,90.0,178272.56068743285,3.0212103765219864,74.91039426523298,percentil_invertido_anual,"Ministerio de Vivienda, valor tasado","INE, Atlas de distribución de renta de los hogares"
28130,2015,1468.1134615384615,208,4,31369.0,90.0,132130.21153846153,4.212126989654166,26.164874551971327,percentil_invertido_anual,"Ministerio de Vivienda, valor tasado","INE, Atlas de distribución de renta de los hogares"
28134,2015,1770.5602671118531,599,4,38676.0,90.0,159350.42404006678,4.12013714034716,29.032258064516128,percentil_invertido_anual,"Ministerio de Vivienda, valor tasado","INE, Atlas de distribución de renta de los hogares"
28148,2015,1196.1290625,960,4,30392.0,90.0,107651.61562499999,3.5421036991642536,54.121863799283155,percentil_invertido_anual,"Ministerio de Vivienda, valor tasado","INE, Atlas de distribución de renta de los hogares"
28161,2015,1167.038437001595,627,4,32993.0,90.0,105033.45933014355,3.183507390359881,70.25089605734767,percentil_invertido_anual,"Ministerio de Vivienda, valor tasado","INE, Atlas de distribución de renta de los hogares"
28181,2015,1609.527843137255,255,4,49702.0,90.0,144857.50588235297,2.9145206607853402,79.56989247311827,percentil_invertido_anual,"Ministerio de Vivienda, valor tasado","INE, Atlas de distribución de renta de los hogares"
28903,2015,1878.2916083916084,286,4,51193.0,90.0,169046.24475524476,3.302135931772796,65.23297491039426,percentil_invertido_anual,"Ministerio de Vivienda, valor tasado","INE, Atlas de distribución de renta de los hogares"
29007,2015,1149.8799999999999,315,4,27973.0,90.0,103489.19999999998,3.6996103385407353,44.086021505376344,percentil_invertido_anual,"Ministerio de Vivienda, valor tasado","INE, Atlas de distribución de renta de los hogares"
29015,2015,964.2442982456141,228,4,24596.0,90.0,86781.98684210527,3.5282967491504826,55.19713261648746,percentil_invertido_anual,"Ministerio de Vivienda, valor tasado","INE, Atlas de distribución de renta de los hogares"
29025,2015,1418.1910984848485,1056,4,21986.0,90.0,127637.19886363637,5.805385193470225,5.017921146953405,percentil_invertido_anual,"Ministerio de Vivienda, valor tasado","INE, Atlas de distribución de renta de los hogares"
29051,2015,1329.5447013487476,1038,4,22042.0,90.0,119659.02312138729,5.42868265680915,9.67741935483871,percentil_invertido_anual,"Ministerio de Vivienda, valor tasado","INE, Atlas de distribución de renta de los hogares"
29054,2015,1461.460779220779,770,4,21045.0,90.0,131531.4701298701,6.250010459960566,2.150537634408602,percentil_invertido_anual,"Ministerio de Vivienda, valor tasado","INE, Atlas de distribución de renta de los hogares"
29067,2015,1291.855880929332,4132,4,25922.0,90.0,116267.02928363987,4.48526461243885,21.50537634408602,percentil_invertido_anual,"Ministerio de Vivienda, valor tasado","INE, Atlas de distribución de renta de los hogares"
29069,2015,1940.481442307692,2080,4,23926.0,90.0,174643.3298076923,7.299311619480577,0.0,percentil_invertido_anual,"Ministerio de Vivienda, valor tasado","INE, Atlas de distribución de renta de los hogares"
29070,2015,1227.6930720783764,1429,4,19854.0,90.0,110492.37648705387,5.565245113682576,7.526881720430108,percentil_invertido_anual,"Ministerio de Vivienda, valor tasado","INE, Atlas de distribución de renta de los hogares"
29082,2015,1230.6981818181819,550,4,27989.0,90.0,110762.83636363636,3.9573702655913525,34.76702508960574,percentil_invertido_anual,"Ministerio de Vivienda, valor tasado","INE, Atlas de distribución de renta de los hogares"
29084,2015,1022.5181818181819,231,4,23760.0,90.0,92026.63636363637,3.8731749311294768,36.55913978494624,percentil_invertido_anual,"Ministerio de Vivienda, valor tasado","INE, Atlas de distribución de renta de los hogares"
29094,2015,1086.3388750000001,800,4,21354.0,90.0,97770.49875000001,4.578556652149481,18.63799283154122,percentil_invertido_anual,"Ministerio de Vivienda, valor tasado","INE, Atlas de distribución de renta de los hogares"
29901,2015,1397.4546321525886,734,4,23226.0,90.0,125770.91689373297,5.415091573828165,10.03584229390681,percentil_invertido_anual,"Ministerio de Vivienda, valor tasado","INE, Atlas de distribución de renta de los hogares"
30003,2015,889.0379668049792,482,4,22373.0,90.0,80013.41701244813,3.576338310125961,51.61290322580645,percentil_invertido_anual,"Ministerio de Vivienda, valor tasado","INE, Atlas de distribución de renta de los hogares"
30005,2015,727.4234200743496,269,4,23875.0,90.0,65468.10780669146,2.74211969870959,88.5304659498208,percentil_invertido_anual,"Ministerio de Vivienda, valor tasado","INE, Atlas de distribución de renta de los hogares"
30015,2015,676.8121387283237,173,4,23210.0,90.0,60913.09248554913,2.6244331101055205,92.47311827956989,percentil_invertido_anual,"Ministerio de Vivienda, valor tasado","INE, Atlas de distribución de renta de los hogares"
30016,2015,959.9108773730118,1949,4,27499.0,90.0,86391.97896357106,3.1416407492480114,71.32616487455198,percentil_invertido_anual,"Ministerio de Vivienda, valor tasado","INE, Atlas de distribución de renta de los hogares"
30019,2015,795.3830985915492,284,4,24245.0,90.0,71584.47887323944,2.952546045503792,77.77777777777777,percentil_invertido_anual,"Ministerio de Vivienda, valor tasado","INE, Atlas de distribución de renta de los hogares"
30022,2015,593.8043290043289,231,4,21248.0,90.0,53442.389610389604,2.5151727038022216,96.05734767025089,percentil_invertido_anual,"Ministerio de Vivienda, valor tasado","INE, Atlas de distribución de renta de los hogares"
30024,2015,830.5191860465117,516,4,26137.0,90.0,74746.72674418605,2.8598051323482436,82.79569892473118,percentil_invertido_anual,"Ministerio de Vivienda, valor tasado","INE, Atlas de distribución de renta de los hogares"
30026,2015,945.9525812619504,523,4,19597.0,90.0,85135.73231357554,4.344324759584403,25.089605734767026,percentil_invertido_anual,"Ministerio de Vivienda, valor tasado","INE, Atlas de distribución de renta de los hogares"
30027,2015,793.8562243502053,731,4,28815.0,90.0,71447.06019151847,2.4795092900058466,96.7741935483871,percentil_invertido_anual,"Ministerio de Vivienda, valor tasado","INE, Atlas de distribución de renta de los hogares"
30030,2015,944.5706483723432,3717,4,28979.0,90.0,85011.35835351088,2.9335504452710888,78.49462365591398,percentil_invertido_anual,"Ministerio de Vivienda, valor tasado","INE, Atlas de distribución de renta de los hogares"
30035,2015,1055.3896551724138,870,4,24186.0,90.0,94985.06896551725,3.9272748269873996,35.842293906810035,percentil_invertido_anual,"Ministerio de Vivienda, valor tasado","INE, Atlas de distribución de renta de los hogares"
30037,2015,822.8491289198606,574,4,23974.0,90.0,74056.42160278745,3.0890306833564467,72.40143369175627,percentil_invertido_anual,"Ministerio de Vivienda, valor tasado","INE, Atlas de distribución de renta de los hogares"
30039,2015,742.4129943502825,177,4,24193.0,90.0,66817.16949152542,2.761838940665706,88.17204301075269,percentil_invertido_anual,"Ministerio de Vivienda, valor tasado","INE, Atlas de distribución de renta de los hogares"
30043,2015,644.2600790513834,253,4,21581.0,90.0,57983.407114624504,2.686780367667138,91.0394265232975,percentil_invertido_anual,"Ministerio de Vivienda, valor tasado","INE, Atlas de distribución de renta de los hogares"
31201,2015,1510.9215542521995,682,4,37063.0,90.0,135982.93988269794,3.6689674306639493,46.59498207885304,percentil_invertido_anual,"Ministerio de Vivienda, valor tasado","INE, Atlas de distribución de renta de los hogares"
31232,2015,918.1944162436548,197,4,31084.0,90.0,82637.49746192893,2.6585219875797494,91.75627240143369,percentil_invertido_anual,"Ministerio de Vivienda, valor tasado","INE, Atlas de distribución de renta de los hogares"
32054,2015,1185.9098924731181,465,4,27024.0,90.0,106731.89032258063,3.9495222884317878,35.12544802867384,percentil_invertido_anual,"Ministerio de Vivienda, valor tasado","INE, Atlas de distribución de renta de los hogares"
33004,2015,1139.5260638297873,376,4,27856.0,90.0,102557.34574468086,3.681696788651668,45.16129032258065,percentil_invertido_anual,"Ministerio de Vivienda, valor tasado","INE, Atlas de distribución de renta de los hogares"
33024,2015,1371.8232311977717,1795,4,28420.0,90.0,123464.09080779945,4.344267797600263,25.448028673835125,percentil_invertido_anual,"Ministerio de Vivienda, valor tasado","INE, Atlas de distribución de renta de los hogares"
33031,2015,816.3863281250001,256,4,25985.0,90.0,73474.76953125001,2.8275839727246495,84.58781362007169,percentil_invertido_anual,"Ministerio de Vivienda, valor tasado","INE, Atlas de distribución de renta de los hogares"
33037,2015,748.1409090909091,154,4,26063.0,90.0,67332.68181818182,2.5834586125228034,93.54838709677419,percentil_invertido_anual,"Ministerio de Vivienda, valor tasado","INE, Atlas de distribución de renta de los hogares"
33044,2015,1326.8289530685922,1385,4,31054.0,90.0,119414.6057761733,3.845385643594168,37.634408602150536,percentil_invertido_anual,"Ministerio de Vivienda, valor tasado","INE, Atlas de distribución de renta de los hogares"
33066,2015,1031.0283783783784,296,4,29186.0,90.0,92792.55405405405,3.1793515402608805,70.96774193548387,percentil_invertido_anual,"Ministerio de Vivienda, valor tasado","INE, Atlas de distribución de renta de los hogares"
34120,2015,1144.6000000000001,404,4,28412.0,90.0,103014.00000000001,3.625721526115726,48.74551971326165,percentil_invertido_anual,"Ministerio de Vivienda, valor tasado","INE, Atlas de distribución de renta de los hogares"
35002,2015,996.3637209302325,215,4,25528.0,90.0,89672.73488372093,3.5127207334582,55.913978494623656,percentil_invertido_anual,"Ministerio de Vivienda, valor tasado","INE, Atlas de distribución de renta de los hogares"
35004,2015,993.6102071005918,676,4,24462.0,90.0,89424.91863905326,3.655666692790992,48.028673835125446,percentil_invertido_anual,"Ministerio de Vivienda, valor tasado","INE, Atlas de distribución de renta de los hogares"
35006,2015,852.0378205128205,312,4,26840.0,90.0,76683.40384615384,2.857056775192021,83.51254480286738,percentil_invertido_anual,"Ministerio de Vivienda, valor tasado","INE, Atlas de distribución de renta de los hogares"
35011,2015,810.4858536585366,205,4,24991.0,90.0,72943.7268292683,2.918799841113533,78.85304659498208,percentil_invertido_anual,"Ministerio de Vivienda, valor tasado","INE, Atlas de distribución de renta de los hogares"
35016,2015,1358.89165232358,2324,4,29208.0,90.0,122300.2487091222,4.187217498942831,27.59856630824373,percentil_invertido_anual,"Ministerio de Vivienda, valor tasado","INE, Atlas de distribución de renta de los hogares"
35017,2015,808.3786885245902,549,4,26817.0,90.0,72754.08196721312,2.71298362856446,89.96415770609319,percentil_invertido_anual,"Ministerio de Vivienda, valor tasado","INE, Atlas de distribución de renta de los hogares"
35019,2015,1570.5672916666667,480,4,23536.0,90.0,141351.05625,6.005738283905506,4.301075268817204,percentil_invertido_anual,"Ministerio de Vivienda, valor tasado","INE, Atlas de distribución de renta de los hogares"
35022,2015,842.5973684210527,608,4,23013.0,90.0,75833.76315789475,3.2952576003952005,66.30824372759857,percentil_invertido_anual,"Ministerio de Vivienda, valor tasado","INE, Atlas de distribución de renta de los hogares"
35026,2015,938.9630363036304,606,4,24971.0,90.0,84506.67326732673,3.3841925941022275,62.007168458781365,percentil_invertido_anual,"Ministerio de Vivienda, valor tasado","INE, Atlas de distribución de renta de los hogares"
36026,2015,815.0429906542057,107,4,24281.0,90.0,73353.86915887852,3.0210398731056594,75.26881720430107,percentil_invertido_anual,"Ministerio de Vivienda, valor tasado","INE, Atlas de distribución de renta de los hogares"
36038,2015,1109.887441860465,430,4,28682.0,90.0,99889.86976744185,3.4826675185636238,57.34767025089606,percentil_invertido_anual,"Ministerio de Vivienda, valor tasado","INE, Atlas de distribución de renta de los hogares"
36045,2015,902.8052631578947,114,4,28416.0,90.0,81252.47368421052,2.8593916696301562,83.15412186379929,percentil_invertido_anual,"Ministerio de Vivienda, valor tasado","INE, Atlas de distribución de renta de los hogares"
36057,2015,1305.625016371971,1527,4,31077.0,90.0,117506.25147347739,3.7811323960960643,39.42652329749104,percentil_invertido_anual,"Ministerio de Vivienda, valor tasado","INE, Atlas de distribución de renta de los hogares"
36060,2015,837.303664921466,191,4,24383.0,90.0,75357.32984293194,3.090568422381657,72.04301075268818,percentil_invertido_anual,"Ministerio de Vivienda, valor tasado","INE, Atlas de distribución de renta de los hogares"
37274,2015,1502.2089439655174,928,4,26948.0,90.0,135198.80495689658,5.017025566160627,13.620071684587813,percentil_invertido_anual,"Ministerio de Vivienda, valor tasado","INE, Atlas de distribución de renta de los hogares"
38001,2015,1415.6993074792244,722,4,21928.0,90.0,127412.9376731302,5.8105133926090025,4.659498207885305,percentil_invertido_anual,"Ministerio de Vivienda, valor tasado","INE, Atlas de distribución de renta de los hogares"
38006,2015,1188.702541296061,787,4,19418.0,90.0,106983.2287166455,5.50948752274413,8.602150537634408,percentil_invertido_anual,"Ministerio de Vivienda, valor tasado","INE, Atlas de distribución de renta de los hogares"
38017,2015,908.5451669595782,569,4,22004.0,90.0,81769.06502636203,3.716100028465826,42.65232974910394,percentil_invertido_anual,"Ministerio de Vivienda, valor tasado","INE, Atlas de distribución de renta de los hogares"
38023,2015,994.181593110872,929,4,26781.0,90.0,89476.34337997848,3.3410381755714305,62.72401433691756,percentil_invertido_anual,"Ministerio de Vivienda, valor tasado","INE, Atlas de distribución de renta de los hogares"
38026,2015,963.776213592233,206,4,24282.0,90.0,86739.85922330097,3.5721875967095365,51.971326164874554,percentil_invertido_anual,"Ministerio de Vivienda, valor tasado","INE, Atlas de distribución de renta de los hogares"
38028,2015,1352.7285714285713,231,4,23620.0,90.0,121745.57142857142,5.154342566831982,11.469534050179211,percentil_invertido_anual,"Ministerio de Vivienda, valor tasado","INE, Atlas de distribución de renta de los hogares"
38031,2015,931.5074285714287,175,4,22274.0,90.0,83835.66857142858,3.7638353493503,40.50179211469534,percentil_invertido_anual,"Ministerio de Vivienda, valor tasado","INE, Atlas de distribución de renta de los hogares"
38038,2015,1167.35663915979,1333,4,27548.0,90.0,105062.0975243811,3.813783124886783,38.35125448028674,percentil_invertido_anual,"Ministerio de Vivienda, valor tasado","INE, Atlas de distribución de renta de los hogares"
39016,2015,1155.5905325443787,169,4,29721.0,90.0,104003.14792899408,3.4993152292653034,56.630824372759854,percentil_invertido_anual,"Ministerio de Vivienda, valor tasado","INE, Atlas de distribución de renta de los hogares"
39020,2015,1730.5705685618727,299,4,27931.0,90.0,155751.35117056855,5.576289827452241,7.168458781362007,percentil_invertido_anual,"Ministerio de Vivienda, valor tasado","INE, Atlas de distribución de renta de los hogares"
39075,2015,1629.805272407733,1138,4,30940.0,90.0,146682.47451669595,4.740868601056754,15.770609318996415,percentil_invertido_anual,"Ministerio de Vivienda, valor tasado","INE, Atlas de distribución de renta de los hogares"
39087,2015,977.524513618677,257,4,25433.0,90.0,87977.20622568093,3.4591753322722814,58.064516129032256,percentil_invertido_anual,"Ministerio de Vivienda, valor tasado","INE, Atlas de distribución de renta de los hogares"
40194,2015,1363.9187692307692,325,4,29711.0,90.0,122752.68923076922,4.131556973200809,27.956989247311828,percentil_invertido_anual,"Ministerio de Vivienda, valor tasado","INE, Atlas de distribución de renta de los hogares"
41004,2015,995.4780201342282,596,4,23916.0,90.0,89593.02181208054,3.746154114905525,41.577060931899645,percentil_invertido_anual,"Ministerio de Vivienda, valor tasado","INE, Atlas de distribución de renta de los hogares"
41021,2015,1000.4217821782179,202,4,21849.0,90.0,90037.9603960396,4.120919053322331,28.67383512544803,percentil_invertido_anual,"Ministerio de Vivienda, valor tasado","INE, Atlas de distribución de renta de los hogares"
41024,2015,984.0427860696516,201,4,21881.0,90.0,88563.85074626864,4.047522999235348,30.46594982078853,percentil_invertido_anual,"Ministerio de Vivienda, valor tasado","INE, Atlas de distribución de renta de los hogares"
41034,2015,868.2657142857142,175,4,20702.0,90.0,78143.91428571429,3.7747036173178574,39.784946236559136,percentil_invertido_anual,"Ministerio de Vivienda, valor tasado","INE, Atlas de distribución de renta de los hogares"
41038,2015,1052.707164480323,991,4,26746.0,90.0,94743.64480322906,3.5423481942432162,53.763440860215056,percentil_invertido_anual,"Ministerio de Vivienda, valor tasado","INE, Atlas de distribución de renta de los hogares"
41039,2015,841.942372881356,177,4,20602.0,90.0,75774.81355932205,3.6780319172566767,45.51971326164875,percentil_invertido_anual,"Ministerio de Vivienda, valor tasado","INE, Atlas de distribución de renta de los hogares"
41059,2015,1224.9654411764707,408,4,32003.0,90.0,110246.88970588236,3.444892344651513,59.13978494623656,percentil_invertido_anual,"Ministerio de Vivienda, valor tasado","INE, Atlas de distribución de renta de los hogares"
41065,2015,909.121052631579,171,4,21856.0,90.0,81820.8947368421,3.7436353741234494,41.935483870967744,percentil_invertido_anual,"Ministerio de Vivienda, valor tasado","INE, Atlas de distribución de renta de los hogares"
41069,2015,875.2966292134831,178,4,19128.0,90.0,78776.69662921347,4.118396937955535,29.39068100358423,percentil_invertido_anual,"Ministerio de Vivienda, valor tasado","INE, Atlas de distribución de renta de los hogares"
41081,2015,1011.1742081447964,221,4,22710.0,90.0,91005.67873303167,4.007295408764055,32.97491039426523,percentil_invertido_anual,"Ministerio de Vivienda, valor tasado","INE, Atlas de distribución de renta de los hogares"
41091,2015,1589.2367748802553,5637,4,28852.0,90.0,143031.30973922298,4.957414035048627,13.978494623655914,percentil_invertido_anual,"Ministerio de Vivienda, valor tasado","INE, Atlas de distribución de renta de los hogares"
41095,2015,884.6483695652175,368,4,21528.0,90.0,79618.35326086958,3.698362749018468,44.44444444444444,percentil_invertido_anual,"Ministerio de Vivienda, valor tasado","INE, Atlas de distribución de renta de los hogares"
42173,2015,1195.2233009708739,206,4,30472.0,90.0,107570.09708737864,3.5301292034450853,54.48028673835125,percentil_invertido_anual,"Ministerio de Vivienda, valor tasado","INE, Atlas de distribución de renta de los hogares"
43038,2015,1499.7668135095448,681,4,28876.0,90.0,134979.01321585904,4.674435975060917,16.845878136200717,percentil_invertido_anual,"Ministerio de Vivienda, valor tasado","INE, Atlas de distribución de renta de los hogares"
43123,2015,963.946241457859,1317,4,28584.0,90.0,86755.1617312073,3.0350952186960294,74.55197132616487,percentil_invertido_anual,"Ministerio de Vivienda, valor tasado","INE, Atlas de distribución de renta de los hogares"
43148,2015,1093.8874543239951,1642,4,32065.0,90.0,98449.87088915956,3.070321873979715,73.11827956989248,percentil_invertido_anual,"Ministerio de Vivienda, valor tasado","INE, Atlas de distribución de renta de los hogares"
43155,2015,717.3407051282051,312,4,27319.0,90.0,64560.663461538454,2.363214739248818,98.9247311827957,percentil_invertido_anual,"Ministerio de Vivienda, valor tasado","INE, Atlas de distribución de renta de los hogares"
43163,2015,1120.564338781575,673,4,25684.0,90.0,100850.79049034175,3.9265998477784514,36.200716845878134,percentil_invertido_anual,"Ministerio de Vivienda, valor tasado","INE, Atlas de distribución de renta de los hogares"
44216,2015,1014.8120418848168,191,4,31377.0,90.0,91333.08376963352,2.9108290712825804,79.92831541218638,percentil_invertido_anual,"Ministerio de Vivienda, valor tasado","INE, Atlas de distribución de renta de los hogares"
45165,2015,739.8384823848239,738,4,23057.0,90.0,66585.46341463416,2.8878632699238476,81.00358422939068,percentil_invertido_anual,"Ministerio de Vivienda, valor tasado","INE, Atlas de distribución de renta de los hogares"
45168,2015,1259.9066413662238,527,4,34091.0,90.0,113391.59772296014,3.326144663487728,63.799283154121866,percentil_invertido_anual,"Ministerio de Vivienda, valor tasado","INE, Atlas de distribución de renta de los hogares"
46005,2015,710.2638497652582,213,4,23008.0,90.0,63923.74647887324,2.7783269505768966,87.09677419354838,percentil_invertido_anual,"Ministerio de Vivienda, valor tasado","INE, Atlas de distribución de renta de los hogares"
46017,2015,719.8838888888888,360,4,25346.0,90.0,64789.549999999996,2.5562041347747178,94.9820788530466,percentil_invertido_anual,"Ministerio de Vivienda, valor tasado","INE, Atlas de distribución de renta de los hogares"
46021,2015,843.1831730769231,208,4,23582.0,90.0,75886.48557692308,3.217983444021842,68.81720430107526,percentil_invertido_anual,"Ministerio de Vivienda, valor tasado","INE, Atlas de distribución de renta de los hogares"
46029,2015,666.1,174,4,24200.0,90.0,59949.0,2.477231404958678,97.1326164874552,percentil_invertido_anual,"Ministerio de Vivienda, valor tasado","INE, Atlas de distribución de renta de los hogares"
46078,2015,730.3330508474577,236,4,22691.0,90.0,65729.9745762712,2.8967420817183553,80.64516129032258,percentil_invertido_anual,"Ministerio de Vivienda, valor tasado","INE, Atlas de distribución de renta de los hogares"
46102,2015,851.6127450980392,102,4,23253.0,90.0,76645.14705882352,3.2961401564883466,65.94982078853046,percentil_invertido_anual,"Ministerio de Vivienda, valor tasado","INE, Atlas de distribución de renta de los hogares"
46110,2015,700.287684729064,203,4,22773.0,90.0,63025.89162561576,2.767570878918709,87.81362007168458,percentil_invertido_anual,"Ministerio de Vivienda, valor tasado","INE, Atlas de distribución de renta de los hogares"
46131,2015,812.0685101580135,886,4,23753.0,90.0,73086.16591422122,3.0769235849880525,72.75985663082437,percentil_invertido_anual,"Ministerio de Vivienda, valor tasado","INE, Atlas de distribución de renta de los hogares"
46145,2015,726.7429133858268,254,4,24952.0,90.0,65406.86220472441,2.621307398393893,92.831541218638,percentil_invertido_anual,"Ministerio de Vivienda, valor tasado","INE, Atlas de distribución de renta de los hogares"
46159,2015,846.2877551020408,196,4,23419.0,90.0,76165.89795918367,3.252312137972743,67.74193548387096,percentil_invertido_anual,"Ministerio de Vivienda, valor tasado","INE, Atlas de distribución de renta de los hogares"
46169,2015,906.2401929260451,311,4,24642.0,90.0,81561.61736334406,3.3098619171878934,64.51612903225806,percentil_invertido_anual,"Ministerio de Vivienda, valor tasado","INE, Atlas de distribución de renta de los hogares"
46181,2015,792.568581081081,296,4,22748.0,90.0,71331.1722972973,3.13571181190862,71.68458781362007,percentil_invertido_anual,"Ministerio de Vivienda, valor tasado","INE, Atlas de distribución de renta de los hogares"
46184,2015,617.0040404040404,297,4,23985.0,90.0,55530.36363636364,2.315212159114598,100.0,percentil_invertido_anual,"Ministerio de Vivienda, valor tasado","INE, Atlas de distribución de renta de los hogares"
46190,2015,928.4315884476534,554,4,27870.0,90.0,83558.8429602888,2.9981644406275136,76.34408602150538,percentil_invertido_anual,"Ministerio de Vivienda, valor tasado","INE, Atlas de distribución de renta de los hogares"
46220,2015,747.5911347517731,564,4,26195.0,90.0,67283.20212765958,2.568551331462477,93.9068100358423,percentil_invertido_anual,"Ministerio de Vivienda, valor tasado","INE, Atlas de distribución de renta de los hogares"
46235,2015,876.8517684887458,311,4,24124.0,90.0,78916.65916398713,3.2712924541530066,67.02508960573476,percentil_invertido_anual,"Ministerio de Vivienda, valor tasado","INE, Atlas de distribución de renta de los hogares"
46244,2015,748.2012718600954,629,4,25273.0,90.0,67338.11446740858,2.6644290138649382,91.39784946236558,percentil_invertido_anual,"Ministerio de Vivienda, valor tasado","INE, Atlas de distribución de renta de los hogares"
46250,2015,1156.4217534066654,6091,4,29987.0,90.0,104077.95780659988,3.4707692602327636,57.70609318996416,percentil_invertido_anual,"Ministerio de Vivienda, valor tasado","INE, Atlas de distribución de renta de los hogares"
47186,2015,1228.6832061068703,1834,4,30246.0,90.0,110581.48854961833,3.6560698455867993,47.67025089605735,percentil_invertido_anual,"Ministerio de Vivienda, valor tasado","INE, Atlas de distribución de renta de los hogares"
48013,2015,1838.111656441718,326,4,29570.0,90.0,165430.04907975462,5.594523134249395,6.810035842293907,percentil_invertido_anual,"Ministerio de Vivienda, valor tasado","INE, Atlas de distribución de renta de los hogares"
48015,2015,1844.3181818181818,121,4,28963.0,90.0,165988.63636363635,5.731058121176548,5.734767025089606,percentil_invertido_anual,"Ministerio de Vivienda, valor tasado","INE, Atlas de distribución de renta de los hogares"
48020,2015,2310.4291721419186,1522,4,34217.0,90.0,207938.62549277267,6.077056009959163,3.5842293906810037,percentil_invertido_anual,"Ministerio de Vivienda, valor tasado","INE, Atlas de distribución de renta de los hogares"
48027,2015,1941.7000000000003,26,1,37780.0,90.0,174753.00000000003,4.6255426151402865,17.921146953405017,percentil_invertido_anual,"Ministerio de Vivienda, valor tasado","INE, Atlas de distribución de renta de los hogares"
48036,2015,1861.827659574468,47,2,35137.0,90.0,167564.48936170212,4.768890040746282,15.053763440860216,percentil_invertido_anual,"Ministerio de Vivienda, valor tasado","INE, Atlas de distribución de renta de los hogares"
48044,2015,2746.059021406728,327,4,48830.0,90.0,247145.3119266055,5.061341632738183,13.261648745519713,percentil_invertido_anual,"Ministerio de Vivienda, valor tasado","INE, Atlas de distribución de renta de los hogares"
48054,2015,2279.5315789473684,76,3,37120.0,90.0,205157.84210526315,5.526881522232305,8.243727598566307,percentil_invertido_anual,"Ministerio de Vivienda, valor tasado","INE, Atlas de distribución de renta de los hogares"
48078,2015,2069.0513513513515,111,4,30730.0,90.0,186214.62162162163,6.05970132188811,3.942652329749104,percentil_invertido_anual,"Ministerio de Vivienda, valor tasado","INE, Atlas de distribución de renta de los hogares"
48082,2015,2149.8067226890757,119,4,29619.0,90.0,193482.6050420168,6.532381411999622,1.4336917562724014,percentil_invertido_anual,"Ministerio de Vivienda, valor tasado","INE, Atlas de distribución de renta de los hogares"
48084,2015,1680.3329268292682,82,3,26573.0,90.0,151229.96341463414,5.691113664796378,6.451612903225806,percentil_invertido_anual,"Ministerio de Vivienda, valor tasado","INE, Atlas de distribución de renta de los hogares"
49275,2015,1039.8919354838708,372,4,26076.0,90.0,93590.27419354838,3.5891346139572167,50.53763440860215,percentil_invertido_anual,"Ministerio de Vivienda, valor tasado","INE, Atlas de distribución de renta de los hogares"
50297,2015,1288.9765995525727,4470,4,31385.0,90.0,116007.89395973155,3.696284656993199,44.80286738351254,percentil_invertido_anual,"Ministerio de Vivienda, valor tasado","INE, Atlas de distribución de renta de los hogares"
51001,2015,1720.729945054945,364,4,35577.0,90.0,154865.69505494504,4.3529722870097265,24.372759856630825,percentil_invertido_anual,"Ministerio de Vivienda, valor tasado","INE, Atlas de distribución de renta de los hogares"
52001,2015,1469.3317708333334,384,4,35196.0,90.0,132239.859375,3.7572411460109105,41.21863799283154,percentil_invertido_anual,"Ministerio de Vivienda, valor tasado","INE, Atlas de distribución de renta de los hogares"
01059,2016,1918.8133986928106,612,4,33264.0,90.0,172693.20588235295,5.191594693432929,10.638297872340425,percentil_invertido_anual,"Ministerio de Vivienda, valor tasado","INE, Atlas de distribución de renta de los hogares"
02003,2016,1093.5709032773782,1251,4,29160.0,90.0,98421.38129496404,3.3752188372758587,54.9645390070922,percentil_invertido_anual,"Ministerio de Vivienda, valor tasado","INE, Atlas de distribución de renta de los hogares"
02009,2016,658.0374100719424,139,4,24855.0,90.0,59223.36690647482,2.3827546532478303,95.39007092198581,percentil_invertido_anual,"Ministerio de Vivienda, valor tasado","INE, Atlas de distribución de renta de los hogares"
02037,2016,646.5852564102563,156,4,21389.0,90.0,58192.67307692307,2.720682270182013,84.39716312056737,percentil_invertido_anual,"Ministerio de Vivienda, valor tasado","INE, Atlas de distribución de renta de los hogares"
02081,2016,602.9024590163934,122,3,24035.0,90.0,54261.22131147541,2.257591899790947,97.16312056737588,percentil_invertido_anual,"Ministerio de Vivienda, valor tasado","INE, Atlas de distribución de renta de los hogares"
03009,2016,591.4145922746782,466,4,24402.0,90.0,53227.313304721036,2.1812684740890513,98.58156028368795,percentil_invertido_anual,"Ministerio de Vivienda, valor tasado","INE, Atlas de distribución de renta de los hogares"
03014,2016,1063.9199063962558,3205,4,26992.0,90.0,95752.79157566302,3.547450784516265,47.163120567375884,percentil_invertido_anual,"Ministerio de Vivienda, valor tasado","INE, Atlas de distribución de renta de los hogares"
03031,2016,1570.9709720372837,751,4,21781.0,90.0,141387.38748335553,6.491317546639527,2.127659574468085,percentil_invertido_anual,"Ministerio de Vivienda, valor tasado","INE, Atlas de distribución de renta de los hogares"
03047,2016,1471.5692840646652,433,4,20945.0,90.0,132441.23556581986,6.323286491564567,3.1914893617021276,percentil_invertido_anual,"Ministerio de Vivienda, valor tasado","INE, Atlas de distribución de renta de los hogares"
03059,2016,623.1021978021978,182,4,20929.0,90.0,56079.1978021978,2.679497243164881,87.23404255319149,percentil_invertido_anual,"Ministerio de Vivienda, valor tasado","INE, Atlas de distribución de renta de los hogares"
03063,2016,1360.5944751381217,724,4,23635.0,90.0,122453.50276243094,5.181024022104123,10.99290780141844,percentil_invertido_anual,"Ministerio de Vivienda, valor tasado","INE, Atlas de distribución de renta de los hogares"
03065,2016,814.9899220779221,1925,4,23123.0,90.0,73349.09298701299,3.172127015828958,66.66666666666667,percentil_invertido_anual,"Ministerio de Vivienda, valor tasado","INE, Atlas de distribución de renta de los hogares"
03066,2016,520.1857142857143,483,4,21185.0,90.0,46816.71428571429,2.2098991874304597,98.22695035460993,percentil_invertido_anual,"Ministerio de Vivienda, valor tasado","INE, Atlas de distribución de renta de los hogares"
03082,2016,1561.2728426395938,394,4,21885.0,90.0,140514.55583756344,6.420587426893463,2.482269503546099,percentil_invertido_anual,"Ministerio de Vivienda, valor tasado","INE, Atlas de distribución de renta de los hogares"
03093,2016,598.7056994818653,193,4,24783.0,90.0,53883.51295336788,2.174212684233865,98.93617021276596,percentil_invertido_anual,"Ministerio de Vivienda, valor tasado","INE, Atlas de distribución de renta de los hogares"
03099,2016,1048.963112391931,1388,4,21354.0,90.0,94406.68011527379,4.421030257341659,23.04964539007092,percentil_invertido_anual,"Ministerio de Vivienda, valor tasado","INE, Atlas de distribución de renta de los hogares"
03104,2016,655.5219101123596,178,4,21825.0,90.0,58996.97191011236,2.703183134483957,85.81560283687944,percentil_invertido_anual,"Ministerio de Vivienda, valor tasado","INE, Atlas de distribución de renta de los hogares"
03121,2016,1204.4820754716982,636,4,21517.0,90.0,108403.38679245283,5.038034428240593,12.056737588652481,percentil_invertido_anual,"Ministerio de Vivienda, valor tasado","INE, Atlas de distribución de renta de los hogares"
03122,2016,902.8375271149675,461,4,26037.0,90.0,81255.37744034707,3.120765734929027,68.08510638297872,percentil_invertido_anual,"Ministerio de Vivienda, valor tasado","INE, Atlas de distribución de renta de los hogares"
03133,2016,1084.5630221130223,1628,4,17838.0,90.0,97610.671990172,5.472063683718579,8.156028368794326,percentil_invertido_anual,"Ministerio de Vivienda, valor tasado","INE, Atlas de distribución de renta de los hogares"
03139,2016,1242.5927807486632,374,4,22922.0,90.0,111833.35026737969,4.878865293926346,13.829787234042554,percentil_invertido_anual,"Ministerio de Vivienda, valor tasado","INE, Atlas de distribución de renta de los hogares"
03140,2016,586.9550561797753,267,4,22785.0,90.0,52825.95505617977,2.3184531514671836,96.09929078014184,percentil_invertido_anual,"Ministerio de Vivienda, valor tasado","INE, Atlas de distribución de renta de los hogares"
04013,2016,1073.1242115971518,1966,4,26510.0,90.0,96581.17904374366,3.643198002404514,43.262411347517734,percentil_invertido_anual,"Ministerio de Vivienda, valor tasado","INE, Atlas de distribución de renta de los hogares"
04079,2016,942.1520982599797,1954,4,23421.0,90.0,84793.68884339817,3.620412827949198,43.97163120567376,percentil_invertido_anual,"Ministerio de Vivienda, valor tasado","INE, Atlas de distribución de renta de los hogares"
04902,2016,822.78775671406,1266,4,22007.0,90.0,74050.8981042654,3.364879270426019,56.737588652482266,percentil_invertido_anual,"Ministerio de Vivienda, valor tasado","INE, Atlas de distribución de renta de los hogares"
05019,2016,881.5995327102804,428,4,27700.0,90.0,79343.95794392524,2.864402813860117,79.43262411347517,percentil_invertido_anual,"Ministerio de Vivienda, valor tasado","INE, Atlas de distribución de renta de los hogares"
06011,2016,678.0763713080169,237,4,21122.0,90.0,61026.873417721516,2.889256387544812,77.30496453900709,percentil_invertido_anual,"Ministerio de Vivienda, valor tasado","INE, Atlas de distribución de renta de los hogares"
06015,2016,1061.1499999999999,1106,4,28322.0,90.0,95503.49999999999,3.3720605889414585,55.673758865248224,percentil_invertido_anual,"Ministerio de Vivienda, valor tasado","INE, Atlas de distribución de renta de los hogares"
06044,2016,738.3278301886793,212,4,24292.0,90.0,66449.50471698113,2.7354480782554393,84.04255319148936,percentil_invertido_anual,"Ministerio de Vivienda, valor tasado","INE, Atlas de distribución de renta de los hogares"
06083,2016,763.8894607843138,408,4,25889.0,90.0,68750.05147058824,2.6555699899798464,87.58865248226951,percentil_invertido_anual,"Ministerio de Vivienda, valor tasado","INE, Atlas de distribución de renta de los hogares"
07011,2016,2439.27550802139,935,4,31519.0,90.0,219534.7957219251,6.96515738830309,0.7092198581560284,percentil_invertido_anual,"Ministerio de Vivienda, valor tasado","INE, Atlas de distribución de renta de los hogares"
07015,2016,1551.632183908046,522,4,28766.0,90.0,139646.89655172414,4.854581678082603,14.184397163120567,percentil_invertido_anual,"Ministerio de Vivienda, valor tasado","INE, Atlas de distribución de renta de los hogares"
07026,2016,2682.8491283676703,631,4,35964.0,90.0,241456.42155309033,6.713836657576753,1.4184397163120568,percentil_invertido_anual,"Ministerio de Vivienda, valor tasado","INE, Atlas de distribución de renta de los hogares"
07027,2016,1077.611330049261,406,4,29173.0,90.0,96985.01970443348,3.3244787887578746,59.57446808510638,percentil_invertido_anual,"Ministerio de Vivienda, valor tasado","INE, Atlas de distribución de renta de los hogares"
07031,2016,1578.9813492063493,504,4,32097.0,90.0,142108.32142857142,4.427464293503175,22.69503546099291,percentil_invertido_anual,"Ministerio de Vivienda, valor tasado","INE, Atlas de distribución de renta de los hogares"
07032,2016,1229.3262886597938,388,4,31565.0,90.0,110639.36597938144,3.5051280208896385,49.290780141843975,percentil_invertido_anual,"Ministerio de Vivienda, valor tasado","INE, Atlas de distribución de renta de los hogares"
07033,2016,1263.7132,500,4,30011.0,90.0,113734.188,3.7897500249908367,37.94326241134752,percentil_invertido_anual,"Ministerio de Vivienda, valor tasado","INE, Atlas de distribución de renta de los hogares"
07036,2016,1691.149770642202,436,4,39660.0,90.0,152203.47935779818,3.8377074976751935,36.170212765957444,percentil_invertido_anual,"Ministerio de Vivienda, valor tasado","INE, Atlas de distribución de renta de los hogares"
07040,2016,1558.2391473662635,4879,4,33884.0,90.0,140241.52326296372,4.1388715400473295,28.368794326241133,percentil_invertido_anual,"Ministerio de Vivienda, valor tasado","INE, Atlas de distribución de renta de los hogares"
07054,2016,2532.794491525424,472,4,31500.0,90.0,227951.50423728814,7.236555690072639,0.0,percentil_invertido_anual,"Ministerio de Vivienda, valor tasado","INE, Atlas de distribución de renta de los hogares"
08015,2016,1542.979728651237,2506,4,29847.0,90.0,138868.17557861135,4.6526677916913375,18.43971631205674,percentil_invertido_anual,"Ministerio de Vivienda, valor tasado","INE, Atlas de distribución de renta de los hogares"
08019,2016,2695.6028969042886,14084,4,37371.0,90.0,242604.26072138597,6.491778671199218,1.7730496453900708,percentil_invertido_anual,"Ministerio de Vivienda, valor tasado","INE, Atlas de distribución de renta de los hogares"
08056,2016,2301.0090382387025,863,4,42164.0,90.0,207090.81344148322,4.911555199731601,13.47517730496454,percentil_invertido_anual,"Ministerio de Vivienda, valor tasado","INE, Atlas de distribución de renta de los hogares"
08073,2016,1572.698787878788,825,4,30281.0,90.0,141542.8909090909,4.674313626006106,17.73049645390071,percentil_invertido_anual,"Ministerio de Vivienda, valor tasado","INE, Atlas de distribución de renta de los hogares"
08077,2016,1898.439211136891,431,4,38952.0,90.0,170859.52900232017,4.386412225362502,23.75886524822695,percentil_invertido_anual,"Ministerio de Vivienda, valor tasado","INE, Atlas de distribución de renta de los hogares"
08089,2016,1910.4537906137186,554,4,36784.0,90.0,171940.84115523467,4.67433778695179,17.375886524822697,percentil_invertido_anual,"Ministerio de Vivienda, valor tasado","INE, Atlas de distribución de renta de los hogares"
08096,2016,1392.5417040358745,669,4,33660.0,90.0,125328.75336322871,3.723373540202873,40.42553191489362,percentil_invertido_anual,"Ministerio de Vivienda, valor tasado","INE, Atlas de distribución de renta de los hogares"
08101,2016,1517.3402692307693,2600,4,28438.0,90.0,136560.62423076923,4.802047409479191,15.24822695035461,percentil_invertido_anual,"Ministerio de Vivienda, valor tasado","INE, Atlas de distribución de renta de los hogares"
08102,2016,1017.1880597014925,402,4,31823.0,90.0,91546.92537313433,2.8767534604887763,77.65957446808511,percentil_invertido_anual,"Ministerio de Vivienda, valor tasado","INE, Atlas de distribución de renta de los hogares"
08113,2016,939.0556064073227,874,4,30555.0,90.0,84515.00457665903,2.7659958951614803,82.97872340425532,percentil_invertido_anual,"Ministerio de Vivienda, valor tasado","INE, Atlas de distribución de renta de los hogares"
08114,2016,1229.1985865724382,283,4,32889.0,90.0,110627.87279151945,3.3636739576003967,57.09219858156028,percentil_invertido_anual,"Ministerio de Vivienda, valor tasado","INE, Atlas de distribución de renta de los hogares"
08121,2016,1370.6725338491296,1551,4,29515.0,90.0,123360.52804642166,4.179587601098481,27.30496453900709,percentil_invertido_anual,"Ministerio de Vivienda, valor tasado","INE, Atlas de distribución de renta de los hogares"
08124,2016,1386.3032315978458,557,4,31539.0,90.0,124767.29084380611,3.9559685102192876,32.97872340425532,percentil_invertido_anual,"Ministerio de Vivienda, valor tasado","INE, Atlas de distribución de renta de los hogares"
08125,2016,1275.6411330049261,406,4,30427.0,90.0,114807.70197044335,3.7732179304710733,38.652482269503544,percentil_invertido_anual,"Ministerio de Vivienda, valor tasado","INE, Atlas de distribución de renta de los hogares"
08169,2016,1903.6102003642984,549,4,32304.0,90.0,171324.91803278687,5.303520246185824,9.929078014184396,percentil_invertido_anual,"Ministerio de Vivienda, valor tasado","INE, Atlas de distribución de renta de los hogares"
08172,2016,1646.2872483221477,298,4,33278.0,90.0,148165.8523489933,4.452366498857903,21.27659574468085,percentil_invertido_anual,"Ministerio de Vivienda, valor tasado","INE, Atlas de distribución de renta de los hogares"
08180,2016,1390.8469387755101,441,4,29827.0,90.0,125176.22448979592,4.196742028691988,26.595744680851062,percentil_invertido_anual,"Ministerio de Vivienda, valor tasado","INE, Atlas de distribución de renta de los hogares"
08184,2016,1301.276279863481,1172,4,31875.0,90.0,117114.8651877133,3.6741918490262995,42.198581560283685,percentil_invertido_anual,"Ministerio de Vivienda, valor tasado","INE, Atlas de distribución de renta de los hogares"
08187,2016,1242.38630831643,2958,4,31601.0,90.0,111814.7677484787,3.5383300448871458,47.87234042553192,percentil_invertido_anual,"Ministerio de Vivienda, valor tasado","INE, Atlas de distribución de renta de los hogares"
08194,2016,1481.3498181818181,275,4,28424.0,90.0,133321.48363636364,4.690454673387406,16.666666666666668,percentil_invertido_anual,"Ministerio de Vivienda, valor tasado","INE, Atlas de distribución de renta de los hogares"
08200,2016,1592.2945115257958,911,4,31692.0,90.0,143306.5060373216,4.521851130800253,19.858156028368793,percentil_invertido_anual,"Ministerio de Vivienda, valor tasado","INE, Atlas de distribución de renta de los hogares"
08205,2016,2638.400201816347,991,4,58164.0,90.0,237456.01816347122,4.082525585645265,29.78723404255319,percentil_invertido_anual,"Ministerio de Vivienda, valor tasado","INE, Atlas de distribución de renta de los hogares"
08211,2016,1781.8256637168142,452,4,36114.0,90.0,160364.30973451328,4.44050256782725,21.98581560283688,percentil_invertido_anual,"Ministerio de Vivienda, valor tasado","INE, Atlas de distribución de renta de los hogares"
08217,2016,1915.7641509433963,318,4,38844.0,90.0,172418.77358490566,4.43874919124976,22.340425531914892,percentil_invertido_anual,"Ministerio de Vivienda, valor tasado","INE, Atlas de distribución de renta de los hogares"
08231,2016,1476.4693577981652,545,4,31837.0,90.0,132882.24220183486,4.173830518008445,27.659574468085108,percentil_invertido_anual,"Ministerio de Vivienda, valor tasado","INE, Atlas de distribución de renta de los hogares"
08245,2016,1339.364573268921,1242,4,26874.0,90.0,120542.8115942029,4.485480821396253,20.56737588652482,percentil_invertido_anual,"Ministerio de Vivienda, valor tasado","INE, Atlas de distribución de renta de los hogares"
08252,2016,1439.8879177377892,389,4,33757.0,90.0,129589.91259640103,3.838904896655539,35.815602836879435,percentil_invertido_anual,"Ministerio de Vivienda, valor tasado","INE, Atlas de distribución de renta de los hogares"
08263,2016,1457.4245714285717,350,4,32727.0,90.0,131168.21142857143,4.007950971019997,31.914893617021278,percentil_invertido_anual,"Ministerio de Vivienda, valor tasado","INE, Atlas de distribución de renta de los hogares"
08266,2016,1680.195254237288,590,4,37413.0,90.0,151217.5728813559,4.041845692175338,30.851063829787233,percentil_invertido_anual,"Ministerio de Vivienda, valor tasado","INE, Atlas de distribución de renta de los hogares"
08279,2016,1163.9934459072697,3494,4,31250.0,90.0,104759.41013165427,3.3523011242129366,58.156028368794324,percentil_invertido_anual,"Ministerio de Vivienda, valor tasado","INE, Atlas de distribución de renta de los hogares"
08298,2016,1119.918292682927,410,4,33484.0,90.0,100792.64634146342,3.0101734064467633,71.98581560283688,percentil_invertido_anual,"Ministerio de Vivienda, valor tasado","INE, Atlas de distribución de renta de los hogares"
08301,2016,1701.0311688311688,770,4,33315.0,90.0,153092.8051948052,4.595311577211622,19.148936170212767,percentil_invertido_anual,"Ministerio de Vivienda, valor tasado","INE, Atlas de distribución de renta de los hogares"
08305,2016,1118.4070528967254,397,4,30696.0,90.0,100656.63476070529,3.279144994810571,62.4113475177305,percentil_invertido_anual,"Ministerio de Vivienda, valor tasado","INE, Atlas de distribución de renta de los hogares"
08307,2016,1417.9599027946538,823,4,31766.0,90.0,127616.39125151884,4.017389386498736,31.56028368794326,percentil_invertido_anual,"Ministerio de Vivienda, valor tasado","INE, Atlas de distribución de renta de los hogares"
09018,2016,932.9658823529411,255,4,28540.0,90.0,83966.9294117647,2.942078816109485,75.53191489361703,percentil_invertido_anual,"Ministerio de Vivienda, valor tasado","INE, Atlas de distribución de renta de los hogares"
09059,2016,1196.943125533732,1171,4,31694.0,90.0,107724.88129803588,3.398904565470937,54.60992907801418,percentil_invertido_anual,"Ministerio de Vivienda, valor tasado","INE, Atlas de distribución de renta de los hogares"
09219,2016,939.9134057971016,276,4,28772.0,90.0,84592.20652173915,2.9400878118218805,76.24113475177305,percentil_invertido_anual,"Ministerio de Vivienda, valor tasado","INE, Atlas de distribución de renta de los hogares"
10037,2016,1057.306505576208,538,4,29045.0,90.0,95157.58550185873,3.276212274121492,63.12056737588652,percentil_invertido_anual,"Ministerio de Vivienda, valor tasado","INE, Atlas de distribución de renta de los hogares"
10148,2016,817.8520000000001,250,4,24679.0,90.0,73606.68000000001,2.982563312938126,73.75886524822695,percentil_invertido_anual,"Ministerio de Vivienda, valor tasado","INE, Atlas de distribución de renta de los hogares"
11004,2016,964.9947150259067,965,4,26997.0,90.0,86849.5243523316,3.2170064952524946,64.8936170212766,percentil_invertido_anual,"Ministerio de Vivienda, valor tasado","INE, Atlas de distribución de renta de los hogares"
11006,2016,786.0034700315457,317,4,19571.0,90.0,70740.31230283911,3.614547662502637,44.680851063829785,percentil_invertido_anual,"Ministerio de Vivienda, valor tasado","INE, Atlas de distribución de renta de los hogares"
11012,2016,1775.939629990263,1027,4,29745.0,90.0,159834.56669912368,5.37349358544709,8.865248226950355,percentil_invertido_anual,"Ministerio de Vivienda, valor tasado","INE, Atlas de distribución de renta de los hogares"
11015,2016,1128.0675324675324,1309,4,22651.0,90.0,101526.07792207791,4.482189657060523,20.921985815602838,percentil_invertido_anual,"Ministerio de Vivienda, valor tasado","INE, Atlas de distribución de renta de los hogares"
11020,2016,869.916897791474,1947,4,23897.0,90.0,78292.52080123266,3.2762489350643453,62.765957446808514,percentil_invertido_anual,"Ministerio de Vivienda, valor tasado","INE, Atlas de distribución de renta de los hogares"
11022,2016,1017.5421647819063,619,4,21839.0,90.0,91578.79483037157,4.193360265139043,26.95035460992908,percentil_invertido_anual,"Ministerio de Vivienda, valor tasado","INE, Atlas de distribución de renta de los hogares"
11027,2016,1276.474970622797,851,4,27094.0,90.0,114882.74735605172,4.2401545492009936,25.886524822695037,percentil_invertido_anual,"Ministerio de Vivienda, valor tasado","INE, Atlas de distribución de renta de los hogares"
11028,2016,1046.0060714285714,280,4,25653.0,90.0,94140.54642857143,3.6697675292781127,42.90780141843972,percentil_invertido_anual,"Ministerio de Vivienda, valor tasado","INE, Atlas de distribución de renta de los hogares"
11030,2016,1400.3584086799276,553,4,24995.0,90.0,126032.25678119349,5.042298730993938,11.702127659574469,percentil_invertido_anual,"Ministerio de Vivienda, valor tasado","INE, Atlas de distribución de renta de los hogares"
11031,2016,1068.2351800554018,722,4,26394.0,90.0,96141.16620498616,3.642538690800415,43.61702127659574,percentil_invertido_anual,"Ministerio de Vivienda, valor tasado","INE, Atlas de distribución de renta de los hogares"
11032,2016,1040.418998527246,679,4,19619.0,90.0,93637.70986745214,4.772807475786337,15.602836879432624,percentil_invertido_anual,"Ministerio de Vivienda, valor tasado","INE, Atlas de distribución de renta de los hogares"
11033,2016,1304.404827586207,580,4,25217.0,90.0,117396.43448275862,4.655448089890099,18.085106382978722,percentil_invertido_anual,"Ministerio de Vivienda, valor tasado","INE, Atlas de distribución de renta de los hogares"
12032,2016,704.4136585365853,410,4,25505.0,90.0,63397.22926829268,2.4856784657240807,92.55319148936171,percentil_invertido_anual,"Ministerio de Vivienda, valor tasado","INE, Atlas de distribución de renta de los hogares"
12040,2016,880.9825518831667,1301,4,28734.0,90.0,79288.429669485,2.7593940860821675,83.33333333333333,percentil_invertido_anual,"Ministerio de Vivienda, valor tasado","INE, Atlas de distribución de renta de los hogares"
12126,2016,656.8721804511279,266,4,24481.0,90.0,59118.49624060151,2.4148726049018223,93.97163120567376,percentil_invertido_anual,"Ministerio de Vivienda, valor tasado","INE, Atlas de distribución de renta de los hogares"
12135,2016,674.1641791044776,469,4,28165.0,90.0,60674.77611940299,2.1542615345074734,99.29078014184397,percentil_invertido_anual,"Ministerio de Vivienda, valor tasado","INE, Atlas de distribución de renta de los hogares"
12138,2016,902.0580357142857,336,4,24291.0,90.0,81185.22321428571,3.3421935372889426,58.86524822695036,percentil_invertido_anual,"Ministerio de Vivienda, valor tasado","INE, Atlas de distribución de renta de los hogares"
13005,2016,711.6696335078534,191,4,26855.0,90.0,64050.267015706806,2.3850406634037165,95.0354609929078,percentil_invertido_anual,"Ministerio de Vivienda, valor tasado","INE, Atlas de distribución de renta de los hogares"
13034,2016,986.6765217391303,460,4,31336.0,90.0,88800.88695652173,2.8338296833201984,80.49645390070921,percentil_invertido_anual,"Ministerio de Vivienda, valor tasado","INE, Atlas de distribución de renta de los hogares"
13071,2016,660.6257028112449,249,4,25718.0,90.0,59456.31325301204,2.311856025080179,96.45390070921985,percentil_invertido_anual,"Ministerio de Vivienda, valor tasado","INE, Atlas de distribución de renta de los hogares"
13082,2016,610.6301948051947,308,4,21765.0,90.0,54956.717532467526,2.525004251434299,91.13475177304964,percentil_invertido_anual,"Ministerio de Vivienda, valor tasado","INE, Atlas de distribución de renta de los hogares"
13087,2016,690.558371040724,221,4,24385.0,90.0,62150.25339366515,2.5487083614379804,90.42553191489361,percentil_invertido_anual,"Ministerio de Vivienda, valor tasado","INE, Atlas de distribución de renta de los hogares"
14021,2016,1260.1808456812432,2767,4,27823.0,90.0,113416.27611131189,4.0763496427887675,30.141843971631207,percentil_invertido_anual,"Ministerio de Vivienda, valor tasado","INE, Atlas de distribución de renta de los hogares"
14038,2016,803.9855477855477,429,4,21157.0,90.0,72358.6993006993,3.420083154544562,53.90070921985816,percentil_invertido_anual,"Ministerio de Vivienda, valor tasado","INE, Atlas de distribución de renta de los hogares"
14056,2016,780.5067357512954,193,4,21233.0,90.0,70245.60621761659,3.308322244506974,60.638297872340424,percentil_invertido_anual,"Ministerio de Vivienda, valor tasado","INE, Atlas de distribución de renta de los hogares"
15005,2016,851.7794871794872,273,4,26204.0,90.0,76660.15384615384,2.92551342719256,76.59574468085107,percentil_invertido_anual,"Ministerio de Vivienda, valor tasado","INE, Atlas de distribución de renta de los hogares"
15019,2016,717.9266331658292,199,4,22553.0,90.0,64613.39698492463,2.864957965012399,79.07801418439716,percentil_invertido_anual,"Ministerio de Vivienda, valor tasado","INE, Atlas de distribución de renta de los hogares"
15030,2016,1567.5090028490029,1755,4,31973.0,90.0,141075.81025641024,4.4123419840618725,23.404255319148938,percentil_invertido_anual,"Ministerio de Vivienda, valor tasado","INE, Atlas de distribución de renta de los hogares"
15031,2016,1064.5282258064517,248,4,29062.0,90.0,95807.54032258065,3.296660254716835,61.702127659574465,percentil_invertido_anual,"Ministerio de Vivienda, valor tasado","INE, Atlas de distribución de renta de los hogares"
15036,2016,675.78175,400,4,26623.0,90.0,60820.3575,2.2845042820117945,96.80851063829788,percentil_invertido_anual,"Ministerio de Vivienda, valor tasado","INE, Atlas de distribución de renta de los hogares"
15054,2016,736.6545994065282,337,4,25566.0,90.0,66298.91394658753,2.5932454801919556,89.00709219858156,percentil_invertido_anual,"Ministerio de Vivienda, valor tasado","INE, Atlas de distribución de renta de los hogares"
15058,2016,1146.580250783699,319,4,41150.0,90.0,103192.22257053292,2.507708932455235,91.84397163120568,percentil_invertido_anual,"Ministerio de Vivienda, valor tasado","INE, Atlas de distribución de renta de los hogares"
15073,2016,836.9750000000001,244,4,28047.0,90.0,75327.75000000001,2.6857685313937325,86.17021276595744,percentil_invertido_anual,"Ministerio de Vivienda, valor tasado","INE, Atlas de distribución de renta de los hogares"
15078,2016,1465.3918454935624,466,4,34068.0,90.0,131885.26609442063,3.87123594265647,33.687943262411345,percentil_invertido_anual,"Ministerio de Vivienda, valor tasado","INE, Atlas de distribución de renta de los hogares"
16078,2016,1054.3309455587394,349,4,29122.0,90.0,94889.78510028654,3.2583539969880686,63.829787234042556,percentil_invertido_anual,"Ministerio de Vivienda, valor tasado","INE, Atlas de distribución de renta de los hogares"
17023,2016,1284.2383333333332,540,4,26823.0,90.0,115581.45,4.309042612683145,25.177304964539008,percentil_invertido_anual,"Ministerio de Vivienda, valor tasado","INE, Atlas de distribución de renta de los hogares"
17066,2016,1026.2103448275861,435,4,26989.0,90.0,92358.93103448275,3.4220953364141966,53.54609929078014,percentil_invertido_anual,"Ministerio de Vivienda, valor tasado","INE, Atlas de distribución de renta de los hogares"
17079,2016,1409.834847233691,1211,4,35054.0,90.0,126885.1362510322,3.6197049195821362,44.326241134751776,percentil_invertido_anual,"Ministerio de Vivienda, valor tasado","INE, Atlas de distribución de renta de los hogares"
17095,2016,1518.3256666666666,600,4,24510.0,90.0,136649.31,5.575247246022032,7.446808510638298,percentil_invertido_anual,"Ministerio de Vivienda, valor tasado","INE, Atlas de distribución de renta de los hogares"
17114,2016,950.2427109974424,391,4,31858.0,90.0,85521.84398976981,2.6844699601283764,86.52482269503547,percentil_invertido_anual,"Ministerio de Vivienda, valor tasado","INE, Atlas de distribución de renta de los hogares"
17155,2016,855.5363273453094,501,4,26182.0,90.0,76998.26946107784,2.940885702432123,75.88652482269504,percentil_invertido_anual,"Ministerio de Vivienda, valor tasado","INE, Atlas de distribución de renta de los hogares"
18087,2016,1424.6080122591943,2284,4,28851.0,90.0,128214.7211033275,4.444030401141295,21.631205673758867,percentil_invertido_anual,"Ministerio de Vivienda, valor tasado","INE, Atlas de distribución de renta de los hogares"
18140,2016,973.8290285714286,875,4,22967.0,90.0,87644.61257142857,3.8161106183406006,36.87943262411348,percentil_invertido_anual,"Ministerio de Vivienda, valor tasado","INE, Atlas de distribución de renta de los hogares"
19130,2016,1053.8953488372092,645,4,31669.0,90.0,94850.58139534883,2.9950608290551903,72.69503546099291,percentil_invertido_anual,"Ministerio de Vivienda, valor tasado","INE, Atlas de distribución de renta de los hogares"
20045,2016,1850.2478494623654,186,4,31283.0,90.0,166522.30645161288,5.3230926206442115,9.574468085106384,percentil_invertido_anual,"Ministerio de Vivienda, valor tasado","INE, Atlas de distribución de renta de los hogares"
20067,2016,1863.8111111111114,81,3,30031.0,90.0,167743.00000000003,5.585661483134095,6.73758865248227,percentil_invertido_anual,"Ministerio de Vivienda, valor tasado","INE, Atlas de distribución de renta de los hogares"
20069,2016,3088.668661417323,635,4,41167.0,90.0,277980.1795275591,6.752500292165061,1.0638297872340425,percentil_invertido_anual,"Ministerio de Vivienda, valor tasado","INE, Atlas de distribución de renta de los hogares"
21041,2016,934.9345977763244,1529,4,26098.0,90.0,84144.1137998692,3.2241594681534678,64.53900709219859,percentil_invertido_anual,"Ministerio de Vivienda, valor tasado","INE, Atlas de distribución de renta de los hogares"
22125,2016,1007.005109489051,411,4,30522.0,90.0,90630.4598540146,2.9693486617526568,74.822695035461,percentil_invertido_anual,"Ministerio de Vivienda, valor tasado","INE, Atlas de distribución de renta de los hogares"
23005,2016,745.5522968197879,283,4,21462.0,90.0,67099.7067137809,3.126442396504562,67.73049645390071,percentil_invertido_anual,"Ministerio de Vivienda, valor tasado","INE, Atlas de distribución de renta de los hogares"
23050,2016,1094.0413140311803,898,4,29411.0,90.0,98463.71826280623,3.347853465125505,58.51063829787234,percentil_invertido_anual,"Ministerio de Vivienda, valor tasado","INE, Atlas de distribución de renta de los hogares"
23055,2016,832.4633466135458,502,4,25005.0,90.0,74921.70119521912,2.996268794049955,72.34042553191489,percentil_invertido_anual,"Ministerio de Vivienda, valor tasado","INE, Atlas de distribución de renta de los hogares"
23092,2016,855.8632478632478,234,4,24875.0,90.0,77027.6923076923,3.0965906455353687,69.14893617021276,percentil_invertido_anual,"Ministerio de Vivienda, valor tasado","INE, Atlas de distribución de renta de los hogares"
24089,2016,1107.5235714285716,840,4,29866.0,90.0,99677.12142857144,3.3374781165395913,59.219858156028366,percentil_invertido_anual,"Ministerio de Vivienda, valor tasado","INE, Atlas de distribución de renta de los hogares"
24115,2016,734.3435294117647,510,4,26198.0,90.0,66090.91764705883,2.5227466847491726,91.48936170212765,percentil_invertido_anual,"Ministerio de Vivienda, valor tasado","INE, Atlas de distribución de renta de los hogares"
24142,2016,815.0303317535545,211,4,26361.0,90.0,73352.72985781991,2.7826231879602408,82.26950354609929,percentil_invertido_anual,"Ministerio de Vivienda, valor tasado","INE, Atlas de distribución de renta de los hogares"
25120,2016,861.9952208106473,1653,4,30348.0,90.0,77579.56987295825,2.5563322088097484,90.0709219858156,percentil_invertido_anual,"Ministerio de Vivienda, valor tasado","INE, Atlas de distribución de renta de los hogares"
26089,2016,1122.2465442764578,926,4,30773.0,90.0,101002.1889848812,3.2821690762967926,62.05673758865248,percentil_invertido_anual,"Ministerio de Vivienda, valor tasado","INE, Atlas de distribución de renta de los hogares"
27028,2016,860.75885509839,559,4,27595.0,90.0,77468.29695885509,2.807330928025189,81.20567375886525,percentil_invertido_anual,"Ministerio de Vivienda, valor tasado","INE, Atlas de distribución de renta de los hogares"
28005,2016,1314.2344365642239,1269,4,32751.0,90.0,118281.09929078014,3.6115263439522503,45.0354609929078,percentil_invertido_anual,"Ministerio de Vivienda, valor tasado","INE, Atlas de distribución de renta de los hogares"
28006,2016,2359.6693989071036,732,4,55269.0,90.0,212370.24590163934,3.842483958487386,35.46099290780142,percentil_invertido_anual,"Ministerio de Vivienda, valor tasado","INE, Atlas de distribución de renta de los hogares"
28007,2016,1526.2198259187621,1034,4,32499.0,90.0,137359.78433268858,4.226584951311996,26.24113475177305,percentil_invertido_anual,"Ministerio de Vivienda, valor tasado","INE, Atlas de distribución de renta de los hogares"
28013,2016,1102.7046511627907,430,4,30880.0,90.0,99243.41860465116,3.213841276057356,65.2482269503546,percentil_invertido_anual,"Ministerio de Vivienda, valor tasado","INE, Atlas de distribución de renta de los hogares"
28014,2016,1149.738494623656,465,4,30733.0,90.0,103476.46451612904,3.36694968002242,56.02836879432624,percentil_invertido_anual,"Ministerio de Vivienda, valor tasado","INE, Atlas de distribución de renta de los hogares"
28022,2016,2079.366777963272,599,4,65201.0,90.0,187143.01001669446,2.8702475424716565,78.01418439716312,percentil_invertido_anual,"Ministerio de Vivienda, valor tasado","INE, Atlas de distribución de renta de los hogares"
28045,2016,1463.795873015873,315,4,39265.0,90.0,131741.62857142856,3.355192374160921,57.801418439716315,percentil_invertido_anual,"Ministerio de Vivienda, valor tasado","INE, Atlas de distribución de renta de los hogares"
28047,2016,1296.4631239935588,621,4,32373.0,90.0,116681.68115942029,3.6042900305631327,45.39007092198582,percentil_invertido_anual,"Ministerio de Vivienda, valor tasado","INE, Atlas de distribución de renta de los hogares"
28049,2016,1486.7955426356586,516,4,33599.0,90.0,133811.59883720928,3.982606590589282,32.269503546099294,percentil_invertido_anual,"Ministerio de Vivienda, valor tasado","INE, Atlas de distribución de renta de los hogares"
28058,2016,1251.9848776871759,1349,4,29183.0,90.0,112678.63899184583,3.8611054035515826,34.04255319148936,percentil_invertido_anual,"Ministerio de Vivienda, valor tasado","INE, Atlas de distribución de renta de los hogares"
28061,2016,1310.1862068965518,377,4,38641.0,90.0,117916.75862068965,3.051596972663483,70.2127659574468,percentil_invertido_anual,"Ministerio de Vivienda, valor tasado","INE, Atlas de distribución de renta de los hogares"
28065,2016,1434.3286827747465,1283,4,31763.0,90.0,129089.5814497272,4.064149527743828,30.49645390070922,percentil_invertido_anual,"Ministerio de Vivienda, valor tasado","INE, Atlas de distribución de renta de los hogares"
28074,2016,1467.8783735478105,1119,4,30164.0,90.0,132109.05361930295,4.379692800003413,24.822695035460992,percentil_invertido_anual,"Ministerio de Vivienda, valor tasado","INE, Atlas de distribución de renta de los hogares"
28079,2016,2581.3166892460913,27311,4,39613.0,90.0,232318.50203214822,5.864703557724692,5.673758865248227,percentil_invertido_anual,"Ministerio de Vivienda, valor tasado","INE, Atlas de distribución de renta de los hogares"
28080,2016,2484.7661184210524,608,4,60937.0,90.0,223628.95065789472,3.6698385325482827,42.5531914893617,percentil_invertido_anual,"Ministerio de Vivienda, valor tasado","INE, Atlas de distribución de renta de los hogares"
28092,2016,1265.1429867411027,1433,4,30231.0,90.0,113862.86880669925,3.766427468714209,39.00709219858156,percentil_invertido_anual,"Ministerio de Vivienda, valor tasado","INE, Atlas de distribución de renta de los hogares"
28106,2016,962.7860360360361,1110,4,26282.0,90.0,86650.74324324325,3.296961541862996,61.347517730496456,percentil_invertido_anual,"Ministerio de Vivienda, valor tasado","INE, Atlas de distribución de renta de los hogares"
28113,2016,1385.5170212765956,470,4,32303.0,90.0,124696.53191489361,3.8602152095747644,34.39716312056738,percentil_invertido_anual,"Ministerio de Vivienda, valor tasado","INE, Atlas de distribución de renta de los hogares"
28115,2016,2517.679166666667,696,4,83624.0,90.0,226591.125,2.7096422677700183,85.1063829787234,percentil_invertido_anual,"Ministerio de Vivienda, valor tasado","INE, Atlas de distribución de renta de los hogares"
28123,2016,1599.1339468302658,489,4,41252.0,90.0,143922.05521472392,3.48885036397566,50.354609929078016,percentil_invertido_anual,"Ministerio de Vivienda, valor tasado","INE, Atlas de distribución de renta de los hogares"
28127,2016,2073.0892418032786,976,4,61380.0,90.0,186578.03176229508,3.0397202958992358,70.56737588652483,percentil_invertido_anual,"Ministerio de Vivienda, valor tasado","INE, Atlas de distribución de renta de los hogares"
28130,2016,1553.6000000000004,222,4,31904.0,90.0,139824.00000000003,4.382647943831495,24.46808510638298,percentil_invertido_anual,"Ministerio de Vivienda, valor tasado","INE, Atlas de distribución de renta de los hogares"
28134,2016,1769.0516666666667,600,4,39534.0,90.0,159214.65,4.027284109880103,31.20567375886525,percentil_invertido_anual,"Ministerio de Vivienda, valor tasado","INE, Atlas de distribución de renta de los hogares"
28148,2016,1247.9524109014676,954,4,31289.0,90.0,112315.71698113208,3.589623093775195,46.09929078014184,percentil_invertido_anual,"Ministerio de Vivienda, valor tasado","INE, Atlas de distribución de renta de los hogares"
28161,2016,1230.2954480796586,703,4,33882.0,90.0,110726.59032716928,3.2680063256941527,63.47517730496454,percentil_invertido_anual,"Ministerio de Vivienda, valor tasado","INE, Atlas de distribución de renta de los hogares"
28181,2016,1708.8992156862746,255,4,51775.0,90.0,153800.92941176472,2.9705635811060302,74.46808510638297,percentil_invertido_anual,"Ministerio de Vivienda, valor tasado","INE, Atlas de distribución de renta de los hogares"
28903,2016,1922.9749034749034,259,4,51533.0,90.0,173067.7413127413,3.3583866903293287,57.4468085106383,percentil_invertido_anual,"Ministerio de Vivienda, valor tasado","INE, Atlas de distribución de renta de los hogares"
29007,2016,1223.5485549132948,346,4,28875.0,90.0,110119.36994219653,3.813657833495984,37.234042553191486,percentil_invertido_anual,"Ministerio de Vivienda, valor tasado","INE, Atlas de distribución de renta de los hogares"
29015,2016,963.4551495016611,301,4,25056.0,90.0,86710.9634551495,3.4606866002214836,51.06382978723404,percentil_invertido_anual,"Ministerio de Vivienda, valor tasado","INE, Atlas de distribución de renta de los hogares"
29025,2016,1519.5552610441766,1245,4,22645.0,90.0,136759.9734939759,6.039301103730444,4.25531914893617,percentil_invertido_anual,"Ministerio de Vivienda, valor tasado","INE, Atlas de distribución de renta de los hogares"
29051,2016,1353.7683753943218,1268,4,22489.0,90.0,121839.15378548896,5.417722165747208,8.51063829787234,percentil_invertido_anual,"Ministerio de Vivienda, valor tasado","INE, Atlas de distribución de renta de los hogares"
29054,2016,1509.5939824945297,914,4,21459.0,90.0,135863.45842450767,6.331304274407366,2.8368794326241136,percentil_invertido_anual,"Ministerio de Vivienda, valor tasado","INE, Atlas de distribución de renta de los hogares"
29067,2016,1342.4405928365582,4858,4,26673.0,90.0,120819.65335529024,4.529661206286891,19.50354609929078,percentil_invertido_anual,"Ministerio de Vivienda, valor tasado","INE, Atlas de distribución de renta de los hogares"
29069,2016,2014.5564536082475,2425,4,25262.0,90.0,181310.08082474227,7.177186320352398,0.3546099290780142,percentil_invertido_anual,"Ministerio de Vivienda, valor tasado","INE, Atlas de distribución de renta de los hogares"
29070,2016,1307.3009738283627,1643,4,20235.0,90.0,117657.08764455264,5.814533612283303,6.028368794326241,percentil_invertido_anual,"Ministerio de Vivienda, valor tasado","INE, Atlas de distribución de renta de los hogares"
29082,2016,1332.1414593698175,603,4,28901.0,90.0,119892.73134328358,4.148393873682004,28.01418439716312,percentil_invertido_anual,"Ministerio de Vivienda, valor tasado","INE, Atlas de distribución de renta de los hogares"
29084,2016,1004.8018248175183,274,4,24593.0,90.0,90432.16423357665,3.677150580798465,41.843971631205676,percentil_invertido_anual,"Ministerio de Vivienda, valor tasado","INE, Atlas de distribución de renta de los hogares"
29094,2016,1148.2623020063356,947,4,21998.0,90.0,103343.60718057021,4.697863768550333,16.31205673758865,percentil_invertido_anual,"Ministerio de Vivienda, valor tasado","INE, Atlas de distribución de renta de los hogares"
29901,2016,1443.92025072324,1037,4,23334.0,90.0,129952.82256509161,5.5692475600022116,7.801418439716312,percentil_invertido_anual,"Ministerio de Vivienda, valor tasado","INE, Atlas de distribución de renta de los hogares"
30003,2016,870.2821958456973,674,4,23222.0,90.0,78325.39762611275,3.3728962891272394,55.319148936170215,percentil_invertido_anual,"Ministerio de Vivienda, valor tasado","INE, Atlas de distribución de renta de los hogares"
30005,2016,680.1926829268293,328,4,24567.0,90.0,61217.34146341464,2.491852544609217,92.19858156028369,percentil_invertido_anual,"Ministerio de Vivienda, valor tasado","INE, Atlas de distribución de renta de los hogares"
30015,2016,636.8384279475982,229,4,23619.0,90.0,57315.45851528384,2.4266674505814745,93.61702127659575,percentil_invertido_anual,"Ministerio de Vivienda, valor tasado","INE, Atlas de distribución de renta de los hogares"
30016,2016,934.4399730215828,2224,4,28169.0,90.0,84099.59757194245,2.9855372065725603,73.40425531914893,percentil_invertido_anual,"Ministerio de Vivienda, valor tasado","INE, Atlas de distribución de renta de los hogares"
30019,2016,812.906329113924,237,4,24260.0,90.0,73161.56962025315,3.0157283437861975,71.63120567375887,percentil_invertido_anual,"Ministerio de Vivienda, valor tasado","INE, Atlas de distribución de renta de los hogares"
30022,2016,561.6710424710424,259,4,22486.0,90.0,50550.39382239382,2.248082977069902,97.87234042553192,percentil_invertido_anual,"Ministerio de Vivienda, valor tasado","INE, Atlas de distribución de renta de los hogares"
30024,2016,750.2129080118694,674,4,26156.0,90.0,67519.16172106825,2.5814024209003,89.36170212765957,percentil_invertido_anual,"Ministerio de Vivienda, valor tasado","INE, Atlas de distribución de renta de los hogares"
30026,2016,946.4242835595777,663,4,19794.0,90.0,85178.18552036199,4.303232571504597,25.53191489361702,percentil_invertido_anual,"Ministerio de Vivienda, valor tasado","INE, Atlas de distribución de renta de los hogares"
30027,2016,783.1432639649506,913,4,29540.0,90.0,70482.89375684556,2.3860153607598362,94.68085106382979,percentil_invertido_anual,"Ministerio de Vivienda, valor tasado","INE, Atlas de distribución de renta de los hogares"
30030,2016,926.2019255184088,4726,4,29812.0,90.0,83358.1732966568,2.796128179815403,81.91489361702128,percentil_invertido_anual,"Ministerio de Vivienda, valor tasado","INE, Atlas de distribución de renta de los hogares"
30035,2016,1074.8972251867663,937,4,26240.0,90.0,96740.75026680896,3.6867663973631464,41.48936170212766,percentil_invertido_anual,"Ministerio de Vivienda, valor tasado","INE, Atlas de distribución de renta de los hogares"
30037,2016,807.1479838709677,744,4,24563.0,90.0,72643.31854838709,2.957428593754309,75.177304964539,percentil_invertido_anual,"Ministerio de Vivienda, valor tasado","INE, Atlas de distribución de renta de los hogares"
30039,2016,694.139419087137,241,4,24704.0,90.0,62472.547717842324,2.528843414744265,90.78014184397163,percentil_invertido_anual,"Ministerio de Vivienda, valor tasado","INE, Atlas de distribución de renta de los hogares"
30043,2016,619.8100574712645,348,4,22769.0,90.0,55782.905172413804,2.44994971990047,93.26241134751773,percentil_invertido_anual,"Ministerio de Vivienda, valor tasado","INE, Atlas de distribución de renta de los hogares"
31201,2016,1505.8968177434908,1037,4,36041.0,90.0,135530.71359691417,3.7604592990459245,39.361702127659576,percentil_invertido_anual,"Ministerio de Vivienda, valor tasado","INE, Atlas de distribución de renta de los hogares"
31232,2016,916.6077490774908,271,4,33555.0,90.0,82494.69741697417,2.4584919510348433,92.90780141843972,percentil_invertido_anual,"Ministerio de Vivienda, valor tasado","INE, Atlas de distribución de renta de los hogares"
32054,2016,1106.6015652173915,575,4,27700.0,90.0,99594.14086956524,3.5954563490817772,45.744680851063826,percentil_invertido_anual,"Ministerio de Vivienda, valor tasado","INE, Atlas de distribución de renta de los hogares"
33004,2016,1080.891777188329,377,4,28193.0,90.0,97280.2599469496,3.4505111178998193,52.12765957446808,percentil_invertido_anual,"Ministerio de Vivienda, valor tasado","INE, Atlas de distribución de renta de los hogares"
33024,2016,1310.1655865921787,1790,4,28723.0,90.0,117914.90279329607,4.1052432821535385,29.43262411347518,percentil_invertido_anual,"Ministerio de Vivienda, valor tasado","INE, Atlas de distribución de renta de los hogares"
33031,2016,858.0104166666666,240,4,25934.0,90.0,77220.9375,2.9775945669777126,74.11347517730496,percentil_invertido_anual,"Ministerio de Vivienda, valor tasado","INE, Atlas de distribución de renta de los hogares"
33037,2016,763.3011111111111,180,4,26273.0,90.0,68697.1,2.614741369466753,88.65248226950355,percentil_invertido_anual,"Ministerio de Vivienda, valor tasado","INE, Atlas de distribución de renta de los hogares"
33044,2016,1325.573353751914,1306,4,31373.0,90.0,119301.60183767226,3.802683894994813,37.5886524822695,percentil_invertido_anual,"Ministerio de Vivienda, valor tasado","INE, Atlas de distribución de renta de los hogares"
33066,2016,1031.7861495844875,361,4,29819.0,90.0,92860.75346260387,3.114147136476873,68.43971631205673,percentil_invertido_anual,"Ministerio de Vivienda, valor tasado","INE, Atlas de distribución de renta de los hogares"
34120,2016,1104.215725806452,496,4,29202.0,90.0,99379.41532258068,3.403171540393832,54.255319148936174,percentil_invertido_anual,"Ministerio de Vivienda, valor tasado","INE, Atlas de distribución de renta de los hogares"
35002,2016,970.9952380952382,252,4,26296.0,90.0,87389.57142857143,3.3233028380199054,59.9290780141844,percentil_invertido_anual,"Ministerio de Vivienda, valor tasado","INE, Atlas de distribución de renta de los hogares"
35004,2016,955.485935302391,711,4,25547.0,90.0,85993.73417721518,3.3660991183784863,56.38297872340426,percentil_invertido_anual,"Ministerio de Vivienda, valor tasado","INE, Atlas de distribución de renta de los hogares"
35006,2016,874.2507042253521,284,4,27867.0,90.0,78682.56338028169,2.8235031894456415,80.85106382978724,percentil_invertido_anual,"Ministerio de Vivienda, valor tasado","INE, Atlas de distribución de renta de los hogares"
35011,2016,802.3112676056339,213,4,26055.0,90.0,72208.01408450706,2.771368800019461,82.62411347517731,percentil_invertido_anual,"Ministerio de Vivienda, valor tasado","INE, Atlas de distribución de renta de los hogares"
35016,2016,1374.570718232044,2715,4,30079.0,90.0,123711.36464088397,4.112881566570829,28.72340425531915,percentil_invertido_anual,"Ministerio de Vivienda, valor tasado","INE, Atlas de distribución de renta de los hogares"
35017,2016,860.1195792880259,618,4,27637.0,90.0,77410.76213592233,2.8009828178138845,81.56028368794327,percentil_invertido_anual,"Ministerio de Vivienda, valor tasado","INE, Atlas de distribución de renta de los hogares"
35019,2016,1678.154961832061,524,4,24341.0,90.0,151033.9465648855,6.204919541715028,3.5460992907801416,percentil_invertido_anual,"Ministerio de Vivienda, valor tasado","INE, Atlas de distribución de renta de los hogares"
35022,2016,843.3799701046337,669,4,23959.0,90.0,75904.19730941704,3.168087036579867,67.02127659574468,percentil_invertido_anual,"Ministerio de Vivienda, valor tasado","INE, Atlas de distribución de renta de los hogares"
35026,2016,980.8444270015697,637,4,25701.0,90.0,88275.99843014128,3.434730105059775,53.191489361702125,percentil_invertido_anual,"Ministerio de Vivienda, valor tasado","INE, Atlas de distribución de renta de los hogares"
36026,2016,839.730701754386,114,4,24926.0,90.0,75575.76315789475,3.0320052618909874,70.92198581560284,percentil_invertido_anual,"Ministerio de Vivienda, valor tasado","INE, Atlas de distribución de renta de los hogares"
36038,2016,1065.1989150090417,553,4,29039.0,90.0,95867.90235081375,3.3013499896970884,60.99290780141844,percentil_invertido_anual,"Ministerio de Vivienda, valor tasado","INE, Atlas de distribución de renta de los hogares"
36045,2016,855.2019480519481,154,4,29232.0,90.0,76968.17532467532,2.6330109238052586,87.94326241134752,percentil_invertido_anual,"Ministerio de Vivienda, valor tasado","INE, Atlas de distribución de renta de los hogares"
36057,2016,1322.0065685759328,1903,4,31139.0,90.0,118980.59117183395,3.8209509352205897,36.52482269503546,percentil_invertido_anual,"Ministerio de Vivienda, valor tasado","INE, Atlas de distribución de renta de los hogares"
36060,2016,835.6387205387206,297,4,24917.0,90.0,75207.48484848485,3.018320217060033,71.27659574468085,percentil_invertido_anual,"Ministerio de Vivienda, valor tasado","INE, Atlas de distribución de renta de los hogares"
37274,2016,1504.2217347956132,1003,4,27355.0,90.0,135379.9561316052,4.949002234750693,13.120567375886525,percentil_invertido_anual,"Ministerio de Vivienda, valor tasado","INE, Atlas de distribución de renta de los hogares"
38001,2016,1503.2627700127061,787,4,22635.0,90.0,135293.64930114357,5.977187952336805,5.319148936170213,percentil_invertido_anual,"Ministerio de Vivienda, valor tasado","INE, Atlas de distribución de renta de los hogares"
38006,2016,1284.1276876267748,986,4,20033.0,90.0,115571.49188640973,5.769055652493871,6.382978723404255,percentil_invertido_anual,"Ministerio de Vivienda, valor tasado","INE, Atlas de distribución de renta de los hogares"
38017,2016,963.1691876750701,714,4,23150.0,90.0,86685.22689075631,3.7445022415013525,40.0709219858156,percentil_invertido_anual,"Ministerio de Vivienda, valor tasado","INE, Atlas de distribución de renta de los hogares"
38023,2016,991.9174957118354,1166,4,27580.0,90.0,89272.57461406519,3.236859123062552,64.18439716312056,percentil_invertido_anual,"Ministerio de Vivienda, valor tasado","INE, Atlas de distribución de renta de los hogares"
38026,2016,981.4128630705393,241,4,25129.0,90.0,88327.15767634854,3.5149491693401465,48.93617021276596,percentil_invertido_anual,"Ministerio de Vivienda, valor tasado","INE, Atlas de distribución de renta de los hogares"
38028,2016,1338.5916666666667,288,4,24176.0,90.0,120473.25,4.983175463269358,12.76595744680851,percentil_invertido_anual,"Ministerio de Vivienda, valor tasado","INE, Atlas de distribución de renta de los hogares"
38031,2016,952.996052631579,228,4,23056.0,90.0,85769.6447368421,3.720057457357829,40.780141843971634,percentil_invertido_anual,"Ministerio de Vivienda, valor tasado","INE, Atlas de distribución de renta de los hogares"
38038,2016,1135.1889520202021,1584,4,28512.0,90.0,102167.00568181819,3.583298459659729,46.808510638297875,percentil_invertido_anual,"Ministerio de Vivienda, valor tasado","INE, Atlas de distribución de renta de los hogares"
39016,2016,1181.3434523809524,168,4,30103.0,90.0,106320.91071428571,3.53190415288462,48.226950354609926,percentil_invertido_anual,"Ministerio de Vivienda, valor tasado","INE, Atlas de distribución de renta de los hogares"
39020,2016,1591.0747603833865,313,4,28696.0,90.0,143196.7284345048,4.990128534795957,12.411347517730496,percentil_invertido_anual,"Ministerio de Vivienda, valor tasado","INE, Atlas de distribución de renta de los hogares"
39075,2016,1643.7031278748848,1087,4,31593.0,90.0,147933.28150873963,4.682470215197658,17.02127659574468,percentil_invertido_anual,"Ministerio de Vivienda, valor tasado","INE, Atlas de distribución de renta de los hogares"
39087,2016,942.8195583596216,317,4,25625.0,90.0,84853.76025236594,3.311366253750866,60.283687943262414,percentil_invertido_anual,"Ministerio de Vivienda, valor tasado","INE, Atlas de distribución de renta de los hogares"
40194,2016,1291.2535714285716,364,4,30203.0,90.0,116212.82142857145,3.8477244455375774,35.1063829787234,percentil_invertido_anual,"Ministerio de Vivienda, valor tasado","INE, Atlas de distribución de renta de los hogares"
41004,2016,935.8052369077305,802,4,24481.0,90.0,84222.47132169575,3.440319893864456,52.836879432624116,percentil_invertido_anual,"Ministerio de Vivienda, valor tasado","INE, Atlas de distribución de renta de los hogares"
41021,2016,984.0683139534884,344,4,22384.0,90.0,88566.14825581395,3.9566720986335757,32.6241134751773,percentil_invertido_anual,"Ministerio de Vivienda, valor tasado","INE, Atlas de distribución de renta de los hogares"
41024,2016,982.5274436090225,266,4,22682.0,90.0,88427.46992481203,3.8985746373693693,33.333333333333336,percentil_invertido_anual,"Ministerio de Vivienda, valor tasado","INE, Atlas de distribución de renta de los hogares"
41034,2016,880.098447204969,322,4,21297.0,90.0,79208.8602484472,3.7192496712422973,41.13475177304964,percentil_invertido_anual,"Ministerio de Vivienda, valor tasado","INE, Atlas de distribución de renta de los hogares"
41038,2016,1046.73169550173,1445,4,27356.0,90.0,94205.8525951557,3.443699831669677,52.4822695035461,percentil_invertido_anual,"Ministerio de Vivienda, valor tasado","INE, Atlas de distribución de renta de los hogares"
41039,2016,828.0435684647302,241,4,21304.0,90.0,74523.92116182572,3.4981187176974147,50.0,percentil_invertido_anual,"Ministerio de Vivienda, valor tasado","INE, Atlas de distribución de renta de los hogares"
41059,2016,1259.1905511811024,508,4,32807.0,90.0,113327.14960629921,3.4543588138598227,51.773049645390074,percentil_invertido_anual,"Ministerio de Vivienda, valor tasado","INE, Atlas de distribución de renta de los hogares"
41065,2016,865.8238095238096,147,4,22237.0,90.0,77924.14285714287,3.504256098266082,49.645390070921984,percentil_invertido_anual,"Ministerio de Vivienda, valor tasado","INE, Atlas de distribución de renta de los hogares"
41069,2016,894.3995594713657,227,4,19586.0,90.0,80495.96035242292,4.10987237580021,29.078014184397162,percentil_invertido_anual,"Ministerio de Vivienda, valor tasado","INE, Atlas de distribución de renta de los hogares"
41081,2016,998.2022471910112,356,4,23286.0,90.0,89838.20224719102,3.858034967241734,34.751773049645394,percentil_invertido_anual,"Ministerio de Vivienda, valor tasado","INE, Atlas de distribución de renta de los hogares"
41091,2016,1470.3686617806734,7368,4,29394.0,90.0,132333.1795602606,4.502047341643213,20.21276595744681,percentil_invertido_anual,"Ministerio de Vivienda, valor tasado","INE, Atlas de distribución de renta de los hogares"
41095,2016,849.7060606060606,528,4,22002.0,90.0,76473.54545454546,3.4757542702729505,50.709219858156025,percentil_invertido_anual,"Ministerio de Vivienda, valor tasado","INE, Atlas de distribución de renta de los hogares"
42173,2016,1089.7592741935484,248,4,30847.0,90.0,98078.33467741936,3.179509666334469,66.31205673758865,percentil_invertido_anual,"Ministerio de Vivienda, valor tasado","INE, Atlas de distribución de renta de los hogares"
43038,2016,1546.8920731707317,656,4,29625.0,90.0,139220.28658536586,4.699418956468046,15.957446808510639,percentil_invertido_anual,"Ministerio de Vivienda, valor tasado","INE, Atlas de distribución de renta de los hogares"
43123,2016,947.1893601725377,1391,4,29413.0,90.0,85247.0424155284,2.898277714463958,76.95035460992908,percentil_invertido_anual,"Ministerio de Vivienda, valor tasado","INE, Atlas de distribución de renta de los hogares"
43148,2016,1046.242643678161,1740,4,33044.0,90.0,94161.83793103448,2.8495895754459046,79.7872340425532,percentil_invertido_anual,"Ministerio de Vivienda, valor tasado","INE, Atlas de distribución de renta de los hogares"
43155,2016,675.7885802469136,324,4,29019.0,90.0,60820.972222222226,2.095901727220863,99.64539007092199,percentil_invertido_anual,"Ministerio de Vivienda, valor tasado","INE, Atlas de distribución de renta de los hogares"
43163,2016,1117.7302139037433,748,4,26613.0,90.0,100595.7192513369,3.7799466144867884,38.297872340425535,percentil_invertido_anual,"Ministerio de Vivienda, valor tasado","INE, Atlas de distribución de renta de los hogares"
44216,2016,977.2491304347826,230,4,32018.0,90.0,87952.42173913044,2.74696800984229,83.68794326241135,percentil_invertido_anual,"Ministerio de Vivienda, valor tasado","INE, Atlas de distribución de renta de los hogares"
45165,2016,711.9265536723163,708,4,23622.0,90.0,64073.38983050847,2.712445594382714,84.7517730496454,percentil_invertido_anual,"Ministerio de Vivienda, valor tasado","INE, Atlas de distribución de renta de los hogares"
45168,2016,1244.422061482821,553,4,35064.0,90.0,111997.98553345389,3.194101800520588,65.60283687943263,percentil_invertido_anual,"Ministerio de Vivienda, valor tasado","INE, Atlas de distribución de renta de los hogares"
46005,2016,711.84064171123,187,4,23652.0,90.0,64065.657754010695,2.7086782409103116,85.46099290780141,percentil_invertido_anual,"Ministerio de Vivienda, valor tasado","INE, Atlas de distribución de renta de los hogares"
46017,2016,671.4692771084337,332,4,26831.0,90.0,60432.23493975904,2.252328833802655,97.51773049645391,percentil_invertido_anual,"Ministerio de Vivienda, valor tasado","INE, Atlas de distribución de renta de los hogares"
46021,2016,842.4050847457628,236,4,24347.0,90.0,75816.45762711865,3.113995877402499,68.79432624113475,percentil_invertido_anual,"Ministerio de Vivienda, valor tasado","INE, Atlas de distribución de renta de los hogares"
46029,2016,650.7545851528383,229,4,24981.0,90.0,58567.91266375545,2.3444983252774287,95.74468085106383,percentil_invertido_anual,"Ministerio de Vivienda, valor tasado","INE, Atlas de distribución de renta de los hogares"
46078,2016,747.2267175572517,262,4,23665.0,90.0,67250.40458015265,2.8417665151131484,80.1418439716312,percentil_invertido_anual,"Ministerio de Vivienda, valor tasado","INE, Atlas de distribución de renta de los hogares"
46102,2016,767.3424657534247,146,4,24073.0,90.0,69060.82191780822,2.868808288032577,78.36879432624113,percentil_invertido_anual,"Ministerio de Vivienda, valor tasado","INE, Atlas de distribución de renta de los hogares"
46110,2016,676.1123893805311,226,4,23628.0,90.0,60850.1150442478,2.5753392180568735,89.71631205673759,percentil_invertido_anual,"Ministerio de Vivienda, valor tasado","INE, Atlas de distribución de renta de los hogares"
46131,2016,838.7946977730649,943,4,24590.0,90.0,75491.52279957583,3.0700090605764876,69.50354609929079,percentil_invertido_anual,"Ministerio de Vivienda, valor tasado","INE, Atlas de distribución de renta de los hogares"
46145,2016,683.738775510204,245,4,25709.0,90.0,61536.489795918365,2.393577727485253,94.32624113475177,percentil_invertido_anual,"Ministerio de Vivienda, valor tasado","INE, Atlas de distribución de renta de los hogares"
46159,2016,799.9714975845411,207,4,24089.0,90.0,71997.4347826087,2.988809613624837,73.04964539007092,percentil_invertido_anual,"Ministerio de Vivienda, valor tasado","INE, Atlas de distribución de renta de los hogares"
46169,2016,872.6282051282051,312,4,25709.0,90.0,78536.53846153845,3.054826654538817,69.8581560283688,percentil_invertido_anual,"Ministerio de Vivienda, valor tasado","INE, Atlas de distribución de renta de los hogares"
46181,2016,812.0284403669726,327,4,23313.0,90.0,73082.55963302754,3.1348414889987364,67.37588652482269,percentil_invertido_anual,"Ministerio de Vivienda, valor tasado","INE, Atlas de distribución de renta de los hogares"
46184,2016,545.8164222873901,341,4,24843.0,90.0,49123.47800586511,1.9773569217028986,100.0,percentil_invertido_anual,"Ministerio de Vivienda, valor tasado","INE, Atlas de distribución de renta de los hogares"
46190,2016,916.4530844155844,616,4,28782.0,90.0,82480.7775974026,2.86570695564598,78.72340425531915,percentil_invertido_anual,"Ministerio de Vivienda, valor tasado","INE, Atlas de distribución de renta de los hogares"
46220,2016,782.6290322580645,589,4,26789.0,90.0,70436.6129032258,2.6293110195686964,88.29787234042553,percentil_invertido_anual,"Ministerio de Vivienda, valor tasado","INE, Atlas de distribución de renta de los hogares"
46235,2016,878.1838509316771,322,4,24841.0,90.0,79036.54658385094,3.1816974591945146,65.95744680851064,percentil_invertido_anual,"Ministerio de Vivienda, valor tasado","INE, Atlas de distribución de renta de los hogares"
46244,2016,776.1034482758621,667,4,26037.0,90.0,69849.3103448276,2.682694256052064,86.87943262411348,percentil_invertido_anual,"Ministerio de Vivienda, valor tasado","INE, Atlas de distribución de renta de los hogares"
46250,2016,1181.3514696782179,6464,4,30725.0,90.0,106321.6322710396,3.4604274132152844,51.41843971631206,percentil_invertido_anual,"Ministerio de Vivienda, valor tasado","INE, Atlas de distribución de renta de los hogares"
47186,2016,1211.1840811965812,1872,4,30946.0,90.0,109006.56730769231,3.5224768082366804,48.58156028368794,percentil_invertido_anual,"Ministerio de Vivienda, valor tasado","INE, Atlas de distribución de renta de los hogares"
48013,2016,1785.2225589225588,297,4,30047.0,90.0,160670.0303030303,5.347290255367601,9.21985815602837,percentil_invertido_anual,"Ministerio de Vivienda, valor tasado","INE, Atlas de distribución de renta de los hogares"
48015,2016,1811.6559633027523,109,3,29215.0,90.0,163049.0366972477,5.581004165574113,7.092198581560283,percentil_invertido_anual,"Ministerio de Vivienda, valor tasado","INE, Atlas de distribución de renta de los hogares"
48020,2016,2339.243472906404,1624,4,34999.0,90.0,210531.91256157635,6.015369369455595,4.609929078014185,percentil_invertido_anual,"Ministerio de Vivienda, valor tasado","INE, Atlas de distribución de renta de los hogares"
48027,2016,1978.170796460177,113,3,38548.0,90.0,178035.3716814159,4.618537192108953,18.79432624113475,percentil_invertido_anual,"Ministerio de Vivienda, valor tasado","INE, Atlas de distribución de renta de los hogares"
48036,2016,1921.1480769230768,52,2,35904.0,90.0,172903.3269230769,4.8157120912176055,14.539007092198581,percentil_invertido_anual,"Ministerio de Vivienda, valor tasado","INE, Atlas de distribución de renta de los hogares"
48044,2016,2616.3174927113705,343,4,49016.0,90.0,235468.57434402333,4.803912484576941,14.893617021276595,percentil_invertido_anual,"Ministerio de Vivienda, valor tasado","INE, Atlas de distribución de renta de los hogares"
48054,2016,2129.574074074074,81,3,37518.0,90.0,191661.66666666666,5.108525685448762,11.347517730496454,percentil_invertido_anual,"Ministerio de Vivienda, valor tasado","INE, Atlas de distribución de renta de los hogares"
48078,2016,2101.137719298246,114,3,31154.0,90.0,189102.39473684214,6.069923436375494,3.900709219858156,percentil_invertido_anual,"Ministerio de Vivienda, valor tasado","INE, Atlas de distribución de renta de los hogares"
48082,2016,2004.0465277777778,144,4,30169.0,90.0,180364.1875,5.978460920149822,4.964539007092198,percentil_invertido_anual,"Ministerio de Vivienda, valor tasado","INE, Atlas de distribución de renta de los hogares"
48084,2016,1563.7450549450548,91,3,26933.0,90.0,140737.05494505493,5.225450374821035,10.28368794326241,percentil_invertido_anual,"Ministerio de Vivienda, valor tasado","INE, Atlas de distribución de renta de los hogares"
49275,2016,1045.533502538071,394,4,26586.0,90.0,94098.01522842639,3.5393822022277286,47.5177304964539,percentil_invertido_anual,"Ministerio de Vivienda, valor tasado","INE, Atlas de distribución de renta de los hogares"
50297,2016,1266.4260710150522,5182,4,31789.0,90.0,113978.3463913547,3.585464984471191,46.45390070921986,percentil_invertido_anual,"Ministerio de Vivienda, valor tasado","INE, Atlas de distribución de renta de los hogares"
51001,2016,1723.0059602649008,453,4,35381.0,90.0,155070.53642384105,4.382876018875698,24.113475177304963,percentil_invertido_anual,"Ministerio de Vivienda, valor tasado","INE, Atlas de distribución de renta de los hogares"
52001,2016,1487.4303430079156,379,4,35748.0,90.0,133868.7308707124,3.7447893832022046,39.716312056737586,percentil_invertido_anual,"Ministerio de Vivienda, valor tasado","INE, Atlas de distribución de renta de los hogares"
01059,2017,1944.9768258426966,712,4,33632.0,90.0,175047.9143258427,5.204802400268871,11.307420494699647,percentil_invertido_anual,"Ministerio de Vivienda, valor tasado","INE, Atlas de distribución de renta de los hogares"
02003,2017,1108.9319977103607,1747,4,30173.0,90.0,99803.87979393247,3.307721466010422,59.01060070671378,percentil_invertido_anual,"Ministerio de Vivienda, valor tasado","INE, Atlas de distribución de renta de los hogares"
02009,2017,659.564824120603,199,4,25469.0,90.0,59360.83417085427,2.33070926109601,95.0530035335689,percentil_invertido_anual,"Ministerio de Vivienda, valor tasado","INE, Atlas de distribución de renta de los hogares"
02037,2017,625.4544554455446,202,4,22138.0,90.0,56290.90099009901,2.542727481710137,87.63250883392226,percentil_invertido_anual,"Ministerio de Vivienda, valor tasado","INE, Atlas de distribución de renta de los hogares"
02081,2017,591.1529761904761,168,4,25146.0,90.0,53203.76785714285,2.115794474554317,98.93992932862191,percentil_invertido_anual,"Ministerio de Vivienda, valor tasado","INE, Atlas de distribución de renta de los hogares"
03009,2017,597.8810231023102,606,4,25190.0,90.0,53809.29207920792,2.136137041651763,98.58657243816255,percentil_invertido_anual,"Ministerio de Vivienda, valor tasado","INE, Atlas de distribución de renta de los hogares"
03014,2017,1066.1492583918812,3843,4,27759.0,90.0,95953.43325526931,3.4566602995521922,52.29681978798587,percentil_invertido_anual,"Ministerio de Vivienda, valor tasado","INE, Atlas de distribución de renta de los hogares"
03031,2017,1649.7734054054054,925,4,22793.0,90.0,148479.60648648647,6.514263435549795,2.8268551236749118,percentil_invertido_anual,"Ministerio de Vivienda, valor tasado","INE, Atlas de distribución de renta de los hogares"
03047,2017,1560.1966145833333,384,4,22369.0,90.0,140417.6953125,6.277334494724842,3.1802120141342756,percentil_invertido_anual,"Ministerio de Vivienda, valor tasado","INE, Atlas de distribución de renta de los hogares"
03059,2017,607.2427586206896,290,4,21774.0,90.0,54651.84827586207,2.509959046379263,88.69257950530036,percentil_invertido_anual,"Ministerio de Vivienda, valor tasado","INE, Atlas de distribución de renta de los hogares"
03063,2017,1423.03637454982,833,4,24734.0,90.0,128073.27370948381,5.178025135824526,11.66077738515901,percentil_invertido_anual,"Ministerio de Vivienda, valor tasado","INE, Atlas de distribución de renta de los hogares"
03065,2017,819.488210818308,2163,4,24047.0,90.0,73753.93897364772,3.067074436463913,66.43109540636043,percentil_invertido_anual,"Ministerio de Vivienda, valor tasado","INE, Atlas de distribución de renta de los hogares"
03066,2017,525.4192182410424,614,4,22032.0,90.0,47287.72964169381,2.1463203359519705,98.23321554770318,percentil_invertido_anual,"Ministerio de Vivienda, valor tasado","INE, Atlas de distribución de renta de los hogares"
03082,2017,1575.8247035573124,506,4,22713.0,90.0,141824.2233201581,6.244187175633255,3.5335689045936394,percentil_invertido_anual,"Ministerio de Vivienda, valor tasado","INE, Atlas de distribución de renta de los hogares"
03093,2017,620.2003424657535,292,4,25999.0,90.0,55818.03082191781,2.1469299135319746,97.87985865724382,percentil_invertido_anual,"Ministerio de Vivienda, valor tasado","INE, Atlas de distribución de renta de los hogares"
03099,2017,1055.6345238095237,1764,4,22274.0,90.0,95007.10714285713,4.265381482574173,28.268551236749115,percentil_invertido_anual,"Ministerio de Vivienda, valor tasado","INE, Atlas de distribución de renta de los hogares"
03104,2017,621.5457249070631,269,4,22752.0,90.0,55939.11524163568,2.458646063714648,90.81272084805654,percentil_invertido_anual,"Ministerio de Vivienda, valor tasado","INE, Atlas de distribución de renta de los hogares"
03121,2017,1236.6119533527697,686,4,22371.0,90.0,111295.07580174926,4.974970980365172,13.780918727915195,percentil_invertido_anual,"Ministerio de Vivienda, valor tasado","INE, Atlas de distribución de renta de los hogares"
03122,2017,895.0183783783783,555,4,27143.0,90.0,80551.65405405404,2.9676768984288415,70.31802120141343,percentil_invertido_anual,"Ministerio de Vivienda, valor tasado","INE, Atlas de distribución de renta de los hogares"
03133,2017,1097.5231607629428,2202,4,18484.0,90.0,98777.08446866485,5.343923634963474,9.187279151943462,percentil_invertido_anual,"Ministerio de Vivienda, valor tasado","INE, Atlas de distribución de renta de los hogares"
03139,2017,1163.2611111111112,540,4,24035.0,90.0,104693.5,4.355876846265862,25.441696113074205,percentil_invertido_anual,"Ministerio de Vivienda, valor tasado","INE, Atlas de distribución de renta de los hogares"
03140,2017,610.0759036144578,332,4,23409.0,90.0,54906.83132530121,2.3455436509590846,93.99293286219081,percentil_invertido_anual,"Ministerio de Vivienda, valor tasado","INE, Atlas de distribución de renta de los hogares"
04013,2017,1071.2616166077737,2264,4,27090.0,90.0,96413.54549469963,3.559008693049082,46.64310954063604,percentil_invertido_anual,"Ministerio de Vivienda, valor tasado","INE, Atlas de distribución de renta de los hogares"
04079,2017,928.3339138006095,2297,4,24092.0,90.0,83550.05224205485,3.4679583364625124,51.236749116607776,percentil_invertido_anual,"Ministerio de Vivienda, valor tasado","INE, Atlas de distribución de renta de los hogares"
04902,2017,869.6988700564972,1593,4,22481.0,90.0,78272.89830508475,3.4817356125210064,50.88339222614841,percentil_invertido_anual,"Ministerio de Vivienda, valor tasado","INE, Atlas de distribución de renta de los hogares"
05019,2017,892.1741134751775,564,4,28431.0,90.0,80295.67021276597,2.824229545663746,78.09187279151944,percentil_invertido_anual,"Ministerio de Vivienda, valor tasado","INE, Atlas de distribución de renta de los hogares"
06011,2017,678.7709677419355,248,4,21998.0,90.0,61089.38709677419,2.777042781015283,79.85865724381625,percentil_invertido_anual,"Ministerio de Vivienda, valor tasado","INE, Atlas de distribución de renta de los hogares"
06015,2017,1060.1374561403509,1140,4,28630.0,90.0,95412.37105263158,3.332601154475431,57.24381625441696,percentil_invertido_anual,"Ministerio de Vivienda, valor tasado","INE, Atlas de distribución de renta de los hogares"
06044,2017,791.5302127659575,235,4,25048.0,90.0,71237.71914893617,2.844048193426069,77.03180212014134,percentil_invertido_anual,"Ministerio de Vivienda, valor tasado","INE, Atlas de distribución de renta de los hogares"
06083,2017,757.6555319148937,470,4,26497.0,90.0,68188.99787234043,2.5734610662467614,86.92579505300354,percentil_invertido_anual,"Ministerio de Vivienda, valor tasado","INE, Atlas de distribución de renta de los hogares"
07011,2017,2596.603474903475,1036,4,33549.0,90.0,233694.31274131278,6.965760909157137,1.4134275618374559,percentil_invertido_anual,"Ministerio de Vivienda, valor tasado","INE, Atlas de distribución de renta de los hogares"
07015,2017,1653.6896341463416,492,4,30140.0,90.0,148832.06707317074,4.938024786767443,14.134275618374557,percentil_invertido_anual,"Ministerio de Vivienda, valor tasado","INE, Atlas de distribución de renta de los hogares"
07026,2017,2881.2777978339354,554,4,37822.0,90.0,259315.0018050542,6.856194854980017,2.1201413427561837,percentil_invertido_anual,"Ministerio de Vivienda, valor tasado","INE, Atlas de distribución de renta de los hogares"
07027,2017,1186.438808373591,621,4,30338.0,90.0,106779.49275362318,3.519661571416151,49.11660777385159,percentil_invertido_anual,"Ministerio de Vivienda, valor tasado","INE, Atlas de distribución de renta de los hogares"
07031,2017,1713.2860215053763,744,4,33678.0,90.0,154195.74193548388,4.578530255225485,19.78798586572438,percentil_invertido_anual,"Ministerio de Vivienda, valor tasado","INE, Atlas de distribución de renta de los hogares"
07032,2017,1292.4687344913152,403,4,33303.0,90.0,116322.18610421837,3.4928440712313717,50.17667844522968,percentil_invertido_anual,"Ministerio de Vivienda, valor tasado","INE, Atlas de distribución de renta de los hogares"
07033,2017,1247.2081249999999,640,4,32589.0,90.0,112248.73124999998,3.4443748273957464,53.003533568904594,percentil_invertido_anual,"Ministerio de Vivienda, valor tasado","INE, Atlas de distribución de renta de los hogares"
07036,2017,1864.7531516183988,587,4,41348.0,90.0,167827.7836456559,4.05890934617529,31.802120141342755,percentil_invertido_anual,"Ministerio de Vivienda, valor tasado","INE, Atlas de distribución de renta de los hogares"
07040,2017,1706.5190827894194,5822,4,35110.0,90.0,153586.71745104773,4.374443675620841,25.08833922261484,percentil_invertido_anual,"Ministerio de Vivienda, valor tasado","INE, Atlas de distribución de renta de los hogares"
07054,2017,2827.5245202558635,469,4,34026.0,90.0,254477.20682302772,7.478904567772519,0.35335689045936397,percentil_invertido_anual,"Ministerio de Vivienda, valor tasado","INE, Atlas de distribución de renta de los hogares"
08015,2017,1609.0686469673406,3215,4,30705.0,90.0,144816.17822706065,4.716371217295576,18.021201413427562,percentil_invertido_anual,"Ministerio de Vivienda, valor tasado","INE, Atlas de distribución de renta de los hogares"
08019,2017,2934.991742709463,15671,4,37881.0,90.0,264149.25684385165,6.973133149701741,1.0600706713780919,percentil_invertido_anual,"Ministerio de Vivienda, valor tasado","INE, Atlas de distribución de renta de los hogares"
08056,2017,2507.129763033175,1055,4,45885.0,90.0,225641.67867298576,4.91754775357929,14.487632508833922,percentil_invertido_anual,"Ministerio de Vivienda, valor tasado","INE, Atlas de distribución de renta de los hogares"
08073,2017,1752.7536809815952,978,4,31139.0,90.0,157747.83128834356,5.065924765995811,12.36749116607774,percentil_invertido_anual,"Ministerio de Vivienda, valor tasado","INE, Atlas de distribución de renta de los hogares"
08077,2017,2054.810564663024,549,4,39457.0,90.0,184932.95081967214,4.686949104586566,18.72791519434629,percentil_invertido_anual,"Ministerio de Vivienda, valor tasado","INE, Atlas de distribución de renta de los hogares"
08089,2017,2009.9597891566266,664,4,37370.0,90.0,180896.3810240964,4.840684533692706,15.901060070671377,percentil_invertido_anual,"Ministerio de Vivienda, valor tasado","INE, Atlas de distribución de renta de los hogares"
08096,2017,1481.1952941176469,765,4,34496.0,90.0,133307.57647058822,3.8644357743097233,36.74911660777385,percentil_invertido_anual,"Ministerio de Vivienda, valor tasado","INE, Atlas de distribución de renta de los hogares"
08101,2017,1679.261197339246,3157,4,28985.0,90.0,151133.50776053214,5.214197266190517,10.954063604240282,percentil_invertido_anual,"Ministerio de Vivienda, valor tasado","INE, Atlas de distribución de renta de los hogares"
08102,2017,1038.6132530120483,498,4,32369.0,90.0,93475.19277108434,2.8877998322804026,74.91166077738517,percentil_invertido_anual,"Ministerio de Vivienda, valor tasado","INE, Atlas de distribución de renta de los hogares"
08113,2017,938.7066212268743,1027,4,31422.0,90.0,84483.59591041869,2.68867659316462,84.09893992932862,percentil_invertido_anual,"Ministerio de Vivienda, valor tasado","INE, Atlas de distribución de renta de los hogares"
08114,2017,1319.3017964071855,334,4,34056.0,90.0,118737.16167664669,3.486526946107784,50.53003533568904,percentil_invertido_anual,"Ministerio de Vivienda, valor tasado","INE, Atlas de distribución de renta de los hogares"
08121,2017,1460.5160407725323,1864,4,30250.0,90.0,131446.44366952791,4.34533698081084,25.795053003533567,percentil_invertido_anual,"Ministerio de Vivienda, valor tasado","INE, Atlas de distribución de renta de los hogares"
08124,2017,1439.51295971979,571,4,32350.0,90.0,129556.1663747811,4.004827399529555,33.56890459363957,percentil_invertido_anual,"Ministerio de Vivienda, valor tasado","INE, Atlas de distribución de renta de los hogares"
08125,2017,1428.6448387096775,620,4,31229.0,90.0,128578.03548387098,4.117263936849434,29.328621908127207,percentil_invertido_anual,"Ministerio de Vivienda, valor tasado","INE, Atlas de distribución de renta de los hogares"
08169,2017,1986.8825396825396,630,4,33106.0,90.0,178819.42857142855,5.40142054526154,8.480565371024735,percentil_invertido_anual,"Ministerio de Vivienda, valor tasado","INE, Atlas de distribución de renta de los hogares"
08172,2017,1737.0089136490253,359,4,34367.0,90.0,156330.80222841227,4.548863800401905,21.554770318021202,percentil_invertido_anual,"Ministerio de Vivienda, valor tasado","INE, Atlas de distribución de renta de los hogares"
08180,2017,1486.8057591623035,573,4,30524.0,90.0,133812.5183246073,4.383846098958436,24.73498233215548,percentil_invertido_anual,"Ministerio de Vivienda, valor tasado","INE, Atlas de distribución de renta de los hogares"
08184,2017,1426.9721433400946,1479,4,32571.0,90.0,128427.49290060851,3.943001225034801,35.3356890459364,percentil_invertido_anual,"Ministerio de Vivienda, valor tasado","INE, Atlas de distribución de renta de los hogares"
08187,2017,1365.6364041604754,3365,4,32494.0,90.0,122907.2763744428,3.7824606504106235,40.28268551236749,percentil_invertido_anual,"Ministerio de Vivienda, valor tasado","INE, Atlas de distribución de renta de los hogares"
08194,2017,1604.776967930029,343,4,28845.0,90.0,144429.9271137026,5.007104424118655,13.42756183745583,percentil_invertido_anual,"Ministerio de Vivienda, valor tasado","INE, Atlas de distribución de renta de los hogares"
08200,2017,1752.1329357798165,1090,4,32501.0,90.0,157691.9642201835,4.851911147970323,15.19434628975265,percentil_invertido_anual,"Ministerio de Vivienda, valor tasado","INE, Atlas de distribución de renta de los hogares"
08205,2017,2965.4961722488038,1045,4,59606.0,90.0,266894.6555023923,4.47764747680422,23.32155477031802,percentil_invertido_anual,"Ministerio de Vivienda, valor tasado","INE, Atlas de distribución de renta de los hogares"
08211,2017,1930.7427631578946,456,4,37265.0,90.0,173766.8486842105,4.66300412408991,19.081272084805654,percentil_invertido_anual,"Ministerio de Vivienda, valor tasado","INE, Atlas de distribución de renta de los hogares"
08217,2017,2156.7878260869566,345,4,39846.0,90.0,194110.9043478261,4.871527991462784,14.840989399293287,percentil_invertido_anual,"Ministerio de Vivienda, valor tasado","INE, Atlas de distribución de renta de los hogares"
08231,2017,1554.627086614173,635,4,32766.0,90.0,139916.4377952756,4.2701714519708105,27.915194346289752,percentil_invertido_anual,"Ministerio de Vivienda, valor tasado","INE, Atlas de distribución de renta de los hogares"
08245,2017,1406.1982456140352,1824,4,27520.0,90.0,126557.84210526316,4.59875879742962,19.434628975265017,percentil_invertido_anual,"Ministerio de Vivienda, valor tasado","INE, Atlas de distribución de renta de los hogares"
08252,2017,1552.818544600939,426,4,34751.0,90.0,139753.6690140845,4.021572588244497,32.86219081272085,percentil_invertido_anual,"Ministerio de Vivienda, valor tasado","INE, Atlas de distribución de renta de los hogares"
08263,2017,1566.1792147806004,433,4,33297.0,90.0,140956.12933025404,4.233298174918282,28.62190812720848,percentil_invertido_anual,"Ministerio de Vivienda, valor tasado","INE, Atlas de distribución de renta de los hogares"
08266,2017,1784.6483180428133,654,4,38333.0,90.0,160618.3486238532,4.190080312624976,28.975265017667844,percentil_invertido_anual,"Ministerio de Vivienda, valor tasado","INE, Atlas de distribución de renta de los hogares"
08279,2017,1273.51125998454,3881,4,32184.0,90.0,114616.0133986086,3.561273098390772,46.28975265017668,percentil_invertido_anual,"Ministerio de Vivienda, valor tasado","INE, Atlas de distribución de renta de los hogares"
08298,2017,1091.0615942028985,552,4,34720.0,90.0,98195.54347826086,2.828212657784011,77.73851590106007,percentil_invertido_anual,"Ministerio de Vivienda, valor tasado","INE, Atlas de distribución de renta de los hogares"
08301,2017,1832.4280721533257,887,4,34165.0,90.0,164918.52649379932,4.8271191714854185,16.25441696113074,percentil_invertido_anual,"Ministerio de Vivienda, valor tasado","INE, Atlas de distribución de renta de los hogares"
08305,2017,1195.1819256756755,592,4,31880.0,90.0,107566.3733108108,3.3741020486452573,56.53710247349823,percentil_invertido_anual,"Ministerio de Vivienda, valor tasado","INE, Atlas de distribución de renta de los hogares"
08307,2017,1464.1542832909245,1179,4,32551.0,90.0,131773.8854961832,4.048228487486812,32.50883392226148,percentil_invertido_anual,"Ministerio de Vivienda, valor tasado","INE, Atlas de distribución de renta de los hogares"
09018,2017,992.117883211679,274,4,29101.0,90.0,89290.60948905112,3.068300384490262,66.07773851590106,percentil_invertido_anual,"Ministerio de Vivienda, valor tasado","INE, Atlas de distribución de renta de los hogares"
09059,2017,1219.1452887537994,1316,4,32285.0,90.0,109723.07598784195,3.398577543374383,55.830388692579504,percentil_invertido_anual,"Ministerio de Vivienda, valor tasado","INE, Atlas de distribución de renta de los hogares"
09219,2017,862.7329512893982,349,4,29387.0,90.0,77645.96561604584,2.642187552865071,86.21908127208481,percentil_invertido_anual,"Ministerio de Vivienda, valor tasado","INE, Atlas de distribución de renta de los hogares"
10037,2017,1060.045205479452,657,4,29356.0,90.0,95404.06849315068,3.2499001394314853,62.897526501766784,percentil_invertido_anual,"Ministerio de Vivienda, valor tasado","INE, Atlas de distribución de renta de los hogares"
10148,2017,797.3874493927126,247,4,25485.0,90.0,71764.87044534413,2.8159650949713217,78.79858657243817,percentil_invertido_anual,"Ministerio de Vivienda, valor tasado","INE, Atlas de distribución de renta de los hogares"
11004,2017,907.760453808752,1234,4,27643.0,90.0,81698.44084278768,2.95548387811698,71.37809187279152,percentil_invertido_anual,"Ministerio de Vivienda, valor tasado","INE, Atlas de distribución de renta de los hogares"
11006,2017,831.1340996168583,261,4,20599.0,90.0,74802.06896551725,3.631344675252063,43.81625441696113,percentil_invertido_anual,"Ministerio de Vivienda, valor tasado","INE, Atlas de distribución de renta de los hogares"
11012,2017,1785.5620853080568,1055,4,30181.0,90.0,160700.58767772513,5.324561402131312,9.89399293286219,percentil_invertido_anual,"Ministerio de Vivienda, valor tasado","INE, Atlas de distribución de renta de los hogares"
11015,2017,1176.7090690208668,1246,4,23438.0,90.0,105903.816211878,4.518466431089598,22.261484098939928,percentil_invertido_anual,"Ministerio de Vivienda, valor tasado","INE, Atlas de distribución de renta de los hogares"
11020,2017,902.6267384916747,2042,4,24601.0,90.0,81236.40646425073,3.3021587116072815,59.71731448763251,percentil_invertido_anual,"Ministerio de Vivienda, valor tasado","INE, Atlas de distribución de renta de los hogares"
11022,2017,1025.8754777070064,628,4,22543.0,90.0,92328.79299363057,4.095674621551283,30.3886925795053,percentil_invertido_anual,"Ministerio de Vivienda, valor tasado","INE, Atlas de distribución de renta de los hogares"
11027,2017,1261.6567415730335,1068,4,27732.0,90.0,113549.10674157302,4.094515604412701,30.742049469964666,percentil_invertido_anual,"Ministerio de Vivienda, valor tasado","INE, Atlas de distribución de renta de los hogares"
11028,2017,1058.2517985611512,278,4,26620.0,90.0,95242.66187050361,3.5778610770286856,45.936395759717314,percentil_invertido_anual,"Ministerio de Vivienda, valor tasado","INE, Atlas de distribución de renta de los hogares"
11030,2017,1455.7470930232557,516,4,25969.0,90.0,131017.23837209301,5.045139911898533,13.074204946996467,percentil_invertido_anual,"Ministerio de Vivienda, valor tasado","INE, Atlas de distribución de renta de los hogares"
11031,2017,1070.9256774193548,775,4,26928.0,90.0,96383.31096774193,3.5792970501983783,45.58303886925795,percentil_invertido_anual,"Ministerio de Vivienda, valor tasado","INE, Atlas de distribución de renta de los hogares"
11032,2017,1085.1358173076924,832,4,20328.0,90.0,97662.22355769231,4.804320324561802,16.607773851590107,percentil_invertido_anual,"Ministerio de Vivienda, valor tasado","INE, Atlas de distribución de renta de los hogares"
11033,2017,1387.162086092715,604,4,26487.0,90.0,124844.58774834436,4.713428766879766,18.374558303886925,percentil_invertido_anual,"Ministerio de Vivienda, valor tasado","INE, Atlas de distribución de renta de los hogares"
12032,2017,716.0205405405404,555,4,26589.0,90.0,64441.848648648636,2.423628141285819,92.57950530035336,percentil_invertido_anual,"Ministerio de Vivienda, valor tasado","INE, Atlas de distribución de renta de los hogares"
12040,2017,852.9441413515189,1613,4,29751.0,90.0,76764.9727216367,2.580248486492444,86.57243816254417,percentil_invertido_anual,"Ministerio de Vivienda, valor tasado","INE, Atlas de distribución de renta de los hogares"
12126,2017,651.3847328244276,393,4,25335.0,90.0,58624.625954198484,2.3139777364988547,95.75971731448763,percentil_invertido_anual,"Ministerio de Vivienda, valor tasado","INE, Atlas de distribución de renta de los hogares"
12135,2017,700.6611428571429,525,4,29065.0,90.0,63059.502857142856,2.1696027131306677,97.52650176678445,percentil_invertido_anual,"Ministerio de Vivienda, valor tasado","INE, Atlas de distribución de renta de los hogares"
12138,2017,965.6418546365915,399,4,25116.0,90.0,86907.76691729324,3.4602550930599314,51.590106007067135,percentil_invertido_anual,"Ministerio de Vivienda, valor tasado","INE, Atlas de distribución de renta de los hogares"
13005,2017,738.8034188034188,234,4,27809.0,90.0,66492.30769230769,2.391035552961548,93.63957597173145,percentil_invertido_anual,"Ministerio de Vivienda, valor tasado","INE, Atlas de distribución de renta de los hogares"
13034,2017,980.2198924731182,558,4,31931.0,90.0,88219.79032258064,2.7628257906918243,80.56537102473499,percentil_invertido_anual,"Ministerio de Vivienda, valor tasado","INE, Atlas de distribución de renta de los hogares"
13071,2017,609.239393939394,264,4,25919.0,90.0,54831.545454545456,2.1154961786544795,99.29328621908127,percentil_invertido_anual,"Ministerio de Vivienda, valor tasado","INE, Atlas de distribución de renta de los hogares"
13082,2017,622.7792838874681,391,4,22652.0,90.0,56050.135549872124,2.4744011809055326,89.75265017667844,percentil_invertido_anual,"Ministerio de Vivienda, valor tasado","INE, Atlas de distribución de renta de los hogares"
13087,2017,692.4809160305343,262,4,25208.0,90.0,62323.28244274809,2.472361252092514,90.45936395759718,percentil_invertido_anual,"Ministerio de Vivienda, valor tasado","INE, Atlas de distribución de renta de los hogares"
14021,2017,1237.4853351028532,3014,4,28676.0,90.0,111373.6801592568,3.8838638638323615,35.68904593639576,percentil_invertido_anual,"Ministerio de Vivienda, valor tasado","INE, Atlas de distribución de renta de los hogares"
14038,2017,769.3308300395257,506,4,21999.0,90.0,69239.77470355731,3.1474055504139877,65.01766784452296,percentil_invertido_anual,"Ministerio de Vivienda, valor tasado","INE, Atlas de distribución de renta de los hogares"
14056,2017,717.0800904977376,221,4,22160.0,90.0,64537.20814479639,2.912328887400559,73.4982332155477,percentil_invertido_anual,"Ministerio de Vivienda, valor tasado","INE, Atlas de distribución de renta de los hogares"
15005,2017,874.1916666666666,264,4,27203.0,90.0,78677.25,2.892226960261736,74.5583038869258,percentil_invertido_anual,"Ministerio de Vivienda, valor tasado","INE, Atlas de distribución de renta de los hogares"
15019,2017,717.4107344632769,177,4,23143.0,90.0,64566.96610169492,2.7899134123361238,79.15194346289752,percentil_invertido_anual,"Ministerio de Vivienda, valor tasado","INE, Atlas de distribución de renta de los hogares"
15030,2017,1556.1847571189282,1791,4,32374.0,90.0,140056.62814070354,4.326207084101549,26.501766784452297,percentil_invertido_anual,"Ministerio de Vivienda, valor tasado","INE, Atlas de distribución de renta de los hogares"
15031,2017,1161.2798165137615,218,4,29601.0,90.0,104515.18348623853,3.5307990772689615,48.409893992932865,percentil_invertido_anual,"Ministerio de Vivienda, valor tasado","INE, Atlas de distribución de renta de los hogares"
15036,2017,668.1513196480938,341,4,26918.0,90.0,60133.618768328444,2.2339556716074167,96.81978798586573,percentil_invertido_anual,"Ministerio de Vivienda, valor tasado","INE, Atlas de distribución de renta de los hogares"
15054,2017,716.326690391459,281,4,26073.0,90.0,64469.402135231314,2.4726499495735554,90.10600706713781,percentil_invertido_anual,"Ministerio de Vivienda, valor tasado","INE, Atlas de distribución de renta de los hogares"
15058,2017,1170.6041162227602,413,4,42223.0,90.0,105354.37046004842,2.4951891258330394,89.04593639575971,percentil_invertido_anual,"Ministerio de Vivienda, valor tasado","INE, Atlas de distribución de renta de los hogares"
15073,2017,900.3412955465586,247,4,28519.0,90.0,81030.71659919027,2.841288846004077,77.3851590106007,percentil_invertido_anual,"Ministerio de Vivienda, valor tasado","INE, Atlas de distribución de renta de los hogares"
15078,2017,1456.6233009708737,515,4,34706.0,90.0,131096.09708737864,3.7773323657978057,40.63604240282685,percentil_invertido_anual,"Ministerio de Vivienda, valor tasado","INE, Atlas de distribución de renta de los hogares"
16078,2017,1014.1960176991151,452,4,29877.0,90.0,91277.64159292036,3.0551140205817306,66.7844522968198,percentil_invertido_anual,"Ministerio de Vivienda, valor tasado","INE, Atlas de distribución de renta de los hogares"
17023,2017,1313.700157977883,633,4,27668.0,90.0,118233.01421800947,4.2732765005786275,27.56183745583039,percentil_invertido_anual,"Ministerio de Vivienda, valor tasado","INE, Atlas de distribución de renta de los hogares"
17066,2017,1082.085765124555,562,4,27583.0,90.0,97387.71886120996,3.530715254367181,48.763250883392224,percentil_invertido_anual,"Ministerio de Vivienda, valor tasado","INE, Atlas de distribución de renta de los hogares"
17079,2017,1459.7549467275494,1314,4,35968.0,90.0,131377.94520547945,3.6526341527324138,42.75618374558304,percentil_invertido_anual,"Ministerio de Vivienda, valor tasado","INE, Atlas de distribución de renta de los hogares"
17095,2017,1552.11993006993,858,4,25229.0,90.0,139690.79370629368,5.536913619497153,7.773851590106007,percentil_invertido_anual,"Ministerio de Vivienda, valor tasado","INE, Atlas de distribución de renta de los hogares"
17114,2017,1005.3907815631262,499,4,32806.0,90.0,90485.17034068136,2.7581896708126976,80.91872791519435,percentil_invertido_anual,"Ministerio de Vivienda, valor tasado","INE, Atlas de distribución de renta de los hogares"
17155,2017,887.3967976710335,687,4,27372.0,90.0,79865.71179039302,2.917788681513701,73.14487632508833,percentil_invertido_anual,"Ministerio de Vivienda, valor tasado","INE, Atlas de distribución de renta de los hogares"
18087,2017,1413.0771812080536,2831,4,29373.0,90.0,127176.94630872483,4.329722749079932,26.148409893992934,percentil_invertido_anual,"Ministerio de Vivienda, valor tasado","INE, Atlas de distribución de renta de los hogares"
18140,2017,947.118607068607,962,4,23766.0,90.0,85240.67463617463,3.58666475789677,45.22968197879859,percentil_invertido_anual,"Ministerio de Vivienda, valor tasado","INE, Atlas de distribución de renta de los hogares"
19130,2017,1090.126923076923,598,4,32442.0,90.0,98111.42307692308,3.024210069567939,67.84452296819788,percentil_invertido_anual,"Ministerio de Vivienda, valor tasado","INE, Atlas de distribución de renta de los hogares"
20030,2017,1593.2768115942029,69,3,35809.0,90.0,143394.91304347827,4.004437796181917,33.92226148409894,percentil_invertido_anual,"Ministerio de Vivienda, valor tasado","INE, Atlas de distribución de renta de los hogares"
20045,2017,1874.7348623853213,218,4,31875.0,90.0,168726.1376146789,5.293369023205613,10.60070671378092,percentil_invertido_anual,"Ministerio de Vivienda, valor tasado","INE, Atlas de distribución de renta de los hogares"
20067,2017,1919.055128205128,78,3,30575.0,90.0,172714.96153846153,5.648894899050254,6.713780918727915,percentil_invertido_anual,"Ministerio de Vivienda, valor tasado","INE, Atlas de distribución de renta de los hogares"
20069,2017,3376.2650393700783,635,4,42003.0,90.0,303863.85354330705,7.234336917441779,0.7067137809187279,percentil_invertido_anual,"Ministerio de Vivienda, valor tasado","INE, Atlas de distribución de renta de los hogares"
21041,2017,970.4625091174325,1371,4,26857.0,90.0,87341.62582056892,3.2520991108675177,62.19081272084806,percentil_invertido_anual,"Ministerio de Vivienda, valor tasado","INE, Atlas de distribución de renta de los hogares"
22125,2017,1012.0058823529412,510,4,31278.0,90.0,91080.5294117647,2.911967818011532,73.85159010600707,percentil_invertido_anual,"Ministerio de Vivienda, valor tasado","INE, Atlas de distribución de renta de los hogares"
23005,2017,708.1993399339934,303,4,21561.0,90.0,63737.94059405941,2.9561681088103247,71.02473498233215,percentil_invertido_anual,"Ministerio de Vivienda, valor tasado","INE, Atlas de distribución de renta de los hogares"
23050,2017,1099.996764985728,1051,4,30452.0,90.0,98999.70884871553,3.251008434543397,62.54416961130742,percentil_invertido_anual,"Ministerio de Vivienda, valor tasado","INE, Atlas de distribución de renta de los hogares"
23055,2017,765.5239543726235,526,4,25616.0,90.0,68897.15589353611,2.6896141432517218,83.39222614840989,percentil_invertido_anual,"Ministerio de Vivienda, valor tasado","INE, Atlas de distribución de renta de los hogares"
23092,2017,848.3885350318471,314,4,26067.0,90.0,76354.96815286625,2.929181269531064,72.79151943462898,percentil_invertido_anual,"Ministerio de Vivienda, valor tasado","INE, Atlas de distribución de renta de los hogares"
24089,2017,1064.5493087557604,868,4,30238.0,90.0,95809.43778801843,3.168511071764615,64.31095406360424,percentil_invertido_anual,"Ministerio de Vivienda, valor tasado","INE, Atlas de distribución de renta de los hogares"
24115,2017,749.4632911392405,553,4,26800.0,90.0,67451.69620253165,2.51685433591536,88.33922261484099,percentil_invertido_anual,"Ministerio de Vivienda, valor tasado","INE, Atlas de distribución de renta de los hogares"
24142,2017,850.3532818532818,259,4,26827.0,90.0,76531.79536679537,2.8527899268198222,76.32508833922262,percentil_invertido_anual,"Ministerio de Vivienda, valor tasado","INE, Atlas de distribución de renta de los hogares"
25120,2017,852.0376543209877,1782,4,31206.0,90.0,76683.38888888889,2.4573283627792377,91.51943462897526,percentil_invertido_anual,"Ministerio de Vivienda, valor tasado","INE, Atlas de distribución de renta de los hogares"
26089,2017,1096.7846153846153,1053,4,31406.0,90.0,98710.61538461538,3.143049588760599,65.37102473498233,percentil_invertido_anual,"Ministerio de Vivienda, valor tasado","INE, Atlas de distribución de renta de los hogares"
27028,2017,859.3048494983278,598,4,28404.0,90.0,77337.4364548495,2.722765682821064,81.97879858657244,percentil_invertido_anual,"Ministerio de Vivienda, valor tasado","INE, Atlas de distribución de renta de los hogares"
28005,2017,1364.7381818181818,1595,4,33655.0,90.0,122826.43636363637,3.649574695101363,43.109540636042404,percentil_invertido_anual,"Ministerio de Vivienda, valor tasado","INE, Atlas de distribución de renta de los hogares"
28006,2017,2440.296725146199,855,4,57678.0,90.0,219626.70526315793,3.807807227420471,39.57597173144876,percentil_invertido_anual,"Ministerio de Vivienda, valor tasado","INE, Atlas de distribución de renta de los hogares"
28007,2017,1649.4269528501054,1421,4,33100.0,90.0,148448.42575650947,4.484846699592431,22.968197879858657,percentil_invertido_anual,"Ministerio de Vivienda, valor tasado","INE, Atlas de distribución de renta de los hogares"
28013,2017,1117.1924657534246,584,4,31497.0,90.0,100547.3219178082,3.192282500486021,63.60424028268551,percentil_invertido_anual,"Ministerio de Vivienda, valor tasado","INE, Atlas de distribución de renta de los hogares"
28014,2017,1231.0204322200393,509,4,31495.0,90.0,110791.83889980354,3.5177596094555814,49.46996466431096,percentil_invertido_anual,"Ministerio de Vivienda, valor tasado","INE, Atlas de distribución de renta de los hogares"
28022,2017,2257.0846761453395,633,4,67389.0,90.0,203137.62085308056,3.0144032535440584,68.55123674911661,percentil_invertido_anual,"Ministerio de Vivienda, valor tasado","INE, Atlas de distribución de renta de los hogares"
28045,2017,1532.4849710982658,692,4,40270.0,90.0,137923.64739884392,3.4249726197875323,53.71024734982332,percentil_invertido_anual,"Ministerio de Vivienda, valor tasado","INE, Atlas de distribución de renta de los hogares"
28047,2017,1360.8008344923505,719,4,32912.0,90.0,122472.07510431155,3.7211981983565736,41.696113074204945,percentil_invertido_anual,"Ministerio de Vivienda, valor tasado","INE, Atlas de distribución de renta de los hogares"
28049,2017,1570.9324902723736,514,4,34348.0,90.0,141383.9241245136,4.1162199873213465,29.681978798586574,percentil_invertido_anual,"Ministerio de Vivienda, valor tasado","INE, Atlas de distribución de renta de los hogares"
28058,2017,1330.247579529737,1446,4,30034.0,90.0,119722.28215767634,3.9862250169033873,34.275618374558306,percentil_invertido_anual,"Ministerio de Vivienda, valor tasado","INE, Atlas de distribución de renta de los hogares"
28061,2017,1363.683406113537,458,4,38710.0,90.0,122731.50655021834,3.1705374980681564,63.957597173144876,percentil_invertido_anual,"Ministerio de Vivienda, valor tasado","INE, Atlas de distribución de renta de los hogares"
28065,2017,1465.3082972582972,1386,4,32545.0,90.0,131877.74675324676,4.052166131609979,32.15547703180212,percentil_invertido_anual,"Ministerio de Vivienda, valor tasado","INE, Atlas de distribución de renta de los hogares"
28074,2017,1502.1250218722662,1143,4,30834.0,90.0,135191.25196850396,4.384486345219691,24.381625441696112,percentil_invertido_anual,"Ministerio de Vivienda, valor tasado","INE, Atlas de distribución de renta de los hogares"
28079,2017,2739.6519241408987,32534,4,40195.0,90.0,246568.6731726809,6.134312058034106,4.240282685512367,percentil_invertido_anual,"Ministerio de Vivienda, valor tasado","INE, Atlas de distribución de renta de los hogares"
28080,2017,2633.4784702549573,706,4,61838.0,90.0,237013.06232294615,3.8328060791575753,38.51590106007067,percentil_invertido_anual,"Ministerio de Vivienda, valor tasado","INE, Atlas de distribución de renta de los hogares"
28092,2017,1321.866981769075,1481,4,30826.0,90.0,118968.02835921675,3.8593404385653916,37.80918727915194,percentil_invertido_anual,"Ministerio de Vivienda, valor tasado","INE, Atlas de distribución de renta de los hogares"
28106,2017,1042.432601463739,1503,4,27142.0,90.0,93818.93413173652,3.4565962026282704,52.65017667844523,percentil_invertido_anual,"Ministerio de Vivienda, valor tasado","INE, Atlas de distribución de renta de los hogares"
28113,2017,1438.163679245283,424,4,33342.0,90.0,129434.73113207547,3.882032605484838,36.042402826855124,percentil_invertido_anual,"Ministerio de Vivienda, valor tasado","INE, Atlas de distribución de renta de los hogares"
28115,2017,2729.9456310679616,824,4,83388.0,90.0,245695.10679611654,2.946408437618321,72.08480565371025,percentil_invertido_anual,"Ministerio de Vivienda, valor tasado","INE, Atlas de distribución de renta de los hogares"
28123,2017,1696.1621968616266,701,4,42234.0,90.0,152654.5977175464,3.6144953761790592,44.522968197879855,percentil_invertido_anual,"Ministerio de Vivienda, valor tasado","INE, Atlas de distribución de renta de los hogares"
28127,2017,2221.456154465004,1243,4,60236.0,90.0,199931.05390185036,3.3191289909995745,57.95053003533569,percentil_invertido_anual,"Ministerio de Vivienda, valor tasado","INE, Atlas de distribución de renta de los hogares"
28130,2017,1596.4136363636362,242,4,32768.0,90.0,143677.22727272726,4.384681008078835,24.02826855123675,percentil_invertido_anual,"Ministerio de Vivienda, valor tasado","INE, Atlas de distribución de renta de los hogares"
28134,2017,1931.8590021691973,922,4,40526.0,90.0,173867.31019522776,4.29026576013492,27.208480565371026,percentil_invertido_anual,"Ministerio de Vivienda, valor tasado","INE, Atlas de distribución de renta de los hogares"
28148,2017,1334.7126945126947,1221,4,32266.0,90.0,120124.14250614253,3.722932576276654,41.342756183745585,percentil_invertido_anual,"Ministerio de Vivienda, valor tasado","INE, Atlas de distribución de renta de los hogares"
28161,2017,1282.2606459330143,836,4,34829.0,90.0,115403.45813397129,3.3134301339105714,58.303886925795055,percentil_invertido_anual,"Ministerio de Vivienda, valor tasado","INE, Atlas de distribución de renta de los hogares"
28181,2017,1830.500534759358,374,4,53347.0,90.0,164745.04812834223,3.088178306715321,65.7243816254417,percentil_invertido_anual,"Ministerio de Vivienda, valor tasado","INE, Atlas de distribución de renta de los hogares"
28903,2017,2187.267509025271,277,4,51944.0,90.0,196854.0758122744,3.789736558837871,39.92932862190813,percentil_invertido_anual,"Ministerio de Vivienda, valor tasado","INE, Atlas de distribución de renta de los hogares"
29007,2017,1329.0504132231406,484,4,30293.0,90.0,119614.53719008266,3.9485867094735636,34.98233215547703,percentil_invertido_anual,"Ministerio de Vivienda, valor tasado","INE, Atlas de distribución de renta de los hogares"
29015,2017,938.1733333333333,300,4,25708.0,90.0,84435.59999999999,3.28440952232768,61.130742049469966,percentil_invertido_anual,"Ministerio de Vivienda, valor tasado","INE, Atlas de distribución de renta de los hogares"
29025,2017,1649.082536231884,1380,4,24329.0,90.0,148417.42826086955,6.100432745319148,4.593639575971731,percentil_invertido_anual,"Ministerio de Vivienda, valor tasado","INE, Atlas de distribución de renta de los hogares"
29051,2017,1448.645490981964,1497,4,23760.0,90.0,130378.09418837677,5.487293526446834,8.12720848056537,percentil_invertido_anual,"Ministerio de Vivienda, valor tasado","INE, Atlas de distribución de renta de los hogares"
29054,2017,1720.831878557875,1054,4,22523.0,90.0,154874.86907020875,6.876298409190993,1.7667844522968197,percentil_invertido_anual,"Ministerio de Vivienda, valor tasado","INE, Atlas de distribución de renta de los hogares"
29067,2017,1375.7476347634763,5454,4,27525.0,90.0,123817.28712871287,4.498357388872402,22.614840989399294,percentil_invertido_anual,"Ministerio de Vivienda, valor tasado","INE, Atlas de distribución de renta de los hogares"
29069,2017,2184.854272337105,2563,4,26120.0,90.0,196636.88451033947,7.528211504990026,0.0,percentil_invertido_anual,"Ministerio de Vivienda, valor tasado","INE, Atlas de distribución de renta de los hogares"
29070,2017,1434.7445111960678,1831,4,21578.0,90.0,129127.00600764611,5.98419714559487,4.946996466431095,percentil_invertido_anual,"Ministerio de Vivienda, valor tasado","INE, Atlas de distribución de renta de los hogares"
29082,2017,1473.689825970549,747,4,30007.0,90.0,132632.0843373494,4.420038135679988,23.674911660777386,percentil_invertido_anual,"Ministerio de Vivienda, valor tasado","INE, Atlas de distribución de renta de los hogares"
29084,2017,1051.9725806451613,372,4,25258.0,90.0,94677.53225806452,3.748417620479235,40.98939929328622,percentil_invertido_anual,"Ministerio de Vivienda, valor tasado","INE, Atlas de distribución de renta de los hogares"
29094,2017,1231.57,1000,4,23083.0,90.0,110841.29999999999,4.8018585105922105,16.96113074204947,percentil_invertido_anual,"Ministerio de Vivienda, valor tasado","INE, Atlas de distribución de renta de los hogares"
29901,2017,1502.2937557392102,1089,4,24171.0,90.0,135206.4380165289,5.593746142754909,7.420494699646643,percentil_invertido_anual,"Ministerio de Vivienda, valor tasado","INE, Atlas de distribución de renta de los hogares"
30003,2017,869.6881431767338,894,4,24222.0,90.0,78271.93288590603,3.231439719507309,63.25088339222615,percentil_invertido_anual,"Ministerio de Vivienda, valor tasado","INE, Atlas de distribución de renta de los hogares"
30005,2017,715.8331196581197,468,4,25321.0,90.0,64424.98076923077,2.5443300331436665,87.27915194346289,percentil_invertido_anual,"Ministerio de Vivienda, valor tasado","INE, Atlas de distribución de renta de los hogares"
30015,2017,637.1889908256879,218,4,24568.0,90.0,57347.00917431191,2.3342156127609863,94.69964664310955,percentil_invertido_anual,"Ministerio de Vivienda, valor tasado","INE, Atlas de distribución de renta de los hogares"
30016,2017,915.4492103374013,2786,4,28835.0,90.0,82390.42893036612,2.857306361379092,75.97173144876325,percentil_invertido_anual,"Ministerio de Vivienda, valor tasado","INE, Atlas de distribución de renta de los hogares"
30019,2017,761.0201183431952,338,4,25350.0,90.0,68491.81065088756,2.7018465739995094,82.68551236749117,percentil_invertido_anual,"Ministerio de Vivienda, valor tasado","INE, Atlas de distribución de renta de los hogares"
30022,2017,606.1795918367346,343,4,23512.0,90.0,54556.16326530612,2.320354000736055,95.40636042402826,percentil_invertido_anual,"Ministerio de Vivienda, valor tasado","INE, Atlas de distribución de renta de los hogares"
30024,2017,741.6176049129989,977,4,27149.0,90.0,66745.5844421699,2.458491452435445,91.1660777385159,percentil_invertido_anual,"Ministerio de Vivienda, valor tasado","INE, Atlas de distribución de renta de los hogares"
30026,2017,932.1379746835443,711,4,21195.0,90.0,83892.41772151898,3.9581230347496574,34.628975265017665,percentil_invertido_anual,"Ministerio de Vivienda, valor tasado","INE, Atlas de distribución de renta de los hogares"
30027,2017,818.4284995808885,1193,4,30226.0,90.0,73658.56496227995,2.436927312984846,92.226148409894,percentil_invertido_anual,"Ministerio de Vivienda, valor tasado","INE, Atlas de distribución de renta de los hogares"
30030,2017,936.9225883558134,5857,4,30582.0,90.0,84323.0329520232,2.757276599045949,81.2720848056537,percentil_invertido_anual,"Ministerio de Vivienda, valor tasado","INE, Atlas de distribución de renta de los hogares"
30035,2017,1087.689256198347,968,4,26969.0,90.0,97892.03305785124,3.6297984003059525,44.169611307420496,percentil_invertido_anual,"Ministerio de Vivienda, valor tasado","INE, Atlas de distribución de renta de los hogares"
30037,2017,809.1325688073395,872,4,25423.0,90.0,72821.93119266054,2.8644114067049737,75.61837455830388,percentil_invertido_anual,"Ministerio de Vivienda, valor tasado","INE, Atlas de distribución de renta de los hogares"
30039,2017,689.9028753993609,313,4,25675.0,90.0,62091.25878594248,2.4183547725780907,92.93286219081273,percentil_invertido_anual,"Ministerio de Vivienda, valor tasado","INE, Atlas de distribución de renta de los hogares"
30043,2017,643.8205405405406,370,4,23608.0,90.0,57943.84864864865,2.4544158187329996,91.87279151943463,percentil_invertido_anual,"Ministerio de Vivienda, valor tasado","INE, Atlas de distribución de renta de los hogares"
31201,2017,1623.7131057268723,908,4,33883.0,90.0,146134.1795154185,4.312905572570862,26.85512367491166,percentil_invertido_anual,"Ministerio de Vivienda, valor tasado","INE, Atlas de distribución de renta de los hogares"
31232,2017,900.2569620253164,237,4,29866.0,90.0,81023.12658227848,2.7128884545060763,82.3321554770318,percentil_invertido_anual,"Ministerio de Vivienda, valor tasado","INE, Atlas de distribución de renta de los hogares"
32054,2017,1076.8851376146788,545,4,28038.0,90.0,96919.66238532109,3.456725243787756,51.9434628975265,percentil_invertido_anual,"Ministerio de Vivienda, valor tasado","INE, Atlas de distribución de renta de los hogares"
33004,2017,1123.2903914590747,562,4,28592.0,90.0,101096.13523131673,3.5358189434567966,48.0565371024735,percentil_invertido_anual,"Ministerio de Vivienda, valor tasado","INE, Atlas de distribución de renta de los hogares"
33024,2017,1337.112892135797,2327,4,29306.0,90.0,120340.16029222173,4.106331819157228,30.035335689045937,percentil_invertido_anual,"Ministerio de Vivienda, valor tasado","INE, Atlas de distribución de renta de los hogares"
33031,2017,781.0518939393938,264,4,26210.0,90.0,70294.67045454544,2.681979032985328,84.45229681978799,percentil_invertido_anual,"Ministerio de Vivienda, valor tasado","INE, Atlas de distribución de renta de los hogares"
33037,2017,786.6617486338798,183,4,26603.0,90.0,70799.55737704919,2.6613373445494566,85.51236749116607,percentil_invertido_anual,"Ministerio de Vivienda, valor tasado","INE, Atlas de distribución de renta de los hogares"
33044,2017,1282.37034820457,1838,4,31951.0,90.0,115413.3313384113,3.612197782179315,44.87632508833922,percentil_invertido_anual,"Ministerio de Vivienda, valor tasado","INE, Atlas de distribución de renta de los hogares"
33066,2017,1019.3225263157893,475,4,30300.0,90.0,91739.02736842104,3.0276906722251167,67.13780918727915,percentil_invertido_anual,"Ministerio de Vivienda, valor tasado","INE, Atlas de distribución de renta de los hogares"
34120,2017,1069.9328333333333,600,4,29581.0,90.0,96293.955,3.2552636827693453,61.83745583038869,percentil_invertido_anual,"Ministerio de Vivienda, valor tasado","INE, Atlas de distribución de renta de los hogares"
35002,2017,1038.6806250000002,320,4,27464.0,90.0,93481.25625000002,3.4037742590300035,55.12367491166078,percentil_invertido_anual,"Ministerio de Vivienda, valor tasado","INE, Atlas de distribución de renta de los hogares"
35004,2017,991.9696473551637,794,4,26992.0,90.0,89277.26826196474,3.3075455046667432,59.36395759717315,percentil_invertido_anual,"Ministerio de Vivienda, valor tasado","INE, Atlas de distribución de renta de los hogares"
35006,2017,940.9909574468085,376,4,28708.0,90.0,84689.18617021276,2.950020418357697,71.73144876325088,percentil_invertido_anual,"Ministerio de Vivienda, valor tasado","INE, Atlas de distribución de renta de los hogares"
35011,2017,845.2683453237412,278,4,27007.0,90.0,76074.1510791367,2.816830861596501,78.4452296819788,percentil_invertido_anual,"Ministerio de Vivienda, valor tasado","INE, Atlas de distribución de renta de los hogares"
35016,2017,1417.206208,3125,4,31172.0,90.0,127548.55872,4.091766929295521,31.09540636042403,percentil_invertido_anual,"Ministerio de Vivienda, valor tasado","INE, Atlas de distribución de renta de los hogares"
35017,2017,921.3216666666666,720,4,28654.0,90.0,82918.95,2.893800167515879,74.20494699646643,percentil_invertido_anual,"Ministerio de Vivienda, valor tasado","INE, Atlas de distribución de renta de los hogares"
35019,2017,1771.1714285714286,525,4,25879.0,90.0,159405.42857142858,6.159644057785409,3.8869257950530036,percentil_invertido_anual,"Ministerio de Vivienda, valor tasado","INE, Atlas de distribución de renta de los hogares"
35022,2017,931.477777777778,792,4,25164.0,90.0,83833.00000000001,3.331465585757432,57.59717314487632,percentil_invertido_anual,"Ministerio de Vivienda, valor tasado","INE, Atlas de distribución de renta de los hogares"
35026,2017,1021.078349120433,739,4,26858.0,90.0,91897.05142083896,3.4215895234507023,54.063604240282686,percentil_invertido_anual,"Ministerio de Vivienda, valor tasado","INE, Atlas de distribución de renta de los hogares"
36026,2017,833.7024844720497,161,4,25520.0,90.0,75033.22360248448,2.940173338655348,72.43816254416961,percentil_invertido_anual,"Ministerio de Vivienda, valor tasado","INE, Atlas de distribución de renta de los hogares"
36038,2017,1042.1119868637109,609,4,29618.0,90.0,93790.07881773397,3.166658073392328,64.66431095406361,percentil_invertido_anual,"Ministerio de Vivienda, valor tasado","INE, Atlas de distribución de renta de los hogares"
36045,2017,904.8902564102565,195,4,30148.0,90.0,81440.12307692309,2.7013441381492336,83.03886925795052,percentil_invertido_anual,"Ministerio de Vivienda, valor tasado","INE, Atlas de distribución de renta de los hogares"
36057,2017,1353.7363515901059,2264,4,31827.0,90.0,121836.27164310953,3.8280790411634626,38.869257950530034,percentil_invertido_anual,"Ministerio de Vivienda, valor tasado","INE, Atlas de distribución de renta de los hogares"
36060,2017,865.9708683473389,357,4,25758.0,90.0,77937.37815126049,3.025754256978822,67.49116607773851,percentil_invertido_anual,"Ministerio de Vivienda, valor tasado","INE, Atlas de distribución de renta de los hogares"
37274,2017,1497.6866952789699,1165,4,27811.0,90.0,134791.8025751073,4.846708229661187,15.547703180212014,percentil_invertido_anual,"Ministerio de Vivienda, valor tasado","INE, Atlas de distribución de renta de los hogares"
38001,2017,1717.6302538071063,985,4,23721.0,90.0,154586.72284263957,6.516872089820816,2.4734982332155475,percentil_invertido_anual,"Ministerio de Vivienda, valor tasado","INE, Atlas de distribución de renta de los hogares"
38006,2017,1398.1947643979058,1146,4,21616.0,90.0,125837.52879581152,5.821499296623405,6.007067137809187,percentil_invertido_anual,"Ministerio de Vivienda, valor tasado","INE, Atlas de distribución de renta de los hogares"
38017,2017,1099.538367346939,980,4,24349.0,90.0,98958.4530612245,4.064169085433673,31.448763250883392,percentil_invertido_anual,"Ministerio de Vivienda, valor tasado","INE, Atlas de distribución de renta de los hogares"
38023,2017,1034.4426412092282,1257,4,28379.0,90.0,93099.83770883054,3.280589087312116,61.48409893992933,percentil_invertido_anual,"Ministerio de Vivienda, valor tasado","INE, Atlas de distribución de renta de los hogares"
38026,2017,957.168,250,4,26042.0,90.0,86145.12,3.3079302664925887,58.657243816254415,percentil_invertido_anual,"Ministerio de Vivienda, valor tasado","INE, Atlas de distribución de renta de los hogares"
38028,2017,1485.2298412698412,315,4,25130.0,90.0,133670.6857142857,5.319167756238985,10.247349823321555,percentil_invertido_anual,"Ministerio de Vivienda, valor tasado","INE, Atlas de distribución de renta de los hogares"
38031,2017,960.9886877828054,221,4,24421.0,90.0,86488.98190045249,3.541582322609741,46.996466431095406,percentil_invertido_anual,"Ministerio de Vivienda, valor tasado","INE, Atlas de distribución de renta de los hogares"
38038,2017,1179.2767731456418,1847,4,29164.0,90.0,106134.90958310776,3.6392439165789248,43.46289752650177,percentil_invertido_anual,"Ministerio de Vivienda, valor tasado","INE, Atlas de distribución de renta de los hogares"
39016,2017,1210.1384615384613,221,4,30754.0,90.0,108912.46153846152,3.541407996958494,47.34982332155477,percentil_invertido_anual,"Ministerio de Vivienda, valor tasado","INE, Atlas de distribución de renta de los hogares"
39020,2017,1632.7898823529413,425,4,29113.0,90.0,146951.08941176473,5.047610669177506,12.720848056537102,percentil_invertido_anual,"Ministerio de Vivienda, valor tasado","INE, Atlas de distribución de renta de los hogares"
39075,2017,1629.5023241206031,1592,4,32102.0,90.0,146655.20917085427,4.568413468657849,20.848056537102472,percentil_invertido_anual,"Ministerio de Vivienda, valor tasado","INE, Atlas de distribución de renta de los hogares"
39087,2017,966.5074829931974,441,4,26446.0,90.0,86985.67346938777,3.2891807256064345,60.7773851590106,percentil_invertido_anual,"Ministerio de Vivienda, valor tasado","INE, Atlas de distribución de renta de los hogares"
40194,2017,1327.3285012285012,407,4,30781.0,90.0,119459.5651105651,3.8809514021820313,36.39575971731449,percentil_invertido_anual,"Ministerio de Vivienda, valor tasado","INE, Atlas de distribución de renta de los hogares"
41004,2017,1000.0366071428572,896,4,25450.0,90.0,90003.29464285714,3.53647523154645,47.70318021201413,percentil_invertido_anual,"Ministerio de Vivienda, valor tasado","INE, Atlas de distribución de renta de los hogares"
41021,2017,967.12078313253,332,4,22846.0,90.0,87040.8704819277,3.80989540759554,39.2226148409894,percentil_invertido_anual,"Ministerio de Vivienda, valor tasado","INE, Atlas de distribución de renta de los hogares"
41024,2017,1026.8572327044023,318,4,23012.0,90.0,92417.1509433962,4.016041671449513,33.21554770318021,percentil_invertido_anual,"Ministerio de Vivienda, valor tasado","INE, Atlas de distribución de renta de los hogares"
41034,2017,905.5916666666667,300,4,21905.0,90.0,81503.25,3.720760100433691,42.04946996466431,percentil_invertido_anual,"Ministerio de Vivienda, valor tasado","INE, Atlas de distribución de renta de los hogares"
41038,2017,1095.1398249452955,1371,4,28178.0,90.0,98562.58424507659,3.4978559246602523,49.82332155477032,percentil_invertido_anual,"Ministerio de Vivienda, valor tasado","INE, Atlas de distribución de renta de los hogares"
41039,2017,842.6091304347826,230,4,22230.0,90.0,75834.82173913044,3.4113729977116707,54.77031802120141,percentil_invertido_anual,"Ministerio de Vivienda, valor tasado","INE, Atlas de distribución de renta de los hogares"
41059,2017,1280.02125,560,4,33906.0,90.0,115201.9125,3.3976851442222618,56.18374558303887,percentil_invertido_anual,"Ministerio de Vivienda, valor tasado","INE, Atlas de distribución de renta de los hogares"
41065,2017,839.8743750000001,160,4,22967.0,90.0,75588.69375,3.291187083641747,60.42402826855124,percentil_invertido_anual,"Ministerio de Vivienda, valor tasado","INE, Atlas de distribución de renta de los hogares"
41069,2017,896.5168421052631,285,4,20889.0,90.0,80686.51578947368,3.8626318057098796,37.45583038869258,percentil_invertido_anual,"Ministerio de Vivienda, valor tasado","INE, Atlas de distribución de renta de los hogares"
41081,2017,1024.0631178707224,263,4,23990.0,90.0,92165.68060836502,3.841837457622552,38.16254416961131,percentil_invertido_anual,"Ministerio de Vivienda, valor tasado","INE, Atlas de distribución de renta de los hogares"
41091,2017,1503.7157328805886,7068,4,29911.0,90.0,135334.41595925298,4.524570089908495,21.908127208480565,percentil_invertido_anual,"Ministerio de Vivienda, valor tasado","INE, Atlas de distribución de renta de los hogares"
41095,2017,872.2055737704918,610,4,23081.0,90.0,78498.50163934426,3.401000894213607,55.477031802120145,percentil_invertido_anual,"Ministerio de Vivienda, valor tasado","INE, Atlas de distribución de renta de los hogares"
42173,2017,1049.1083969465649,262,4,31546.0,90.0,94419.75572519084,2.9930817132185012,68.90459363957598,percentil_invertido_anual,"Ministerio de Vivienda, valor tasado","INE, Atlas de distribución de renta de los hogares"
43038,2017,1555.8166467065869,835,4,30610.0,90.0,140023.4982035928,4.5744363999866975,20.49469964664311,percentil_invertido_anual,"Ministerio de Vivienda, valor tasado","INE, Atlas de distribución de renta de los hogares"
43123,2017,935.1859323158593,1507,4,30179.0,90.0,84166.73390842734,2.7889172573122814,79.50530035335689,percentil_invertido_anual,"Ministerio de Vivienda, valor tasado","INE, Atlas de distribución de renta de los hogares"
43148,2017,1068.5240740740742,1836,4,33548.0,90.0,96167.16666666667,2.866554389730138,75.26501766784452,percentil_invertido_anual,"Ministerio de Vivienda, valor tasado","INE, Atlas de distribución de renta de los hogares"
43155,2017,698.199043062201,418,4,29848.0,90.0,62837.91387559809,2.1052637991020533,99.64664310954063,percentil_invertido_anual,"Ministerio de Vivienda, valor tasado","INE, Atlas de distribución de renta de los hogares"
43163,2017,1130.9385300668152,898,4,27364.0,90.0,101784.46770601337,3.7196487248214214,42.40282685512368,percentil_invertido_anual,"Ministerio de Vivienda, valor tasado","INE, Atlas de distribución de renta de los hogares"
44216,2017,972.486690647482,278,4,32546.0,90.0,87523.80215827338,2.689233766308406,83.74558303886926,percentil_invertido_anual,"Ministerio de Vivienda, valor tasado","INE, Atlas de distribución de renta de los hogares"
45165,2017,656.9159229208926,986,4,24565.0,90.0,59122.43306288034,2.406775211189918,93.28621908127208,percentil_invertido_anual,"Ministerio de Vivienda, valor tasado","INE, Atlas de distribución de renta de los hogares"
45168,2017,1200.3009681881053,723,4,35772.0,90.0,108027.08713692948,3.0198783164746024,68.19787985865725,percentil_invertido_anual,"Ministerio de Vivienda, valor tasado","INE, Atlas de distribución de renta de los hogares"
46005,2017,724.7304932735426,223,4,24507.0,90.0,65225.744394618836,2.6615148485991282,85.15901060070671,percentil_invertido_anual,"Ministerio de Vivienda, valor tasado","INE, Atlas de distribución de renta de los hogares"
46017,2017,662.9273267326732,505,4,27327.0,90.0,59663.45940594059,2.183315380610407,97.17314487632508,percentil_invertido_anual,"Ministerio de Vivienda, valor tasado","INE, Atlas de distribución de renta de los hogares"
46021,2017,840.3214285714286,308,4,25338.0,90.0,75628.92857142857,2.984802611549,69.25795053003533,percentil_invertido_anual,"Ministerio de Vivienda, valor tasado","INE, Atlas de distribución de renta de los hogares"
46029,2017,651.2632124352331,386,4,25776.0,90.0,58613.68911917097,2.273963730569948,96.46643109540636,percentil_invertido_anual,"Ministerio de Vivienda, valor tasado","INE, Atlas de distribución de renta de los hogares"
46078,2017,727.611055276382,398,4,24419.0,90.0,65484.99497487438,2.681723042502739,84.80565371024736,percentil_invertido_anual,"Ministerio de Vivienda, valor tasado","INE, Atlas de distribución de renta de los hogares"
46102,2017,740.3283132530121,166,4,25039.0,90.0,66629.5481927711,2.6610307197879743,85.86572438162544,percentil_invertido_anual,"Ministerio de Vivienda, valor tasado","INE, Atlas de distribución de renta de los hogares"
46110,2017,622.241304347826,368,4,24474.0,90.0,56001.717391304344,2.288212690663739,96.113074204947,percentil_invertido_anual,"Ministerio de Vivienda, valor tasado","INE, Atlas de distribución de renta de los hogares"
46131,2017,780.6352439969015,1291,4,25307.0,90.0,70257.17195972113,2.7761952013166766,80.21201413427562,percentil_invertido_anual,"Ministerio de Vivienda, valor tasado","INE, Atlas de distribución de renta de los hogares"
46145,2017,697.276306620209,287,4,26782.0,90.0,62754.86759581881,2.3431733102762604,94.34628975265018,percentil_invertido_anual,"Ministerio de Vivienda, valor tasado","INE, Atlas de distribución de renta de los hogares"
46159,2017,765.3724550898204,334,4,25155.0,90.0,68883.52095808384,2.738362987799,81.62544169611307,percentil_invertido_anual,"Ministerio de Vivienda, valor tasado","INE, Atlas de distribución de renta de los hogares"
46169,2017,867.2779043280182,439,4,26335.0,90.0,78055.01138952163,2.9639267662624507,70.6713780918728,percentil_invertido_anual,"Ministerio de Vivienda, valor tasado","INE, Atlas de distribución de renta de los hogares"
46181,2017,798.6017621145373,454,4,24089.0,90.0,71874.15859030836,2.983692083121274,69.6113074204947,percentil_invertido_anual,"Ministerio de Vivienda, valor tasado","INE, Atlas de distribución de renta de los hogares"
46184,2017,575.5338164251208,414,4,25570.0,90.0,51798.04347826087,2.0257349815510706,100.0,percentil_invertido_anual,"Ministerio de Vivienda, valor tasado","INE, Atlas de distribución de renta de los hogares"
46190,2017,935.0589361702126,940,4,29538.0,90.0,84155.30425531913,2.849052212584438,76.67844522968198,percentil_invertido_anual,"Ministerio de Vivienda, valor tasado","INE, Atlas de distribución de renta de los hogares"
46220,2017,764.0623574144486,789,4,27756.0,90.0,68765.61216730037,2.4775044014735683,89.39929328621908,percentil_invertido_anual,"Ministerio de Vivienda, valor tasado","INE, Atlas de distribución de renta de los hogares"
46235,2017,852.1724390243903,410,4,25794.0,90.0,76695.51951219513,2.9733860398617944,69.96466431095406,percentil_invertido_anual,"Ministerio de Vivienda, valor tasado","INE, Atlas de distribución de renta de los hogares"
46244,2017,761.1424015009381,1066,4,26951.0,90.0,68502.81613508443,2.5417541514260855,87.98586572438163,percentil_invertido_anual,"Ministerio de Vivienda, valor tasado","INE, Atlas de distribución de renta de los hogares"
46250,2017,1150.594108618654,8470,4,31456.0,90.0,103553.46977567885,3.292010102227837,60.07067137809187,percentil_invertido_anual,"Ministerio de Vivienda, valor tasado","INE, Atlas de distribución de renta de los hogares"
47186,2017,1199.4943441064638,2104,4,31453.0,90.0,107954.49096958175,3.4322478291285967,53.35689045936396,percentil_invertido_anual,"Ministerio de Vivienda, valor tasado","INE, Atlas de distribución de renta de los hogares"
48013,2017,1816.5645000000002,400,4,30556.0,90.0,163490.80500000002,5.350530337740543,8.8339222614841,percentil_invertido_anual,"Ministerio de Vivienda, valor tasado","INE, Atlas de distribución de renta de los hogares"
48015,2017,1853.6036363636363,110,4,29654.0,90.0,166824.32727272727,5.6256939122117515,7.067137809187279,percentil_invertido_anual,"Ministerio de Vivienda, valor tasado","INE, Atlas de distribución de renta de los hogares"
48020,2017,2284.7257420091323,1752,4,35329.0,90.0,205625.31678082192,5.820298247355485,6.360424028268551,percentil_invertido_anual,"Ministerio de Vivienda, valor tasado","INE, Atlas de distribución de renta de los hogares"
48027,2017,2007.1210084033612,119,3,39481.0,90.0,180640.8907563025,4.575387927263811,20.141342756183747,percentil_invertido_anual,"Ministerio de Vivienda, valor tasado","INE, Atlas de distribución de renta de los hogares"
48036,2017,1936.3353982300885,113,4,36546.0,90.0,174270.18584070797,4.768516002865101,17.314487632508833,percentil_invertido_anual,"Ministerio de Vivienda, valor tasado","INE, Atlas de distribución de renta de los hogares"
48044,2017,2780.6834254143646,362,4,52589.0,90.0,250261.50828729282,4.758818541658766,17.6678445229682,percentil_invertido_anual,"Ministerio de Vivienda, valor tasado","INE, Atlas de distribución de renta de los hogares"
48054,2017,2270.9785185185183,135,4,38381.0,90.0,204388.06666666665,5.325240787542447,9.540636042402827,percentil_invertido_anual,"Ministerio de Vivienda, valor tasado","INE, Atlas de distribución de renta de los hogares"
48078,2017,2053.988275862069,145,4,31584.0,90.0,184858.94482758618,5.852930117388113,5.30035335689046,percentil_invertido_anual,"Ministerio de Vivienda, valor tasado","INE, Atlas de distribución de renta de los hogares"
48082,2017,1979.9551515151513,165,4,30572.0,90.0,178195.96363636362,5.8287309837878984,5.6537102473498235,percentil_invertido_anual,"Ministerio de Vivienda, valor tasado","INE, Atlas de distribución de renta de los hogares"
48084,2017,1543.1398437500002,128,4,27377.0,90.0,138882.58593750003,5.0729658449611,12.014134275618375,percentil_invertido_anual,"Ministerio de Vivienda, valor tasado","INE, Atlas de distribución de renta de los hogares"
49275,2017,1008.0620087336245,458,4,26954.0,90.0,90725.5807860262,3.365941262373904,56.890459363957596,percentil_invertido_anual,"Ministerio de Vivienda, valor tasado","INE, Atlas de distribución de renta de los hogares"
50297,2017,1233.1319220549158,5645,4,32455.0,90.0,110981.87298494243,3.419561638728776,54.41696113074205,percentil_invertido_anual,"Ministerio de Vivienda, valor tasado","INE, Atlas de distribución de renta de los hogares"
51001,2017,1784.859071729958,474,4,35274.0,90.0,160637.31645569621,4.553986405162335,21.20141342756184,percentil_invertido_anual,"Ministerio de Vivienda, valor tasado","INE, Atlas de distribución de renta de los hogares"
52001,2017,1550.8229850746268,335,4,36128.0,90.0,139574.0686567164,3.8633212094972436,37.102473498233216,percentil_invertido_anual,"Ministerio de Vivienda, valor tasado","INE, Atlas de distribución de renta de los hogares"
01059,2018,1981.6751243781096,804,4,34645.0,90.0,178350.76119402985,5.147950965334965,13.42756183745583,percentil_invertido_anual,"Ministerio de Vivienda, valor tasado","INE, Atlas de distribución de renta de los hogares"
02003,2018,1120.4408532643824,1547,4,31209.0,90.0,100839.67679379442,3.2311088722418027,62.19081272084806,percentil_invertido_anual,"Ministerio de Vivienda, valor tasado","INE, Atlas de distribución de renta de los hogares"
02009,2018,686.6266666666668,195,4,26559.0,90.0,61796.40000000001,2.326759290635943,93.28621908127208,percentil_invertido_anual,"Ministerio de Vivienda, valor tasado","INE, Atlas de distribución de renta de los hogares"
02037,2018,624.4733668341709,199,4,22918.0,90.0,56202.60301507538,2.4523345411936197,89.75265017667844,percentil_invertido_anual,"Ministerio de Vivienda, valor tasado","INE, Atlas de distribución de renta de los hogares"
02081,2018,579.1479768786127,173,4,26048.0,90.0,52123.31791907514,2.001048753035747,99.64664310954063,percentil_invertido_anual,"Ministerio de Vivienda, valor tasado","INE, Atlas de distribución de renta de los hogares"
03009,2018,619.6087954110899,523,4,26345.0,90.0,55764.79158699809,2.1167125293982956,97.87985865724382,percentil_invertido_anual,"Ministerio de Vivienda, valor tasado","INE, Atlas de distribución de renta de los hogares"
03014,2018,1120.392364208869,3811,4,28509.0,90.0,100835.31277879821,3.5369642140656707,48.0565371024735,percentil_invertido_anual,"Ministerio de Vivienda, valor tasado","INE, Atlas de distribución de renta de los hogares"
03031,2018,1824.5258823529412,850,4,23763.0,90.0,164207.32941176472,6.910210386389123,2.1201413427561837,percentil_invertido_anual,"Ministerio de Vivienda, valor tasado","INE, Atlas de distribución de renta de los hogares"
03047,2018,1584.0885085574573,409,4,23549.0,90.0,142567.96577017117,6.054098508224178,5.6537102473498235,percentil_invertido_anual,"Ministerio de Vivienda, valor tasado","INE, Atlas de distribución de renta de los hogares"
03059,2018,637.741,200,4,23044.0,90.0,57396.69,2.490743360527686,88.33922261484099,percentil_invertido_anual,"Ministerio de Vivienda, valor tasado","INE, Atlas de distribución de renta de los hogares"
03063,2018,1486.976530612245,784,4,25845.0,90.0,133827.88775510204,5.178095869804683,12.720848056537102,percentil_invertido_anual,"Ministerio de Vivienda, valor tasado","INE, Atlas de distribución de renta de los hogares"
03065,2018,861.8216624685139,1985,4,25298.0,90.0,77563.94962216624,3.066011132190934,67.13780918727915,percentil_invertido_anual,"Ministerio de Vivienda, valor tasado","INE, Atlas de distribución de renta de los hogares"
03066,2018,546.0489919354839,496,4,22920.0,90.0,49144.409274193546,2.1441714343016383,97.52650176678445,percentil_invertido_anual,"Ministerio de Vivienda, valor tasado","INE, Atlas de distribución de renta de los hogares"
03082,2018,1705.430632411067,506,4,24277.0,90.0,153488.75691699603,6.322393908514068,3.8869257950530036,percentil_invertido_anual,"Ministerio de Vivienda, valor tasado","INE, Atlas de distribución de renta de los hogares"
03093,2018,634.4885462555065,227,4,26278.0,90.0,57103.96916299559,2.1730713586648753,96.81978798586573,percentil_invertido_anual,"Ministerio de Vivienda, valor tasado","INE, Atlas de distribución de renta de los hogares"
03099,2018,1111.3675852066715,1379,4,23329.0,90.0,100023.08266860043,4.287499792901557,28.62190812720848,percentil_invertido_anual,"Ministerio de Vivienda, valor tasado","INE, Atlas de distribución de renta de los hogares"
03104,2018,586.4278969957082,233,4,23917.0,90.0,52778.51072961374,2.206736243241784,95.75971731448763,percentil_invertido_anual,"Ministerio de Vivienda, valor tasado","INE, Atlas de distribución de renta de los hogares"
03121,2018,1301.634426229508,732,4,23450.0,90.0,117147.09836065573,4.995611870390436,15.901060070671377,percentil_invertido_anual,"Ministerio de Vivienda, valor tasado","INE, Atlas de distribución de renta de los hogares"
03122,2018,968.7850746268656,536,4,28620.0,90.0,87190.6567164179,3.046493945367502,67.84452296819788,percentil_invertido_anual,"Ministerio de Vivienda, valor tasado","INE, Atlas de distribución de renta de los hogares"
03133,2018,1137.7505875769448,1787,4,19202.0,90.0,102397.55288192503,5.332650394850798,11.66077738515901,percentil_invertido_anual,"Ministerio de Vivienda, valor tasado","INE, Atlas de distribución de renta de los hogares"
03139,2018,1246.4447916666666,480,4,25296.0,90.0,112180.03124999999,4.434694467504743,24.381625441696112,percentil_invertido_anual,"Ministerio de Vivienda, valor tasado","INE, Atlas de distribución de renta de los hogares"
03140,2018,575.3827160493827,324,4,24554.0,90.0,51784.44444444444,2.109002380241282,98.58657243816255,percentil_invertido_anual,"Ministerio de Vivienda, valor tasado","INE, Atlas de distribución de renta de los hogares"
04013,2018,1107.2032685146876,2417,4,28453.0,90.0,99648.29416632188,3.502206943602498,51.236749116607776,percentil_invertido_anual,"Ministerio de Vivienda, valor tasado","INE, Atlas de distribución de renta de los hogares"
04079,2018,979.2033535165348,2147,4,25369.0,90.0,88128.30181648814,3.4738579296183585,52.65017667844523,percentil_invertido_anual,"Ministerio de Vivienda, valor tasado","INE, Atlas de distribución de renta de los hogares"
04902,2018,889.8816750629722,1588,4,23527.0,90.0,80089.3507556675,3.4041463321149106,54.77031802120141,percentil_invertido_anual,"Ministerio de Vivienda, valor tasado","INE, Atlas de distribución de renta de los hogares"
05019,2018,948.7253496503495,572,4,29282.0,90.0,85385.28146853145,2.91596480665704,73.4982332155477,percentil_invertido_anual,"Ministerio de Vivienda, valor tasado","INE, Atlas de distribución de renta de los hogares"
06011,2018,723.9102564102564,312,4,22876.0,90.0,65151.92307692307,2.8480469958438133,77.03180212014134,percentil_invertido_anual,"Ministerio de Vivienda, valor tasado","INE, Atlas de distribución de renta de los hogares"
06015,2018,1117.6905144694533,1244,4,29633.0,90.0,100592.1463022508,3.394598802087227,55.477031802120145,percentil_invertido_anual,"Ministerio de Vivienda, valor tasado","INE, Atlas de distribución de renta de los hogares"
06044,2018,819.650612244898,245,4,25731.0,90.0,73768.55510204082,2.866913648985302,75.61837455830388,percentil_invertido_anual,"Ministerio de Vivienda, valor tasado","INE, Atlas de distribución de renta de los hogares"
06083,2018,794.8913502109705,474,4,27442.0,90.0,71540.22151898734,2.6069609182635136,84.80565371024736,percentil_invertido_anual,"Ministerio de Vivienda, valor tasado","INE, Atlas de distribución de renta de los hogares"
07011,2018,2708.3464687819855,977,4,35470.0,90.0,243751.1821903787,6.8720378401572795,2.4734982332155475,percentil_invertido_anual,"Ministerio de Vivienda, valor tasado","INE, Atlas de distribución de renta de los hogares"
07015,2018,1774.4254269449714,527,4,31597.0,90.0,159698.28842504742,5.054223135900479,15.19434628975265,percentil_invertido_anual,"Ministerio de Vivienda, valor tasado","INE, Atlas de distribución de renta de los hogares"
07026,2018,3306.847487437186,398,4,39718.0,90.0,297616.2738693467,7.493234147473355,0.7067137809187279,percentil_invertido_anual,"Ministerio de Vivienda, valor tasado","INE, Atlas de distribución de renta de los hogares"
07027,2018,1309.7701086956522,552,4,32292.0,90.0,117879.3097826087,3.6504183631428435,44.522968197879855,percentil_invertido_anual,"Ministerio de Vivienda, valor tasado","INE, Atlas de distribución de renta de los hogares"
07031,2018,1858.106167400881,681,4,35432.0,90.0,167229.5550660793,4.7197323059968195,19.78798586572438,percentil_invertido_anual,"Ministerio de Vivienda, valor tasado","INE, Atlas de distribución de renta de los hogares"
07032,2018,1350.8958333333333,360,4,34568.0,90.0,121580.625,3.517143745660727,50.17667844522968,percentil_invertido_anual,"Ministerio de Vivienda, valor tasado","INE, Atlas de distribución de renta de los hogares"
07033,2018,1387.996147403685,597,4,33101.0,90.0,124919.65326633165,3.7738936366373115,41.342756183745585,percentil_invertido_anual,"Ministerio de Vivienda, valor tasado","INE, Atlas de distribución de renta de los hogares"
07036,2018,2038.6554027504912,509,4,43433.0,90.0,183478.9862475442,4.224414298978753,31.448763250883392,percentil_invertido_anual,"Ministerio de Vivienda, valor tasado","INE, Atlas de distribución de renta de los hogares"
07040,2018,1917.1403786104606,5124,4,37181.0,90.0,172542.63407494145,4.640613057070586,21.20141342756184,percentil_invertido_anual,"Ministerio de Vivienda, valor tasado","INE, Atlas de distribución de renta de los hogares"
07054,2018,3134.3250602409635,415,4,33536.0,90.0,282089.2554216867,8.411535526648578,0.0,percentil_invertido_anual,"Ministerio de Vivienda, valor tasado","INE, Atlas de distribución de renta de los hogares"
08015,2018,1772.955049875312,3208,4,32249.0,90.0,159565.95448877808,4.947934958875565,16.96113074204947,percentil_invertido_anual,"Ministerio de Vivienda, valor tasado","INE, Atlas de distribución de renta de los hogares"
08019,2018,3264.1672983114445,15990,4,39558.0,90.0,293775.05684803,7.426438567370191,1.0600706713780919,percentil_invertido_anual,"Ministerio de Vivienda, valor tasado","INE, Atlas de distribución de renta de los hogares"
08056,2018,2807.272292993631,942,4,47640.0,90.0,252654.50636942676,5.3034111328595035,12.014134275618375,percentil_invertido_anual,"Ministerio de Vivienda, valor tasado","INE, Atlas de distribución de renta de los hogares"
08073,2018,2022.1751633986928,918,4,32639.0,90.0,181995.76470588235,5.576021468362461,8.12720848056537,percentil_invertido_anual,"Ministerio de Vivienda, valor tasado","INE, Atlas de distribución de renta de los hogares"
08077,2018,2352.3649019607847,510,4,42628.0,90.0,211712.84117647063,4.966520624389383,16.25441696113074,percentil_invertido_anual,"Ministerio de Vivienda, valor tasado","INE, Atlas de distribución de renta de los hogares"
08089,2018,2154.0668284789645,618,4,37999.0,90.0,193866.01456310682,5.10187148512084,14.134275618374557,percentil_invertido_anual,"Ministerio de Vivienda, valor tasado","INE, Atlas de distribución de renta de los hogares"
08096,2018,1586.3997802197803,910,4,35925.0,90.0,142775.98021978023,3.974279198880452,37.45583038869258,percentil_invertido_anual,"Ministerio de Vivienda, valor tasado","INE, Atlas de distribución de renta de los hogares"
08101,2018,1950.2713803577453,2963,4,30411.0,90.0,175524.42423219708,5.771741285462401,6.007067137809187,percentil_invertido_anual,"Ministerio de Vivienda, valor tasado","INE, Atlas de distribución de renta de los hogares"
08102,2018,1052.1317757009347,535,4,33796.0,90.0,94691.85981308413,2.8018658957593834,78.79858657243817,percentil_invertido_anual,"Ministerio de Vivienda, valor tasado","INE, Atlas de distribución de renta de los hogares"
08113,2018,955.1618381618382,1001,4,32576.0,90.0,85964.56543456543,2.638892602976591,83.74558303886926,percentil_invertido_anual,"Ministerio de Vivienda, valor tasado","INE, Atlas de distribución de renta de los hogares"
08114,2018,1423.7202020202021,297,4,35520.0,90.0,128134.81818181819,3.6073991605241607,45.936395759717314,percentil_invertido_anual,"Ministerio de Vivienda, valor tasado","INE, Atlas de distribución de renta de los hogares"
08121,2018,1564.1252999478352,1917,4,31764.0,90.0,140771.27699530518,4.4317868340040665,24.73498233215548,percentil_invertido_anual,"Ministerio de Vivienda, valor tasado","INE, Atlas de distribución de renta de los hogares"
08124,2018,1590.1304700162077,617,4,33637.0,90.0,143111.7423014587,4.2545929274744685,30.3886925795053,percentil_invertido_anual,"Ministerio de Vivienda, valor tasado","INE, Atlas de distribución de renta de los hogares"
08125,2018,1562.50110701107,542,4,32872.0,90.0,140625.0996309963,4.277959954702978,28.975265017667844,percentil_invertido_anual,"Ministerio de Vivienda, valor tasado","INE, Atlas de distribución de renta de los hogares"
08169,2018,2127.136788321168,685,4,34558.0,90.0,191442.3109489051,5.539739306351788,8.480565371024735,percentil_invertido_anual,"Ministerio de Vivienda, valor tasado","INE, Atlas de distribución de renta de los hogares"
08172,2018,1874.0437974683546,395,4,36202.0,90.0,168663.9417721519,4.658967509313074,20.49469964664311,percentil_invertido_anual,"Ministerio de Vivienda, valor tasado","INE, Atlas de distribución de renta de los hogares"
08180,2018,1643.6666666666667,582,4,31786.0,90.0,147930.0,4.653935694960046,20.848056537102472,percentil_invertido_anual,"Ministerio de Vivienda, valor tasado","INE, Atlas de distribución de renta de los hogares"
08184,2018,1588.6156601123596,1424,4,34113.0,90.0,142975.40941011236,4.1912294260285625,32.50883392226148,percentil_invertido_anual,"Ministerio de Vivienda, valor tasado","INE, Atlas de distribución de renta de los hogares"
08187,2018,1538.1200000000001,3420,4,33876.0,90.0,138430.80000000002,4.086397449521786,35.3356890459364,percentil_invertido_anual,"Ministerio de Vivienda, valor tasado","INE, Atlas de distribución de renta de los hogares"
08194,2018,1834.1787401574802,381,4,29807.0,90.0,165076.08661417323,5.538165082503212,8.8339222614841,percentil_invertido_anual,"Ministerio de Vivienda, valor tasado","INE, Atlas de distribución de renta de los hogares"
08200,2018,1928.679650655022,1145,4,33892.0,90.0,173581.168558952,5.121597089547739,13.780918727915195,percentil_invertido_anual,"Ministerio de Vivienda, valor tasado","INE, Atlas de distribución de renta de los hogares"
08205,2018,3276.799243061396,1189,4,62246.0,90.0,294911.9318755256,4.737845514178029,19.434628975265017,percentil_invertido_anual,"Ministerio de Vivienda, valor tasado","INE, Atlas de distribución de renta de los hogares"
08211,2018,2164.859535655058,603,4,38773.0,90.0,194837.35820895524,5.025078229926888,15.547703180212014,percentil_invertido_anual,"Ministerio de Vivienda, valor tasado","INE, Atlas de distribución de renta de los hogares"
08217,2018,2480.0323699421965,346,4,41457.0,90.0,223202.91329479768,5.383962015939351,10.60070671378092,percentil_invertido_anual,"Ministerio de Vivienda, valor tasado","INE, Atlas de distribución de renta de los hogares"
08231,2018,1596.2951026856238,633,4,34418.0,90.0,143666.55924170613,4.174169307969845,33.21554770318021,percentil_invertido_anual,"Ministerio de Vivienda, valor tasado","INE, Atlas de distribución de renta de los hogares"
08245,2018,1559.4242243436754,1676,4,28830.0,90.0,140348.18019093078,4.868129732602524,17.6678445229682,percentil_invertido_anual,"Ministerio de Vivienda, valor tasado","INE, Atlas de distribución de renta de los hogares"
08252,2018,1730.3924528301886,477,4,35926.0,90.0,155735.320754717,4.334891742880282,27.56183745583039,percentil_invertido_anual,"Ministerio de Vivienda, valor tasado","INE, Atlas de distribución de renta de los hogares"
08263,2018,1720.6600000000003,410,4,34991.0,90.0,154859.40000000002,4.425692320882513,25.441696113074205,percentil_invertido_anual,"Ministerio de Vivienda, valor tasado","INE, Atlas de distribución de renta de los hogares"
08266,2018,1946.1765751211633,619,4,39715.0,90.0,175155.8917609047,4.410320829935911,25.795053003533567,percentil_invertido_anual,"Ministerio de Vivienda, valor tasado","INE, Atlas de distribución de renta de los hogares"
08279,2018,1400.7735732009926,4030,4,33621.0,90.0,126069.62158808933,3.7497284907673576,42.40282685512368,percentil_invertido_anual,"Ministerio de Vivienda, valor tasado","INE, Atlas de distribución de renta de los hogares"
08298,2018,1158.7730401529639,523,4,34970.0,90.0,104289.57361376674,2.9822583246716254,69.96466431095406,percentil_invertido_anual,"Ministerio de Vivienda, valor tasado","INE, Atlas de distribución de renta de los hogares"
08301,2018,2019.3434452871072,923,4,35947.0,90.0,181740.91007583964,5.055801877092376,14.840989399293287,percentil_invertido_anual,"Ministerio de Vivienda, valor tasado","INE, Atlas de distribución de renta de los hogares"
08305,2018,1275.0741106719368,506,4,32969.0,90.0,114756.6699604743,3.4807446377043374,51.9434628975265,percentil_invertido_anual,"Ministerio de Vivienda, valor tasado","INE, Atlas de distribución de renta de los hogares"
08307,2018,1620.6824497257771,1094,4,34288.0,90.0,145861.42047531993,4.254007830008164,30.742049469964666,percentil_invertido_anual,"Ministerio de Vivienda, valor tasado","INE, Atlas de distribución de renta de los hogares"
09018,2018,995.8243727598566,279,4,30196.0,90.0,89624.19354838709,2.968081651489836,70.6713780918728,percentil_invertido_anual,"Ministerio de Vivienda, valor tasado","INE, Atlas de distribución de renta de los hogares"
09059,2018,1255.4106901217863,1478,4,33391.0,90.0,112986.96211096077,3.3837549672355056,56.890459363957596,percentil_invertido_anual,"Ministerio de Vivienda, valor tasado","INE, Atlas de distribución de renta de los hogares"
09219,2018,872.2794736842104,380,4,30751.0,90.0,78505.15263157894,2.552930071593735,86.92579505300354,percentil_invertido_anual,"Ministerio de Vivienda, valor tasado","INE, Atlas de distribución de renta de los hogares"
10037,2018,1059.845877061469,667,4,30251.0,90.0,95386.12893553222,3.153156224109359,62.897526501766784,percentil_invertido_anual,"Ministerio de Vivienda, valor tasado","INE, Atlas de distribución de renta de los hogares"
10148,2018,833.3075471698113,265,4,26242.0,90.0,74997.67924528301,2.857925434238359,76.32508833922262,percentil_invertido_anual,"Ministerio de Vivienda, valor tasado","INE, Atlas de distribución de renta de los hogares"
11004,2018,997.3838660578386,1314,4,28561.0,90.0,89764.54794520547,3.1429063388958887,64.31095406360424,percentil_invertido_anual,"Ministerio de Vivienda, valor tasado","INE, Atlas de distribución de renta de los hogares"
11006,2018,834.8355048859935,307,4,21626.0,90.0,75135.19543973941,3.474299243491141,52.29681978798587,percentil_invertido_anual,"Ministerio de Vivienda, valor tasado","INE, Atlas de distribución de renta de los hogares"
11012,2018,1878.8460714285711,1120,4,31293.0,90.0,169096.1464285714,5.403641275319445,10.247349823321555,percentil_invertido_anual,"Ministerio de Vivienda, valor tasado","INE, Atlas de distribución de renta de los hogares"
11015,2018,1248.5630615640598,1202,4,24704.0,90.0,112370.67554076538,4.548683433483054,22.968197879858657,percentil_invertido_anual,"Ministerio de Vivienda, valor tasado","INE, Atlas de distribución de renta de los hogares"
11020,2018,896.844630071599,2095,4,25827.0,90.0,80716.01670644392,3.125257161359969,65.01766784452296,percentil_invertido_anual,"Ministerio de Vivienda, valor tasado","INE, Atlas de distribución de renta de los hogares"
11022,2018,1055.502496099844,641,4,23557.0,90.0,94995.22464898595,4.032568860592858,36.74911660777385,percentil_invertido_anual,"Ministerio de Vivienda, valor tasado","INE, Atlas de distribución de renta de los hogares"
11027,2018,1375.6688209606984,1145,4,29041.0,90.0,123810.19388646286,4.263289621103366,29.681978798586574,percentil_invertido_anual,"Ministerio de Vivienda, valor tasado","INE, Atlas de distribución de renta de los hogares"
11028,2018,1086.5657738095238,336,4,27883.0,90.0,97790.91964285714,3.50718787945548,50.88339222614841,percentil_invertido_anual,"Ministerio de Vivienda, valor tasado","INE, Atlas de distribución de renta de los hogares"
11030,2018,1596.514337568058,551,4,26741.0,90.0,143686.2903811252,5.373257932804503,11.307420494699647,percentil_invertido_anual,"Ministerio de Vivienda, valor tasado","INE, Atlas de distribución de renta de los hogares"
11031,2018,1103.1656441717791,815,4,28076.0,90.0,99284.90797546013,3.5362910662295244,48.409893992932865,percentil_invertido_anual,"Ministerio de Vivienda, valor tasado","INE, Atlas de distribución de renta de los hogares"
11032,2018,1098.6135546334717,723,4,21333.0,90.0,98875.21991701245,4.634848353115476,21.908127208480565,percentil_invertido_anual,"Ministerio de Vivienda, valor tasado","INE, Atlas de distribución de renta de los hogares"
11033,2018,1311.76309314587,569,4,27637.0,90.0,118058.6783831283,4.271761710139606,29.328621908127207,percentil_invertido_anual,"Ministerio de Vivienda, valor tasado","INE, Atlas de distribución de renta de los hogares"
12032,2018,696.308686440678,472,4,27764.0,90.0,62667.78177966102,2.2571596952766537,94.34628975265018,percentil_invertido_anual,"Ministerio de Vivienda, valor tasado","INE, Atlas de distribución de renta de los hogares"
12040,2018,884.6613814756671,1911,4,30929.0,90.0,79619.52433281003,2.574267656012481,85.51236749116607,percentil_invertido_anual,"Ministerio de Vivienda, valor tasado","INE, Atlas de distribución de renta de los hogares"
12126,2018,672.6937823834196,386,4,26787.0,90.0,60542.440414507764,2.260142621962436,93.99293286219081,percentil_invertido_anual,"Ministerio de Vivienda, valor tasado","INE, Atlas de distribución de renta de los hogares"
12135,2018,705.2935424354243,542,4,30537.0,90.0,63476.41881918819,2.0786723914984506,98.93992932862191,percentil_invertido_anual,"Ministerio de Vivienda, valor tasado","INE, Atlas de distribución de renta de los hogares"
12138,2018,1010.9874458874459,462,4,26419.0,90.0,90988.87012987013,3.4440694246515817,54.063604240282686,percentil_invertido_anual,"Ministerio de Vivienda, valor tasado","INE, Atlas de distribución de renta de los hogares"
13005,2018,718.1922818791946,298,4,28925.0,90.0,64637.30536912752,2.2346518710156444,94.69964664310955,percentil_invertido_anual,"Ministerio de Vivienda, valor tasado","INE, Atlas de distribución de renta de los hogares"
13034,2018,981.3145454545455,605,4,32965.0,90.0,88318.3090909091,2.6791539235828634,83.03886925795052,percentil_invertido_anual,"Ministerio de Vivienda, valor tasado","INE, Atlas de distribución de renta de los hogares"
13071,2018,588.7889273356401,289,4,27244.0,90.0,52991.00346020761,1.9450522485761126,100.0,percentil_invertido_anual,"Ministerio de Vivienda, valor tasado","INE, Atlas de distribución de renta de los hogares"
13082,2018,633.7265091863518,381,4,23945.0,90.0,57035.385826771664,2.381933005920721,92.226148409894,percentil_invertido_anual,"Ministerio de Vivienda, valor tasado","INE, Atlas de distribución de renta de los hogares"
13087,2018,690.3077441077442,297,4,26061.0,90.0,62127.696969696975,2.3839337312342956,91.87279151943463,percentil_invertido_anual,"Ministerio de Vivienda, valor tasado","INE, Atlas de distribución de renta de los hogares"
14021,2018,1263.5317376437674,3217,4,29556.0,90.0,113717.85638793907,3.8475387869785855,39.57597173144876,percentil_invertido_anual,"Ministerio de Vivienda, valor tasado","INE, Atlas de distribución de renta de los hogares"
14038,2018,765.9325415676959,421,4,23430.0,90.0,68933.92874109263,2.9421224388003684,72.79151943462898,percentil_invertido_anual,"Ministerio de Vivienda, valor tasado","INE, Atlas de distribución de renta de los hogares"
14056,2018,770.5045,200,4,23039.0,90.0,69345.405,3.0099138417466036,68.90459363957598,percentil_invertido_anual,"Ministerio de Vivienda, valor tasado","INE, Atlas de distribución de renta de los hogares"
15005,2018,903.6873469387755,245,4,28298.0,90.0,81331.8612244898,2.874120475810651,75.26501766784452,percentil_invertido_anual,"Ministerio de Vivienda, valor tasado","INE, Atlas de distribución de renta de los hogares"
15019,2018,740.6496296296297,135,4,26752.0,90.0,66658.46666666667,2.491718999202552,87.98586572438163,percentil_invertido_anual,"Ministerio de Vivienda, valor tasado","INE, Atlas de distribución de renta de los hogares"
15030,2018,1572.7714444444446,1800,4,33325.0,90.0,141549.43000000002,4.24754478619655,31.09540636042403,percentil_invertido_anual,"Ministerio de Vivienda, valor tasado","INE, Atlas de distribución de renta de los hogares"
15031,2018,1196.6674074074072,270,4,30556.0,90.0,107700.06666666665,3.524678186499105,49.11660777385159,percentil_invertido_anual,"Ministerio de Vivienda, valor tasado","INE, Atlas de distribución de renta de los hogares"
15036,2018,680.0139150943395,424,4,27599.0,90.0,61201.25235849056,2.2175170244751823,95.40636042402826,percentil_invertido_anual,"Ministerio de Vivienda, valor tasado","INE, Atlas de distribución de renta de los hogares"
15054,2018,701.3290780141843,282,4,27314.0,90.0,63119.617021276594,2.3108888123774105,93.63957597173145,percentil_invertido_anual,"Ministerio de Vivienda, valor tasado","INE, Atlas de distribución de renta de los hogares"
15058,2018,1269.6165789473685,380,4,43115.0,90.0,114265.49210526315,2.6502491500698864,83.39222614840989,percentil_invertido_anual,"Ministerio de Vivienda, valor tasado","INE, Atlas de distribución de renta de los hogares"
15073,2018,928.0379310344828,203,4,30896.0,90.0,83523.41379310345,2.703373051304488,82.3321554770318,percentil_invertido_anual,"Ministerio de Vivienda, valor tasado","INE, Atlas de distribución de renta de los hogares"
15078,2018,1528.3846863468634,542,4,35397.0,90.0,137554.6217712177,3.886053105382312,38.51590106007067,percentil_invertido_anual,"Ministerio de Vivienda, valor tasado","INE, Atlas de distribución de renta de los hogares"
16078,2018,1020.083932853717,417,4,30655.0,90.0,91807.55395683453,2.9948639359593714,69.25795053003533,percentil_invertido_anual,"Ministerio de Vivienda, valor tasado","INE, Atlas de distribución de renta de los hogares"
17023,2018,1333.7250000000001,656,4,28875.0,90.0,120035.25000000001,4.157064935064936,33.92226148409894,percentil_invertido_anual,"Ministerio de Vivienda, valor tasado","INE, Atlas de distribución de renta de los hogares"
17066,2018,1112.2866900175131,571,4,29164.0,90.0,100105.80210157618,3.432512758934857,54.41696113074205,percentil_invertido_anual,"Ministerio de Vivienda, valor tasado","INE, Atlas de distribución de renta de los hogares"
17079,2018,1531.0183750949127,1317,4,37139.0,90.0,137791.65375854215,3.7101605794055343,43.109540636042404,percentil_invertido_anual,"Ministerio de Vivienda, valor tasado","INE, Atlas de distribución de renta de los hogares"
17095,2018,1646.2915337423315,815,4,26560.0,90.0,148166.23803680984,5.578548118855792,7.773851590106007,percentil_invertido_anual,"Ministerio de Vivienda, valor tasado","INE, Atlas de distribución de renta de los hogares"
17114,2018,1072.869975786925,413,4,34225.0,90.0,96558.29782082324,2.8212797025806644,77.3851590106007,percentil_invertido_anual,"Ministerio de Vivienda, valor tasado","INE, Atlas de distribución de renta de los hogares"
17155,2018,925.4803921568628,816,4,28685.0,90.0,83293.23529411765,2.903720944539573,73.85159010600707,percentil_invertido_anual,"Ministerio de Vivienda, valor tasado","INE, Atlas de distribución de renta de los hogares"
18087,2018,1496.043018018018,2664,4,30400.0,90.0,134643.87162162163,4.4290747243954485,25.08833922261484,percentil_invertido_anual,"Ministerio de Vivienda, valor tasado","INE, Atlas de distribución de renta de los hogares"
18140,2018,1020.3270588235293,765,4,25193.0,90.0,91829.43529411765,3.6450377205619677,44.87632508833922,percentil_invertido_anual,"Ministerio de Vivienda, valor tasado","INE, Atlas de distribución de renta de los hogares"
19130,2018,1156.2379781420766,732,4,33639.0,90.0,104061.4180327869,3.093475371823981,65.7243816254417,percentil_invertido_anual,"Ministerio de Vivienda, valor tasado","INE, Atlas de distribución de renta de los hogares"
20030,2018,1639.5249999999999,48,2,36403.0,90.0,147557.25,4.053436529956322,36.042402826855124,percentil_invertido_anual,"Ministerio de Vivienda, valor tasado","INE, Atlas de distribución de renta de los hogares"
20045,2018,1878.8635294117648,255,4,33231.0,90.0,169097.71764705883,5.088553388313889,14.487632508833922,percentil_invertido_anual,"Ministerio de Vivienda, valor tasado","INE, Atlas de distribución de renta de los hogares"
20067,2018,1951.8026548672565,113,4,31867.0,90.0,175662.23893805308,5.512355695172218,9.540636042402827,percentil_invertido_anual,"Ministerio de Vivienda, valor tasado","INE, Atlas de distribución de renta de los hogares"
20069,2018,3485.582195448461,747,4,43031.0,90.0,313702.3975903615,7.290148906378227,1.7667844522968197,percentil_invertido_anual,"Ministerio de Vivienda, valor tasado","INE, Atlas de distribución de renta de los hogares"
21041,2018,978.5081674673987,1457,4,27955.0,90.0,88065.73507206589,3.1502677543217987,63.25088339222615,percentil_invertido_anual,"Ministerio de Vivienda, valor tasado","INE, Atlas de distribución de renta de los hogares"
22125,2018,1005.6315175097276,514,4,32438.0,90.0,90506.83657587548,2.7901484855994663,79.50530035335689,percentil_invertido_anual,"Ministerio de Vivienda, valor tasado","INE, Atlas de distribución de renta de los hogares"
23005,2018,753.7064102564102,312,4,22905.0,90.0,67833.57692307692,2.9615183114200794,71.37809187279152,percentil_invertido_anual,"Ministerio de Vivienda, valor tasado","INE, Atlas de distribución de renta de los hogares"
23050,2018,1086.2429775280898,1068,4,31384.0,90.0,97761.86797752808,3.115022558549837,65.37102473498233,percentil_invertido_anual,"Ministerio de Vivienda, valor tasado","INE, Atlas de distribución de renta de los hogares"
23055,2018,753.273731884058,552,4,26382.0,90.0,67794.63586956522,2.569730720550573,86.21908127208481,percentil_invertido_anual,"Ministerio de Vivienda, valor tasado","INE, Atlas de distribución de renta de los hogares"
23092,2018,863.0662835249043,261,4,27140.0,90.0,77675.96551724139,2.862047366147435,75.97173144876325,percentil_invertido_anual,"Ministerio de Vivienda, valor tasado","INE, Atlas de distribución de renta de los hogares"
24089,2018,1124.3358898721729,1017,4,31062.0,90.0,101190.23008849556,3.2576855993978353,60.7773851590106,percentil_invertido_anual,"Ministerio de Vivienda, valor tasado","INE, Atlas de distribución de renta de los hogares"
24115,2018,767.2467391304347,552,4,27768.0,90.0,69052.20652173912,2.486754772462515,88.69257950530036,percentil_invertido_anual,"Ministerio de Vivienda, valor tasado","INE, Atlas de distribución de renta de los hogares"
24142,2018,862.9343511450382,262,4,27626.0,90.0,77664.09160305344,2.8112680664248693,78.09187279151944,percentil_invertido_anual,"Ministerio de Vivienda, valor tasado","INE, Atlas de distribución de renta de los hogares"
25120,2018,890.4177100053504,1869,4,32575.0,90.0,80137.59390048153,2.460094977758451,89.39929328621908,percentil_invertido_anual,"Ministerio de Vivienda, valor tasado","INE, Atlas de distribución de renta de los hogares"
26089,2018,1140.3788142292492,1265,4,32602.0,90.0,102634.09328063243,3.1480919354834804,63.60424028268551,percentil_invertido_anual,"Ministerio de Vivienda, valor tasado","INE, Atlas de distribución de renta de los hogares"
27028,2018,902.3375,568,4,29195.0,90.0,81210.375,2.7816535365644803,79.85865724381625,percentil_invertido_anual,"Ministerio de Vivienda, valor tasado","INE, Atlas de distribución de renta de los hogares"
28005,2018,1500.9685560859186,1676,4,34947.0,90.0,135087.17004773268,3.8654868814986316,38.869257950530034,percentil_invertido_anual,"Ministerio de Vivienda, valor tasado","INE, Atlas de distribución de renta de los hogares"
28006,2018,2728.3182308522114,927,4,61540.0,90.0,245548.64077669903,3.990065660979835,37.102473498233216,percentil_invertido_anual,"Ministerio de Vivienda, valor tasado","INE, Atlas de distribución de renta de los hogares"
28007,2018,1854.09171875,1280,4,34427.0,90.0,166868.25468749998,4.847017012446626,18.021201413427562,percentil_invertido_anual,"Ministerio de Vivienda, valor tasado","INE, Atlas de distribución de renta de los hogares"
28013,2018,1187.8617824773414,662,4,32913.0,90.0,106907.56042296073,3.248186443744439,61.48409893992933,percentil_invertido_anual,"Ministerio de Vivienda, valor tasado","INE, Atlas de distribución de renta de los hogares"
28014,2018,1351.456950672646,669,4,32379.0,90.0,121631.12556053813,3.756481841951207,41.696113074204945,percentil_invertido_anual,"Ministerio de Vivienda, valor tasado","INE, Atlas de distribución de renta de los hogares"
28022,2018,2471.2128084606347,851,4,73258.0,90.0,222409.15276145714,3.035970853169035,68.55123674911661,percentil_invertido_anual,"Ministerio de Vivienda, valor tasado","INE, Atlas de distribución de renta de los hogares"
28045,2018,1642.9937377690803,511,4,42137.0,90.0,147869.43639921723,3.5092540142681545,50.53003533568904,percentil_invertido_anual,"Ministerio de Vivienda, valor tasado","INE, Atlas de distribución de renta de los hogares"
28047,2018,1496.0617842876163,751,4,33990.0,90.0,134645.56058588548,3.961328643303486,37.80918727915194,percentil_invertido_anual,"Ministerio de Vivienda, valor tasado","INE, Atlas de distribución de renta de los hogares"
28049,2018,1700.116783216783,572,4,35530.0,90.0,153010.51048951046,4.306515915831986,27.915194346289752,percentil_invertido_anual,"Ministerio de Vivienda, valor tasado","INE, Atlas de distribución de renta de los hogares"
28058,2018,1498.7111940298507,1608,4,31321.0,90.0,134884.00746268657,4.306503862031435,28.268551236749115,percentil_invertido_anual,"Ministerio de Vivienda, valor tasado","INE, Atlas de distribución de renta de los hogares"
28061,2018,1510.6929752066114,484,4,40556.0,90.0,135962.36776859502,3.35246000021193,57.95053003533569,percentil_invertido_anual,"Ministerio de Vivienda, valor tasado","INE, Atlas de distribución de renta de los hogares"
28065,2018,1662.1100686498855,1311,4,34343.0,90.0,149589.9061784897,4.355761179235643,27.208480565371026,percentil_invertido_anual,"Ministerio de Vivienda, valor tasado","INE, Atlas de distribución de renta de los hogares"
28074,2018,1710.1317733990147,1218,4,31996.0,90.0,153911.85960591133,4.810346906047985,19.081272084805654,percentil_invertido_anual,"Ministerio de Vivienda, valor tasado","INE, Atlas de distribución de renta de los hogares"
28079,2018,3013.047926267281,33418,4,42283.0,90.0,271174.3133640553,6.413317724949868,3.1802120141342756,percentil_invertido_anual,"Ministerio de Vivienda, valor tasado","INE, Atlas de distribución de renta de los hogares"
28080,2018,2924.481174698795,664,4,64574.0,90.0,263203.3057228915,4.075995071126019,35.68904593639576,percentil_invertido_anual,"Ministerio de Vivienda, valor tasado","INE, Atlas de distribución de renta de los hogares"
28092,2018,1521.1264968152866,1570,4,32113.0,90.0,136901.3847133758,4.26311415044922,30.035335689045937,percentil_invertido_anual,"Ministerio de Vivienda, valor tasado","INE, Atlas de distribución de renta de los hogares"
28106,2018,1170.3488172043012,1395,4,28521.0,90.0,105331.3935483871,3.6931171259207987,43.81625441696113,percentil_invertido_anual,"Ministerio de Vivienda, valor tasado","INE, Atlas de distribución de renta de los hogares"
28113,2018,1610.3483495145629,515,4,34791.0,90.0,144931.35145631066,4.165771362027842,33.56890459363957,percentil_invertido_anual,"Ministerio de Vivienda, valor tasado","INE, Atlas de distribución de renta de los hogares"
28115,2018,2979.6870069605566,862,4,90902.0,90.0,268171.8306264501,2.95012024627016,71.73144876325088,percentil_invertido_anual,"Ministerio de Vivienda, valor tasado","INE, Atlas de distribución de renta de los hogares"
28123,2018,1878.3710179640718,835,4,44219.0,90.0,169053.39161676646,3.8230939554663483,39.92932862190813,percentil_invertido_anual,"Ministerio de Vivienda, valor tasado","INE, Atlas de distribución de renta de los hogares"
28127,2018,2472.6725766362883,1207,4,62681.0,90.0,222540.53189726596,3.5503666485420773,47.70318021201413,percentil_invertido_anual,"Ministerio de Vivienda, valor tasado","INE, Atlas de distribución de renta de los hogares"
28130,2018,1687.0011811023624,254,4,33995.0,90.0,151830.1062992126,4.46624816294198,23.674911660777386,percentil_invertido_anual,"Ministerio de Vivienda, valor tasado","INE, Atlas de distribución de renta de los hogares"
28134,2018,2115.9424058323207,823,4,42904.0,90.0,190434.81652490885,4.4386261543191505,24.02826855123675,percentil_invertido_anual,"Ministerio de Vivienda, valor tasado","INE, Atlas de distribución de renta de los hogares"
28148,2018,1530.4692125984252,1270,4,33651.0,90.0,137742.22913385826,4.09325812409314,34.275618374558306,percentil_invertido_anual,"Ministerio de Vivienda, valor tasado","INE, Atlas de distribución de renta de los hogares"
28161,2018,1423.4020512820514,975,4,36360.0,90.0,128106.18461538463,3.5232724041634937,49.82332155477032,percentil_invertido_anual,"Ministerio de Vivienda, valor tasado","INE, Atlas de distribución de renta de los hogares"
28181,2018,2009.5557746478871,355,4,54586.0,90.0,180860.01971830984,3.313304138759203,59.71731448763251,percentil_invertido_anual,"Ministerio de Vivienda, valor tasado","INE, Atlas de distribución de renta de los hogares"
28903,2018,2452.0610389610392,462,4,54475.0,90.0,220685.49350649354,4.051133428297265,36.39575971731449,percentil_invertido_anual,"Ministerio de Vivienda, valor tasado","INE, Atlas de distribución de renta de los hogares"
29007,2018,1407.4188235294116,510,4,32160.0,90.0,126667.69411764704,3.938672080772607,38.16254416961131,percentil_invertido_anual,"Ministerio de Vivienda, valor tasado","INE, Atlas de distribución de renta de los hogares"
29015,2018,974.3266666666667,420,4,27087.0,90.0,87689.40000000001,3.2373241776497954,61.83745583038869,percentil_invertido_anual,"Ministerio de Vivienda, valor tasado","INE, Atlas de distribución de renta de los hogares"
29025,2018,1799.1965235173823,1467,4,25858.0,90.0,161927.6871165644,6.262189152933885,4.240282685512367,percentil_invertido_anual,"Ministerio de Vivienda, valor tasado","INE, Atlas de distribución de renta de los hogares"
29051,2018,1611.403482587065,1407,4,25134.0,90.0,145026.31343283583,5.770124669087126,6.360424028268551,percentil_invertido_anual,"Ministerio de Vivienda, valor tasado","INE, Atlas de distribución de renta de los hogares"
29054,2018,1902.312873980054,1103,4,23315.0,90.0,171208.15865820486,7.343262219953028,1.4134275618374559,percentil_invertido_anual,"Ministerio de Vivienda, valor tasado","INE, Atlas de distribución de renta de los hogares"
29067,2018,1547.758076311606,6290,4,28917.0,90.0,139298.22686804453,4.817174218212281,18.72791519434629,percentil_invertido_anual,"Ministerio de Vivienda, valor tasado","INE, Atlas de distribución de renta de los hogares"
29069,2018,2330.705386138614,2525,4,27636.0,90.0,209763.48475247525,7.590225964411466,0.35335689045936397,percentil_invertido_anual,"Ministerio de Vivienda, valor tasado","INE, Atlas de distribución de renta de los hogares"
29070,2018,1582.1393753485777,1793,4,23074.0,90.0,142392.543781372,6.1711252397231515,4.946996466431095,percentil_invertido_anual,"Ministerio de Vivienda, valor tasado","INE, Atlas de distribución de renta de los hogares"
29082,2018,1645.0919496855347,795,4,31522.0,90.0,148058.2754716981,4.69698228131775,20.141342756183747,percentil_invertido_anual,"Ministerio de Vivienda, valor tasado","INE, Atlas de distribución de renta de los hogares"
29084,2018,1039.1925641025641,390,4,26279.0,90.0,93527.33076923077,3.55901407090189,46.64310954063604,percentil_invertido_anual,"Ministerio de Vivienda, valor tasado","INE, Atlas de distribución de renta de los hogares"
29094,2018,1307.3878199470432,1133,4,24320.0,90.0,117664.90379523388,4.8381950573698145,18.374558303886925,percentil_invertido_anual,"Ministerio de Vivienda, valor tasado","INE, Atlas de distribución de renta de los hogares"
29901,2018,1749.4612403100775,1161,4,25359.0,90.0,157451.511627907,6.208900651757048,4.593639575971731,percentil_invertido_anual,"Ministerio de Vivienda, valor tasado","INE, Atlas de distribución de renta de los hogares"
30003,2018,853.3122483221476,596,4,25027.0,90.0,76798.10234899328,3.068609995164953,66.7844522968198,percentil_invertido_anual,"Ministerio de Vivienda, valor tasado","INE, Atlas de distribución de renta de los hogares"
30005,2018,724.3497512437812,402,4,26324.0,90.0,65191.4776119403,2.4765034801679193,89.04593639575971,percentil_invertido_anual,"Ministerio de Vivienda, valor tasado","INE, Atlas de distribución de renta de los hogares"
30015,2018,624.5268595041322,242,4,25658.0,90.0,56207.417355371894,2.1906390737926533,96.113074204947,percentil_invertido_anual,"Ministerio de Vivienda, valor tasado","INE, Atlas de distribución de renta de los hogares"
30016,2018,935.6796830556683,2461,4,30052.0,90.0,84211.17147501015,2.802181933815059,78.4452296819788,percentil_invertido_anual,"Ministerio de Vivienda, valor tasado","INE, Atlas de distribución de renta de los hogares"
30019,2018,772.4832752613241,287,4,26645.0,90.0,69523.49477351917,2.6092510705017515,84.45229681978799,percentil_invertido_anual,"Ministerio de Vivienda, valor tasado","INE, Atlas de distribución de renta de los hogares"
30022,2018,599.1684210526316,285,4,24707.0,90.0,53925.15789473685,2.182586226362442,96.46643109540636,percentil_invertido_anual,"Ministerio de Vivienda, valor tasado","INE, Atlas de distribución de renta de los hogares"
30024,2018,769.6460317460318,756,4,28507.0,90.0,69268.14285714286,2.4298643440959364,90.45936395759718,percentil_invertido_anual,"Ministerio de Vivienda, valor tasado","INE, Atlas de distribución de renta de los hogares"
30026,2018,1030.0777358490566,530,4,22129.0,90.0,92706.9962264151,4.1893893183792805,32.86219081272085,percentil_invertido_anual,"Ministerio de Vivienda, valor tasado","INE, Atlas de distribución de renta de los hogares"
30027,2018,857.986380952381,1050,4,32070.0,90.0,77218.77428571429,2.4078195910730993,91.1660777385159,percentil_invertido_anual,"Ministerio de Vivienda, valor tasado","INE, Atlas de distribución de renta de los hogares"
30030,2018,996.6320831713953,5146,4,31812.0,90.0,89696.88748542557,2.819592841865509,77.73851590106007,percentil_invertido_anual,"Ministerio de Vivienda, valor tasado","INE, Atlas de distribución de renta de los hogares"
30035,2018,1113.8045168067226,952,4,27676.0,90.0,100242.40651260504,3.621997633783966,45.58303886925795,percentil_invertido_anual,"Ministerio de Vivienda, valor tasado","INE, Atlas de distribución de renta de los hogares"
30037,2018,851.3396442185515,787,4,26487.0,90.0,76620.56797966963,2.892761278350498,74.91166077738517,percentil_invertido_anual,"Ministerio de Vivienda, valor tasado","INE, Atlas de distribución de renta de los hogares"
30039,2018,752.5462365591397,279,4,26793.0,90.0,67729.16129032258,2.527867774803963,87.63250883392226,percentil_invertido_anual,"Ministerio de Vivienda, valor tasado","INE, Atlas de distribución de renta de los hogares"
30043,2018,658.23,330,4,24810.0,90.0,59240.700000000004,2.3877750906892383,91.51943462897526,percentil_invertido_anual,"Ministerio de Vivienda, valor tasado","INE, Atlas de distribución de renta de los hogares"
31201,2018,1695.9066878980893,942,4,34890.0,90.0,152631.60191082803,4.374651817449929,26.85512367491166,percentil_invertido_anual,"Ministerio de Vivienda, valor tasado","INE, Atlas de distribución de renta de los hogares"
31232,2018,938.7861016949154,295,4,30874.0,90.0,84490.74915254238,2.736631118499138,81.2720848056537,percentil_invertido_anual,"Ministerio de Vivienda, valor tasado","INE, Atlas de distribución de renta de los hogares"
32054,2018,1083.528776978417,556,4,28742.0,90.0,97517.58992805752,3.392860271660202,55.830388692579504,percentil_invertido_anual,"Ministerio de Vivienda, valor tasado","INE, Atlas de distribución de renta de los hogares"
33004,2018,1084.2814678899083,545,4,29423.0,90.0,97585.33211009175,3.3166343374262226,59.36395759717315,percentil_invertido_anual,"Ministerio de Vivienda, valor tasado","INE, Atlas de distribución de renta de los hogares"
33024,2018,1369.121681212678,2177,4,30124.0,90.0,123220.95130914102,4.09045781799034,34.98233215547703,percentil_invertido_anual,"Ministerio de Vivienda, valor tasado","INE, Atlas de distribución de renta de los hogares"
33031,2018,766.6414937759337,241,4,26737.0,90.0,68997.73443983404,2.580608686084229,85.15901060070671,percentil_invertido_anual,"Ministerio de Vivienda, valor tasado","INE, Atlas de distribución de renta de los hogares"
33037,2018,798.7427135678391,199,4,27285.0,90.0,71886.84422110552,2.634665355363955,84.09893992932862,percentil_invertido_anual,"Ministerio de Vivienda, valor tasado","INE, Atlas de distribución de renta de los hogares"
33044,2018,1279.8571174377225,1686,4,32684.0,90.0,115187.14056939502,3.524266937014901,49.46996466431096,percentil_invertido_anual,"Ministerio de Vivienda, valor tasado","INE, Atlas de distribución de renta de los hogares"
33066,2018,1027.6572327044025,477,4,31162.0,90.0,92489.15094339623,2.9680107484563325,71.02473498233215,percentil_invertido_anual,"Ministerio de Vivienda, valor tasado","INE, Atlas de distribución de renta de los hogares"
34120,2018,1105.2027491408935,582,4,30371.0,90.0,99468.24742268042,3.275106101961754,60.42402826855124,percentil_invertido_anual,"Ministerio de Vivienda, valor tasado","INE, Atlas de distribución de renta de los hogares"
35002,2018,1134.9763754045307,309,4,28760.0,90.0,102147.87378640776,3.5517341372186286,47.34982332155477,percentil_invertido_anual,"Ministerio de Vivienda, valor tasado","INE, Atlas de distribución de renta de los hogares"
35004,2018,1128.663994374121,711,4,28600.0,90.0,101579.75949367089,3.5517398424360453,46.996466431095406,percentil_invertido_anual,"Ministerio de Vivienda, valor tasado","INE, Atlas de distribución de renta de los hogares"
35006,2018,988.6677272727272,440,4,29963.0,90.0,88980.09545454544,2.969665769600689,70.31802120141343,percentil_invertido_anual,"Ministerio de Vivienda, valor tasado","INE, Atlas de distribución de renta de los hogares"
35011,2018,907.3688102893891,311,4,28216.0,90.0,81663.19292604501,2.8942157969253266,74.5583038869258,percentil_invertido_anual,"Ministerio de Vivienda, valor tasado","INE, Atlas de distribución de renta de los hogares"
35016,2018,1470.9645966337782,3446,4,32359.0,90.0,132386.81369704005,4.091189891437932,34.628975265017665,percentil_invertido_anual,"Ministerio de Vivienda, valor tasado","INE, Atlas de distribución de renta de los hogares"
35017,2018,1023.1543175487466,718,4,30093.0,90.0,92083.88857938719,3.0599770238722357,67.49116607773851,percentil_invertido_anual,"Ministerio de Vivienda, valor tasado","INE, Atlas de distribución de renta de los hogares"
35019,2018,1907.9736842105262,532,4,27119.0,90.0,171717.63157894736,6.3320045569138745,3.5335689045936394,percentil_invertido_anual,"Ministerio de Vivienda, valor tasado","INE, Atlas de distribución de renta de los hogares"
35022,2018,965.4768115942029,897,4,26380.0,90.0,86892.91304347826,3.2938935952796915,60.07067137809187,percentil_invertido_anual,"Ministerio de Vivienda, valor tasado","INE, Atlas de distribución de renta de los hogares"
35026,2018,1060.2037623762376,1010,4,28141.0,90.0,95418.33861386139,3.3907230949099674,56.53710247349823,percentil_invertido_anual,"Ministerio de Vivienda, valor tasado","INE, Atlas de distribución de renta de los hogares"
36026,2018,814.9869281045752,153,4,26438.0,90.0,73348.82352941176,2.7743711146611605,80.56537102473499,percentil_invertido_anual,"Ministerio de Vivienda, valor tasado","INE, Atlas de distribución de renta de los hogares"
36038,2018,1043.7166666666667,558,4,30571.0,90.0,93934.5,3.072666906545419,66.43109540636043,percentil_invertido_anual,"Ministerio de Vivienda, valor tasado","INE, Atlas de distribución de renta de los hogares"
36045,2018,883.7225563909775,133,4,31188.0,90.0,79535.03007518797,2.5501805205588037,87.27915194346289,percentil_invertido_anual,"Ministerio de Vivienda, valor tasado","INE, Atlas de distribución de renta de los hogares"
36057,2018,1408.402106270943,2089,4,32800.0,90.0,126756.18956438487,3.864517974523929,39.2226148409894,percentil_invertido_anual,"Ministerio de Vivienda, valor tasado","INE, Atlas de distribución de renta de los hogares"
36060,2018,898.4563573883161,291,4,26624.0,90.0,80861.07216494845,3.0371496456185563,68.19787985865725,percentil_invertido_anual,"Ministerio de Vivienda, valor tasado","INE, Atlas de distribución de renta de los hogares"
37274,2018,1443.249912891986,1148,4,28466.0,90.0,129892.49216027874,4.563074972257385,22.614840989399294,percentil_invertido_anual,"Ministerio de Vivienda, valor tasado","INE, Atlas de distribución de renta de los hogares"
38001,2018,1896.3298245614035,855,4,25143.0,90.0,170669.68421052632,6.787960235871866,2.8268551236749118,percentil_invertido_anual,"Ministerio de Vivienda, valor tasado","INE, Atlas de distribución de renta de los hogares"
38006,2018,1562.5127620783956,1097,4,22930.0,90.0,140626.1485870556,6.132845555475604,5.30035335689046,percentil_invertido_anual,"Ministerio de Vivienda, valor tasado","INE, Atlas de distribución de renta de los hogares"
38017,2018,1206.970786516854,801,4,25785.0,90.0,108627.37078651687,4.212812518383435,31.802120141342755,percentil_invertido_anual,"Ministerio de Vivienda, valor tasado","INE, Atlas de distribución de renta de los hogares"
38023,2018,1095.5149222065065,1414,4,29677.0,90.0,98596.34299858559,3.3223150250559557,59.01060070671378,percentil_invertido_anual,"Ministerio de Vivienda, valor tasado","INE, Atlas de distribución de renta de los hogares"
38026,2018,1030.1535055350553,271,4,27335.0,90.0,92713.81549815497,3.3917620449297594,56.18374558303887,percentil_invertido_anual,"Ministerio de Vivienda, valor tasado","INE, Atlas de distribución de renta de los hogares"
38028,2018,1558.0543543543542,333,4,25934.0,90.0,140224.8918918919,5.406990510214078,9.89399293286219,percentil_invertido_anual,"Ministerio de Vivienda, valor tasado","INE, Atlas de distribución de renta de los hogares"
38031,2018,968.5268939393939,264,4,26008.0,90.0,87167.42045454544,3.3515618446072533,58.303886925795055,percentil_invertido_anual,"Ministerio de Vivienda, valor tasado","INE, Atlas de distribución de renta de los hogares"
38038,2018,1237.3894526034712,2247,4,30598.0,90.0,111365.0507343124,3.6396186265217465,45.22968197879859,percentil_invertido_anual,"Ministerio de Vivienda, valor tasado","INE, Atlas de distribución de renta de los hogares"
39016,2018,1220.91220657277,213,4,31775.0,90.0,109882.0985915493,3.458130561496437,53.003533568904594,percentil_invertido_anual,"Ministerio de Vivienda, valor tasado","INE, Atlas de distribución de renta de los hogares"
39020,2018,1717.906618962433,559,4,30017.0,90.0,154611.59570661897,5.150801069614517,13.074204946996467,percentil_invertido_anual,"Ministerio de Vivienda, valor tasado","INE, Atlas de distribución de renta de los hogares"
39075,2018,1610.2239974937343,1596,4,32985.0,90.0,144920.1597744361,4.3935170463676245,26.501766784452297,percentil_invertido_anual,"Ministerio de Vivienda, valor tasado","INE, Atlas de distribución de renta de los hogares"
39087,2018,960.9487562189054,402,4,27278.0,90.0,86485.38805970148,3.1705179287228344,62.54416961130742,percentil_invertido_anual,"Ministerio de Vivienda, valor tasado","INE, Atlas de distribución de renta de los hogares"
40194,2018,1325.2266375545853,458,4,31807.0,90.0,119270.39737991268,3.749815995847225,42.04946996466431,percentil_invertido_anual,"Ministerio de Vivienda, valor tasado","INE, Atlas de distribución de renta de los hogares"
41004,2018,1001.1650519031142,867,4,26784.0,90.0,90104.85467128028,3.364129878706701,57.24381625441696,percentil_invertido_anual,"Ministerio de Vivienda, valor tasado","INE, Atlas de distribución de renta de los hogares"
41021,2018,979.1862595419847,393,4,23962.0,90.0,88126.76335877863,3.677771611667583,44.169611307420496,percentil_invertido_anual,"Ministerio de Vivienda, valor tasado","INE, Atlas de distribución de renta de los hogares"
41024,2018,998.5494545454544,275,4,24309.0,90.0,89869.4509090909,3.6969620679209716,43.46289752650177,percentil_invertido_anual,"Ministerio de Vivienda, valor tasado","INE, Atlas de distribución de renta de los hogares"
41034,2018,918.3056886227546,334,4,23089.0,90.0,82647.51197604791,3.579518904068947,46.28975265017668,percentil_invertido_anual,"Ministerio de Vivienda, valor tasado","INE, Atlas de distribución de renta de los hogares"
41038,2018,1148.2098090849242,1519,4,29625.0,90.0,103338.88281764319,3.4882323313972385,51.590106007067135,percentil_invertido_anual,"Ministerio de Vivienda, valor tasado","INE, Atlas de distribución de renta de los hogares"
41039,2018,816.2396078431373,255,4,23360.0,90.0,73461.56470588235,3.144758763094279,63.957597173144876,percentil_invertido_anual,"Ministerio de Vivienda, valor tasado","INE, Atlas de distribución de renta de los hogares"
41059,2018,1322.6710482529118,601,4,34978.0,90.0,119040.39434276205,3.4032933370336225,55.12367491166078,percentil_invertido_anual,"Ministerio de Vivienda, valor tasado","INE, Atlas de distribución de renta de los hogares"
41065,2018,862.8390243902439,164,4,23899.0,90.0,77655.51219512195,3.2493205655099353,61.130742049469966,percentil_invertido_anual,"Ministerio de Vivienda, valor tasado","INE, Atlas de distribución de renta de los hogares"
41069,2018,932.3724907063197,269,4,22167.0,90.0,83913.52416356877,3.785515593610717,40.63604240282685,percentil_invertido_anual,"Ministerio de Vivienda, valor tasado","INE, Atlas de distribución de renta de los hogares"
41081,2018,1040.025699745547,393,4,25056.0,90.0,93602.31297709922,3.735724496212453,42.75618374558304,percentil_invertido_anual,"Ministerio de Vivienda, valor tasado","INE, Atlas de distribución de renta de los hogares"
41091,2018,1564.8783134015534,8111,4,31142.0,90.0,140839.04820613982,4.522479230818182,23.32155477031802,percentil_invertido_anual,"Ministerio de Vivienda, valor tasado","INE, Atlas de distribución de renta de los hogares"
41095,2018,898.0741721854304,604,4,24200.0,90.0,80826.67549668874,3.3399452684582123,58.657243816254415,percentil_invertido_anual,"Ministerio de Vivienda, valor tasado","INE, Atlas de distribución de renta de los hogares"
42173,2018,1061.1888135593222,295,4,32442.0,90.0,95506.99322033899,2.9439304981301704,72.43816254416961,percentil_invertido_anual,"Ministerio de Vivienda, valor tasado","INE, Atlas de distribución de renta de los hogares"
43038,2018,1621.551746442432,773,4,31598.0,90.0,145939.65717981887,4.618635900367709,22.261484098939928,percentil_invertido_anual,"Ministerio de Vivienda, valor tasado","INE, Atlas de distribución de renta de los hogares"
43123,2018,955.6787593984963,1596,4,31743.0,90.0,86011.08834586466,2.709608050463556,81.97879858657244,percentil_invertido_anual,"Ministerio de Vivienda, valor tasado","INE, Atlas de distribución de renta de los hogares"
43148,2018,1140.123041940374,1979,4,34803.0,90.0,102611.07377463365,2.9483399067503853,72.08480565371025,percentil_invertido_anual,"Ministerio de Vivienda, valor tasado","INE, Atlas de distribución de renta de los hogares"
43155,2018,723.9542857142857,350,4,30837.0,90.0,65155.88571428571,2.1129125957222072,98.23321554770318,percentil_invertido_anual,"Ministerio de Vivienda, valor tasado","INE, Atlas de distribución de renta de los hogares"
43163,2018,1205.9386315789473,950,4,28671.0,90.0,108534.47684210526,3.7855141725822348,40.98939929328622,percentil_invertido_anual,"Ministerio de Vivienda, valor tasado","INE, Atlas de distribución de renta de los hogares"
44216,2018,1010.6927797833933,277,4,33539.0,90.0,90962.3501805054,2.712136622454617,81.62544169611307,percentil_invertido_anual,"Ministerio de Vivienda, valor tasado","INE, Atlas de distribución de renta de los hogares"
45165,2018,686.8813876651983,908,4,25534.0,90.0,61819.32488986785,2.4210591716874696,90.81272084805654,percentil_invertido_anual,"Ministerio de Vivienda, valor tasado","INE, Atlas de distribución de renta de los hogares"
45168,2018,1218.9038022813688,789,4,36733.0,90.0,109701.34220532319,2.98645202421047,69.6113074204947,percentil_invertido_anual,"Ministerio de Vivienda, valor tasado","INE, Atlas de distribución de renta de los hogares"
46005,2018,747.9679054054054,296,4,26154.0,90.0,67317.1114864865,2.5738744163985046,85.86572438162544,percentil_invertido_anual,"Ministerio de Vivienda, valor tasado","INE, Atlas de distribución de renta de los hogares"
46017,2018,689.0936507936508,504,4,28730.0,90.0,62018.42857142857,2.1586644125105665,97.17314487632508,percentil_invertido_anual,"Ministerio de Vivienda, valor tasado","INE, Atlas de distribución de renta de los hogares"
46021,2018,861.8811594202898,345,4,26569.0,90.0,77569.30434782608,2.9195417346466215,73.14487632508833,percentil_invertido_anual,"Ministerio de Vivienda, valor tasado","INE, Atlas de distribución de renta de los hogares"
46029,2018,659.2209003215435,311,4,26747.0,90.0,59329.881028938915,2.2181882464926503,95.0530035335689,percentil_invertido_anual,"Ministerio de Vivienda, valor tasado","INE, Atlas de distribución de renta de los hogares"
46078,2018,793.8554054054053,518,4,25588.0,90.0,71446.98648648648,2.7922067565455087,79.15194346289752,percentil_invertido_anual,"Ministerio de Vivienda, valor tasado","INE, Atlas de distribución de renta de los hogares"
46102,2018,785.7130281690141,284,4,26213.0,90.0,70714.17253521127,2.697675677534478,82.68551236749117,percentil_invertido_anual,"Ministerio de Vivienda, valor tasado","INE, Atlas de distribución de renta de los hogares"
46110,2018,670.0073394495413,327,4,25494.0,90.0,60300.66055045871,2.365288324721845,92.57950530035336,percentil_invertido_anual,"Ministerio de Vivienda, valor tasado","INE, Atlas de distribución de renta de los hogares"
46131,2018,848.0146496815286,1256,4,26739.0,90.0,76321.31847133757,2.8543071345726303,76.67844522968198,percentil_invertido_anual,"Ministerio de Vivienda, valor tasado","INE, Atlas de distribución de renta de los hogares"
46145,2018,721.6946058091286,482,4,27816.0,90.0,64952.51452282157,2.335077456241788,92.93286219081273,percentil_invertido_anual,"Ministerio de Vivienda, valor tasado","INE, Atlas de distribución de renta de los hogares"
46159,2018,815.4343839541547,349,4,26529.0,90.0,73389.09455587392,2.766372443585281,80.91872791519435,percentil_invertido_anual,"Ministerio de Vivienda, valor tasado","INE, Atlas de distribución de renta de los hogares"
46169,2018,947.2595284872299,509,4,27595.0,90.0,85253.35756385069,3.089449449677503,66.07773851590106,percentil_invertido_anual,"Ministerio de Vivienda, valor tasado","INE, Atlas de distribución de renta de los hogares"
46181,2018,876.002493765586,401,4,25158.0,90.0,78840.22443890273,3.1338033404445,64.66431095406361,percentil_invertido_anual,"Ministerio de Vivienda, valor tasado","INE, Atlas de distribución de renta de los hogares"
46184,2018,604.8327127659576,376,4,27189.0,90.0,54434.944148936185,2.0020943818800316,99.29328621908127,percentil_invertido_anual,"Ministerio de Vivienda, valor tasado","INE, Atlas de distribución de renta de los hogares"
46190,2018,957.8174892703863,932,4,31002.0,90.0,86203.57403433477,2.7805810603939993,80.21201413427562,percentil_invertido_anual,"Ministerio de Vivienda, valor tasado","INE, Atlas de distribución de renta de los hogares"
46220,2018,774.9064552661381,883,4,28674.0,90.0,69741.58097395243,2.4322236511805966,90.10600706713781,percentil_invertido_anual,"Ministerio de Vivienda, valor tasado","INE, Atlas de distribución de renta de los hogares"
46235,2018,876.4992840095466,419,4,27254.0,90.0,78884.9355608592,2.894435149367403,74.20494699646643,percentil_invertido_anual,"Ministerio de Vivienda, valor tasado","INE, Atlas de distribución de renta de los hogares"
46244,2018,810.3608372093023,1075,4,28391.0,90.0,72932.47534883721,2.5688589816786025,86.57243816254417,percentil_invertido_anual,"Ministerio de Vivienda, valor tasado","INE, Atlas de distribución de renta de los hogares"
46250,2018,1265.9296308915386,8805,4,32954.0,90.0,113933.66678023848,3.4573546998919245,53.35689045936396,percentil_invertido_anual,"Ministerio de Vivienda, valor tasado","INE, Atlas de distribución de renta de los hogares"
47186,2018,1242.436744966443,2384,4,32381.0,90.0,111819.30704697987,3.4532382275711027,53.71024734982332,percentil_invertido_anual,"Ministerio de Vivienda, valor tasado","INE, Atlas de distribución de renta de los hogares"
48013,2018,1863.3906417112303,374,4,31204.0,90.0,167705.15775401072,5.374476277208394,10.954063604240282,percentil_invertido_anual,"Ministerio de Vivienda, valor tasado","INE, Atlas de distribución de renta de los hogares"
48015,2018,1884.0826086956522,115,3,30624.0,90.0,169567.4347826087,5.537076632138477,9.187279151943462,percentil_invertido_anual,"Ministerio de Vivienda, valor tasado","INE, Atlas de distribución de renta de los hogares"
48020,2018,2339.2431602456727,1791,4,36562.0,90.0,210531.88442211054,5.758215754666335,6.713780918727915,percentil_invertido_anual,"Ministerio de Vivienda, valor tasado","INE, Atlas de distribución de renta de los hogares"
48027,2018,1997.077966101695,59,2,40767.0,90.0,179737.01694915254,4.408885052840596,26.148409893992934,percentil_invertido_anual,"Ministerio de Vivienda, valor tasado","INE, Atlas de distribución de renta de los hogares"
48036,2018,1927.9379629629632,108,4,37417.0,90.0,173514.4166666667,4.637315035055368,21.554770318021202,percentil_invertido_anual,"Ministerio de Vivienda, valor tasado","INE, Atlas de distribución de renta de los hogares"
48044,2018,2835.8554644808746,366,4,51575.0,90.0,255226.9918032787,4.948657136272976,16.607773851590107,percentil_invertido_anual,"Ministerio de Vivienda, valor tasado","INE, Atlas de distribución de renta de los hogares"
48054,2018,2321.864601769911,113,4,39984.0,90.0,208967.814159292,5.226285868329632,12.36749116607774,percentil_invertido_anual,"Ministerio de Vivienda, valor tasado","INE, Atlas de distribución de renta de los hogares"
48078,2018,2047.6813664596275,161,4,32566.0,90.0,184291.32298136648,5.659010101988776,7.067137809187279,percentil_invertido_anual,"Ministerio de Vivienda, valor tasado","INE, Atlas de distribución de renta de los hogares"
48082,2018,1974.8219047619048,210,4,31582.0,90.0,177733.9714285714,5.627698417724382,7.420494699646643,percentil_invertido_anual,"Ministerio de Vivienda, valor tasado","INE, Atlas de distribución de renta de los hogares"
48084,2018,1539.9955555555557,135,4,28158.0,90.0,138599.6,4.922210384260246,17.314487632508833,percentil_invertido_anual,"Ministerio de Vivienda, valor tasado","INE, Atlas de distribución de renta de los hogares"
49275,2018,1030.4210843373494,498,4,27662.0,90.0,92737.89759036145,3.352537690346376,57.59717314487632,percentil_invertido_anual,"Ministerio de Vivienda, valor tasado","INE, Atlas de distribución de renta de los hogares"
50297,2018,1311.6342375366569,5456,4,33448.0,90.0,118047.08137829912,3.5292717465408727,48.763250883392224,percentil_invertido_anual,"Ministerio de Vivienda, valor tasado","INE, Atlas de distribución de renta de los hogares"
51001,2018,1732.6855450236967,422,4,37090.0,90.0,155941.6990521327,4.204413563012475,32.15547703180212,percentil_invertido_anual,"Ministerio de Vivienda, valor tasado","INE, Atlas de distribución de renta de los hogares"
52001,2018,1603.38199513382,411,4,37829.0,90.0,144304.37956204382,3.814649595866764,40.28268551236749,percentil_invertido_anual,"Ministerio de Vivienda, valor tasado","INE, Atlas de distribución de renta de los hogares"
01059,2019,2067.5572171651497,769,4,36091.0,90.0,186080.14954486347,5.155860174139355,16.607773851590107,percentil_invertido_anual,"Ministerio de Vivienda, valor tasado","INE, Atlas de distribución de renta de los hogares"
02003,2019,1185.805350978136,1738,4,32522.0,90.0,106722.48158803224,3.2815473091455702,59.71731448763251,percentil_invertido_anual,"Ministerio de Vivienda, valor tasado","INE, Atlas de distribución de renta de los hogares"
02009,2019,722.7410000000001,200,4,27661.0,90.0,65046.69000000001,2.351566826940458,92.57950530035336,percentil_invertido_anual,"Ministerio de Vivienda, valor tasado","INE, Atlas de distribución de renta de los hogares"
02037,2019,684.779207920792,202,4,24100.0,90.0,61630.12871287129,2.5572667515714227,86.57243816254417,percentil_invertido_anual,"Ministerio de Vivienda, valor tasado","INE, Atlas de distribución de renta de los hogares"
02081,2019,608.9917030567685,229,4,27731.0,90.0,54809.253275109164,1.9764614790346242,99.64664310954063,percentil_invertido_anual,"Ministerio de Vivienda, valor tasado","INE, Atlas de distribución de renta de los hogares"
03009,2019,639.141,600,4,27347.0,90.0,57522.689999999995,2.103436940066552,98.23321554770318,percentil_invertido_anual,"Ministerio de Vivienda, valor tasado","INE, Atlas de distribución de renta de los hogares"
03014,2019,1202.9680101394172,3945,4,29825.0,90.0,108267.12091254754,3.6300794941340335,47.34982332155477,percentil_invertido_anual,"Ministerio de Vivienda, valor tasado","INE, Atlas de distribución de renta de los hogares"
03031,2019,1951.1386714116254,843,4,24900.0,90.0,175602.48042704628,7.052308450885393,2.4734982332155475,percentil_invertido_anual,"Ministerio de Vivienda, valor tasado","INE, Atlas de distribución de renta de los hogares"
03047,2019,1757.0142857142857,455,4,24546.0,90.0,158131.2857142857,6.442242553340084,4.946996466431095,percentil_invertido_anual,"Ministerio de Vivienda, valor tasado","INE, Atlas de distribución de renta de los hogares"
03059,2019,677.9837962962963,216,4,24264.0,90.0,61018.541666666664,2.5147766924936805,87.63250883392226,percentil_invertido_anual,"Ministerio de Vivienda, valor tasado","INE, Atlas de distribución de renta de los hogares"
03063,2019,1612.1342657342657,858,4,27163.0,90.0,145092.0839160839,5.3415338481052865,13.42756183745583,percentil_invertido_anual,"Ministerio de Vivienda, valor tasado","INE, Atlas de distribución de renta de los hogares"
03065,2019,927.1755980861244,2090,4,26453.0,90.0,83445.8038277512,3.1544930188542395,65.37102473498233,percentil_invertido_anual,"Ministerio de Vivienda, valor tasado","INE, Atlas de distribución de renta de los hogares"
03066,2019,594.7824399260628,541,4,23905.0,90.0,53530.41959334565,2.2392980377889833,95.0530035335689,percentil_invertido_anual,"Ministerio de Vivienda, valor tasado","INE, Atlas de distribución de renta de los hogares"
03082,2019,1840.418650793651,504,4,25193.0,90.0,165637.6785714286,6.574750072298996,3.8869257950530036,percentil_invertido_anual,"Ministerio de Vivienda, valor tasado","INE, Atlas de distribución de renta de los hogares"
03093,2019,683.2368983957218,187,4,27254.0,90.0,61491.32085561496,2.256231043355653,94.69964664310955,percentil_invertido_anual,"Ministerio de Vivienda, valor tasado","INE, Atlas de distribución de renta de los hogares"
03099,2019,1201.2502567865004,1363,4,24163.0,90.0,108112.52311078503,4.474300505350537,29.328621908127207,percentil_invertido_anual,"Ministerio de Vivienda, valor tasado","INE, Atlas de distribución de renta de los hogares"
03104,2019,671.6226666666666,225,4,25197.0,90.0,60446.04,2.3989379688058103,90.45936395759718,percentil_invertido_anual,"Ministerio de Vivienda, valor tasado","INE, Atlas de distribución de renta de los hogares"
03121,2019,1335.6674902470743,769,4,24489.0,90.0,120210.07412223669,4.908737560628719,20.49469964664311,percentil_invertido_anual,"Ministerio de Vivienda, valor tasado","INE, Atlas de distribución de renta de los hogares"
03122,2019,1063.0960644007155,559,4,30030.0,90.0,95678.64579606439,3.186102091111035,64.31095406360424,percentil_invertido_anual,"Ministerio de Vivienda, valor tasado","INE, Atlas de distribución de renta de los hogares"
03133,2019,1238.2028004667445,1714,4,20046.0,90.0,111438.252042007,5.559126610895291,9.540636042402827,percentil_invertido_anual,"Ministerio de Vivienda, valor tasado","INE, Atlas de distribución de renta de los hogares"
03139,2019,1312.1164122137404,524,4,26388.0,90.0,118090.47709923664,4.4751582954083915,28.975265017667844,percentil_invertido_anual,"Ministerio de Vivienda, valor tasado","INE, Atlas de distribución de renta de los hogares"
03140,2019,625.3174193548388,310,4,25728.0,90.0,56278.56774193549,2.1874443307655276,96.46643109540636,percentil_invertido_anual,"Ministerio de Vivienda, valor tasado","INE, Atlas de distribución de renta de los hogares"
04013,2019,1190.0910339256866,2476,4,29622.0,90.0,107108.1930533118,3.615832592441827,48.0565371024735,percentil_invertido_anual,"Ministerio de Vivienda, valor tasado","INE, Atlas de distribución de renta de los hogares"
04079,2019,1008.8816307403936,2134,4,26317.0,90.0,90799.34676663543,3.450216467174656,54.77031802120141,percentil_invertido_anual,"Ministerio de Vivienda, valor tasado","INE, Atlas de distribución de renta de los hogares"
04902,2019,903.432299927902,1387,4,24310.0,90.0,81308.90699351118,3.3446691482316404,58.303886925795055,percentil_invertido_anual,"Ministerio de Vivienda, valor tasado","INE, Atlas de distribución de renta de los hogares"
05019,2019,1000.2078341013823,651,4,30292.0,90.0,90018.70506912441,2.971698965704622,72.79151943462898,percentil_invertido_anual,"Ministerio de Vivienda, valor tasado","INE, Atlas de distribución de renta de los hogares"
06011,2019,760.0934853420196,307,4,24001.0,90.0,68408.41368078176,2.8502318103738076,77.03180212014134,percentil_invertido_anual,"Ministerio de Vivienda, valor tasado","INE, Atlas de distribución de renta de los hogares"
06015,2019,1152.0990846681923,1311,4,30732.0,90.0,103688.9176201373,3.3739723291727612,57.95053003533569,percentil_invertido_anual,"Ministerio de Vivienda, valor tasado","INE, Atlas de distribución de renta de los hogares"
06044,2019,807.6284552845527,369,4,27102.0,90.0,72686.56097560974,2.681962990761189,83.39222614840989,percentil_invertido_anual,"Ministerio de Vivienda, valor tasado","INE, Atlas de distribución de renta de los hogares"
06083,2019,836.9028938906752,622,4,28617.0,90.0,75321.26045016077,2.632046002381828,85.15901060070671,percentil_invertido_anual,"Ministerio de Vivienda, valor tasado","INE, Atlas de distribución de renta de los hogares"
07011,2019,3006.607307692308,780,4,36259.0,90.0,270594.6576923077,7.462827372302262,1.7667844522968197,percentil_invertido_anual,"Ministerio de Vivienda, valor tasado","INE, Atlas de distribución de renta de los hogares"
07015,2019,1944.6367391304348,460,4,33131.0,90.0,175017.30652173914,5.282584483466818,14.840989399293287,percentil_invertido_anual,"Ministerio de Vivienda, valor tasado","INE, Atlas de distribución de renta de los hogares"
07026,2019,3604.5966355140185,535,4,41883.0,90.0,324413.69719626167,7.745712990861726,1.0600706713780919,percentil_invertido_anual,"Ministerio de Vivienda, valor tasado","INE, Atlas de distribución de renta de los hogares"
07027,2019,1421.7907999999998,500,4,33132.0,90.0,127961.17199999998,3.8621626222383187,40.63604240282685,percentil_invertido_anual,"Ministerio de Vivienda, valor tasado","INE, Atlas de distribución de renta de los hogares"
07031,2019,1970.2018691588787,642,4,36916.0,90.0,177318.1682242991,4.803287686214625,21.20141342756184,percentil_invertido_anual,"Ministerio de Vivienda, valor tasado","INE, Atlas de distribución de renta de los hogares"
07032,2019,1512.63021978022,364,4,36273.0,90.0,136136.7197802198,3.7531144316769995,43.46289752650177,percentil_invertido_anual,"Ministerio de Vivienda, valor tasado","INE, Atlas de distribución de renta de los hogares"
07033,2019,1398.8110453648915,507,4,33829.0,90.0,125892.99408284023,3.721451833717823,44.522968197879855,percentil_invertido_anual,"Ministerio de Vivienda, valor tasado","INE, Atlas de distribución de renta de los hogares"
07036,2019,2229.968201754386,456,4,45459.0,90.0,200697.13815789475,4.414904378844557,30.3886925795053,percentil_invertido_anual,"Ministerio de Vivienda, valor tasado","INE, Atlas de distribución de renta de los hogares"
07040,2019,2142.9396039603957,4343,4,38852.0,90.0,192864.5643564356,4.964083299609689,19.434628975265017,percentil_invertido_anual,"Ministerio de Vivienda, valor tasado","INE, Atlas de distribución de renta de los hogares"
07054,2019,3584.0344387755104,392,4,37956.0,90.0,322563.0994897959,8.498342804557801,0.0,percentil_invertido_anual,"Ministerio de Vivienda, valor tasado","INE, Atlas de distribución de renta de los hogares"
08015,2019,1992.1084560082163,2921,4,33689.0,90.0,179289.76104073948,5.321908072092953,13.780918727915195,percentil_invertido_anual,"Ministerio de Vivienda, valor tasado","INE, Atlas de distribución de renta de los hogares"
08019,2019,3398.2577761817706,15316,4,41046.0,90.0,305843.19985635934,7.451230323450746,2.1201413427561837,percentil_invertido_anual,"Ministerio de Vivienda, valor tasado","INE, Atlas de distribución de renta de los hogares"
08056,2019,3083.8266310160425,935,4,44232.0,90.0,277544.3967914438,6.274742195501985,5.6537102473498235,percentil_invertido_anual,"Ministerio de Vivienda, valor tasado","INE, Atlas de distribución de renta de los hogares"
08073,2019,2223.0141981613897,979,4,34025.0,90.0,200071.27783452507,5.880125726216755,7.420494699646643,percentil_invertido_anual,"Ministerio de Vivienda, valor tasado","INE, Atlas de distribución de renta de los hogares"
08077,2019,2548.9596736596736,429,4,41973.0,90.0,229406.37062937062,5.465570024286341,11.307420494699647,percentil_invertido_anual,"Ministerio de Vivienda, valor tasado","INE, Atlas de distribución de renta de los hogares"
08089,2019,2491.757927786499,637,4,39069.0,90.0,224258.21350078488,5.7400551204480506,8.8339222614841,percentil_invertido_anual,"Ministerio de Vivienda, valor tasado","INE, Atlas de distribución de renta de los hogares"
08096,2019,1779.3791268758525,733,4,36987.0,90.0,160144.12141882672,4.329740758072477,33.21554770318021,percentil_invertido_anual,"Ministerio de Vivienda, valor tasado","INE, Atlas de distribución de renta de los hogares"
08101,2019,2182.1027944111775,3006,4,31645.0,90.0,196389.251497006,6.206012055522389,6.360424028268551,percentil_invertido_anual,"Ministerio de Vivienda, valor tasado","INE, Atlas de distribución de renta de los hogares"
08102,2019,1162.5633136094675,507,4,35309.0,90.0,104630.69822485208,2.963286930381831,73.4982332155477,percentil_invertido_anual,"Ministerio de Vivienda, valor tasado","INE, Atlas de distribución de renta de los hogares"
08113,2019,1030.8860619469026,904,4,33624.0,90.0,92779.74557522124,2.7593310009285403,81.2720848056537,percentil_invertido_anual,"Ministerio de Vivienda, valor tasado","INE, Atlas de distribución de renta de los hogares"
08114,2019,1585.1434782608696,322,4,36988.0,90.0,142662.91304347827,3.8570053272271623,40.98939929328622,percentil_invertido_anual,"Ministerio de Vivienda, valor tasado","INE, Atlas de distribución de renta de los hogares"
08121,2019,1757.726597131682,1534,4,33144.0,90.0,158195.39374185138,4.772972294890519,21.908127208480565,percentil_invertido_anual,"Ministerio de Vivienda, valor tasado","INE, Atlas de distribución de renta de los hogares"
08124,2019,1789.7231686541738,587,4,35177.0,90.0,161075.08517887566,4.578988690874027,25.795053003533567,percentil_invertido_anual,"Ministerio de Vivienda, valor tasado","INE, Atlas de distribución de renta de los hogares"
08125,2019,1727.3412008281575,483,4,34248.0,90.0,155460.70807453417,4.539263842400554,26.148409893992934,percentil_invertido_anual,"Ministerio de Vivienda, valor tasado","INE, Atlas de distribución de renta de los hogares"
08169,2019,2338.1407194244607,695,4,35994.0,90.0,210432.66474820147,5.846326186258862,7.773851590106007,percentil_invertido_anual,"Ministerio de Vivienda, valor tasado","INE, Atlas de distribución de renta de los hogares"
08172,2019,2155.636507936508,378,4,37197.0,90.0,194007.28571428574,5.215670234542725,15.901060070671377,percentil_invertido_anual,"Ministerio de Vivienda, valor tasado","INE, Atlas de distribución de renta de los hogares"
08180,2019,1830.6274725274725,637,4,33156.0,90.0,164756.47252747254,4.969129947142977,19.081272084805654,percentil_invertido_anual,"Ministerio de Vivienda, valor tasado","INE, Atlas de distribución de renta de los hogares"
08184,2019,1758.454820261438,1224,4,35428.0,90.0,158260.93382352943,4.46711453718893,29.681978798586574,percentil_invertido_anual,"Ministerio de Vivienda, valor tasado","INE, Atlas de distribución de renta de los hogares"
08187,2019,1707.5906539173347,3242,4,35200.0,90.0,153683.15885256013,4.36599883103864,31.802120141342755,percentil_invertido_anual,"Ministerio de Vivienda, valor tasado","INE, Atlas de distribución de renta de los hogares"
08194,2019,1960.0786632390746,389,4,31077.0,90.0,176407.0796915167,5.676451384995872,9.187279151943462,percentil_invertido_anual,"Ministerio de Vivienda, valor tasado","INE, Atlas de distribución de renta de los hogares"
08200,2019,2098.294880264244,1211,4,35523.0,90.0,188846.53922378196,5.316176539813134,14.134275618374557,percentil_invertido_anual,"Ministerio de Vivienda, valor tasado","INE, Atlas de distribución de renta de los hogares"
08205,2019,3420.4559336823736,1146,4,64376.0,90.0,307841.0340314136,4.781922362859041,21.554770318021202,percentil_invertido_anual,"Ministerio de Vivienda, valor tasado","INE, Atlas de distribución de renta de los hogares"
08211,2019,2354.5723865877712,507,4,40612.0,90.0,211911.5147928994,5.21795318607553,15.547703180212014,percentil_invertido_anual,"Ministerio de Vivienda, valor tasado","INE, Atlas de distribución de renta de los hogares"
08217,2019,2595.371802325581,344,4,43071.0,90.0,233583.4622093023,5.4232189224606415,12.36749116607774,percentil_invertido_anual,"Ministerio de Vivienda, valor tasado","INE, Atlas de distribución de renta de los hogares"
08231,2019,1725.5672473867596,574,4,35773.0,90.0,155301.05226480836,4.3412923787439786,32.86219081272085,percentil_invertido_anual,"Ministerio de Vivienda, valor tasado","INE, Atlas de distribución de renta de los hogares"
08245,2019,1774.5680077871511,1541,4,30063.0,90.0,159711.1207008436,5.312547673247633,14.487632508833922,percentil_invertido_anual,"Ministerio de Vivienda, valor tasado","INE, Atlas de distribución de renta de los hogares"
08252,2019,1879.1671840354768,451,4,37707.0,90.0,169125.0465631929,4.485242701970268,28.268551236749115,percentil_invertido_anual,"Ministerio de Vivienda, valor tasado","INE, Atlas de distribución de renta de los hogares"
08263,2019,1863.8294964028778,417,4,36393.0,90.0,167744.654676259,4.6092560293534195,24.381625441696112,percentil_invertido_anual,"Ministerio de Vivienda, valor tasado","INE, Atlas de distribución de renta de los hogares"
08266,2019,2121.876842105263,665,4,41254.0,90.0,190968.91578947369,4.629100591202639,23.32155477031802,percentil_invertido_anual,"Ministerio de Vivienda, valor tasado","INE, Atlas de distribución de renta de los hogares"
08279,2019,1598.3339865621501,3572,4,35132.0,90.0,143850.05879059352,4.094559341642762,36.39575971731449,percentil_invertido_anual,"Ministerio de Vivienda, valor tasado","INE, Atlas de distribución de renta de los hogares"
08298,2019,1306.7744086021505,465,4,37321.0,90.0,117609.69677419355,3.1513007897482264,65.7243816254417,percentil_invertido_anual,"Ministerio de Vivienda, valor tasado","INE, Atlas de distribución de renta de los hogares"
08301,2019,2242.7978672985782,844,4,37220.0,90.0,201851.80805687205,5.423208169179797,12.720848056537102,percentil_invertido_anual,"Ministerio de Vivienda, valor tasado","INE, Atlas de distribución de renta de los hogares"
08305,2019,1354.9077499999999,400,4,33949.0,90.0,121941.69749999998,3.5919083772717895,49.11660777385159,percentil_invertido_anual,"Ministerio de Vivienda, valor tasado","INE, Atlas de distribución de renta de los hogares"
08307,2019,1737.436673151751,1028,4,35810.0,90.0,156369.30058365758,4.3666378269661426,31.448763250883392,percentil_invertido_anual,"Ministerio de Vivienda, valor tasado","INE, Atlas de distribución de renta de los hogares"
09018,2019,1011.6264150943397,265,4,31082.0,90.0,91046.37735849057,2.92923162468601,74.5583038869258,percentil_invertido_anual,"Ministerio de Vivienda, valor tasado","INE, Atlas de distribución de renta de los hogares"
09059,2019,1315.6608391608393,1287,4,34317.0,90.0,118409.47552447554,3.4504611569914485,54.41696113074205,percentil_invertido_anual,"Ministerio de Vivienda, valor tasado","INE, Atlas de distribución de renta de los hogares"
09219,2019,949.5495726495727,351,4,31465.0,90.0,85459.46153846155,2.7160165751934384,82.68551236749117,percentil_invertido_anual,"Ministerio de Vivienda, valor tasado","INE, Atlas de distribución de renta de los hogares"
10037,2019,1061.6865364850976,973,4,31294.0,90.0,95551.78828365878,3.0533580968766785,70.31802120141343,percentil_invertido_anual,"Ministerio de Vivienda, valor tasado","INE, Atlas de distribución de renta de los hogares"
10148,2019,859.468359375,512,4,27294.0,90.0,77352.15234375,2.8340350386073863,77.73851590106007,percentil_invertido_anual,"Ministerio de Vivienda, valor tasado","INE, Atlas de distribución de renta de los hogares"
11004,2019,1003.9397321428571,1344,4,29972.0,90.0,90354.57589285714,3.014632853758746,71.73144876325088,percentil_invertido_anual,"Ministerio de Vivienda, valor tasado","INE, Atlas de distribución de renta de los hogares"
11006,2019,863.317933130699,329,4,22850.0,90.0,77698.6139817629,3.400376979508223,57.59717314487632,percentil_invertido_anual,"Ministerio de Vivienda, valor tasado","INE, Atlas de distribución de renta de los hogares"
11012,2019,1993.9615744349182,1283,4,32555.0,90.0,179456.54169914263,5.5124110489676745,10.247349823321555,percentil_invertido_anual,"Ministerio de Vivienda, valor tasado","INE, Atlas de distribución de renta de los hogares"
11015,2019,1335.8606941081516,1239,4,26182.0,90.0,120227.46246973364,4.591989247182554,25.08833922261484,percentil_invertido_anual,"Ministerio de Vivienda, valor tasado","INE, Atlas de distribución de renta de los hogares"
11020,2019,948.383384480491,2281,4,27147.0,90.0,85354.50460324419,3.1441597452110432,66.07773851590106,percentil_invertido_anual,"Ministerio de Vivienda, valor tasado","INE, Atlas de distribución de renta de los hogares"
11022,2019,1096.234250343879,727,4,25006.0,90.0,98661.0825309491,3.9454963821062585,38.869257950530034,percentil_invertido_anual,"Ministerio de Vivienda, valor tasado","INE, Atlas de distribución de renta de los hogares"
11027,2019,1384.2750902527077,1108,4,30145.0,90.0,124584.75812274369,4.132849829913541,34.98233215547703,percentil_invertido_anual,"Ministerio de Vivienda, valor tasado","INE, Atlas de distribución de renta de los hogares"
11028,2019,1109.8505076142133,394,4,29032.0,90.0,99886.5456852792,3.4405671564232296,56.18374558303887,percentil_invertido_anual,"Ministerio de Vivienda, valor tasado","INE, Atlas de distribución de renta de los hogares"
11030,2019,1618.43813229572,514,4,27941.0,90.0,145659.4319066148,5.2131073299672455,16.25441696113074,percentil_invertido_anual,"Ministerio de Vivienda, valor tasado","INE, Atlas de distribución de renta de los hogares"
11031,2019,1123.6131019036955,893,4,29392.0,90.0,101125.1791713326,3.440568153624544,55.830388692579504,percentil_invertido_anual,"Ministerio de Vivienda, valor tasado","INE, Atlas de distribución de renta de los hogares"
11032,2019,1174.4451693851945,797,4,22849.0,90.0,105700.06524466751,4.62602587617259,24.02826855123675,percentil_invertido_anual,"Ministerio de Vivienda, valor tasado","INE, Atlas de distribución de renta de los hogares"
11033,2019,1432.8051457975987,583,4,29857.0,90.0,128952.46312178388,4.319002683517563,33.92226148409894,percentil_invertido_anual,"Ministerio de Vivienda, valor tasado","INE, Atlas de distribución de renta de los hogares"
12032,2019,750.4299760191848,417,4,28966.0,90.0,67538.69784172664,2.331654278869248,93.63957597173145,percentil_invertido_anual,"Ministerio de Vivienda, valor tasado","INE, Atlas de distribución de renta de los hogares"
12040,2019,910.326837806301,1714,4,32012.0,90.0,81929.41540256709,2.559334480899884,86.21908127208481,percentil_invertido_anual,"Ministerio de Vivienda, valor tasado","INE, Atlas de distribución de renta de los hogares"
12126,2019,693.5619402985075,402,4,28431.0,90.0,62420.57462686567,2.1955110487448795,96.113074204947,percentil_invertido_anual,"Ministerio de Vivienda, valor tasado","INE, Atlas de distribución de renta de los hogares"
12135,2019,756.4750922509226,542,4,31900.0,90.0,68082.75830258302,2.134255746162477,97.87985865724382,percentil_invertido_anual,"Ministerio de Vivienda, valor tasado","INE, Atlas de distribución de renta de los hogares"
12138,2019,985.338918918919,370,4,27583.0,90.0,88680.50270270271,3.215041971602172,62.54416961130742,percentil_invertido_anual,"Ministerio de Vivienda, valor tasado","INE, Atlas de distribución de renta de los hogares"
13005,2019,710.1467692307692,325,4,30410.0,90.0,63913.20923076923,2.1017168441555154,98.58657243816255,percentil_invertido_anual,"Ministerio de Vivienda, valor tasado","INE, Atlas de distribución de renta de los hogares"
13034,2019,985.5117557251908,655,4,34019.0,90.0,88696.05801526718,2.607250595704376,85.86572438162544,percentil_invertido_anual,"Ministerio de Vivienda, valor tasado","INE, Atlas de distribución de renta de los hogares"
13071,2019,612.2743169398907,366,4,28241.0,90.0,55104.688524590165,1.9512300741684134,100.0,percentil_invertido_anual,"Ministerio de Vivienda, valor tasado","INE, Atlas de distribución de renta de los hogares"
13082,2019,645.3945344129555,494,4,24818.0,90.0,58085.508097166,2.340458864419615,92.93286219081273,percentil_invertido_anual,"Ministerio de Vivienda, valor tasado","INE, Atlas de distribución de renta de los hogares"
13087,2019,689.5285714285714,301,4,26792.0,90.0,62057.57142857142,2.3162724480655204,93.99293286219081,percentil_invertido_anual,"Ministerio de Vivienda, valor tasado","INE, Atlas de distribución de renta de los hogares"
14021,2019,1286.770937950938,3465,4,30730.0,90.0,115809.38441558443,3.7686099712197993,42.75618374558304,percentil_invertido_anual,"Ministerio de Vivienda, valor tasado","INE, Atlas de distribución de renta de los hogares"
14038,2019,766.5388261851016,443,4,24423.0,90.0,68988.49435665914,2.8247346499880908,78.79858657243817,percentil_invertido_anual,"Ministerio de Vivienda, valor tasado","INE, Atlas de distribución de renta de los hogares"
14056,2019,792.5699029126214,206,4,24167.0,90.0,71331.29126213593,2.951598926723877,73.85159010600707,percentil_invertido_anual,"Ministerio de Vivienda, valor tasado","INE, Atlas de distribución de renta de los hogares"
15005,2019,945.044011976048,334,4,29783.0,90.0,85053.96107784432,2.8557889090368436,76.32508833922262,percentil_invertido_anual,"Ministerio de Vivienda, valor tasado","INE, Atlas de distribución de renta de los hogares"
15019,2019,741.9505952380952,168,4,27916.0,90.0,66775.55357142857,2.392017250731787,90.81272084805654,percentil_invertido_anual,"Ministerio de Vivienda, valor tasado","INE, Atlas de distribución de renta de los hogares"
15030,2019,1660.4705852926463,1999,4,34521.0,90.0,149442.35267633817,4.329027336297853,33.56890459363957,percentil_invertido_anual,"Ministerio de Vivienda, valor tasado","INE, Atlas de distribución de renta de los hogares"
15031,2019,1237.8653061224488,294,4,31993.0,90.0,111407.8775510204,3.482257917388816,52.65017667844523,percentil_invertido_anual,"Ministerio de Vivienda, valor tasado","INE, Atlas de distribución de renta de los hogares"
15036,2019,703.1237472766884,459,4,29041.0,90.0,63281.13725490196,2.1790274871699307,96.81978798586573,percentil_invertido_anual,"Ministerio de Vivienda, valor tasado","INE, Atlas de distribución de renta de los hogares"
15054,2019,761.6822784810128,316,4,28834.0,90.0,68551.40506329115,2.377450407965983,91.87279151943463,percentil_invertido_anual,"Ministerio de Vivienda, valor tasado","INE, Atlas de distribución de renta de los hogares"
15058,2019,1335.5772182254195,417,4,43859.0,90.0,120201.94964028776,2.7406450133447584,82.3321554770318,percentil_invertido_anual,"Ministerio de Vivienda, valor tasado","INE, Atlas de distribución de renta de los hogares"
15073,2019,940.3620833333334,240,4,29927.0,90.0,84632.58750000001,2.8279676379189365,78.4452296819788,percentil_invertido_anual,"Ministerio de Vivienda, valor tasado","INE, Atlas de distribución de renta de los hogares"
15078,2019,1630.5756578947369,608,4,36620.0,90.0,146751.80921052632,4.007422425191871,38.16254416961131,percentil_invertido_anual,"Ministerio de Vivienda, valor tasado","INE, Atlas de distribución de renta de los hogares"
16078,2019,1051.3189583333333,480,4,31879.0,90.0,94618.70624999999,2.9680575378775993,73.14487632508833,percentil_invertido_anual,"Ministerio de Vivienda, valor tasado","INE, Atlas de distribución de renta de los hogares"
17023,2019,1459.6589371980676,621,4,30128.0,90.0,131369.30434782608,4.360372555358008,32.15547703180212,percentil_invertido_anual,"Ministerio de Vivienda, valor tasado","INE, Atlas de distribución de renta de los hogares"
17066,2019,1187.243161634103,563,4,30181.0,90.0,106851.88454706928,3.5403692570514322,51.236749116607776,percentil_invertido_anual,"Ministerio de Vivienda, valor tasado","INE, Atlas de distribución de renta de los hogares"
17079,2019,1680.3957504520795,1106,4,39298.0,90.0,151235.61754068715,3.8484303918949347,41.342756183745585,percentil_invertido_anual,"Ministerio de Vivienda, valor tasado","INE, Atlas de distribución de renta de los hogares"
17095,2019,1677.9854324734445,659,4,27484.0,90.0,151018.68892261,5.4947856542937705,10.60070671378092,percentil_invertido_anual,"Ministerio de Vivienda, valor tasado","INE, Atlas de distribución de renta de los hogares"
17114,2019,1140.089124668435,377,4,35812.0,90.0,102608.02122015915,2.8651854467820606,75.97173144876325,percentil_invertido_anual,"Ministerio de Vivienda, valor tasado","INE, Atlas de distribución de renta de los hogares"
17155,2019,1034.5758302583026,542,4,30231.0,90.0,93111.82472324723,3.080011402972023,68.90459363957598,percentil_invertido_anual,"Ministerio de Vivienda, valor tasado","INE, Atlas de distribución de renta de los hogares"
18087,2019,1584.4093931194434,2587,4,31519.0,90.0,142596.8453807499,4.524155124869123,26.85512367491166,percentil_invertido_anual,"Ministerio de Vivienda, valor tasado","INE, Atlas de distribución de renta de los hogares"
18140,2019,1014.0551198257081,918,4,26655.0,90.0,91264.96078431372,3.4239340005369994,56.890459363957596,percentil_invertido_anual,"Ministerio de Vivienda, valor tasado","INE, Atlas de distribución de renta de los hogares"
19130,2019,1209.8291208791209,728,4,34912.0,90.0,108884.62087912088,3.118830799699842,67.13780918727915,percentil_invertido_anual,"Ministerio de Vivienda, valor tasado","INE, Atlas de distribución de renta de los hogares"
20030,2019,1535.5808510638296,47,2,37144.0,90.0,138202.27659574465,3.72071604016112,44.87632508833922,percentil_invertido_anual,"Ministerio de Vivienda, valor tasado","INE, Atlas de distribución de renta de los hogares"
20045,2019,2006.3567346938773,245,4,34489.0,90.0,180572.10612244895,5.235643426090897,15.19434628975265,percentil_invertido_anual,"Ministerio de Vivienda, valor tasado","INE, Atlas de distribución de renta de los hogares"
20067,2019,2094.0600000000004,155,4,32710.0,90.0,188465.40000000002,5.761705900336289,8.480565371024735,percentil_invertido_anual,"Ministerio de Vivienda, valor tasado","INE, Atlas de distribución de renta de los hogares"
20069,2019,3712.4138522427443,758,4,44674.0,90.0,334117.246701847,7.4790089694642745,1.4134275618374559,percentil_invertido_anual,"Ministerio de Vivienda, valor tasado","INE, Atlas de distribución de renta de los hogares"
21041,2019,1026.3890703517588,1592,4,29104.0,90.0,92375.01633165829,3.1739629030943615,64.66431095406361,percentil_invertido_anual,"Ministerio de Vivienda, valor tasado","INE, Atlas de distribución de renta de los hogares"
22125,2019,1143.2751953125,512,4,33443.0,90.0,102894.767578125,3.076720616515414,69.25795053003533,percentil_invertido_anual,"Ministerio de Vivienda, valor tasado","INE, Atlas de distribución de renta de los hogares"
23005,2019,740.5722222222222,324,4,23776.0,90.0,66651.5,2.803310060565276,80.21201413427562,percentil_invertido_anual,"Ministerio de Vivienda, valor tasado","INE, Atlas de distribución de renta de los hogares"
23050,2019,1091.5079073482427,1252,4,32050.0,90.0,98235.71166134185,3.065076806906142,69.96466431095406,percentil_invertido_anual,"Ministerio de Vivienda, valor tasado","INE, Atlas de distribución de renta de los hogares"
23055,2019,770.963971880492,569,4,27579.0,90.0,69386.75746924427,2.5159272442526657,87.27915194346289,percentil_invertido_anual,"Ministerio de Vivienda, valor tasado","INE, Atlas de distribución de renta de los hogares"
23092,2019,885.0416666666666,300,4,28226.0,90.0,79653.75,2.821999220576773,79.15194346289752,percentil_invertido_anual,"Ministerio de Vivienda, valor tasado","INE, Atlas de distribución de renta de los hogares"
24089,2019,1159.069926199262,1084,4,32003.0,90.0,104316.29335793358,3.259578581943367,60.42402826855124,percentil_invertido_anual,"Ministerio de Vivienda, valor tasado","INE, Atlas de distribución de renta de los hogares"
24115,2019,764.5359154929578,568,4,28775.0,90.0,68808.2323943662,2.391250474174325,91.1660777385159,percentil_invertido_anual,"Ministerio de Vivienda, valor tasado","INE, Atlas de distribución de renta de los hogares"
24142,2019,879.6888030888032,259,4,28693.0,90.0,79171.99227799229,2.7592789975949636,81.62544169611307,percentil_invertido_anual,"Ministerio de Vivienda, valor tasado","INE, Atlas de distribución de renta de los hogares"
25120,2019,927.7970245795601,1546,4,33784.0,90.0,83501.73221216041,2.471635455013036,88.33922261484099,percentil_invertido_anual,"Ministerio de Vivienda, valor tasado","INE, Atlas de distribución de renta de los hogares"
26089,2019,1198.2576015108593,1059,4,33844.0,90.0,107843.18413597734,3.1864786708420203,63.957597173144876,percentil_invertido_anual,"Ministerio de Vivienda, valor tasado","INE, Atlas de distribución de renta de los hogares"
27028,2019,892.3197802197801,728,4,30393.0,90.0,80308.78021978021,2.6423446260579806,84.80565371024736,percentil_invertido_anual,"Ministerio de Vivienda, valor tasado","INE, Atlas de distribución de renta de los hogares"
28005,2019,1644.7127262443437,1768,4,36320.0,90.0,148024.14536199093,4.075554663050411,37.102473498233216,percentil_invertido_anual,"Ministerio de Vivienda, valor tasado","INE, Atlas de distribución de renta de los hogares"
28006,2019,2832.134253578732,978,4,56931.0,90.0,254892.08282208588,4.4772107080867345,28.62190812720848,percentil_invertido_anual,"Ministerio de Vivienda, valor tasado","INE, Atlas de distribución de renta de los hogares"
28007,2019,2034.8423701298705,1232,4,35675.0,90.0,183135.81331168834,5.13344956725125,16.96113074204947,percentil_invertido_anual,"Ministerio de Vivienda, valor tasado","INE, Atlas de distribución de renta de los hogares"
28013,2019,1360.0897553516818,654,4,34299.0,90.0,122408.07798165137,3.568852677385678,50.53003533568904,percentil_invertido_anual,"Ministerio de Vivienda, valor tasado","INE, Atlas de distribución de renta de los hogares"
28014,2019,1471.7670284938943,737,4,33957.0,90.0,132459.0325644505,3.9007872475321874,39.57597173144876,percentil_invertido_anual,"Ministerio de Vivienda, valor tasado","INE, Atlas de distribución de renta de los hogares"
28022,2019,2664.465261958998,878,4,73743.0,90.0,239801.87357630982,3.251859479222568,60.7773851590106,percentil_invertido_anual,"Ministerio de Vivienda, valor tasado","INE, Atlas de distribución de renta de los hogares"
28045,2019,1779.6382892057027,491,4,44175.0,90.0,160167.44602851325,3.6257486367518563,47.70318021201413,percentil_invertido_anual,"Ministerio de Vivienda, valor tasado","INE, Atlas de distribución de renta de los hogares"
28047,2019,1623.7206896551722,754,4,35366.0,90.0,146134.8620689655,4.132072105099969,35.3356890459364,percentil_invertido_anual,"Ministerio de Vivienda, valor tasado","INE, Atlas de distribución de renta de los hogares"
28049,2019,1859.2055363321797,578,4,36967.0,90.0,167328.49826989617,4.526428930394573,26.501766784452297,percentil_invertido_anual,"Ministerio de Vivienda, valor tasado","INE, Atlas de distribución de renta de los hogares"
28058,2019,1633.36473880597,1608,4,32911.0,90.0,147002.8264925373,4.46667759996771,30.035335689045937,percentil_invertido_anual,"Ministerio de Vivienda, valor tasado","INE, Atlas de distribución de renta de los hogares"
28061,2019,1641.8141393442622,488,4,42003.0,90.0,147763.2725409836,3.517921875603733,51.9434628975265,percentil_invertido_anual,"Ministerio de Vivienda, valor tasado","INE, Atlas de distribución de renta de los hogares"
28065,2019,1857.7904584882278,1614,4,35402.0,90.0,167201.14126394052,4.722929248741329,22.261484098939928,percentil_invertido_anual,"Ministerio de Vivienda, valor tasado","INE, Atlas de distribución de renta de los hogares"
28074,2019,1889.1130833333334,1200,4,33297.0,90.0,170020.17750000002,5.1061710514460765,17.314487632508833,percentil_invertido_anual,"Ministerio de Vivienda, valor tasado","INE, Atlas de distribución de renta de los hogares"
28079,2019,3259.459972405335,32615,4,43393.0,90.0,293351.3975164802,6.760339167987468,3.1802120141342756,percentil_invertido_anual,"Ministerio de Vivienda, valor tasado","INE, Atlas de distribución de renta de los hogares"
28080,2019,3044.8556780595363,907,4,65484.0,90.0,274037.0110253583,4.184793400301727,34.628975265017665,percentil_invertido_anual,"Ministerio de Vivienda, valor tasado","INE, Atlas de distribución de renta de los hogares"
28092,2019,1677.9016666666669,1620,4,33574.0,90.0,151011.15000000002,4.4978599511526784,27.915194346289752,percentil_invertido_anual,"Ministerio de Vivienda, valor tasado","INE, Atlas de distribución de renta de los hogares"
28106,2019,1316.5650485436893,1339,4,29932.0,90.0,118490.85436893204,3.958668126718296,38.51590106007067,percentil_invertido_anual,"Ministerio de Vivienda, valor tasado","INE, Atlas de distribución de renta de los hogares"
28113,2019,1769.9250474383302,527,4,36539.0,90.0,159293.2542694497,4.359540607828613,32.50883392226148,percentil_invertido_anual,"Ministerio de Vivienda, valor tasado","INE, Atlas de distribución de renta de los hogares"
28115,2019,3219.295031055901,805,4,84460.0,90.0,289736.55279503105,3.4304588301566548,56.53710247349823,percentil_invertido_anual,"Ministerio de Vivienda, valor tasado","INE, Atlas de distribución de renta de los hogares"
28123,2019,1961.366026289181,989,4,46007.0,90.0,176522.94236602628,3.836871397092318,42.04946996466431,percentil_invertido_anual,"Ministerio de Vivienda, valor tasado","INE, Atlas de distribución de renta de los hogares"
28127,2019,2760.4747706422017,1308,4,64303.0,90.0,248442.72935779815,3.86362579285256,40.28268551236749,percentil_invertido_anual,"Ministerio de Vivienda, valor tasado","INE, Atlas de distribución de renta de los hogares"
28130,2019,1850.9884498480242,329,4,35282.0,90.0,166588.96048632218,4.721641644076928,22.614840989399294,percentil_invertido_anual,"Ministerio de Vivienda, valor tasado","INE, Atlas de distribución de renta de los hogares"
28134,2019,2396.292065217391,920,4,44667.0,90.0,215666.2858695652,4.828313651455553,20.848056537102472,percentil_invertido_anual,"Ministerio de Vivienda, valor tasado","INE, Atlas de distribución de renta de los hogares"
28148,2019,1717.4436540016166,1237,4,35308.0,90.0,154569.92886014548,4.377759399007179,31.09540636042403,percentil_invertido_anual,"Ministerio de Vivienda, valor tasado","INE, Atlas de distribución de renta de los hogares"
28161,2019,1549.7615384615385,949,4,38126.0,90.0,139478.53846153847,3.658357510925313,46.28975265017668,percentil_invertido_anual,"Ministerio de Vivienda, valor tasado","INE, Atlas de distribución de renta de los hogares"
28181,2019,2165.2708978328174,323,4,57226.0,90.0,194874.38080495357,3.4053468843699295,57.24381625441696,percentil_invertido_anual,"Ministerio de Vivienda, valor tasado","INE, Atlas de distribución de renta de los hogares"
28903,2019,2583.6578544061304,522,4,56868.0,90.0,232529.20689655174,4.088928868547368,36.74911660777385,percentil_invertido_anual,"Ministerio de Vivienda, valor tasado","INE, Atlas de distribución de renta de los hogares"
29007,2019,1566.1936752136753,585,4,34275.0,90.0,140957.43076923076,4.112543567300679,36.042402826855124,percentil_invertido_anual,"Ministerio de Vivienda, valor tasado","INE, Atlas de distribución de renta de los hogares"
29015,2019,995.7473317865429,431,4,28085.0,90.0,89617.25986078886,3.190929672807152,63.25088339222615,percentil_invertido_anual,"Ministerio de Vivienda, valor tasado","INE, Atlas de distribución de renta de los hogares"
29025,2019,2008.3284712482468,1426,4,26985.0,90.0,180749.5624123422,6.698149431622835,3.5335689045936394,percentil_invertido_anual,"Ministerio de Vivienda, valor tasado","INE, Atlas de distribución de renta de los hogares"
29051,2019,1720.9235429447856,1304,4,26651.0,90.0,154883.1188650307,5.811531232037473,8.12720848056537,percentil_invertido_anual,"Ministerio de Vivienda, valor tasado","INE, Atlas de distribución de renta de los hogares"
29054,2019,2135.9273809523806,1008,4,24344.0,90.0,192233.46428571426,7.896543882916294,0.35335689045936397,percentil_invertido_anual,"Ministerio de Vivienda, valor tasado","INE, Atlas de distribución de renta de los hogares"
29067,2019,1713.7416680679337,5947,4,30447.0,90.0,154236.75012611403,5.065745397776925,18.021201413427562,percentil_invertido_anual,"Ministerio de Vivienda, valor tasado","INE, Atlas de distribución de renta de los hogares"
29069,2019,2500.735239361702,2256,4,28943.0,90.0,225066.17154255317,7.7761866960077795,0.7067137809187279,percentil_invertido_anual,"Ministerio de Vivienda, valor tasado","INE, Atlas de distribución de renta de los hogares"
29070,2019,1735.276435856146,1863,4,24580.0,90.0,156174.87922705314,6.353737966926491,5.30035335689046,percentil_invertido_anual,"Ministerio de Vivienda, valor tasado","INE, Atlas de distribución de renta de los hogares"
29082,2019,1834.2716034271727,817,4,33169.0,90.0,165084.44430844556,4.977070285762174,18.72791519434629,percentil_invertido_anual,"Ministerio de Vivienda, valor tasado","INE, Atlas de distribución de renta de los hogares"
29084,2019,1092.7378571428571,420,4,27362.0,90.0,98346.40714285715,3.5942696857999104,48.763250883392224,percentil_invertido_anual,"Ministerio de Vivienda, valor tasado","INE, Atlas de distribución de renta de los hogares"
29094,2019,1413.6215063520872,1102,4,25750.0,90.0,127225.93557168785,4.940813031910208,19.78798586572438,percentil_invertido_anual,"Ministerio de Vivienda, valor tasado","INE, Atlas de distribución de renta de los hogares"
29901,2019,1935.0615245009074,1102,4,26785.0,90.0,174155.53720508167,6.501980108459274,4.240282685512367,percentil_invertido_anual,"Ministerio de Vivienda, valor tasado","INE, Atlas de distribución de renta de los hogares"
30003,2019,898.9547445255473,548,4,26011.0,90.0,80905.92700729925,3.1104504635461634,67.84452296819788,percentil_invertido_anual,"Ministerio de Vivienda, valor tasado","INE, Atlas de distribución de renta de los hogares"
30005,2019,724.7172514619883,342,4,27895.0,90.0,65224.55263157895,2.338216620597919,93.28621908127208,percentil_invertido_anual,"Ministerio de Vivienda, valor tasado","INE, Atlas de distribución de renta de los hogares"
30015,2019,672.2295454545454,264,4,26795.0,90.0,60500.65909090908,2.2579085311031566,94.34628975265018,percentil_invertido_anual,"Ministerio de Vivienda, valor tasado","INE, Atlas de distribución de renta de los hogares"
30016,2019,980.9441310975611,2624,4,31411.0,90.0,88284.9717987805,2.810638687045319,79.85865724381625,percentil_invertido_anual,"Ministerio de Vivienda, valor tasado","INE, Atlas de distribución de renta de los hogares"
30019,2019,746.2522807017544,285,4,27648.0,90.0,67162.7052631579,2.429206642909357,89.75265017667844,percentil_invertido_anual,"Ministerio de Vivienda, valor tasado","INE, Atlas de distribución de renta de los hogares"
30022,2019,602.4498181818182,275,4,26192.0,90.0,54220.483636363635,2.0701162048092407,98.93992932862191,percentil_invertido_anual,"Ministerio de Vivienda, valor tasado","INE, Atlas de distribución de renta de los hogares"
30024,2019,805.4193236714975,828,4,30007.0,90.0,72487.73913043478,2.4156943090090572,90.10600706713781,percentil_invertido_anual,"Ministerio de Vivienda, valor tasado","INE, Atlas de distribución de renta de los hogares"
30026,2019,1018.0407949790795,478,4,23406.0,90.0,91623.67154811716,3.9145377915114565,39.2226148409894,percentil_invertido_anual,"Ministerio de Vivienda, valor tasado","INE, Atlas de distribución de renta de los hogares"
30027,2019,878.4144444444445,1080,4,33601.0,90.0,79057.3,2.352825808755692,92.226148409894,percentil_invertido_anual,"Ministerio de Vivienda, valor tasado","INE, Atlas de distribución de renta de los hogares"
30030,2019,1045.2860460500199,5038,4,33224.0,90.0,94075.74414450179,2.831559840612262,78.09187279151944,percentil_invertido_anual,"Ministerio de Vivienda, valor tasado","INE, Atlas de distribución de renta de los hogares"
30035,2019,1178.1276887871854,874,4,28690.0,90.0,106031.49199084668,3.695764795777159,45.58303886925795,percentil_invertido_anual,"Ministerio de Vivienda, valor tasado","INE, Atlas de distribución de renta de los hogares"
30037,2019,832.211697574893,701,4,28054.0,90.0,74899.05278174038,2.6698172375326292,84.09893992932862,percentil_invertido_anual,"Ministerio de Vivienda, valor tasado","INE, Atlas de distribución de renta de los hogares"
30039,2019,752.4471264367816,261,4,28400.0,90.0,67720.24137931033,2.384515541525012,91.51943462897526,percentil_invertido_anual,"Ministerio de Vivienda, valor tasado","INE, Atlas de distribución de renta de los hogares"
30043,2019,710.4394117647059,340,4,25905.0,90.0,63939.54705882353,2.468231888007085,88.69257950530036,percentil_invertido_anual,"Ministerio de Vivienda, valor tasado","INE, Atlas de distribución de renta de los hogares"
31201,2019,1857.7066954643628,926,4,36126.0,90.0,167193.60259179265,4.628068498914705,23.674911660777386,percentil_invertido_anual,"Ministerio de Vivienda, valor tasado","INE, Atlas de distribución de renta de los hogares"
31232,2019,1018.7099206349208,252,4,32341.0,90.0,91683.89285714287,2.8349121195121634,77.3851590106007,percentil_invertido_anual,"Ministerio de Vivienda, valor tasado","INE, Atlas de distribución de renta de los hogares"
32054,2019,1180.9314814814816,702,4,30039.0,90.0,106283.83333333334,3.538194791215864,51.590106007067135,percentil_invertido_anual,"Ministerio de Vivienda, valor tasado","INE, Atlas de distribución de renta de los hogares"
33004,2019,1059.5289556962025,632,4,30400.0,90.0,95357.60601265823,3.136763355679547,66.43109540636043,percentil_invertido_anual,"Ministerio de Vivienda, valor tasado","INE, Atlas de distribución de renta de los hogares"
33024,2019,1392.608177044261,2666,4,31231.0,90.0,125334.7359339835,4.013151546027457,37.80918727915194,percentil_invertido_anual,"Ministerio de Vivienda, valor tasado","INE, Atlas de distribución de renta de los hogares"
33031,2019,822.0622276029056,413,4,27828.0,90.0,73985.60048426151,2.6586747335152188,84.45229681978799,percentil_invertido_anual,"Ministerio de Vivienda, valor tasado","INE, Atlas de distribución de renta de los hogares"
33037,2019,815.6281512605042,238,4,29134.0,90.0,73406.53361344538,2.519617409674105,86.92579505300354,percentil_invertido_anual,"Ministerio de Vivienda, valor tasado","INE, Atlas de distribución de renta de los hogares"
33044,2019,1308.6899999999998,2180,4,33861.0,90.0,117782.09999999999,3.4783999291219985,53.003533568904594,percentil_invertido_anual,"Ministerio de Vivienda, valor tasado","INE, Atlas de distribución de renta de los hogares"
33066,2019,1090.1418711656443,652,4,32402.0,90.0,98112.76840490798,3.0279849516976727,71.37809187279152,percentil_invertido_anual,"Ministerio de Vivienda, valor tasado","INE, Atlas de distribución de renta de los hogares"
34120,2019,1130.58406779661,590,4,31430.0,90.0,101752.5661016949,3.2374344925769933,61.130742049469966,percentil_invertido_anual,"Ministerio de Vivienda, valor tasado","INE, Atlas de distribución de renta de los hogares"
35002,2019,1212.1182481751823,274,4,30476.0,90.0,109090.6423357664,3.579559073886547,49.82332155477032,percentil_invertido_anual,"Ministerio de Vivienda, valor tasado","INE, Atlas de distribución de renta de los hogares"
35004,2019,1251.1585616438356,584,4,29952.0,90.0,112604.2705479452,3.759490870324025,43.109540636042404,percentil_invertido_anual,"Ministerio de Vivienda, valor tasado","INE, Atlas de distribución de renta de los hogares"
35006,2019,1070.6792650918635,381,4,31395.0,90.0,96361.13385826771,3.069314663426269,69.6113074204947,percentil_invertido_anual,"Ministerio de Vivienda, valor tasado","INE, Atlas de distribución de renta de los hogares"
35011,2019,963.1963190184049,326,4,29392.0,90.0,86687.66871165644,2.9493627079360523,74.20494699646643,percentil_invertido_anual,"Ministerio de Vivienda, valor tasado","INE, Atlas de distribución de renta de los hogares"
35016,2019,1538.54368872549,3264,4,33635.0,90.0,138468.9319852941,4.116810821623133,35.68904593639576,percentil_invertido_anual,"Ministerio de Vivienda, valor tasado","INE, Atlas de distribución de renta de los hogares"
35017,2019,1110.5513457556938,483,4,31364.0,90.0,99949.62111801244,3.186762565935864,63.60424028268551,percentil_invertido_anual,"Ministerio de Vivienda, valor tasado","INE, Atlas de distribución de renta de los hogares"
35019,2019,2015.6582834331339,501,4,27912.0,90.0,181409.24550898204,6.499328085016554,4.593639575971731,percentil_invertido_anual,"Ministerio de Vivienda, valor tasado","INE, Atlas de distribución de renta de los hogares"
35022,2019,1059.2857668711656,815,4,27650.0,90.0,95335.71901840491,3.4479464382786587,55.12367491166078,percentil_invertido_anual,"Ministerio de Vivienda, valor tasado","INE, Atlas de distribución de renta de los hogares"
35026,2019,1124.2801886792454,954,4,29384.0,90.0,101185.21698113208,3.443548086752385,55.477031802120145,percentil_invertido_anual,"Ministerio de Vivienda, valor tasado","INE, Atlas de distribución de renta de los hogares"
36026,2019,883.1378378378379,185,4,27308.0,90.0,79482.40540540541,2.9105905011500446,74.91166077738517,percentil_invertido_anual,"Ministerio de Vivienda, valor tasado","INE, Atlas de distribución de renta de los hogares"
36038,2019,1141.7877611940298,670,4,31865.0,90.0,102760.89850746268,3.2248830537411797,61.48409893992933,percentil_invertido_anual,"Ministerio de Vivienda, valor tasado","INE, Atlas de distribución de renta de los hogares"
36045,2019,910.4620853080569,211,4,32699.0,90.0,81941.58767772513,2.505935584504882,87.98586572438163,percentil_invertido_anual,"Ministerio de Vivienda, valor tasado","INE, Atlas de distribución de renta de los hogares"
36057,2019,1458.400602167804,2491,4,33720.0,90.0,131256.05419510236,3.8925282976009004,39.92932862190813,percentil_invertido_anual,"Ministerio de Vivienda, valor tasado","INE, Atlas de distribución de renta de los hogares"
36060,2019,935.4163101604277,374,4,27940.0,90.0,84187.46791443849,3.013152037023568,72.08480565371025,percentil_invertido_anual,"Ministerio de Vivienda, valor tasado","INE, Atlas de distribución de renta de los hogares"
37274,2019,1518.0679906542055,1284,4,29806.0,90.0,136626.1191588785,4.5838461772421155,25.441696113074205,percentil_invertido_anual,"Ministerio de Vivienda, valor tasado","INE, Atlas de distribución de renta de los hogares"
38001,2019,2035.73406779661,590,4,26899.0,90.0,183216.0661016949,6.811259381452652,2.8268551236749118,percentil_invertido_anual,"Ministerio de Vivienda, valor tasado","INE, Atlas de distribución de renta de los hogares"
38006,2019,1697.7315680166148,963,4,24409.0,90.0,152795.84112149532,6.259815687717453,6.007067137809187,percentil_invertido_anual,"Ministerio de Vivienda, valor tasado","INE, Atlas de distribución de renta de los hogares"
38017,2019,1288.1074188562598,647,4,27449.0,90.0,115929.66769706339,4.2234568726388355,34.275618374558306,percentil_invertido_anual,"Ministerio de Vivienda, valor tasado","INE, Atlas de distribución de renta de los hogares"
38023,2019,1139.5997155049788,1406,4,31203.0,90.0,102563.9743954481,3.286990814839858,59.01060070671378,percentil_invertido_anual,"Ministerio de Vivienda, valor tasado","INE, Atlas de distribución de renta de los hogares"
38026,2019,1102.3660583941605,274,4,28679.0,90.0,99212.94525547445,3.4594283362556033,53.35689045936396,percentil_invertido_anual,"Ministerio de Vivienda, valor tasado","INE, Atlas de distribución de renta de los hogares"
38028,2019,1648.1386206896552,290,4,26853.0,90.0,148332.47586206897,5.523869804568166,9.89399293286219,percentil_invertido_anual,"Ministerio de Vivienda, valor tasado","INE, Atlas de distribución de renta de los hogares"
38031,2019,974.3523206751055,237,4,27210.0,90.0,87691.70886075949,3.222775040821738,61.83745583038869,percentil_invertido_anual,"Ministerio de Vivienda, valor tasado","INE, Atlas de distribución de renta de los hogares"
38038,2019,1342.5603823685608,1883,4,32550.0,90.0,120830.43441317047,3.7121485226780484,45.22968197879859,percentil_invertido_anual,"Ministerio de Vivienda, valor tasado","INE, Atlas de distribución de renta de los hogares"
39016,2019,1270.4812720848056,283,4,33110.0,90.0,114343.31448763251,3.4534374656488223,54.063604240282686,percentil_invertido_anual,"Ministerio de Vivienda, valor tasado","INE, Atlas de distribución de renta de los hogares"
39020,2019,1751.5486021505374,465,4,31330.0,90.0,157639.37419354837,5.031579131616609,18.374558303886925,percentil_invertido_anual,"Ministerio de Vivienda, valor tasado","INE, Atlas de distribución de renta de los hogares"
39075,2019,1710.0491247882553,1771,4,34143.0,90.0,153904.42123094297,4.507642012445976,27.208480565371026,percentil_invertido_anual,"Ministerio de Vivienda, valor tasado","INE, Atlas de distribución de renta de los hogares"
39087,2019,987.9657692307692,520,4,28433.0,90.0,88916.91923076923,3.12724366865154,66.7844522968198,percentil_invertido_anual,"Ministerio de Vivienda, valor tasado","INE, Atlas de distribución de renta de los hogares"
40194,2019,1328.0922268907564,476,4,33079.0,90.0,119528.30042016807,3.613419402647241,48.409893992932865,percentil_invertido_anual,"Ministerio de Vivienda, valor tasado","INE, Atlas de distribución de renta de los hogares"
41004,2019,1044.796878251821,961,4,28129.0,90.0,94031.71904266388,3.342874579354541,58.657243816254415,percentil_invertido_anual,"Ministerio de Vivienda, valor tasado","INE, Atlas de distribución de renta de los hogares"
41021,2019,1037.356010230179,391,4,24961.0,90.0,93362.04092071611,3.7403165306164063,44.169611307420496,percentil_invertido_anual,"Ministerio de Vivienda, valor tasado","INE, Atlas de distribución de renta de los hogares"
41024,2019,1031.965337423313,326,4,25464.0,90.0,92876.88036809818,3.6473798448043584,46.996466431095406,percentil_invertido_anual,"Ministerio de Vivienda, valor tasado","INE, Atlas de distribución de renta de los hogares"
41034,2019,946.6386934673367,398,4,24328.0,90.0,85197.4824120603,3.502033969584853,52.29681978798587,percentil_invertido_anual,"Ministerio de Vivienda, valor tasado","INE, Atlas de distribución de renta de los hogares"
41038,2019,1257.1147040498442,1605,4,31016.0,90.0,113140.32336448599,3.6478051123447894,46.64310954063604,percentil_invertido_anual,"Ministerio de Vivienda, valor tasado","INE, Atlas de distribución de renta de los hogares"
41039,2019,872.7171232876713,292,4,24389.0,90.0,78544.54109589041,3.220490429943434,62.19081272084806,percentil_invertido_anual,"Ministerio de Vivienda, valor tasado","INE, Atlas de distribución de renta de los hogares"
41059,2019,1407.2275,600,4,36645.0,90.0,126650.47499999999,3.4561461318051574,53.71024734982332,percentil_invertido_anual,"Ministerio de Vivienda, valor tasado","INE, Atlas de distribución de renta de los hogares"
41065,2019,873.0409090909092,220,4,25243.0,90.0,78573.68181818182,3.112691907387467,67.49116607773851,percentil_invertido_anual,"Ministerio de Vivienda, valor tasado","INE, Atlas de distribución de renta de los hogares"
41069,2019,937.9109271523178,302,4,23736.0,90.0,84411.9834437086,3.5562851130649054,50.88339222614841,percentil_invertido_anual,"Ministerio de Vivienda, valor tasado","INE, Atlas de distribución de renta de los hogares"
41081,2019,1078.8331578947368,380,4,27158.0,90.0,97094.98421052631,3.575189049654846,50.17667844522968,percentil_invertido_anual,"Ministerio de Vivienda, valor tasado","INE, Atlas de distribución de renta de los hogares"
41091,2019,1694.2602240518288,7409,4,32467.0,90.0,152483.4201646646,4.696566364760051,22.968197879858657,percentil_invertido_anual,"Ministerio de Vivienda, valor tasado","INE, Atlas de distribución de renta de los hogares"
41095,2019,925.8060653188181,643,4,25547.0,90.0,83322.54587869364,3.261539354080465,60.07067137809187,percentil_invertido_anual,"Ministerio de Vivienda, valor tasado","INE, Atlas de distribución de renta de los hogares"
42173,2019,1073.8940298507462,335,4,33542.0,90.0,96650.46268656716,2.881475841827177,75.26501766784452,percentil_invertido_anual,"Ministerio de Vivienda, valor tasado","INE, Atlas de distribución de renta de los hogares"
43038,2019,1660.0683506686478,673,4,32495.0,90.0,149406.1515601783,4.597819712576651,24.73498233215548,percentil_invertido_anual,"Ministerio de Vivienda, valor tasado","INE, Atlas de distribución de renta de los hogares"
43123,2019,998.1153439153438,1512,4,32654.0,90.0,89830.38095238095,2.750976326097291,81.97879858657244,percentil_invertido_anual,"Ministerio de Vivienda, valor tasado","INE, Atlas de distribución de renta de los hogares"
43148,2019,1209.7219705549264,1766,4,35791.0,90.0,108874.97734994338,3.041965224496197,70.6713780918728,percentil_invertido_anual,"Ministerio de Vivienda, valor tasado","INE, Atlas de distribución de renta de los hogares"
43155,2019,760.147386759582,287,4,32052.0,90.0,68413.26480836238,2.1344460504293767,97.52650176678445,percentil_invertido_anual,"Ministerio de Vivienda, valor tasado","INE, Atlas de distribución de renta de los hogares"
43163,2019,1278.5429522752497,901,4,29913.0,90.0,115068.86570477247,3.8467845319684577,41.696113074204945,percentil_invertido_anual,"Ministerio de Vivienda, valor tasado","INE, Atlas de distribución de renta de los hogares"
44216,2019,1049.0003012048194,332,4,34879.0,90.0,94410.02710843374,2.7067870956287092,83.03886925795052,percentil_invertido_anual,"Ministerio de Vivienda, valor tasado","INE, Atlas de distribución de renta de los hogares"
45165,2019,725.5376796714579,974,4,26717.0,90.0,65298.39117043121,2.444076474545466,89.39929328621908,percentil_invertido_anual,"Ministerio de Vivienda, valor tasado","INE, Atlas de distribución de renta de los hogares"
45168,2019,1313.1994743758212,761,4,38032.0,90.0,118187.9526938239,3.107592361533022,68.19787985865725,percentil_invertido_anual,"Ministerio de Vivienda, valor tasado","INE, Atlas de distribución de renta de los hogares"
46005,2019,837.9974025974027,231,4,27283.0,90.0,75419.76623376625,2.7643501899998624,80.91872791519435,percentil_invertido_anual,"Ministerio de Vivienda, valor tasado","INE, Atlas de distribución de renta de los hogares"
46017,2019,710.7682634730539,501,4,29664.0,90.0,63969.143712574856,2.1564571100517416,97.17314487632508,percentil_invertido_anual,"Ministerio de Vivienda, valor tasado","INE, Atlas de distribución de renta de los hogares"
46021,2019,888.576802507837,319,4,27881.0,90.0,79971.91222570532,2.8683301253794817,75.61837455830388,percentil_invertido_anual,"Ministerio de Vivienda, valor tasado","INE, Atlas de distribución de renta de los hogares"
46029,2019,698.6416393442623,305,4,28373.0,90.0,62877.74754098361,2.21611206220645,95.40636042402826,percentil_invertido_anual,"Ministerio de Vivienda, valor tasado","INE, Atlas de distribución de renta de los hogares"
46078,2019,915.9203904555314,461,4,27106.0,90.0,82432.83514099783,3.04112872209097,71.02473498233215,percentil_invertido_anual,"Ministerio de Vivienda, valor tasado","INE, Atlas de distribución de renta de los hogares"
46102,2019,874.8511627906976,258,4,27601.0,90.0,78736.60465116278,2.852672173151798,76.67844522968198,percentil_invertido_anual,"Ministerio de Vivienda, valor tasado","INE, Atlas de distribución de renta de los hogares"
46110,2019,779.2728155339805,309,4,26883.0,90.0,70134.55339805824,2.608881203662472,85.51236749116607,percentil_invertido_anual,"Ministerio de Vivienda, valor tasado","INE, Atlas de distribución de renta de los hogares"
46131,2019,953.6283568904594,1132,4,27735.0,90.0,85826.55212014135,3.094521439341675,68.55123674911661,percentil_invertido_anual,"Ministerio de Vivienda, valor tasado","INE, Atlas de distribución de renta de los hogares"
46145,2019,714.1748520710061,338,4,29234.0,90.0,64275.73668639055,2.1986637711702315,95.75971731448763,percentil_invertido_anual,"Ministerio de Vivienda, valor tasado","INE, Atlas de distribución de renta de los hogares"
46159,2019,868.5602446483181,327,4,27963.0,90.0,78170.42201834863,2.795494833113351,80.56537102473499,percentil_invertido_anual,"Ministerio de Vivienda, valor tasado","INE, Atlas de distribución de renta de los hogares"
46169,2019,1036.9819047619048,420,4,29163.0,90.0,93328.37142857144,3.200232192455215,62.897526501766784,percentil_invertido_anual,"Ministerio de Vivienda, valor tasado","INE, Atlas de distribución de renta de los hogares"
46181,2019,924.7121649484536,485,4,26376.0,90.0,83224.09484536083,3.155296286220838,65.01766784452296,percentil_invertido_anual,"Ministerio de Vivienda, valor tasado","INE, Atlas de distribución de renta de los hogares"
46184,2019,632.460681114551,323,4,28232.0,90.0,56921.46130030959,2.0162036448111924,99.29328621908127,percentil_invertido_anual,"Ministerio de Vivienda, valor tasado","INE, Atlas de distribución de renta de los hogares"
46190,2019,1082.3396028037382,856,4,32566.0,90.0,97410.56425233644,2.991173747231359,72.43816254416961,percentil_invertido_anual,"Ministerio de Vivienda, valor tasado","INE, Atlas de distribución de renta de los hogares"
46220,2019,818.5787234042552,846,4,29928.0,90.0,73672.08510638298,2.461644116091385,89.04593639575971,percentil_invertido_anual,"Ministerio de Vivienda, valor tasado","INE, Atlas de distribución de renta de los hogares"
46235,2019,885.2181818181817,374,4,28315.0,90.0,79669.63636363635,2.8136901417494737,79.50530035335689,percentil_invertido_anual,"Ministerio de Vivienda, valor tasado","INE, Atlas de distribución de renta de los hogares"
46244,2019,890.130425299891,917,4,29956.0,90.0,80111.73827699019,2.6743136025166976,83.74558303886926,percentil_invertido_anual,"Ministerio de Vivienda, valor tasado","INE, Atlas de distribución de renta de los hogares"
46250,2019,1440.974993834772,8110,4,34330.0,90.0,129687.74944512948,3.77767985566937,42.40282685512368,percentil_invertido_anual,"Ministerio de Vivienda, valor tasado","INE, Atlas de distribución de renta de los hogares"
47186,2019,1322.483454779254,2333,4,33166.0,90.0,119023.51093013286,3.5887207058473396,49.46996466431096,percentil_invertido_anual,"Ministerio de Vivienda, valor tasado","INE, Atlas de distribución de renta de los hogares"
48013,2019,1972.9983436853001,483,4,32533.0,90.0,177569.850931677,5.458145603899948,11.66077738515901,percentil_invertido_anual,"Ministerio de Vivienda, valor tasado","INE, Atlas de distribución de renta de los hogares"
48015,2019,1898.415168539326,178,4,31758.0,90.0,170857.36516853934,5.37997875081993,13.074204946996467,percentil_invertido_anual,"Ministerio de Vivienda, valor tasado","INE, Atlas de distribución de renta de los hogares"
48020,2019,2492.304759358289,1870,4,37746.0,90.0,224307.428342246,5.942548305575319,7.067137809187279,percentil_invertido_anual,"Ministerio de Vivienda, valor tasado","INE, Atlas de distribución de renta de los hogares"
48027,2019,2058.7338028169015,71,3,42243.0,90.0,185286.04225352113,4.386195162595486,30.742049469964666,percentil_invertido_anual,"Ministerio de Vivienda, valor tasado","INE, Atlas de distribución de renta de los hogares"
48036,2019,1945.7777777777778,81,3,38924.0,90.0,175120.0,4.499023738567465,27.56183745583039,percentil_invertido_anual,"Ministerio de Vivienda, valor tasado","INE, Atlas de distribución de renta de los hogares"
48044,2019,2971.1081967213113,366,4,52537.0,90.0,267399.737704918,5.089741281476255,17.6678445229682,percentil_invertido_anual,"Ministerio de Vivienda, valor tasado","INE, Atlas de distribución de renta de los hogares"
48054,2019,2476.2445205479453,146,4,40697.0,90.0,222862.00684931508,5.476128629857608,10.954063604240282,percentil_invertido_anual,"Ministerio de Vivienda, valor tasado","INE, Atlas de distribución de renta de los hogares"
48078,2019,2041.6184971098266,173,4,33675.0,90.0,183745.6647398844,5.456441417665461,12.014134275618375,percentil_invertido_anual,"Ministerio de Vivienda, valor tasado","INE, Atlas de distribución de renta de los hogares"
48082,2019,2165.9668316831685,202,4,32519.0,90.0,194937.01485148518,5.994557484900679,6.713780918727915,percentil_invertido_anual,"Ministerio de Vivienda, valor tasado","INE, Atlas de distribución de renta de los hogares"
48084,2019,1595.4837662337663,154,4,29143.0,90.0,143593.53896103898,4.927205125108568,20.141342756183747,percentil_invertido_anual,"Ministerio de Vivienda, valor tasado","INE, Atlas de distribución de renta de los hogares"
49275,2019,1049.9406072106262,527,4,28757.0,90.0,94494.65464895636,3.285970534094529,59.36395759717315,percentil_invertido_anual,"Ministerio de Vivienda, valor tasado","INE, Atlas de distribución de renta de los hogares"
50297,2019,1410.486660698299,5585,4,34648.0,90.0,126943.7994628469,3.663813191608373,45.936395759717314,percentil_invertido_anual,"Ministerio de Vivienda, valor tasado","INE, Atlas de distribución de renta de los hogares"
51001,2019,1742.4309433962264,530,4,38628.0,90.0,156818.78490566037,4.05971794826707,37.45583038869258,percentil_invertido_anual,"Ministerio de Vivienda, valor tasado","INE, Atlas de distribución de renta de los hogares"
52001,2019,1652.534728033473,478,4,39730.0,90.0,148728.12552301257,3.7434715711807844,43.81625441696113,percentil_invertido_anual,"Ministerio de Vivienda, valor tasado","INE, Atlas de distribución de renta de los hogares"
01059,2020,2101.5288543140027,707,4,35532.0,90.0,189137.59688826025,5.323021414169206,16.39344262295082,percentil_invertido_anual,"Ministerio de Vivienda, valor tasado","INE, Atlas de distribución de renta de los hogares"
02003,2020,1174.1691601049868,1524,4,32861.0,90.0,105675.22440944881,3.215824972138669,64.59016393442623,percentil_invertido_anual,"Ministerio de Vivienda, valor tasado","INE, Atlas de distribución de renta de los hogares"
02009,2020,722.3910526315789,190,4,27375.0,90.0,65015.194736842095,2.374984282624369,91.80327868852459,percentil_invertido_anual,"Ministerio de Vivienda, valor tasado","INE, Atlas de distribución de renta de los hogares"
02037,2020,636.6382978723404,188,4,24660.0,90.0,57297.44680851064,2.3234974374902935,93.11475409836065,percentil_invertido_anual,"Ministerio de Vivienda, valor tasado","INE, Atlas de distribución de renta de los hogares"
02081,2020,623.1411392405064,158,4,27629.0,90.0,56082.70253164558,2.0298491632576487,99.01639344262296,percentil_invertido_anual,"Ministerio de Vivienda, valor tasado","INE, Atlas de distribución de renta de los hogares"
03009,2020,668.6303754266212,586,4,27794.0,90.0,60176.733788395904,2.1650979991507486,96.06557377049181,percentil_invertido_anual,"Ministerio de Vivienda, valor tasado","INE, Atlas de distribución de renta de los hogares"
03014,2020,1182.5356595092026,3912,4,29745.0,90.0,106428.20935582824,3.5780201498009157,51.47540983606557,percentil_invertido_anual,"Ministerio de Vivienda, valor tasado","INE, Atlas de distribución de renta de los hogares"
03031,2020,1889.847317744154,727,4,22939.0,90.0,170086.25859697387,7.414719848161379,2.2950819672131146,percentil_invertido_anual,"Ministerio de Vivienda, valor tasado","INE, Atlas de distribución de renta de los hogares"
03047,2020,1742.0108465608464,378,4,23413.0,90.0,156780.97619047618,6.69632153890899,5.245901639344262,percentil_invertido_anual,"Ministerio de Vivienda, valor tasado","INE, Atlas de distribución de renta de los hogares"
03050,2020,1726.7826530612244,490,4,29013.0,90.0,155410.4387755102,5.356579422173171,16.065573770491802,percentil_invertido_anual,"Ministerio de Vivienda, valor tasado","INE, Atlas de distribución de renta de los hogares"
03059,2020,672.2236593059937,317,4,24422.0,90.0,60500.12933753943,2.4772798844295894,89.50819672131148,percentil_invertido_anual,"Ministerio de Vivienda, valor tasado","INE, Atlas de distribución de renta de los hogares"
03063,2020,1617.4121802679658,821,4,27038.0,90.0,145567.09622411692,5.383796738816367,14.754098360655737,percentil_invertido_anual,"Ministerio de Vivienda, valor tasado","INE, Atlas de distribución de renta de los hogares"
03065,2020,936.732925170068,2205,4,26758.0,90.0,84305.96326530613,3.1506825347674012,66.55737704918033,percentil_invertido_anual,"Ministerio de Vivienda, valor tasado","INE, Atlas de distribución de renta de los hogares"
03066,2020,590.3492730210016,619,4,23708.0,90.0,53131.434571890146,2.241076200940195,95.40983606557377,percentil_invertido_anual,"Ministerio de Vivienda, valor tasado","INE, Atlas de distribución de renta de los hogares"
03082,2020,1929.5717131474103,502,4,24863.0,90.0,173661.45418326693,6.984734512458952,4.590163934426229,percentil_invertido_anual,"Ministerio de Vivienda, valor tasado","INE, Atlas de distribución de renta de los hogares"
03093,2020,704.68934169279,319,4,26831.0,90.0,63422.040752351095,2.3637598580877004,92.1311475409836,percentil_invertido_anual,"Ministerio de Vivienda, valor tasado","INE, Atlas de distribución de renta de los hogares"
03099,2020,1175.879031230083,1569,4,24339.0,90.0,105829.11281070748,4.348129044361209,34.09836065573771,percentil_invertido_anual,"Ministerio de Vivienda, valor tasado","INE, Atlas de distribución de renta de los hogares"
03104,2020,692.5896296296297,270,4,25003.0,90.0,62333.06666666667,2.493023503846205,88.19672131147541,percentil_invertido_anual,"Ministerio de Vivienda, valor tasado","INE, Atlas de distribución de renta de los hogares"
03121,2020,1374.304924760602,731,4,24315.0,90.0,123687.44322845418,5.08687819158767,20.0,percentil_invertido_anual,"Ministerio de Vivienda, valor tasado","INE, Atlas de distribución de renta de los hogares"
03122,2020,1087.687844408428,617,4,30122.0,90.0,97891.90599675852,3.249847486779049,63.278688524590166,percentil_invertido_anual,"Ministerio de Vivienda, valor tasado","INE, Atlas de distribución de renta de los hogares"
03133,2020,1205.097667638484,2058,4,20026.0,90.0,108458.79008746355,5.415898835886525,13.442622950819672,percentil_invertido_anual,"Ministerio de Vivienda, valor tasado","INE, Atlas de distribución de renta de los hogares"
03139,2020,1312.937250996016,502,4,26041.0,90.0,118164.35258964144,4.53762730270118,29.83606557377049,percentil_invertido_anual,"Ministerio de Vivienda, valor tasado","INE, Atlas de distribución de renta de los hogares"
03140,2020,587.6991689750693,361,4,26118.0,90.0,52892.925207756234,2.025152201843795,99.34426229508196,percentil_invertido_anual,"Ministerio de Vivienda, valor tasado","INE, Atlas de distribución de renta de los hogares"
04013,2020,1180.1890766694148,2426,4,30170.0,90.0,106217.01690024733,3.5206170666306704,54.09836065573771,percentil_invertido_anual,"Ministerio de Vivienda, valor tasado","INE, Atlas de distribución de renta de los hogares"
04066,2020,1017.993287037037,432,4,22844.0,90.0,91619.39583333333,4.010654694157473,40.98360655737705,percentil_invertido_anual,"Ministerio de Vivienda, valor tasado","INE, Atlas de distribución de renta de los hogares"
04079,2020,994.7219084712755,2054,4,26720.0,90.0,89524.97176241479,3.350485470150254,60.65573770491803,percentil_invertido_anual,"Ministerio de Vivienda, valor tasado","INE, Atlas de distribución de renta de los hogares"
04902,2020,896.3403600464577,1722,4,25471.0,90.0,80670.63240418119,3.16715607570104,65.57377049180327,percentil_invertido_anual,"Ministerio de Vivienda, valor tasado","INE, Atlas de distribución de renta de los hogares"
05019,2020,1009.5844067796609,590,4,31066.0,90.0,90862.59661016948,2.9248244579337372,75.40983606557377,percentil_invertido_anual,"Ministerio de Vivienda, valor tasado","INE, Atlas de distribución de renta de los hogares"
06011,2020,767.7547368421052,285,4,23908.0,90.0,69097.92631578947,2.8901592067839,77.37704918032787,percentil_invertido_anual,"Ministerio de Vivienda, valor tasado","INE, Atlas de distribución de renta de los hogares"
06015,2020,1173.886463501063,1411,4,30634.0,90.0,105649.78171509567,3.448775273065733,57.704918032786885,percentil_invertido_anual,"Ministerio de Vivienda, valor tasado","INE, Atlas de distribución de renta de los hogares"
06044,2020,786.373125,320,4,27166.0,90.0,70773.58125,2.60522643193698,85.57377049180327,percentil_invertido_anual,"Ministerio de Vivienda, valor tasado","INE, Atlas de distribución de renta de los hogares"
06083,2020,836.4683333333334,600,4,28545.0,90.0,75282.15000000001,2.6373147661586973,84.91803278688525,percentil_invertido_anual,"Ministerio de Vivienda, valor tasado","INE, Atlas de distribución de renta de los hogares"
06153,2020,735.035761589404,151,4,25746.0,90.0,66153.21854304636,2.569456169620382,86.55737704918033,percentil_invertido_anual,"Ministerio de Vivienda, valor tasado","INE, Atlas de distribución de renta de los hogares"
07011,2020,3049.8525759577283,757,4,32380.0,90.0,274486.73183619557,8.477045455101777,0.6557377049180327,percentil_invertido_anual,"Ministerio de Vivienda, valor tasado","INE, Atlas de distribución de renta de los hogares"
07015,2020,2009.9510344827586,435,4,31019.0,90.0,180895.59310344828,5.83176740396042,9.836065573770492,percentil_invertido_anual,"Ministerio de Vivienda, valor tasado","INE, Atlas de distribución de renta de los hogares"
07026,2020,3918.3718562874255,501,4,37684.0,90.0,352653.4670658683,9.35817500970885,0.0,percentil_invertido_anual,"Ministerio de Vivienda, valor tasado","INE, Atlas de distribución de renta de los hogares"
07027,2020,1457.4026768642445,523,4,30775.0,90.0,131166.240917782,4.262103685386905,35.73770491803279,percentil_invertido_anual,"Ministerio de Vivienda, valor tasado","INE, Atlas de distribución de renta de los hogares"
07031,2020,2019.2403877221325,619,4,34252.0,90.0,181731.63489499193,5.305723312361087,16.721311475409838,percentil_invertido_anual,"Ministerio de Vivienda, valor tasado","INE, Atlas de distribución de renta de los hogares"
07032,2020,1621.2059299191376,371,4,34491.0,90.0,145908.53369272238,4.230336426682972,37.049180327868854,percentil_invertido_anual,"Ministerio de Vivienda, valor tasado","INE, Atlas de distribución de renta de los hogares"
07033,2020,1466.2110898661565,523,4,31156.0,90.0,131958.9980879541,4.235428106559061,36.39344262295082,percentil_invertido_anual,"Ministerio de Vivienda, valor tasado","INE, Atlas de distribución de renta de los hogares"
07036,2020,2215.5791896869246,543,4,44052.0,90.0,199402.1270718232,4.52651700426367,30.81967213114754,percentil_invertido_anual,"Ministerio de Vivienda, valor tasado","INE, Atlas de distribución de renta de los hogares"
07040,2020,2178.750599140855,4423,4,36510.0,90.0,196087.55392267692,5.370790301908434,15.40983606557377,percentil_invertido_anual,"Ministerio de Vivienda, valor tasado","INE, Atlas de distribución de renta de los hogares"
07054,2020,3563.3265625,448,4,34394.0,90.0,320699.390625,9.324283032651044,0.32786885245901637,percentil_invertido_anual,"Ministerio de Vivienda, valor tasado","INE, Atlas de distribución de renta de los hogares"
08015,2020,2023.9363106200124,3258,4,33689.0,90.0,182154.2679558011,5.406936031220906,13.770491803278688,percentil_invertido_anual,"Ministerio de Vivienda, valor tasado","INE, Atlas de distribución de renta de los hogares"
08019,2020,3295.3237842147223,15052,4,40424.0,90.0,296579.14057932503,7.336709394897215,2.9508196721311477,percentil_invertido_anual,"Ministerio de Vivienda, valor tasado","INE, Atlas de distribución de renta de los hogares"
08056,2020,3053.808634772462,857,4,43718.0,90.0,274842.7771295216,6.286718905931689,6.557377049180328,percentil_invertido_anual,"Ministerio de Vivienda, valor tasado","INE, Atlas de distribución de renta de los hogares"
08073,2020,2276.343792107796,1039,4,33806.0,90.0,204870.94128970164,6.060194678154814,7.540983606557377,percentil_invertido_anual,"Ministerio de Vivienda, valor tasado","INE, Atlas de distribución de renta de los hogares"
08077,2020,2630.8319727891153,441,4,41369.0,90.0,236774.87755102038,5.723485642655621,10.819672131147541,percentil_invertido_anual,"Ministerio de Vivienda, valor tasado","INE, Atlas de distribución de renta de los hogares"
08089,2020,2493.2298534798533,546,4,39233.0,90.0,224390.6868131868,5.719437382132052,11.475409836065573,percentil_invertido_anual,"Ministerio de Vivienda, valor tasado","INE, Atlas de distribución de renta de los hogares"
08096,2020,1768.3530779753764,731,4,37867.0,90.0,159151.77701778387,4.202914860374043,37.704918032786885,percentil_invertido_anual,"Ministerio de Vivienda, valor tasado","INE, Atlas de distribución de renta de los hogares"
08101,2020,2183.742418486863,3159,4,31358.0,90.0,196536.81766381764,6.267517624332472,6.885245901639344,percentil_invertido_anual,"Ministerio de Vivienda, valor tasado","INE, Atlas de distribución de renta de los hogares"
08102,2020,1211.271182795699,465,4,35232.0,90.0,109014.4064516129,3.0941872857519557,69.18032786885246,percentil_invertido_anual,"Ministerio de Vivienda, valor tasado","INE, Atlas de distribución de renta de los hogares"
08113,2020,1047.0515474919957,937,4,33705.0,90.0,94234.63927427962,2.7958652803524586,80.65573770491804,percentil_invertido_anual,"Ministerio de Vivienda, valor tasado","INE, Atlas de distribución de renta de los hogares"
08114,2020,1593.847878787879,330,4,36806.0,90.0,143446.3090909091,3.8973620901730457,43.278688524590166,percentil_invertido_anual,"Ministerio de Vivienda, valor tasado","INE, Atlas de distribución de renta de los hogares"
08121,2020,1774.669669327252,1754,4,33263.0,90.0,159720.2702394527,4.801739778115404,23.278688524590162,percentil_invertido_anual,"Ministerio de Vivienda, valor tasado","INE, Atlas de distribución de renta de los hogares"
08124,2020,1816.3048333333331,600,4,35187.0,90.0,163467.43499999997,4.6456769545570795,27.21311475409836,percentil_invertido_anual,"Ministerio de Vivienda, valor tasado","INE, Atlas de distribución de renta de los hogares"
08125,2020,1779.0524822695036,564,4,34324.0,90.0,160114.72340425532,4.6648037351198965,26.229508196721312,percentil_invertido_anual,"Ministerio de Vivienda, valor tasado","INE, Atlas de distribución de renta de los hogares"
08163,2020,1598.0200440528633,454,4,28372.0,90.0,143821.8039647577,5.069145776284989,20.327868852459016,percentil_invertido_anual,"Ministerio de Vivienda, valor tasado","INE, Atlas de distribución de renta de los hogares"
08169,2020,2337.834716459198,723,4,35752.0,90.0,210405.1244813278,5.885128789475492,8.852459016393443,percentil_invertido_anual,"Ministerio de Vivienda, valor tasado","INE, Atlas de distribución de renta de los hogares"
08172,2020,2146.6107033639146,327,4,37354.0,90.0,193194.96330275232,5.172002015922052,19.016393442622952,percentil_invertido_anual,"Ministerio de Vivienda, valor tasado","INE, Atlas de distribución de renta de los hogares"
08180,2020,1820.6741312741312,518,4,33645.0,90.0,163860.6718146718,4.870283008312433,22.62295081967213,percentil_invertido_anual,"Ministerio de Vivienda, valor tasado","INE, Atlas de distribución de renta de los hogares"
08184,2020,1784.110478359909,1317,4,35426.0,90.0,160569.9430523918,4.532545109591594,30.491803278688526,percentil_invertido_anual,"Ministerio de Vivienda, valor tasado","INE, Atlas de distribución de renta de los hogares"
08187,2020,1701.2520598194133,3544,4,35249.0,90.0,153112.6853837472,4.3437455072128905,34.42622950819672,percentil_invertido_anual,"Ministerio de Vivienda, valor tasado","INE, Atlas de distribución de renta de los hogares"
08194,2020,1926.098292682927,410,4,31090.0,90.0,173348.84634146342,5.575710721822561,12.459016393442623,percentil_invertido_anual,"Ministerio de Vivienda, valor tasado","INE, Atlas de distribución de renta de los hogares"
08196,2020,2001.6422222222225,360,4,36436.0,90.0,180147.80000000002,4.944225491272369,21.9672131147541,percentil_invertido_anual,"Ministerio de Vivienda, valor tasado","INE, Atlas de distribución de renta de los hogares"
08200,2020,2121.377892030848,1167,4,35370.0,90.0,190924.01028277635,5.397908122215899,14.098360655737705,percentil_invertido_anual,"Ministerio de Vivienda, valor tasado","INE, Atlas de distribución de renta de los hogares"
08205,2020,3417.1598467432946,1305,4,64848.0,90.0,307544.3862068965,4.7425423483668965,23.934426229508198,percentil_invertido_anual,"Ministerio de Vivienda, valor tasado","INE, Atlas de distribución de renta de los hogares"
08211,2020,2487.8580034423408,581,4,40464.0,90.0,223907.22030981065,5.533492000539014,12.78688524590164,percentil_invertido_anual,"Ministerio de Vivienda, valor tasado","INE, Atlas de distribución de renta de los hogares"
08217,2020,2562.264935064935,308,4,43031.0,90.0,230603.84415584413,5.359016619549723,15.737704918032787,percentil_invertido_anual,"Ministerio de Vivienda, valor tasado","INE, Atlas de distribución de renta de los hogares"
08231,2020,1727.0375209380236,597,4,35819.0,90.0,155433.37688442212,4.33941139854329,35.08196721311475,percentil_invertido_anual,"Ministerio de Vivienda, valor tasado","INE, Atlas de distribución de renta de los hogares"
08245,2020,1751.822295514512,1516,4,29891.0,90.0,157664.00659630608,5.274631380559569,17.704918032786885,percentil_invertido_anual,"Ministerio de Vivienda, valor tasado","INE, Atlas de distribución de renta de los hogares"
08252,2020,1925.0690265486728,452,4,37693.0,90.0,173256.21238938055,4.596508964247488,27.868852459016395,percentil_invertido_anual,"Ministerio de Vivienda, valor tasado","INE, Atlas de distribución de renta de los hogares"
08260,2020,1755.00025,400,4,37403.0,90.0,157950.0225,4.222923896478892,37.377049180327866,percentil_invertido_anual,"Ministerio de Vivienda, valor tasado","INE, Atlas de distribución de renta de los hogares"
08263,2020,1929.354427645788,463,4,36425.0,90.0,173641.89848812093,4.767107714155688,23.60655737704918,percentil_invertido_anual,"Ministerio de Vivienda, valor tasado","INE, Atlas de distribución de renta de los hogares"
08266,2020,2147.3755287009067,662,4,41078.0,90.0,193263.7975830816,4.704800564367341,25.24590163934426,percentil_invertido_anual,"Ministerio de Vivienda, valor tasado","INE, Atlas de distribución de renta de los hogares"
08270,2020,3496.5778467908904,483,4,42710.0,90.0,314692.0062111801,7.368110658187312,2.622950819672131,percentil_invertido_anual,"Ministerio de Vivienda, valor tasado","INE, Atlas de distribución de renta de los hogares"
08279,2020,1632.9266821345705,3448,4,35192.0,90.0,146963.40139211135,4.176045731760381,38.032786885245905,percentil_invertido_anual,"Ministerio de Vivienda, valor tasado","INE, Atlas de distribución de renta de los hogares"
08298,2020,1397.8114416475971,437,4,37336.0,90.0,125803.02974828373,3.3694833337337617,60.0,percentil_invertido_anual,"Ministerio de Vivienda, valor tasado","INE, Atlas de distribución de renta de los hogares"
08301,2020,2230.4445093457944,856,4,37205.0,90.0,200740.00584112148,5.39551151299883,14.426229508196721,percentil_invertido_anual,"Ministerio de Vivienda, valor tasado","INE, Atlas de distribución de renta de los hogares"
08305,2020,1385.0643584521388,491,4,34405.0,90.0,124655.79226069248,3.6231882650978777,50.16393442622951,percentil_invertido_anual,"Ministerio de Vivienda, valor tasado","INE, Atlas de distribución de renta de los hogares"
08307,2020,1790.039624505929,1012,4,35717.0,90.0,161103.5662055336,4.510557051419033,31.475409836065573,percentil_invertido_anual,"Ministerio de Vivienda, valor tasado","INE, Atlas de distribución de renta de los hogares"
09018,2020,1042.550806451613,248,4,30987.0,90.0,93829.57258064517,3.028030224953857,72.78688524590164,percentil_invertido_anual,"Ministerio de Vivienda, valor tasado","INE, Atlas de distribución de renta de los hogares"
09059,2020,1326.3930267062315,1348,4,34190.0,90.0,119375.37240356083,3.4915288798935604,55.73770491803279,percentil_invertido_anual,"Ministerio de Vivienda, valor tasado","INE, Atlas de distribución de renta de los hogares"
09219,2020,920.2062814070352,398,4,31079.0,90.0,82818.56532663318,2.6647757433197072,84.26229508196721,percentil_invertido_anual,"Ministerio de Vivienda, valor tasado","INE, Atlas de distribución de renta de los hogares"
10037,2020,1102.2878748370274,767,4,31455.0,90.0,99205.90873533247,3.1538994988183906,66.22950819672131,percentil_invertido_anual,"Ministerio de Vivienda, valor tasado","INE, Atlas de distribución de renta de los hogares"
10148,2020,872.1267558528428,299,4,27301.0,90.0,78491.40802675586,2.875037838421884,78.68852459016394,percentil_invertido_anual,"Ministerio de Vivienda, valor tasado","INE, Atlas de distribución de renta de los hogares"
11004,2020,1018.244738628649,1473,4,29708.0,90.0,91642.02647657841,3.084759205486011,69.50819672131148,percentil_invertido_anual,"Ministerio de Vivienda, valor tasado","INE, Atlas de distribución de renta de los hogares"
11006,2020,866.476430976431,297,4,22569.0,90.0,77982.87878787878,3.4553094416180947,57.377049180327866,percentil_invertido_anual,"Ministerio de Vivienda, valor tasado","INE, Atlas de distribución de renta de los hogares"
11012,2020,2039.2508165225745,1041,4,32464.0,90.0,183532.5734870317,5.653418355317635,11.80327868852459,percentil_invertido_anual,"Ministerio de Vivienda, valor tasado","INE, Atlas de distribución de renta de los hogares"
11015,2020,1346.2638668779714,1262,4,26087.0,90.0,121163.74801901742,4.644602599724668,27.540983606557376,percentil_invertido_anual,"Ministerio de Vivienda, valor tasado","INE, Atlas de distribución de renta de los hogares"
11020,2020,986.1068819031436,2354,4,27078.0,90.0,88749.61937128293,3.2775544490465665,62.622950819672134,percentil_invertido_anual,"Ministerio de Vivienda, valor tasado","INE, Atlas de distribución de renta de los hogares"
11022,2020,1124.2708965517243,725,4,25181.0,90.0,101184.38068965518,4.018282859682109,40.65573770491803,percentil_invertido_anual,"Ministerio de Vivienda, valor tasado","INE, Atlas de distribución de renta de los hogares"
11027,2020,1415.165893037336,991,4,30082.0,90.0,127364.93037336024,4.233924950912846,36.721311475409834,percentil_invertido_anual,"Ministerio de Vivienda, valor tasado","INE, Atlas de distribución de renta de los hogares"
11028,2020,1117.798275862069,348,4,28982.0,90.0,100601.8448275862,3.4711836597745567,57.049180327868854,percentil_invertido_anual,"Ministerio de Vivienda, valor tasado","INE, Atlas de distribución de renta de los hogares"
11030,2020,1636.3121649484538,485,4,27825.0,90.0,147268.09484536084,5.292653902798233,17.049180327868854,percentil_invertido_anual,"Ministerio de Vivienda, valor tasado","INE, Atlas de distribución de renta de los hogares"
11031,2020,1161.7135135135136,814,4,29492.0,90.0,104554.21621621623,3.545172121803073,53.114754098360656,percentil_invertido_anual,"Ministerio de Vivienda, valor tasado","INE, Atlas de distribución de renta de los hogares"
11032,2020,1209.905702364395,719,4,22965.0,90.0,108891.51321279554,4.7416291405528215,24.262295081967213,percentil_invertido_anual,"Ministerio de Vivienda, valor tasado","INE, Atlas de distribución de renta de los hogares"
11033,2020,1457.4280639431615,563,4,29946.0,90.0,131168.52575488453,4.380168495120701,33.442622950819676,percentil_invertido_anual,"Ministerio de Vivienda, valor tasado","INE, Atlas de distribución de renta de los hogares"
12009,2020,807.5522198731501,473,4,28727.0,90.0,72679.6997885835,2.530013568718749,87.21311475409836,percentil_invertido_anual,"Ministerio de Vivienda, valor tasado","INE, Atlas de distribución de renta de los hogares"
12027,2020,884.0854395604395,364,4,27639.0,90.0,79567.68956043955,2.8788194059278394,78.36065573770492,percentil_invertido_anual,"Ministerio de Vivienda, valor tasado","INE, Atlas de distribución de renta de los hogares"
12032,2020,737.1100823045267,486,4,29310.0,90.0,66339.9074074074,2.263388174937134,95.08196721311475,percentil_invertido_anual,"Ministerio de Vivienda, valor tasado","INE, Atlas de distribución de renta de los hogares"
12040,2020,926.1867542419268,1827,4,31914.0,90.0,83356.8078817734,2.6119197807160934,85.24590163934427,percentil_invertido_anual,"Ministerio de Vivienda, valor tasado","INE, Atlas de distribución de renta de los hogares"
12084,2020,709.8847457627119,413,4,30293.0,90.0,63889.62711864407,2.109055792382533,96.72131147540983,percentil_invertido_anual,"Ministerio de Vivienda, valor tasado","INE, Atlas de distribución de renta de los hogares"
12126,2020,678.9915841584158,404,4,28615.0,90.0,61109.24257425742,2.1355667508040335,96.39344262295081,percentil_invertido_anual,"Ministerio de Vivienda, valor tasado","INE, Atlas de distribución de renta de los hogares"
12135,2020,741.1052830188679,530,4,31767.0,90.0,66699.47547169811,2.0996466607390722,97.37704918032787,percentil_invertido_anual,"Ministerio de Vivienda, valor tasado","INE, Atlas de distribución de renta de los hogares"
12138,2020,1006.3181081081082,370,4,27920.0,90.0,90568.62972972973,3.2438620963370246,63.9344262295082,percentil_invertido_anual,"Ministerio de Vivienda, valor tasado","INE, Atlas de distribución de renta de los hogares"
13005,2020,712.3487804878049,328,4,30556.0,90.0,64111.39024390244,2.0981604347395746,97.70491803278688,percentil_invertido_anual,"Ministerio de Vivienda, valor tasado","INE, Atlas de distribución de renta de los hogares"
13034,2020,990.9956937799044,627,4,34312.0,90.0,89189.6124401914,2.599370845190936,86.22950819672131,percentil_invertido_anual,"Ministerio de Vivienda, valor tasado","INE, Atlas de distribución de renta de los hogares"
13071,2020,564.1158924205379,409,4,27875.0,90.0,50770.43031784841,1.8213607288914229,100.0,percentil_invertido_anual,"Ministerio de Vivienda, valor tasado","INE, Atlas de distribución de renta de los hogares"
13082,2020,634.9381395348838,430,4,24801.0,90.0,57144.432558139546,2.3041180822603744,94.09836065573771,percentil_invertido_anual,"Ministerio de Vivienda, valor tasado","INE, Atlas de distribución de renta de los hogares"
13087,2020,723.0674267100976,307,4,27123.0,90.0,65076.06840390879,2.3992946356932783,91.47540983606558,percentil_invertido_anual,"Ministerio de Vivienda, valor tasado","INE, Atlas de distribución de renta de los hogares"
14021,2020,1298.7202397944618,3503,4,30999.0,90.0,116884.82158150156,3.770599747782237,44.91803278688525,percentil_invertido_anual,"Ministerio de Vivienda, valor tasado","INE, Atlas de distribución de renta de los hogares"
14038,2020,789.2194379391101,427,4,24181.0,90.0,71029.7494145199,2.937419850896154,74.75409836065573,percentil_invertido_anual,"Ministerio de Vivienda, valor tasado","INE, Atlas de distribución de renta de los hogares"
14056,2020,825.7502183406114,229,4,24280.0,90.0,74317.51965065503,3.0608533628770602,71.47540983606558,percentil_invertido_anual,"Ministerio de Vivienda, valor tasado","INE, Atlas de distribución de renta de los hogares"
15002,2020,1043.471617161716,303,4,32463.0,90.0,93912.44554455444,2.8929071726135738,77.04918032786885,percentil_invertido_anual,"Ministerio de Vivienda, valor tasado","INE, Atlas de distribución de renta de los hogares"
15005,2020,989.825993883792,327,4,29460.0,90.0,89084.33944954128,3.0239083316205457,73.11475409836065,percentil_invertido_anual,"Ministerio de Vivienda, valor tasado","INE, Atlas de distribución de renta de los hogares"
15019,2020,776.9239024390243,205,4,28139.0,90.0,69923.15121951219,2.4849195500732857,88.85245901639344,percentil_invertido_anual,"Ministerio de Vivienda, valor tasado","INE, Atlas de distribución de renta de los hogares"
15030,2020,1746.611881188119,1919,4,34376.0,90.0,157195.0693069307,4.572814443417812,28.852459016393443,percentil_invertido_anual,"Ministerio de Vivienda, valor tasado","INE, Atlas de distribución de renta de los hogares"
15031,2020,1241.8950310559007,322,4,31794.0,90.0,111770.55279503106,3.515460552149181,54.42622950819672,percentil_invertido_anual,"Ministerio de Vivienda, valor tasado","INE, Atlas de distribución de renta de los hogares"
15036,2020,737.8031380753139,478,4,28753.0,90.0,66402.28242677826,2.3094036249009933,93.77049180327869,percentil_invertido_anual,"Ministerio de Vivienda, valor tasado","INE, Atlas de distribución de renta de los hogares"
15054,2020,804.8592,375,4,28634.0,90.0,72437.328,2.529766291820912,87.54098360655738,percentil_invertido_anual,"Ministerio de Vivienda, valor tasado","INE, Atlas de distribución de renta de los hogares"
15058,2020,1405.993899782135,459,4,43578.0,90.0,126539.45098039215,2.9037461788148184,76.39344262295081,percentil_invertido_anual,"Ministerio de Vivienda, valor tasado","INE, Atlas de distribución de renta de los hogares"
15073,2020,930.85,242,4,29715.0,90.0,83776.5,2.8193336698637053,80.32786885245902,percentil_invertido_anual,"Ministerio de Vivienda, valor tasado","INE, Atlas de distribución de renta de los hogares"
15078,2020,1675.7771900826444,605,4,36213.0,90.0,150819.947107438,4.164801234568746,38.36065573770492,percentil_invertido_anual,"Ministerio de Vivienda, valor tasado","INE, Atlas de distribución de renta de los hogares"
16078,2020,1105.6501187648457,421,4,32319.0,90.0,99508.51068883612,3.0789476991502247,70.81967213114754,percentil_invertido_anual,"Ministerio de Vivienda, valor tasado","INE, Atlas de distribución de renta de los hogares"
17023,2020,1485.073354231975,638,4,29329.0,90.0,133656.60188087774,4.557148279207533,29.508196721311474,percentil_invertido_anual,"Ministerio de Vivienda, valor tasado","INE, Atlas de distribución de renta de los hogares"
17066,2020,1148.061936560935,599,4,29428.0,90.0,103325.57429048415,3.5111313813539535,54.75409836065574,percentil_invertido_anual,"Ministerio de Vivienda, valor tasado","INE, Atlas de distribución de renta de los hogares"
17079,2020,1682.1277730008599,1163,4,39210.0,90.0,151391.4995700774,3.861043090285065,43.9344262295082,percentil_invertido_anual,"Ministerio de Vivienda, valor tasado","INE, Atlas de distribución de renta de los hogares"
17095,2020,1696.9079710144927,690,4,25326.0,90.0,152721.71739130435,6.03023443857318,8.19672131147541,percentil_invertido_anual,"Ministerio de Vivienda, valor tasado","INE, Atlas de distribución de renta de los hogares"
17114,2020,1169.7505827505827,429,4,35663.0,90.0,105277.55244755244,2.9520105556894385,74.42622950819673,percentil_invertido_anual,"Ministerio de Vivienda, valor tasado","INE, Atlas de distribución de renta de los hogares"
17155,2020,1006.5728376327769,659,4,30457.0,90.0,90591.55538694993,2.974408358897788,74.09836065573771,percentil_invertido_anual,"Ministerio de Vivienda, valor tasado","INE, Atlas de distribución de renta de los hogares"
18017,2020,1646.318018018018,444,4,22776.0,90.0,148168.62162162163,6.505471620197648,6.229508196721311,percentil_invertido_anual,"Ministerio de Vivienda, valor tasado","INE, Atlas de distribución de renta de los hogares"
18087,2020,1622.1079335793358,2168,4,31402.0,90.0,145989.71402214022,4.649057831416477,26.885245901639344,percentil_invertido_anual,"Ministerio de Vivienda, valor tasado","INE, Atlas de distribución de renta de los hogares"
18140,2020,1003.7885997521686,807,4,26539.0,90.0,90340.97397769518,3.4040835742754125,59.34426229508197,percentil_invertido_anual,"Ministerio de Vivienda, valor tasado","INE, Atlas de distribución de renta de los hogares"
19046,2020,1309.0389610389611,539,4,33628.0,90.0,117813.5064935065,3.503434830900039,55.40983606557377,percentil_invertido_anual,"Ministerio de Vivienda, valor tasado","INE, Atlas de distribución de renta de los hogares"
19130,2020,1205.9822997416022,774,4,34881.0,90.0,108538.4069767442,3.111677044142777,68.19672131147541,percentil_invertido_anual,"Ministerio de Vivienda, valor tasado","INE, Atlas de distribución de renta de los hogares"
20030,2020,1565.7701149425288,87,3,36896.0,90.0,140919.3103448276,3.8193655232227774,44.59016393442623,percentil_invertido_anual,"Ministerio de Vivienda, valor tasado","INE, Atlas de distribución de renta de los hogares"
20045,2020,2058.3495548961428,337,4,34461.0,90.0,185251.45994065286,5.375684395132262,15.081967213114755,percentil_invertido_anual,"Ministerio de Vivienda, valor tasado","INE, Atlas de distribución de renta de los hogares"
20067,2020,2129.325850340136,147,4,32759.0,90.0,191639.32653061225,5.849974862804489,9.508196721311476,percentil_invertido_anual,"Ministerio de Vivienda, valor tasado","INE, Atlas de distribución de renta de los hogares"
20069,2020,3756.834355828221,815,4,43696.0,90.0,338115.0920245399,7.737895734724915,1.9672131147540983,percentil_invertido_anual,"Ministerio de Vivienda, valor tasado","INE, Atlas de distribución de renta de los hogares"
21041,2020,1044.8064576802508,1595,4,29158.0,90.0,94032.58119122258,3.2249324779210706,64.26229508196721,percentil_invertido_anual,"Ministerio de Vivienda, valor tasado","INE, Atlas de distribución de renta de los hogares"
21044,2020,1249.705044510386,674,4,24976.0,90.0,112473.45400593473,4.503261291076823,32.131147540983605,percentil_invertido_anual,"Ministerio de Vivienda, valor tasado","INE, Atlas de distribución de renta de los hogares"
22125,2020,1148.878205128205,468,4,33327.0,90.0,103399.03846153845,3.1025606403678236,68.85245901639344,percentil_invertido_anual,"Ministerio de Vivienda, valor tasado","INE, Atlas de distribución de renta de los hogares"
23005,2020,739.7,401,4,23865.0,90.0,66573.0,2.789566310496543,80.98360655737704,percentil_invertido_anual,"Ministerio de Vivienda, valor tasado","INE, Atlas de distribución de renta de los hogares"
23050,2020,1101.9426886792453,1272,4,32544.0,90.0,99174.84198113208,3.0474078779846385,72.1311475409836,percentil_invertido_anual,"Ministerio de Vivienda, valor tasado","INE, Atlas de distribución de renta de los hogares"
23055,2020,743.2438920454545,704,4,27675.0,90.0,66891.9502840909,2.4170533074648923,90.49180327868852,percentil_invertido_anual,"Ministerio de Vivienda, valor tasado","INE, Atlas de distribución de renta de los hogares"
23092,2020,865.6846347607053,397,4,28148.0,90.0,77911.61712846348,2.767927281812686,82.62295081967213,percentil_invertido_anual,"Ministerio de Vivienda, valor tasado","INE, Atlas de distribución de renta de los hogares"
24089,2020,1160.5670960187354,854,4,32074.0,90.0,104451.03864168619,3.256564152948999,62.950819672131146,percentil_invertido_anual,"Ministerio de Vivienda, valor tasado","INE, Atlas de distribución de renta de los hogares"
24115,2020,784.1173752310536,541,4,28850.0,90.0,70570.56377079483,2.44612006137937,89.8360655737705,percentil_invertido_anual,"Ministerio de Vivienda, valor tasado","INE, Atlas de distribución de renta de los hogares"
24142,2020,885.810460251046,239,4,28762.0,90.0,79722.94142259414,2.7718149441135576,81.9672131147541,percentil_invertido_anual,"Ministerio de Vivienda, valor tasado","INE, Atlas de distribución de renta de los hogares"
25120,2020,911.4738349241999,1781,4,34151.0,90.0,82032.64514317799,2.4020568985733357,91.14754098360656,percentil_invertido_anual,"Ministerio de Vivienda, valor tasado","INE, Atlas de distribución de renta de los hogares"
26089,2020,1264.8468063872256,1002,4,33246.0,90.0,113836.2125748503,3.4240574076535615,58.36065573770492,percentil_invertido_anual,"Ministerio de Vivienda, valor tasado","INE, Atlas de distribución de renta de los hogares"
27028,2020,977.3023622047243,762,4,30462.0,90.0,87957.21259842519,2.8874405028699752,77.70491803278688,percentil_invertido_anual,"Ministerio de Vivienda, valor tasado","INE, Atlas de distribución de renta de los hogares"
28005,2020,1648.9297689414293,1861,4,36247.0,90.0,148403.67920472863,4.094233431862737,40.0,percentil_invertido_anual,"Ministerio de Vivienda, valor tasado","INE, Atlas de distribución de renta de los hogares"
28006,2020,2956.138954108858,937,4,56448.0,90.0,266052.5058697972,4.713231750811317,24.918032786885245,percentil_invertido_anual,"Ministerio de Vivienda, valor tasado","INE, Atlas de distribución de renta de los hogares"
28007,2020,2101.492703533026,1302,4,35844.0,90.0,189134.34331797235,5.276597012553631,17.37704918032787,percentil_invertido_anual,"Ministerio de Vivienda, valor tasado","INE, Atlas de distribución de renta de los hogares"
28013,2020,1378.5342857142855,595,4,34544.0,90.0,124068.0857142857,3.5915958115529674,51.14754098360656,percentil_invertido_anual,"Ministerio de Vivienda, valor tasado","INE, Atlas de distribución de renta de los hogares"
28014,2020,1549.7500000000002,1174,4,33726.0,90.0,139477.50000000003,4.1356075431417905,39.34426229508197,percentil_invertido_anual,"Ministerio de Vivienda, valor tasado","INE, Atlas de distribución de renta de los hogares"
28022,2020,2756.24290627687,1163,4,74262.0,90.0,248061.8615649183,3.340360636192377,60.98360655737705,percentil_invertido_anual,"Ministerio de Vivienda, valor tasado","INE, Atlas de distribución de renta de los hogares"
28045,2020,1855.6048780487806,656,4,44384.0,90.0,167004.43902439025,3.762717173404611,45.57377049180328,percentil_invertido_anual,"Ministerio de Vivienda, valor tasado","INE, Atlas de distribución de renta de los hogares"
28047,2020,1709.9561274509806,816,4,35353.0,90.0,153896.05147058825,4.353125660356639,33.77049180327869,percentil_invertido_anual,"Ministerio de Vivienda, valor tasado","INE, Atlas de distribución de renta de los hogares"
28049,2020,1909.282191780822,584,4,36592.0,90.0,171835.39726027398,4.695982653592971,25.57377049180328,percentil_invertido_anual,"Ministerio de Vivienda, valor tasado","INE, Atlas de distribución de renta de los hogares"
28058,2020,1695.4624396135268,1656,4,32807.0,90.0,152591.6195652174,4.651190891127424,26.557377049180328,percentil_invertido_anual,"Ministerio de Vivienda, valor tasado","INE, Atlas de distribución de renta de los hogares"
28061,2020,1657.146694214876,484,4,41920.0,90.0,149143.20247933886,3.557805402655984,52.131147540983605,percentil_invertido_anual,"Ministerio de Vivienda, valor tasado","INE, Atlas de distribución de renta de los hogares"
28065,2020,1870.471241457859,1756,4,35693.0,90.0,168342.4117312073,4.7163985019809855,24.59016393442623,percentil_invertido_anual,"Ministerio de Vivienda, valor tasado","INE, Atlas de distribución de renta de los hogares"
28074,2020,1896.2828481510621,1271,4,33176.0,90.0,170665.4563335956,5.144244524161912,19.672131147540984,percentil_invertido_anual,"Ministerio de Vivienda, valor tasado","INE, Atlas de distribución de renta de los hogares"
28079,2020,3188.870067041131,33114,4,43003.0,90.0,286998.30603370175,6.67391358820784,5.573770491803279,percentil_invertido_anual,"Ministerio de Vivienda, valor tasado","INE, Atlas de distribución de renta de los hogares"
28080,2020,3139.1086178861788,615,4,65059.0,90.0,282519.77560975606,4.3425164175556965,34.75409836065574,percentil_invertido_anual,"Ministerio de Vivienda, valor tasado","INE, Atlas de distribución de renta de los hogares"
28092,2020,1708.6534443168773,1742,4,33475.0,90.0,153778.80998851894,4.593840477625659,28.524590163934427,percentil_invertido_anual,"Ministerio de Vivienda, valor tasado","INE, Atlas de distribución de renta de los hogares"
28096,2020,1448.3385542168676,415,4,36243.0,90.0,130350.46987951809,3.596569541139478,50.81967213114754,percentil_invertido_anual,"Ministerio de Vivienda, valor tasado","INE, Atlas de distribución de renta de los hogares"
28106,2020,1361.2172636103153,1396,4,29788.0,90.0,122509.55372492838,4.1127149766660525,39.67213114754098,percentil_invertido_anual,"Ministerio de Vivienda, valor tasado","INE, Atlas de distribución de renta de los hogares"
28113,2020,1821.4352727272728,550,4,36498.0,90.0,163929.17454545456,4.491456368717589,32.78688524590164,percentil_invertido_anual,"Ministerio de Vivienda, valor tasado","INE, Atlas de distribución de renta de los hogares"
28115,2020,3270.9050391937294,893,4,82973.0,90.0,294381.45352743566,3.5479186425395692,52.459016393442624,percentil_invertido_anual,"Ministerio de Vivienda, valor tasado","INE, Atlas de distribución de renta de los hogares"
28123,2020,2038.171387283237,1038,4,46289.0,90.0,183435.42485549132,3.9628297188423023,42.295081967213115,percentil_invertido_anual,"Ministerio de Vivienda, valor tasado","INE, Atlas de distribución de renta de los hogares"
28127,2020,2826.92503617945,1382,4,63629.0,90.0,254423.25325615052,3.998542382500912,41.63934426229508,percentil_invertido_anual,"Ministerio de Vivienda, valor tasado","INE, Atlas de distribución de renta de los hogares"
28130,2020,1895.4790322580645,310,4,35065.0,90.0,170593.11290322582,4.8650538401034025,22.950819672131146,percentil_invertido_anual,"Ministerio de Vivienda, valor tasado","INE, Atlas de distribución de renta de los hogares"
28134,2020,2440.96600877193,912,4,44359.0,90.0,219686.94078947368,4.952477305382756,21.311475409836067,percentil_invertido_anual,"Ministerio de Vivienda, valor tasado","INE, Atlas de distribución de renta de los hogares"
28148,2020,1756.218659942363,1388,4,35052.0,90.0,158059.67939481267,4.509291321317262,31.80327868852459,percentil_invertido_anual,"Ministerio de Vivienda, valor tasado","INE, Atlas de distribución de renta de los hogares"
28161,2020,1629.999498997996,998,4,38246.0,90.0,146699.95490981964,3.835694057151588,44.26229508196721,percentil_invertido_anual,"Ministerio de Vivienda, valor tasado","INE, Atlas de distribución de renta de los hogares"
28181,2020,2179.1721476510065,298,4,56991.0,90.0,196125.49328859057,3.4413414975801544,58.032786885245905,percentil_invertido_anual,"Ministerio de Vivienda, valor tasado","INE, Atlas de distribución de renta de los hogares"
28903,2020,2695.4273838630806,409,4,57055.0,90.0,242588.46454767726,4.25183532639869,36.0655737704918,percentil_invertido_anual,"Ministerio de Vivienda, valor tasado","INE, Atlas de distribución de renta de los hogares"
29007,2020,1622.5607476635514,642,4,34174.0,90.0,146030.4672897196,4.2731452943676365,35.40983606557377,percentil_invertido_anual,"Ministerio de Vivienda, valor tasado","INE, Atlas de distribución de renta de los hogares"
29015,2020,1026.221978021978,364,4,28104.0,90.0,92359.97802197802,3.2863641482343446,62.295081967213115,percentil_invertido_anual,"Ministerio de Vivienda, valor tasado","INE, Atlas de distribución de renta de los hogares"
29025,2020,2037.775741444867,1315,4,26000.0,90.0,183399.81673003803,7.053839105001463,3.9344262295081966,percentil_invertido_anual,"Ministerio de Vivienda, valor tasado","INE, Atlas de distribución de renta de los hogares"
29051,2020,1756.606151832461,1528,4,26162.0,90.0,158094.5536649215,6.0429077924058365,7.868852459016393,percentil_invertido_anual,"Ministerio de Vivienda, valor tasado","INE, Atlas de distribución de renta de los hogares"
29054,2020,2062.212425328554,837,4,23774.0,90.0,185599.11827956987,7.806810729350125,1.639344262295082,percentil_invertido_anual,"Ministerio de Vivienda, valor tasado","INE, Atlas de distribución de renta de los hogares"
29067,2020,1757.6738475021912,5705,4,30219.0,90.0,158190.6462751972,5.234807448135187,18.360655737704917,percentil_invertido_anual,"Ministerio de Vivienda, valor tasado","INE, Atlas de distribución de renta de los hogares"
29069,2020,2506.9338157894736,2280,4,27930.0,90.0,225624.04342105263,8.07819704336028,0.9836065573770492,percentil_invertido_anual,"Ministerio de Vivienda, valor tasado","INE, Atlas de distribución de renta de los hogares"
29070,2020,1766.9798899755501,1636,4,23888.0,90.0,159028.19009779952,6.657241715413577,5.901639344262295,percentil_invertido_anual,"Ministerio de Vivienda, valor tasado","INE, Atlas de distribución de renta de los hogares"
29082,2020,1854.4202469135805,810,4,33519.0,90.0,166897.82222222225,4.97920051977154,20.983606557377048,percentil_invertido_anual,"Ministerio de Vivienda, valor tasado","INE, Atlas de distribución de renta de los hogares"
29084,2020,1095.6520775623267,361,4,26824.0,90.0,98608.6869806094,3.6761365560919104,48.19672131147541,percentil_invertido_anual,"Ministerio de Vivienda, valor tasado","INE, Atlas de distribución de renta de los hogares"
29094,2020,1419.421,1000,4,26076.0,90.0,127747.89,4.8990600552231935,22.295081967213115,percentil_invertido_anual,"Ministerio de Vivienda, valor tasado","INE, Atlas de distribución de renta de los hogares"
29901,2020,1988.1855199222546,1029,4,25810.0,90.0,178936.69679300292,6.93284373471534,4.918032786885246,percentil_invertido_anual,"Ministerio de Vivienda, valor tasado","INE, Atlas de distribución de renta de los hogares"
30003,2020,917.4038653366583,802,4,26394.0,90.0,82566.34788029925,3.1282241373152706,67.54098360655738,percentil_invertido_anual,"Ministerio de Vivienda, valor tasado","INE, Atlas de distribución de renta de los hogares"
30005,2020,717.2021929824562,456,4,28292.0,90.0,64548.19736842105,2.281499977676412,94.75409836065573,percentil_invertido_anual,"Ministerio de Vivienda, valor tasado","INE, Atlas de distribución de renta de los hogares"
30015,2020,699.1044217687075,294,4,27528.0,90.0,62919.397959183676,2.285650899418181,94.42622950819673,percentil_invertido_anual,"Ministerio de Vivienda, valor tasado","INE, Atlas de distribución de renta de los hogares"
30016,2020,974.4142614601019,2945,4,31459.0,90.0,87697.28353140916,2.7876691417848365,81.31147540983606,percentil_invertido_anual,"Ministerio de Vivienda, valor tasado","INE, Atlas de distribución de renta de los hogares"
30019,2020,766.8297376093294,343,4,28636.0,90.0,69014.67638483965,2.410066922225159,90.81967213114754,percentil_invertido_anual,"Ministerio de Vivienda, valor tasado","INE, Atlas de distribución de renta de los hogares"
30022,2020,622.1972602739726,292,4,26745.0,90.0,55997.75342465753,2.093765317803609,98.0327868852459,percentil_invertido_anual,"Ministerio de Vivienda, valor tasado","INE, Atlas de distribución de renta de los hogares"
30024,2020,843.901641025641,975,4,30468.0,90.0,75951.14769230768,2.4928169782167418,88.52459016393442,percentil_invertido_anual,"Ministerio de Vivienda, valor tasado","INE, Atlas de distribución de renta de los hogares"
30026,2020,1024.219965576592,581,4,23511.0,90.0,92179.79690189328,3.920709323376006,42.622950819672134,percentil_invertido_anual,"Ministerio de Vivienda, valor tasado","INE, Atlas de distribución de renta de los hogares"
30027,2020,873.129360694554,1267,4,33782.0,90.0,78581.64246250986,2.3261394370525683,92.78688524590164,percentil_invertido_anual,"Ministerio de Vivienda, valor tasado","INE, Atlas de distribución de renta de los hogares"
30030,2020,1036.204820143885,5560,4,33461.0,90.0,93258.43381294965,2.7870785037192447,81.63934426229508,percentil_invertido_anual,"Ministerio de Vivienda, valor tasado","INE, Atlas de distribución de renta de los hogares"
30035,2020,1161.2455709711846,937,4,28835.0,90.0,104512.10138740661,3.624487649988091,49.83606557377049,percentil_invertido_anual,"Ministerio de Vivienda, valor tasado","INE, Atlas de distribución de renta de los hogares"
30037,2020,829.324233983287,718,4,27974.0,90.0,74639.18105849583,2.668162617376701,83.93442622950819,percentil_invertido_anual,"Ministerio de Vivienda, valor tasado","INE, Atlas de distribución de renta de los hogares"
30039,2020,770.5840840840841,333,4,28645.0,90.0,69352.56756756757,2.4211055181556143,90.1639344262295,percentil_invertido_anual,"Ministerio de Vivienda, valor tasado","INE, Atlas de distribución de renta de los hogares"
30043,2020,679.2976744186045,344,4,26416.0,90.0,61136.790697674405,2.3143848689307394,93.44262295081967,percentil_invertido_anual,"Ministerio de Vivienda, valor tasado","INE, Atlas de distribución de renta de los hogares"
31201,2020,1849.1703180212012,849,4,36227.0,90.0,166425.32862190812,4.5939583355482965,28.19672131147541,percentil_invertido_anual,"Ministerio de Vivienda, valor tasado","INE, Atlas de distribución de renta de los hogares"
31232,2020,1008.9756097560976,287,4,32778.0,90.0,90807.80487804879,2.770388824151833,82.29508196721312,percentil_invertido_anual,"Ministerio de Vivienda, valor tasado","INE, Atlas de distribución de renta de los hogares"
32054,2020,1168.1589779005524,724,4,30118.0,90.0,105134.30801104971,3.490746663491922,56.0655737704918,percentil_invertido_anual,"Ministerio de Vivienda, valor tasado","INE, Atlas de distribución de renta de los hogares"
33004,2020,1041.427559055118,508,4,29995.0,90.0,93728.48031496063,3.1248034777449787,67.8688524590164,percentil_invertido_anual,"Ministerio de Vivienda, valor tasado","INE, Atlas de distribución de renta de los hogares"
33024,2020,1431.4013357079255,2246,4,31045.0,90.0,128826.1202137133,4.149657600699413,38.68852459016394,percentil_invertido_anual,"Ministerio de Vivienda, valor tasado","INE, Atlas de distribución de renta de los hogares"
33031,2020,786.506936416185,346,4,27663.0,90.0,70785.62427745665,2.5588556655986934,86.88524590163935,percentil_invertido_anual,"Ministerio de Vivienda, valor tasado","INE, Atlas de distribución de renta de los hogares"
33037,2020,760.0184563758389,298,4,29103.0,90.0,68401.6610738255,2.350330243405336,92.45901639344262,percentil_invertido_anual,"Ministerio de Vivienda, valor tasado","INE, Atlas de distribución de renta de los hogares"
33044,2020,1294.8705326032853,2009,4,33416.0,90.0,116538.34793429567,3.487501434471381,56.39344262295082,percentil_invertido_anual,"Ministerio de Vivienda, valor tasado","INE, Atlas de distribución de renta de los hogares"
33066,2020,1020.9077989601387,577,4,32455.0,90.0,91881.70190641249,2.831049203710137,80.0,percentil_invertido_anual,"Ministerio de Vivienda, valor tasado","INE, Atlas de distribución de renta de los hogares"
34120,2020,1104.046795827124,671,4,31399.0,90.0,99364.21162444116,3.164566120718531,65.90163934426229,percentil_invertido_anual,"Ministerio de Vivienda, valor tasado","INE, Atlas de distribución de renta de los hogares"
35002,2020,1228.4543252595156,289,4,29869.0,90.0,110560.8892733564,3.701526307320513,47.540983606557376,percentil_invertido_anual,"Ministerio de Vivienda, valor tasado","INE, Atlas de distribución de renta de los hogares"
35004,2020,1252.8293413173653,668,4,28133.0,90.0,112754.64071856288,4.007913863383318,41.31147540983606,percentil_invertido_anual,"Ministerio de Vivienda, valor tasado","INE, Atlas de distribución de renta de los hogares"
35006,2020,1102.2723981900454,442,4,31940.0,90.0,99204.51583710409,3.105964803916847,68.52459016393442,percentil_invertido_anual,"Ministerio de Vivienda, valor tasado","INE, Atlas de distribución de renta de los hogares"
35011,2020,995.1910447761195,268,4,29087.0,90.0,89567.19402985075,3.079286073842292,70.1639344262295,percentil_invertido_anual,"Ministerio de Vivienda, valor tasado","INE, Atlas de distribución de renta de los hogares"
35014,2020,1895.792857142857,392,4,23693.0,90.0,170621.35714285713,7.201340359720471,3.278688524590164,percentil_invertido_anual,"Ministerio de Vivienda, valor tasado","INE, Atlas de distribución de renta de los hogares"
35016,2020,1537.6072285353537,3168,4,33426.0,90.0,138384.65056818182,4.140030232997721,39.01639344262295,percentil_invertido_anual,"Ministerio de Vivienda, valor tasado","INE, Atlas de distribución de renta de los hogares"
35017,2020,1157.9972014925372,536,4,29999.0,90.0,104219.74813432834,3.47410740805788,56.721311475409834,percentil_invertido_anual,"Ministerio de Vivienda, valor tasado","INE, Atlas de distribución de renta de los hogares"
35019,2020,2039.5144000000005,500,4,26042.0,90.0,183556.29600000003,7.048471545964213,4.262295081967213,percentil_invertido_anual,"Ministerio de Vivienda, valor tasado","INE, Atlas de distribución de renta de los hogares"
35022,2020,1061.7494736842104,760,4,25982.0,90.0,95557.45263157894,3.677832831636477,47.868852459016395,percentil_invertido_anual,"Ministerio de Vivienda, valor tasado","INE, Atlas de distribución de renta de los hogares"
35026,2020,1166.990642615558,887,4,29121.0,90.0,105029.15783540023,3.6066466754369775,50.49180327868852,percentil_invertido_anual,"Ministerio de Vivienda, valor tasado","INE, Atlas de distribución de renta de los hogares"
36008,2020,1244.1664062500001,256,4,29826.0,90.0,111974.97656250001,3.7542740079963797,45.90163934426229,percentil_invertido_anual,"Ministerio de Vivienda, valor tasado","INE, Atlas de distribución de renta de los hogares"
36026,2020,891.4825641025641,195,4,27671.0,90.0,80233.43076923076,2.8995493754916977,76.72131147540983,percentil_invertido_anual,"Ministerio de Vivienda, valor tasado","INE, Atlas de distribución de renta de los hogares"
36038,2020,1177.4932107496463,707,4,31982.0,90.0,105974.38896746817,3.3135635347216614,61.63934426229508,percentil_invertido_anual,"Ministerio de Vivienda, valor tasado","INE, Atlas de distribución de renta de los hogares"
36045,2020,985.0632231404958,242,4,33086.0,90.0,88655.69008264462,2.6795529856327334,83.60655737704919,percentil_invertido_anual,"Ministerio de Vivienda, valor tasado","INE, Atlas de distribución de renta de los hogares"
36057,2020,1502.5047656870531,2518,4,33927.0,90.0,135225.42891183478,3.985776193351454,41.967213114754095,percentil_invertido_anual,"Ministerio de Vivienda, valor tasado","INE, Atlas de distribución de renta de los hogares"
36060,2020,948.7617563739377,353,4,28143.0,90.0,85388.55807365439,3.0340957990851862,72.45901639344262,percentil_invertido_anual,"Ministerio de Vivienda, valor tasado","INE, Atlas de distribución de renta de los hogares"
37274,2020,1539.3298630136985,1095,4,29675.0,90.0,138539.68767123285,4.668565717648959,25.901639344262296,percentil_invertido_anual,"Ministerio de Vivienda, valor tasado","INE, Atlas de distribución de renta de los hogares"
38001,2020,2101.7399317406143,586,4,23544.0,90.0,189156.5938566553,8.034174050996233,1.3114754098360655,percentil_invertido_anual,"Ministerio de Vivienda, valor tasado","INE, Atlas de distribución de renta de los hogares"
38006,2020,1775.6737514518002,861,4,22327.0,90.0,159810.637630662,7.157729996446545,3.6065573770491803,percentil_invertido_anual,"Ministerio de Vivienda, valor tasado","INE, Atlas de distribución de renta de los hogares"
38011,2020,1759.5893258426968,356,4,32007.0,90.0,158363.03932584272,4.9477626558516175,21.639344262295083,percentil_invertido_anual,"Ministerio de Vivienda, valor tasado","INE, Atlas de distribución de renta de los hogares"
38017,2020,1303.2609324758844,622,4,25854.0,90.0,117293.48392282959,4.53676351523283,30.16393442622951,percentil_invertido_anual,"Ministerio de Vivienda, valor tasado","INE, Atlas de distribución de renta de los hogares"
38023,2020,1177.0489145183176,1474,4,31013.0,90.0,105934.40230664858,3.4158063491648205,59.01639344262295,percentil_invertido_anual,"Ministerio de Vivienda, valor tasado","INE, Atlas de distribución de renta de los hogares"
38026,2020,1105.8107382550336,298,4,28373.0,90.0,99522.96644295302,3.5076645558436903,55.08196721311475,percentil_invertido_anual,"Ministerio de Vivienda, valor tasado","INE, Atlas de distribución de renta de los hogares"
38028,2020,1706.265145228216,241,4,26042.0,90.0,153563.86307053943,5.896776863164866,8.524590163934427,percentil_invertido_anual,"Ministerio de Vivienda, valor tasado","INE, Atlas de distribución de renta de los hogares"
38031,2020,1051.088157894737,228,4,26747.0,90.0,94597.93421052632,3.5367680192367863,53.442622950819676,percentil_invertido_anual,"Ministerio de Vivienda, valor tasado","INE, Atlas de distribución de renta de los hogares"
38038,2020,1359.073560648407,1789,4,32482.0,90.0,122316.62045835663,3.7656739258160403,45.24590163934426,percentil_invertido_anual,"Ministerio de Vivienda, valor tasado","INE, Atlas de distribución de renta de los hogares"
39016,2020,1263.2460377358489,265,4,33549.0,90.0,113692.1433962264,3.3888385166838475,59.67213114754098,percentil_invertido_anual,"Ministerio de Vivienda, valor tasado","INE, Atlas de distribución de renta de los hogares"
39020,2020,1796.3743529411763,425,4,31397.0,90.0,161673.69176470587,5.149335661518803,19.34426229508197,percentil_invertido_anual,"Ministerio de Vivienda, valor tasado","INE, Atlas de distribución de renta de los hogares"
39075,2020,1683.3944074567246,1502,4,33836.0,90.0,151505.4966711052,4.477642057900024,33.114754098360656,percentil_invertido_anual,"Ministerio de Vivienda, valor tasado","INE, Atlas de distribución de renta de los hogares"
39087,2020,982.3267639902676,411,4,28127.0,90.0,88409.40875912408,3.143222126750954,67.21311475409836,percentil_invertido_anual,"Ministerio de Vivienda, valor tasado","INE, Atlas de distribución de renta de los hogares"
40194,2020,1338.7073349633254,409,4,33086.0,90.0,120483.66014669929,3.6415299566795407,48.85245901639344,percentil_invertido_anual,"Ministerio de Vivienda, valor tasado","INE, Atlas de distribución de renta de los hogares"
41004,2020,1085.1689516129034,992,4,28588.0,90.0,97665.2056451613,3.416300743149619,58.68852459016394,percentil_invertido_anual,"Ministerio de Vivienda, valor tasado","INE, Atlas de distribución de renta de los hogares"
41021,2020,1041.2369109947645,382,4,25141.0,90.0,93711.3219895288,3.7274301734031585,47.21311475409836,percentil_invertido_anual,"Ministerio de Vivienda, valor tasado","INE, Atlas de distribución de renta de los hogares"
41024,2020,1078.7860962566845,374,4,25980.0,90.0,97090.7486631016,3.7371342826444036,46.557377049180324,percentil_invertido_anual,"Ministerio de Vivienda, valor tasado","INE, Atlas de distribución de renta de los hogares"
41034,2020,956.9817174515237,361,4,24291.0,90.0,86128.35457063712,3.545689949801866,52.78688524590164,percentil_invertido_anual,"Ministerio de Vivienda, valor tasado","INE, Atlas de distribución de renta de los hogares"
41038,2020,1273.7599476439789,1528,4,31612.0,90.0,114638.3952879581,3.626420197645138,49.50819672131148,percentil_invertido_anual,"Ministerio de Vivienda, valor tasado","INE, Atlas de distribución de renta de los hogares"
41039,2020,904.9022922636104,349,4,24561.0,90.0,81441.20630372493,3.3158750174555163,61.31147540983606,percentil_invertido_anual,"Ministerio de Vivienda, valor tasado","INE, Atlas de distribución de renta de los hogares"
41053,2020,804.7521531100477,209,4,23489.0,90.0,72427.6937799043,3.083472850266265,69.8360655737705,percentil_invertido_anual,"Ministerio de Vivienda, valor tasado","INE, Atlas de distribución de renta de los hogares"
41059,2020,1480.8532428355957,663,4,36618.0,90.0,133276.7918552036,3.639652407428139,49.18032786885246,percentil_invertido_anual,"Ministerio de Vivienda, valor tasado","INE, Atlas de distribución de renta de los hogares"
41065,2020,893.7597285067873,221,4,25576.0,90.0,80438.37556561086,3.145072551048282,66.88524590163935,percentil_invertido_anual,"Ministerio de Vivienda, valor tasado","INE, Atlas de distribución de renta de los hogares"
41069,2020,976.0680412371133,291,4,24006.0,90.0,87846.1237113402,3.659340319559285,48.52459016393443,percentil_invertido_anual,"Ministerio de Vivienda, valor tasado","INE, Atlas de distribución de renta de los hogares"
41081,2020,1065.9343980343979,407,4,27163.0,90.0,95934.0958230958,3.5317930943966354,53.77049180327869,percentil_invertido_anual,"Ministerio de Vivienda, valor tasado","INE, Atlas de distribución de renta de los hogares"
41091,2020,1803.3427538137823,7604,4,32289.0,90.0,162300.84784324042,5.026505864016861,20.65573770491803,percentil_invertido_anual,"Ministerio de Vivienda, valor tasado","INE, Atlas de distribución de renta de los hogares"
41095,2020,960.7480190174326,631,4,25799.0,90.0,86467.32171156893,3.351576484033061,60.32786885245902,percentil_invertido_anual,"Ministerio de Vivienda, valor tasado","INE, Atlas de distribución de renta de los hogares"
42173,2020,1056.9610714285714,280,4,35047.0,90.0,95126.49642857142,2.714255041189586,82.95081967213115,percentil_invertido_anual,"Ministerio de Vivienda, valor tasado","INE, Atlas de distribución de renta de los hogares"
43038,2020,1610.0325688073397,872,4,32074.0,90.0,144902.93119266056,4.517769258360683,31.147540983606557,percentil_invertido_anual,"Ministerio de Vivienda, valor tasado","INE, Atlas de distribución de renta de los hogares"
43123,2020,1026.4218637992833,1674,4,32330.0,90.0,92377.9677419355,2.8573451203815496,79.34426229508196,percentil_invertido_anual,"Ministerio de Vivienda, valor tasado","INE, Atlas de distribución de renta de los hogares"
43148,2020,1180.7275339602925,1914,4,35611.0,90.0,106265.47805642632,2.984063296633802,73.77049180327869,percentil_invertido_anual,"Ministerio de Vivienda, valor tasado","INE, Atlas de distribución de renta de los hogares"
43155,2020,747.7356913183279,311,4,32438.0,90.0,67296.21221864951,2.0746104019560243,98.68852459016394,percentil_invertido_anual,"Ministerio de Vivienda, valor tasado","INE, Atlas de distribución de renta de los hogares"
43163,2020,1308.7868504772005,943,4,30321.0,90.0,117790.81654294804,3.8847932635120226,43.60655737704918,percentil_invertido_anual,"Ministerio de Vivienda, valor tasado","INE, Atlas de distribución de renta de los hogares"
43905,2020,1694.0928143712574,668,4,27986.0,90.0,152468.35329341318,5.4480223430791535,13.114754098360656,percentil_invertido_anual,"Ministerio de Vivienda, valor tasado","INE, Atlas de distribución de renta de los hogares"
44216,2020,1117.94375,368,4,34938.0,90.0,100614.93749999999,2.8798138845955688,78.0327868852459,percentil_invertido_anual,"Ministerio de Vivienda, valor tasado","INE, Atlas de distribución de renta de los hogares"
45081,2020,1201.0991266375547,458,4,32755.0,90.0,108098.92139737992,3.3002265729622935,61.967213114754095,percentil_invertido_anual,"Ministerio de Vivienda, valor tasado","INE, Atlas de distribución de renta de los hogares"
45165,2020,739.9362459546925,927,4,26881.0,90.0,66594.26213592233,2.477372945051238,89.18032786885246,percentil_invertido_anual,"Ministerio de Vivienda, valor tasado","INE, Atlas de distribución de renta de los hogares"
45168,2020,1334.8504249291784,706,4,37841.0,90.0,120136.53824362606,3.174771761941441,65.24590163934427,percentil_invertido_anual,"Ministerio de Vivienda, valor tasado","INE, Atlas de distribución de renta de los hogares"
46005,2020,877.9291497975709,247,4,27549.0,90.0,79013.62348178138,2.86811221756802,79.01639344262296,percentil_invertido_anual,"Ministerio de Vivienda, valor tasado","INE, Atlas de distribución de renta de los hogares"
46017,2020,703.08,605,4,30007.0,90.0,63277.200000000004,2.1087479588096114,97.04918032786885,percentil_invertido_anual,"Ministerio de Vivienda, valor tasado","INE, Atlas de distribución de renta de los hogares"
46021,2020,918.1101045296166,287,4,28185.0,90.0,82629.90940766549,2.9316980453313994,75.08196721311475,percentil_invertido_anual,"Ministerio de Vivienda, valor tasado","INE, Atlas de distribución de renta de los hogares"
46029,2020,672.2781931464174,321,4,29023.0,90.0,60505.037383177565,2.0847271950927735,98.36065573770492,percentil_invertido_anual,"Ministerio de Vivienda, valor tasado","INE, Atlas de distribución de renta de los hogares"
46078,2020,936.4885085574572,409,4,27372.0,90.0,84283.96577017114,3.0792037764931735,70.49180327868852,percentil_invertido_anual,"Ministerio de Vivienda, valor tasado","INE, Atlas de distribución de renta de los hogares"
46094,2020,874.4216949152543,295,4,30262.0,90.0,78697.95254237289,2.600553583450297,85.90163934426229,percentil_invertido_anual,"Ministerio de Vivienda, valor tasado","INE, Atlas de distribución de renta de los hogares"
46102,2020,876.0736842105263,247,4,27655.0,90.0,78846.63157894736,2.8510805127082754,79.67213114754098,percentil_invertido_anual,"Ministerio de Vivienda, valor tasado","INE, Atlas de distribución de renta de los hogares"
46110,2020,793.7525525525525,333,4,27053.0,90.0,71437.72972972973,2.640658327347419,84.59016393442623,percentil_invertido_anual,"Ministerio de Vivienda, valor tasado","INE, Atlas de distribución de renta de los hogares"
46131,2020,941.441917808219,1095,4,27777.0,90.0,84729.77260273971,3.0503572237008933,71.80327868852459,percentil_invertido_anual,"Ministerio de Vivienda, valor tasado","INE, Atlas de distribución de renta de los hogares"
46145,2020,731.0301169590643,342,4,29888.0,90.0,65792.71052631579,2.201308569536797,95.73770491803279,percentil_invertido_anual,"Ministerio de Vivienda, valor tasado","INE, Atlas de distribución de renta de los hogares"
46159,2020,901.5791469194313,422,4,27863.0,90.0,81142.12322274882,2.912181862066139,75.73770491803279,percentil_invertido_anual,"Ministerio de Vivienda, valor tasado","INE, Atlas de distribución de renta de los hogares"
46169,2020,1046.2722466960354,454,4,29337.0,90.0,94164.50220264318,3.2097522651478743,64.91803278688525,percentil_invertido_anual,"Ministerio de Vivienda, valor tasado","INE, Atlas de distribución de renta de los hogares"
46181,2020,913.360975609756,369,4,26850.0,90.0,82202.48780487804,3.06154516964164,71.14754098360656,percentil_invertido_anual,"Ministerio de Vivienda, valor tasado","INE, Atlas de distribución de renta de los hogares"
46184,2020,643.0931472081219,394,4,28632.0,90.0,57878.38324873097,2.021457922909017,99.67213114754098,percentil_invertido_anual,"Ministerio de Vivienda, valor tasado","INE, Atlas de distribución de renta de los hogares"
46190,2020,1094.4551991150443,904,4,32690.0,90.0,98500.96792035399,3.0131834787505043,73.44262295081967,percentil_invertido_anual,"Ministerio de Vivienda, valor tasado","INE, Atlas de distribución de renta de los hogares"
46220,2020,830.9653514180025,811,4,29925.0,90.0,74786.88162762023,2.4991439140391054,87.8688524590164,percentil_invertido_anual,"Ministerio de Vivienda, valor tasado","INE, Atlas de distribución de renta de los hogares"
46235,2020,921.3754022988506,435,4,28532.0,90.0,82923.78620689656,2.906343270955298,76.06557377049181,percentil_invertido_anual,"Ministerio de Vivienda, valor tasado","INE, Atlas de distribución de renta de los hogares"
46244,2020,905.0280821917808,1022,4,30123.0,90.0,81452.52739726027,2.7039978553683324,83.27868852459017,percentil_invertido_anual,"Ministerio de Vivienda, valor tasado","INE, Atlas de distribución de renta de los hogares"
46250,2020,1491.989865274912,8239,4,34367.0,90.0,134279.08787474208,3.9072100525138094,42.950819672131146,percentil_invertido_anual,"Ministerio de Vivienda, valor tasado","INE, Atlas de distribución de renta de los hogares"
47186,2020,1318.0315207373274,2170,4,33294.0,90.0,118622.83686635946,3.5628893153829355,51.80327868852459,percentil_invertido_anual,"Ministerio de Vivienda, valor tasado","INE, Atlas de distribución de renta de los hogares"
48013,2020,2050.97668997669,429,4,32272.0,90.0,184587.90209790212,5.719754031293447,11.147540983606557,percentil_invertido_anual,"Ministerio de Vivienda, valor tasado","INE, Atlas de distribución de renta de los hogares"
48015,2020,1964.827380952381,168,4,31422.0,90.0,176834.4642857143,5.6277278430944655,12.131147540983607,percentil_invertido_anual,"Ministerio de Vivienda, valor tasado","INE, Atlas de distribución de renta de los hogares"
48020,2020,2516.7429988331387,1714,4,37156.0,90.0,226506.8698949825,6.09610479855158,7.213114754098361,percentil_invertido_anual,"Ministerio de Vivienda, valor tasado","INE, Atlas de distribución de renta de los hogares"
48027,2020,2122.968539325843,89,3,42436.0,90.0,191067.16853932585,4.502478285873453,32.459016393442624,percentil_invertido_anual,"Ministerio de Vivienda, valor tasado","INE, Atlas de distribución de renta de los hogares"
48036,2020,1968.1451807228914,166,4,38825.0,90.0,177133.06626506022,4.562345557374377,29.18032786885246,percentil_invertido_anual,"Ministerio de Vivienda, valor tasado","INE, Atlas de distribución de renta de los hogares"
48044,2020,2991.3288659793816,388,4,51647.0,90.0,269219.59793814435,5.212686079310402,18.688524590163933,percentil_invertido_anual,"Ministerio de Vivienda, valor tasado","INE, Atlas de distribución de renta de los hogares"
48054,2020,2618.0796610169496,118,3,41012.0,90.0,235627.16949152545,5.74532257611249,10.163934426229508,percentil_invertido_anual,"Ministerio de Vivienda, valor tasado","INE, Atlas de distribución de renta de los hogares"
48078,2020,2114.0877906976743,172,4,33214.0,90.0,190267.9011627907,5.728545226795649,10.491803278688524,percentil_invertido_anual,"Ministerio de Vivienda, valor tasado","INE, Atlas de distribución de renta de los hogares"
48082,2020,2120.7865,200,4,32491.0,90.0,190870.785,5.8745740358868614,9.180327868852459,percentil_invertido_anual,"Ministerio de Vivienda, valor tasado","INE, Atlas de distribución de renta de los hogares"
48084,2020,1682.1726618705036,139,3,28715.0,90.0,151395.53956834532,5.272350324511416,18.0327868852459,percentil_invertido_anual,"Ministerio de Vivienda, valor tasado","INE, Atlas de distribución de renta de los hogares"
49275,2020,1044.636525612472,449,4,28936.0,90.0,94017.28730512249,3.249145953314988,63.60655737704918,percentil_invertido_anual,"Ministerio de Vivienda, valor tasado","INE, Atlas de distribución de renta de los hogares"
50297,2020,1439.3573755147884,5342,4,34753.0,90.0,129542.16379633095,3.7275102522467396,46.885245901639344,percentil_invertido_anual,"Ministerio de Vivienda, valor tasado","INE, Atlas de distribución de renta de los hogares"
51001,2020,1774.5756666666666,600,4,39330.0,90.0,159711.81,4.060813882532418,40.32786885245902,percentil_invertido_anual,"Ministerio de Vivienda, valor tasado","INE, Atlas de distribución de renta de los hogares"
52001,2020,1658.690153846154,650,4,39868.0,90.0,149282.11384615386,3.7444093971644894,46.22950819672131,percentil_invertido_anual,"Ministerio de Vivienda, valor tasado","INE, Atlas de distribución de renta de los hogares"
01059,2021,2199.430815347722,834,4,36602.0,90.0,197948.77338129497,5.408140904357548,14.098360655737705,percentil_invertido_anual,"Ministerio de Vivienda, valor tasado","INE, Atlas de distribución de renta de los hogares"
02003,2021,1227.678733572282,1674,4,34160.0,90.0,110491.08602150538,3.2345165697161997,64.26229508196721,percentil_invertido_anual,"Ministerio de Vivienda, valor tasado","INE, Atlas de distribución de renta de los hogares"
02009,2021,727.015,220,4,28408.0,90.0,65431.35,2.303271965643481,93.77049180327869,percentil_invertido_anual,"Ministerio de Vivienda, valor tasado","INE, Atlas de distribución de renta de los hogares"
02037,2021,679.7455399061032,213,4,25673.0,90.0,61177.098591549286,2.3829353247204956,91.14754098360656,percentil_invertido_anual,"Ministerio de Vivienda, valor tasado","INE, Atlas de distribución de renta de los hogares"
02081,2021,582.3951807228916,166,4,28896.0,90.0,52415.566265060246,1.8139384781651524,100.0,percentil_invertido_anual,"Ministerio de Vivienda, valor tasado","INE, Atlas de distribución de renta de los hogares"
03009,2021,720.2517940717628,641,4,28942.0,90.0,64822.66146645865,2.2397436758502747,94.75409836065573,percentil_invertido_anual,"Ministerio de Vivienda, valor tasado","INE, Atlas de distribución de renta de los hogares"
03014,2021,1259.3377736805714,4339,4,30701.0,90.0,113340.39963125144,3.6917494424042028,47.868852459016395,percentil_invertido_anual,"Ministerio de Vivienda, valor tasado","INE, Atlas de distribución de renta de los hogares"
03031,2021,2043.39949044586,785,4,24095.0,90.0,183905.9541401274,7.632535967633427,1.9672131147540983,percentil_invertido_anual,"Ministerio de Vivienda, valor tasado","INE, Atlas de distribución de renta de los hogares"
03047,2021,1834.0392694063926,438,4,25171.0,90.0,165063.53424657532,6.557686792204335,6.229508196721311,percentil_invertido_anual,"Ministerio de Vivienda, valor tasado","INE, Atlas de distribución de renta de los hogares"
03050,2021,1772.654847645429,722,4,30573.0,90.0,159538.93628808862,5.218295106403971,18.360655737704917,percentil_invertido_anual,"Ministerio de Vivienda, valor tasado","INE, Atlas de distribución de renta de los hogares"
03059,2021,706.3099601593626,251,4,25503.0,90.0,63567.896414342635,2.4925654399224655,87.54098360655738,percentil_invertido_anual,"Ministerio de Vivienda, valor tasado","INE, Atlas de distribución de renta de los hogares"
03063,2021,1653.88385518591,1022,4,28661.0,90.0,148849.5469667319,5.193452669716057,18.688524590163933,percentil_invertido_anual,"Ministerio de Vivienda, valor tasado","INE, Atlas de distribución de renta de los hogares"
03065,2021,999.6878455462922,2279,4,27950.0,90.0,89971.9060991663,3.219030629666057,65.57377049180327,percentil_invertido_anual,"Ministerio de Vivienda, valor tasado","INE, Atlas de distribución de renta de los hogares"
03066,2021,629.4120689655172,522,4,24874.0,90.0,56647.08620689654,2.277361349477227,94.09836065573771,percentil_invertido_anual,"Ministerio de Vivienda, valor tasado","INE, Atlas de distribución de renta de los hogares"
03082,2021,2118.6566844919785,561,4,26864.0,90.0,190679.10160427805,7.09794154274412,3.6065573770491803,percentil_invertido_anual,"Ministerio de Vivienda, valor tasado","INE, Atlas de distribución de renta de los hogares"
03093,2021,707.764596273292,322,4,28275.0,90.0,63698.81366459628,2.2528316061749347,94.42622950819673,percentil_invertido_anual,"Ministerio de Vivienda, valor tasado","INE, Atlas de distribución de renta de los hogares"
03099,2021,1279.849894736842,1425,4,24768.0,90.0,115186.49052631579,4.650617350061199,26.885245901639344,percentil_invertido_anual,"Ministerio de Vivienda, valor tasado","INE, Atlas de distribución de renta de los hogares"
03104,2021,701.855,320,4,26445.0,90.0,63166.950000000004,2.3886159954622803,90.49180327868852,percentil_invertido_anual,"Ministerio de Vivienda, valor tasado","INE, Atlas de distribución de renta de los hogares"
03121,2021,1413.8979974968709,799,4,25611.0,90.0,127250.81977471837,4.9686002020506175,21.311475409836067,percentil_invertido_anual,"Ministerio de Vivienda, valor tasado","INE, Atlas de distribución de renta de los hogares"
03122,2021,1126.9393135725431,641,4,31744.0,90.0,101424.53822152888,3.1950774389342516,65.90163934426229,percentil_invertido_anual,"Ministerio de Vivienda, valor tasado","INE, Atlas de distribución de renta de los hogares"
03133,2021,1232.650087260035,1719,4,20743.0,90.0,110938.50785340315,5.348238338398648,15.737704918032787,percentil_invertido_anual,"Ministerio de Vivienda, valor tasado","INE, Atlas de distribución de renta de los hogares"
03139,2021,1362.8525925925924,540,4,26808.0,90.0,122656.73333333331,4.575377996617924,29.83606557377049,percentil_invertido_anual,"Ministerio de Vivienda, valor tasado","INE, Atlas de distribución de renta de los hogares"
03140,2021,607.0665706051873,347,4,27162.0,90.0,54635.99135446685,2.0114863174459483,99.01639344262296,percentil_invertido_anual,"Ministerio de Vivienda, valor tasado","INE, Atlas de distribución de renta de los hogares"
04013,2021,1220.068117001828,2735,4,31317.0,90.0,109806.13053016453,3.5062787153994486,54.75409836065574,percentil_invertido_anual,"Ministerio de Vivienda, valor tasado","INE, Atlas de distribución de renta de los hogares"
04066,2021,1017.6592213114754,488,4,23401.0,90.0,91589.32991803279,3.9139066671523777,43.9344262295082,percentil_invertido_anual,"Ministerio de Vivienda, valor tasado","INE, Atlas de distribución de renta de los hogares"
04079,2021,1088.725863486842,2432,4,27895.0,90.0,97985.32771381577,3.512648421359232,54.42622950819672,percentil_invertido_anual,"Ministerio de Vivienda, valor tasado","INE, Atlas de distribución de renta de los hogares"
04902,2021,986.9436053593179,1642,4,25757.0,90.0,88824.92448233861,3.448574153913057,57.049180327868854,percentil_invertido_anual,"Ministerio de Vivienda, valor tasado","INE, Atlas de distribución de renta de los hogares"
05019,2021,1063.8592857142858,700,4,31939.0,90.0,95747.33571428571,2.9978188332222584,75.08196721311475,percentil_invertido_anual,"Ministerio de Vivienda, valor tasado","INE, Atlas de distribución de renta de los hogares"
06011,2021,818.1434659090909,352,4,25127.0,90.0,73632.91193181818,2.930429893414183,77.70491803278688,percentil_invertido_anual,"Ministerio de Vivienda, valor tasado","INE, Atlas de distribución de renta de los hogares"
06015,2021,1215.4393421052632,1520,4,31726.0,90.0,109389.54078947369,3.4479461889136256,57.377049180327866,percentil_invertido_anual,"Ministerio de Vivienda, valor tasado","INE, Atlas de distribución de renta de los hogares"
06044,2021,792.9098765432099,405,4,28493.0,90.0,71361.88888888889,2.504541076365735,87.21311475409836,percentil_invertido_anual,"Ministerio de Vivienda, valor tasado","INE, Atlas de distribución de renta de los hogares"
06083,2021,852.1701937406855,671,4,29918.0,90.0,76695.31743666169,2.563517529135025,86.22950819672131,percentil_invertido_anual,"Ministerio de Vivienda, valor tasado","INE, Atlas de distribución de renta de los hogares"
06153,2021,697.8133333333334,225,4,27053.0,90.0,62803.200000000004,2.321487450560012,92.1311475409836,percentil_invertido_anual,"Ministerio de Vivienda, valor tasado","INE, Atlas de distribución de renta de los hogares"
07011,2021,3198.8703218116807,839,4,35592.0,90.0,287898.32896305126,8.088849431418613,0.6557377049180327,percentil_invertido_anual,"Ministerio de Vivienda, valor tasado","INE, Atlas de distribución de renta de los hogares"
07015,2021,2135.591134751773,564,4,34032.0,90.0,192203.20212765958,5.647719855655253,12.131147540983607,percentil_invertido_anual,"Ministerio de Vivienda, valor tasado","INE, Atlas de distribución de renta de los hogares"
07026,2021,4039.6124760076777,521,4,41212.0,90.0,363565.122840691,8.821826721360065,0.32786885245901637,percentil_invertido_anual,"Ministerio de Vivienda, valor tasado","INE, Atlas de distribución de renta de los hogares"
07027,2021,1455.0672097759675,491,4,32593.0,90.0,130956.04887983708,4.017919457547237,41.63934426229508,percentil_invertido_anual,"Ministerio de Vivienda, valor tasado","INE, Atlas de distribución de renta de los hogares"
07031,2021,2193.9976470588235,595,4,36758.0,90.0,197459.7882352941,5.371886072019536,15.081967213114755,percentil_invertido_anual,"Ministerio de Vivienda, valor tasado","INE, Atlas de distribución de renta de los hogares"
07032,2021,1705.5484337349396,415,4,36826.0,90.0,153499.35903614457,4.168233287246634,38.032786885245905,percentil_invertido_anual,"Ministerio de Vivienda, valor tasado","INE, Atlas de distribución de renta de los hogares"
07033,2021,1623.5996086105674,511,4,33036.0,90.0,146123.96477495108,4.423173652226391,34.42622950819672,percentil_invertido_anual,"Ministerio de Vivienda, valor tasado","INE, Atlas de distribución de renta de los hogares"
07036,2021,2321.0783393501806,554,4,45743.0,90.0,208897.05054151625,4.566754487932935,30.491803278688526,percentil_invertido_anual,"Ministerio de Vivienda, valor tasado","INE, Atlas de distribución de renta de los hogares"
07040,2021,2277.4745098039216,4590,4,38016.0,90.0,204972.70588235295,5.391748366013072,14.754098360655737,percentil_invertido_anual,"Ministerio de Vivienda, valor tasado","INE, Atlas de distribución de renta de los hogares"
07054,2021,3914.381395348837,516,4,38484.0,90.0,352294.32558139536,9.154306350207758,0.0,percentil_invertido_anual,"Ministerio de Vivienda, valor tasado","INE, Atlas de distribución de renta de los hogares"
08015,2021,2059.4997863247863,3276,4,35126.0,90.0,185354.98076923078,5.276859897774605,17.049180327868854,percentil_invertido_anual,"Ministerio de Vivienda, valor tasado","INE, Atlas de distribución de renta de los hogares"
08019,2021,3381.1042048429313,18336,4,41454.0,90.0,304299.3784358638,7.340651769090168,2.622950819672131,percentil_invertido_anual,"Ministerio de Vivienda, valor tasado","INE, Atlas de distribución de renta de los hogares"
08056,2021,3246.939208294062,1061,4,45832.0,90.0,292224.52874646557,6.375993383366765,6.557377049180328,percentil_invertido_anual,"Ministerio de Vivienda, valor tasado","INE, Atlas de distribución de renta de los hogares"
08073,2021,2299.3125409836066,1220,4,34743.0,90.0,206938.1286885246,5.956253883905379,7.868852459016393,percentil_invertido_anual,"Ministerio de Vivienda, valor tasado","INE, Atlas de distribución de renta de los hogares"
08077,2021,2717.2000000000003,524,4,43224.0,90.0,244548.00000000003,5.657690172126597,11.80327868852459,percentil_invertido_anual,"Ministerio de Vivienda, valor tasado","INE, Atlas de distribución de renta de los hogares"
08089,2021,2561.6746951219516,656,4,40562.0,90.0,230550.72256097564,5.683909140598976,11.147540983606557,percentil_invertido_anual,"Ministerio de Vivienda, valor tasado","INE, Atlas de distribución de renta de los hogares"
08096,2021,1847.022158438576,871,4,38749.0,90.0,166231.99425947186,4.289968625241215,36.0655737704918,percentil_invertido_anual,"Ministerio de Vivienda, valor tasado","INE, Atlas de distribución de renta de los hogares"
08101,2021,2167.1224591525893,3611,4,32722.0,90.0,195041.02132373303,5.960547073031386,7.540983606557377,percentil_invertido_anual,"Ministerio de Vivienda, valor tasado","INE, Atlas de distribución de renta de los hogares"
08102,2021,1249.5688235294115,510,4,36602.0,90.0,112461.19411764703,3.0725423233060223,71.47540983606558,percentil_invertido_anual,"Ministerio de Vivienda, valor tasado","INE, Atlas de distribución de renta de los hogares"
08113,2021,1118.610022271715,898,4,34295.0,90.0,100674.90200445436,2.9355562619756337,77.37704918032787,percentil_invertido_anual,"Ministerio de Vivienda, valor tasado","INE, Atlas de distribución de renta de los hogares"
08114,2021,1739.3838068181817,352,4,37892.0,90.0,156544.54261363635,4.131334915381514,38.36065573770492,percentil_invertido_anual,"Ministerio de Vivienda, valor tasado","INE, Atlas de distribución de renta de los hogares"
08121,2021,1882.3406326034062,2055,4,34603.0,90.0,169410.65693430655,4.895837266546443,22.62295081967213,percentil_invertido_anual,"Ministerio de Vivienda, valor tasado","INE, Atlas de distribución de renta de los hogares"
08124,2021,1931.807800511509,782,4,36486.0,90.0,173862.70204603582,4.76518944378764,23.934426229508198,percentil_invertido_anual,"Ministerio de Vivienda, valor tasado","INE, Atlas de distribución de renta de los hogares"
08125,2021,1846.2720411663809,583,4,36267.0,90.0,166164.48370497426,4.5816991674242225,28.852459016393443,percentil_invertido_anual,"Ministerio de Vivienda, valor tasado","INE, Atlas de distribución de renta de los hogares"
08163,2021,1615.4440425531916,470,4,29800.0,90.0,145389.96382978724,4.878857846637156,22.950819672131146,percentil_invertido_anual,"Ministerio de Vivienda, valor tasado","INE, Atlas de distribución de renta de los hogares"
08169,2021,2356.20102739726,876,4,37240.0,90.0,212058.0924657534,5.694363385224313,10.491803278688524,percentil_invertido_anual,"Ministerio de Vivienda, valor tasado","INE, Atlas de distribución de renta de los hogares"
08172,2021,2227.122119815668,434,4,38349.0,90.0,200440.99078341015,5.226759257957447,18.0327868852459,percentil_invertido_anual,"Ministerio de Vivienda, valor tasado","INE, Atlas de distribución de renta de los hogares"
08180,2021,1920.0515432098769,648,4,34577.0,90.0,172804.6388888889,4.997675879598835,20.983606557377048,percentil_invertido_anual,"Ministerio de Vivienda, valor tasado","INE, Atlas de distribución de renta de los hogares"
08184,2021,1843.276021080369,1518,4,37632.0,90.0,165894.84189723321,4.408345075925627,35.08196721311475,percentil_invertido_anual,"Ministerio de Vivienda, valor tasado","INE, Atlas de distribución de renta de los hogares"
08187,2021,1796.529301075269,3720,4,36428.0,90.0,161687.6370967742,4.438553779970743,34.09836065573771,percentil_invertido_anual,"Ministerio de Vivienda, valor tasado","INE, Atlas de distribución de renta de los hogares"
08194,2021,2023.092120075047,533,4,31990.0,90.0,182078.29080675423,5.691725251852273,10.819672131147541,percentil_invertido_anual,"Ministerio de Vivienda, valor tasado","INE, Atlas de distribución de renta de los hogares"
08196,2021,2041.0357142857147,420,4,37824.0,90.0,183693.21428571432,4.856525335387963,23.278688524590162,percentil_invertido_anual,"Ministerio de Vivienda, valor tasado","INE, Atlas de distribución de renta de los hogares"
08200,2021,2167.5525179856118,1251,4,36460.0,90.0,195079.72661870506,5.350513620918954,15.40983606557377,percentil_invertido_anual,"Ministerio de Vivienda, valor tasado","INE, Atlas de distribución de renta de los hogares"
08205,2021,3638.6624017155114,1399,4,66360.0,90.0,327479.61615439603,4.9348947582036775,21.9672131147541,percentil_invertido_anual,"Ministerio de Vivienda, valor tasado","INE, Atlas de distribución de renta de los hogares"
08211,2021,2573.865909090909,572,4,42037.0,90.0,231647.93181818182,5.510572396179124,13.442622950819672,percentil_invertido_anual,"Ministerio de Vivienda, valor tasado","INE, Atlas de distribución de renta de los hogares"
08217,2021,2758.1485568760613,589,4,44608.0,90.0,248233.37011884552,5.564772465002814,12.78688524590164,percentil_invertido_anual,"Ministerio de Vivienda, valor tasado","INE, Atlas de distribución de renta de los hogares"
08231,2021,1863.5440124416798,643,4,37437.0,90.0,167718.96111975118,4.48003208376075,33.77049180327869,percentil_invertido_anual,"Ministerio de Vivienda, valor tasado","INE, Atlas de distribución de renta de los hogares"
08245,2021,1786.4822466107166,1549,4,31195.0,90.0,160783.4021949645,5.154140156915035,19.34426229508197,percentil_invertido_anual,"Ministerio de Vivienda, valor tasado","INE, Atlas de distribución de renta de los hogares"
08252,2021,2021.9194192377497,551,4,39246.0,90.0,181972.74773139748,4.6367208819089205,27.868852459016395,percentil_invertido_anual,"Ministerio de Vivienda, valor tasado","INE, Atlas de distribución de renta de los hogares"
08260,2021,1829.2032188841201,466,4,39180.0,90.0,164628.2896995708,4.201845066349433,37.049180327868854,percentil_invertido_anual,"Ministerio de Vivienda, valor tasado","INE, Atlas de distribución de renta de los hogares"
08263,2021,1922.976889848812,463,4,37824.0,90.0,173067.9200863931,4.575611254399141,29.18032786885246,percentil_invertido_anual,"Ministerio de Vivienda, valor tasado","INE, Atlas de distribución de renta de los hogares"
08266,2021,2225.9547712418303,765,4,42822.0,90.0,200335.92941176472,4.678341259440585,26.557377049180328,percentil_invertido_anual,"Ministerio de Vivienda, valor tasado","INE, Atlas de distribución de renta de los hogares"
08270,2021,3550.346003552398,563,4,44670.0,90.0,319531.14031971584,7.153148428916853,2.9508196721311477,percentil_invertido_anual,"Ministerio de Vivienda, valor tasado","INE, Atlas de distribución de renta de los hogares"
08279,2021,1704.5661827284107,3995,4,36656.0,90.0,153410.95644555695,4.185152674747844,37.704918032786885,percentil_invertido_anual,"Ministerio de Vivienda, valor tasado","INE, Atlas de distribución de renta de los hogares"
08298,2021,1524.6902040816326,490,4,38359.0,90.0,137222.11836734693,3.5773121918545043,52.459016393442624,percentil_invertido_anual,"Ministerio de Vivienda, valor tasado","INE, Atlas de distribución de renta de los hogares"
08301,2021,2308.2122676579925,1076,4,38945.0,90.0,207739.10408921933,5.334166236724081,16.39344262295082,percentil_invertido_anual,"Ministerio de Vivienda, valor tasado","INE, Atlas de distribución de renta de los hogares"
08305,2021,1489.0357873210635,489,4,35998.0,90.0,134013.22085889571,3.7227962903187874,47.21311475409836,percentil_invertido_anual,"Ministerio de Vivienda, valor tasado","INE, Atlas de distribución de renta de los hogares"
08307,2021,1840.1108860759493,1185,4,36966.0,90.0,165609.97974683545,4.480062212488109,33.442622950819676,percentil_invertido_anual,"Ministerio de Vivienda, valor tasado","INE, Atlas de distribución de renta de los hogares"
09018,2021,1057.4616314199397,331,4,32022.0,90.0,95171.54682779458,2.972067541933501,76.06557377049181,percentil_invertido_anual,"Ministerio de Vivienda, valor tasado","INE, Atlas de distribución de renta de los hogares"
09059,2021,1385.0093134328358,1675,4,35323.0,90.0,124650.83820895522,3.528885944256015,53.77049180327869,percentil_invertido_anual,"Ministerio de Vivienda, valor tasado","INE, Atlas de distribución de renta de los hogares"
09219,2021,943.1692893401014,394,4,31755.0,90.0,84885.23604060913,2.6731297761174346,83.93442622950819,percentil_invertido_anual,"Ministerio de Vivienda, valor tasado","INE, Atlas de distribución de renta de los hogares"
10037,2021,1136.9405586592177,895,4,32395.0,90.0,102324.6502793296,3.158655665359765,67.8688524590164,percentil_invertido_anual,"Ministerio de Vivienda, valor tasado","INE, Atlas de distribución de renta de los hogares"
10148,2021,893.0540453074434,309,4,28554.0,90.0,80374.8640776699,2.8148372934674617,81.9672131147541,percentil_invertido_anual,"Ministerio de Vivienda, valor tasado","INE, Atlas de distribución de renta de los hogares"
11004,2021,1100.1002935995302,1703,4,30668.0,90.0,99009.02642395772,3.2284148436141162,64.91803278688525,percentil_invertido_anual,"Ministerio de Vivienda, valor tasado","INE, Atlas de distribución de renta de los hogares"
11006,2021,864.4818181818182,319,4,23841.0,90.0,77803.36363636363,3.263427022203919,62.950819672131146,percentil_invertido_anual,"Ministerio de Vivienda, valor tasado","INE, Atlas de distribución de renta de los hogares"
11012,2021,2073.4947882736155,1228,4,33603.0,90.0,186614.5309446254,5.553508048228593,13.114754098360656,percentil_invertido_anual,"Ministerio de Vivienda, valor tasado","INE, Atlas de distribución de renta de los hogares"
11015,2021,1441.9634163208852,1446,4,27672.0,90.0,129776.70746887967,4.689820304599583,25.901639344262296,percentil_invertido_anual,"Ministerio de Vivienda, valor tasado","INE, Atlas de distribución de renta de los hogares"
11020,2021,1051.4451865671642,2680,4,28501.0,90.0,94630.06679104478,3.320236721204336,61.31147540983606,percentil_invertido_anual,"Ministerio de Vivienda, valor tasado","INE, Atlas de distribución de renta de los hogares"
11022,2021,1126.282063305979,853,4,26763.0,90.0,101365.3856975381,3.7875195492858835,45.57377049180328,percentil_invertido_anual,"Ministerio de Vivienda, valor tasado","INE, Atlas de distribución de renta de los hogares"
11027,2021,1588.6729166666667,1200,4,31435.0,90.0,142980.5625,4.548451169079052,31.475409836065573,percentil_invertido_anual,"Ministerio de Vivienda, valor tasado","INE, Atlas de distribución de renta de los hogares"
11028,2021,1162.9117391304346,460,4,30123.0,90.0,104662.05652173911,3.4744898091736918,55.73770491803279,percentil_invertido_anual,"Ministerio de Vivienda, valor tasado","INE, Atlas de distribución de renta de los hogares"
11030,2021,1835.560174418605,688,4,29078.0,90.0,165200.41569767444,5.681285359986052,11.475409836065573,percentil_invertido_anual,"Ministerio de Vivienda, valor tasado","INE, Atlas de distribución de renta de los hogares"
11031,2021,1221.2584215591914,1039,4,30677.0,90.0,109913.25794032722,3.5829206878223823,51.80327868852459,percentil_invertido_anual,"Ministerio de Vivienda, valor tasado","INE, Atlas de distribución de renta de los hogares"
11032,2021,1290.8374025974026,770,4,24101.0,90.0,116175.36623376624,4.8203546007952465,23.60655737704918,percentil_invertido_anual,"Ministerio de Vivienda, valor tasado","INE, Atlas de distribución de renta de los hogares"
11033,2021,1541.3281690140846,781,4,31620.0,90.0,138719.53521126762,4.387082074992651,35.73770491803279,percentil_invertido_anual,"Ministerio de Vivienda, valor tasado","INE, Atlas de distribución de renta de los hogares"
12009,2021,807.9053215077606,451,4,30123.0,90.0,72711.47893569845,2.4138193053712595,89.8360655737705,percentil_invertido_anual,"Ministerio de Vivienda, valor tasado","INE, Atlas de distribución de renta de los hogares"
12027,2021,905.2854477611941,268,4,28550.0,90.0,81475.69029850747,2.8537895025746924,81.31147540983606,percentil_invertido_anual,"Ministerio de Vivienda, valor tasado","INE, Atlas de distribución de renta de los hogares"
12032,2021,757.6937007874016,508,4,30638.0,90.0,68192.43307086614,2.2257468852688214,95.40983606557377,percentil_invertido_anual,"Ministerio de Vivienda, valor tasado","INE, Atlas de distribución de renta de los hogares"
12040,2021,991.7446454767728,2045,4,33221.0,90.0,89257.01809290955,2.686764940637234,83.60655737704919,percentil_invertido_anual,"Ministerio de Vivienda, valor tasado","INE, Atlas de distribución de renta de los hogares"
12084,2021,734.9406417112301,374,4,32155.0,90.0,66144.65775401071,2.0570566864876603,98.36065573770492,percentil_invertido_anual,"Ministerio de Vivienda, valor tasado","INE, Atlas de distribución de renta de los hogares"
12126,2021,702.8741007194244,417,4,30178.0,90.0,63258.669064748196,2.0961849381916693,98.0327868852459,percentil_invertido_anual,"Ministerio de Vivienda, valor tasado","INE, Atlas de distribución de renta de los hogares"
12135,2021,783.5295415959253,589,4,33502.0,90.0,70517.65874363328,2.104879074193579,97.04918032786885,percentil_invertido_anual,"Ministerio de Vivienda, valor tasado","INE, Atlas de distribución de renta de los hogares"
12138,2021,1060.7627039627039,429,4,28593.0,90.0,95468.64335664336,3.3388816618278376,60.65573770491803,percentil_invertido_anual,"Ministerio de Vivienda, valor tasado","INE, Atlas de distribución de renta de los hogares"
13005,2021,718.2217032967033,364,4,31788.0,90.0,64639.953296703294,2.033470281134494,98.68852459016394,percentil_invertido_anual,"Ministerio de Vivienda, valor tasado","INE, Atlas de distribución de renta de los hogares"
13034,2021,1000.5706552706554,702,4,35257.0,90.0,90051.35897435898,2.5541412761822895,86.55737704918033,percentil_invertido_anual,"Ministerio de Vivienda, valor tasado","INE, Atlas de distribución de renta de los hogares"
13071,2021,578.0212938005391,371,4,28640.0,90.0,52021.91644204852,1.8164076969989007,99.67213114754098,percentil_invertido_anual,"Ministerio de Vivienda, valor tasado","INE, Atlas de distribución de renta de los hogares"
13082,2021,624.6364238410596,453,4,25654.0,90.0,56217.27814569536,2.1913650169835255,96.06557377049181,percentil_invertido_anual,"Ministerio de Vivienda, valor tasado","INE, Atlas de distribución de renta de los hogares"
13087,2021,741.0287925696595,323,4,27971.0,90.0,66692.59133126934,2.384347764873238,90.81967213114754,percentil_invertido_anual,"Ministerio de Vivienda, valor tasado","INE, Atlas de distribución de renta de los hogares"
14021,2021,1313.5767602283538,4204,4,32367.0,90.0,118221.90842055184,3.6525445181991487,48.85245901639344,percentil_invertido_anual,"Ministerio de Vivienda, valor tasado","INE, Atlas de distribución de renta de los hogares"
14038,2021,829.3412903225807,465,4,26097.0,90.0,74640.71612903225,2.8601263029862536,80.98360655737704,percentil_invertido_anual,"Ministerio de Vivienda, valor tasado","INE, Atlas de distribución de renta de los hogares"
14056,2021,847.1791666666667,240,4,25470.0,90.0,76246.125,2.993565959952886,75.40983606557377,percentil_invertido_anual,"Ministerio de Vivienda, valor tasado","INE, Atlas de distribución de renta de los hogares"
15002,2021,1111.8973484848484,528,4,33975.0,90.0,100070.76136363635,2.9454234396949626,77.04918032786885,percentil_invertido_anual,"Ministerio de Vivienda, valor tasado","INE, Atlas de distribución de renta de los hogares"
15005,2021,1017.4066666666668,420,4,30510.0,90.0,91566.6,3.0011996066863325,74.75409836065573,percentil_invertido_anual,"Ministerio de Vivienda, valor tasado","INE, Atlas de distribución de renta de los hogares"
15019,2021,749.9666666666667,282,4,29294.0,90.0,67497.0,2.304123711340206,93.44262295081967,percentil_invertido_anual,"Ministerio de Vivienda, valor tasado","INE, Atlas de distribución de renta de los hogares"
15030,2021,1832.3765797613787,2263,4,34933.0,90.0,164913.89217852408,4.720862570592966,25.24590163934426,percentil_invertido_anual,"Ministerio de Vivienda, valor tasado","INE, Atlas de distribución de renta de los hogares"
15031,2021,1271.340789473684,304,4,32755.0,90.0,114420.67105263156,3.493227630976387,55.08196721311475,percentil_invertido_anual,"Ministerio de Vivienda, valor tasado","INE, Atlas de distribución de renta de los hogares"
15036,2021,789.7764945652174,736,4,29411.0,90.0,71079.88451086957,2.4167789096212156,89.50819672131148,percentil_invertido_anual,"Ministerio de Vivienda, valor tasado","INE, Atlas de distribución de renta de los hogares"
15054,2021,869.721783625731,684,4,29538.0,90.0,78274.96052631579,2.6499749653434823,84.91803278688525,percentil_invertido_anual,"Ministerio de Vivienda, valor tasado","INE, Atlas de distribución de renta de los hogares"
15058,2021,1437.4697391304348,575,4,43530.0,90.0,129372.27652173914,2.9720256494771227,76.39344262295081,percentil_invertido_anual,"Ministerio de Vivienda, valor tasado","INE, Atlas de distribución de renta de los hogares"
15073,2021,999.0283076923077,325,4,31003.0,90.0,89912.5476923077,2.9001241070963357,78.68852459016394,percentil_invertido_anual,"Ministerio de Vivienda, valor tasado","INE, Atlas de distribución de renta de los hogares"
15078,2021,1708.4309265944646,831,4,37380.0,90.0,153758.78339350183,4.113397094529209,38.68852459016394,percentil_invertido_anual,"Ministerio de Vivienda, valor tasado","INE, Atlas de distribución de renta de los hogares"
16078,2021,1160.9990157480315,508,4,33627.0,90.0,104489.91141732284,3.10732183713453,70.49180327868852,percentil_invertido_anual,"Ministerio de Vivienda, valor tasado","INE, Atlas de distribución de renta de los hogares"
17023,2021,1567.7155932203389,590,4,30868.0,90.0,141094.4033898305,4.570895535500534,30.16393442622951,percentil_invertido_anual,"Ministerio de Vivienda, valor tasado","INE, Atlas de distribución de renta de los hogares"
17066,2021,1158.9583198707592,619,4,30354.0,90.0,104306.24878836832,3.4363263091641403,58.032786885245905,percentil_invertido_anual,"Ministerio de Vivienda, valor tasado","INE, Atlas de distribución de renta de los hogares"
17079,2021,1795.6105608157318,1373,4,40260.0,90.0,161604.95047341587,4.014032550258715,41.967213114754095,percentil_invertido_anual,"Ministerio de Vivienda, valor tasado","INE, Atlas de distribución de renta de los hogares"
17095,2021,1788.8702627939142,723,4,27437.0,90.0,160998.3236514523,5.867927384606636,8.524590163934427,percentil_invertido_anual,"Ministerio de Vivienda, valor tasado","INE, Atlas de distribución de renta de los hogares"
17114,2021,1253.791095890411,438,4,36941.0,90.0,112841.19863013699,3.054633026451287,71.80327868852459,percentil_invertido_anual,"Ministerio de Vivienda, valor tasado","INE, Atlas de distribución de renta de los hogares"
17155,2021,1063.2226072607261,606,4,31535.0,90.0,95690.03465346535,3.0344073142053385,72.45901639344262,percentil_invertido_anual,"Ministerio de Vivienda, valor tasado","INE, Atlas de distribución de renta de los hogares"
18017,2021,1764.856156716418,536,4,24036.0,90.0,158837.0541044776,6.608298140475853,5.573770491803279,percentil_invertido_anual,"Ministerio de Vivienda, valor tasado","INE, Atlas de distribución de renta de los hogares"
18087,2021,1658.0185992217898,2570,4,32784.0,90.0,149221.67392996108,4.551661601084708,31.147540983606557,percentil_invertido_anual,"Ministerio de Vivienda, valor tasado","INE, Atlas de distribución de renta de los hogares"
18140,2021,1068.5482978723405,940,4,27621.0,90.0,96169.34680851064,3.4817474678147295,55.40983606557377,percentil_invertido_anual,"Ministerio de Vivienda, valor tasado","INE, Atlas de distribución de renta de los hogares"
19046,2021,1337.7151029748284,437,4,34672.0,90.0,120394.35926773456,3.4723799973389062,56.0655737704918,percentil_invertido_anual,"Ministerio de Vivienda, valor tasado","INE, Atlas de distribución de renta de los hogares"
19130,2021,1239.464590964591,819,4,36131.0,90.0,111551.81318681319,3.0874266747893273,71.14754098360656,percentil_invertido_anual,"Ministerio de Vivienda, valor tasado","INE, Atlas de distribución de renta de los hogares"
20030,2021,1626.798347107438,121,4,37013.0,90.0,146411.85123966943,3.955687224479762,42.622950819672134,percentil_invertido_anual,"Ministerio de Vivienda, valor tasado","INE, Atlas de distribución de renta de los hogares"
20045,2021,2161.9705329153603,319,4,35477.0,90.0,194577.34796238242,5.4846054616338025,13.770491803278688,percentil_invertido_anual,"Ministerio de Vivienda, valor tasado","INE, Atlas de distribución de renta de los hogares"
20067,2021,2242.3559782608695,184,4,33270.0,90.0,201812.03804347824,6.0658863253224595,6.885245901639344,percentil_invertido_anual,"Ministerio de Vivienda, valor tasado","INE, Atlas de distribución de renta de los hogares"
20069,2021,3979.990176600442,906,4,44710.0,90.0,358199.11589403974,8.011610733483332,0.9836065573770492,percentil_invertido_anual,"Ministerio de Vivienda, valor tasado","INE, Atlas de distribución de renta de los hogares"
21041,2021,1093.2762806236078,1796,4,30236.0,90.0,98394.8652561247,3.2542289077961604,63.278688524590166,percentil_invertido_anual,"Ministerio de Vivienda, valor tasado","INE, Atlas de distribución de renta de los hogares"
21044,2021,1368.0797886393657,757,4,26295.0,90.0,123127.18097754291,4.6825320774878465,26.229508196721312,percentil_invertido_anual,"Ministerio de Vivienda, valor tasado","INE, Atlas de distribución de renta de los hogares"
22125,2021,1257.805533596838,506,4,34208.0,90.0,113202.49802371541,3.3092404707587524,61.967213114754095,percentil_invertido_anual,"Ministerio de Vivienda, valor tasado","INE, Atlas de distribución de renta de los hogares"
23005,2021,747.2657596371881,441,4,25282.0,90.0,67253.91836734694,2.660150239986826,84.59016393442623,percentil_invertido_anual,"Ministerio de Vivienda, valor tasado","INE, Atlas de distribución de renta de los hogares"
23050,2021,1116.106675657451,1483,4,34025.0,90.0,100449.60080917059,2.9522292669851753,76.72131147540983,percentil_invertido_anual,"Ministerio de Vivienda, valor tasado","INE, Atlas de distribución de renta de los hogares"
23055,2021,749.4625520110957,721,4,28928.0,90.0,67451.62968099861,2.3317073313398304,91.80327868852459,percentil_invertido_anual,"Ministerio de Vivienda, valor tasado","INE, Atlas de distribución de renta de los hogares"
23092,2021,868.3928374655649,363,4,29880.0,90.0,78155.35537190083,2.6156410767035085,85.57377049180327,percentil_invertido_anual,"Ministerio de Vivienda, valor tasado","INE, Atlas de distribución de renta de los hogares"
24089,2021,1193.348317515099,1159,4,32677.0,90.0,107401.34857635891,3.2867566966477617,62.295081967213115,percentil_invertido_anual,"Ministerio de Vivienda, valor tasado","INE, Atlas de distribución de renta de los hogares"
24115,2021,796.2897360703812,682,4,29487.0,90.0,71666.07624633431,2.4304295535773157,89.18032786885246,percentil_invertido_anual,"Ministerio de Vivienda, valor tasado","INE, Atlas de distribución de renta de los hogares"
24142,2021,894.9617647058824,374,4,29640.0,90.0,80546.55882352941,2.7174952369611813,82.95081967213115,percentil_invertido_anual,"Ministerio de Vivienda, valor tasado","INE, Atlas de distribución de renta de los hogares"
25120,2021,971.9265327150953,1941,4,35342.0,90.0,87473.38794435858,2.47505483403199,87.8688524590164,percentil_invertido_anual,"Ministerio de Vivienda, valor tasado","INE, Atlas de distribución de renta de los hogares"
26089,2021,1290.3419921875,1024,4,34179.0,90.0,116130.779296875,3.3977231427740717,59.34426229508197,percentil_invertido_anual,"Ministerio de Vivienda, valor tasado","INE, Atlas de distribución de renta de los hogares"
27028,2021,1010.845708376422,967,4,31666.0,90.0,90976.11375387797,2.8729903920254523,80.32786885245902,percentil_invertido_anual,"Ministerio de Vivienda, valor tasado","INE, Atlas de distribución de renta de los hogares"
28005,2021,1711.1655951783023,1991,4,37487.0,90.0,154004.9035660472,4.108221611920057,39.01639344262295,percentil_invertido_anual,"Ministerio de Vivienda, valor tasado","INE, Atlas de distribución de renta de los hogares"
28006,2021,3040.714683153014,1294,4,57962.0,90.0,273664.32148377126,4.721443730095084,24.918032786885245,percentil_invertido_anual,"Ministerio de Vivienda, valor tasado","INE, Atlas de distribución de renta de los hogares"
28007,2021,2153.2671864847302,1539,4,36837.0,90.0,193794.04678362573,5.260853130917983,17.704918032786885,percentil_invertido_anual,"Ministerio de Vivienda, valor tasado","INE, Atlas de distribución de renta de los hogares"
28013,2021,1411.8998554913296,692,4,35897.0,90.0,127070.98699421967,3.5398776219243855,53.114754098360656,percentil_invertido_anual,"Ministerio de Vivienda, valor tasado","INE, Atlas de distribución de renta de los hogares"
28014,2021,1573.8572588832487,985,4,34865.0,90.0,141647.15329949238,4.062732060791406,40.0,percentil_invertido_anual,"Ministerio de Vivienda, valor tasado","INE, Atlas de distribución de renta de los hogares"
28022,2021,2917.001440144014,1111,4,76685.0,90.0,262530.12961296126,3.423487378404659,58.36065573770492,percentil_invertido_anual,"Ministerio de Vivienda, valor tasado","INE, Atlas de distribución de renta de los hogares"
28045,2021,1947.4626050420168,714,4,46101.0,90.0,175271.6344537815,3.8019052613561852,44.91803278688525,percentil_invertido_anual,"Ministerio de Vivienda, valor tasado","INE, Atlas de distribución de renta de los hogares"
28047,2021,1787.56967126193,943,4,36502.0,90.0,160881.2704135737,4.4074645338220835,35.40983606557377,percentil_invertido_anual,"Ministerio de Vivienda, valor tasado","INE, Atlas de distribución de renta de los hogares"
28049,2021,1952.4795804195803,715,4,37800.0,90.0,175723.16223776224,4.648760905760906,27.21311475409836,percentil_invertido_anual,"Ministerio de Vivienda, valor tasado","INE, Atlas de distribución de renta de los hogares"
28058,2021,1738.5628045479154,1847,4,34016.0,90.0,156470.6524093124,4.59991334693416,28.524590163934427,percentil_invertido_anual,"Ministerio de Vivienda, valor tasado","INE, Atlas de distribución de renta de los hogares"
28061,2021,1729.1815431164903,661,4,43503.0,90.0,155626.33888048414,3.5773702705671826,52.131147540983605,percentil_invertido_anual,"Ministerio de Vivienda, valor tasado","INE, Atlas de distribución de renta de los hogares"
28065,2021,1952.0169673055243,1774,4,36962.0,90.0,175681.52705749718,4.753030871097267,24.262295081967213,percentil_invertido_anual,"Ministerio de Vivienda, valor tasado","INE, Atlas de distribución de renta de los hogares"
28074,2021,1933.7985200845667,1419,4,34335.0,90.0,174041.866807611,5.068934521846832,20.0,percentil_invertido_anual,"Ministerio de Vivienda, valor tasado","INE, Atlas de distribución de renta de los hogares"
28079,2021,3310.5470217539264,39671,4,43953.0,90.0,297949.23195785336,6.778814459942515,5.245901639344262,percentil_invertido_anual,"Ministerio de Vivienda, valor tasado","INE, Atlas de distribución de renta de los hogares"
28080,2021,3321.531047865459,773,4,66390.0,90.0,298937.79430789134,4.5027533409834515,32.78688524590164,percentil_invertido_anual,"Ministerio de Vivienda, valor tasado","INE, Atlas de distribución de renta de los hogares"
28092,2021,1776.5747916666667,1920,4,34529.0,90.0,159891.73125,4.630650503924238,28.19672131147541,percentil_invertido_anual,"Ministerio de Vivienda, valor tasado","INE, Atlas de distribución de renta de los hogares"
28096,2021,1529.1417431192663,436,4,38093.0,90.0,137622.75688073397,3.612809620684482,49.50819672131148,percentil_invertido_anual,"Ministerio de Vivienda, valor tasado","INE, Atlas de distribución de renta de los hogares"
28106,2021,1395.2008733624455,1374,4,30961.0,90.0,125568.0786026201,4.055685494739191,40.65573770491803,percentil_invertido_anual,"Ministerio de Vivienda, valor tasado","INE, Atlas de distribución de renta de los hogares"
28113,2021,1925.7460431654677,695,4,38031.0,90.0,173317.14388489208,4.557259706157926,30.81967213114754,percentil_invertido_anual,"Ministerio de Vivienda, valor tasado","INE, Atlas de distribución de renta de los hogares"
28115,2021,3453.291831470335,1163,4,86403.0,90.0,310796.26483233017,3.597054093403356,51.14754098360656,percentil_invertido_anual,"Ministerio de Vivienda, valor tasado","INE, Atlas de distribución de renta de los hogares"
28123,2021,2112.2034482758622,1595,4,48274.0,90.0,190098.3103448276,3.937902604814757,43.278688524590166,percentil_invertido_anual,"Ministerio de Vivienda, valor tasado","INE, Atlas de distribución de renta de los hogares"
28127,2021,2955.399072356215,1617,4,65428.0,90.0,265985.91651205934,4.06532243858989,39.67213114754098,percentil_invertido_anual,"Ministerio de Vivienda, valor tasado","INE, Atlas de distribución de renta de los hogares"
28130,2021,1911.652487562189,402,4,36256.0,90.0,172048.723880597,4.745386250016467,24.59016393442623,percentil_invertido_anual,"Ministerio de Vivienda, valor tasado","INE, Atlas de distribución de renta de los hogares"
28134,2021,2560.0293827160494,1215,4,45647.0,90.0,230402.64444444445,5.0474871173230325,20.327868852459016,percentil_invertido_anual,"Ministerio de Vivienda, valor tasado","INE, Atlas de distribución de renta de los hogares"
28148,2021,1828.7123915737297,1614,4,36317.0,90.0,164584.11524163568,4.531875299216226,31.80327868852459,percentil_invertido_anual,"Ministerio de Vivienda, valor tasado","INE, Atlas de distribución de renta de los hogares"
28161,2021,1677.8880970432149,1319,4,39791.0,90.0,151009.92873388933,3.795077498275724,45.24590163934426,percentil_invertido_anual,"Ministerio de Vivienda, valor tasado","INE, Atlas de distribución de renta de los hogares"
28181,2021,2231.3184579439253,428,4,58788.0,90.0,200818.6612149533,3.4159804928719004,58.68852459016394,percentil_invertido_anual,"Ministerio de Vivienda, valor tasado","INE, Atlas de distribución de renta de los hogares"
28903,2021,2791.757815845824,467,4,59299.0,90.0,251258.20342612418,4.237140650367193,36.721311475409834,percentil_invertido_anual,"Ministerio de Vivienda, valor tasado","INE, Atlas de distribución de renta de los hogares"
29007,2021,1655.6608158220024,809,4,36562.0,90.0,149009.4734239802,4.0755285111312345,39.34426229508197,percentil_invertido_anual,"Ministerio de Vivienda, valor tasado","INE, Atlas de distribución de renta de los hogares"
29015,2021,1042.3127272727274,440,4,29002.0,90.0,93808.14545454548,3.2345405646005614,63.9344262295082,percentil_invertido_anual,"Ministerio de Vivienda, valor tasado","INE, Atlas de distribución de renta de los hogares"
29025,2021,2155.779742173112,1629,4,27647.0,90.0,194020.17679558008,7.017766007001847,3.9344262295081966,percentil_invertido_anual,"Ministerio de Vivienda, valor tasado","INE, Atlas de distribución de renta de los hogares"
29051,2021,1833.820382165605,1727,4,27851.0,90.0,165043.83439490444,5.925957214997825,8.19672131147541,percentil_invertido_anual,"Ministerio de Vivienda, valor tasado","INE, Atlas de distribución de renta de los hogares"
29054,2021,2146.804863973619,1213,4,25255.0,90.0,193212.4377576257,7.650462789848573,1.639344262295082,percentil_invertido_anual,"Ministerio de Vivienda, valor tasado","INE, Atlas de distribución de renta de los hogares"
29067,2021,1894.2966898242746,7341,4,31612.0,90.0,170486.7020841847,5.393100787175272,14.426229508196721,percentil_invertido_anual,"Ministerio de Vivienda, valor tasado","INE, Atlas de distribución de renta de los hogares"
29069,2021,2592.9426517011575,2851,4,29943.0,90.0,233364.83865310418,7.793635863243636,1.3114754098360655,percentil_invertido_anual,"Ministerio de Vivienda, valor tasado","INE, Atlas de distribución de renta de los hogares"
29070,2021,1865.0360117589416,2041,4,25550.0,90.0,167853.24105830476,6.5695984758632004,5.901639344262295,percentil_invertido_anual,"Ministerio de Vivienda, valor tasado","INE, Atlas de distribución de renta de los hogares"
29082,2021,1916.7893595041323,968,4,34365.0,90.0,172511.0423553719,5.019963403328151,20.65573770491803,percentil_invertido_anual,"Ministerio de Vivienda, valor tasado","INE, Atlas de distribución de renta de los hogares"
29084,2021,1122.9905263157896,475,4,28353.0,90.0,101069.14736842107,3.5646720759151083,52.78688524590164,percentil_invertido_anual,"Ministerio de Vivienda, valor tasado","INE, Atlas de distribución de renta de los hogares"
29094,2021,1492.798297557365,1351,4,27436.0,90.0,134351.84678016286,4.896918165190365,22.295081967213115,percentil_invertido_anual,"Ministerio de Vivienda, valor tasado","INE, Atlas de distribución de renta de los hogares"
29901,2021,2102.245461658842,1278,4,27610.0,90.0,189202.0915492958,6.852665394758993,4.918032786885246,percentil_invertido_anual,"Ministerio de Vivienda, valor tasado","INE, Atlas de distribución de renta de los hogares"
30003,2021,953.7035182679297,739,4,27392.0,90.0,85833.31664411367,3.133517692907187,68.85245901639344,percentil_invertido_anual,"Ministerio de Vivienda, valor tasado","INE, Atlas de distribución de renta de los hogares"
30005,2021,754.9981288981288,481,4,29393.0,90.0,67949.83160083159,2.3117691831671348,93.11475409836065,percentil_invertido_anual,"Ministerio de Vivienda, valor tasado","INE, Atlas de distribución de renta de los hogares"
30015,2021,736.6531722054381,331,4,28609.0,90.0,66298.78549848942,2.317410098168039,92.45901639344262,percentil_invertido_anual,"Ministerio de Vivienda, valor tasado","INE, Atlas de distribución de renta de los hogares"
30016,2021,1090.7350629874027,3334,4,32527.0,90.0,98166.15566886624,3.017989844402073,73.11475409836065,percentil_invertido_anual,"Ministerio de Vivienda, valor tasado","INE, Atlas de distribución de renta de los hogares"
30019,2021,797.8277070063695,314,4,29439.0,90.0,71804.49363057326,2.4390941822267487,88.85245901639344,percentil_invertido_anual,"Ministerio de Vivienda, valor tasado","INE, Atlas de distribución de renta de los hogares"
30022,2021,645.7351724137932,290,4,27710.0,90.0,58116.16551724139,2.0972993690812483,97.70491803278688,percentil_invertido_anual,"Ministerio de Vivienda, valor tasado","INE, Atlas de distribución de renta de los hogares"
30024,2021,863.8997865528281,937,4,31561.0,90.0,77750.98078975453,2.463514489076852,88.52459016393442,percentil_invertido_anual,"Ministerio de Vivienda, valor tasado","INE, Atlas de distribución de renta de los hogares"
30026,2021,1092.7666129032257,620,4,24240.0,90.0,98348.99516129031,4.057301780581283,40.32786885245902,percentil_invertido_anual,"Ministerio de Vivienda, valor tasado","INE, Atlas de distribución de renta de los hogares"
30027,2021,912.3830455259026,1274,4,35520.0,90.0,82114.47409733123,2.3117813653527937,92.78688524590164,percentil_invertido_anual,"Ministerio de Vivienda, valor tasado","INE, Atlas de distribución de renta de los hogares"
30030,2021,1108.0655104389282,6083,4,34694.0,90.0,99725.89593950353,2.8744421496369266,80.0,percentil_invertido_anual,"Ministerio de Vivienda, valor tasado","INE, Atlas de distribución de renta de los hogares"
30035,2021,1252.552,1000,4,29784.0,90.0,112729.68,3.784907332796132,45.90163934426229,percentil_invertido_anual,"Ministerio de Vivienda, valor tasado","INE, Atlas de distribución de renta de los hogares"
30037,2021,876.0383580080754,743,4,29017.0,90.0,78843.45222072679,2.717146921484881,83.27868852459017,percentil_invertido_anual,"Ministerio de Vivienda, valor tasado","INE, Atlas de distribución de renta de los hogares"
30039,2021,781.7117142857144,350,4,29677.0,90.0,70354.0542857143,2.3706592406818174,91.47540983606558,percentil_invertido_anual,"Ministerio de Vivienda, valor tasado","INE, Atlas de distribución de renta de los hogares"
30043,2021,697.552,375,4,28228.0,90.0,62779.68,2.2240215388975484,95.73770491803279,percentil_invertido_anual,"Ministerio de Vivienda, valor tasado","INE, Atlas de distribución de renta de los hogares"
31201,2021,1897.6827160493829,1134,4,38648.0,90.0,170791.44444444447,4.419153499390511,34.75409836065574,percentil_invertido_anual,"Ministerio de Vivienda, valor tasado","INE, Atlas de distribución de renta de los hogares"
31232,2021,1040.9330623306232,369,4,35786.0,90.0,93683.97560975609,2.6178945847469985,85.24590163934427,percentil_invertido_anual,"Ministerio de Vivienda, valor tasado","INE, Atlas de distribución de renta de los hogares"
32054,2021,1160.2882280049566,807,4,30821.0,90.0,104425.94052044609,3.388142517129428,59.67213114754098,percentil_invertido_anual,"Ministerio de Vivienda, valor tasado","INE, Atlas de distribución de renta de los hogares"
33004,2021,1103.7452054794521,657,4,31105.0,90.0,99337.0684931507,3.193604516738489,66.22950819672131,percentil_invertido_anual,"Ministerio de Vivienda, valor tasado","INE, Atlas de distribución de renta de los hogares"
33024,2021,1494.6751548269583,2745,4,32050.0,90.0,134520.76393442624,4.197215723383034,37.377049180327866,percentil_invertido_anual,"Ministerio de Vivienda, valor tasado","INE, Atlas de distribución de renta de los hogares"
33031,2021,799.8965909090911,352,4,28009.0,90.0,71990.69318181819,2.5702700268420218,85.90163934426229,percentil_invertido_anual,"Ministerio de Vivienda, valor tasado","INE, Atlas de distribución de renta de los hogares"
33037,2021,795.0829787234043,282,4,29758.0,90.0,71557.46808510639,2.4046464172695203,90.1639344262295,percentil_invertido_anual,"Ministerio de Vivienda, valor tasado","INE, Atlas de distribución de renta de los hogares"
33044,2021,1375.2495172413794,2175,4,34379.0,90.0,123772.45655172414,3.60023434514454,50.81967213114754,percentil_invertido_anual,"Ministerio de Vivienda, valor tasado","INE, Atlas de distribución de renta de los hogares"
33066,2021,1115.552404643449,603,4,33674.0,90.0,100399.71641791041,2.9815203545141777,75.73770491803279,percentil_invertido_anual,"Ministerio de Vivienda, valor tasado","INE, Atlas de distribución de renta de los hogares"
34120,2021,1129.83069828722,759,4,32032.0,90.0,101684.7628458498,3.174474364568238,66.88524590163935,percentil_invertido_anual,"Ministerio de Vivienda, valor tasado","INE, Atlas de distribución de renta de los hogares"
35002,2021,1286.2321875,320,4,30902.0,90.0,115760.896875,3.7460648784868296,46.885245901639344,percentil_invertido_anual,"Ministerio de Vivienda, valor tasado","INE, Atlas de distribución de renta de los hogares"
35004,2021,1259.272995780591,711,4,28452.0,90.0,113334.56962025318,3.9833603831102624,42.295081967213115,percentil_invertido_anual,"Ministerio de Vivienda, valor tasado","INE, Atlas de distribución de renta de los hogares"
35006,2021,1153.767991169978,453,4,33148.0,90.0,103839.11920529802,3.132590780900749,69.50819672131148,percentil_invertido_anual,"Ministerio de Vivienda, valor tasado","INE, Atlas de distribución de renta de los hogares"
35011,2021,1011.0009345794392,321,4,30217.0,90.0,90990.08411214953,3.0112216339196323,74.42622950819673,percentil_invertido_anual,"Ministerio de Vivienda, valor tasado","INE, Atlas de distribución de renta de los hogares"
35014,2021,1962.5101200686108,583,4,25365.0,90.0,176625.91080617497,6.9633712125438585,4.262295081967213,percentil_invertido_anual,"Ministerio de Vivienda, valor tasado","INE, Atlas de distribución de renta de los hogares"
35016,2021,1631.627244340359,3843,4,34289.0,90.0,146846.4519906323,4.282611099496408,36.39344262295082,percentil_invertido_anual,"Ministerio de Vivienda, valor tasado","INE, Atlas de distribución de renta de los hogares"
35017,2021,1135.3477966101693,590,4,31441.0,90.0,102181.30169491524,3.2499380329797156,63.60655737704918,percentil_invertido_anual,"Ministerio de Vivienda, valor tasado","INE, Atlas de distribución de renta de los hogares"
35019,2021,2175.909463722397,634,4,27389.0,90.0,195831.85173501575,7.150018318851209,3.278688524590164,percentil_invertido_anual,"Ministerio de Vivienda, valor tasado","INE, Atlas de distribución de renta de los hogares"
35022,2021,1090.6761597938143,776,4,27210.0,90.0,98160.85438144329,3.607528643198945,50.49180327868852,percentil_invertido_anual,"Ministerio de Vivienda, valor tasado","INE, Atlas de distribución de renta de los hogares"
35026,2021,1248.0141755062677,1037,4,30237.0,90.0,112321.2757955641,3.7146964247631744,47.540983606557376,percentil_invertido_anual,"Ministerio de Vivienda, valor tasado","INE, Atlas de distribución de renta de los hogares"
36008,2021,1257.6225626740948,359,4,31235.0,90.0,113186.03064066853,3.6236923528307514,49.18032786885246,percentil_invertido_anual,"Ministerio de Vivienda, valor tasado","INE, Atlas de distribución de renta de los hogares"
36026,2021,936.9949494949495,198,4,28928.0,90.0,84329.54545454546,2.915152981697506,78.36065573770492,percentil_invertido_anual,"Ministerio de Vivienda, valor tasado","INE, Atlas de distribución de renta de los hogares"
36038,2021,1237.7336363636364,880,4,32919.0,90.0,111396.02727272727,3.383943232562571,60.0,percentil_invertido_anual,"Ministerio de Vivienda, valor tasado","INE, Atlas de distribución de renta de los hogares"
36045,2021,1023.2517857142857,280,4,33660.0,90.0,92092.66071428571,2.735967341482047,82.62295081967213,percentil_invertido_anual,"Ministerio de Vivienda, valor tasado","INE, Atlas de distribución de renta de los hogares"
36057,2021,1570.7818614130433,2944,4,34866.0,90.0,141370.3675271739,4.0546769783506535,40.98360655737705,percentil_invertido_anual,"Ministerio de Vivienda, valor tasado","INE, Atlas de distribución de renta de los hogares"
36060,2021,982.5345211581292,449,4,29129.0,90.0,88428.10690423162,3.0357412511322606,72.1311475409836,percentil_invertido_anual,"Ministerio de Vivienda, valor tasado","INE, Atlas de distribución de renta de los hogares"
37274,2021,1539.378013646702,1319,4,30602.0,90.0,138544.02122820317,4.527286492000626,32.459016393442624,percentil_invertido_anual,"Ministerio de Vivienda, valor tasado","INE, Atlas de distribución de renta de los hogares"
38001,2021,2117.4851735015773,634,4,25170.0,90.0,190573.66561514194,7.571460691900753,2.2950819672131146,percentil_invertido_anual,"Ministerio de Vivienda, valor tasado","INE, Atlas de distribución de renta de los hogares"
38006,2021,1770.1158926728585,969,4,23145.0,90.0,159310.43034055727,6.883146698663093,4.590163934426229,percentil_invertido_anual,"Ministerio de Vivienda, valor tasado","INE, Atlas de distribución de renta de los hogares"
38011,2021,1825.478016085791,373,4,33282.0,90.0,164293.0214477212,4.93639268817142,21.639344262295083,percentil_invertido_anual,"Ministerio de Vivienda, valor tasado","INE, Atlas de distribución de renta de los hogares"
38017,2021,1393.2499278499279,693,4,26602.0,90.0,125392.49350649351,4.713649105574525,25.57377049180328,percentil_invertido_anual,"Ministerio de Vivienda, valor tasado","INE, Atlas de distribución de renta de los hogares"
38023,2021,1232.4695729537366,1686,4,32101.0,90.0,110922.26156583629,3.455414521847802,56.721311475409834,percentil_invertido_anual,"Ministerio de Vivienda, valor tasado","INE, Atlas de distribución de renta de los hogares"
38026,2021,1085.3000000000002,301,4,29733.0,90.0,97677.00000000001,3.2851377257592578,62.622950819672134,percentil_invertido_anual,"Ministerio de Vivienda, valor tasado","INE, Atlas de distribución de renta de los hogares"
38028,2021,1746.3087976539591,341,4,27149.0,90.0,157167.79178885632,5.789082168361867,8.852459016393443,percentil_invertido_anual,"Ministerio de Vivienda, valor tasado","INE, Atlas de distribución de renta de los hogares"
38031,2021,1086.0814671814671,259,4,27692.0,90.0,97747.33204633204,3.5298039883840837,53.442622950819676,percentil_invertido_anual,"Ministerio de Vivienda, valor tasado","INE, Atlas de distribución de renta de los hogares"
38038,2021,1442.679754062363,2277,4,33587.0,90.0,129841.17786561267,3.865816472611804,44.26229508196721,percentil_invertido_anual,"Ministerio de Vivienda, valor tasado","INE, Atlas de distribución de renta de los hogares"
39016,2021,1298.915759312321,349,4,34255.0,90.0,116902.41833810888,3.4127110885449974,59.01639344262295,percentil_invertido_anual,"Ministerio de Vivienda, valor tasado","INE, Atlas de distribución de renta de los hogares"
39020,2021,1905.1544554455447,606,4,32147.0,90.0,171463.90099009903,5.3337450147789545,16.721311475409838,percentil_invertido_anual,"Ministerio de Vivienda, valor tasado","INE, Atlas de distribución de renta de los hogares"
39075,2021,1762.88073089701,1806,4,35015.0,90.0,158659.2657807309,4.531179945187231,32.131147540983605,percentil_invertido_anual,"Ministerio de Vivienda, valor tasado","INE, Atlas de distribución de renta de los hogares"
39087,2021,1012.2129840546697,439,4,29077.0,90.0,91099.16856492027,3.1330319002964635,69.18032786885246,percentil_invertido_anual,"Ministerio de Vivienda, valor tasado","INE, Atlas de distribución de renta de los hogares"
40194,2021,1374.3164785553047,443,4,34272.0,90.0,123688.48306997742,3.609024365954056,49.83606557377049,percentil_invertido_anual,"Ministerio de Vivienda, valor tasado","INE, Atlas de distribución de renta de los hogares"
41004,2021,1109.923126734505,1081,4,29909.0,90.0,99893.08140610546,3.339900411451585,60.32786885245902,percentil_invertido_anual,"Ministerio de Vivienda, valor tasado","INE, Atlas de distribución de renta de los hogares"
41021,2021,1117.145197740113,531,4,26418.0,90.0,100543.06779661016,3.805854636861616,44.59016393442623,percentil_invertido_anual,"Ministerio de Vivienda, valor tasado","INE, Atlas de distribución de renta de los hogares"
41024,2021,1092.8141809290953,409,4,27357.0,90.0,98353.27628361857,3.5951776979792585,51.47540983606557,percentil_invertido_anual,"Ministerio de Vivienda, valor tasado","INE, Atlas de distribución de renta de los hogares"
41034,2021,988.170297029703,404,4,25311.0,90.0,88935.32673267326,3.5137026088528014,54.09836065573771,percentil_invertido_anual,"Ministerio de Vivienda, valor tasado","INE, Atlas de distribución de renta de los hogares"
41038,2021,1334.0118997912316,1916,4,32863.0,90.0,120061.07098121084,3.653381340145782,48.52459016393443,percentil_invertido_anual,"Ministerio de Vivienda, valor tasado","INE, Atlas de distribución de renta de los hogares"
41039,2021,918.1639498432603,319,4,26155.0,90.0,82634.75548589343,3.1594247939550155,67.54098360655738,percentil_invertido_anual,"Ministerio de Vivienda, valor tasado","INE, Atlas de distribución de renta de los hogares"
41053,2021,859.2430962343096,239,4,25671.0,90.0,77331.87866108786,3.0124217467604635,74.09836065573771,percentil_invertido_anual,"Ministerio de Vivienda, valor tasado","INE, Atlas de distribución de renta de los hogares"
41059,2021,1605.038,750,4,38336.0,90.0,144453.42,3.768087959098498,46.557377049180324,percentil_invertido_anual,"Ministerio de Vivienda, valor tasado","INE, Atlas de distribución de renta de los hogares"
41065,2021,901.0600823045269,243,4,26231.0,90.0,81095.40740740742,3.0915865734210444,70.81967213114754,percentil_invertido_anual,"Ministerio de Vivienda, valor tasado","INE, Atlas de distribución de renta de los hogares"
41069,2021,969.7083892617449,298,4,25227.0,90.0,87273.75503355704,3.459537599934873,56.39344262295082,percentil_invertido_anual,"Ministerio de Vivienda, valor tasado","INE, Atlas de distribución de renta de los hogares"
41081,2021,1100.9988814317671,447,4,28806.0,90.0,99089.89932885904,3.439904857628933,57.704918032786885,percentil_invertido_anual,"Ministerio de Vivienda, valor tasado","INE, Atlas de distribución de renta de los hogares"
41091,2021,1890.2857854179015,8435,4,33543.0,90.0,170125.72068761114,5.071869561089084,19.672131147540984,percentil_invertido_anual,"Ministerio de Vivienda, valor tasado","INE, Atlas de distribución de renta de los hogares"
41095,2021,992.9576190476189,630,4,26934.0,90.0,89366.1857142857,3.3179693218343247,61.63934426229508,percentil_invertido_anual,"Ministerio de Vivienda, valor tasado","INE, Atlas de distribución de renta de los hogares"
42173,2021,1077.400352112676,284,4,35151.0,90.0,96966.03169014084,2.758556845897438,82.29508196721312,percentil_invertido_anual,"Ministerio de Vivienda, valor tasado","INE, Atlas de distribución de renta de los hogares"
43038,2021,1742.6538631346577,906,4,34278.0,90.0,156838.8476821192,4.575495877300869,29.508196721311474,percentil_invertido_anual,"Ministerio de Vivienda, valor tasado","INE, Atlas de distribución de renta de los hogares"
43123,2021,1126.6516339869281,1683,4,33544.0,90.0,101398.64705882352,3.022854968364641,72.78688524590164,percentil_invertido_anual,"Ministerio de Vivienda, valor tasado","INE, Atlas de distribución de renta de los hogares"
43148,2021,1284.0641726618703,2085,4,36728.0,90.0,115565.77553956833,3.1465305908181316,68.52459016393442,percentil_invertido_anual,"Ministerio de Vivienda, valor tasado","INE, Atlas de distribución de renta de los hogares"
43155,2021,797.8976683937824,386,4,33508.0,90.0,71810.79015544041,2.1430938926656444,96.72131147540983,percentil_invertido_anual,"Ministerio de Vivienda, valor tasado","INE, Atlas de distribución de renta de los hogares"
43163,2021,1364.7936633663367,1010,4,31256.0,90.0,122831.4297029703,3.92985121906099,43.60655737704918,percentil_invertido_anual,"Ministerio de Vivienda, valor tasado","INE, Atlas de distribución de renta de los hogares"
43905,2021,1780.9545454545455,759,4,31009.0,90.0,160285.9090909091,5.169012515428072,19.016393442622952,percentil_invertido_anual,"Ministerio de Vivienda, valor tasado","INE, Atlas de distribución de renta de los hogares"
44216,2021,1149.380281690141,497,4,36043.0,90.0,103444.22535211268,2.8700226216494933,80.65573770491804,percentil_invertido_anual,"Ministerio de Vivienda, valor tasado","INE, Atlas de distribución de renta de los hogares"
45081,2021,1225.5702290076338,524,4,34265.0,90.0,110301.32061068703,3.2190667039453387,65.24590163934427,percentil_invertido_anual,"Ministerio de Vivienda, valor tasado","INE, Atlas de distribución de renta de los hogares"
45165,2021,778.4961579509072,937,4,27692.0,90.0,70064.65421558166,2.530140626014071,86.88524590163935,percentil_invertido_anual,"Ministerio de Vivienda, valor tasado","INE, Atlas de distribución de renta de los hogares"
45168,2021,1371.241511771995,807,4,39087.0,90.0,123411.73605947955,3.1573601468385792,68.19672131147541,percentil_invertido_anual,"Ministerio de Vivienda, valor tasado","INE, Atlas de distribución de renta de los hogares"
46005,2021,919.6188552188552,297,4,28588.0,90.0,82765.69696969696,2.8951202242093523,79.01639344262296,percentil_invertido_anual,"Ministerio de Vivienda, valor tasado","INE, Atlas de distribución de renta de los hogares"
46017,2021,755.0538116591928,669,4,31127.0,90.0,67954.84304932735,2.18314784750626,96.39344262295081,percentil_invertido_anual,"Ministerio de Vivienda, valor tasado","INE, Atlas de distribución de renta de los hogares"
46021,2021,987.1193798449611,387,4,29485.0,90.0,88840.7441860465,3.013082726337002,73.77049180327869,percentil_invertido_anual,"Ministerio de Vivienda, valor tasado","INE, Atlas de distribución de renta de los hogares"
46029,2021,686.2024096385543,332,4,29372.0,90.0,61758.216867469884,2.102622118598321,97.37704918032787,percentil_invertido_anual,"Ministerio de Vivienda, valor tasado","INE, Atlas de distribución de renta de los hogares"
46078,2021,999.2744376278118,489,4,28321.0,90.0,89934.69938650307,3.175548158133649,66.55737704918033,percentil_invertido_anual,"Ministerio de Vivienda, valor tasado","INE, Atlas de distribución de renta de los hogares"
46094,2021,934.4638095238095,315,4,31564.0,90.0,84101.74285714285,2.6644830457845283,84.26229508196721,percentil_invertido_anual,"Ministerio de Vivienda, valor tasado","INE, Atlas de distribución de renta de los hogares"
46102,2021,905.6124242424241,330,4,28751.0,90.0,81505.11818181818,2.834862028514423,81.63934426229508,percentil_invertido_anual,"Ministerio de Vivienda, valor tasado","INE, Atlas de distribución de renta de los hogares"
46110,2021,912.9218844984804,329,4,28090.0,90.0,82162.96960486323,2.9249900179730592,78.0327868852459,percentil_invertido_anual,"Ministerio de Vivienda, valor tasado","INE, Atlas de distribución de renta de los hogares"
46131,2021,1011.6311605723371,1258,4,28707.0,90.0,91046.80445151034,3.17158896615844,67.21311475409836,percentil_invertido_anual,"Ministerio de Vivienda, valor tasado","INE, Atlas de distribución de renta de los hogares"
46145,2021,756.0187817258884,394,4,30540.0,90.0,68041.69035532995,2.227953187797313,95.08196721311475,percentil_invertido_anual,"Ministerio de Vivienda, valor tasado","INE, Atlas de distribución de renta de los hogares"
46159,2021,972.3478672985782,422,4,29033.0,90.0,87511.30805687203,3.014201359035306,73.44262295081967,percentil_invertido_anual,"Ministerio de Vivienda, valor tasado","INE, Atlas de distribución de renta de los hogares"
46169,2021,1120.8820512820512,507,4,30284.0,90.0,100879.38461538461,3.3311116304115904,60.98360655737705,percentil_invertido_anual,"Ministerio de Vivienda, valor tasado","INE, Atlas de distribución de renta de los hogares"
46181,2021,1015.695632183908,435,4,28281.0,90.0,91412.60689655172,3.2322975459337266,64.59016393442623,percentil_invertido_anual,"Ministerio de Vivienda, valor tasado","INE, Atlas de distribución de renta de los hogares"
46184,2021,669.4886977886977,407,4,30125.0,90.0,60253.98280098279,2.0001322091612543,99.34426229508196,percentil_invertido_anual,"Ministerio de Vivienda, valor tasado","INE, Atlas de distribución de renta de los hogares"
46190,2021,1166.1144008056397,993,4,33687.0,90.0,104950.29607250757,3.1154539161251393,70.1639344262295,percentil_invertido_anual,"Ministerio de Vivienda, valor tasado","INE, Atlas de distribución de renta de los hogares"
46220,2021,847.9778778778779,999,4,30864.0,90.0,76318.00900900901,2.4727193172955224,88.19672131147541,percentil_invertido_anual,"Ministerio de Vivienda, valor tasado","INE, Atlas de distribución de renta de los hogares"
46235,2021,947.2116700201208,497,4,29653.0,90.0,85249.05030181087,2.874887879870869,79.67213114754098,percentil_invertido_anual,"Ministerio de Vivienda, valor tasado","INE, Atlas de distribución de renta de los hogares"
46244,2021,1007.7867417677642,1154,4,31486.0,90.0,90700.80675909878,2.880670988982366,79.34426229508196,percentil_invertido_anual,"Ministerio de Vivienda, valor tasado","INE, Atlas de distribución de renta de los hogares"
46250,2021,1593.2141695822186,9718,4,35463.0,90.0,143389.27526239966,4.043348708862749,41.31147540983606,percentil_invertido_anual,"Ministerio de Vivienda, valor tasado","INE, Atlas de distribución de renta de los hogares"
47186,2021,1388.8876578411407,2455,4,34095.0,90.0,124999.88920570267,3.6662234698842253,48.19672131147541,percentil_invertido_anual,"Ministerio de Vivienda, valor tasado","INE, Atlas de distribución de renta de los hogares"
48013,2021,2128.41367781155,658,4,33325.0,90.0,191557.2310030395,5.74815396858333,9.836065573770492,percentil_invertido_anual,"Ministerio de Vivienda, valor tasado","INE, Atlas de distribución de renta de los hogares"
48015,2021,2053.607453416149,161,4,32342.0,90.0,184824.6708074534,5.714695158229342,10.163934426229508,percentil_invertido_anual,"Ministerio de Vivienda, valor tasado","INE, Atlas de distribución de renta de los hogares"
48020,2021,2568.501467710372,2044,4,38355.0,90.0,231165.13209393347,6.026988191733372,7.213114754098361,percentil_invertido_anual,"Ministerio de Vivienda, valor tasado","INE, Atlas de distribución de renta de los hogares"
48027,2021,2122.188970588235,136,4,42455.0,90.0,190997.00735294115,4.498810678434605,33.114754098360656,percentil_invertido_anual,"Ministerio de Vivienda, valor tasado","INE, Atlas de distribución de renta de los hogares"
48036,2021,2051.6481927710843,166,4,39749.0,90.0,184648.3373493976,4.645358055533412,27.540983606557376,percentil_invertido_anual,"Ministerio de Vivienda, valor tasado","INE, Atlas de distribución de renta de los hogares"
48044,2021,3091.310483870968,496,4,52768.0,90.0,278217.9435483871,5.272474673066766,17.37704918032787,percentil_invertido_anual,"Ministerio de Vivienda, valor tasado","INE, Atlas de distribución de renta de los hogares"
48054,2021,2673.4152073732716,217,4,42617.0,90.0,240607.36866359445,5.645807275584731,12.459016393442623,percentil_invertido_anual,"Ministerio de Vivienda, valor tasado","INE, Atlas de distribución de renta de los hogares"
48078,2021,2192.392441860465,172,4,34168.0,90.0,197315.31976744186,5.7748571694990005,9.180327868852459,percentil_invertido_anual,"Ministerio de Vivienda, valor tasado","INE, Atlas de distribución de renta de los hogares"
48082,2021,2136.034259259259,216,4,33320.0,90.0,192243.08333333334,5.769600340136055,9.508196721311476,percentil_invertido_anual,"Ministerio de Vivienda, valor tasado","INE, Atlas de distribución de renta de los hogares"
48084,2021,1749.0666666666666,180,4,29469.0,90.0,157416.0,5.341748956530592,16.065573770491802,percentil_invertido_anual,"Ministerio de Vivienda, valor tasado","INE, Atlas de distribución de renta de los hogares"
49275,2021,1034.4690802348339,511,4,29763.0,90.0,93102.21722113506,3.128119383836813,69.8360655737705,percentil_invertido_anual,"Ministerio de Vivienda, valor tasado","INE, Atlas de distribución de renta de los hogares"
50297,2021,1490.845796716962,6031,4,35503.0,90.0,134176.1217045266,3.7792896855061993,46.22950819672131,percentil_invertido_anual,"Ministerio de Vivienda, valor tasado","INE, Atlas de distribución de renta de los hogares"
51001,2021,1781.629985443959,687,4,40660.0,90.0,160346.6986899563,3.9435980986216506,42.950819672131146,percentil_invertido_anual,"Ministerio de Vivienda, valor tasado","INE, Atlas de distribución de renta de los hogares"
52001,2021,1677.5729797979798,792,4,41846.0,90.0,150981.56818181818,3.6080286809209525,50.16393442622951,percentil_invertido_anual,"Ministerio de Vivienda, valor tasado","INE, Atlas de distribución de renta de los hogares"
01059,2022,2208.8898734177214,1185,4,38785.0,90.0,198800.08860759492,5.125695207105709,20.0,percentil_invertido_anual,"Ministerio de Vivienda, valor tasado","INE, Atlas de distribución de renta de los hogares"
02003,2022,1258.9684350132627,1885,4,35722.0,90.0,113307.15915119364,3.171915322523757,64.91803278688525,percentil_invertido_anual,"Ministerio de Vivienda, valor tasado","INE, Atlas de distribución de renta de los hogares"
02009,2022,730.5374015748032,254,4,30012.0,90.0,65748.36614173229,2.1907359103602655,94.09836065573771,percentil_invertido_anual,"Ministerio de Vivienda, valor tasado","INE, Atlas de distribución de renta de los hogares"
02037,2022,660.8994680851064,188,4,26969.0,90.0,59480.95212765958,2.2055305027127288,93.11475409836065,percentil_invertido_anual,"Ministerio de Vivienda, valor tasado","INE, Atlas de distribución de renta de los hogares"
02081,2022,593.2346320346321,231,4,30331.0,90.0,53391.11688311689,1.760282116749098,99.67213114754098,percentil_invertido_anual,"Ministerio de Vivienda, valor tasado","INE, Atlas de distribución de renta de los hogares"
03009,2022,701.2268465909091,704,4,29985.0,90.0,63110.416193181816,2.10473290622584,95.40983606557377,percentil_invertido_anual,"Ministerio de Vivienda, valor tasado","INE, Atlas de distribución de renta de los hogares"
03014,2022,1382.3109136525193,4783,4,32439.0,90.0,124407.98222872673,3.835136170311253,44.26229508196721,percentil_invertido_anual,"Ministerio de Vivienda, valor tasado","INE, Atlas de distribución de renta de los hogares"
03031,2022,2127.7899315738027,1023,4,26437.0,90.0,191501.09384164226,7.24367718885056,2.622950819672131,percentil_invertido_anual,"Ministerio de Vivienda, valor tasado","INE, Atlas de distribución de renta de los hogares"
03047,2022,1926.4478723404254,470,4,27142.0,90.0,173380.30851063828,6.3878972997803505,6.229508196721311,percentil_invertido_anual,"Ministerio de Vivienda, valor tasado","INE, Atlas de distribución de renta de los hogares"
03050,2022,1910.8534510433385,623,4,32275.0,90.0,171976.81059390047,5.328483674481812,15.081967213114755,percentil_invertido_anual,"Ministerio de Vivienda, valor tasado","INE, Atlas de distribución de renta de los hogares"
03059,2022,699.4463878326995,263,4,27000.0,90.0,62950.174904942956,2.331487959442332,89.18032786885246,percentil_invertido_anual,"Ministerio de Vivienda, valor tasado","INE, Atlas de distribución de renta de los hogares"
03063,2022,1753.842120075047,1066,4,30164.0,90.0,157845.79080675423,5.232919732354934,18.0327868852459,percentil_invertido_anual,"Ministerio de Vivienda, valor tasado","INE, Atlas de distribución de renta de los hogares"
03065,2022,1010.6604183109708,2534,4,29648.0,90.0,90959.43764798738,3.067978873717869,70.1639344262295,percentil_invertido_anual,"Ministerio de Vivienda, valor tasado","INE, Atlas de distribución de renta de los hogares"
03066,2022,621.9611979166667,768,4,26142.0,90.0,55976.50781250001,2.141248099322929,95.08196721311475,percentil_invertido_anual,"Ministerio de Vivienda, valor tasado","INE, Atlas de distribución de renta de los hogares"
03082,2022,2305.307601351351,592,4,29336.0,90.0,207477.6841216216,7.07245991688102,3.9344262295081966,percentil_invertido_anual,"Ministerio de Vivienda, valor tasado","INE, Atlas de distribución de renta de los hogares"
03093,2022,657.5084302325582,344,4,29498.0,90.0,59175.758720930244,2.0060939291114734,97.37704918032787,percentil_invertido_anual,"Ministerio de Vivienda, valor tasado","INE, Atlas de distribución de renta de los hogares"
03099,2022,1335.1751841359774,1765,4,26163.0,90.0,120165.76657223796,4.592965889700644,28.19672131147541,percentil_invertido_anual,"Ministerio de Vivienda, valor tasado","INE, Atlas de distribución de renta de los hogares"
03104,2022,721.3143769968051,313,4,28248.0,90.0,64918.29392971246,2.2981554067442813,89.8360655737705,percentil_invertido_anual,"Ministerio de Vivienda, valor tasado","INE, Atlas de distribución de renta de los hogares"
03121,2022,1541.0196016771488,954,4,27138.0,90.0,138691.7641509434,5.110611104390279,20.65573770491803,percentil_invertido_anual,"Ministerio de Vivienda, valor tasado","INE, Atlas de distribución de renta de los hogares"
03122,2022,1190.3454545454545,704,4,33034.0,90.0,107131.0909090909,3.243055364445447,62.950819672131146,percentil_invertido_anual,"Ministerio de Vivienda, valor tasado","INE, Atlas de distribución de renta de los hogares"
03133,2022,1371.6401111625753,2159,4,21976.0,90.0,123447.61000463177,5.617383054451755,10.819672131147541,percentil_invertido_anual,"Ministerio de Vivienda, valor tasado","INE, Atlas de distribución de renta de los hogares"
03139,2022,1403.9430232558138,602,4,28520.0,90.0,126354.87209302325,4.430395234678235,33.114754098360656,percentil_invertido_anual,"Ministerio de Vivienda, valor tasado","INE, Atlas de distribución de renta de los hogares"
03140,2022,609.5533980582525,412,4,28820.0,90.0,54859.80582524272,1.9035324713824677,99.01639344262296,percentil_invertido_anual,"Ministerio de Vivienda, valor tasado","INE, Atlas de distribución de renta de los hogares"
04013,2022,1267.7358681875792,3156,4,32883.0,90.0,114096.22813688213,3.469763346923399,53.77049180327869,percentil_invertido_anual,"Ministerio de Vivienda, valor tasado","INE, Atlas de distribución de renta de los hogares"
04066,2022,939.0339019189765,469,4,24461.0,90.0,84513.05117270788,3.4550121079558433,54.75409836065574,percentil_invertido_anual,"Ministerio de Vivienda, valor tasado","INE, Atlas de distribución de renta de los hogares"
04079,2022,1158.8130077787382,2314,4,29293.0,90.0,104293.17070008644,3.5603444747921498,50.49180327868852,percentil_invertido_anual,"Ministerio de Vivienda, valor tasado","INE, Atlas de distribución de renta de los hogares"
04902,2022,973.0908635794744,1598,4,26789.0,90.0,87578.1777221527,3.26918428168848,61.967213114754095,percentil_invertido_anual,"Ministerio de Vivienda, valor tasado","INE, Atlas de distribución de renta de los hogares"
05019,2022,1083.589452603471,749,4,33311.0,90.0,97523.05073431239,2.9276530495725854,75.40983606557377,percentil_invertido_anual,"Ministerio de Vivienda, valor tasado","INE, Atlas de distribución de renta de los hogares"
06011,2022,817.876819407008,371,4,26396.0,90.0,73608.91374663073,2.7886389508497778,80.32786885245902,percentil_invertido_anual,"Ministerio de Vivienda, valor tasado","INE, Atlas de distribución de renta de los hogares"
06015,2022,1246.5368144690783,1714,4,32947.0,90.0,112188.31330221705,3.4051146781866954,57.704918032786885,percentil_invertido_anual,"Ministerio de Vivienda, valor tasado","INE, Atlas de distribución de renta de los hogares"
06044,2022,826.7717832957111,443,4,29591.0,90.0,74409.460496614,2.5145976985101552,85.57377049180327,percentil_invertido_anual,"Ministerio de Vivienda, valor tasado","INE, Atlas de distribución de renta de los hogares"
06083,2022,870.9844192634561,706,4,31301.0,90.0,78388.59773371105,2.50434803149136,86.55737704918033,percentil_invertido_anual,"Ministerio de Vivienda, valor tasado","INE, Atlas de distribución de renta de los hogares"
06153,2022,711.2762931034482,232,4,28092.0,90.0,64014.86637931034,2.2787578805108337,90.49180327868852,percentil_invertido_anual,"Ministerio de Vivienda, valor tasado","INE, Atlas de distribución de renta de los hogares"
07011,2022,3562.4591304347823,920,4,39912.0,90.0,320621.3217391304,8.033206096891421,0.6557377049180327,percentil_invertido_anual,"Ministerio de Vivienda, valor tasado","INE, Atlas de distribución de renta de los hogares"
07015,2022,2479.797461928934,591,4,37385.0,90.0,223181.77157360406,5.96982136080257,7.540983606557377,percentil_invertido_anual,"Ministerio de Vivienda, valor tasado","INE, Atlas de distribución de renta de los hogares"
07026,2022,4065.9440494590413,647,4,45515.0,90.0,365934.9644513137,8.039876182606037,0.32786885245901637,percentil_invertido_anual,"Ministerio de Vivienda, valor tasado","INE, Atlas de distribución de renta de los hogares"
07027,2022,1568.3130518234166,521,4,35527.0,90.0,141148.1746641075,3.972983214572227,41.63934426229508,percentil_invertido_anual,"Ministerio de Vivienda, valor tasado","INE, Atlas de distribución de renta de los hogares"
07031,2022,2368.402996845426,634,4,39686.0,90.0,213156.26971608834,5.371069639572855,14.754098360655737,percentil_invertido_anual,"Ministerio de Vivienda, valor tasado","INE, Atlas de distribución de renta de los hogares"
07032,2022,1861.6824355971894,427,4,39805.0,90.0,167551.41920374703,4.209305846093381,36.721311475409834,percentil_invertido_anual,"Ministerio de Vivienda, valor tasado","INE, Atlas de distribución de renta de los hogares"
07033,2022,1653.9294007490635,534,4,35983.0,90.0,148853.6460674157,4.13677697989094,38.68852459016394,percentil_invertido_anual,"Ministerio de Vivienda, valor tasado","INE, Atlas de distribución de renta de los hogares"
07036,2022,2536.306620209059,574,4,49827.0,90.0,228267.59581881532,4.581202878335347,28.852459016393443,percentil_invertido_anual,"Ministerio de Vivienda, valor tasado","INE, Atlas de distribución de renta de los hogares"
07040,2022,2395.6088659392053,5132,4,41852.0,90.0,215604.79793452847,5.151600829937123,19.672131147540984,percentil_invertido_anual,"Ministerio de Vivienda, valor tasado","INE, Atlas de distribución de renta de los hogares"
07054,2022,4314.344770642202,545,4,43051.0,90.0,388291.02935779816,9.019326597705005,0.0,percentil_invertido_anual,"Ministerio de Vivienda, valor tasado","INE, Atlas de distribución de renta de los hogares"
08015,2022,2149.4684967320263,3825,4,36335.0,90.0,193452.16470588237,5.324127279644485,15.40983606557377,percentil_invertido_anual,"Ministerio de Vivienda, valor tasado","INE, Atlas de distribución de renta de los hogares"
08019,2022,3555.4709045085415,21426,4,43991.0,90.0,319992.38140576874,7.274041995084648,2.2950819672131146,percentil_invertido_anual,"Ministerio de Vivienda, valor tasado","INE, Atlas de distribución de renta de los hogares"
08056,2022,3401.7636925795055,1132,4,48586.0,90.0,306158.7323321555,6.301377605321606,6.557377049180328,percentil_invertido_anual,"Ministerio de Vivienda, valor tasado","INE, Atlas de distribución de renta de los hogares"
08073,2022,2371.602422907489,1362,4,36173.0,90.0,213444.21806167404,5.900650155134327,8.19672131147541,percentil_invertido_anual,"Ministerio de Vivienda, valor tasado","INE, Atlas de distribución de renta de los hogares"
08077,2022,2846.115831987076,619,4,45145.0,90.0,256150.42487883684,5.673948939613176,10.491803278688524,percentil_invertido_anual,"Ministerio de Vivienda, valor tasado","INE, Atlas de distribución de renta de los hogares"
08089,2022,2675.1685116851168,813,4,42878.0,90.0,240765.16605166052,5.61512118223006,11.147540983606557,percentil_invertido_anual,"Ministerio de Vivienda, valor tasado","INE, Atlas de distribución de renta de los hogares"
08096,2022,1925.8901336073995,973,4,40540.0,90.0,173330.11202466596,4.2755331037164765,35.73770491803279,percentil_invertido_anual,"Ministerio de Vivienda, valor tasado","INE, Atlas de distribución de renta de los hogares"
08101,2022,2249.3235349940687,4215,4,34449.0,90.0,202439.11814946617,5.876487507604463,8.524590163934427,percentil_invertido_anual,"Ministerio de Vivienda, valor tasado","INE, Atlas de distribución de renta de los hogares"
08102,2022,1329.2726102941178,544,4,38404.0,90.0,119634.5349264706,3.1151581847325955,67.54098360655738,percentil_invertido_anual,"Ministerio de Vivienda, valor tasado","INE, Atlas de distribución de renta de los hogares"
08113,2022,1138.0760661444733,1149,4,35516.0,90.0,102426.8459530026,2.8839634517682904,76.06557377049181,percentil_invertido_anual,"Ministerio de Vivienda, valor tasado","INE, Atlas de distribución de renta de los hogares"
08114,2022,1775.7742465753424,365,4,39573.0,90.0,159819.68219178083,4.038604154139965,40.98360655737705,percentil_invertido_anual,"Ministerio de Vivienda, valor tasado","INE, Atlas de distribución de renta de los hogares"
08121,2022,1947.6971756821445,2089,4,36490.0,90.0,175292.745811393,4.803857106368676,23.278688524590162,percentil_invertido_anual,"Ministerio de Vivienda, valor tasado","INE, Atlas de distribución de renta de los hogares"
08124,2022,1940.7801307189543,765,4,37549.0,90.0,174670.2117647059,4.651793969605206,26.885245901639344,percentil_invertido_anual,"Ministerio de Vivienda, valor tasado","INE, Atlas de distribución de renta de los hogares"
08125,2022,1890.5585858585855,594,4,37122.0,90.0,170150.2727272727,4.583542716644381,28.524590163934427,percentil_invertido_anual,"Ministerio de Vivienda, valor tasado","INE, Atlas de distribución de renta de los hogares"
08163,2022,1678.211190053286,563,4,31857.0,90.0,151039.00710479575,4.741156012957772,24.59016393442623,percentil_invertido_anual,"Ministerio de Vivienda, valor tasado","INE, Atlas de distribución de renta de los hogares"
08169,2022,2377.7978768577495,942,4,38952.0,90.0,214001.80891719746,5.493987700687961,12.78688524590164,percentil_invertido_anual,"Ministerio de Vivienda, valor tasado","INE, Atlas de distribución de renta de los hogares"
08172,2022,2350.8512345679014,486,4,40315.0,90.0,211576.61111111112,5.248086595835573,17.704918032786885,percentil_invertido_anual,"Ministerio de Vivienda, valor tasado","INE, Atlas de distribución de renta de los hogares"
08180,2022,1917.7861736334405,622,4,35934.0,90.0,172600.75562700964,4.8032714317084,23.60655737704918,percentil_invertido_anual,"Ministerio de Vivienda, valor tasado","INE, Atlas de distribución de renta de los hogares"
08184,2022,1880.24451303155,1458,4,38512.0,90.0,169222.0061728395,4.394007223017228,34.09836065573771,percentil_invertido_anual,"Ministerio de Vivienda, valor tasado","INE, Atlas de distribución de renta de los hogares"
08187,2022,1845.3627669902912,4120,4,38208.0,90.0,166082.64902912622,4.346803000134166,34.75409836065574,percentil_invertido_anual,"Ministerio de Vivienda, valor tasado","INE, Atlas de distribución de renta de los hogares"
08194,2022,2033.8382875605819,619,4,33979.0,90.0,183045.44588045237,5.387016859838499,14.426229508196721,percentil_invertido_anual,"Ministerio de Vivienda, valor tasado","INE, Atlas de distribución de renta de los hogares"
08196,2022,2145.970123022847,569,4,39548.0,90.0,193137.31107205624,4.8836176563177975,21.9672131147541,percentil_invertido_anual,"Ministerio de Vivienda, valor tasado","INE, Atlas de distribución de renta de los hogares"
08200,2022,2233.176245733788,1465,4,38137.0,90.0,200985.86211604092,5.270101531741902,17.049180327868854,percentil_invertido_anual,"Ministerio de Vivienda, valor tasado","INE, Atlas de distribución de renta de los hogares"
08205,2022,3886.7716386554625,1428,4,70875.0,90.0,349809.44747899164,4.935583033213286,20.983606557377048,percentil_invertido_anual,"Ministerio de Vivienda, valor tasado","INE, Atlas de distribución de renta de los hogares"
08211,2022,2617.2021306818187,704,4,44246.0,90.0,235548.19176136368,5.323604207416799,15.737704918032787,percentil_invertido_anual,"Ministerio de Vivienda, valor tasado","INE, Atlas de distribución de renta de los hogares"
08217,2022,2756.9648208469057,614,4,46031.0,90.0,248126.8338762215,5.390428925641882,14.098360655737705,percentil_invertido_anual,"Ministerio de Vivienda, valor tasado","INE, Atlas de distribución de renta de los hogares"
08231,2022,2004.8452662721893,676,4,39275.0,90.0,180436.07396449705,4.59417120215142,27.868852459016395,percentil_invertido_anual,"Ministerio de Vivienda, valor tasado","INE, Atlas de distribución de renta de los hogares"
08245,2022,1882.9787255393878,1993,4,32642.0,90.0,169468.0852985449,5.191718807013814,18.360655737704917,percentil_invertido_anual,"Ministerio de Vivienda, valor tasado","INE, Atlas de distribución de renta de los hogares"
08252,2022,2044.622239747634,634,4,41105.0,90.0,184016.00157728707,4.476730363150153,32.131147540983605,percentil_invertido_anual,"Ministerio de Vivienda, valor tasado","INE, Atlas de distribución de renta de los hogares"
08260,2022,1909.4925531914894,470,4,40687.0,90.0,171854.32978723405,4.223814235191438,36.39344262295082,percentil_invertido_anual,"Ministerio de Vivienda, valor tasado","INE, Atlas de distribución de renta de los hogares"
08263,2022,1991.8986940298507,536,4,39649.0,90.0,179270.88246268657,4.52144776571128,30.81967213114754,percentil_invertido_anual,"Ministerio de Vivienda, valor tasado","INE, Atlas de distribución de renta de los hogares"
08266,2022,2280.641471962617,856,4,44326.0,90.0,205257.73247663552,4.630639635352513,27.21311475409836,percentil_invertido_anual,"Ministerio de Vivienda, valor tasado","INE, Atlas de distribución de renta de los hogares"
08270,2022,3759.0652823920273,602,4,47800.0,90.0,338315.87541528244,7.077737979399214,3.6065573770491803,percentil_invertido_anual,"Ministerio de Vivienda, valor tasado","INE, Atlas de distribución de renta de los hogares"
08279,2022,1750.976629935721,4356,4,38112.0,90.0,157587.89669421487,4.134862948525789,39.01639344262295,percentil_invertido_anual,"Ministerio de Vivienda, valor tasado","INE, Atlas de distribución de renta de los hogares"
08298,2022,1497.3808219178084,584,4,40430.0,90.0,134764.27397260276,3.3332741521791434,60.0,percentil_invertido_anual,"Ministerio de Vivienda, valor tasado","INE, Atlas de distribución de renta de los hogares"
08301,2022,2355.70081154193,1109,4,40369.0,90.0,212013.0730387737,5.2518782491212,17.37704918032787,percentil_invertido_anual,"Ministerio de Vivienda, valor tasado","INE, Atlas de distribución de renta de los hogares"
08305,2022,1511.203220338983,590,4,37018.0,90.0,136008.28983050847,3.6741123191557747,45.90163934426229,percentil_invertido_anual,"Ministerio de Vivienda, valor tasado","INE, Atlas de distribución de renta de los hogares"
08307,2022,1915.0818181818183,1353,4,39345.0,90.0,172357.36363636365,4.38066752157488,34.42622950819672,percentil_invertido_anual,"Ministerio de Vivienda, valor tasado","INE, Atlas de distribución de renta de los hogares"
09018,2022,1109.9402366863906,338,4,33403.0,90.0,99894.62130177516,2.9905883094864283,72.78688524590164,percentil_invertido_anual,"Ministerio de Vivienda, valor tasado","INE, Atlas de distribución de renta de los hogares"
09059,2022,1428.2186393805312,1808,4,36832.0,90.0,128539.67754424781,3.4898913321092477,52.131147540983605,percentil_invertido_anual,"Ministerio de Vivienda, valor tasado","INE, Atlas de distribución de renta de los hogares"
09219,2022,1036.6150485436895,412,4,33317.0,90.0,93295.35436893205,2.800232745113067,79.67213114754098,percentil_invertido_anual,"Ministerio de Vivienda, valor tasado","INE, Atlas de distribución de renta de los hogares"
10037,2022,1154.9975836431227,1076,4,33651.0,90.0,103949.78252788103,3.089054783747319,69.18032786885246,percentil_invertido_anual,"Ministerio de Vivienda, valor tasado","INE, Atlas de distribución de renta de los hogares"
10148,2022,911.2414565826331,357,4,29773.0,90.0,82011.73109243698,2.7545672620305974,81.63934426229508,percentil_invertido_anual,"Ministerio de Vivienda, valor tasado","INE, Atlas de distribución de renta de los hogares"
11004,2022,1117.7445762711864,1770,4,31919.0,90.0,100597.01186440677,3.1516341948183455,65.90163934426229,percentil_invertido_anual,"Ministerio de Vivienda, valor tasado","INE, Atlas de distribución de renta de los hogares"
11006,2022,906.2912676056338,355,4,25239.0,90.0,81566.21408450704,3.2317530046557725,63.278688524590166,percentil_invertido_anual,"Ministerio de Vivienda, valor tasado","INE, Atlas de distribución de renta de los hogares"
11012,2022,2258.1960601719197,1396,4,35110.0,90.0,203237.64541547277,5.788597135160147,8.852459016393443,percentil_invertido_anual,"Ministerio de Vivienda, valor tasado","INE, Atlas de distribución de renta de los hogares"
11015,2022,1514.2791666666667,1632,4,29215.0,90.0,136285.125,4.664902447372925,26.557377049180328,percentil_invertido_anual,"Ministerio de Vivienda, valor tasado","INE, Atlas de distribución de renta de los hogares"
11020,2022,1102.0873283395756,3204,4,30213.0,90.0,99187.8595505618,3.2829530185867606,61.31147540983606,percentil_invertido_anual,"Ministerio de Vivienda, valor tasado","INE, Atlas de distribución de renta de los hogares"
11022,2022,1144.9606093579978,919,4,28327.0,90.0,103046.4548422198,3.637746843725767,47.868852459016395,percentil_invertido_anual,"Ministerio de Vivienda, valor tasado","INE, Atlas de distribución de renta de los hogares"
11027,2022,1682.4959791511542,1343,4,33412.0,90.0,151424.6381236039,4.53204352099856,30.16393442622951,percentil_invertido_anual,"Ministerio de Vivienda, valor tasado","INE, Atlas de distribución de renta de los hogares"
11028,2022,1264.4837953091685,469,4,31516.0,90.0,113803.54157782516,3.610976696846845,49.50819672131148,percentil_invertido_anual,"Ministerio de Vivienda, valor tasado","INE, Atlas de distribución de renta de los hogares"
11030,2022,1945.2199661590525,591,4,30521.0,90.0,175069.79695431472,5.736043935464589,9.508196721311476,percentil_invertido_anual,"Ministerio de Vivienda, valor tasado","INE, Atlas de distribución de renta de los hogares"
11031,2022,1305.6320843091337,1281,4,32124.0,90.0,117506.88758782203,3.6579158133427354,46.885245901639344,percentil_invertido_anual,"Ministerio de Vivienda, valor tasado","INE, Atlas de distribución de renta de los hogares"
11032,2022,1357.938320775027,929,4,25795.0,90.0,122214.44886975244,4.737912342304805,24.918032786885245,percentil_invertido_anual,"Ministerio de Vivienda, valor tasado","INE, Atlas de distribución de renta de los hogares"
11033,2022,1588.1862573099413,684,4,34526.0,90.0,142936.76315789472,4.13997460342625,38.36065573770492,percentil_invertido_anual,"Ministerio de Vivienda, valor tasado","INE, Atlas de distribución de renta de los hogares"
12009,2022,798.9046004842614,413,4,31408.0,90.0,71901.41404358353,2.2892706967518954,90.1639344262295,percentil_invertido_anual,"Ministerio de Vivienda, valor tasado","INE, Atlas de distribución de renta de los hogares"
12027,2022,923.2214285714288,322,4,30187.0,90.0,83089.9285714286,2.7525069921300096,81.9672131147541,percentil_invertido_anual,"Ministerio de Vivienda, valor tasado","INE, Atlas de distribución de renta de los hogares"
12032,2022,782.0290513833992,506,4,32060.0,90.0,70382.61462450592,2.195340443683903,93.77049180327869,percentil_invertido_anual,"Ministerio de Vivienda, valor tasado","INE, Atlas de distribución de renta de los hogares"
12040,2022,1014.4263133208254,2132,4,34612.0,90.0,91298.36819887429,2.637766329564148,83.60655737704919,percentil_invertido_anual,"Ministerio de Vivienda, valor tasado","INE, Atlas de distribución de renta de los hogares"
12084,2022,723.6644501278773,391,4,33655.0,90.0,65129.80051150896,1.9352191505425334,98.36065573770492,percentil_invertido_anual,"Ministerio de Vivienda, valor tasado","INE, Atlas de distribución de renta de los hogares"
12126,2022,716.0989583333334,384,4,31798.0,90.0,64448.90625,2.02682263821624,96.72131147540983,percentil_invertido_anual,"Ministerio de Vivienda, valor tasado","INE, Atlas de distribución de renta de los hogares"
12135,2022,803.5021276595745,611,4,35346.0,90.0,72315.1914893617,2.0459229188412182,96.06557377049181,percentil_invertido_anual,"Ministerio de Vivienda, valor tasado","INE, Atlas de distribución de renta de los hogares"
12138,2022,1130.174358974359,468,4,29947.0,90.0,101715.6923076923,3.3965236019531937,58.032786885245905,percentil_invertido_anual,"Ministerio de Vivienda, valor tasado","INE, Atlas de distribución de renta de los hogares"
13005,2022,746.6194915254237,354,4,33189.0,90.0,67195.75423728813,2.0246393153541273,97.04918032786885,percentil_invertido_anual,"Ministerio de Vivienda, valor tasado","INE, Atlas de distribución de renta de los hogares"
13034,2022,1046.0841095890412,730,4,36633.0,90.0,94147.5698630137,2.5700207425821993,84.91803278688525,percentil_invertido_anual,"Ministerio de Vivienda, valor tasado","INE, Atlas de distribución de renta de los hogares"
13071,2022,572.82,380,4,30028.0,90.0,51553.8,1.7168575995737312,100.0,percentil_invertido_anual,"Ministerio de Vivienda, valor tasado","INE, Atlas de distribución de renta de los hogares"
13082,2022,611.7264317180617,454,4,27131.0,90.0,55055.37885462555,2.029242521640395,96.39344262295081,percentil_invertido_anual,"Ministerio de Vivienda, valor tasado","INE, Atlas de distribución de renta de los hogares"
13087,2022,741.3630985915494,355,4,29393.0,90.0,66722.67887323945,2.2700193540380176,90.81967213114754,percentil_invertido_anual,"Ministerio de Vivienda, valor tasado","INE, Atlas de distribución de renta de los hogares"
14021,2022,1363.855099366674,4579,4,33799.0,90.0,122746.95894300066,3.63167427861773,48.52459016393443,percentil_invertido_anual,"Ministerio de Vivienda, valor tasado","INE, Atlas de distribución de renta de los hogares"
14038,2022,838.351971326165,558,4,27187.0,90.0,75451.67741935485,2.7752851517031982,80.98360655737704,percentil_invertido_anual,"Ministerio de Vivienda, valor tasado","INE, Atlas de distribución de renta de los hogares"
14056,2022,818.1345394736843,304,4,26519.0,90.0,73632.10855263159,2.776579379035091,80.65573770491804,percentil_invertido_anual,"Ministerio de Vivienda, valor tasado","INE, Atlas de distribución de renta de los hogares"
15002,2022,1140.5970674486803,341,4,35912.0,90.0,102653.73607038123,2.8584800643345187,77.04918032786885,percentil_invertido_anual,"Ministerio de Vivienda, valor tasado","INE, Atlas de distribución de renta de los hogares"
15005,2022,1067.681233933162,389,4,32650.0,90.0,96091.31105398458,2.9430723140577206,74.75409836065573,percentil_invertido_anual,"Ministerio de Vivienda, valor tasado","INE, Atlas de distribución de renta de los hogares"
15019,2022,768.3315789473684,209,4,30610.0,90.0,69149.84210526316,2.2590605065424096,91.14754098360656,percentil_invertido_anual,"Ministerio de Vivienda, valor tasado","INE, Atlas de distribución de renta de los hogares"
15030,2022,1861.983237939493,2446,4,37649.0,90.0,167578.49141455436,4.451074169687225,32.78688524590164,percentil_invertido_anual,"Ministerio de Vivienda, valor tasado","INE, Atlas de distribución de renta de los hogares"
15031,2022,1332.3156976744187,344,4,34473.0,90.0,119908.4127906977,3.4783283378498444,53.442622950819676,percentil_invertido_anual,"Ministerio de Vivienda, valor tasado","INE, Atlas de distribución de renta de los hogares"
15036,2022,770.6311377245509,668,4,30784.0,90.0,69356.80239520958,2.253014630821517,91.47540983606558,percentil_invertido_anual,"Ministerio de Vivienda, valor tasado","INE, Atlas de distribución de renta de los hogares"
15054,2022,861.371017699115,452,4,30967.0,90.0,77523.39159292035,2.503419497946858,86.88524590163935,percentil_invertido_anual,"Ministerio de Vivienda, valor tasado","INE, Atlas de distribución de renta de los hogares"
15058,2022,1533.8194495412843,545,4,48638.0,90.0,138043.75045871557,2.838187229300456,78.36065573770492,percentil_invertido_anual,"Ministerio de Vivienda, valor tasado","INE, Atlas de distribución de renta de los hogares"
15073,2022,992.9027397260273,292,4,32718.0,90.0,89361.24657534246,2.7312563902238054,82.62295081967213,percentil_invertido_anual,"Ministerio de Vivienda, valor tasado","INE, Atlas de distribución de renta de los hogares"
15078,2022,1719.50980861244,836,4,39198.0,90.0,154755.88277511962,3.9480555838338596,42.295081967213115,percentil_invertido_anual,"Ministerio de Vivienda, valor tasado","INE, Atlas de distribución de renta de los hogares"
16078,2022,1183.176811594203,483,4,34584.0,90.0,106485.91304347827,3.07905138339921,69.8360655737705,percentil_invertido_anual,"Ministerio de Vivienda, valor tasado","INE, Atlas de distribución de renta de los hogares"
17023,2022,1610.4622524752476,808,4,32435.0,90.0,144941.60272277228,4.468678980199546,32.459016393442624,percentil_invertido_anual,"Ministerio de Vivienda, valor tasado","INE, Atlas de distribución de renta de los hogares"
17066,2022,1142.926728110599,651,4,32086.0,90.0,102863.40552995392,3.205865658852893,64.26229508196721,percentil_invertido_anual,"Ministerio de Vivienda, valor tasado","INE, Atlas de distribución de renta de los hogares"
17079,2022,1848.6705525606467,1484,4,41955.0,90.0,166380.3497304582,3.965685847466528,41.967213114754095,percentil_invertido_anual,"Ministerio de Vivienda, valor tasado","INE, Atlas de distribución de renta de los hogares"
17095,2022,1818.464294187426,843,4,29313.0,90.0,163661.78647686835,5.583249291333823,11.475409836065573,percentil_invertido_anual,"Ministerio de Vivienda, valor tasado","INE, Atlas de distribución de renta de los hogares"
17114,2022,1344.3984716157206,458,4,38349.0,90.0,120995.86244541485,3.1551243173333035,65.24590163934427,percentil_invertido_anual,"Ministerio de Vivienda, valor tasado","INE, Atlas de distribución de renta de los hogares"
17155,2022,1123.3641838351823,631,4,33323.0,90.0,101102.7765451664,3.0340238437465534,71.47540983606558,percentil_invertido_anual,"Ministerio de Vivienda, valor tasado","INE, Atlas de distribución de renta de los hogares"
18017,2022,1877.6529182879378,514,4,25347.0,90.0,168988.7626459144,6.667012374084286,5.573770491803279,percentil_invertido_anual,"Ministerio de Vivienda, valor tasado","INE, Atlas de distribución de renta de los hogares"
18087,2022,1747.1306810740011,3054,4,34339.0,90.0,157241.76129666012,4.579101351136029,29.18032786885246,percentil_invertido_anual,"Ministerio de Vivienda, valor tasado","INE, Atlas de distribución de renta de los hogares"
18140,2022,1116.3428571428572,1050,4,29045.0,90.0,100470.85714285714,3.459144676979072,54.42622950819672,percentil_invertido_anual,"Ministerio de Vivienda, valor tasado","INE, Atlas de distribución de renta de los hogares"
19046,2022,1399.363654618474,498,4,36698.0,90.0,125942.72891566265,3.4318690096371096,55.08196721311475,percentil_invertido_anual,"Ministerio de Vivienda, valor tasado","INE, Atlas de distribución de renta de los hogares"
19130,2022,1313.1781714285714,875,4,37859.0,90.0,118186.03542857143,3.1217421334047764,66.88524590163935,percentil_invertido_anual,"Ministerio de Vivienda, valor tasado","INE, Atlas de distribución de renta de los hogares"
20030,2022,1706.905113636364,176,4,39666.0,90.0,153621.46022727276,3.8728750120322886,43.278688524590166,percentil_invertido_anual,"Ministerio de Vivienda, valor tasado","INE, Atlas de distribución de renta de los hogares"
20045,2022,2252.9991891891896,370,4,38450.0,90.0,202769.92702702706,5.273600182757531,16.721311475409838,percentil_invertido_anual,"Ministerio de Vivienda, valor tasado","INE, Atlas de distribución de renta de los hogares"
20067,2022,2354.6390438247013,251,4,35711.0,90.0,211917.51394422312,5.934236340181544,7.868852459016393,percentil_invertido_anual,"Ministerio de Vivienda, valor tasado","INE, Atlas de distribución de renta de los hogares"
20069,2022,4170.395785440613,1305,4,48821.0,90.0,375335.62068965513,7.687995344004734,1.3114754098360655,percentil_invertido_anual,"Ministerio de Vivienda, valor tasado","INE, Atlas de distribución de renta de los hogares"
21041,2022,1124.88579682234,2077,4,31593.0,90.0,101239.7217140106,3.204498519102668,64.59016393442623,percentil_invertido_anual,"Ministerio de Vivienda, valor tasado","INE, Atlas de distribución de renta de los hogares"
21044,2022,1412.3681881051175,723,4,27532.0,90.0,127113.13692946057,4.616923468308171,27.540983606557376,percentil_invertido_anual,"Ministerio de Vivienda, valor tasado","INE, Atlas de distribución de renta de los hogares"
22125,2022,1342.8043307086614,508,4,35471.0,90.0,120852.38976377953,3.4070759145155063,57.049180327868854,percentil_invertido_anual,"Ministerio de Vivienda, valor tasado","INE, Atlas de distribución de renta de los hogares"
23005,2022,752.4874186550975,461,4,26140.0,90.0,67723.86767895878,2.5908136066931435,84.59016393442623,percentil_invertido_anual,"Ministerio de Vivienda, valor tasado","INE, Atlas de distribución de renta de los hogares"
23050,2022,1152.6035510462902,1577,4,35128.0,90.0,103734.31959416613,2.9530380207858724,74.42622950819673,percentil_invertido_anual,"Ministerio de Vivienda, valor tasado","INE, Atlas de distribución de renta de los hogares"
23055,2022,749.0293222683264,723,4,29955.0,90.0,67412.63900414937,2.2504636622984266,91.80327868852459,percentil_invertido_anual,"Ministerio de Vivienda, valor tasado","INE, Atlas de distribución de renta de los hogares"
23092,2022,855.989756097561,410,4,30707.0,90.0,77039.07804878049,2.5088441739271334,86.22950819672131,percentil_invertido_anual,"Ministerio de Vivienda, valor tasado","INE, Atlas de distribución de renta de los hogares"
24089,2022,1242.0255177514794,1352,4,34279.0,90.0,111782.29659763315,3.260955587900264,62.295081967213115,percentil_invertido_anual,"Ministerio de Vivienda, valor tasado","INE, Atlas de distribución de renta de los hogares"
24115,2022,794.9280674846625,652,4,30787.0,90.0,71543.52607361962,2.323822589847001,89.50819672131148,percentil_invertido_anual,"Ministerio de Vivienda, valor tasado","INE, Atlas de distribución de renta de los hogares"
24142,2022,912.072049689441,322,4,30935.0,90.0,82086.48447204969,2.6535149336366475,82.95081967213115,percentil_invertido_anual,"Ministerio de Vivienda, valor tasado","INE, Atlas de distribución de renta de los hogares"
25120,2022,1018.2436742607854,2063,4,36521.0,90.0,91641.93068347068,2.509294123476101,85.90163934426229,percentil_invertido_anual,"Ministerio de Vivienda, valor tasado","INE, Atlas de distribución de renta de los hogares"
26089,2022,1349.0437818181817,1375,4,35779.0,90.0,121413.94036363636,3.3934414143390357,58.36065573770492,percentil_invertido_anual,"Ministerio de Vivienda, valor tasado","INE, Atlas de distribución de renta de los hogares"
27028,2022,1048.999582898853,959,4,33085.0,90.0,94409.96246089677,2.8535578800331503,77.70491803278688,percentil_invertido_anual,"Ministerio de Vivienda, valor tasado","INE, Atlas de distribución de renta de los hogares"
28005,2022,1834.6153644696637,2291,4,39439.0,90.0,165115.38280226974,4.186601658314606,37.377049180327866,percentil_invertido_anual,"Ministerio de Vivienda, valor tasado","INE, Atlas de distribución de renta de los hogares"
28006,2022,3335.2124522536283,1309,4,62298.0,90.0,300169.12070282653,4.818278607705328,22.950819672131146,percentil_invertido_anual,"Ministerio de Vivienda, valor tasado","INE, Atlas de distribución de renta de los hogares"
28007,2022,2298.4774710104916,1811,4,39129.0,90.0,206862.97239094425,5.286692028698517,16.39344262295082,percentil_invertido_anual,"Ministerio de Vivienda, valor tasado","INE, Atlas de distribución de renta de los hogares"
28013,2022,1471.4686357243318,711,4,38060.0,90.0,132432.17721518985,3.4795632479030436,53.114754098360656,percentil_invertido_anual,"Ministerio de Vivienda, valor tasado","INE, Atlas de distribución de renta de los hogares"
28014,2022,1685.792042440318,754,4,37574.0,90.0,151721.28381962862,4.037932714633221,41.31147540983606,percentil_invertido_anual,"Ministerio de Vivienda, valor tasado","INE, Atlas de distribución de renta de los hogares"
28022,2022,3070.6201665124886,1081,4,82812.0,90.0,276355.814986124,3.3371469712858524,59.67213114754098,percentil_invertido_anual,"Ministerio de Vivienda, valor tasado","INE, Atlas de distribución de renta de los hogares"
28045,2022,2063.158118556701,776,4,48379.0,90.0,185684.2306701031,3.838116345317247,43.9344262295082,percentil_invertido_anual,"Ministerio de Vivienda, valor tasado","INE, Atlas de distribución de renta de los hogares"
28047,2022,1897.5804721030045,932,4,38711.0,90.0,170782.2424892704,4.411723863740807,33.77049180327869,percentil_invertido_anual,"Ministerio de Vivienda, valor tasado","INE, Atlas de distribución de renta de los hogares"
28049,2022,2088.18,865,4,39677.0,90.0,187936.19999999998,4.7366534768253645,25.24590163934426,percentil_invertido_anual,"Ministerio de Vivienda, valor tasado","INE, Atlas de distribución de renta de los hogares"
28058,2022,1872.9090957446808,1880,4,35891.0,90.0,168561.8186170213,4.696492675518132,25.57377049180328,percentil_invertido_anual,"Ministerio de Vivienda, valor tasado","INE, Atlas de distribución de renta de los hogares"
28061,2022,1867.5582258064517,620,4,46423.0,90.0,168080.24032258065,3.6206242664752524,48.85245901639344,percentil_invertido_anual,"Ministerio de Vivienda, valor tasado","INE, Atlas de distribución de renta de los hogares"
28065,2022,2112.5996995493238,1997,4,39455.0,90.0,190133.97295943912,4.819008312240252,22.62295081967213,percentil_invertido_anual,"Ministerio de Vivienda, valor tasado","INE, Atlas de distribución de renta de los hogares"
28074,2022,2061.26077510276,1703,4,36260.0,90.0,185513.4697592484,5.11620159291915,20.327868852459016,percentil_invertido_anual,"Ministerio de Vivienda, valor tasado","INE, Atlas de distribución de renta de los hogares"
28079,2022,3592.7931377148466,46894,4,46651.0,90.0,323351.38239433616,6.931285125599369,4.590163934426229,percentil_invertido_anual,"Ministerio de Vivienda, valor tasado","INE, Atlas de distribución de renta de los hogares"
28080,2022,3509.381081081081,925,4,70529.0,90.0,315844.2972972973,4.478218850363642,31.80327868852459,percentil_invertido_anual,"Ministerio de Vivienda, valor tasado","INE, Atlas de distribución de renta de los hogares"
28092,2022,1917.4787077826725,2043,4,36297.0,90.0,172573.08370044053,4.75447237238451,24.262295081967213,percentil_invertido_anual,"Ministerio de Vivienda, valor tasado","INE, Atlas de distribución de renta de los hogares"
28096,2022,1685.8184761904763,525,4,40466.0,90.0,151723.66285714286,3.749410934046925,45.24590163934426,percentil_invertido_anual,"Ministerio de Vivienda, valor tasado","INE, Atlas de distribución de renta de los hogares"
28106,2022,1491.4205771643663,1594,4,32919.0,90.0,134227.85194479296,4.077519121018043,40.0,percentil_invertido_anual,"Ministerio de Vivienda, valor tasado","INE, Atlas de distribución de renta de los hogares"
28113,2022,2030.485289256198,605,4,40277.0,90.0,182743.67603305783,4.537171984831487,29.83606557377049,percentil_invertido_anual,"Ministerio de Vivienda, valor tasado","INE, Atlas de distribución de renta de los hogares"
28115,2022,3592.186420722135,1274,4,92596.0,90.0,323296.77786499215,3.491476714598818,51.80327868852459,percentil_invertido_anual,"Ministerio de Vivienda, valor tasado","INE, Atlas de distribución de renta de los hogares"
28123,2022,2314.549754901961,1224,4,50907.0,90.0,208309.4779411765,4.091961379401193,39.67213114754098,percentil_invertido_anual,"Ministerio de Vivienda, valor tasado","INE, Atlas de distribución de renta de los hogares"
28127,2022,3155.812647554806,1779,4,69701.0,90.0,284023.13827993255,4.07487895840709,40.32786885245902,percentil_invertido_anual,"Ministerio de Vivienda, valor tasado","INE, Atlas de distribución de renta de los hogares"
28130,2022,2055.1697916666667,480,4,38015.0,90.0,184965.28125,4.8655867749572534,22.295081967213115,percentil_invertido_anual,"Ministerio de Vivienda, valor tasado","INE, Atlas de distribución de renta de los hogares"
28134,2022,2820.5671849427167,1222,4,48982.0,90.0,253851.0466448445,5.182537394243692,18.688524590163933,percentil_invertido_anual,"Ministerio de Vivienda, valor tasado","INE, Atlas de distribución de renta de los hogares"
28148,2022,1940.4301441677587,1526,4,38759.0,90.0,174638.7129750983,4.505758997267687,31.147540983606557,percentil_invertido_anual,"Ministerio de Vivienda, valor tasado","INE, Atlas de distribución de renta de los hogares"
28161,2022,1791.9179582712368,1342,4,42398.0,90.0,161272.6162444113,3.803778863257967,44.91803278688525,percentil_invertido_anual,"Ministerio de Vivienda, valor tasado","INE, Atlas de distribución de renta de los hogares"
28181,2022,2377.711970074813,401,4,62630.0,90.0,213994.07730673318,3.4167982964511125,56.721311475409834,percentil_invertido_anual,"Ministerio de Vivienda, valor tasado","INE, Atlas de distribución de renta de los hogares"
28903,2022,3002.2845777233783,817,4,63353.0,90.0,270205.61199510406,4.26507998034985,36.0655737704918,percentil_invertido_anual,"Ministerio de Vivienda, valor tasado","INE, Atlas de distribución de renta de los hogares"
29007,2022,1818.723985680191,838,4,39253.0,90.0,163685.1587112172,4.170003788531251,38.032786885245905,percentil_invertido_anual,"Ministerio de Vivienda, valor tasado","INE, Atlas de distribución de renta de los hogares"
29015,2022,1094.0251533742332,489,4,30568.0,90.0,98462.263803681,3.221089498942718,63.60655737704918,percentil_invertido_anual,"Ministerio de Vivienda, valor tasado","INE, Atlas de distribución de renta de los hogares"
29025,2022,2331.1393356643357,1716,4,30262.0,90.0,209802.54020979023,6.932870934167941,4.262295081967213,percentil_invertido_anual,"Ministerio de Vivienda, valor tasado","INE, Atlas de distribución de renta de los hogares"
29051,2022,2087.969367816092,1740,4,30341.0,90.0,187917.24310344827,6.193508556192883,6.885245901639344,percentil_invertido_anual,"Ministerio de Vivienda, valor tasado","INE, Atlas de distribución de renta de los hogares"
29054,2022,2365.97783171521,1236,4,27194.0,90.0,212938.0048543689,7.83033039841027,0.9836065573770492,percentil_invertido_anual,"Ministerio de Vivienda, valor tasado","INE, Atlas de distribución de renta de los hogares"
29067,2022,2024.4718028940163,7671,4,33786.0,90.0,182202.46226046147,5.392839112663869,13.770491803278688,percentil_invertido_anual,"Ministerio de Vivienda, valor tasado","INE, Atlas de distribución de renta de los hogares"
29069,2022,2820.8230022646394,3091,4,33447.0,90.0,253874.07020381754,7.590339049954182,1.639344262295082,percentil_invertido_anual,"Ministerio de Vivienda, valor tasado","INE, Atlas de distribución de renta de los hogares"
29070,2022,2084.5363921217545,2234,4,27764.0,90.0,187608.2752909579,6.7572495062295745,5.245901639344262,percentil_invertido_anual,"Ministerio de Vivienda, valor tasado","INE, Atlas de distribución de renta de los hogares"
29082,2022,2180.136170212766,940,4,35496.0,90.0,196212.25531914894,5.527728626300116,12.131147540983607,percentil_invertido_anual,"Ministerio de Vivienda, valor tasado","INE, Atlas de distribución de renta de los hogares"
29084,2022,1202.8669216061187,523,4,30008.0,90.0,108258.02294455068,3.60763872782427,49.83606557377049,percentil_invertido_anual,"Ministerio de Vivienda, valor tasado","INE, Atlas de distribución de renta de los hogares"
29094,2022,1580.306389530408,1299,4,28854.0,90.0,142227.5750577367,4.929215188803518,21.639344262295083,percentil_invertido_anual,"Ministerio de Vivienda, valor tasado","INE, Atlas de distribución de renta de los hogares"
29901,2022,2287.6561351947093,1361,4,30002.0,90.0,205889.05216752383,6.862510904857137,4.918032786885246,percentil_invertido_anual,"Ministerio de Vivienda, valor tasado","INE, Atlas de distribución de renta de los hogares"
30003,2022,980.9406125166445,751,4,28446.0,90.0,88284.65512649801,3.1035876793397317,68.85245901639344,percentil_invertido_anual,"Ministerio de Vivienda, valor tasado","INE, Atlas de distribución de renta de los hogares"
30005,2022,752.2998084291188,522,4,30763.0,90.0,67706.9827586207,2.2009226264870363,93.44262295081967,percentil_invertido_anual,"Ministerio de Vivienda, valor tasado","INE, Atlas de distribución de renta de los hogares"
30015,2022,728.84012345679,324,4,29724.0,90.0,65595.6111111111,2.2068231432886254,92.78688524590164,percentil_invertido_anual,"Ministerio de Vivienda, valor tasado","INE, Atlas de distribución de renta de los hogares"
30016,2022,1072.4042220936958,3458,4,34201.0,90.0,96516.37998843263,2.822033858320886,79.34426229508196,percentil_invertido_anual,"Ministerio de Vivienda, valor tasado","INE, Atlas de distribución de renta de los hogares"
30019,2022,838.3335877862595,393,4,30539.0,90.0,75450.02290076336,2.4706120993078806,87.54098360655738,percentil_invertido_anual,"Ministerio de Vivienda, valor tasado","INE, Atlas de distribución de renta de los hogares"
30022,2022,625.867791411043,326,4,28542.0,90.0,56328.101226993866,1.9735162646974236,98.0327868852459,percentil_invertido_anual,"Ministerio de Vivienda, valor tasado","INE, Atlas de distribución de renta de los hogares"
30024,2022,875.7147169811321,1060,4,32974.0,90.0,78814.32452830189,2.3901960492600804,88.19672131147541,percentil_invertido_anual,"Ministerio de Vivienda, valor tasado","INE, Atlas de distribución de renta de los hogares"
30026,2022,1196.4924148606813,646,4,25171.0,90.0,107684.31733746131,4.2781104182377065,35.40983606557377,percentil_invertido_anual,"Ministerio de Vivienda, valor tasado","INE, Atlas de distribución de renta de los hogares"
30027,2022,917.2144654088049,1431,4,37731.0,90.0,82549.30188679244,2.1878376371363717,94.42622950819673,percentil_invertido_anual,"Ministerio de Vivienda, valor tasado","INE, Atlas de distribución de renta de los hogares"
30030,2022,1182.7454135119394,6868,4,36450.0,90.0,106447.08721607455,2.9203590457084925,75.73770491803279,percentil_invertido_anual,"Ministerio de Vivienda, valor tasado","INE, Atlas de distribución de renta de los hogares"
30035,2022,1284.0440598690366,1069,4,30980.0,90.0,115563.96538821328,3.730276481220571,45.57377049180328,percentil_invertido_anual,"Ministerio de Vivienda, valor tasado","INE, Atlas de distribución de renta de los hogares"
30037,2022,852.2323960880195,818,4,30099.0,90.0,76700.91564792176,2.5482878383973477,85.24590163934427,percentil_invertido_anual,"Ministerio de Vivienda, valor tasado","INE, Atlas de distribución de renta de los hogares"
30039,2022,815.5574285714285,350,4,31038.0,90.0,73400.16857142857,2.3648485266907846,88.52459016393442,percentil_invertido_anual,"Ministerio de Vivienda, valor tasado","INE, Atlas de distribución de renta de los hogares"
30043,2022,650.8031042128604,451,4,29462.0,90.0,58572.27937915744,1.9880618891846256,97.70491803278688,percentil_invertido_anual,"Ministerio de Vivienda, valor tasado","INE, Atlas de distribución de renta de los hogares"
31201,2022,2143.3988061797754,1424,4,41184.0,90.0,192905.89255617978,4.684000887630628,26.229508196721312,percentil_invertido_anual,"Ministerio de Vivienda, valor tasado","INE, Atlas de distribución de renta de los hogares"
31232,2022,1116.3602666666668,375,4,37966.0,90.0,100472.42400000001,2.6463789706579575,83.27868852459017,percentil_invertido_anual,"Ministerio de Vivienda, valor tasado","INE, Atlas de distribución de renta de los hogares"
32054,2022,1215.591627021884,1051,4,32271.0,90.0,109403.24643196957,3.390141192772755,58.68852459016394,percentil_invertido_anual,"Ministerio de Vivienda, valor tasado","INE, Atlas de distribución de renta de los hogares"
33004,2022,1103.841977077364,698,4,32610.0,90.0,99345.77793696275,3.0464819974536264,71.14754098360656,percentil_invertido_anual,"Ministerio de Vivienda, valor tasado","INE, Atlas de distribución de renta de los hogares"
33024,2022,1569.1009689922482,3096,4,33731.0,90.0,141219.08720930235,4.186626166117291,37.049180327868854,percentil_invertido_anual,"Ministerio de Vivienda, valor tasado","INE, Atlas de distribución de renta de los hogares"
33031,2022,797.0380952380953,399,4,29249.0,90.0,71733.42857142858,2.452508754878067,87.8688524590164,percentil_invertido_anual,"Ministerio de Vivienda, valor tasado","INE, Atlas de distribución de renta de los hogares"
33037,2022,766.8515037593985,266,4,30973.0,90.0,69016.63533834586,2.22828383877396,92.1311475409836,percentil_invertido_anual,"Ministerio de Vivienda, valor tasado","INE, Atlas de distribución de renta de los hogares"
33044,2022,1391.929777404452,2381,4,36134.0,90.0,125273.67996640067,3.466919797597849,54.09836065573771,percentil_invertido_anual,"Ministerio de Vivienda, valor tasado","INE, Atlas de distribución de renta de los hogares"
33066,2022,1116.2956343792632,733,4,35595.0,90.0,100466.6070941337,2.8224921223243067,79.01639344262296,percentil_invertido_anual,"Ministerio de Vivienda, valor tasado","INE, Atlas de distribución de renta de los hogares"
34120,2022,1152.5614583333333,672,4,33265.0,90.0,103730.53125,3.1183084698632197,67.21311475409836,percentil_invertido_anual,"Ministerio de Vivienda, valor tasado","INE, Atlas de distribución de renta de los hogares"
35002,2022,1297.6088888888892,360,4,33478.0,90.0,116784.80000000003,3.488404325228509,52.78688524590164,percentil_invertido_anual,"Ministerio de Vivienda, valor tasado","INE, Atlas de distribución de renta de los hogares"
35004,2022,1270.2866235167205,927,4,31739.0,90.0,114325.79611650485,3.602060434056046,50.16393442622951,percentil_invertido_anual,"Ministerio de Vivienda, valor tasado","INE, Atlas de distribución de renta de los hogares"
35006,2022,1191.2578093306288,493,4,35010.0,90.0,107213.20283975659,3.062359407019611,70.49180327868852,percentil_invertido_anual,"Ministerio de Vivienda, valor tasado","INE, Atlas de distribución de renta de los hogares"
35011,2022,1076.2547872340426,376,4,32659.0,90.0,96862.93085106384,2.965887836463573,73.77049180327869,percentil_invertido_anual,"Ministerio de Vivienda, valor tasado","INE, Atlas de distribución de renta de los hogares"
35014,2022,2251.6291598023067,607,4,28467.0,90.0,202646.6243822076,7.118650521031637,3.278688524590164,percentil_invertido_anual,"Ministerio de Vivienda, valor tasado","INE, Atlas de distribución de renta de los hogares"
35016,2022,1693.1803170096996,4227,4,36484.0,90.0,152386.22853087296,4.176796089542621,37.704918032786885,percentil_invertido_anual,"Ministerio de Vivienda, valor tasado","INE, Atlas de distribución de renta de los hogares"
35017,2022,1185.1681047765794,649,4,34294.0,90.0,106665.12942989214,3.1103146156730666,68.19672131147541,percentil_invertido_anual,"Ministerio de Vivienda, valor tasado","INE, Atlas de distribución de renta de los hogares"
35019,2022,2418.3252238805967,670,4,30550.0,90.0,217649.27014925372,7.124362361677699,2.9508196721311477,percentil_invertido_anual,"Ministerio de Vivienda, valor tasado","INE, Atlas de distribución de renta de los hogares"
35022,2022,1151.7067121729237,879,4,30208.0,90.0,103653.60409556313,3.4313295847313006,55.40983606557377,percentil_invertido_anual,"Ministerio de Vivienda, valor tasado","INE, Atlas de distribución de renta de los hogares"
35026,2022,1258.1551565377533,1086,4,32297.0,90.0,113233.9640883978,3.506021119249398,51.47540983606557,percentil_invertido_anual,"Ministerio de Vivienda, valor tasado","INE, Atlas de distribución de renta de los hogares"
36008,2022,1358.7272463768113,345,4,33387.0,90.0,122285.45217391301,3.6626666718756704,46.22950819672131,percentil_invertido_anual,"Ministerio de Vivienda, valor tasado","INE, Atlas de distribución de renta de los hogares"
36026,2022,932.5398907103825,183,4,30719.0,90.0,83928.59016393442,2.732139397894932,82.29508196721312,percentil_invertido_anual,"Ministerio de Vivienda, valor tasado","INE, Atlas de distribución de renta de los hogares"
36038,2022,1337.9225531914892,940,4,34511.0,90.0,120413.02978723403,3.4891202743251144,52.459016393442624,percentil_invertido_anual,"Ministerio de Vivienda, valor tasado","INE, Atlas de distribución de renta de los hogares"
36045,2022,1030.385294117647,272,4,35187.0,90.0,92734.67647058822,2.6354811853976816,83.93442622950819,percentil_invertido_anual,"Ministerio de Vivienda, valor tasado","INE, Atlas de distribución de renta de los hogares"
36057,2022,1655.656647398844,2941,4,36625.0,90.0,149009.09826589594,4.0685078024818,40.65573770491803,percentil_invertido_anual,"Ministerio de Vivienda, valor tasado","INE, Atlas de distribución de renta de los hogares"
36060,2022,1023.2689567430024,393,4,30581.0,90.0,92094.20610687022,3.0114844546244472,71.80327868852459,percentil_invertido_anual,"Ministerio de Vivienda, valor tasado","INE, Atlas de distribución de renta de los hogares"
37274,2022,1611.3675730795378,1471,4,31674.0,90.0,145023.08157715842,4.578615949269382,29.508196721311474,percentil_invertido_anual,"Ministerio de Vivienda, valor tasado","INE, Atlas de distribución de renta de los hogares"
38001,2022,2309.987,800,4,28513.0,90.0,207898.83000000002,7.291369901448463,1.9672131147540983,percentil_invertido_anual,"Ministerio de Vivienda, valor tasado","INE, Atlas de distribución de renta de los hogares"
38006,2022,1907.7886264216972,1143,4,26310.0,90.0,171700.97637795276,6.52607283838665,5.901639344262295,percentil_invertido_anual,"Ministerio de Vivienda, valor tasado","INE, Atlas de distribución de renta de los hogares"
38011,2022,1839.9852130325814,399,4,35352.0,90.0,165598.66917293234,4.684280073911867,25.901639344262296,percentil_invertido_anual,"Ministerio de Vivienda, valor tasado","INE, Atlas de distribución de renta de los hogares"
38017,2022,1507.0089901477834,812,4,29976.0,90.0,135630.8091133005,4.5246466877935845,30.491803278688526,percentil_invertido_anual,"Ministerio de Vivienda, valor tasado","INE, Atlas de distribución de renta de los hogares"
38023,2022,1257.11756126021,1714,4,34087.0,90.0,113140.58051341891,3.3191709599970345,60.32786885245902,percentil_invertido_anual,"Ministerio de Vivienda, valor tasado","INE, Atlas de distribución de renta de los hogares"
38026,2022,1164.0657303370785,356,4,32261.0,90.0,104765.91573033707,3.2474478698842897,62.622950819672134,percentil_invertido_anual,"Ministerio de Vivienda, valor tasado","INE, Atlas de distribución de renta de los hogares"
38028,2022,1783.5940809968845,321,4,29512.0,90.0,160523.4672897196,5.4392608867484284,13.442622950819672,percentil_invertido_anual,"Ministerio de Vivienda, valor tasado","INE, Atlas de distribución de renta de los hogares"
38031,2022,1107.819814241486,323,4,29838.0,90.0,99703.78328173375,3.341503561959037,59.34426229508197,percentil_invertido_anual,"Ministerio de Vivienda, valor tasado","INE, Atlas de distribución de renta de los hogares"
38038,2022,1535.9122610141314,2406,4,36062.0,90.0,138232.10349127182,3.8331790663654766,44.59016393442623,percentil_invertido_anual,"Ministerio de Vivienda, valor tasado","INE, Atlas de distribución de renta de los hogares"
39016,2022,1376.3023809523809,378,4,36246.0,90.0,123867.21428571428,3.417403693806607,56.39344262295082,percentil_invertido_anual,"Ministerio de Vivienda, valor tasado","INE, Atlas de distribución de renta de los hogares"
39020,2022,2002.9436974789917,595,4,33993.0,90.0,180264.93277310926,5.30300158188772,16.065573770491802,percentil_invertido_anual,"Ministerio de Vivienda, valor tasado","INE, Atlas de distribución de renta de los hogares"
39075,2022,1828.1198769522007,2113,4,36722.0,90.0,164530.78892569806,4.48044194013665,31.475409836065573,percentil_invertido_anual,"Ministerio de Vivienda, valor tasado","INE, Atlas de distribución de renta de los hogares"
39087,2022,1010.8122905027932,537,4,30532.0,90.0,90973.10614525138,2.979598655353445,73.44262295081967,percentil_invertido_anual,"Ministerio de Vivienda, valor tasado","INE, Atlas de distribución de renta de los hogares"
40194,2022,1440.4749042145595,522,4,35508.0,90.0,129642.74137931035,3.6510854280531246,47.540983606557376,percentil_invertido_anual,"Ministerio de Vivienda, valor tasado","INE, Atlas de distribución de renta de los hogares"
41004,2022,1169.9245614035087,1197,4,31747.0,90.0,105293.21052631579,3.3166349742122336,60.65573770491803,percentil_invertido_anual,"Ministerio de Vivienda, valor tasado","INE, Atlas de distribución de renta de los hogares"
41021,2022,1122.8370111731845,716,4,27784.0,90.0,101055.3310055866,3.6371771885108912,48.19672131147541,percentil_invertido_anual,"Ministerio de Vivienda, valor tasado","INE, Atlas de distribución de renta de los hogares"
41024,2022,1091.65710723192,401,4,28661.0,90.0,98249.1396508728,3.4279731918241794,55.73770491803279,percentil_invertido_anual,"Ministerio de Vivienda, valor tasado","INE, Atlas de distribución de renta de los hogares"
41034,2022,1042.3509846827133,457,4,26476.0,90.0,93811.5886214442,3.543268946269988,50.81967213114754,percentil_invertido_anual,"Ministerio de Vivienda, valor tasado","INE, Atlas de distribución de renta de los hogares"
41038,2022,1375.836937799043,2090,4,35004.0,90.0,123825.32440191387,3.5374621300969564,51.14754098360656,percentil_invertido_anual,"Ministerio de Vivienda, valor tasado","INE, Atlas de distribución de renta de los hogares"
41039,2022,949.1962666666666,375,4,27277.0,90.0,85427.66399999999,3.1318570223998234,66.55737704918033,percentil_invertido_anual,"Ministerio de Vivienda, valor tasado","INE, Atlas de distribución de renta de los hogares"
41053,2022,845.2889298892989,271,4,26648.0,90.0,76076.0036900369,2.854848532349028,77.37704918032787,percentil_invertido_anual,"Ministerio de Vivienda, valor tasado","INE, Atlas de distribución de renta de los hogares"
41059,2022,1653.2004587155964,872,4,40651.0,90.0,148788.04128440368,3.6601323776636168,46.557377049180324,percentil_invertido_anual,"Ministerio de Vivienda, valor tasado","INE, Atlas de distribución de renta de los hogares"
41065,2022,904.6153543307087,254,4,27060.0,90.0,81415.38188976378,3.0086985177296297,72.1311475409836,percentil_invertido_anual,"Ministerio de Vivienda, valor tasado","INE, Atlas de distribución de renta de los hogares"
41069,2022,990.4246794871794,312,4,26166.0,90.0,89138.22115384616,3.4066430158926146,57.377049180327866,percentil_invertido_anual,"Ministerio de Vivienda, valor tasado","INE, Atlas de distribución de renta de los hogares"
41081,2022,1155.6368,500,4,30382.0,90.0,104007.312,3.423320123757488,56.0655737704918,percentil_invertido_anual,"Ministerio de Vivienda, valor tasado","INE, Atlas de distribución de renta de los hogares"
41091,2022,1943.873165554882,9894,4,35488.0,90.0,174948.5848999394,4.929795561878365,21.311475409836067,percentil_invertido_anual,"Ministerio de Vivienda, valor tasado","INE, Atlas de distribución de renta de los hogares"
41095,2022,1053.7396449704142,676,4,28378.0,90.0,94836.56804733728,3.341904575633846,59.01639344262295,percentil_invertido_anual,"Ministerio de Vivienda, valor tasado","INE, Atlas de distribución de renta de los hogares"
42173,2022,1098.6493506493507,308,4,35722.0,90.0,98878.44155844157,2.7679984759655554,81.31147540983606,percentil_invertido_anual,"Ministerio de Vivienda, valor tasado","INE, Atlas de distribución de renta de los hogares"
43038,2022,1804.7159229208926,986,4,37892.0,90.0,162424.43306288033,4.286509898207546,35.08196721311475,percentil_invertido_anual,"Ministerio de Vivienda, valor tasado","INE, Atlas de distribución de renta de los hogares"
43123,2022,1159.093019566367,1891,4,35267.0,90.0,104318.37176097304,2.9579598990833653,74.09836065573771,percentil_invertido_anual,"Ministerio de Vivienda, valor tasado","INE, Atlas de distribución de renta de los hogares"
43148,2022,1359.2309730470536,2189,4,38066.0,90.0,122330.78757423483,3.2136496499299856,63.9344262295082,percentil_invertido_anual,"Ministerio de Vivienda, valor tasado","INE, Atlas de distribución de renta de los hogares"
43155,2022,850.8214932126697,442,4,34690.0,90.0,76573.93438914027,2.207377756965704,92.45901639344262,percentil_invertido_anual,"Ministerio de Vivienda, valor tasado","INE, Atlas de distribución de renta de los hogares"
43163,2022,1427.1393488372094,1075,4,32637.0,90.0,128442.54139534885,3.9354885986870376,42.622950819672134,percentil_invertido_anual,"Ministerio de Vivienda, valor tasado","INE, Atlas de distribución de renta de los hogares"
43905,2022,1912.0480561555075,926,4,33237.0,90.0,172084.32505399568,5.177492705538878,19.016393442622952,percentil_invertido_anual,"Ministerio de Vivienda, valor tasado","INE, Atlas de distribución de renta de los hogares"
44216,2022,1194.624880382775,418,4,37478.0,90.0,107516.23923444975,2.8687827321215047,76.72131147540983,percentil_invertido_anual,"Ministerio de Vivienda, valor tasado","INE, Atlas de distribución de renta de los hogares"
45081,2022,1288.1965217391307,575,4,36987.0,90.0,115937.68695652176,3.134552328021244,66.22950819672131,percentil_invertido_anual,"Ministerio de Vivienda, valor tasado","INE, Atlas de distribución de renta de los hogares"
45165,2022,762.9109125117592,1063,4,29096.0,90.0,68661.98212605833,2.3598426631172096,88.85245901639344,percentil_invertido_anual,"Ministerio de Vivienda, valor tasado","INE, Atlas de distribución de renta de los hogares"
45168,2022,1413.5726290516207,833,4,41230.0,90.0,127221.53661464585,3.085654538313021,69.50819672131148,percentil_invertido_anual,"Ministerio de Vivienda, valor tasado","INE, Atlas de distribución de renta de los hogares"
46005,2022,943.1091228070177,285,4,30385.0,90.0,84879.8210526316,2.7934777374570214,80.0,percentil_invertido_anual,"Ministerio de Vivienda, valor tasado","INE, Atlas de distribución de renta de los hogares"
46017,2022,763.7752577319588,679,4,32904.0,90.0,68739.7731958763,2.0891008143653145,95.73770491803279,percentil_invertido_anual,"Ministerio de Vivienda, valor tasado","INE, Atlas de distribución de renta de los hogares"
46021,2022,1043.1669082125604,414,4,31359.0,90.0,93885.02173913043,2.993878049017202,72.45901639344262,percentil_invertido_anual,"Ministerio de Vivienda, valor tasado","INE, Atlas de distribución de renta de los hogares"
46029,2022,672.0578616352202,318,4,31366.0,90.0,60485.20754716982,1.9283685374982407,98.68852459016394,percentil_invertido_anual,"Ministerio de Vivienda, valor tasado","INE, Atlas de distribución de renta de los hogares"
46078,2022,1055.0987096774195,465,4,30100.0,90.0,94958.88387096775,3.1547801950487626,65.57377049180327,percentil_invertido_anual,"Ministerio de Vivienda, valor tasado","INE, Atlas de distribución de renta de los hogares"
46094,2022,972.5960365853658,328,4,33666.0,90.0,87533.64329268293,2.6000606930637122,84.26229508196721,percentil_invertido_anual,"Ministerio de Vivienda, valor tasado","INE, Atlas de distribución de renta de los hogares"
46102,2022,966.7284482758621,348,4,30190.0,90.0,87005.5603448276,2.8819331018492083,76.39344262295081,percentil_invertido_anual,"Ministerio de Vivienda, valor tasado","INE, Atlas de distribución de renta de los hogares"
46110,2022,935.6491048593351,391,4,29728.0,90.0,84208.41943734016,2.832629824991259,78.68852459016394,percentil_invertido_anual,"Ministerio de Vivienda, valor tasado","INE, Atlas de distribución de renta de los hogares"
46131,2022,1024.3302397525135,1293,4,30225.0,90.0,92189.72157772622,3.0501148578238615,70.81967213114754,percentil_invertido_anual,"Ministerio de Vivienda, valor tasado","INE, Atlas de distribución de renta de los hogares"
46145,2022,775.7033018867924,424,4,31986.0,90.0,69813.29716981131,2.182620432996039,94.75409836065573,percentil_invertido_anual,"Ministerio de Vivienda, valor tasado","INE, Atlas de distribución de renta de los hogares"
46159,2022,1015.8479999999998,400,4,31068.0,90.0,91426.31999999999,2.942780996523754,75.08196721311475,percentil_invertido_anual,"Ministerio de Vivienda, valor tasado","INE, Atlas de distribución de renta de los hogares"
46169,2022,1174.1032323232323,495,4,32190.0,90.0,105669.29090909091,3.282674461295151,61.63934426229508,percentil_invertido_anual,"Ministerio de Vivienda, valor tasado","INE, Atlas de distribución de renta de los hogares"
46181,2022,1080.9945080091534,437,4,29390.0,90.0,97289.5057208238,3.3102928111882886,60.98360655737705,percentil_invertido_anual,"Ministerio de Vivienda, valor tasado","INE, Atlas de distribución de renta de los hogares"
46184,2022,661.7596371882087,441,4,31543.0,90.0,59558.36734693878,1.8881643263779215,99.34426229508196,percentil_invertido_anual,"Ministerio de Vivienda, valor tasado","INE, Atlas de distribución de renta de los hogares"
46190,2022,1242.586248736097,989,4,36023.0,90.0,111832.76238624874,3.104482202655213,68.52459016393442,percentil_invertido_anual,"Ministerio de Vivienda, valor tasado","INE, Atlas de distribución de renta de los hogares"
46220,2022,896.1151340996169,1044,4,32610.0,90.0,80650.36206896552,2.4731788429612243,87.21311475409836,percentil_invertido_anual,"Ministerio de Vivienda, valor tasado","INE, Atlas de distribución de renta de los hogares"
46235,2022,1041.6143149284253,489,4,31378.0,90.0,93745.28834355828,2.9876119683714157,73.11475409836065,percentil_invertido_anual,"Ministerio de Vivienda, valor tasado","INE, Atlas de distribución de renta de los hogares"
46244,2022,1056.012162162162,1184,4,33314.0,90.0,95041.09459459459,2.8528875125951427,78.0327868852459,percentil_invertido_anual,"Ministerio de Vivienda, valor tasado","INE, Atlas de distribución de renta de los hogares"
46250,2022,1709.5664808228398,10403,4,37596.0,90.0,153860.9832740556,4.092482798011905,39.34426229508197,percentil_invertido_anual,"Ministerio de Vivienda, valor tasado","INE, Atlas de distribución de renta de los hogares"
47186,2022,1425.0655512504402,2839,4,35425.0,90.0,128255.89961253962,3.62049116760874,49.18032786885246,percentil_invertido_anual,"Ministerio de Vivienda, valor tasado","INE, Atlas de distribución de renta de los hogares"
48013,2022,2230.0970168612193,771,4,35118.0,90.0,200708.73151750973,5.715266573196359,10.163934426229508,percentil_invertido_anual,"Ministerio de Vivienda, valor tasado","INE, Atlas de distribución de renta de los hogares"
48015,2022,2075.669827586207,232,4,33997.0,90.0,186810.2844827586,5.494904976402583,12.459016393442623,percentil_invertido_anual,"Ministerio de Vivienda, valor tasado","INE, Atlas de distribución de renta de los hogares"
48020,2022,2735.761747094047,2839,4,40886.0,90.0,246218.55723846424,6.022074970367956,7.213114754098361,percentil_invertido_anual,"Ministerio de Vivienda, valor tasado","INE, Atlas de distribución de renta de los hogares"
48027,2022,2214.2756218905474,201,4,45065.0,90.0,199284.80597014926,4.4221636740297185,33.442622950819676,percentil_invertido_anual,"Ministerio de Vivienda, valor tasado","INE, Atlas de distribución de renta de los hogares"
48036,2022,2230.320765027322,183,4,41951.0,90.0,200728.86885245898,4.784841096814354,23.934426229508198,percentil_invertido_anual,"Ministerio de Vivienda, valor tasado","INE, Atlas de distribución de renta de los hogares"
48044,2022,3257.5679748822604,637,4,56823.0,90.0,293181.11773940345,5.159550142361429,19.34426229508197,percentil_invertido_anual,"Ministerio de Vivienda, valor tasado","INE, Atlas de distribución de renta de los hogares"
48054,2022,2827.180478087649,251,4,44422.0,90.0,254446.2430278884,5.727933074330026,9.836065573770492,percentil_invertido_anual,"Ministerio de Vivienda, valor tasado","INE, Atlas de distribución de renta de los hogares"
48078,2022,2300.1,272,4,35806.0,90.0,207009.0,5.781405351058482,9.180327868852459,percentil_invertido_anual,"Ministerio de Vivienda, valor tasado","INE, Atlas de distribución de renta de los hogares"
48082,2022,2164.534818941504,359,4,35069.0,90.0,194808.13370473537,5.554995400631195,11.80327868852459,percentil_invertido_anual,"Ministerio de Vivienda, valor tasado","INE, Atlas de distribución de renta de los hogares"
48084,2022,1876.3941704035876,223,4,31003.0,90.0,168875.47533632288,5.447068842896587,13.114754098360656,percentil_invertido_anual,"Ministerio de Vivienda, valor tasado","INE, Atlas de distribución de renta de los hogares"
49275,2022,1072.2188775510206,588,4,30988.0,90.0,96499.69897959185,3.1140989731377258,67.8688524590164,percentil_invertido_anual,"Ministerio de Vivienda, valor tasado","INE, Atlas de distribución de renta de los hogares"
50297,2022,1594.267125091441,6835,4,37213.0,90.0,143484.04125822967,3.855750443614588,43.60655737704918,percentil_invertido_anual,"Ministerio de Vivienda, valor tasado","INE, Atlas de distribución de renta de los hogares"
51001,2022,1838.2268085106384,705,4,42318.0,90.0,165440.41276595744,3.909457270333131,42.950819672131146,percentil_invertido_anual,"Ministerio de Vivienda, valor tasado","INE, Atlas de distribución de renta de los hogares"
52001,2022,1764.2111979166666,768,4,43422.0,90.0,158779.0078125,3.6566488833425455,47.21311475409836,percentil_invertido_anual,"Ministerio de Vivienda, valor tasado","INE, Atlas de distribución de renta de los hogares"
01059,2023,2269.609001956947,1022,4,42117.0,90.0,204264.81017612523,4.849937321654563,20.983606557377048,percentil_invertido_anual,"Ministerio de Vivienda, valor tasado","INE, Atlas de distribución de renta de los hogares"
02003,2023,1377.682322357019,1731,4,37457.0,90.0,123991.40901213171,3.3102333078498467,57.704918032786885,percentil_invertido_anual,"Ministerio de Vivienda, valor tasado","INE, Atlas de distribución de renta de los hogares"
02009,2023,718.8057416267942,209,4,31858.0,90.0,64692.51674641148,2.0306521673178315,95.73770491803279,percentil_invertido_anual,"Ministerio de Vivienda, valor tasado","INE, Atlas de distribución de renta de los hogares"
02037,2023,658.3316455696203,158,4,28793.0,90.0,59249.84810126582,2.057786548857911,94.75409836065573,percentil_invertido_anual,"Ministerio de Vivienda, valor tasado","INE, Atlas de distribución de renta de los hogares"
02081,2023,598.994827586207,174,4,31856.0,90.0,53909.53448275862,1.6922882497099014,99.67213114754098,percentil_invertido_anual,"Ministerio de Vivienda, valor tasado","INE, Atlas de distribución de renta de los hogares"
03009,2023,727.5779329608938,716,4,31566.0,90.0,65482.013966480445,2.074447632467859,94.42622950819673,percentil_invertido_anual,"Ministerio de Vivienda, valor tasado","INE, Atlas de distribución de renta de los hogares"
03014,2023,1558.1982669789227,4270,4,34936.0,90.0,140237.84402810305,4.0141356774703185,40.98360655737705,percentil_invertido_anual,"Ministerio de Vivienda, valor tasado","INE, Atlas de distribución de renta de los hogares"
03031,2023,2256.144476190476,1050,4,29146.0,90.0,203053.00285714283,6.966753683426296,2.2950819672131146,percentil_invertido_anual,"Ministerio de Vivienda, valor tasado","INE, Atlas de distribución de renta de los hogares"
03047,2023,2126.269108910891,505,4,30717.0,90.0,191364.21980198022,6.229912419897133,5.573770491803279,percentil_invertido_anual,"Ministerio de Vivienda, valor tasado","INE, Atlas de distribución de renta de los hogares"
03050,2023,2100.475652173913,575,4,35003.0,90.0,189042.8086956522,5.4007601832886385,12.459016393442623,percentil_invertido_anual,"Ministerio de Vivienda, valor tasado","INE, Atlas de distribución de renta de los hogares"
03059,2023,763.238306451613,248,4,28857.0,90.0,68691.44758064517,2.3804084825395977,87.8688524590164,percentil_invertido_anual,"Ministerio de Vivienda, valor tasado","INE, Atlas de distribución de renta de los hogares"
03063,2023,1949.912225705329,957,4,33138.0,90.0,175492.1003134796,5.295796376168737,14.098360655737705,percentil_invertido_anual,"Ministerio de Vivienda, valor tasado","INE, Atlas de distribución de renta de los hogares"
03065,2023,1112.22423500612,2451,4,31689.0,90.0,100100.1811505508,3.158830545317012,64.59016393442623,percentil_invertido_anual,"Ministerio de Vivienda, valor tasado","INE, Atlas de distribución de renta de los hogares"
03066,2023,670.907650273224,549,4,27927.0,90.0,60381.688524590165,2.1621258468360427,92.1311475409836,percentil_invertido_anual,"Ministerio de Vivienda, valor tasado","INE, Atlas de distribución de renta de los hogares"
03082,2023,2449.348986486487,592,4,32978.0,90.0,220441.40878378382,6.684499023099758,4.262295081967213,percentil_invertido_anual,"Ministerio de Vivienda, valor tasado","INE, Atlas de distribución de renta de los hogares"
03093,2023,698.3548961424332,337,4,31100.0,90.0,62851.94065281899,2.0209627219555943,96.06557377049181,percentil_invertido_anual,"Ministerio de Vivienda, valor tasado","INE, Atlas de distribución de renta de los hogares"
03099,2023,1403.1454373820013,1589,4,29671.0,90.0,126283.08936438012,4.256111670128412,34.75409836065574,percentil_invertido_anual,"Ministerio de Vivienda, valor tasado","INE, Atlas de distribución de renta de los hogares"
03104,2023,695.2629213483146,267,4,29788.0,90.0,62573.66292134832,2.1006332389334066,93.77049180327869,percentil_invertido_anual,"Ministerio de Vivienda, valor tasado","INE, Atlas de distribución de renta de los hogares"
03121,2023,1645.1349056603774,954,4,29628.0,90.0,148062.14150943398,4.997372131410624,19.34426229508197,percentil_invertido_anual,"Ministerio de Vivienda, valor tasado","INE, Atlas de distribución de renta de los hogares"
03122,2023,1302.7710191082801,628,4,35712.0,90.0,117249.39171974521,3.2831930925107864,59.67213114754098,percentil_invertido_anual,"Ministerio de Vivienda, valor tasado","INE, Atlas de distribución de renta de los hogares"
03133,2023,1531.4815175097276,2056,4,24186.0,90.0,137833.3365758755,5.69888929859735,9.180327868852459,percentil_invertido_anual,"Ministerio de Vivienda, valor tasado","INE, Atlas de distribución de renta de los hogares"
03139,2023,1510.3526645768025,638,4,30887.0,90.0,135931.7398119122,4.40093695768162,31.80327868852459,percentil_invertido_anual,"Ministerio de Vivienda, valor tasado","INE, Atlas de distribución de renta de los hogares"
03140,2023,660.8829787234042,329,4,30301.0,90.0,59479.46808510638,1.9629539647241472,98.0327868852459,percentil_invertido_anual,"Ministerio de Vivienda, valor tasado","INE, Atlas de distribución de renta de los hogares"
04013,2023,1341.0810263335584,2962,4,35200.0,90.0,120697.29237002025,3.4289003514210297,52.78688524590164,percentil_invertido_anual,"Ministerio de Vivienda, valor tasado","INE, Atlas de distribución de renta de los hogares"
04066,2023,1029.7364464692484,439,4,27125.0,90.0,92676.28018223237,3.416637057409488,54.09836065573771,percentil_invertido_anual,"Ministerio de Vivienda, valor tasado","INE, Atlas de distribución de renta de los hogares"
04079,2023,1210.6393844548775,1917,4,31886.0,90.0,108957.54460093897,3.417096675686476,53.77049180327869,percentil_invertido_anual,"Ministerio de Vivienda, valor tasado","INE, Atlas de distribución de renta de los hogares"
04902,2023,1014.0033381712626,1378,4,29523.0,90.0,91260.30043541364,3.091159449765052,67.21311475409836,percentil_invertido_anual,"Ministerio de Vivienda, valor tasado","INE, Atlas de distribución de renta de los hogares"
05019,2023,1123.5966374269005,684,4,35239.0,90.0,101123.69736842105,2.8696528666653722,75.40983606557377,percentil_invertido_anual,"Ministerio de Vivienda, valor tasado","INE, Atlas de distribución de renta de los hogares"
06011,2023,798.3959785522787,373,4,28404.0,90.0,71855.63806970509,2.529771795159312,85.24590163934427,percentil_invertido_anual,"Ministerio de Vivienda, valor tasado","INE, Atlas de distribución de renta de los hogares"
06015,2023,1327.1863387978142,1647,4,35043.0,90.0,119446.77049180328,3.4085771906458717,54.75409836065574,percentil_invertido_anual,"Ministerio de Vivienda, valor tasado","INE, Atlas de distribución de renta de los hogares"
06044,2023,902.2381215469616,362,4,31961.0,90.0,81201.43093922654,2.5406411232197534,84.91803278688525,percentil_invertido_anual,"Ministerio de Vivienda, valor tasado","INE, Atlas de distribución de renta de los hogares"
06083,2023,907.802906976744,688,4,33233.0,90.0,81702.26162790696,2.4584678370266593,86.55737704918033,percentil_invertido_anual,"Ministerio de Vivienda, valor tasado","INE, Atlas de distribución de renta de los hogares"
06153,2023,745.2196347031963,219,4,30199.0,90.0,67069.76712328767,2.2209267566239834,90.81967213114754,percentil_invertido_anual,"Ministerio de Vivienda, valor tasado","INE, Atlas de distribución de renta de los hogares"
07011,2023,4080.378205128205,780,4,44188.0,90.0,367234.03846153844,8.310718712354902,0.32786885245901637,percentil_invertido_anual,"Ministerio de Vivienda, valor tasado","INE, Atlas de distribución de renta de los hogares"
07015,2023,2730.2388987566605,563,4,41259.0,90.0,245721.50088809946,5.955585469548449,7.213114754098361,percentil_invertido_anual,"Ministerio de Vivienda, valor tasado","INE, Atlas de distribución de renta de los hogares"
07026,2023,4300.127850467289,535,4,50627.0,90.0,387011.50654205604,7.644369734372095,0.6557377049180327,percentil_invertido_anual,"Ministerio de Vivienda, valor tasado","INE, Atlas de distribución de renta de los hogares"
07027,2023,1747.0268817204299,558,4,38492.0,90.0,157232.4193548387,4.08480773549929,38.68852459016394,percentil_invertido_anual,"Ministerio de Vivienda, valor tasado","INE, Atlas de distribución de renta de los hogares"
07031,2023,2627.0682258064517,620,4,43710.0,90.0,236436.14032258064,5.409200190404499,11.80327868852459,percentil_invertido_anual,"Ministerio de Vivienda, valor tasado","INE, Atlas de distribución de renta de los hogares"
07032,2023,2080.2504,375,4,43139.0,90.0,187222.536,4.339983217042583,32.78688524590164,percentil_invertido_anual,"Ministerio de Vivienda, valor tasado","INE, Atlas de distribución de renta de los hogares"
07033,2023,1876.3293999999999,500,4,39747.0,90.0,168869.64599999998,4.24861363121745,35.08196721311475,percentil_invertido_anual,"Ministerio de Vivienda, valor tasado","INE, Atlas de distribución de renta de los hogares"
07036,2023,2726.4901515151514,528,4,53890.0,90.0,245384.11363636362,4.553425749422224,27.868852459016395,percentil_invertido_anual,"Ministerio de Vivienda, valor tasado","INE, Atlas de distribución de renta de los hogares"
07040,2023,2655.4011074651357,4876,4,45745.0,90.0,238986.0996718622,5.2243108464720125,15.081967213114755,percentil_invertido_anual,"Ministerio de Vivienda, valor tasado","INE, Atlas de distribución de renta de los hogares"
07054,2023,4801.187374749499,499,4,49170.0,90.0,432106.8637274549,8.78801837965131,0.0,percentil_invertido_anual,"Ministerio de Vivienda, valor tasado","INE, Atlas de distribución de renta de los hogares"
08015,2023,2257.0866431861286,3691,4,38955.0,90.0,203137.7978867516,5.2146784209152,15.40983606557377,percentil_invertido_anual,"Ministerio de Vivienda, valor tasado","INE, Atlas de distribución de renta de los hogares"
08019,2023,3641.498942042318,19566,4,47361.0,90.0,327734.9047838086,6.919932112578041,2.622950819672131,percentil_invertido_anual,"Ministerio de Vivienda, valor tasado","INE, Atlas de distribución de renta de los hogares"
08056,2023,3531.4192341941225,1123,4,51814.0,90.0,317827.73107747105,6.134012642866234,6.229508196721311,percentil_invertido_anual,"Ministerio de Vivienda, valor tasado","INE, Atlas de distribución de renta de los hogares"
08073,2023,2460.074919093851,1236,4,38322.0,90.0,221406.7427184466,5.777536212056954,8.852459016393443,percentil_invertido_anual,"Ministerio de Vivienda, valor tasado","INE, Atlas de distribución de renta de los hogares"
08077,2023,2896.2000000000003,611,4,47034.0,90.0,260658.00000000003,5.541905855338692,10.819672131147541,percentil_invertido_anual,"Ministerio de Vivienda, valor tasado","INE, Atlas de distribución de renta de los hogares"
08089,2023,2737.091895424837,765,4,45669.0,90.0,246338.27058823532,5.393993093525921,12.78688524590164,percentil_invertido_anual,"Ministerio de Vivienda, valor tasado","INE, Atlas de distribución de renta de los hogares"
08096,2023,2017.0229896907217,970,4,42757.0,90.0,181532.06907216494,4.2456689915607955,35.73770491803279,percentil_invertido_anual,"Ministerio de Vivienda, valor tasado","INE, Atlas de distribución de renta de los hogares"
08101,2023,2363.0976573140833,3671,4,36526.0,90.0,212678.7891582675,5.822668487057643,7.868852459016393,percentil_invertido_anual,"Ministerio de Vivienda, valor tasado","INE, Atlas de distribución de renta de los hogares"
08102,2023,1415.9977035490606,479,4,40560.0,90.0,127439.79331941545,3.142006738644365,65.57377049180327,percentil_invertido_anual,"Ministerio de Vivienda, valor tasado","INE, Atlas de distribución de renta de los hogares"
08113,2023,1203.3423351158647,1122,4,37680.0,90.0,108300.81016042782,2.874225322728976,74.75409836065573,percentil_invertido_anual,"Ministerio de Vivienda, valor tasado","INE, Atlas de distribución de renta de los hogares"
08114,2023,1751.0367647058824,340,4,42058.0,90.0,157593.30882352943,3.7470471449790628,43.278688524590166,percentil_invertido_anual,"Ministerio de Vivienda, valor tasado","INE, Atlas de distribución de renta de los hogares"
08121,2023,2052.818711967546,1972,4,38499.0,90.0,184753.68407707912,4.798921636330271,22.62295081967213,percentil_invertido_anual,"Ministerio de Vivienda, valor tasado","INE, Atlas de distribución de renta de los hogares"
08124,2023,2007.5025641025638,780,4,39648.0,90.0,180675.23076923075,4.556982212702551,27.540983606557376,percentil_invertido_anual,"Ministerio de Vivienda, valor tasado","INE, Atlas de distribución de renta de los hogares"
08125,2023,1959.5580858085807,606,4,39356.0,90.0,176360.22772277225,4.481152244200941,29.18032786885246,percentil_invertido_anual,"Ministerio de Vivienda, valor tasado","INE, Atlas de distribución de renta de los hogares"
08163,2023,1766.9316455696203,474,4,34538.0,90.0,159023.84810126582,4.604315481535289,26.557377049180328,percentil_invertido_anual,"Ministerio de Vivienda, valor tasado","INE, Atlas de distribución de renta de los hogares"
08169,2023,2471.5872651356995,958,4,41138.0,90.0,222442.85386221294,5.407235496674922,12.131147540983607,percentil_invertido_anual,"Ministerio de Vivienda, valor tasado","INE, Atlas de distribución de renta de los hogares"
08172,2023,2404.2698375870073,431,4,42499.0,90.0,216384.28538283065,5.091514750531322,17.704918032786885,percentil_invertido_anual,"Ministerio de Vivienda, valor tasado","INE, Atlas de distribución de renta de los hogares"
08180,2023,2023.7288244766503,621,4,37926.0,90.0,182135.59420289853,4.802393983095991,22.295081967213115,percentil_invertido_anual,"Ministerio de Vivienda, valor tasado","INE, Atlas de distribución de renta de los hogares"
08184,2023,1941.6563417890522,1498,4,40881.0,90.0,174749.0707610147,4.274579162961149,33.77049180327869,percentil_invertido_anual,"Ministerio de Vivienda, valor tasado","INE, Atlas de distribución de renta de los hogares"
08187,2023,1940.7933890776067,3827,4,40323.0,90.0,174671.4050169846,4.331805793640964,33.114754098360656,percentil_invertido_anual,"Ministerio de Vivienda, valor tasado","INE, Atlas de distribución de renta de los hogares"
08194,2023,2178.2821487603305,605,4,36148.0,90.0,196045.39338842974,5.423409134348504,11.475409836065573,percentil_invertido_anual,"Ministerio de Vivienda, valor tasado","INE, Atlas de distribución de renta de los hogares"
08196,2023,2171.466004962779,403,4,41760.0,90.0,195431.94044665011,4.6798836313853,24.918032786885245,percentil_invertido_anual,"Ministerio de Vivienda, valor tasado","INE, Atlas de distribución de renta de los hogares"
08200,2023,2327.964263322884,1276,4,40324.0,90.0,209516.78369905957,5.1958333424030245,15.737704918032787,percentil_invertido_anual,"Ministerio de Vivienda, valor tasado","INE, Atlas de distribución de renta de los hogares"
08205,2023,4061.5575163398694,1377,4,74951.0,90.0,365540.17647058825,4.877055362444641,20.65573770491803,percentil_invertido_anual,"Ministerio de Vivienda, valor tasado","INE, Atlas de distribución de renta de los hogares"
08211,2023,2750.694978479197,697,4,46453.0,90.0,247562.5480631277,5.329312381614271,13.442622950819672,percentil_invertido_anual,"Ministerio de Vivienda, valor tasado","INE, Atlas de distribución de renta de los hogares"
08217,2023,2899.005030181087,497,4,48757.0,90.0,260910.45271629782,5.351240903178986,13.114754098360656,percentil_invertido_anual,"Ministerio de Vivienda, valor tasado","INE, Atlas de distribución de renta de los hogares"
08231,2023,2090.4560240963856,664,4,41892.0,90.0,188141.0421686747,4.491097158614406,28.852459016393443,percentil_invertido_anual,"Ministerio de Vivienda, valor tasado","INE, Atlas de distribución de renta de los hogares"
08245,2023,1949.0481056257174,1742,4,34161.0,90.0,175414.32950631456,5.1349295836279545,17.37704918032787,percentil_invertido_anual,"Ministerio de Vivienda, valor tasado","INE, Atlas de distribución de renta de los hogares"
08252,2023,2140.4882165605095,628,4,43314.0,90.0,192643.93949044586,4.447613692811697,30.491803278688526,percentil_invertido_anual,"Ministerio de Vivienda, valor tasado","INE, Atlas de distribución de renta de los hogares"
08260,2023,1978.16399026764,411,4,43064.0,90.0,178034.7591240876,4.134190022387322,37.704918032786885,percentil_invertido_anual,"Ministerio de Vivienda, valor tasado","INE, Atlas de distribución de renta de los hogares"
08263,2023,1984.0530888030887,518,4,42529.0,90.0,178564.777992278,4.198659220585435,36.721311475409834,percentil_invertido_anual,"Ministerio de Vivienda, valor tasado","INE, Atlas de distribución de renta de los hogares"
08266,2023,2406.3875318066157,786,4,46621.0,90.0,216574.8778625954,4.645436130983793,25.24590163934426,percentil_invertido_anual,"Ministerio de Vivienda, valor tasado","INE, Atlas de distribución de renta de los hogares"
08270,2023,3935.638003220612,621,4,51676.0,90.0,354207.4202898551,6.854389277224535,2.9508196721311477,percentil_invertido_anual,"Ministerio de Vivienda, valor tasado","INE, Atlas de distribución de renta de los hogares"
08279,2023,1828.4520793036752,4136,4,40058.0,90.0,164560.68713733077,4.108060490721723,38.36065573770492,percentil_invertido_anual,"Ministerio de Vivienda, valor tasado","INE, Atlas de distribución de renta de los hogares"
08298,2023,1593.5720472440944,508,4,42616.0,90.0,143421.4842519685,3.3654374941798504,56.0655737704918,percentil_invertido_anual,"Ministerio de Vivienda, valor tasado","INE, Atlas de distribución de renta de los hogares"
08301,2023,2454.6819965870304,1172,4,42887.0,90.0,220921.37969283274,5.151243493199169,17.049180327868854,percentil_invertido_anual,"Ministerio de Vivienda, valor tasado","INE, Atlas de distribución de renta de los hogares"
08305,2023,1563.4734375,512,4,39684.0,90.0,140712.609375,3.545827269806471,49.18032786885246,percentil_invertido_anual,"Ministerio de Vivienda, valor tasado","INE, Atlas de distribución de renta de los hogares"
08307,2023,2052.958040816326,1225,4,41375.0,90.0,184766.22367346936,4.465648910537023,29.508196721311474,percentil_invertido_anual,"Ministerio de Vivienda, valor tasado","INE, Atlas de distribución de renta de los hogares"
09018,2023,1158.2830258302583,271,4,34938.0,90.0,104245.47232472325,2.9837275266106604,71.80327868852459,percentil_invertido_anual,"Ministerio de Vivienda, valor tasado","INE, Atlas de distribución de renta de los hogares"
09059,2023,1470.6957637997432,1558,4,38815.0,90.0,132362.61874197688,3.4100893660176963,54.42622950819672,percentil_invertido_anual,"Ministerio de Vivienda, valor tasado","INE, Atlas de distribución de renta de los hogares"
09219,2023,1043.600253164557,395,4,35580.0,90.0,93924.02278481013,2.6397982795056247,83.27868852459017,percentil_invertido_anual,"Ministerio de Vivienda, valor tasado","INE, Atlas de distribución de renta de los hogares"
10037,2023,1190.5767754318617,1042,4,35881.0,90.0,107151.90978886756,2.9863133633083683,71.47540983606558,percentil_invertido_anual,"Ministerio de Vivienda, valor tasado","INE, Atlas de distribución de renta de los hogares"
10148,2023,930.3090452261307,398,4,31781.0,90.0,83727.81407035176,2.634524214793485,83.93442622950819,percentil_invertido_anual,"Ministerio de Vivienda, valor tasado","INE, Atlas de distribución de renta de los hogares"
11004,2023,1171.8954049396898,1741,4,34017.0,90.0,105470.58644457208,3.1005258089946817,66.88524590163935,percentil_invertido_anual,"Ministerio de Vivienda, valor tasado","INE, Atlas de distribución de renta de los hogares"
11006,2023,923.8073313782991,341,4,27513.0,90.0,83142.65982404692,3.0219408942698696,70.1639344262295,percentil_invertido_anual,"Ministerio de Vivienda, valor tasado","INE, Atlas de distribución de renta de los hogares"
11012,2023,2403.9361068702287,1310,4,37427.0,90.0,216354.24961832058,5.780699752005787,8.524590163934427,percentil_invertido_anual,"Ministerio de Vivienda, valor tasado","INE, Atlas de distribución de renta de los hogares"
11015,2023,1610.304958677686,1573,4,31566.0,90.0,144927.44628099175,4.591251545365005,27.21311475409836,percentil_invertido_anual,"Ministerio de Vivienda, valor tasado","INE, Atlas de distribución de renta de los hogares"
11020,2023,1224.4404069767443,2752,4,32215.0,90.0,110199.63662790699,3.420755443982834,53.442622950819676,percentil_invertido_anual,"Ministerio de Vivienda, valor tasado","INE, Atlas de distribución de renta de los hogares"
11022,2023,1229.0909617612979,863,4,30863.0,90.0,110618.18655851681,3.5841683102263815,47.868852459016395,percentil_invertido_anual,"Ministerio de Vivienda, valor tasado","INE, Atlas de distribución de renta de los hogares"
11027,2023,1838.9559514170041,1235,4,35870.0,90.0,165506.03562753036,4.614051732019246,25.901639344262296,percentil_invertido_anual,"Ministerio de Vivienda, valor tasado","INE, Atlas de distribución de renta de los hogares"
11028,2023,1378.692677824268,478,4,33827.0,90.0,124082.34100418413,3.6681450026364777,45.90163934426229,percentil_invertido_anual,"Ministerio de Vivienda, valor tasado","INE, Atlas de distribución de renta de los hogares"
11030,2023,2123.1011235955057,534,4,32841.0,90.0,191079.10112359552,5.818309464498508,8.19672131147541,percentil_invertido_anual,"Ministerio de Vivienda, valor tasado","INE, Atlas de distribución de renta de los hogares"
11031,2023,1415.7999085086917,1093,4,34258.0,90.0,127421.99176578225,3.7194813405856224,43.9344262295082,percentil_invertido_anual,"Ministerio de Vivienda, valor tasado","INE, Atlas de distribución de renta de los hogares"
11032,2023,1470.8997560975608,820,4,27874.0,90.0,132380.97804878047,4.749263760091141,23.934426229508198,percentil_invertido_anual,"Ministerio de Vivienda, valor tasado","INE, Atlas de distribución de renta de los hogares"
11033,2023,1776.6835561497328,748,4,38428.0,90.0,159901.52005347595,4.161067972662536,37.049180327868854,percentil_invertido_anual,"Ministerio de Vivienda, valor tasado","INE, Atlas de distribución de renta de los hogares"
12009,2023,838.2251063829787,470,4,33215.0,90.0,75440.25957446807,2.271270798568962,89.18032786885246,percentil_invertido_anual,"Ministerio de Vivienda, valor tasado","INE, Atlas de distribución de renta de los hogares"
12027,2023,990.2631944444446,288,4,31740.0,90.0,89123.68750000001,2.807929662885949,78.36065573770492,percentil_invertido_anual,"Ministerio de Vivienda, valor tasado","INE, Atlas de distribución de renta de los hogares"
12032,2023,813.4825515947468,533,4,33802.0,90.0,73213.42964352721,2.165949637403917,91.80327868852459,percentil_invertido_anual,"Ministerio de Vivienda, valor tasado","INE, Atlas de distribución de renta de los hogares"
12040,2023,1086.6271195365982,1899,4,36576.0,90.0,97796.44075829384,2.6737872035841495,82.29508196721312,percentil_invertido_anual,"Ministerio de Vivienda, valor tasado","INE, Atlas de distribución de renta de los hogares"
12084,2023,767.9722689075629,357,4,34731.0,90.0,69117.50420168067,1.9900810285243924,97.04918032786885,percentil_invertido_anual,"Ministerio de Vivienda, valor tasado","INE, Atlas de distribución de renta de los hogares"
12126,2023,733.7147757255938,379,4,33242.0,90.0,66034.32981530344,1.9864728300133399,97.37704918032787,percentil_invertido_anual,"Ministerio de Vivienda, valor tasado","INE, Atlas de distribución de renta de los hogares"
12135,2023,820.1501666666667,600,4,37032.0,90.0,73813.515,1.9932359850939727,96.72131147540983,percentil_invertido_anual,"Ministerio de Vivienda, valor tasado","INE, Atlas de distribución de renta de los hogares"
12138,2023,1128.125,380,4,32231.0,90.0,101531.25,3.1501116937110236,64.91803278688525,percentil_invertido_anual,"Ministerio de Vivienda, valor tasado","INE, Atlas de distribución de renta de los hogares"
13005,2023,773.5855113636363,352,4,35133.0,90.0,69622.69602272726,1.981689466391349,97.70491803278688,percentil_invertido_anual,"Ministerio de Vivienda, valor tasado","INE, Atlas de distribución de renta de los hogares"
13034,2023,1054.6335120643432,746,4,38730.0,90.0,94917.01608579089,2.4507362790031215,86.88524590163935,percentil_invertido_anual,"Ministerio de Vivienda, valor tasado","INE, Atlas de distribución de renta de los hogares"
13071,2023,592.6254189944134,358,4,31668.0,90.0,53336.28770949721,1.6842329073353923,100.0,percentil_invertido_anual,"Ministerio de Vivienda, valor tasado","INE, Atlas de distribución de renta de los hogares"
13082,2023,585.7573099415205,342,4,28680.0,90.0,52718.15789473684,1.8381505542097922,99.34426229508196,percentil_invertido_anual,"Ministerio de Vivienda, valor tasado","INE, Atlas de distribución de renta de los hogares"
13087,2023,706.064864864865,296,4,31139.0,90.0,63545.83783783785,2.0407154320253653,95.40983606557377,percentil_invertido_anual,"Ministerio de Vivienda, valor tasado","INE, Atlas de distribución de renta de los hogares"
14021,2023,1381.1909070698089,4498,4,35632.0,90.0,124307.1816362828,3.4886389098642456,51.47540983606557,percentil_invertido_anual,"Ministerio de Vivienda, valor tasado","INE, Atlas de distribución de renta de los hogares"
14038,2023,875.7695652173913,460,4,29156.0,90.0,78819.26086956522,2.7033633169695848,80.98360655737704,percentil_invertido_anual,"Ministerio de Vivienda, valor tasado","INE, Atlas de distribución de renta de los hogares"
14056,2023,815.446735395189,291,4,28439.0,90.0,73390.206185567,2.5806183826986535,84.26229508196721,percentil_invertido_anual,"Ministerio de Vivienda, valor tasado","INE, Atlas de distribución de renta de los hogares"
15002,2023,1212.5032876712328,365,4,38343.0,90.0,109125.29589041095,2.8460291550064145,77.37704918032787,percentil_invertido_anual,"Ministerio de Vivienda, valor tasado","INE, Atlas de distribución de renta de los hogares"
15005,2023,1113.0922693266832,401,4,35108.0,90.0,100178.30423940149,2.8534323869033122,76.72131147540983,percentil_invertido_anual,"Ministerio de Vivienda, valor tasado","INE, Atlas de distribución de renta de los hogares"
15019,2023,819.0633165829145,199,4,33105.0,90.0,73715.6984924623,2.2267240142716296,90.49180327868852,percentil_invertido_anual,"Ministerio de Vivienda, valor tasado","INE, Atlas de distribución de renta de los hogares"
15030,2023,2013.3316511513965,2041,4,39802.0,90.0,181199.8486036257,4.552531244752165,28.19672131147541,percentil_invertido_anual,"Ministerio de Vivienda, valor tasado","INE, Atlas de distribución de renta de los hogares"
15031,2023,1439.2590476190476,315,4,36836.0,90.0,129533.31428571428,3.5164869770255804,50.49180327868852,percentil_invertido_anual,"Ministerio de Vivienda, valor tasado","INE, Atlas de distribución de renta de los hogares"
15036,2023,789.4793363499246,663,4,32592.0,90.0,71053.1402714932,2.180079168860248,91.47540983606558,percentil_invertido_anual,"Ministerio de Vivienda, valor tasado","INE, Atlas de distribución de renta de los hogares"
15054,2023,838.9905063291139,632,4,32992.0,90.0,75509.14556962026,2.288710765325541,88.85245901639344,percentil_invertido_anual,"Ministerio de Vivienda, valor tasado","INE, Atlas de distribución de renta de los hogares"
15058,2023,1591.6416666666667,576,4,51654.0,90.0,143247.75,2.773216982227901,79.67213114754098,percentil_invertido_anual,"Ministerio de Vivienda, valor tasado","INE, Atlas de distribución de renta de los hogares"
15073,2023,1036.5604982206405,281,4,34729.0,90.0,93290.44483985765,2.686240457250645,81.9672131147541,percentil_invertido_anual,"Ministerio de Vivienda, valor tasado","INE, Atlas de distribución de renta de los hogares"
15078,2023,1812.1410334346506,658,4,41436.0,90.0,163092.69300911855,3.9360144079814305,41.63934426229508,percentil_invertido_anual,"Ministerio de Vivienda, valor tasado","INE, Atlas de distribución de renta de los hogares"
16078,2023,1196.2478802992518,401,4,36241.0,90.0,107662.30922693267,2.97073229841706,72.1311475409836,percentil_invertido_anual,"Ministerio de Vivienda, valor tasado","INE, Atlas de distribución de renta de los hogares"
17023,2023,1693.6634992458523,663,4,34707.0,90.0,152429.71493212672,4.391901199531124,32.459016393442624,percentil_invertido_anual,"Ministerio de Vivienda, valor tasado","INE, Atlas de distribución de renta de los hogares"
17066,2023,1148.394496855346,636,4,34155.0,90.0,103355.50471698114,3.026072455481808,69.8360655737705,percentil_invertido_anual,"Ministerio de Vivienda, valor tasado","INE, Atlas de distribución de renta de los hogares"
17079,2023,1871.1759080800591,1349,4,44772.0,90.0,168405.8317272053,3.761409624926412,42.950819672131146,percentil_invertido_anual,"Ministerio de Vivienda, valor tasado","INE, Atlas de distribución de renta de los hogares"
17095,2023,1878.5394922425953,709,4,32636.0,90.0,169068.5543018336,5.180431250822208,16.065573770491802,percentil_invertido_anual,"Ministerio de Vivienda, valor tasado","INE, Atlas de distribución de renta de los hogares"
17114,2023,1381.575167785235,447,4,40654.0,90.0,124341.76510067115,3.058537046801573,68.52459016393442,percentil_invertido_anual,"Ministerio de Vivienda, valor tasado","INE, Atlas de distribución de renta de los hogares"
17155,2023,1091.490017513135,571,4,35569.0,90.0,98234.10157618215,2.7617898050600846,80.32786885245902,percentil_invertido_anual,"Ministerio de Vivienda, valor tasado","INE, Atlas de distribución de renta de los hogares"
18017,2023,1880.4522352941178,425,4,27760.0,90.0,169240.7011764706,6.09656704526191,6.557377049180328,percentil_invertido_anual,"Ministerio de Vivienda, valor tasado","INE, Atlas de distribución de renta de los hogares"
18087,2023,1817.7573333333337,2700,4,36821.0,90.0,163598.16000000003,4.443066728225742,30.81967213114754,percentil_invertido_anual,"Ministerio de Vivienda, valor tasado","INE, Atlas de distribución de renta de los hogares"
18140,2023,1187.9492574257426,808,4,31129.0,90.0,106915.43316831684,3.434592603948628,52.459016393442624,percentil_invertido_anual,"Ministerio de Vivienda, valor tasado","INE, Atlas de distribución de renta de los hogares"
19046,2023,1457.3780793319415,479,4,38994.0,90.0,131164.02713987473,3.3636976750237144,56.39344262295082,percentil_invertido_anual,"Ministerio de Vivienda, valor tasado","INE, Atlas de distribución de renta de los hogares"
19130,2023,1435.8619718309858,852,4,39960.0,90.0,129227.57746478872,3.2339233599796975,62.950819672131146,percentil_invertido_anual,"Ministerio de Vivienda, valor tasado","INE, Atlas de distribución de renta de los hogares"
20030,2023,1766.8635802469137,162,4,43246.0,90.0,159017.72222222222,3.6770504144249694,45.57377049180328,percentil_invertido_anual,"Ministerio de Vivienda, valor tasado","INE, Atlas de distribución de renta de los hogares"
20045,2023,2323.354102564103,390,4,41388.0,90.0,209101.86923076925,5.0522342038941055,18.360655737704917,percentil_invertido_anual,"Ministerio de Vivienda, valor tasado","INE, Atlas de distribución de renta de los hogares"
20067,2023,2416.578828828829,222,4,38800.0,90.0,217492.09459459462,5.605466355530789,9.836065573770492,percentil_invertido_anual,"Ministerio de Vivienda, valor tasado","INE, Atlas de distribución de renta de los hogares"
20069,2023,4304.187858900738,1219,4,52067.0,90.0,387376.90730106644,7.439969794708096,0.9836065573770492,percentil_invertido_anual,"Ministerio de Vivienda, valor tasado","INE, Atlas de distribución de renta de los hogares"
21041,2023,1231.5683333333334,1920,4,33530.0,90.0,110841.15000000001,3.305730688935282,58.68852459016394,percentil_invertido_anual,"Ministerio de Vivienda, valor tasado","INE, Atlas de distribución de renta de los hogares"
21044,2023,1400.1934065934065,637,4,29677.0,90.0,126017.40659340659,4.246298702476888,35.40983606557377,percentil_invertido_anual,"Ministerio de Vivienda, valor tasado","INE, Atlas de distribución de renta de los hogares"
22125,2023,1398.5969957081545,466,4,37516.0,90.0,125873.7296137339,3.355201237171711,57.049180327868854,percentil_invertido_anual,"Ministerio de Vivienda, valor tasado","INE, Atlas de distribución de renta de los hogares"
23005,2023,768.0590263691684,493,4,27777.0,90.0,69125.31237322516,2.488580925702025,85.90163934426229,percentil_invertido_anual,"Ministerio de Vivienda, valor tasado","INE, Atlas de distribución de renta de los hogares"
23050,2023,1168.4349668874172,1510,4,36801.0,90.0,105159.14701986755,2.8575078671739234,76.06557377049181,percentil_invertido_anual,"Ministerio de Vivienda, valor tasado","INE, Atlas de distribución de renta de los hogares"
23055,2023,744.7544701986756,604,4,31679.0,90.0,67027.9023178808,2.1158465329676064,92.78688524590164,percentil_invertido_anual,"Ministerio de Vivienda, valor tasado","INE, Atlas de distribución de renta de los hogares"
23092,2023,915.0861904761905,420,4,32324.0,90.0,82357.75714285714,2.547882599395407,84.59016393442623,percentil_invertido_anual,"Ministerio de Vivienda, valor tasado","INE, Atlas de distribución de renta de los hogares"
24089,2023,1268.7294657762936,1198,4,36332.0,90.0,114185.65191986643,3.1428396983338773,65.24590163934427,percentil_invertido_anual,"Ministerio de Vivienda, valor tasado","INE, Atlas de distribución de renta de los hogares"
24115,2023,812.7203915171289,613,4,32490.0,90.0,73144.83523654159,2.2513030235931546,89.50819672131148,percentil_invertido_anual,"Ministerio de Vivienda, valor tasado","INE, Atlas de distribución de renta de los hogares"
24142,2023,962.2275862068966,290,4,32826.0,90.0,86600.4827586207,2.638167390441135,83.60655737704919,percentil_invertido_anual,"Ministerio de Vivienda, valor tasado","INE, Atlas de distribución de renta de los hogares"
25120,2023,1087.6287549407116,2024,4,38853.0,90.0,97886.58794466405,2.5194087443611575,85.57377049180327,percentil_invertido_anual,"Ministerio de Vivienda, valor tasado","INE, Atlas de distribución de renta de los hogares"
26089,2023,1423.4303343949045,1256,4,38187.0,90.0,128108.73009554141,3.354773354689853,57.377049180327866,percentil_invertido_anual,"Ministerio de Vivienda, valor tasado","INE, Atlas de distribución de renta de los hogares"
27028,2023,1128.9490644490645,962,4,34880.0,90.0,101605.41580041581,2.912999306204582,73.11475409836065,percentil_invertido_anual,"Ministerio de Vivienda, valor tasado","INE, Atlas de distribución de renta de los hogares"
28005,2023,1973.4180477885104,1967,4,41866.0,90.0,177607.62430096595,4.242287878014761,36.0655737704918,percentil_invertido_anual,"Ministerio de Vivienda, valor tasado","INE, Atlas de distribución de renta de los hogares"
28006,2023,3505.841242937853,1416,4,65139.0,90.0,315525.71186440677,4.843883262936287,21.639344262295083,percentil_invertido_anual,"Ministerio de Vivienda, valor tasado","INE, Atlas de distribución de renta de los hogares"
28007,2023,2521.9150108459867,2305,4,41634.0,90.0,226972.3509761388,5.451610486048393,11.147540983606557,percentil_invertido_anual,"Ministerio de Vivienda, valor tasado","INE, Atlas de distribución de renta de los hogares"
28013,2023,1592.3625482625484,777,4,40453.0,90.0,143312.62934362935,3.542694715932795,49.50819672131148,percentil_invertido_anual,"Ministerio de Vivienda, valor tasado","INE, Atlas de distribución de renta de los hogares"
28014,2023,1817.1644908616188,766,4,40353.0,90.0,163544.80417754568,4.052853670793886,40.32786885245902,percentil_invertido_anual,"Ministerio de Vivienda, valor tasado","INE, Atlas de distribución de renta de los hogares"
28022,2023,3285.828213977567,1159,4,89455.0,90.0,295724.539257981,3.3058469538648594,58.36065573770492,percentil_invertido_anual,"Ministerio de Vivienda, valor tasado","INE, Atlas de distribución de renta de los hogares"
28045,2023,2293.30385026738,935,4,52003.0,90.0,206397.3465240642,3.9689507629187584,41.31147540983606,percentil_invertido_anual,"Ministerio de Vivienda, valor tasado","INE, Atlas de distribución de renta de los hogares"
28047,2023,2034.2852420306967,847,4,41413.0,90.0,183085.6717827627,4.4209709941989885,31.475409836065573,percentil_invertido_anual,"Ministerio de Vivienda, valor tasado","INE, Atlas de distribución de renta de los hogares"
28049,2023,2242.8027989821885,786,4,41836.0,90.0,201852.25190839695,4.824845872177,21.9672131147541,percentil_invertido_anual,"Ministerio de Vivienda, valor tasado","INE, Atlas de distribución de renta de los hogares"
28058,2023,1959.088967391304,1840,4,38299.0,90.0,176318.00706521736,4.603723519288163,26.885245901639344,percentil_invertido_anual,"Ministerio de Vivienda, valor tasado","INE, Atlas de distribución de renta de los hogares"
28061,2023,1960.218470149254,536,4,49504.0,90.0,176419.66231343287,3.563745602646915,48.52459016393443,percentil_invertido_anual,"Ministerio de Vivienda, valor tasado","INE, Atlas de distribución de renta de los hogares"
28065,2023,2204.0841530054645,1830,4,41792.0,90.0,198367.5737704918,4.746544165641554,24.262295081967213,percentil_invertido_anual,"Ministerio de Vivienda, valor tasado","INE, Atlas de distribución de renta de los hogares"
28074,2023,2186.305336426914,1724,4,38660.0,90.0,196767.48027842227,5.089691678179572,18.0327868852459,percentil_invertido_anual,"Ministerio de Vivienda, valor tasado","INE, Atlas de distribución de renta de los hogares"
28079,2023,3782.516299622265,42093,4,49916.0,90.0,340426.4669660038,6.819986917341209,3.9344262295081966,percentil_invertido_anual,"Ministerio de Vivienda, valor tasado","INE, Atlas de distribución de renta de los hogares"
28080,2023,3712.913980582524,1030,4,74987.0,90.0,334162.25825242716,4.456269196693122,29.83606557377049,percentil_invertido_anual,"Ministerio de Vivienda, valor tasado","INE, Atlas de distribución de renta de los hogares"
28092,2023,2024.277822222222,2250,4,38622.0,90.0,182185.004,4.717130236652685,24.59016393442623,percentil_invertido_anual,"Ministerio de Vivienda, valor tasado","INE, Atlas de distribución de renta de los hogares"
28096,2023,1747.5829268292684,492,4,43431.0,90.0,157282.46341463417,3.6214331563775684,46.557377049180324,percentil_invertido_anual,"Ministerio de Vivienda, valor tasado","INE, Atlas de distribución de renta de los hogares"
28106,2023,1589.623385167464,1672,4,35177.0,90.0,143066.10466507176,4.067035411350364,39.67213114754098,percentil_invertido_anual,"Ministerio de Vivienda, valor tasado","INE, Atlas de distribución de renta de los hogares"
28113,2023,2113.8207578253705,607,4,42700.0,90.0,190243.86820428335,4.4553599111073385,30.16393442622951,percentil_invertido_anual,"Ministerio de Vivienda, valor tasado","INE, Atlas de distribución de renta de los hogares"
28115,2023,3845.842254733218,1162,4,96290.0,90.0,346125.8029259896,3.594618370817215,47.21311475409836,percentil_invertido_anual,"Ministerio de Vivienda, valor tasado","INE, Atlas de distribución de renta de los hogares"
28123,2023,2460.232738944365,1402,4,54628.0,90.0,221420.94650499284,4.053250100772367,40.0,percentil_invertido_anual,"Ministerio de Vivienda, valor tasado","INE, Atlas de distribución de renta de los hogares"
28127,2023,3244.324279835391,1701,4,74371.0,90.0,291989.18518518517,3.9261161633591746,41.967213114754095,percentil_invertido_anual,"Ministerio de Vivienda, valor tasado","INE, Atlas de distribución de renta de los hogares"
28130,2023,2154.315864022663,353,4,40448.0,90.0,193888.42776203968,4.793523233832072,22.950819672131146,percentil_invertido_anual,"Ministerio de Vivienda, valor tasado","INE, Atlas de distribución de renta de los hogares"
28134,2023,2900.7548760330583,1210,4,52413.0,90.0,261067.93884297524,4.980976834811502,19.672131147540984,percentil_invertido_anual,"Ministerio de Vivienda, valor tasado","INE, Atlas de distribución de renta de los hogares"
28148,2023,2078.048394120849,1837,4,41459.0,90.0,187024.3554708764,4.511067692681358,28.524590163934427,percentil_invertido_anual,"Ministerio de Vivienda, valor tasado","INE, Atlas de distribución de renta de los hogares"
28161,2023,1864.0059973924383,1534,4,45042.0,90.0,167760.53976531944,3.7245357614075627,43.60655737704918,percentil_invertido_anual,"Ministerio de Vivienda, valor tasado","INE, Atlas de distribución de renta de los hogares"
28181,2023,2473.203953488372,430,4,68382.0,90.0,222588.35581395347,3.255072326254767,60.98360655737705,percentil_invertido_anual,"Ministerio de Vivienda, valor tasado","INE, Atlas de distribución de renta de los hogares"
28903,2023,3212.604451510334,629,4,67752.0,90.0,289134.40063593007,4.267540450996725,34.09836065573771,percentil_invertido_anual,"Ministerio de Vivienda, valor tasado","INE, Atlas de distribución de renta de los hogares"
29007,2023,1980.4593137254903,816,4,43020.0,90.0,178241.33823529413,4.1432203216014445,37.377049180327866,percentil_invertido_anual,"Ministerio de Vivienda, valor tasado","INE, Atlas de distribución de renta de los hogares"
29015,2023,1142.824948024948,481,4,32934.0,90.0,102854.24532224533,3.123041395586486,66.22950819672131,percentil_invertido_anual,"Ministerio de Vivienda, valor tasado","INE, Atlas de distribución de renta de los hogares"
29025,2023,2571.519832582099,1553,4,33901.0,90.0,231436.7849323889,6.826842421532961,3.278688524590164,percentil_invertido_anual,"Ministerio de Vivienda, valor tasado","INE, Atlas de distribución de renta de los hogares"
29051,2023,2326.1822954822956,1638,4,34480.0,90.0,209356.4065934066,6.071821536931746,6.885245901639344,percentil_invertido_anual,"Ministerio de Vivienda, valor tasado","INE, Atlas de distribución de renta de los hogares"
29054,2023,2583.0843027888445,1255,4,32091.0,90.0,232477.587250996,7.244323556479886,1.9672131147540983,percentil_invertido_anual,"Ministerio de Vivienda, valor tasado","INE, Atlas de distribución de renta de los hogares"
29067,2023,2268.529084783829,7124,4,36640.0,90.0,204167.6176305446,5.572260306510497,10.163934426229508,percentil_invertido_anual,"Ministerio de Vivienda, valor tasado","INE, Atlas de distribución de renta de los hogares"
29069,2023,3104.819238345371,3046,4,37606.0,90.0,279433.7314510834,7.430562448840169,1.3114754098360655,percentil_invertido_anual,"Ministerio de Vivienda, valor tasado","INE, Atlas de distribución de renta de los hogares"
29070,2023,2297.0367889908257,2180,4,31912.0,90.0,206733.3110091743,6.478231104574276,5.245901639344262,percentil_invertido_anual,"Ministerio de Vivienda, valor tasado","INE, Atlas de distribución de renta de los hogares"
29082,2023,2387.827079107505,986,4,37913.0,90.0,214904.43711967545,5.668357479483962,9.508196721311476,percentil_invertido_anual,"Ministerio de Vivienda, valor tasado","INE, Atlas de distribución de renta de los hogares"
29084,2023,1205.6424547283702,497,4,32294.0,90.0,108507.82092555331,3.3599994093501366,56.721311475409834,percentil_invertido_anual,"Ministerio de Vivienda, valor tasado","INE, Atlas de distribución de renta de los hogares"
29094,2023,1742.415838509317,1288,4,31280.0,90.0,156817.42546583852,5.013344803895094,19.016393442622952,percentil_invertido_anual,"Ministerio de Vivienda, valor tasado","INE, Atlas de distribución de renta de los hogares"
29901,2023,2552.522788605697,1334,4,33655.0,90.0,229727.0509745127,6.8259411966873484,3.6065573770491803,percentil_invertido_anual,"Ministerio de Vivienda, valor tasado","INE, Atlas de distribución de renta de los hogares"
30003,2023,1067.8610354223433,734,4,30995.0,90.0,96107.49318801089,3.1007418353931566,66.55737704918033,percentil_invertido_anual,"Ministerio de Vivienda, valor tasado","INE, Atlas de distribución de renta de los hogares"
30005,2023,770.9989293361884,467,4,32961.0,90.0,69389.90364025696,2.105212330944357,93.44262295081967,percentil_invertido_anual,"Ministerio de Vivienda, valor tasado","INE, Atlas de distribución de renta de los hogares"
30015,2023,751.4543859649123,285,4,31850.0,90.0,67630.8947368421,2.1234189870280096,92.45901639344262,percentil_invertido_anual,"Ministerio de Vivienda, valor tasado","INE, Atlas de distribución de renta de los hogares"
30016,2023,1135.900769499825,2859,4,36484.0,90.0,102231.06925498425,2.8020795212965752,78.68852459016394,percentil_invertido_anual,"Ministerio de Vivienda, valor tasado","INE, Atlas de distribución de renta de los hogares"
30019,2023,852.6116417910448,335,4,32381.0,90.0,76735.04776119403,2.3697553429848996,88.19672131147541,percentil_invertido_anual,"Ministerio de Vivienda, valor tasado","INE, Atlas de distribución de renta de los hogares"
30022,2023,689.386328125,256,4,30781.0,90.0,62044.76953125,2.0156840106315586,96.39344262295081,percentil_invertido_anual,"Ministerio de Vivienda, valor tasado","INE, Atlas de distribución de renta de los hogares"
30024,2023,934.5593181818182,880,4,35178.0,90.0,84110.33863636364,2.390992627106818,87.54098360655738,percentil_invertido_anual,"Ministerio de Vivienda, valor tasado","INE, Atlas de distribución de renta de los hogares"
30026,2023,1195.7998293515357,586,4,27662.0,90.0,107621.9846416382,3.8906074991554553,42.622950819672134,percentil_invertido_anual,"Ministerio de Vivienda, valor tasado","INE, Atlas de distribución de renta de los hogares"
30027,2023,981.5522727272727,1100,4,39382.0,90.0,88339.70454545454,2.2431492698556332,90.1639344262295,percentil_invertido_anual,"Ministerio de Vivienda, valor tasado","INE, Atlas de distribución de renta de los hogares"
30030,2023,1237.4846879286695,5832,4,38682.0,90.0,111373.62191358025,2.8792105349666577,74.42622950819673,percentil_invertido_anual,"Ministerio de Vivienda, valor tasado","INE, Atlas de distribución de renta de los hogares"
30035,2023,1352.9545454545455,946,4,33881.0,90.0,121765.90909090909,3.59392901894599,47.540983606557376,percentil_invertido_anual,"Ministerio de Vivienda, valor tasado","INE, Atlas de distribución de renta de los hogares"
30037,2023,910.3833976833977,777,4,33036.0,90.0,81934.50579150578,2.4801581847531717,86.22950819672131,percentil_invertido_anual,"Ministerio de Vivienda, valor tasado","INE, Atlas de distribución de renta de los hogares"
30039,2023,849.1361581920904,354,4,33367.0,90.0,76422.25423728814,2.2903543692057466,88.52459016393442,percentil_invertido_anual,"Ministerio de Vivienda, valor tasado","INE, Atlas de distribución de renta de los hogares"
30043,2023,660.4220543806646,331,4,31414.0,90.0,59437.98489425981,1.8920858500751196,99.01639344262296,percentil_invertido_anual,"Ministerio de Vivienda, valor tasado","INE, Atlas de distribución de renta de los hogares"
31201,2023,2218.603361344538,1190,4,43352.0,90.0,199674.30252100842,4.605884446415584,26.229508196721312,percentil_invertido_anual,"Ministerio de Vivienda, valor tasado","INE, Atlas de distribución de renta de los hogares"
31232,2023,1169.968817204301,279,4,39644.0,90.0,105297.1935483871,2.65606885148792,82.62295081967213,percentil_invertido_anual,"Ministerio de Vivienda, valor tasado","INE, Atlas de distribución de renta de los hogares"
32054,2023,1260.6173304628633,929,4,34322.0,90.0,113455.5597416577,3.3056220424700684,59.01639344262295,percentil_invertido_anual,"Ministerio de Vivienda, valor tasado","INE, Atlas de distribución de renta de los hogares"
33004,2023,1138.9578231292517,735,4,34562.0,90.0,102506.20408163265,2.9658643620633254,72.45901639344262,percentil_invertido_anual,"Ministerio de Vivienda, valor tasado","INE, Atlas de distribución de renta de los hogares"
33024,2023,1645.210825294748,2799,4,35852.0,90.0,148068.97427652733,4.130005976696623,38.032786885245905,percentil_invertido_anual,"Ministerio de Vivienda, valor tasado","INE, Atlas de distribución de renta de los hogares"
33031,2023,769.3961651917405,339,4,30771.0,90.0,69245.65486725664,2.250354387808542,89.8360655737705,percentil_invertido_anual,"Ministerio de Vivienda, valor tasado","INE, Atlas de distribución de renta de los hogares"
33037,2023,758.1044444444445,270,4,32313.0,90.0,68229.40000000001,2.1115154891220254,93.11475409836065,percentil_invertido_anual,"Ministerio de Vivienda, valor tasado","INE, Atlas de distribución de renta de los hogares"
33044,2023,1485.296835970025,2402,4,38153.0,90.0,133676.71523730227,3.503701287901404,51.14754098360656,percentil_invertido_anual,"Ministerio de Vivienda, valor tasado","INE, Atlas de distribución de renta de los hogares"
33066,2023,1164.317987804878,656,4,37495.0,90.0,104788.61890243902,2.7947358021719966,79.01639344262296,percentil_invertido_anual,"Ministerio de Vivienda, valor tasado","INE, Atlas de distribución de renta de los hogares"
34120,2023,1171.2457407407408,540,4,35179.0,90.0,105412.11666666667,2.996450060168472,70.81967213114754,percentil_invertido_anual,"Ministerio de Vivienda, valor tasado","INE, Atlas de distribución de renta de los hogares"
35002,2023,1386.360101010101,396,4,36840.0,90.0,124772.40909090909,3.386873210936729,55.73770491803279,percentil_invertido_anual,"Ministerio de Vivienda, valor tasado","INE, Atlas de distribución de renta de los hogares"
35004,2023,1349.123469387755,882,4,35247.0,90.0,121421.11224489794,3.4448637400317175,52.131147540983605,percentil_invertido_anual,"Ministerio de Vivienda, valor tasado","INE, Atlas de distribución de renta de los hogares"
35006,2023,1251.9283224400872,459,4,37373.0,90.0,112673.54901960785,3.014838225981533,70.49180327868852,percentil_invertido_anual,"Ministerio de Vivienda, valor tasado","INE, Atlas de distribución de renta de los hogares"
35011,2023,1144.0078488372094,344,4,35479.0,90.0,102960.70639534884,2.902018275468554,73.77049180327869,percentil_invertido_anual,"Ministerio de Vivienda, valor tasado","INE, Atlas de distribución de renta de los hogares"
35014,2023,2489.766313559322,472,4,33606.0,90.0,224078.96822033898,6.667826228064601,4.590163934426229,percentil_invertido_anual,"Ministerio de Vivienda, valor tasado","INE, Atlas de distribución de renta de los hogares"
35016,2023,1758.916442605998,3868,4,39148.0,90.0,158302.47983453982,4.043692649293446,40.65573770491803,percentil_invertido_anual,"Ministerio de Vivienda, valor tasado","INE, Atlas de distribución de renta de los hogares"
35017,2023,1309.366985645933,627,4,37142.0,90.0,117843.02870813398,3.1727701445300194,64.26229508196721,percentil_invertido_anual,"Ministerio de Vivienda, valor tasado","INE, Atlas de distribución de renta de los hogares"
35019,2023,2519.944170771757,609,4,34193.0,90.0,226794.97536945812,6.6327896168648,4.918032786885246,percentil_invertido_anual,"Ministerio de Vivienda, valor tasado","INE, Atlas de distribución de renta de los hogares"
35022,2023,1214.662343572241,879,4,33026.0,90.0,109319.61092150169,3.3101075189699536,58.032786885245905,percentil_invertido_anual,"Ministerio de Vivienda, valor tasado","INE, Atlas de distribución de renta de los hogares"
35026,2023,1323.3278019113814,1151,4,34808.0,90.0,119099.50217202432,3.4216129100213837,53.114754098360656,percentil_invertido_anual,"Ministerio de Vivienda, valor tasado","INE, Atlas de distribución de renta de los hogares"
36008,2023,1391.4955128205129,312,4,34982.0,90.0,125234.59615384616,3.579972447368537,48.19672131147541,percentil_invertido_anual,"Ministerio de Vivienda, valor tasado","INE, Atlas de distribución de renta de los hogares"
36026,2023,1017.3417525773197,194,4,32876.0,90.0,91560.75773195877,2.785033390070531,79.34426229508196,percentil_invertido_anual,"Ministerio de Vivienda, valor tasado","INE, Atlas de distribución de renta de los hogares"
36038,2023,1449.487870619946,742,4,36854.0,90.0,130453.90835579515,3.539748964991457,49.83606557377049,percentil_invertido_anual,"Ministerio de Vivienda, valor tasado","INE, Atlas de distribución de renta de los hogares"
36045,2023,1142.0467811158799,233,4,37805.0,90.0,102784.21030042919,2.718799373110149,80.65573770491804,percentil_invertido_anual,"Ministerio de Vivienda, valor tasado","INE, Atlas de distribución de renta de los hogares"
36057,2023,1758.1394803320102,2771,4,38846.0,90.0,158232.55322988093,4.073329383459839,39.01639344262295,percentil_invertido_anual,"Ministerio de Vivienda, valor tasado","INE, Atlas de distribución de renta de los hogares"
36060,2023,1106.2308510638297,376,4,32879.0,90.0,99560.77659574468,3.028096249756522,69.18032786885246,percentil_invertido_anual,"Ministerio de Vivienda, valor tasado","INE, Atlas de distribución de renta de los hogares"
37274,2023,1643.0770540340486,1351,4,33391.0,90.0,147876.93486306438,4.428646487468611,31.147540983606557,percentil_invertido_anual,"Ministerio de Vivienda, valor tasado","INE, Atlas de distribución de renta de los hogares"
38001,2023,2704.3011961722486,836,4,33398.0,90.0,243387.1076555024,7.287475527142416,1.639344262295082,percentil_invertido_anual,"Ministerio de Vivienda, valor tasado","INE, Atlas de distribución de renta de los hogares"
38006,2023,2076.3312983662945,1163,4,30042.0,90.0,186869.8168529665,6.2202854954053155,5.901639344262295,percentil_invertido_anual,"Ministerio de Vivienda, valor tasado","INE, Atlas de distribución de renta de los hogares"
38011,2023,2052.9916478555306,443,4,38582.0,90.0,184769.24830699776,4.789001303898133,23.278688524590162,percentil_invertido_anual,"Ministerio de Vivienda, valor tasado","INE, Atlas de distribución de renta de los hogares"
38017,2023,1636.4359484777515,854,4,33490.0,90.0,147279.23536299763,4.3977078340698,32.131147540983605,percentil_invertido_anual,"Ministerio de Vivienda, valor tasado","INE, Atlas de distribución de renta de los hogares"
38023,2023,1381.5727945712524,1621,4,36633.0,90.0,124341.55151141272,3.3942497614558653,55.40983606557377,percentil_invertido_anual,"Ministerio de Vivienda, valor tasado","INE, Atlas de distribución de renta de los hogares"
38026,2023,1211.9384831460673,356,4,34805.0,90.0,109074.46348314606,3.1338733941429697,65.90163934426229,percentil_invertido_anual,"Ministerio de Vivienda, valor tasado","INE, Atlas de distribución de renta de los hogares"
38028,2023,2107.784365781711,339,4,32185.0,90.0,189700.592920354,5.894068445560168,7.540983606557377,percentil_invertido_anual,"Ministerio de Vivienda, valor tasado","INE, Atlas de distribución de renta de los hogares"
38031,2023,1202.1462365591399,279,4,32945.0,90.0,108193.16129032259,3.284054068608972,59.34426229508197,percentil_invertido_anual,"Ministerio de Vivienda, valor tasado","INE, Atlas de distribución de renta de los hogares"
38038,2023,1613.6999112294718,2253,4,39072.0,90.0,145232.99201065247,3.7170606063332428,44.26229508196721,percentil_invertido_anual,"Ministerio de Vivienda, valor tasado","INE, Atlas de distribución de renta de los hogares"
39016,2023,1376.6156378600822,243,4,38278.0,90.0,123895.4074074074,3.2367262502588274,62.622950819672134,percentil_invertido_anual,"Ministerio de Vivienda, valor tasado","INE, Atlas de distribución de renta de los hogares"
39020,2023,2035.520825147348,509,4,36815.0,90.0,183196.87426326133,4.9761476100301865,20.0,percentil_invertido_anual,"Ministerio de Vivienda, valor tasado","INE, Atlas de distribución de renta de los hogares"
39075,2023,1991.7159793814433,1746,4,38641.0,90.0,179254.4381443299,4.6389699579288814,25.57377049180328,percentil_invertido_anual,"Ministerio de Vivienda, valor tasado","INE, Atlas de distribución de renta de los hogares"
39087,2023,1050.9067915690866,427,4,32104.0,90.0,94581.61124121779,2.946100524583161,72.78688524590164,percentil_invertido_anual,"Ministerio de Vivienda, valor tasado","INE, Atlas de distribución de renta de los hogares"
40194,2023,1529.7723913043478,460,4,37688.0,90.0,137679.5152173913,3.6531393339363007,46.22950819672131,percentil_invertido_anual,"Ministerio de Vivienda, valor tasado","INE, Atlas de distribución de renta de los hogares"
41004,2023,1239.8448031496062,1270,4,34143.0,90.0,111586.03228346455,3.26819647609948,60.32786885245902,percentil_invertido_anual,"Ministerio de Vivienda, valor tasado","INE, Atlas de distribución de renta de los hogares"
41021,2023,1243.854491017964,501,4,30135.0,90.0,111946.90419161675,3.7148466630700763,44.59016393442623,percentil_invertido_anual,"Ministerio de Vivienda, valor tasado","INE, Atlas de distribución de renta de los hogares"
41024,2023,1119.843010752688,372,4,30984.0,90.0,100785.87096774192,3.252836011094175,61.31147540983606,percentil_invertido_anual,"Ministerio de Vivienda, valor tasado","INE, Atlas de distribución de renta de los hogares"
41034,2023,1047.3742677824268,478,4,28848.0,90.0,94263.68410041841,3.2675985891714645,60.65573770491803,percentil_invertido_anual,"Ministerio de Vivienda, valor tasado","INE, Atlas de distribución de renta de los hogares"
41038,2023,1488.0901851054668,2323,4,37584.0,90.0,133928.11665949202,3.563434351306195,48.85245901639344,percentil_invertido_anual,"Ministerio de Vivienda, valor tasado","INE, Atlas de distribución de renta de los hogares"
41039,2023,950.7675141242938,354,4,29634.0,90.0,85569.07627118644,2.887530413416563,74.09836065573771,percentil_invertido_anual,"Ministerio de Vivienda, valor tasado","INE, Atlas de distribución de renta de los hogares"
41053,2023,890.7679715302492,281,4,28448.0,90.0,80169.11743772242,2.8180932732607715,78.0327868852459,percentil_invertido_anual,"Ministerio de Vivienda, valor tasado","INE, Atlas de distribución de renta de los hogares"
41059,2023,1683.4985228951255,677,4,43081.0,90.0,151514.8670605613,3.5169765571960094,50.16393442622951,percentil_invertido_anual,"Ministerio de Vivienda, valor tasado","INE, Atlas de distribución de renta de los hogares"
41065,2023,923.5730088495575,226,4,29004.0,90.0,83121.57079646018,2.8658657701165415,75.73770491803279,percentil_invertido_anual,"Ministerio de Vivienda, valor tasado","INE, Atlas de distribución de renta de los hogares"
41069,2023,1005.5291536050156,319,4,28352.0,90.0,90497.62382445141,3.1919308628827388,63.9344262295082,percentil_invertido_anual,"Ministerio de Vivienda, valor tasado","INE, Atlas de distribución de renta de los hogares"
41081,2023,1264.7182149362477,549,4,32823.0,90.0,113824.6393442623,3.467831683400734,51.80327868852459,percentil_invertido_anual,"Ministerio de Vivienda, valor tasado","INE, Atlas de distribución de renta de los hogares"
41091,2023,2044.2109579755986,8852,4,37940.0,90.0,183978.98621780387,4.849208914544119,21.311475409836067,percentil_invertido_anual,"Ministerio de Vivienda, valor tasado","INE, Atlas de distribución de renta de los hogares"
41095,2023,1107.5679190751446,692,4,30796.0,90.0,99681.11271676302,3.2368201297818877,62.295081967213115,percentil_invertido_anual,"Ministerio de Vivienda, valor tasado","INE, Atlas de distribución de renta de los hogares"
42173,2023,1161.8298449612405,258,4,37786.0,90.0,104564.68604651165,2.767286456531828,80.0,percentil_invertido_anual,"Ministerio de Vivienda, valor tasado","INE, Atlas de distribución de renta de los hogares"
43038,2023,1895.2873432155075,877,4,40382.0,90.0,170575.86088939567,4.224056779986025,36.39344262295082,percentil_invertido_anual,"Ministerio de Vivienda, valor tasado","INE, Atlas de distribución de renta de los hogares"
43123,2023,1199.3207502930832,1706,4,37169.0,90.0,107938.86752637748,2.9040024624385237,73.44262295081967,percentil_invertido_anual,"Ministerio de Vivienda, valor tasado","INE, Atlas de distribución de renta de los hogares"
43148,2023,1421.4578999999999,2000,4,39912.0,90.0,127931.211,3.205332005411906,63.60655737704918,percentil_invertido_anual,"Ministerio de Vivienda, valor tasado","INE, Atlas de distribución de renta de los hogares"
43155,2023,858.0299450549451,364,4,36864.0,90.0,77222.69505494506,2.0947996705442993,94.09836065573771,percentil_invertido_anual,"Ministerio de Vivienda, valor tasado","INE, Atlas de distribución de renta de los hogares"
43163,2023,1506.1548004314996,927,4,34765.0,90.0,135553.93203883496,3.899149490546094,42.295081967213115,percentil_invertido_anual,"Ministerio de Vivienda, valor tasado","INE, Atlas de distribución de renta de los hogares"
43905,2023,1970.7020731707316,820,4,35852.0,90.0,177363.18658536585,4.947093232884242,20.327868852459016,percentil_invertido_anual,"Ministerio de Vivienda, valor tasado","INE, Atlas de distribución de renta de los hogares"
44216,2023,1241.2984984984985,333,4,39500.0,90.0,111716.86486486487,2.8282750598699966,77.70491803278688,percentil_invertido_anual,"Ministerio de Vivienda, valor tasado","INE, Atlas de distribución de renta de los hogares"
45081,2023,1339.772201492537,536,4,39826.0,90.0,120579.49813432834,3.027657764634368,69.50819672131148,percentil_invertido_anual,"Ministerio de Vivienda, valor tasado","INE, Atlas de distribución de renta de los hogares"
45165,2023,819.4527835051546,970,4,30833.0,90.0,73750.75051546391,2.391942091767389,87.21311475409836,percentil_invertido_anual,"Ministerio de Vivienda, valor tasado","INE, Atlas de distribución de renta de los hogares"
45168,2023,1549.6171717171717,891,4,43465.0,90.0,139465.54545454544,3.208686194743942,63.278688524590166,percentil_invertido_anual,"Ministerio de Vivienda, valor tasado","INE, Atlas de distribución de renta de los hogares"
46005,2023,1027.5347540983607,305,4,32487.0,90.0,92478.12786885246,2.846619505305275,77.04918032786885,percentil_invertido_anual,"Ministerio de Vivienda, valor tasado","INE, Atlas de distribución de renta de los hogares"
46017,2023,795.7610169491526,590,4,35088.0,90.0,71618.49152542373,2.0411106795891394,95.08196721311475,percentil_invertido_anual,"Ministerio de Vivienda, valor tasado","INE, Atlas de distribución de renta de los hogares"
46021,2023,1121.731203931204,407,4,33692.0,90.0,100955.80835380836,2.996432635456736,71.14754098360656,percentil_invertido_anual,"Ministerio de Vivienda, valor tasado","INE, Atlas de distribución de renta de los hogares"
46029,2023,705.3591240875912,274,4,33425.0,90.0,63482.32116788321,1.8992467065933645,98.68852459016394,percentil_invertido_anual,"Ministerio de Vivienda, valor tasado","INE, Atlas de distribución de renta de los hogares"
46078,2023,1156.886913580247,405,4,32145.0,90.0,104119.82222222222,3.2390674201966783,61.967213114754095,percentil_invertido_anual,"Ministerio de Vivienda, valor tasado","INE, Atlas de distribución de renta de los hogares"
46094,2023,1073.7964285714286,308,4,35827.0,90.0,96641.67857142857,2.6974538356945477,81.31147540983606,percentil_invertido_anual,"Ministerio de Vivienda, valor tasado","INE, Atlas de distribución de renta de los hogares"
46102,2023,1104.6093220338983,236,4,32281.0,90.0,99414.83898305084,3.079670362846592,67.8688524590164,percentil_invertido_anual,"Ministerio de Vivienda, valor tasado","INE, Atlas de distribución de renta de los hogares"
46110,2023,1006.3173410404623,346,4,31558.0,90.0,90568.56069364162,2.8699081276900187,75.08196721311475,percentil_invertido_anual,"Ministerio de Vivienda, valor tasado","INE, Atlas de distribución de renta de los hogares"
46131,2023,1104.9048214285715,1120,4,32250.0,90.0,99441.43392857144,3.0834553156146183,67.54098360655738,percentil_invertido_anual,"Ministerio de Vivienda, valor tasado","INE, Atlas de distribución de renta de los hogares"
46145,2023,834.3508860759493,395,4,34270.0,90.0,75091.57974683544,2.191175364658169,91.14754098360656,percentil_invertido_anual,"Ministerio de Vivienda, valor tasado","INE, Atlas de distribución de renta de los hogares"
46159,2023,1128.8698005698006,351,4,33137.0,90.0,101598.28205128206,3.06600724420684,68.19672131147541,percentil_invertido_anual,"Ministerio de Vivienda, valor tasado","INE, Atlas de distribución de renta de los hogares"
46169,2023,1325.9330783938815,523,4,35060.0,90.0,119333.97705544933,3.4037072748274197,55.08196721311475,percentil_invertido_anual,"Ministerio de Vivienda, valor tasado","INE, Atlas de distribución de renta de los hogares"
46181,2023,1140.8563218390805,522,4,31571.0,90.0,102677.06896551725,3.252259002423656,61.63934426229508,percentil_invertido_anual,"Ministerio de Vivienda, valor tasado","INE, Atlas de distribución de renta de los hogares"
46184,2023,712.3207282913165,357,4,33154.0,90.0,64108.86554621849,1.9336691061777913,98.36065573770492,percentil_invertido_anual,"Ministerio de Vivienda, valor tasado","INE, Atlas de distribución de renta de los hogares"
46190,2023,1405.9145263157895,950,4,38707.0,90.0,126532.30736842105,3.268977377952852,60.0,percentil_invertido_anual,"Ministerio de Vivienda, valor tasado","INE, Atlas de distribución de renta de los hogares"
46220,2023,1015.4144396551724,928,4,34485.0,90.0,91387.2995689655,2.6500594336368133,82.95081967213115,percentil_invertido_anual,"Ministerio de Vivienda, valor tasado","INE, Atlas de distribución de renta de los hogares"
46235,2023,995.1979466119097,487,4,33341.0,90.0,89567.81519507187,2.686416580038747,81.63934426229508,percentil_invertido_anual,"Ministerio de Vivienda, valor tasado","INE, Atlas de distribución de renta de los hogares"
46244,2023,1143.4718861209963,1124,4,36023.0,90.0,102912.46975088966,2.8568545027035412,76.39344262295081,percentil_invertido_anual,"Ministerio de Vivienda, valor tasado","INE, Atlas de distribución de renta de los hogares"
46250,2023,1896.0785011355033,9247,4,40058.0,90.0,170647.0651021953,4.259999628094146,34.42622950819672,percentil_invertido_anual,"Ministerio de Vivienda, valor tasado","INE, Atlas de distribución de renta de los hogares"
47186,2023,1458.8224489795919,2548,4,37466.0,90.0,131294.02040816325,3.5043511559323988,50.81967213114754,percentil_invertido_anual,"Ministerio de Vivienda, valor tasado","INE, Atlas de distribución de renta de los hogares"
48013,2023,2267.2330975954737,707,4,38597.0,90.0,204050.97878359264,5.2867056710001465,14.426229508196721,percentil_invertido_anual,"Ministerio de Vivienda, valor tasado","INE, Atlas de distribución de renta de los hogares"
48015,2023,2133.7129921259843,254,4,37239.0,90.0,192034.1692913386,5.156802526688112,16.721311475409838,percentil_invertido_anual,"Ministerio de Vivienda, valor tasado","INE, Atlas de distribución de renta de los hogares"
48020,2023,2773.185736615865,2559,4,44813.0,90.0,249586.71629542788,5.56951590599665,10.491803278688524,percentil_invertido_anual,"Ministerio de Vivienda, valor tasado","INE, Atlas de distribución de renta de los hogares"
48027,2023,2230.613529411765,170,4,49291.0,90.0,200755.21764705883,4.072857471892614,39.34426229508197,percentil_invertido_anual,"Ministerio de Vivienda, valor tasado","INE, Atlas de distribución de renta de los hogares"
48036,2023,2154.671764705882,170,4,45218.0,90.0,193920.4588235294,4.28856780095381,33.442622950819676,percentil_invertido_anual,"Ministerio de Vivienda, valor tasado","INE, Atlas de distribución de renta de los hogares"
48044,2023,3421.56786389414,529,4,61310.0,90.0,307941.1077504726,5.0226897365922785,18.688524590163933,percentil_invertido_anual,"Ministerio de Vivienda, valor tasado","INE, Atlas de distribución de renta de los hogares"
48054,2023,2873.598058252427,206,4,48812.0,90.0,258623.82524271845,5.298365673250808,13.770491803278688,percentil_invertido_anual,"Ministerio de Vivienda, valor tasado","INE, Atlas de distribución de renta de los hogares"
48078,2023,2298.456321839081,261,4,39248.0,90.0,206861.06896551728,5.270614272460183,14.754098360655737,percentil_invertido_anual,"Ministerio de Vivienda, valor tasado","INE, Atlas de distribución de renta de los hogares"
48082,2023,2233.0757961783443,314,4,38832.0,90.0,200976.82165605098,5.17554649917725,16.39344262295082,percentil_invertido_anual,"Ministerio de Vivienda, valor tasado","INE, Atlas de distribución de renta de los hogares"
48084,2023,1826.562831858407,226,4,34327.0,90.0,164390.65486725664,4.788960726753187,23.60655737704918,percentil_invertido_anual,"Ministerio de Vivienda, valor tasado","INE, Atlas de distribución de renta de los hogares"
49275,2023,1109.4171842650103,483,4,32824.0,90.0,99847.54658385093,3.041906732386392,68.85245901639344,percentil_invertido_anual,"Ministerio de Vivienda, valor tasado","INE, Atlas de distribución de renta de los hogares"
50297,2023,1622.874340527578,5838,4,39345.0,90.0,146058.69064748203,3.712255449167163,44.91803278688525,percentil_invertido_anual,"Ministerio de Vivienda, valor tasado","INE, Atlas de distribución de renta de los hogares"
51001,2023,1837.574603174603,693,4,44907.0,90.0,165381.71428571426,3.6827602441871927,45.24590163934426,percentil_invertido_anual,"Ministerio de Vivienda, valor tasado","INE, Atlas de distribución de renta de los hogares"
52001,2023,1836.8633233532933,668,4,45989.0,90.0,165317.6991017964,3.5947226315378984,46.885245901639344,percentil_invertido_anual,"Ministerio de Vivienda, valor tasado","INE, Atlas de distribución de renta de los hogares"
