cod_ine,anio,poblacion,fuente
01059,1996,214234,"INE, Padrón municipal, tablas provinciales 2854–2909"
01059,1998,216527,"INE, Padrón municipal, tablas provinciales 2854–2909"
01059,1999,217154,"INE, Padrón municipal, tablas provinciales 2854–2909"
01059,2000,217358,"INE, Padrón municipal, tablas provinciales 2854–2909"
01059,2001,218902,"INE, Padrón municipal, tablas provinciales 2854–2909"
01059,2002,221270,"INE, Padrón municipal, tablas provinciales 2854–2909"
01059,2003,223257,"INE, Padrón municipal, tablas provinciales 2854–2909"
01059,2004,223702,"INE, Padrón municipal, tablas provinciales 2854–2909"
01059,2005,226490,"INE, Padrón municipal, tablas provinciales 2854–2909"
01059,2006,227568,"INE, Padrón municipal, tablas provinciales 2854–2909"
01059,2007,229484,"INE, Padrón municipal, tablas provinciales 2854–2909"
01059,2008,232477,"INE, Padrón municipal, tablas provinciales 2854–2909"
01059,2009,235661,"INE, Padrón municipal, tablas provinciales 2854–2909"
01059,2010,238247,"INE, Padrón municipal, tablas provinciales 2854–2909"
01059,2011,239562,"INE, Padrón municipal, tablas provinciales 2854–2909"
01059,2012,242223,"INE, Padrón municipal, tablas provinciales 2854–2909"
01059,2013,241386,"INE, Padrón municipal, tablas provinciales 2854–2909"
01059,2014,242082,"INE, Padrón municipal, tablas provinciales 2854–2909"
01059,2015,243918,"INE, Padrón municipal, tablas provinciales 2854–2909"
01059,2016,244634,"INE, Padrón municipal, tablas provinciales 2854–2909"
01059,2017,246976,"INE, Padrón municipal, tablas provinciales 2854–2909"
01059,2018,249176,"INE, Padrón municipal, tablas provinciales 2854–2909"
01059,2019,251774,"INE, Padrón municipal, tablas provinciales 2854–2909"
01059,2020,253996,"INE, Padrón municipal, tablas provinciales 2854–2909"
01059,2021,253093,"INE, Padrón municipal, tablas provinciales 2854–2909"
01059,2022,253672,"INE, Padrón municipal, tablas provinciales 2854–2909"
01059,2023,255886,"INE, Padrón municipal, tablas provinciales 2854–2909"
01059,2024,257968,"INE, Padrón municipal, tablas provinciales 2854–2909"
01059,2025,260699,"INE, Padrón municipal, tablas provinciales 2854–2909"
02003,1996,143799,"INE, Padrón municipal, tablas provinciales 2854–2909"
02003,1998,145454,"INE, Padrón municipal, tablas provinciales 2854–2909"
02003,1999,147527,"INE, Padrón municipal, tablas provinciales 2854–2909"
02003,2000,149667,"INE, Padrón municipal, tablas provinciales 2854–2909"
02003,2001,149507,"INE, Padrón municipal, tablas provinciales 2854–2909"
02003,2002,152155,"INE, Padrón municipal, tablas provinciales 2854–2909"
02003,2003,155142,"INE, Padrón municipal, tablas provinciales 2854–2909"
02003,2004,156466,"INE, Padrón municipal, tablas provinciales 2854–2909"
02003,2005,159518,"INE, Padrón municipal, tablas provinciales 2854–2909"
02003,2006,161508,"INE, Padrón municipal, tablas provinciales 2854–2909"
02003,2007,164771,"INE, Padrón municipal, tablas provinciales 2854–2909"
02003,2008,166909,"INE, Padrón municipal, tablas provinciales 2854–2909"
02003,2009,169716,"INE, Padrón municipal, tablas provinciales 2854–2909"
02003,2010,170475,"INE, Padrón municipal, tablas provinciales 2854–2909"
02003,2011,171390,"INE, Padrón municipal, tablas provinciales 2854–2909"
02003,2012,172472,"INE, Padrón municipal, tablas provinciales 2854–2909"
02003,2013,172693,"INE, Padrón municipal, tablas provinciales 2854–2909"
02003,2014,172487,"INE, Padrón municipal, tablas provinciales 2854–2909"
02003,2015,172121,"INE, Padrón municipal, tablas provinciales 2854–2909"
02003,2016,172426,"INE, Padrón municipal, tablas provinciales 2854–2909"
02003,2017,172816,"INE, Padrón municipal, tablas provinciales 2854–2909"
02003,2018,173050,"INE, Padrón municipal, tablas provinciales 2854–2909"
02003,2019,173329,"INE, Padrón municipal, tablas provinciales 2854–2909"
02003,2020,174336,"INE, Padrón municipal, tablas provinciales 2854–2909"
02003,2021,172722,"INE, Padrón municipal, tablas provinciales 2854–2909"
02003,2022,172357,"INE, Padrón municipal, tablas provinciales 2854–2909"
02003,2023,173206,"INE, Padrón municipal, tablas provinciales 2854–2909"
02003,2024,174137,"INE, Padrón municipal, tablas provinciales 2854–2909"
02003,2025,175400,"INE, Padrón municipal, tablas provinciales 2854–2909"
02009,1996,23507,"INE, Padrón municipal, tablas provinciales 2854–2909"
02009,1998,23658,"INE, Padrón municipal, tablas provinciales 2854–2909"
02009,1999,23612,"INE, Padrón municipal, tablas provinciales 2854–2909"
02009,2000,23775,"INE, Padrón municipal, tablas provinciales 2854–2909"
02009,2001,23782,"INE, Padrón municipal, tablas provinciales 2854–2909"
02009,2002,24210,"INE, Padrón municipal, tablas provinciales 2854–2909"
02009,2003,24454,"INE, Padrón municipal, tablas provinciales 2854–2909"
02009,2004,24689,"INE, Padrón municipal, tablas provinciales 2854–2909"
02009,2005,24974,"INE, Padrón municipal, tablas provinciales 2854–2909"
02009,2006,25075,"INE, Padrón municipal, tablas provinciales 2854–2909"
02009,2007,25272,"INE, Padrón municipal, tablas provinciales 2854–2909"
02009,2008,25591,"INE, Padrón municipal, tablas provinciales 2854–2909"
02009,2009,25727,"INE, Padrón municipal, tablas provinciales 2854–2909"
02009,2010,25654,"INE, Padrón municipal, tablas provinciales 2854–2909"
02009,2011,25432,"INE, Padrón municipal, tablas provinciales 2854–2909"
02009,2012,25374,"INE, Padrón municipal, tablas provinciales 2854–2909"
02009,2013,25279,"INE, Padrón municipal, tablas provinciales 2854–2909"
02009,2014,25024,"INE, Padrón municipal, tablas provinciales 2854–2909"
02009,2015,24837,"INE, Padrón municipal, tablas provinciales 2854–2909"
02009,2016,24800,"INE, Padrón municipal, tablas provinciales 2854–2909"
02009,2017,24566,"INE, Padrón municipal, tablas provinciales 2854–2909"
02009,2018,24537,"INE, Padrón municipal, tablas provinciales 2854–2909"
02009,2019,24419,"INE, Padrón municipal, tablas provinciales 2854–2909"
02009,2020,24511,"INE, Padrón municipal, tablas provinciales 2854–2909"
02009,2021,24388,"INE, Padrón municipal, tablas provinciales 2854–2909"
02009,2022,24224,"INE, Padrón municipal, tablas provinciales 2854–2909"
02009,2023,24282,"INE, Padrón municipal, tablas provinciales 2854–2909"
02009,2024,24281,"INE, Padrón municipal, tablas provinciales 2854–2909"
02009,2025,24615,"INE, Padrón municipal, tablas provinciales 2854–2909"
02037,1996,26021,"INE, Padrón municipal, tablas provinciales 2854–2909"
02037,1998,25978,"INE, Padrón municipal, tablas provinciales 2854–2909"
02037,1999,26205,"INE, Padrón municipal, tablas provinciales 2854–2909"
02037,2000,26581,"INE, Padrón municipal, tablas provinciales 2854–2909"
02037,2001,27609,"INE, Padrón municipal, tablas provinciales 2854–2909"
02037,2002,28123,"INE, Padrón municipal, tablas provinciales 2854–2909"
02037,2003,28890,"INE, Padrón municipal, tablas provinciales 2854–2909"
02037,2004,29303,"INE, Padrón municipal, tablas provinciales 2854–2909"
02037,2005,29847,"INE, Padrón municipal, tablas provinciales 2854–2909"
02037,2006,30024,"INE, Padrón municipal, tablas provinciales 2854–2909"
02037,2007,30366,"INE, Padrón municipal, tablas provinciales 2854–2909"
02037,2008,31054,"INE, Padrón municipal, tablas provinciales 2854–2909"
02037,2009,30976,"INE, Padrón municipal, tablas provinciales 2854–2909"
02037,2010,31109,"INE, Padrón municipal, tablas provinciales 2854–2909"
02037,2011,31199,"INE, Padrón municipal, tablas provinciales 2854–2909"
02037,2012,31262,"INE, Padrón municipal, tablas provinciales 2854–2909"
02037,2013,31029,"INE, Padrón municipal, tablas provinciales 2854–2909"
02037,2014,30862,"INE, Padrón municipal, tablas provinciales 2854–2909"
02037,2015,30592,"INE, Padrón municipal, tablas provinciales 2854–2909"
02037,2016,30419,"INE, Padrón municipal, tablas provinciales 2854–2909"
02037,2017,30184,"INE, Padrón municipal, tablas provinciales 2854–2909"
02037,2018,30268,"INE, Padrón municipal, tablas provinciales 2854–2909"
02037,2019,30306,"INE, Padrón municipal, tablas provinciales 2854–2909"
02037,2020,30200,"INE, Padrón municipal, tablas provinciales 2854–2909"
02037,2021,30427,"INE, Padrón municipal, tablas provinciales 2854–2909"
02037,2022,30492,"INE, Padrón municipal, tablas provinciales 2854–2909"
02037,2023,30516,"INE, Padrón municipal, tablas provinciales 2854–2909"
02037,2024,30812,"INE, Padrón municipal, tablas provinciales 2854–2909"
02037,2025,30836,"INE, Padrón municipal, tablas provinciales 2854–2909"
02081,1996,22165,"INE, Padrón municipal, tablas provinciales 2854–2909"
02081,1998,22178,"INE, Padrón municipal, tablas provinciales 2854–2909"
02081,1999,22197,"INE, Padrón municipal, tablas provinciales 2854–2909"
02081,2000,22276,"INE, Padrón municipal, tablas provinciales 2854–2909"
02081,2001,22936,"INE, Padrón municipal, tablas provinciales 2854–2909"
02081,2002,23416,"INE, Padrón municipal, tablas provinciales 2854–2909"
02081,2003,24074,"INE, Padrón municipal, tablas provinciales 2854–2909"
02081,2004,24373,"INE, Padrón municipal, tablas provinciales 2854–2909"
02081,2005,24729,"INE, Padrón municipal, tablas provinciales 2854–2909"
02081,2006,25485,"INE, Padrón municipal, tablas provinciales 2854–2909"
02081,2007,25417,"INE, Padrón municipal, tablas provinciales 2854–2909"
02081,2008,26311,"INE, Padrón municipal, tablas provinciales 2854–2909"
02081,2009,26642,"INE, Padrón municipal, tablas provinciales 2854–2909"
02081,2010,26686,"INE, Padrón municipal, tablas provinciales 2854–2909"
02081,2011,26485,"INE, Padrón municipal, tablas provinciales 2854–2909"
02081,2012,26583,"INE, Padrón municipal, tablas provinciales 2854–2909"
02081,2013,26513,"INE, Padrón municipal, tablas provinciales 2854–2909"
02081,2014,26419,"INE, Padrón municipal, tablas provinciales 2854–2909"
02081,2015,25989,"INE, Padrón municipal, tablas provinciales 2854–2909"
02081,2016,25589,"INE, Padrón municipal, tablas provinciales 2854–2909"
02081,2017,25317,"INE, Padrón municipal, tablas provinciales 2854–2909"
02081,2018,25241,"INE, Padrón municipal, tablas provinciales 2854–2909"
02081,2019,25184,"INE, Padrón municipal, tablas provinciales 2854–2909"
02081,2020,25116,"INE, Padrón municipal, tablas provinciales 2854–2909"
02081,2021,24978,"INE, Padrón municipal, tablas provinciales 2854–2909"
02081,2022,24886,"INE, Padrón municipal, tablas provinciales 2854–2909"
02081,2023,25189,"INE, Padrón municipal, tablas provinciales 2854–2909"
02081,2024,25262,"INE, Padrón municipal, tablas provinciales 2854–2909"
02081,2025,25400,"INE, Padrón municipal, tablas provinciales 2854–2909"
03009,1996,60921,"INE, Padrón municipal, tablas provinciales 2854–2909"
03009,1998,60476,"INE, Padrón municipal, tablas provinciales 2854–2909"
03009,1999,60476,"INE, Padrón municipal, tablas provinciales 2854–2909"
03009,2000,60423,"INE, Padrón municipal, tablas provinciales 2854–2909"
03009,2001,60288,"INE, Padrón municipal, tablas provinciales 2854–2909"
03009,2002,60465,"INE, Padrón municipal, tablas provinciales 2854–2909"
03009,2003,60036,"INE, Padrón municipal, tablas provinciales 2854–2909"
03009,2004,60532,"INE, Padrón municipal, tablas provinciales 2854–2909"
03009,2005,60931,"INE, Padrón municipal, tablas provinciales 2854–2909"
03009,2006,60590,"INE, Padrón municipal, tablas provinciales 2854–2909"
03009,2007,60700,"INE, Padrón municipal, tablas provinciales 2854–2909"
03009,2008,61698,"INE, Padrón municipal, tablas provinciales 2854–2909"
03009,2009,61552,"INE, Padrón municipal, tablas provinciales 2854–2909"
03009,2010,61417,"INE, Padrón municipal, tablas provinciales 2854–2909"
03009,2011,61093,"INE, Padrón municipal, tablas provinciales 2854–2909"
03009,2012,60837,"INE, Padrón municipal, tablas provinciales 2854–2909"
03009,2013,60105,"INE, Padrón municipal, tablas provinciales 2854–2909"
03009,2014,59675,"INE, Padrón municipal, tablas provinciales 2854–2909"
03009,2015,59567,"INE, Padrón municipal, tablas provinciales 2854–2909"
03009,2016,59198,"INE, Padrón municipal, tablas provinciales 2854–2909"
03009,2017,59106,"INE, Padrón municipal, tablas provinciales 2854–2909"
03009,2018,58977,"INE, Padrón municipal, tablas provinciales 2854–2909"
03009,2019,58994,"INE, Padrón municipal, tablas provinciales 2854–2909"
03009,2020,59354,"INE, Padrón municipal, tablas provinciales 2854–2909"
03009,2021,59128,"INE, Padrón municipal, tablas provinciales 2854–2909"
03009,2022,58960,"INE, Padrón municipal, tablas provinciales 2854–2909"
03009,2023,59493,"INE, Padrón municipal, tablas provinciales 2854–2909"
03009,2024,60372,"INE, Padrón municipal, tablas provinciales 2854–2909"
03009,2025,61468,"INE, Padrón municipal, tablas provinciales 2854–2909"
03014,1996,274577,"INE, Padrón municipal, tablas provinciales 2854–2909"
03014,1998,272432,"INE, Padrón municipal, tablas provinciales 2854–2909"
03014,1999,272432,"INE, Padrón municipal, tablas provinciales 2854–2909"
03014,2000,276886,"INE, Padrón municipal, tablas provinciales 2854–2909"
03014,2001,283243,"INE, Padrón municipal, tablas provinciales 2854–2909"
03014,2002,293629,"INE, Padrón municipal, tablas provinciales 2854–2909"
03014,2003,305911,"INE, Padrón municipal, tablas provinciales 2854–2909"
03014,2004,310330,"INE, Padrón municipal, tablas provinciales 2854–2909"
03014,2005,319380,"INE, Padrón municipal, tablas provinciales 2854–2909"
03014,2006,322431,"INE, Padrón municipal, tablas provinciales 2854–2909"
03014,2007,322673,"INE, Padrón municipal, tablas provinciales 2854–2909"
03014,2008,331750,"INE, Padrón municipal, tablas provinciales 2854–2909"
03014,2009,334757,"INE, Padrón municipal, tablas provinciales 2854–2909"
03014,2010,334418,"INE, Padrón municipal, tablas provinciales 2854–2909"
03014,2011,334329,"INE, Padrón municipal, tablas provinciales 2854–2909"
03014,2012,334678,"INE, Padrón municipal, tablas provinciales 2854–2909"
03014,2013,335052,"INE, Padrón municipal, tablas provinciales 2854–2909"
03014,2014,332067,"INE, Padrón municipal, tablas provinciales 2854–2909"
03014,2015,328648,"INE, Padrón municipal, tablas provinciales 2854–2909"
03014,2016,330525,"INE, Padrón municipal, tablas provinciales 2854–2909"
03014,2017,329988,"INE, Padrón municipal, tablas provinciales 2854–2909"
03014,2018,331577,"INE, Padrón municipal, tablas provinciales 2854–2909"
03014,2019,334887,"INE, Padrón municipal, tablas provinciales 2854–2909"
03014,2020,337482,"INE, Padrón municipal, tablas provinciales 2854–2909"
03014,2021,337304,"INE, Padrón municipal, tablas provinciales 2854–2909"
03014,2022,338577,"INE, Padrón municipal, tablas provinciales 2854–2909"
03014,2023,349282,"INE, Padrón municipal, tablas provinciales 2854–2909"
03014,2024,358720,"INE, Padrón municipal, tablas provinciales 2854–2909"
03014,2025,366221,"INE, Padrón municipal, tablas provinciales 2854–2909"
03031,1996,50040,"INE, Padrón municipal, tablas provinciales 2854–2909"
03031,1998,50946,"INE, Padrón municipal, tablas provinciales 2854–2909"
03031,1999,52845,"INE, Padrón municipal, tablas provinciales 2854–2909"
03031,2000,54321,"INE, Padrón municipal, tablas provinciales 2854–2909"
03031,2001,57227,"INE, Padrón municipal, tablas provinciales 2854–2909"
03031,2002,61352,"INE, Padrón municipal, tablas provinciales 2854–2909"
03031,2003,64267,"INE, Padrón municipal, tablas provinciales 2854–2909"
03031,2004,64956,"INE, Padrón municipal, tablas provinciales 2854–2909"
03031,2005,67492,"INE, Padrón municipal, tablas provinciales 2854–2909"
03031,2006,67627,"INE, Padrón municipal, tablas provinciales 2854–2909"
03031,2007,69058,"INE, Padrón municipal, tablas provinciales 2854–2909"
03031,2008,70280,"INE, Padrón municipal, tablas provinciales 2854–2909"
03031,2009,71034,"INE, Padrón municipal, tablas provinciales 2854–2909"
03031,2010,71198,"INE, Padrón municipal, tablas provinciales 2854–2909"
03031,2011,72062,"INE, Padrón municipal, tablas provinciales 2854–2909"
03031,2012,72991,"INE, Padrón municipal, tablas provinciales 2854–2909"
03031,2013,73768,"INE, Padrón municipal, tablas provinciales 2854–2909"
03031,2014,69010,"INE, Padrón municipal, tablas provinciales 2854–2909"
03031,2015,69045,"INE, Padrón municipal, tablas provinciales 2854–2909"
03031,2016,66642,"INE, Padrón municipal, tablas provinciales 2854–2909"
03031,2017,66831,"INE, Padrón municipal, tablas provinciales 2854–2909"
03031,2018,67558,"INE, Padrón municipal, tablas provinciales 2854–2909"
03031,2019,68721,"INE, Padrón municipal, tablas provinciales 2854–2909"
03031,2020,70450,"INE, Padrón municipal, tablas provinciales 2854–2909"
03031,2021,69118,"INE, Padrón municipal, tablas provinciales 2854–2909"
03031,2022,69738,"INE, Padrón municipal, tablas provinciales 2854–2909"
03031,2023,72342,"INE, Padrón municipal, tablas provinciales 2854–2909"
03031,2024,74663,"INE, Padrón municipal, tablas provinciales 2854–2909"
03031,2025,77327,"INE, Padrón municipal, tablas provinciales 2854–2909"
03047,1996,14216,"INE, Padrón municipal, tablas provinciales 2854–2909"
03047,1998,14819,"INE, Padrón municipal, tablas provinciales 2854–2909"
03047,1999,15605,"INE, Padrón municipal, tablas provinciales 2854–2909"
03047,2000,16733,"INE, Padrón municipal, tablas provinciales 2854–2909"
03047,2001,18037,"INE, Padrón municipal, tablas provinciales 2854–2909"
03047,2002,20103,"INE, Padrón municipal, tablas provinciales 2854–2909"
03047,2003,22446,"INE, Padrón municipal, tablas provinciales 2854–2909"
03047,2004,23653,"INE, Padrón municipal, tablas provinciales 2854–2909"
03047,2005,25190,"INE, Padrón municipal, tablas provinciales 2854–2909"
03047,2006,26382,"INE, Padrón municipal, tablas provinciales 2854–2909"
03047,2007,27768,"INE, Padrón municipal, tablas provinciales 2854–2909"
03047,2008,29228,"INE, Padrón municipal, tablas provinciales 2854–2909"
03047,2009,29666,"INE, Padrón municipal, tablas provinciales 2854–2909"
03047,2010,29909,"INE, Padrón municipal, tablas provinciales 2854–2909"
03047,2011,29718,"INE, Padrón municipal, tablas provinciales 2854–2909"
03047,2012,29550,"INE, Padrón municipal, tablas provinciales 2854–2909"
03047,2013,29442,"INE, Padrón municipal, tablas provinciales 2854–2909"
03047,2014,22437,"INE, Padrón municipal, tablas provinciales 2854–2909"
03047,2015,21540,"INE, Padrón municipal, tablas provinciales 2854–2909"
03047,2016,19591,"INE, Padrón municipal, tablas provinciales 2854–2909"
03047,2017,20804,"INE, Padrón municipal, tablas provinciales 2854–2909"
03047,2018,21633,"INE, Padrón municipal, tablas provinciales 2854–2909"
03047,2019,22725,"INE, Padrón municipal, tablas provinciales 2854–2909"
03047,2020,23326,"INE, Padrón municipal, tablas provinciales 2854–2909"
03047,2021,23530,"INE, Padrón municipal, tablas provinciales 2854–2909"
03047,2022,24096,"INE, Padrón municipal, tablas provinciales 2854–2909"
03047,2023,25854,"INE, Padrón municipal, tablas provinciales 2854–2909"
03047,2024,26821,"INE, Padrón municipal, tablas provinciales 2854–2909"
03047,2025,27616,"INE, Padrón municipal, tablas provinciales 2854–2909"
03050,1996,15200,"INE, Padrón municipal, tablas provinciales 2854–2909"
03050,1998,16173,"INE, Padrón municipal, tablas provinciales 2854–2909"
03050,1999,17564,"INE, Padrón municipal, tablas provinciales 2854–2909"
03050,2000,18366,"INE, Padrón municipal, tablas provinciales 2854–2909"
03050,2001,19238,"INE, Padrón municipal, tablas provinciales 2854–2909"
03050,2002,20393,"INE, Padrón municipal, tablas provinciales 2854–2909"
03050,2003,21761,"INE, Padrón municipal, tablas provinciales 2854–2909"
03050,2004,22380,"INE, Padrón municipal, tablas provinciales 2854–2909"
03050,2005,23640,"INE, Padrón municipal, tablas provinciales 2854–2909"
03050,2006,24674,"INE, Padrón municipal, tablas provinciales 2854–2909"
03050,2007,25055,"INE, Padrón municipal, tablas provinciales 2854–2909"
03050,2008,26043,"INE, Padrón municipal, tablas provinciales 2854–2909"
03050,2009,26511,"INE, Padrón municipal, tablas provinciales 2854–2909"
03050,2010,26941,"INE, Padrón municipal, tablas provinciales 2854–2909"
03050,2011,27345,"INE, Padrón municipal, tablas provinciales 2854–2909"
03050,2012,27709,"INE, Padrón municipal, tablas provinciales 2854–2909"
03050,2013,28184,"INE, Padrón municipal, tablas provinciales 2854–2909"
03050,2014,27081,"INE, Padrón municipal, tablas provinciales 2854–2909"
03050,2015,27356,"INE, Padrón municipal, tablas provinciales 2854–2909"
03050,2016,27384,"INE, Padrón municipal, tablas provinciales 2854–2909"
03050,2017,27604,"INE, Padrón municipal, tablas provinciales 2854–2909"
03050,2018,27893,"INE, Padrón municipal, tablas provinciales 2854–2909"
03050,2019,28349,"INE, Padrón municipal, tablas provinciales 2854–2909"
03050,2020,28930,"INE, Padrón municipal, tablas provinciales 2854–2909"
03050,2021,29013,"INE, Padrón municipal, tablas provinciales 2854–2909"
03050,2022,29409,"INE, Padrón municipal, tablas provinciales 2854–2909"
03050,2023,29993,"INE, Padrón municipal, tablas provinciales 2854–2909"
03050,2024,30600,"INE, Padrón municipal, tablas provinciales 2854–2909"
03050,2025,31419,"INE, Padrón municipal, tablas provinciales 2854–2909"
03059,1996,23781,"INE, Padrón municipal, tablas provinciales 2854–2909"
03059,1998,23945,"INE, Padrón municipal, tablas provinciales 2854–2909"
03059,1999,24408,"INE, Padrón municipal, tablas provinciales 2854–2909"
03059,2000,24690,"INE, Padrón municipal, tablas provinciales 2854–2909"
03059,2001,25101,"INE, Padrón municipal, tablas provinciales 2854–2909"
03059,2002,25654,"INE, Padrón municipal, tablas provinciales 2854–2909"
03059,2003,26260,"INE, Padrón municipal, tablas provinciales 2854–2909"
03059,2004,26632,"INE, Padrón municipal, tablas provinciales 2854–2909"
03059,2005,27323,"INE, Padrón municipal, tablas provinciales 2854–2909"
03059,2006,27815,"INE, Padrón municipal, tablas provinciales 2854–2909"
03059,2007,28172,"INE, Padrón municipal, tablas provinciales 2854–2909"
03059,2008,28432,"INE, Padrón municipal, tablas provinciales 2854–2909"
03059,2009,28609,"INE, Padrón municipal, tablas provinciales 2854–2909"
03059,2010,28738,"INE, Padrón municipal, tablas provinciales 2854–2909"
03059,2011,28362,"INE, Padrón municipal, tablas provinciales 2854–2909"
03059,2012,28439,"INE, Padrón municipal, tablas provinciales 2854–2909"
03059,2013,28382,"INE, Padrón municipal, tablas provinciales 2854–2909"
03059,2014,28328,"INE, Padrón municipal, tablas provinciales 2854–2909"
03059,2015,28465,"INE, Padrón municipal, tablas provinciales 2854–2909"
03059,2016,28691,"INE, Padrón municipal, tablas provinciales 2854–2909"
03059,2017,28836,"INE, Padrón municipal, tablas provinciales 2854–2909"
03059,2018,28957,"INE, Padrón municipal, tablas provinciales 2854–2909"
03059,2019,28952,"INE, Padrón municipal, tablas provinciales 2854–2909"
03059,2020,29536,"INE, Padrón municipal, tablas provinciales 2854–2909"
03059,2021,29717,"INE, Padrón municipal, tablas provinciales 2854–2909"
03059,2022,29881,"INE, Padrón municipal, tablas provinciales 2854–2909"
03059,2023,30191,"INE, Padrón municipal, tablas provinciales 2854–2909"
03059,2024,30585,"INE, Padrón municipal, tablas provinciales 2854–2909"
03059,2025,30921,"INE, Padrón municipal, tablas provinciales 2854–2909"
03063,1996,27469,"INE, Padrón municipal, tablas provinciales 2854–2909"
03063,1998,28629,"INE, Padrón municipal, tablas provinciales 2854–2909"
03063,1999,29585,"INE, Padrón municipal, tablas provinciales 2854–2909"
03063,2000,30693,"INE, Padrón municipal, tablas provinciales 2854–2909"
03063,2001,32332,"INE, Padrón municipal, tablas provinciales 2854–2909"
03063,2002,34686,"INE, Padrón municipal, tablas provinciales 2854–2909"
03063,2003,37773,"INE, Padrón municipal, tablas provinciales 2854–2909"
03063,2004,38584,"INE, Padrón municipal, tablas provinciales 2854–2909"
03063,2005,40601,"INE, Padrón municipal, tablas provinciales 2854–2909"
03063,2006,41591,"INE, Padrón municipal, tablas provinciales 2854–2909"
03063,2007,42704,"INE, Padrón municipal, tablas provinciales 2854–2909"
03063,2008,44035,"INE, Padrón municipal, tablas provinciales 2854–2909"
03063,2009,44464,"INE, Padrón municipal, tablas provinciales 2854–2909"
03063,2010,44498,"INE, Padrón municipal, tablas provinciales 2854–2909"
03063,2011,44726,"INE, Padrón municipal, tablas provinciales 2854–2909"
03063,2012,44455,"INE, Padrón municipal, tablas provinciales 2854–2909"
03063,2013,44450,"INE, Padrón municipal, tablas provinciales 2854–2909"
03063,2014,41672,"INE, Padrón municipal, tablas provinciales 2854–2909"
03063,2015,41553,"INE, Padrón municipal, tablas provinciales 2854–2909"
03063,2016,41465,"INE, Padrón municipal, tablas provinciales 2854–2909"
03063,2017,41568,"INE, Padrón municipal, tablas provinciales 2854–2909"
03063,2018,41733,"INE, Padrón municipal, tablas provinciales 2854–2909"
03063,2019,42166,"INE, Padrón municipal, tablas provinciales 2854–2909"
03063,2020,42827,"INE, Padrón municipal, tablas provinciales 2854–2909"
03063,2021,42953,"INE, Padrón municipal, tablas provinciales 2854–2909"
03063,2022,43899,"INE, Padrón municipal, tablas provinciales 2854–2909"
03063,2023,45622,"INE, Padrón municipal, tablas provinciales 2854–2909"
03063,2024,46942,"INE, Padrón municipal, tablas provinciales 2854–2909"
03063,2025,47261,"INE, Padrón municipal, tablas provinciales 2854–2909"
03065,1996,191660,"INE, Padrón municipal, tablas provinciales 2854–2909"
03065,1998,191713,"INE, Padrón municipal, tablas provinciales 2854–2909"
03065,1999,193174,"INE, Padrón municipal, tablas provinciales 2854–2909"
03065,2000,195791,"INE, Padrón municipal, tablas provinciales 2854–2909"
03065,2001,198190,"INE, Padrón municipal, tablas provinciales 2854–2909"
03065,2002,201731,"INE, Padrón municipal, tablas provinciales 2854–2909"
03065,2003,207163,"INE, Padrón municipal, tablas provinciales 2854–2909"
03065,2004,209439,"INE, Padrón municipal, tablas provinciales 2854–2909"
03065,2005,215137,"INE, Padrón municipal, tablas provinciales 2854–2909"
03065,2006,219032,"INE, Padrón municipal, tablas provinciales 2854–2909"
03065,2007,222422,"INE, Padrón municipal, tablas provinciales 2854–2909"
03065,2008,228348,"INE, Padrón municipal, tablas provinciales 2854–2909"
03065,2009,230112,"INE, Padrón municipal, tablas provinciales 2854–2909"
03065,2010,230822,"INE, Padrón municipal, tablas provinciales 2854–2909"
03065,2011,230354,"INE, Padrón municipal, tablas provinciales 2854–2909"
03065,2012,230587,"INE, Padrón municipal, tablas provinciales 2854–2909"
03065,2013,230224,"INE, Padrón municipal, tablas provinciales 2854–2909"
03065,2014,228647,"INE, Padrón municipal, tablas provinciales 2854–2909"
03065,2015,227312,"INE, Padrón municipal, tablas provinciales 2854–2909"
03065,2016,227659,"INE, Padrón municipal, tablas provinciales 2854–2909"
03065,2017,228675,"INE, Padrón municipal, tablas provinciales 2854–2909"
03065,2018,230625,"INE, Padrón municipal, tablas provinciales 2854–2909"
03065,2019,232517,"INE, Padrón municipal, tablas provinciales 2854–2909"
03065,2020,234765,"INE, Padrón municipal, tablas provinciales 2854–2909"
03065,2021,234205,"INE, Padrón municipal, tablas provinciales 2854–2909"
03065,2022,235580,"INE, Padrón municipal, tablas provinciales 2854–2909"
03065,2023,238293,"INE, Padrón municipal, tablas provinciales 2854–2909"
03065,2024,243128,"INE, Padrón municipal, tablas provinciales 2854–2909"
03065,2025,245557,"INE, Padrón municipal, tablas provinciales 2854–2909"
03066,1996,52751,"INE, Padrón municipal, tablas provinciales 2854–2909"
03066,1998,52490,"INE, Padrón municipal, tablas provinciales 2854–2909"
03066,1999,51228,"INE, Padrón municipal, tablas provinciales 2854–2909"
03066,2000,51501,"INE, Padrón municipal, tablas provinciales 2854–2909"
03066,2001,51816,"INE, Padrón municipal, tablas provinciales 2854–2909"
03066,2002,53103,"INE, Padrón municipal, tablas provinciales 2854–2909"
03066,2003,54086,"INE, Padrón municipal, tablas provinciales 2854–2909"
03066,2004,55576,"INE, Padrón municipal, tablas provinciales 2854–2909"
03066,2005,55571,"INE, Padrón municipal, tablas provinciales 2854–2909"
03066,2006,55138,"INE, Padrón municipal, tablas provinciales 2854–2909"
03066,2007,55289,"INE, Padrón municipal, tablas provinciales 2854–2909"
03066,2008,55174,"INE, Padrón municipal, tablas provinciales 2854–2909"
03066,2009,55168,"INE, Padrón municipal, tablas provinciales 2854–2909"
03066,2010,54815,"INE, Padrón municipal, tablas provinciales 2854–2909"
03066,2011,54610,"INE, Padrón municipal, tablas provinciales 2854–2909"
03066,2012,54536,"INE, Padrón municipal, tablas provinciales 2854–2909"
03066,2013,54056,"INE, Padrón municipal, tablas provinciales 2854–2909"
03066,2014,53540,"INE, Padrón municipal, tablas provinciales 2854–2909"
03066,2015,53248,"INE, Padrón municipal, tablas provinciales 2854–2909"
03066,2016,52745,"INE, Padrón municipal, tablas provinciales 2854–2909"
03066,2017,52620,"INE, Padrón municipal, tablas provinciales 2854–2909"
03066,2018,52404,"INE, Padrón municipal, tablas provinciales 2854–2909"
03066,2019,52618,"INE, Padrón municipal, tablas provinciales 2854–2909"
03066,2020,52813,"INE, Padrón municipal, tablas provinciales 2854–2909"
03066,2021,52551,"INE, Padrón municipal, tablas provinciales 2854–2909"
03066,2022,52297,"INE, Padrón municipal, tablas provinciales 2854–2909"
03066,2023,53034,"INE, Padrón municipal, tablas provinciales 2854–2909"
03066,2024,53818,"INE, Padrón municipal, tablas provinciales 2854–2909"
03066,2025,55222,"INE, Padrón municipal, tablas provinciales 2854–2909"
03082,1996,21393,"INE, Padrón municipal, tablas provinciales 2854–2909"
03082,1998,21084,"INE, Padrón municipal, tablas provinciales 2854–2909"
03082,1999,21996,"INE, Padrón municipal, tablas provinciales 2854–2909"
03082,2000,23133,"INE, Padrón municipal, tablas provinciales 2854–2909"
03082,2001,24645,"INE, Padrón municipal, tablas provinciales 2854–2909"
03082,2002,26368,"INE, Padrón municipal, tablas provinciales 2854–2909"
03082,2003,28493,"INE, Padrón municipal, tablas provinciales 2854–2909"
03082,2004,26649,"INE, Padrón municipal, tablas provinciales 2854–2909"
03082,2005,28242,"INE, Padrón municipal, tablas provinciales 2854–2909"
03082,2006,29279,"INE, Padrón municipal, tablas provinciales 2854–2909"
03082,2007,29923,"INE, Padrón municipal, tablas provinciales 2854–2909"
03082,2008,31140,"INE, Padrón municipal, tablas provinciales 2854–2909"
03082,2009,31593,"INE, Padrón municipal, tablas provinciales 2854–2909"
03082,2010,31909,"INE, Padrón municipal, tablas provinciales 2854–2909"
03082,2011,32469,"INE, Padrón municipal, tablas provinciales 2854–2909"
03082,2012,32983,"INE, Padrón municipal, tablas provinciales 2854–2909"
03082,2013,33149,"INE, Padrón municipal, tablas provinciales 2854–2909"
03082,2014,29067,"INE, Padrón municipal, tablas provinciales 2854–2909"
03082,2015,27681,"INE, Padrón municipal, tablas provinciales 2854–2909"
03082,2016,27225,"INE, Padrón municipal, tablas provinciales 2854–2909"
03082,2017,27060,"INE, Padrón municipal, tablas provinciales 2854–2909"
03082,2018,27224,"INE, Padrón municipal, tablas provinciales 2854–2909"
03082,2019,27604,"INE, Padrón municipal, tablas provinciales 2854–2909"
03082,2020,28016,"INE, Padrón municipal, tablas provinciales 2854–2909"
03082,2021,27983,"INE, Padrón municipal, tablas provinciales 2854–2909"
03082,2022,28731,"INE, Padrón municipal, tablas provinciales 2854–2909"
03082,2023,29760,"INE, Padrón municipal, tablas provinciales 2854–2909"
03082,2024,30131,"INE, Padrón municipal, tablas provinciales 2854–2909"
03082,2025,30642,"INE, Padrón municipal, tablas provinciales 2854–2909"
03093,1996,23188,"INE, Padrón municipal, tablas provinciales 2854–2909"
03093,1998,23190,"INE, Padrón municipal, tablas provinciales 2854–2909"
03093,1999,23665,"INE, Padrón municipal, tablas provinciales 2854–2909"
03093,2000,23830,"INE, Padrón municipal, tablas provinciales 2854–2909"
03093,2001,24111,"INE, Padrón municipal, tablas provinciales 2854–2909"
03093,2002,24885,"INE, Padrón municipal, tablas provinciales 2854–2909"
03093,2003,25399,"INE, Padrón municipal, tablas provinciales 2854–2909"
03093,2004,25653,"INE, Padrón municipal, tablas provinciales 2854–2909"
03093,2005,26233,"INE, Padrón municipal, tablas provinciales 2854–2909"
03093,2006,26335,"INE, Padrón municipal, tablas provinciales 2854–2909"
03093,2007,26525,"INE, Padrón municipal, tablas provinciales 2854–2909"
03093,2008,27008,"INE, Padrón municipal, tablas provinciales 2854–2909"
03093,2009,27135,"INE, Padrón municipal, tablas provinciales 2854–2909"
03093,2010,27104,"INE, Padrón municipal, tablas provinciales 2854–2909"
03093,2011,26873,"INE, Padrón municipal, tablas provinciales 2854–2909"
03093,2012,26692,"INE, Padrón municipal, tablas provinciales 2854–2909"
03093,2013,26517,"INE, Padrón municipal, tablas provinciales 2854–2909"
03093,2014,26292,"INE, Padrón municipal, tablas provinciales 2854–2909"
03093,2015,26146,"INE, Padrón municipal, tablas provinciales 2854–2909"
03093,2016,26054,"INE, Padrón municipal, tablas provinciales 2854–2909"
03093,2017,25868,"INE, Padrón municipal, tablas provinciales 2854–2909"
03093,2018,25725,"INE, Padrón municipal, tablas provinciales 2854–2909"
03093,2019,25651,"INE, Padrón municipal, tablas provinciales 2854–2909"
03093,2020,25741,"INE, Padrón municipal, tablas provinciales 2854–2909"
03093,2021,25611,"INE, Padrón municipal, tablas provinciales 2854–2909"
03093,2022,25592,"INE, Padrón municipal, tablas provinciales 2854–2909"
03093,2023,25771,"INE, Padrón municipal, tablas provinciales 2854–2909"
03093,2024,26213,"INE, Padrón municipal, tablas provinciales 2854–2909"
03093,2025,26606,"INE, Padrón municipal, tablas provinciales 2854–2909"
03099,1996,50724,"INE, Padrón municipal, tablas provinciales 2854–2909"
03099,1998,50581,"INE, Padrón municipal, tablas provinciales 2854–2909"
03099,1999,51649,"INE, Padrón municipal, tablas provinciales 2854–2909"
03099,2000,53478,"INE, Padrón municipal, tablas provinciales 2854–2909"
03099,2001,56129,"INE, Padrón municipal, tablas provinciales 2854–2909"
03099,2002,61018,"INE, Padrón municipal, tablas provinciales 2854–2909"
03099,2003,67731,"INE, Padrón municipal, tablas provinciales 2854–2909"
03099,2004,68778,"INE, Padrón municipal, tablas provinciales 2854–2909"
03099,2005,75009,"INE, Padrón municipal, tablas provinciales 2854–2909"
03099,2006,77979,"INE, Padrón municipal, tablas provinciales 2854–2909"
03099,2007,80468,"INE, Padrón municipal, tablas provinciales 2854–2909"
03099,2008,84626,"INE, Padrón municipal, tablas provinciales 2854–2909"
03099,2009,86164,"INE, Padrón municipal, tablas provinciales 2854–2909"
03099,2010,87113,"INE, Padrón municipal, tablas provinciales 2854–2909"
03099,2011,88714,"INE, Padrón municipal, tablas provinciales 2854–2909"
03099,2012,90087,"INE, Padrón municipal, tablas provinciales 2854–2909"
03099,2013,91260,"INE, Padrón municipal, tablas provinciales 2854–2909"
03099,2014,83417,"INE, Padrón municipal, tablas provinciales 2854–2909"
03099,2015,82675,"INE, Padrón municipal, tablas provinciales 2854–2909"
03099,2016,80359,"INE, Padrón municipal, tablas provinciales 2854–2909"
03099,2017,76097,"INE, Padrón municipal, tablas provinciales 2854–2909"
03099,2018,76778,"INE, Padrón municipal, tablas provinciales 2854–2909"
03099,2019,77414,"INE, Padrón municipal, tablas provinciales 2854–2909"
03099,2020,78505,"INE, Padrón municipal, tablas provinciales 2854–2909"
03099,2021,78940,"INE, Padrón municipal, tablas provinciales 2854–2909"
03099,2022,80784,"INE, Padrón municipal, tablas provinciales 2854–2909"
03099,2023,82449,"INE, Padrón municipal, tablas provinciales 2854–2909"
03099,2024,83720,"INE, Padrón municipal, tablas provinciales 2854–2909"
03099,2025,84560,"INE, Padrón municipal, tablas provinciales 2854–2909"
03104,1996,26505,"INE, Padrón municipal, tablas provinciales 2854–2909"
03104,1998,27604,"INE, Padrón municipal, tablas provinciales 2854–2909"
03104,1999,28223,"INE, Padrón municipal, tablas provinciales 2854–2909"
03104,2000,28765,"INE, Padrón municipal, tablas provinciales 2854–2909"
03104,2001,29567,"INE, Padrón municipal, tablas provinciales 2854–2909"
03104,2002,30556,"INE, Padrón municipal, tablas provinciales 2854–2909"
03104,2003,31255,"INE, Padrón municipal, tablas provinciales 2854–2909"
03104,2004,31919,"INE, Padrón municipal, tablas provinciales 2854–2909"
03104,2005,32388,"INE, Padrón municipal, tablas provinciales 2854–2909"
03104,2006,33026,"INE, Padrón municipal, tablas provinciales 2854–2909"
03104,2007,33486,"INE, Padrón municipal, tablas provinciales 2854–2909"
03104,2008,34109,"INE, Padrón municipal, tablas provinciales 2854–2909"
03104,2009,34523,"INE, Padrón municipal, tablas provinciales 2854–2909"
03104,2010,34634,"INE, Padrón municipal, tablas provinciales 2854–2909"
03104,2011,34726,"INE, Padrón municipal, tablas provinciales 2854–2909"
03104,2012,34697,"INE, Padrón municipal, tablas provinciales 2854–2909"
03104,2013,34757,"INE, Padrón municipal, tablas provinciales 2854–2909"
03104,2014,34754,"INE, Padrón municipal, tablas provinciales 2854–2909"
03104,2015,34586,"INE, Padrón municipal, tablas provinciales 2854–2909"
03104,2016,34533,"INE, Padrón municipal, tablas provinciales 2854–2909"
03104,2017,34533,"INE, Padrón municipal, tablas provinciales 2854–2909"
03104,2018,34479,"INE, Padrón municipal, tablas provinciales 2854–2909"
03104,2019,34276,"INE, Padrón municipal, tablas provinciales 2854–2909"
03104,2020,34241,"INE, Padrón municipal, tablas provinciales 2854–2909"
03104,2021,34009,"INE, Padrón municipal, tablas provinciales 2854–2909"
03104,2022,33978,"INE, Padrón municipal, tablas provinciales 2854–2909"
03104,2023,33914,"INE, Padrón municipal, tablas provinciales 2854–2909"
03104,2024,34076,"INE, Padrón municipal, tablas provinciales 2854–2909"
03104,2025,34022,"INE, Padrón municipal, tablas provinciales 2854–2909"
03121,1996,17099,"INE, Padrón municipal, tablas provinciales 2854–2909"
03121,1998,17600,"INE, Padrón municipal, tablas provinciales 2854–2909"
03121,1999,18253,"INE, Padrón municipal, tablas provinciales 2854–2909"
03121,2000,18922,"INE, Padrón municipal, tablas provinciales 2854–2909"
03121,2001,19720,"INE, Padrón municipal, tablas provinciales 2854–2909"
03121,2002,20965,"INE, Padrón municipal, tablas provinciales 2854–2909"
03121,2003,22253,"INE, Padrón municipal, tablas provinciales 2854–2909"
03121,2004,23220,"INE, Padrón municipal, tablas provinciales 2854–2909"
03121,2005,25494,"INE, Padrón municipal, tablas provinciales 2854–2909"
03121,2006,27521,"INE, Padrón municipal, tablas provinciales 2854–2909"
03121,2007,29221,"INE, Padrón municipal, tablas provinciales 2854–2909"
03121,2008,30987,"INE, Padrón municipal, tablas provinciales 2854–2909"
03121,2009,31760,"INE, Padrón municipal, tablas provinciales 2854–2909"
03121,2010,32507,"INE, Padrón municipal, tablas provinciales 2854–2909"
03121,2011,33372,"INE, Padrón municipal, tablas provinciales 2854–2909"
03121,2012,33965,"INE, Padrón municipal, tablas provinciales 2854–2909"
03121,2013,34134,"INE, Padrón municipal, tablas provinciales 2854–2909"
03121,2014,31529,"INE, Padrón municipal, tablas provinciales 2854–2909"
03121,2015,31657,"INE, Padrón municipal, tablas provinciales 2854–2909"
03121,2016,31309,"INE, Padrón municipal, tablas provinciales 2854–2909"
03121,2017,31137,"INE, Padrón municipal, tablas provinciales 2854–2909"
03121,2018,31745,"INE, Padrón municipal, tablas provinciales 2854–2909"
03121,2019,32306,"INE, Padrón municipal, tablas provinciales 2854–2909"
03121,2020,33303,"INE, Padrón municipal, tablas provinciales 2854–2909"
03121,2021,34148,"INE, Padrón municipal, tablas provinciales 2854–2909"
03121,2022,36174,"INE, Padrón municipal, tablas provinciales 2854–2909"
03121,2023,37816,"INE, Padrón municipal, tablas provinciales 2854–2909"
03121,2024,38556,"INE, Padrón municipal, tablas provinciales 2854–2909"
03121,2025,39709,"INE, Padrón municipal, tablas provinciales 2854–2909"
03122,1996,34986,"INE, Padrón municipal, tablas provinciales 2854–2909"
03122,1998,36291,"INE, Padrón municipal, tablas provinciales 2854–2909"
03122,1999,37484,"INE, Padrón municipal, tablas provinciales 2854–2909"
03122,2000,37883,"INE, Padrón municipal, tablas provinciales 2854–2909"
03122,2001,39053,"INE, Padrón municipal, tablas provinciales 2854–2909"
03122,2002,40599,"INE, Padrón municipal, tablas provinciales 2854–2909"
03122,2003,42647,"INE, Padrón municipal, tablas provinciales 2854–2909"
03122,2004,44226,"INE, Padrón municipal, tablas provinciales 2854–2909"
03122,2005,46034,"INE, Padrón municipal, tablas provinciales 2854–2909"
03122,2006,47706,"INE, Padrón municipal, tablas provinciales 2854–2909"
03122,2007,49341,"INE, Padrón municipal, tablas provinciales 2854–2909"
03122,2008,51507,"INE, Padrón municipal, tablas provinciales 2854–2909"
03122,2009,53126,"INE, Padrón municipal, tablas provinciales 2854–2909"
03122,2010,54088,"INE, Padrón municipal, tablas provinciales 2854–2909"
03122,2011,54531,"INE, Padrón municipal, tablas provinciales 2854–2909"
03122,2012,55100,"INE, Padrón municipal, tablas provinciales 2854–2909"
03122,2013,55781,"INE, Padrón municipal, tablas provinciales 2854–2909"
03122,2014,55946,"INE, Padrón municipal, tablas provinciales 2854–2909"
03122,2015,56302,"INE, Padrón municipal, tablas provinciales 2854–2909"
03122,2016,56715,"INE, Padrón municipal, tablas provinciales 2854–2909"
03122,2017,57175,"INE, Padrón municipal, tablas provinciales 2854–2909"
03122,2018,57785,"INE, Padrón municipal, tablas provinciales 2854–2909"
03122,2019,58385,"INE, Padrón municipal, tablas provinciales 2854–2909"
03122,2020,58978,"INE, Padrón municipal, tablas provinciales 2854–2909"
03122,2021,58912,"INE, Padrón municipal, tablas provinciales 2854–2909"
03122,2022,59138,"INE, Padrón municipal, tablas provinciales 2854–2909"
03122,2023,59928,"INE, Padrón municipal, tablas provinciales 2854–2909"
03122,2024,60269,"INE, Padrón municipal, tablas provinciales 2854–2909"
03122,2025,60247,"INE, Padrón municipal, tablas provinciales 2854–2909"
03133,1996,35998,"INE, Padrón municipal, tablas provinciales 2854–2909"
03133,1998,38336,"INE, Padrón municipal, tablas provinciales 2854–2909"
03133,1999,42278,"INE, Padrón municipal, tablas provinciales 2854–2909"
03133,2000,50189,"INE, Padrón municipal, tablas provinciales 2854–2909"
03133,2001,58828,"INE, Padrón municipal, tablas provinciales 2854–2909"
03133,2002,69763,"INE, Padrón municipal, tablas provinciales 2854–2909"
03133,2003,77943,"INE, Padrón municipal, tablas provinciales 2854–2909"
03133,2004,75530,"INE, Padrón municipal, tablas provinciales 2854–2909"
03133,2005,84348,"INE, Padrón municipal, tablas provinciales 2854–2909"
03133,2006,92034,"INE, Padrón municipal, tablas provinciales 2854–2909"
03133,2007,94006,"INE, Padrón municipal, tablas provinciales 2854–2909"
03133,2008,101381,"INE, Padrón municipal, tablas provinciales 2854–2909"
03133,2009,101792,"INE, Padrón municipal, tablas provinciales 2854–2909"
03133,2010,101091,"INE, Padrón municipal, tablas provinciales 2854–2909"
03133,2011,102136,"INE, Padrón municipal, tablas provinciales 2854–2909"
03133,2012,103720,"INE, Padrón municipal, tablas provinciales 2854–2909"
03133,2013,105205,"INE, Padrón municipal, tablas provinciales 2854–2909"
03133,2014,91415,"INE, Padrón municipal, tablas provinciales 2854–2909"
03133,2015,88447,"INE, Padrón municipal, tablas provinciales 2854–2909"
03133,2016,84213,"INE, Padrón municipal, tablas provinciales 2854–2909"
03133,2017,83252,"INE, Padrón municipal, tablas provinciales 2854–2909"
03133,2018,82599,"INE, Padrón municipal, tablas provinciales 2854–2909"
03133,2019,83337,"INE, Padrón municipal, tablas provinciales 2854–2909"
03133,2020,84667,"INE, Padrón municipal, tablas provinciales 2854–2909"
03133,2021,82842,"INE, Padrón municipal, tablas provinciales 2854–2909"
03133,2022,83547,"INE, Padrón municipal, tablas provinciales 2854–2909"
03133,2023,89290,"INE, Padrón municipal, tablas provinciales 2854–2909"
03133,2024,94803,"INE, Padrón municipal, tablas provinciales 2854–2909"
03133,2025,98533,"INE, Padrón municipal, tablas provinciales 2854–2909"
03139,1996,22866,"INE, Padrón municipal, tablas provinciales 2854–2909"
03139,1998,22969,"INE, Padrón municipal, tablas provinciales 2854–2909"
03139,1999,23340,"INE, Padrón municipal, tablas provinciales 2854–2909"
03139,2000,23704,"INE, Padrón municipal, tablas provinciales 2854–2909"
03139,2001,24246,"INE, Padrón municipal, tablas provinciales 2854–2909"
03139,2002,25073,"INE, Padrón municipal, tablas provinciales 2854–2909"
03139,2003,26433,"INE, Padrón municipal, tablas provinciales 2854–2909"
03139,2004,26792,"INE, Padrón municipal, tablas provinciales 2854–2909"
03139,2005,27983,"INE, Padrón municipal, tablas provinciales 2854–2909"
03139,2006,29263,"INE, Padrón municipal, tablas provinciales 2854–2909"
03139,2007,30550,"INE, Padrón municipal, tablas provinciales 2854–2909"
03139,2008,32534,"INE, Padrón municipal, tablas provinciales 2854–2909"
03139,2009,33797,"INE, Padrón municipal, tablas provinciales 2854–2909"
03139,2010,34344,"INE, Padrón municipal, tablas provinciales 2854–2909"
03139,2011,32733,"INE, Padrón municipal, tablas provinciales 2854–2909"
03139,2012,33293,"INE, Padrón municipal, tablas provinciales 2854–2909"
03139,2013,33834,"INE, Padrón municipal, tablas provinciales 2854–2909"
03139,2014,33951,"INE, Padrón municipal, tablas provinciales 2854–2909"
03139,2015,33878,"INE, Padrón municipal, tablas provinciales 2854–2909"
03139,2016,33580,"INE, Padrón municipal, tablas provinciales 2854–2909"
03139,2017,33607,"INE, Padrón municipal, tablas provinciales 2854–2909"
03139,2018,33969,"INE, Padrón municipal, tablas provinciales 2854–2909"
03139,2019,34673,"INE, Padrón municipal, tablas provinciales 2854–2909"
03139,2020,35199,"INE, Padrón municipal, tablas provinciales 2854–2909"
03139,2021,34684,"INE, Padrón municipal, tablas provinciales 2854–2909"
03139,2022,34828,"INE, Padrón municipal, tablas provinciales 2854–2909"
03139,2023,36093,"INE, Padrón municipal, tablas provinciales 2854–2909"
03139,2024,36891,"INE, Padrón municipal, tablas provinciales 2854–2909"
03139,2025,37449,"INE, Padrón municipal, tablas provinciales 2854–2909"
03140,1996,31555,"INE, Padrón municipal, tablas provinciales 2854–2909"
03140,1998,31532,"INE, Padrón municipal, tablas provinciales 2854–2909"
03140,1999,31700,"INE, Padrón municipal, tablas provinciales 2854–2909"
03140,2000,31760,"INE, Padrón municipal, tablas provinciales 2854–2909"
03140,2001,32111,"INE, Padrón municipal, tablas provinciales 2854–2909"
03140,2002,32892,"INE, Padrón municipal, tablas provinciales 2854–2909"
03140,2003,33455,"INE, Padrón municipal, tablas provinciales 2854–2909"
03140,2004,33889,"INE, Padrón municipal, tablas provinciales 2854–2909"
03140,2005,34185,"INE, Padrón municipal, tablas provinciales 2854–2909"
03140,2006,34186,"INE, Padrón municipal, tablas provinciales 2854–2909"
03140,2007,34523,"INE, Padrón municipal, tablas provinciales 2854–2909"
03140,2008,34928,"INE, Padrón municipal, tablas provinciales 2854–2909"
03140,2009,35222,"INE, Padrón municipal, tablas provinciales 2854–2909"
03140,2010,34968,"INE, Padrón municipal, tablas provinciales 2854–2909"
03140,2011,34966,"INE, Padrón municipal, tablas provinciales 2854–2909"
03140,2012,34894,"INE, Padrón municipal, tablas provinciales 2854–2909"
03140,2013,34834,"INE, Padrón municipal, tablas provinciales 2854–2909"
03140,2014,34530,"INE, Padrón municipal, tablas provinciales 2854–2909"
03140,2015,34361,"INE, Padrón municipal, tablas provinciales 2854–2909"
03140,2016,34163,"INE, Padrón municipal, tablas provinciales 2854–2909"
03140,2017,33968,"INE, Padrón municipal, tablas provinciales 2854–2909"
03140,2018,33983,"INE, Padrón municipal, tablas provinciales 2854–2909"
03140,2019,33964,"INE, Padrón municipal, tablas provinciales 2854–2909"
03140,2020,34155,"INE, Padrón municipal, tablas provinciales 2854–2909"
03140,2021,34025,"INE, Padrón municipal, tablas provinciales 2854–2909"
03140,2022,33969,"INE, Padrón municipal, tablas provinciales 2854–2909"
03140,2023,34144,"INE, Padrón municipal, tablas provinciales 2854–2909"
03140,2024,34385,"INE, Padrón municipal, tablas provinciales 2854–2909"
03140,2025,34712,"INE, Padrón municipal, tablas provinciales 2854–2909"
04013,1996,170503,"INE, Padrón municipal, tablas provinciales 2854–2909"
04013,1998,168025,"INE, Padrón municipal, tablas provinciales 2854–2909"
04013,1999,169027,"INE, Padrón municipal, tablas provinciales 2854–2909"
04013,2000,168945,"INE, Padrón municipal, tablas provinciales 2854–2909"
04013,2001,170994,"INE, Padrón municipal, tablas provinciales 2854–2909"
04013,2002,173338,"INE, Padrón municipal, tablas provinciales 2854–2909"
04013,2003,176727,"INE, Padrón municipal, tablas provinciales 2854–2909"
04013,2004,177681,"INE, Padrón municipal, tablas provinciales 2854–2909"
04013,2005,181702,"INE, Padrón municipal, tablas provinciales 2854–2909"
04013,2006,185309,"INE, Padrón municipal, tablas provinciales 2854–2909"
04013,2007,186651,"INE, Padrón municipal, tablas provinciales 2854–2909"
04013,2008,187521,"INE, Padrón municipal, tablas provinciales 2854–2909"
04013,2009,188810,"INE, Padrón municipal, tablas provinciales 2854–2909"
04013,2010,190013,"INE, Padrón municipal, tablas provinciales 2854–2909"
04013,2011,190349,"INE, Padrón municipal, tablas provinciales 2854–2909"
04013,2012,191443,"INE, Padrón municipal, tablas provinciales 2854–2909"
04013,2013,192697,"INE, Padrón municipal, tablas provinciales 2854–2909"
04013,2014,193351,"INE, Padrón municipal, tablas provinciales 2854–2909"
04013,2015,194203,"INE, Padrón municipal, tablas provinciales 2854–2909"
04013,2016,194515,"INE, Padrón municipal, tablas provinciales 2854–2909"
04013,2017,195389,"INE, Padrón municipal, tablas provinciales 2854–2909"
04013,2018,196851,"INE, Padrón municipal, tablas provinciales 2854–2909"
04013,2019,198533,"INE, Padrón municipal, tablas provinciales 2854–2909"
04013,2020,201322,"INE, Padrón municipal, tablas provinciales 2854–2909"
04013,2021,200753,"INE, Padrón municipal, tablas provinciales 2854–2909"
04013,2022,199237,"INE, Padrón municipal, tablas provinciales 2854–2909"
04013,2023,200578,"INE, Padrón municipal, tablas provinciales 2854–2909"
04013,2024,202675,"INE, Padrón municipal, tablas provinciales 2854–2909"
04013,2025,205468,"INE, Padrón municipal, tablas provinciales 2854–2909"
04066,1996,15017,"INE, Padrón municipal, tablas provinciales 2854–2909"
04066,1998,15406,"INE, Padrón municipal, tablas provinciales 2854–2909"
04066,1999,16083,"INE, Padrón municipal, tablas provinciales 2854–2909"
04066,2000,16269,"INE, Padrón municipal, tablas provinciales 2854–2909"
04066,2001,18371,"INE, Padrón municipal, tablas provinciales 2854–2909"
04066,2002,19332,"INE, Padrón municipal, tablas provinciales 2854–2909"
04066,2003,20810,"INE, Padrón municipal, tablas provinciales 2854–2909"
04066,2004,21306,"INE, Padrón municipal, tablas provinciales 2854–2909"
04066,2005,24435,"INE, Padrón municipal, tablas provinciales 2854–2909"
04066,2006,26070,"INE, Padrón municipal, tablas provinciales 2854–2909"
04066,2007,25287,"INE, Padrón municipal, tablas provinciales 2854–2909"
04066,2008,26126,"INE, Padrón municipal, tablas provinciales 2854–2909"
04066,2009,26516,"INE, Padrón municipal, tablas provinciales 2854–2909"
04066,2010,28242,"INE, Padrón municipal, tablas provinciales 2854–2909"
04066,2011,29284,"INE, Padrón municipal, tablas provinciales 2854–2909"
04066,2012,29465,"INE, Padrón municipal, tablas provinciales 2854–2909"
04066,2013,28245,"INE, Padrón municipal, tablas provinciales 2854–2909"
04066,2014,28627,"INE, Padrón municipal, tablas provinciales 2854–2909"
04066,2015,28056,"INE, Padrón municipal, tablas provinciales 2854–2909"
04066,2016,28579,"INE, Padrón municipal, tablas provinciales 2854–2909"
04066,2017,28996,"INE, Padrón municipal, tablas provinciales 2854–2909"
04066,2018,30122,"INE, Padrón municipal, tablas provinciales 2854–2909"
04066,2019,30663,"INE, Padrón municipal, tablas provinciales 2854–2909"
04066,2020,31666,"INE, Padrón municipal, tablas provinciales 2854–2909"
04066,2021,31458,"INE, Padrón municipal, tablas provinciales 2854–2909"
04066,2022,31816,"INE, Padrón municipal, tablas provinciales 2854–2909"
04066,2023,32858,"INE, Padrón municipal, tablas provinciales 2854–2909"
04066,2024,33076,"INE, Padrón municipal, tablas provinciales 2854–2909"
04066,2025,33319,"INE, Padrón municipal, tablas provinciales 2854–2909"
04079,1996,37237,"INE, Padrón municipal, tablas provinciales 2854–2909"
04079,1998,40582,"INE, Padrón municipal, tablas provinciales 2854–2909"
04079,1999,42333,"INE, Padrón municipal, tablas provinciales 2854–2909"
04079,2000,44370,"INE, Padrón municipal, tablas provinciales 2854–2909"
04079,2001,47570,"INE, Padrón municipal, tablas provinciales 2854–2909"
04079,2002,50954,"INE, Padrón municipal, tablas provinciales 2854–2909"
04079,2003,53815,"INE, Padrón municipal, tablas provinciales 2854–2909"
04079,2004,58519,"INE, Padrón municipal, tablas provinciales 2854–2909"
04079,2005,65886,"INE, Padrón municipal, tablas provinciales 2854–2909"
04079,2006,71740,"INE, Padrón municipal, tablas provinciales 2854–2909"
04079,2007,71279,"INE, Padrón municipal, tablas provinciales 2854–2909"
04079,2008,77423,"INE, Padrón municipal, tablas provinciales 2854–2909"
04079,2009,82665,"INE, Padrón municipal, tablas provinciales 2854–2909"
04079,2010,85808,"INE, Padrón municipal, tablas provinciales 2854–2909"
04079,2011,89851,"INE, Padrón municipal, tablas provinciales 2854–2909"
04079,2012,90358,"INE, Padrón municipal, tablas provinciales 2854–2909"
04079,2013,87868,"INE, Padrón municipal, tablas provinciales 2854–2909"
04079,2014,91682,"INE, Padrón municipal, tablas provinciales 2854–2909"
04079,2015,90623,"INE, Padrón municipal, tablas provinciales 2854–2909"
04079,2016,91965,"INE, Padrón municipal, tablas provinciales 2854–2909"
04079,2017,93363,"INE, Padrón municipal, tablas provinciales 2854–2909"
04079,2018,94925,"INE, Padrón municipal, tablas provinciales 2854–2909"
04079,2019,96800,"INE, Padrón municipal, tablas provinciales 2854–2909"
04079,2020,98433,"INE, Padrón municipal, tablas provinciales 2854–2909"
04079,2021,98725,"INE, Padrón municipal, tablas provinciales 2854–2909"
04079,2022,102881,"INE, Padrón municipal, tablas provinciales 2854–2909"
04079,2023,106510,"INE, Padrón municipal, tablas provinciales 2854–2909"
04079,2024,109204,"INE, Padrón municipal, tablas provinciales 2854–2909"
04079,2025,111240,"INE, Padrón municipal, tablas provinciales 2854–2909"
04902,1996,47610,"INE, Padrón municipal, tablas provinciales 2854–2909"
04902,1998,50170,"INE, Padrón municipal, tablas provinciales 2854–2909"
04902,1999,51485,"INE, Padrón municipal, tablas provinciales 2854–2909"
04902,2000,53008,"INE, Padrón municipal, tablas provinciales 2854–2909"
04902,2001,55710,"INE, Padrón municipal, tablas provinciales 2854–2909"
04902,2002,57063,"INE, Padrón municipal, tablas provinciales 2854–2909"
04902,2003,61265,"INE, Padrón municipal, tablas provinciales 2854–2909"
04902,2004,63914,"INE, Padrón municipal, tablas provinciales 2854–2909"
04902,2005,68828,"INE, Padrón municipal, tablas provinciales 2854–2909"
04902,2006,75969,"INE, Padrón municipal, tablas provinciales 2854–2909"
04902,2007,78105,"INE, Padrón municipal, tablas provinciales 2854–2909"
04902,2008,80987,"INE, Padrón municipal, tablas provinciales 2854–2909"
04902,2009,84227,"INE, Padrón municipal, tablas provinciales 2854–2909"
04902,2010,85389,"INE, Padrón municipal, tablas provinciales 2854–2909"
04902,2011,83774,"INE, Padrón municipal, tablas provinciales 2854–2909"
04902,2012,83104,"INE, Padrón municipal, tablas provinciales 2854–2909"
04902,2013,82983,"INE, Padrón municipal, tablas provinciales 2854–2909"
04902,2014,84144,"INE, Padrón municipal, tablas provinciales 2854–2909"
04902,2015,85961,"INE, Padrón municipal, tablas provinciales 2854–2909"
04902,2016,88752,"INE, Padrón municipal, tablas provinciales 2854–2909"
04902,2017,88096,"INE, Padrón municipal, tablas provinciales 2854–2909"
04902,2018,84710,"INE, Padrón municipal, tablas provinciales 2854–2909"
04902,2019,83594,"INE, Padrón municipal, tablas provinciales 2854–2909"
04902,2020,83758,"INE, Padrón municipal, tablas provinciales 2854–2909"
04902,2021,84005,"INE, Padrón municipal, tablas provinciales 2854–2909"
04902,2022,87500,"INE, Padrón municipal, tablas provinciales 2854–2909"
04902,2023,89975,"INE, Padrón municipal, tablas provinciales 2854–2909"
04902,2024,90135,"INE, Padrón municipal, tablas provinciales 2854–2909"
04902,2025,91440,"INE, Padrón municipal, tablas provinciales 2854–2909"
05019,1996,47187,"INE, Padrón municipal, tablas provinciales 2854–2909"
05019,1998,47650,"INE, Padrón municipal, tablas provinciales 2854–2909"
05019,1999,47682,"INE, Padrón municipal, tablas provinciales 2854–2909"
05019,2000,47843,"INE, Padrón municipal, tablas provinciales 2854–2909"
05019,2001,47967,"INE, Padrón municipal, tablas provinciales 2854–2909"
05019,2002,50241,"INE, Padrón municipal, tablas provinciales 2854–2909"
05019,2003,52078,"INE, Padrón municipal, tablas provinciales 2854–2909"
05019,2004,52417,"INE, Padrón municipal, tablas provinciales 2854–2909"
05019,2005,52612,"INE, Padrón municipal, tablas provinciales 2854–2909"
05019,2006,53272,"INE, Padrón municipal, tablas provinciales 2854–2909"
05019,2007,53794,"INE, Padrón municipal, tablas provinciales 2854–2909"
05019,2008,56144,"INE, Padrón municipal, tablas provinciales 2854–2909"
05019,2009,56855,"INE, Padrón municipal, tablas provinciales 2854–2909"
05019,2010,58245,"INE, Padrón municipal, tablas provinciales 2854–2909"
05019,2011,59008,"INE, Padrón municipal, tablas provinciales 2854–2909"
05019,2012,58915,"INE, Padrón municipal, tablas provinciales 2854–2909"
05019,2013,59258,"INE, Padrón municipal, tablas provinciales 2854–2909"
05019,2014,58933,"INE, Padrón municipal, tablas provinciales 2854–2909"
05019,2015,58358,"INE, Padrón municipal, tablas provinciales 2854–2909"
05019,2016,58083,"INE, Padrón municipal, tablas provinciales 2854–2909"
05019,2017,58149,"INE, Padrón municipal, tablas provinciales 2854–2909"
05019,2018,57657,"INE, Padrón municipal, tablas provinciales 2854–2909"
05019,2019,57744,"INE, Padrón municipal, tablas provinciales 2854–2909"
05019,2020,58369,"INE, Padrón municipal, tablas provinciales 2854–2909"
05019,2021,57949,"INE, Padrón municipal, tablas provinciales 2854–2909"
05019,2022,57730,"INE, Padrón municipal, tablas provinciales 2854–2909"
05019,2023,57741,"INE, Padrón municipal, tablas provinciales 2854–2909"
05019,2024,58111,"INE, Padrón municipal, tablas provinciales 2854–2909"
05019,2025,59107,"INE, Padrón municipal, tablas provinciales 2854–2909"
06011,1996,27209,"INE, Padrón municipal, tablas provinciales 2854–2909"
06011,1998,27443,"INE, Padrón municipal, tablas provinciales 2854–2909"
06011,1999,27554,"INE, Padrón municipal, tablas provinciales 2854–2909"
06011,2000,27610,"INE, Padrón municipal, tablas provinciales 2854–2909"
06011,2001,27806,"INE, Padrón municipal, tablas provinciales 2854–2909"
06011,2002,28030,"INE, Padrón municipal, tablas provinciales 2854–2909"
06011,2003,28595,"INE, Padrón municipal, tablas provinciales 2854–2909"
06011,2004,29132,"INE, Padrón municipal, tablas provinciales 2854–2909"
06011,2005,29889,"INE, Padrón municipal, tablas provinciales 2854–2909"
06011,2006,30741,"INE, Padrón municipal, tablas provinciales 2854–2909"
06011,2007,31072,"INE, Padrón municipal, tablas provinciales 2854–2909"
06011,2008,33177,"INE, Padrón municipal, tablas provinciales 2854–2909"
06011,2009,33588,"INE, Padrón municipal, tablas provinciales 2854–2909"
06011,2010,33975,"INE, Padrón municipal, tablas provinciales 2854–2909"
06011,2011,34319,"INE, Padrón municipal, tablas provinciales 2854–2909"
06011,2012,34694,"INE, Padrón municipal, tablas provinciales 2854–2909"
06011,2013,35101,"INE, Padrón municipal, tablas provinciales 2854–2909"
06011,2014,35014,"INE, Padrón municipal, tablas provinciales 2854–2909"
06011,2015,34265,"INE, Padrón municipal, tablas provinciales 2854–2909"
06011,2016,34543,"INE, Padrón municipal, tablas provinciales 2854–2909"
06011,2017,33540,"INE, Padrón municipal, tablas provinciales 2854–2909"
06011,2018,33468,"INE, Padrón municipal, tablas provinciales 2854–2909"
06011,2019,33474,"INE, Padrón municipal, tablas provinciales 2854–2909"
06011,2020,33855,"INE, Padrón municipal, tablas provinciales 2854–2909"
06011,2021,33741,"INE, Padrón municipal, tablas provinciales 2854–2909"
06011,2022,33669,"INE, Padrón municipal, tablas provinciales 2854–2909"
06011,2023,33948,"INE, Padrón municipal, tablas provinciales 2854–2909"
06011,2024,34284,"INE, Padrón municipal, tablas provinciales 2854–2909"
06011,2025,34587,"INE, Padrón municipal, tablas provinciales 2854–2909"
06015,1996,122510,"INE, Padrón municipal, tablas provinciales 2854–2909"
06015,1998,134710,"INE, Padrón municipal, tablas provinciales 2854–2909"
06015,1999,136613,"INE, Padrón municipal, tablas provinciales 2854–2909"
06015,2000,136136,"INE, Padrón municipal, tablas provinciales 2854–2909"
06015,2001,136319,"INE, Padrón municipal, tablas provinciales 2854–2909"
06015,2002,136851,"INE, Padrón municipal, tablas provinciales 2854–2909"
06015,2003,138415,"INE, Padrón municipal, tablas provinciales 2854–2909"
06015,2004,139135,"INE, Padrón municipal, tablas provinciales 2854–2909"
06015,2005,143019,"INE, Padrón municipal, tablas provinciales 2854–2909"
06015,2006,143748,"INE, Padrón municipal, tablas provinciales 2854–2909"
06015,2007,145257,"INE, Padrón municipal, tablas provinciales 2854–2909"
06015,2008,146832,"INE, Padrón municipal, tablas provinciales 2854–2909"
06015,2009,148334,"INE, Padrón municipal, tablas provinciales 2854–2909"
06015,2010,150376,"INE, Padrón municipal, tablas provinciales 2854–2909"
06015,2011,151565,"INE, Padrón municipal, tablas provinciales 2854–2909"
06015,2012,152270,"INE, Padrón municipal, tablas provinciales 2854–2909"
06015,2013,150621,"INE, Padrón municipal, tablas provinciales 2854–2909"
06015,2014,150517,"INE, Padrón municipal, tablas provinciales 2854–2909"
06015,2015,149892,"INE, Padrón municipal, tablas provinciales 2854–2909"
06015,2016,149946,"INE, Padrón municipal, tablas provinciales 2854–2909"
06015,2017,150543,"INE, Padrón municipal, tablas provinciales 2854–2909"
06015,2018,150530,"INE, Padrón municipal, tablas provinciales 2854–2909"
06015,2019,150702,"INE, Padrón municipal, tablas provinciales 2854–2909"
06015,2020,150984,"INE, Padrón municipal, tablas provinciales 2854–2909"
06015,2021,150610,"INE, Padrón municipal, tablas provinciales 2854–2909"
06015,2022,150146,"INE, Padrón municipal, tablas provinciales 2854–2909"
06015,2023,150190,"INE, Padrón municipal, tablas provinciales 2854–2909"
06015,2024,150570,"INE, Padrón municipal, tablas provinciales 2854–2909"
06015,2025,150209,"INE, Padrón municipal, tablas provinciales 2854–2909"
06044,1996,31022,"INE, Padrón municipal, tablas provinciales 2854–2909"
06044,1998,31350,"INE, Padrón municipal, tablas provinciales 2854–2909"
06044,1999,31367,"INE, Padrón municipal, tablas provinciales 2854–2909"
06044,2000,31454,"INE, Padrón municipal, tablas provinciales 2854–2909"
06044,2001,31729,"INE, Padrón municipal, tablas provinciales 2854–2909"
06044,2002,32023,"INE, Padrón municipal, tablas provinciales 2854–2909"
06044,2003,32168,"INE, Padrón municipal, tablas provinciales 2854–2909"
06044,2004,32783,"INE, Padrón municipal, tablas provinciales 2854–2909"
06044,2005,33392,"INE, Padrón municipal, tablas provinciales 2854–2909"
06044,2006,34051,"INE, Padrón municipal, tablas provinciales 2854–2909"
06044,2007,34540,"INE, Padrón municipal, tablas provinciales 2854–2909"
06044,2008,35334,"INE, Padrón municipal, tablas provinciales 2854–2909"
06044,2009,35791,"INE, Padrón municipal, tablas provinciales 2854–2909"
06044,2010,36227,"INE, Padrón municipal, tablas provinciales 2854–2909"
06044,2011,36660,"INE, Padrón municipal, tablas provinciales 2854–2909"
06044,2012,37048,"INE, Padrón municipal, tablas provinciales 2854–2909"
06044,2013,37149,"INE, Padrón municipal, tablas provinciales 2854–2909"
06044,2014,37011,"INE, Padrón municipal, tablas provinciales 2854–2909"
06044,2015,36971,"INE, Padrón municipal, tablas provinciales 2854–2909"
06044,2016,36975,"INE, Padrón municipal, tablas provinciales 2854–2909"
06044,2017,36924,"INE, Padrón municipal, tablas provinciales 2854–2909"
06044,2018,37010,"INE, Padrón municipal, tablas provinciales 2854–2909"
06044,2019,37151,"INE, Padrón municipal, tablas provinciales 2854–2909"
06044,2020,37284,"INE, Padrón municipal, tablas provinciales 2854–2909"
06044,2021,37275,"INE, Padrón municipal, tablas provinciales 2854–2909"
06044,2022,37310,"INE, Padrón municipal, tablas provinciales 2854–2909"
06044,2023,37485,"INE, Padrón municipal, tablas provinciales 2854–2909"
06044,2024,37728,"INE, Padrón municipal, tablas provinciales 2854–2909"
06044,2025,37986,"INE, Padrón municipal, tablas provinciales 2854–2909"
06083,1996,51830,"INE, Padrón municipal, tablas provinciales 2854–2909"
06083,1998,50471,"INE, Padrón municipal, tablas provinciales 2854–2909"
06083,1999,50387,"INE, Padrón municipal, tablas provinciales 2854–2909"
06083,2000,50478,"INE, Padrón municipal, tablas provinciales 2854–2909"
06083,2001,51056,"INE, Padrón municipal, tablas provinciales 2854–2909"
06083,2002,50780,"INE, Padrón municipal, tablas provinciales 2854–2909"
06083,2003,52110,"INE, Padrón municipal, tablas provinciales 2854–2909"
06083,2004,52200,"INE, Padrón municipal, tablas provinciales 2854–2909"
06083,2005,53089,"INE, Padrón municipal, tablas provinciales 2854–2909"
06083,2006,53915,"INE, Padrón municipal, tablas provinciales 2854–2909"
06083,2007,54894,"INE, Padrón municipal, tablas provinciales 2854–2909"
06083,2008,55568,"INE, Padrón municipal, tablas provinciales 2854–2909"
06083,2009,56395,"INE, Padrón municipal, tablas provinciales 2854–2909"
06083,2010,57127,"INE, Padrón municipal, tablas provinciales 2854–2909"
06083,2011,57797,"INE, Padrón municipal, tablas provinciales 2854–2909"
06083,2012,58164,"INE, Padrón municipal, tablas provinciales 2854–2909"
06083,2013,59049,"INE, Padrón municipal, tablas provinciales 2854–2909"
06083,2014,58985,"INE, Padrón municipal, tablas provinciales 2854–2909"
06083,2015,58971,"INE, Padrón municipal, tablas provinciales 2854–2909"
06083,2016,59174,"INE, Padrón municipal, tablas provinciales 2854–2909"
06083,2017,59187,"INE, Padrón municipal, tablas provinciales 2854–2909"
06083,2018,59352,"INE, Padrón municipal, tablas provinciales 2854–2909"
06083,2019,59335,"INE, Padrón municipal, tablas provinciales 2854–2909"
06083,2020,59548,"INE, Padrón municipal, tablas provinciales 2854–2909"
06083,2021,59424,"INE, Padrón municipal, tablas provinciales 2854–2909"
06083,2022,59324,"INE, Padrón municipal, tablas provinciales 2854–2909"
06083,2023,59461,"INE, Padrón municipal, tablas provinciales 2854–2909"
06083,2024,59857,"INE, Padrón municipal, tablas provinciales 2854–2909"
06083,2025,60225,"INE, Padrón municipal, tablas provinciales 2854–2909"
06153,1996,23833,"INE, Padrón municipal, tablas provinciales 2854–2909"
06153,1998,23745,"INE, Padrón municipal, tablas provinciales 2854–2909"
06153,1999,23717,"INE, Padrón municipal, tablas provinciales 2854–2909"
06153,2000,23875,"INE, Padrón municipal, tablas provinciales 2854–2909"
06153,2001,23997,"INE, Padrón municipal, tablas provinciales 2854–2909"
06153,2002,24191,"INE, Padrón municipal, tablas provinciales 2854–2909"
06153,2003,24512,"INE, Padrón municipal, tablas provinciales 2854–2909"
06153,2004,24491,"INE, Padrón municipal, tablas provinciales 2854–2909"
06153,2005,24713,"INE, Padrón municipal, tablas provinciales 2854–2909"
06153,2006,24932,"INE, Padrón municipal, tablas provinciales 2854–2909"
06153,2007,25318,"INE, Padrón municipal, tablas provinciales 2854–2909"
06153,2008,25576,"INE, Padrón municipal, tablas provinciales 2854–2909"
06153,2009,25838,"INE, Padrón municipal, tablas provinciales 2854–2909"
06153,2010,26111,"INE, Padrón municipal, tablas provinciales 2854–2909"
06153,2011,26076,"INE, Padrón municipal, tablas provinciales 2854–2909"
06153,2012,26071,"INE, Padrón municipal, tablas provinciales 2854–2909"
06153,2013,26157,"INE, Padrón municipal, tablas provinciales 2854–2909"
06153,2014,26101,"INE, Padrón municipal, tablas provinciales 2854–2909"
06153,2015,26021,"INE, Padrón municipal, tablas provinciales 2854–2909"
06153,2016,25992,"INE, Padrón municipal, tablas provinciales 2854–2909"
06153,2017,25882,"INE, Padrón municipal, tablas provinciales 2854–2909"
06153,2018,25759,"INE, Padrón municipal, tablas provinciales 2854–2909"
06153,2019,25667,"INE, Padrón municipal, tablas provinciales 2854–2909"
06153,2020,25752,"INE, Padrón municipal, tablas provinciales 2854–2909"
06153,2021,25837,"INE, Padrón municipal, tablas provinciales 2854–2909"
06153,2022,25873,"INE, Padrón municipal, tablas provinciales 2854–2909"
06153,2023,25751,"INE, Padrón municipal, tablas provinciales 2854–2909"
06153,2024,25784,"INE, Padrón municipal, tablas provinciales 2854–2909"
06153,2025,25773,"INE, Padrón municipal, tablas provinciales 2854–2909"
07011,1996,28748,"INE, Padrón municipal, tablas provinciales 2854–2909"
07011,1998,32587,"INE, Padrón municipal, tablas provinciales 2854–2909"
07011,1999,35376,"INE, Padrón municipal, tablas provinciales 2854–2909"
07011,2000,37419,"INE, Padrón municipal, tablas provinciales 2854–2909"
07011,2001,38841,"INE, Padrón municipal, tablas provinciales 2854–2909"
07011,2002,40979,"INE, Padrón municipal, tablas provinciales 2854–2909"
07011,2003,42983,"INE, Padrón municipal, tablas provinciales 2854–2909"
07011,2004,42614,"INE, Padrón municipal, tablas provinciales 2854–2909"
07011,2005,43499,"INE, Padrón municipal, tablas provinciales 2854–2909"
07011,2006,45284,"INE, Padrón municipal, tablas provinciales 2854–2909"
07011,2007,47934,"INE, Padrón municipal, tablas provinciales 2854–2909"
07011,2008,50777,"INE, Padrón municipal, tablas provinciales 2854–2909"
07011,2009,51774,"INE, Padrón municipal, tablas provinciales 2854–2909"
07011,2010,51462,"INE, Padrón municipal, tablas provinciales 2854–2909"
07011,2011,52451,"INE, Padrón municipal, tablas provinciales 2854–2909"
07011,2012,51114,"INE, Padrón municipal, tablas provinciales 2854–2909"
07011,2013,52272,"INE, Padrón municipal, tablas provinciales 2854–2909"
07011,2014,50363,"INE, Padrón municipal, tablas provinciales 2854–2909"
07011,2015,50328,"INE, Padrón municipal, tablas provinciales 2854–2909"
07011,2016,49580,"INE, Padrón municipal, tablas provinciales 2854–2909"
07011,2017,49063,"INE, Padrón municipal, tablas provinciales 2854–2909"
07011,2018,49333,"INE, Padrón municipal, tablas provinciales 2854–2909"
07011,2019,50559,"INE, Padrón municipal, tablas provinciales 2854–2909"
07011,2020,51710,"INE, Padrón municipal, tablas provinciales 2854–2909"
07011,2021,51567,"INE, Padrón municipal, tablas provinciales 2854–2909"
07011,2022,52458,"INE, Padrón municipal, tablas provinciales 2854–2909"
07011,2023,53162,"INE, Padrón municipal, tablas provinciales 2854–2909"
07011,2024,53491,"INE, Padrón municipal, tablas provinciales 2854–2909"
07011,2025,53793,"INE, Padrón municipal, tablas provinciales 2854–2909"
07015,1996,21296,"INE, Padrón municipal, tablas provinciales 2854–2909"
07015,1998,21785,"INE, Padrón municipal, tablas provinciales 2854–2909"
07015,1999,22341,"INE, Padrón municipal, tablas provinciales 2854–2909"
07015,2000,22925,"INE, Padrón municipal, tablas provinciales 2854–2909"
07015,2001,23706,"INE, Padrón municipal, tablas provinciales 2854–2909"
07015,2002,24741,"INE, Padrón municipal, tablas provinciales 2854–2909"
07015,2003,25406,"INE, Padrón municipal, tablas provinciales 2854–2909"
07015,2004,26073,"INE, Padrón municipal, tablas provinciales 2854–2909"
07015,2005,26972,"INE, Padrón municipal, tablas provinciales 2854–2909"
07015,2006,27468,"INE, Padrón municipal, tablas provinciales 2854–2909"
07015,2007,28017,"INE, Padrón municipal, tablas provinciales 2854–2909"
07015,2008,28696,"INE, Padrón municipal, tablas provinciales 2854–2909"
07015,2009,29160,"INE, Padrón municipal, tablas provinciales 2854–2909"
07015,2010,29247,"INE, Padrón municipal, tablas provinciales 2854–2909"
07015,2011,29315,"INE, Padrón municipal, tablas provinciales 2854–2909"
07015,2012,29580,"INE, Padrón municipal, tablas provinciales 2854–2909"
07015,2013,29629,"INE, Padrón municipal, tablas provinciales 2854–2909"
07015,2014,29282,"INE, Padrón municipal, tablas provinciales 2854–2909"
07015,2015,29098,"INE, Padrón municipal, tablas provinciales 2854–2909"
07015,2016,28641,"INE, Padrón municipal, tablas provinciales 2854–2909"
07015,2017,28838,"INE, Padrón municipal, tablas provinciales 2854–2909"
07015,2018,29223,"INE, Padrón municipal, tablas provinciales 2854–2909"
07015,2019,29840,"INE, Padrón municipal, tablas provinciales 2854–2909"
07015,2020,30588,"INE, Padrón municipal, tablas provinciales 2854–2909"
07015,2021,30638,"INE, Padrón municipal, tablas provinciales 2854–2909"
07015,2022,30811,"INE, Padrón municipal, tablas provinciales 2854–2909"
07015,2023,31443,"INE, Padrón municipal, tablas provinciales 2854–2909"
07015,2024,31941,"INE, Padrón municipal, tablas provinciales 2854–2909"
07015,2025,32431,"INE, Padrón municipal, tablas provinciales 2854–2909"
07026,1996,29447,"INE, Padrón municipal, tablas provinciales 2854–2909"
07026,1998,31582,"INE, Padrón municipal, tablas provinciales 2854–2909"
07026,1999,32700,"INE, Padrón municipal, tablas provinciales 2854–2909"
07026,2000,33223,"INE, Padrón municipal, tablas provinciales 2854–2909"
07026,2001,34779,"INE, Padrón municipal, tablas provinciales 2854–2909"
07026,2002,37408,"INE, Padrón municipal, tablas provinciales 2854–2909"
07026,2003,40175,"INE, Padrón municipal, tablas provinciales 2854–2909"
07026,2004,40991,"INE, Padrón municipal, tablas provinciales 2854–2909"
07026,2005,42797,"INE, Padrón municipal, tablas provinciales 2854–2909"
07026,2006,42884,"INE, Padrón municipal, tablas provinciales 2854–2909"
07026,2007,44114,"INE, Padrón municipal, tablas provinciales 2854–2909"
07026,2008,46835,"INE, Padrón municipal, tablas provinciales 2854–2909"
07026,2009,48684,"INE, Padrón municipal, tablas provinciales 2854–2909"
07026,2010,49516,"INE, Padrón municipal, tablas provinciales 2854–2909"
07026,2011,49388,"INE, Padrón municipal, tablas provinciales 2854–2909"
07026,2012,49768,"INE, Padrón municipal, tablas provinciales 2854–2909"
07026,2013,50401,"INE, Padrón municipal, tablas provinciales 2854–2909"
07026,2014,49693,"INE, Padrón municipal, tablas provinciales 2854–2909"
07026,2015,49975,"INE, Padrón municipal, tablas provinciales 2854–2909"
07026,2016,49549,"INE, Padrón municipal, tablas provinciales 2854–2909"
07026,2017,49689,"INE, Padrón municipal, tablas provinciales 2854–2909"
07026,2018,49727,"INE, Padrón municipal, tablas provinciales 2854–2909"
07026,2019,49783,"INE, Padrón municipal, tablas provinciales 2854–2909"
07026,2020,51128,"INE, Padrón municipal, tablas provinciales 2854–2909"
07026,2021,50643,"INE, Padrón municipal, tablas provinciales 2854–2909"
07026,2022,50715,"INE, Padrón municipal, tablas provinciales 2854–2909"
07026,2023,51996,"INE, Padrón municipal, tablas provinciales 2854–2909"
07026,2024,53717,"INE, Padrón municipal, tablas provinciales 2854–2909"
07026,2025,55337,"INE, Padrón municipal, tablas provinciales 2854–2909"
07027,1996,21129,"INE, Padrón municipal, tablas provinciales 2854–2909"
07027,1998,21103,"INE, Padrón municipal, tablas provinciales 2854–2909"
07027,1999,21974,"INE, Padrón municipal, tablas provinciales 2854–2909"
07027,2000,22402,"INE, Padrón municipal, tablas provinciales 2854–2909"
07027,2001,23361,"INE, Padrón municipal, tablas provinciales 2854–2909"
07027,2002,24467,"INE, Padrón municipal, tablas provinciales 2854–2909"
07027,2003,25362,"INE, Padrón municipal, tablas provinciales 2854–2909"
07027,2004,25900,"INE, Padrón municipal, tablas provinciales 2854–2909"
07027,2005,26504,"INE, Padrón municipal, tablas provinciales 2854–2909"
07027,2006,27301,"INE, Padrón municipal, tablas provinciales 2854–2909"
07027,2007,28306,"INE, Padrón municipal, tablas provinciales 2854–2909"
07027,2008,29450,"INE, Padrón municipal, tablas provinciales 2854–2909"
07027,2009,29308,"INE, Padrón municipal, tablas provinciales 2854–2909"
07027,2010,29321,"INE, Padrón municipal, tablas provinciales 2854–2909"
07027,2011,29966,"INE, Padrón municipal, tablas provinciales 2854–2909"
07027,2012,30066,"INE, Padrón municipal, tablas provinciales 2854–2909"
07027,2013,31032,"INE, Padrón municipal, tablas provinciales 2854–2909"
07027,2014,30625,"INE, Padrón municipal, tablas provinciales 2854–2909"
07027,2015,30651,"INE, Padrón municipal, tablas provinciales 2854–2909"
07027,2016,30944,"INE, Padrón municipal, tablas provinciales 2854–2909"
07027,2017,31255,"INE, Padrón municipal, tablas provinciales 2854–2909"
07027,2018,32137,"INE, Padrón municipal, tablas provinciales 2854–2909"
07027,2019,33319,"INE, Padrón municipal, tablas provinciales 2854–2909"
07027,2020,33679,"INE, Padrón municipal, tablas provinciales 2854–2909"
07027,2021,33726,"INE, Padrón municipal, tablas provinciales 2854–2909"
07027,2022,34093,"INE, Padrón municipal, tablas provinciales 2854–2909"
07027,2023,34577,"INE, Padrón municipal, tablas provinciales 2854–2909"
07027,2024,35654,"INE, Padrón municipal, tablas provinciales 2854–2909"
07027,2025,36262,"INE, Padrón municipal, tablas provinciales 2854–2909"
07031,1996,20474,"INE, Padrón municipal, tablas provinciales 2854–2909"
07031,1998,21771,"INE, Padrón municipal, tablas provinciales 2854–2909"
07031,1999,22811,"INE, Padrón municipal, tablas provinciales 2854–2909"
07031,2000,23723,"INE, Padrón municipal, tablas provinciales 2854–2909"
07031,2001,24750,"INE, Padrón municipal, tablas provinciales 2854–2909"
07031,2002,26466,"INE, Padrón municipal, tablas provinciales 2854–2909"
07031,2003,27759,"INE, Padrón municipal, tablas provinciales 2854–2909"
07031,2004,28591,"INE, Padrón municipal, tablas provinciales 2854–2909"
07031,2005,29891,"INE, Padrón municipal, tablas provinciales 2854–2909"
07031,2006,31381,"INE, Padrón municipal, tablas provinciales 2854–2909"
07031,2007,33222,"INE, Padrón municipal, tablas provinciales 2854–2909"
07031,2008,35092,"INE, Padrón municipal, tablas provinciales 2854–2909"
07031,2009,36078,"INE, Padrón municipal, tablas provinciales 2854–2909"
07031,2010,36681,"INE, Padrón municipal, tablas provinciales 2854–2909"
07031,2011,36959,"INE, Padrón municipal, tablas provinciales 2854–2909"
07031,2012,36994,"INE, Padrón municipal, tablas provinciales 2854–2909"
07031,2013,37257,"INE, Padrón municipal, tablas provinciales 2854–2909"
07031,2014,34602,"INE, Padrón municipal, tablas provinciales 2854–2909"
07031,2015,34618,"INE, Padrón municipal, tablas provinciales 2854–2909"
07031,2016,35057,"INE, Padrón municipal, tablas provinciales 2854–2909"
07031,2017,35513,"INE, Padrón municipal, tablas provinciales 2854–2909"
07031,2018,36358,"INE, Padrón municipal, tablas provinciales 2854–2909"
07031,2019,36914,"INE, Padrón municipal, tablas provinciales 2854–2909"
07031,2020,37752,"INE, Padrón municipal, tablas provinciales 2854–2909"
07031,2021,38224,"INE, Padrón municipal, tablas provinciales 2854–2909"
07031,2022,38722,"INE, Padrón municipal, tablas provinciales 2854–2909"
07031,2023,39040,"INE, Padrón municipal, tablas provinciales 2854–2909"
07031,2024,39912,"INE, Padrón municipal, tablas provinciales 2854–2909"
07031,2025,40502,"INE, Padrón municipal, tablas provinciales 2854–2909"
07032,1996,21884,"INE, Padrón municipal, tablas provinciales 2854–2909"
07032,1998,22358,"INE, Padrón municipal, tablas provinciales 2854–2909"
07032,1999,22725,"INE, Padrón municipal, tablas provinciales 2854–2909"
07032,2000,23189,"INE, Padrón municipal, tablas provinciales 2854–2909"
07032,2001,23993,"INE, Padrón municipal, tablas provinciales 2854–2909"
07032,2002,25187,"INE, Padrón municipal, tablas provinciales 2854–2909"
07032,2003,26066,"INE, Padrón municipal, tablas provinciales 2854–2909"
07032,2004,26536,"INE, Padrón municipal, tablas provinciales 2854–2909"
07032,2005,27669,"INE, Padrón municipal, tablas provinciales 2854–2909"
07032,2006,27893,"INE, Padrón municipal, tablas provinciales 2854–2909"
07032,2007,28284,"INE, Padrón municipal, tablas provinciales 2854–2909"
07032,2008,28904,"INE, Padrón municipal, tablas provinciales 2854–2909"
07032,2009,29125,"INE, Padrón municipal, tablas provinciales 2854–2909"
07032,2010,29050,"INE, Padrón municipal, tablas provinciales 2854–2909"
07032,2011,28942,"INE, Padrón municipal, tablas provinciales 2854–2909"
07032,2012,28972,"INE, Padrón municipal, tablas provinciales 2854–2909"
07032,2013,28765,"INE, Padrón municipal, tablas provinciales 2854–2909"
07032,2014,28460,"INE, Padrón municipal, tablas provinciales 2854–2909"
07032,2015,28006,"INE, Padrón municipal, tablas provinciales 2854–2909"
07032,2016,28099,"INE, Padrón municipal, tablas provinciales 2854–2909"
07032,2017,28161,"INE, Padrón municipal, tablas provinciales 2854–2909"
07032,2018,28592,"INE, Padrón municipal, tablas provinciales 2854–2909"
07032,2019,29040,"INE, Padrón municipal, tablas provinciales 2854–2909"
07032,2020,29592,"INE, Padrón municipal, tablas provinciales 2854–2909"
07032,2021,29578,"INE, Padrón municipal, tablas provinciales 2854–2909"
07032,2022,29445,"INE, Padrón municipal, tablas provinciales 2854–2909"
07032,2023,29902,"INE, Padrón municipal, tablas provinciales 2854–2909"
07032,2024,30419,"INE, Padrón municipal, tablas provinciales 2854–2909"
07032,2025,30666,"INE, Padrón municipal, tablas provinciales 2854–2909"
07033,1996,30018,"INE, Padrón municipal, tablas provinciales 2854–2909"
07033,1998,30177,"INE, Padrón municipal, tablas provinciales 2854–2909"
07033,1999,30154,"INE, Padrón municipal, tablas provinciales 2854–2909"
07033,2000,30923,"INE, Padrón municipal, tablas provinciales 2854–2909"
07033,2001,31575,"INE, Padrón municipal, tablas provinciales 2854–2909"
07033,2002,33326,"INE, Padrón municipal, tablas provinciales 2854–2909"
07033,2003,34335,"INE, Padrón municipal, tablas provinciales 2854–2909"
07033,2004,35512,"INE, Padrón municipal, tablas provinciales 2854–2909"
07033,2005,35908,"INE, Padrón municipal, tablas provinciales 2854–2909"
07033,2006,37165,"INE, Padrón municipal, tablas provinciales 2854–2909"
07033,2007,37963,"INE, Padrón municipal, tablas provinciales 2854–2909"
07033,2008,39434,"INE, Padrón municipal, tablas provinciales 2854–2909"
07033,2009,40548,"INE, Padrón municipal, tablas provinciales 2854–2909"
07033,2010,40859,"INE, Padrón municipal, tablas provinciales 2854–2909"
07033,2011,40873,"INE, Padrón municipal, tablas provinciales 2854–2909"
07033,2012,40831,"INE, Padrón municipal, tablas provinciales 2854–2909"
07033,2013,41049,"INE, Padrón municipal, tablas provinciales 2854–2909"
07033,2014,40264,"INE, Padrón municipal, tablas provinciales 2854–2909"
07033,2015,40170,"INE, Padrón municipal, tablas provinciales 2854–2909"
07033,2016,40279,"INE, Padrón municipal, tablas provinciales 2854–2909"
07033,2017,41095,"INE, Padrón municipal, tablas provinciales 2854–2909"
07033,2018,42631,"INE, Padrón municipal, tablas provinciales 2854–2909"
07033,2019,43808,"INE, Padrón municipal, tablas provinciales 2854–2909"
07033,2020,44527,"INE, Padrón municipal, tablas provinciales 2854–2909"
07033,2021,44809,"INE, Padrón municipal, tablas provinciales 2854–2909"
07033,2022,45352,"INE, Padrón municipal, tablas provinciales 2854–2909"
07033,2023,46395,"INE, Padrón municipal, tablas provinciales 2854–2909"
07033,2024,47777,"INE, Padrón municipal, tablas provinciales 2854–2909"
07033,2025,49153,"INE, Padrón municipal, tablas provinciales 2854–2909"
07036,1996,16180,"INE, Padrón municipal, tablas provinciales 2854–2909"
07036,1998,18084,"INE, Padrón municipal, tablas provinciales 2854–2909"
07036,1999,19451,"INE, Padrón municipal, tablas provinciales 2854–2909"
07036,2000,20924,"INE, Padrón municipal, tablas provinciales 2854–2909"
07036,2001,22275,"INE, Padrón municipal, tablas provinciales 2854–2909"
07036,2002,23953,"INE, Padrón municipal, tablas provinciales 2854–2909"
07036,2003,25799,"INE, Padrón municipal, tablas provinciales 2854–2909"
07036,2004,27145,"INE, Padrón municipal, tablas provinciales 2854–2909"
07036,2005,28237,"INE, Padrón municipal, tablas provinciales 2854–2909"
07036,2006,29742,"INE, Padrón municipal, tablas provinciales 2854–2909"
07036,2007,31120,"INE, Padrón municipal, tablas provinciales 2854–2909"
07036,2008,32380,"INE, Padrón municipal, tablas provinciales 2854–2909"
07036,2009,33348,"INE, Padrón municipal, tablas provinciales 2854–2909"
07036,2010,33883,"INE, Padrón municipal, tablas provinciales 2854–2909"
07036,2011,34385,"INE, Padrón municipal, tablas provinciales 2854–2909"
07036,2012,34583,"INE, Padrón municipal, tablas provinciales 2854–2909"
07036,2013,35258,"INE, Padrón municipal, tablas provinciales 2854–2909"
07036,2014,35521,"INE, Padrón municipal, tablas provinciales 2854–2909"
07036,2015,35726,"INE, Padrón municipal, tablas provinciales 2854–2909"
07036,2016,36001,"INE, Padrón municipal, tablas provinciales 2854–2909"
07036,2017,36383,"INE, Padrón municipal, tablas provinciales 2854–2909"
07036,2018,36725,"INE, Padrón municipal, tablas provinciales 2854–2909"
07036,2019,37193,"INE, Padrón municipal, tablas provinciales 2854–2909"
07036,2020,37724,"INE, Padrón municipal, tablas provinciales 2854–2909"
07036,2021,38357,"INE, Padrón municipal, tablas provinciales 2854–2909"
07036,2022,38902,"INE, Padrón municipal, tablas provinciales 2854–2909"
07036,2023,39440,"INE, Padrón municipal, tablas provinciales 2854–2909"
07036,2024,40079,"INE, Padrón municipal, tablas provinciales 2854–2909"
07036,2025,40422,"INE, Padrón municipal, tablas provinciales 2854–2909"
07040,1996,304250,"INE, Padrón municipal, tablas provinciales 2854–2909"
07040,1998,319181,"INE, Padrón municipal, tablas provinciales 2854–2909"
07040,1999,326993,"INE, Padrón municipal, tablas provinciales 2854–2909"
07040,2000,333925,"INE, Padrón municipal, tablas provinciales 2854–2909"
07040,2001,346720,"INE, Padrón municipal, tablas provinciales 2854–2909"
07040,2002,358462,"INE, Padrón municipal, tablas provinciales 2854–2909"
07040,2003,367277,"INE, Padrón municipal, tablas provinciales 2854–2909"
07040,2004,368974,"INE, Padrón municipal, tablas provinciales 2854–2909"
07040,2005,375773,"INE, Padrón municipal, tablas provinciales 2854–2909"
07040,2006,375048,"INE, Padrón municipal, tablas provinciales 2854–2909"
07040,2007,383107,"INE, Padrón municipal, tablas provinciales 2854–2909"
07040,2008,396570,"INE, Padrón municipal, tablas provinciales 2854–2909"
07040,2009,401270,"INE, Padrón municipal, tablas provinciales 2854–2909"
07040,2010,404681,"INE, Padrón municipal, tablas provinciales 2854–2909"
07040,2011,405318,"INE, Padrón municipal, tablas provinciales 2854–2909"
07040,2012,407648,"INE, Padrón municipal, tablas provinciales 2854–2909"
07040,2013,398162,"INE, Padrón municipal, tablas provinciales 2854–2909"
07040,2014,399093,"INE, Padrón municipal, tablas provinciales 2854–2909"
07040,2015,400578,"INE, Padrón municipal, tablas provinciales 2854–2909"
07040,2016,402949,"INE, Padrón municipal, tablas provinciales 2854–2909"
07040,2017,406492,"INE, Padrón municipal, tablas provinciales 2854–2909"
07040,2018,409661,"INE, Padrón municipal, tablas provinciales 2854–2909"
07040,2019,416065,"INE, Padrón municipal, tablas provinciales 2854–2909"
07040,2020,422587,"INE, Padrón municipal, tablas provinciales 2854–2909"
07040,2021,419366,"INE, Padrón municipal, tablas provinciales 2854–2909"
07040,2022,415940,"INE, Padrón municipal, tablas provinciales 2854–2909"
07040,2023,423350,"INE, Padrón municipal, tablas provinciales 2854–2909"
07040,2024,431521,"INE, Padrón municipal, tablas provinciales 2854–2909"
07040,2025,434786,"INE, Padrón municipal, tablas provinciales 2854–2909"
07054,1996,19452,"INE, Padrón municipal, tablas provinciales 2854–2909"
07054,1998,20306,"INE, Padrón municipal, tablas provinciales 2854–2909"
07054,1999,21122,"INE, Padrón municipal, tablas provinciales 2854–2909"
07054,2000,21991,"INE, Padrón municipal, tablas provinciales 2854–2909"
07054,2001,23755,"INE, Padrón municipal, tablas provinciales 2854–2909"
07054,2002,25080,"INE, Padrón municipal, tablas provinciales 2854–2909"
07054,2003,25918,"INE, Padrón municipal, tablas provinciales 2854–2909"
07054,2004,25826,"INE, Padrón municipal, tablas provinciales 2854–2909"
07054,2005,26724,"INE, Padrón municipal, tablas provinciales 2854–2909"
07054,2006,27152,"INE, Padrón municipal, tablas provinciales 2854–2909"
07054,2007,28361,"INE, Padrón municipal, tablas provinciales 2854–2909"
07054,2008,30364,"INE, Padrón municipal, tablas provinciales 2854–2909"
07054,2009,31314,"INE, Padrón municipal, tablas provinciales 2854–2909"
07054,2010,32637,"INE, Padrón municipal, tablas provinciales 2854–2909"
07054,2011,33734,"INE, Padrón municipal, tablas provinciales 2854–2909"
07054,2012,34946,"INE, Padrón municipal, tablas provinciales 2854–2909"
07054,2013,36464,"INE, Padrón municipal, tablas provinciales 2854–2909"
07054,2014,36189,"INE, Padrón municipal, tablas provinciales 2854–2909"
07054,2015,35812,"INE, Padrón municipal, tablas provinciales 2854–2909"
07054,2016,36119,"INE, Padrón municipal, tablas provinciales 2854–2909"
07054,2017,36605,"INE, Padrón municipal, tablas provinciales 2854–2909"
07054,2018,36457,"INE, Padrón municipal, tablas provinciales 2854–2909"
07054,2019,38015,"INE, Padrón municipal, tablas provinciales 2854–2909"
07054,2020,39358,"INE, Padrón municipal, tablas provinciales 2854–2909"
07054,2021,40038,"INE, Padrón municipal, tablas provinciales 2854–2909"
07054,2022,40548,"INE, Padrón municipal, tablas provinciales 2854–2909"
07054,2023,41228,"INE, Padrón municipal, tablas provinciales 2854–2909"
07054,2024,41706,"INE, Padrón municipal, tablas provinciales 2854–2909"
07054,2025,42479,"INE, Padrón municipal, tablas provinciales 2854–2909"
08015,1996,210987,"INE, Padrón municipal, tablas provinciales 2854–2909"
08015,1998,209606,"INE, Padrón municipal, tablas provinciales 2854–2909"
08015,1999,209635,"INE, Padrón municipal, tablas provinciales 2854–2909"
08015,2000,208944,"INE, Padrón municipal, tablas provinciales 2854–2909"
08015,2001,208994,"INE, Padrón municipal, tablas provinciales 2854–2909"
08015,2002,210370,"INE, Padrón municipal, tablas provinciales 2854–2909"
08015,2003,214440,"INE, Padrón municipal, tablas provinciales 2854–2909"
08015,2004,214874,"INE, Padrón municipal, tablas provinciales 2854–2909"
08015,2005,218553,"INE, Padrón municipal, tablas provinciales 2854–2909"
08015,2006,221520,"INE, Padrón municipal, tablas provinciales 2854–2909"
08015,2007,216201,"INE, Padrón municipal, tablas provinciales 2854–2909"
08015,2008,215329,"INE, Padrón municipal, tablas provinciales 2854–2909"
08015,2009,219547,"INE, Padrón municipal, tablas provinciales 2854–2909"
08015,2010,218886,"INE, Padrón municipal, tablas provinciales 2854–2909"
08015,2011,219786,"INE, Padrón municipal, tablas provinciales 2854–2909"
08015,2012,220977,"INE, Padrón municipal, tablas provinciales 2854–2909"
08015,2013,219708,"INE, Padrón municipal, tablas provinciales 2854–2909"
08015,2014,217210,"INE, Padrón municipal, tablas provinciales 2854–2909"
08015,2015,215654,"INE, Padrón municipal, tablas provinciales 2854–2909"
08015,2016,215634,"INE, Padrón municipal, tablas provinciales 2854–2909"
08015,2017,215848,"INE, Padrón municipal, tablas provinciales 2854–2909"
08015,2018,217741,"INE, Padrón municipal, tablas provinciales 2854–2909"
08015,2019,220440,"INE, Padrón municipal, tablas provinciales 2854–2909"
08015,2020,223166,"INE, Padrón municipal, tablas provinciales 2854–2909"
08015,2021,223006,"INE, Padrón municipal, tablas provinciales 2854–2909"
08015,2022,223506,"INE, Padrón municipal, tablas provinciales 2854–2909"
08015,2023,225957,"INE, Padrón municipal, tablas provinciales 2854–2909"
08015,2024,227083,"INE, Padrón municipal, tablas provinciales 2854–2909"
08015,2025,231542,"INE, Padrón municipal, tablas provinciales 2854–2909"
08019,1996,1508805,"INE, Padrón municipal, tablas provinciales 2854–2909"
08019,1998,1505581,"INE, Padrón municipal, tablas provinciales 2854–2909"
08019,1999,1503451,"INE, Padrón municipal, tablas provinciales 2854–2909"
08019,2000,1496266,"INE, Padrón municipal, tablas provinciales 2854–2909"
08019,2001,1505325,"INE, Padrón municipal, tablas provinciales 2854–2909"
08019,2002,1527190,"INE, Padrón municipal, tablas provinciales 2854–2909"
08019,2003,1582738,"INE, Padrón municipal, tablas provinciales 2854–2909"
08019,2004,1578546,"INE, Padrón municipal, tablas provinciales 2854–2909"
08019,2005,1593075,"INE, Padrón municipal, tablas provinciales 2854–2909"
08019,2006,1605602,"INE, Padrón municipal, tablas provinciales 2854–2909"
08019,2007,1595110,"INE, Padrón municipal, tablas provinciales 2854–2909"
08019,2008,1615908,"INE, Padrón municipal, tablas provinciales 2854–2909"
08019,2009,1621537,"INE, Padrón municipal, tablas provinciales 2854–2909"
08019,2010,1619337,"INE, Padrón municipal, tablas provinciales 2854–2909"
08019,2011,1615448,"INE, Padrón municipal, tablas provinciales 2854–2909"
08019,2012,1620943,"INE, Padrón municipal, tablas provinciales 2854–2909"
08019,2013,1611822,"INE, Padrón municipal, tablas provinciales 2854–2909"
08019,2014,1602386,"INE, Padrón municipal, tablas provinciales 2854–2909"
08019,2015,1604555,"INE, Padrón municipal, tablas provinciales 2854–2909"
08019,2016,1608746,"INE, Padrón municipal, tablas provinciales 2854–2909"
08019,2017,1620809,"INE, Padrón municipal, tablas provinciales 2854–2909"
08019,2018,1620343,"INE, Padrón municipal, tablas provinciales 2854–2909"
08019,2019,1636762,"INE, Padrón municipal, tablas provinciales 2854–2909"
08019,2020,1664182,"INE, Padrón municipal, tablas provinciales 2854–2909"
08019,2021,1636732,"INE, Padrón municipal, tablas provinciales 2854–2909"
08019,2022,1636193,"INE, Padrón municipal, tablas provinciales 2854–2909"
08019,2023,1660122,"INE, Padrón municipal, tablas provinciales 2854–2909"
08019,2024,1702547,"INE, Padrón municipal, tablas provinciales 2854–2909"
08019,2025,1731649,"INE, Padrón municipal, tablas provinciales 2854–2909"
08056,1996,38509,"INE, Padrón municipal, tablas provinciales 2854–2909"
08056,1998,41194,"INE, Padrón municipal, tablas provinciales 2854–2909"
08056,1999,43307,"INE, Padrón municipal, tablas provinciales 2854–2909"
08056,2000,45091,"INE, Padrón municipal, tablas provinciales 2854–2909"
08056,2001,46786,"INE, Padrón municipal, tablas provinciales 2854–2909"
08056,2002,48982,"INE, Padrón municipal, tablas provinciales 2854–2909"
08056,2003,52405,"INE, Padrón municipal, tablas provinciales 2854–2909"
08056,2004,53964,"INE, Padrón municipal, tablas provinciales 2854–2909"
08056,2005,56718,"INE, Padrón municipal, tablas provinciales 2854–2909"
08056,2006,58663,"INE, Padrón municipal, tablas provinciales 2854–2909"
08056,2007,58955,"INE, Padrón municipal, tablas provinciales 2854–2909"
08056,2008,60572,"INE, Padrón municipal, tablas provinciales 2854–2909"
08056,2009,62080,"INE, Padrón municipal, tablas provinciales 2854–2909"
08056,2010,62250,"INE, Padrón municipal, tablas provinciales 2854–2909"
08056,2011,63139,"INE, Padrón municipal, tablas provinciales 2854–2909"
08056,2012,62989,"INE, Padrón municipal, tablas provinciales 2854–2909"
08056,2013,63077,"INE, Padrón municipal, tablas provinciales 2854–2909"
08056,2014,63255,"INE, Padrón municipal, tablas provinciales 2854–2909"
08056,2015,63891,"INE, Padrón municipal, tablas provinciales 2854–2909"
08056,2016,64892,"INE, Padrón municipal, tablas provinciales 2854–2909"
08056,2017,65954,"INE, Padrón municipal, tablas provinciales 2854–2909"
08056,2018,66375,"INE, Padrón municipal, tablas provinciales 2854–2909"
08056,2019,67004,"INE, Padrón municipal, tablas provinciales 2854–2909"
08056,2020,67460,"INE, Padrón municipal, tablas provinciales 2854–2909"
08056,2021,67226,"INE, Padrón municipal, tablas provinciales 2854–2909"
08056,2022,67307,"INE, Padrón municipal, tablas provinciales 2854–2909"
08056,2023,68427,"INE, Padrón municipal, tablas provinciales 2854–2909"
08056,2024,69450,"INE, Padrón municipal, tablas provinciales 2854–2909"
08056,2025,70057,"INE, Padrón municipal, tablas provinciales 2854–2909"
08073,1996,82490,"INE, Padrón municipal, tablas provinciales 2854–2909"
08073,1998,80329,"INE, Padrón municipal, tablas provinciales 2854–2909"
08073,1999,80329,"INE, Padrón municipal, tablas provinciales 2854–2909"
08073,2000,80998,"INE, Padrón municipal, tablas provinciales 2854–2909"
08073,2001,81145,"INE, Padrón municipal, tablas provinciales 2854–2909"
08073,2002,81881,"INE, Padrón municipal, tablas provinciales 2854–2909"
08073,2003,82817,"INE, Padrón municipal, tablas provinciales 2854–2909"
08073,2004,83327,"INE, Padrón municipal, tablas provinciales 2854–2909"
08073,2005,84131,"INE, Padrón municipal, tablas provinciales 2854–2909"
08073,2006,84289,"INE, Padrón municipal, tablas provinciales 2854–2909"
08073,2007,84477,"INE, Padrón municipal, tablas provinciales 2854–2909"
08073,2008,85180,"INE, Padrón municipal, tablas provinciales 2854–2909"
08073,2009,86519,"INE, Padrón municipal, tablas provinciales 2854–2909"
08073,2010,87240,"INE, Padrón municipal, tablas provinciales 2854–2909"
08073,2011,87243,"INE, Padrón municipal, tablas provinciales 2854–2909"
08073,2012,87458,"INE, Padrón municipal, tablas provinciales 2854–2909"
08073,2013,86687,"INE, Padrón municipal, tablas provinciales 2854–2909"
08073,2014,86234,"INE, Padrón municipal, tablas provinciales 2854–2909"
08073,2015,86376,"INE, Padrón municipal, tablas provinciales 2854–2909"
08073,2016,86072,"INE, Padrón municipal, tablas provinciales 2854–2909"
08073,2017,86610,"INE, Padrón municipal, tablas provinciales 2854–2909"
08073,2018,87173,"INE, Padrón municipal, tablas provinciales 2854–2909"
08073,2019,88592,"INE, Padrón municipal, tablas provinciales 2854–2909"
08073,2020,89936,"INE, Padrón municipal, tablas provinciales 2854–2909"
08073,2021,89300,"INE, Padrón municipal, tablas provinciales 2854–2909"
08073,2022,89039,"INE, Padrón municipal, tablas provinciales 2854–2909"
08073,2023,90303,"INE, Padrón municipal, tablas provinciales 2854–2909"
08073,2024,91589,"INE, Padrón municipal, tablas provinciales 2854–2909"
08073,2025,92237,"INE, Padrón municipal, tablas provinciales 2854–2909"
08077,1996,46810,"INE, Padrón municipal, tablas provinciales 2854–2909"
08077,1998,46304,"INE, Padrón municipal, tablas provinciales 2854–2909"
08077,1999,46304,"INE, Padrón municipal, tablas provinciales 2854–2909"
08077,2000,45668,"INE, Padrón municipal, tablas provinciales 2854–2909"
08077,2001,45731,"INE, Padrón municipal, tablas provinciales 2854–2909"
08077,2002,45988,"INE, Padrón municipal, tablas provinciales 2854–2909"
08077,2003,46447,"INE, Padrón municipal, tablas provinciales 2854–2909"
08077,2004,45915,"INE, Padrón municipal, tablas provinciales 2854–2909"
08077,2005,46550,"INE, Padrón municipal, tablas provinciales 2854–2909"
08077,2006,46808,"INE, Padrón municipal, tablas provinciales 2854–2909"
08077,2007,46286,"INE, Padrón municipal, tablas provinciales 2854–2909"
08077,2008,46586,"INE, Padrón municipal, tablas provinciales 2854–2909"
08077,2009,46862,"INE, Padrón municipal, tablas provinciales 2854–2909"
08077,2010,46649,"INE, Padrón municipal, tablas provinciales 2854–2909"
08077,2011,46687,"INE, Padrón municipal, tablas provinciales 2854–2909"
08077,2012,46726,"INE, Padrón municipal, tablas provinciales 2854–2909"
08077,2013,46667,"INE, Padrón municipal, tablas provinciales 2854–2909"
08077,2014,46133,"INE, Padrón municipal, tablas provinciales 2854–2909"
08077,2015,45626,"INE, Padrón municipal, tablas provinciales 2854–2909"
08077,2016,45733,"INE, Padrón municipal, tablas provinciales 2854–2909"
08077,2017,45890,"INE, Padrón municipal, tablas provinciales 2854–2909"
08077,2018,46355,"INE, Padrón municipal, tablas provinciales 2854–2909"
08077,2019,46680,"INE, Padrón municipal, tablas provinciales 2854–2909"
08077,2020,47150,"INE, Padrón municipal, tablas provinciales 2854–2909"
08077,2021,46777,"INE, Padrón municipal, tablas provinciales 2854–2909"
08077,2022,46414,"INE, Padrón municipal, tablas provinciales 2854–2909"
08077,2023,46921,"INE, Padrón municipal, tablas provinciales 2854–2909"
08077,2024,47613,"INE, Padrón municipal, tablas provinciales 2854–2909"
08077,2025,48221,"INE, Padrón municipal, tablas provinciales 2854–2909"
08089,1996,37985,"INE, Padrón municipal, tablas provinciales 2854–2909"
08089,1998,38813,"INE, Padrón municipal, tablas provinciales 2854–2909"
08089,1999,39214,"INE, Padrón municipal, tablas provinciales 2854–2909"
08089,2000,39220,"INE, Padrón municipal, tablas provinciales 2854–2909"
08089,2001,39619,"INE, Padrón municipal, tablas provinciales 2854–2909"
08089,2002,41162,"INE, Padrón municipal, tablas provinciales 2854–2909"
08089,2003,42304,"INE, Padrón municipal, tablas provinciales 2854–2909"
08089,2004,43242,"INE, Padrón municipal, tablas provinciales 2854–2909"
08089,2005,44210,"INE, Padrón municipal, tablas provinciales 2854–2909"
08089,2006,44531,"INE, Padrón municipal, tablas provinciales 2854–2909"
08089,2007,44678,"INE, Padrón municipal, tablas provinciales 2854–2909"
08089,2008,45190,"INE, Padrón municipal, tablas provinciales 2854–2909"
08089,2009,45994,"INE, Padrón municipal, tablas provinciales 2854–2909"
08089,2010,46383,"INE, Padrón municipal, tablas provinciales 2854–2909"
08089,2011,46250,"INE, Padrón municipal, tablas provinciales 2854–2909"
08089,2012,46488,"INE, Padrón municipal, tablas provinciales 2854–2909"
08089,2013,46377,"INE, Padrón municipal, tablas provinciales 2854–2909"
08089,2014,46326,"INE, Padrón municipal, tablas provinciales 2854–2909"
08089,2015,46405,"INE, Padrón municipal, tablas provinciales 2854–2909"
08089,2016,46266,"INE, Padrón municipal, tablas provinciales 2854–2909"
08089,2017,46538,"INE, Padrón municipal, tablas provinciales 2854–2909"
08089,2018,46705,"INE, Padrón municipal, tablas provinciales 2854–2909"
08089,2019,46771,"INE, Padrón municipal, tablas provinciales 2854–2909"
08089,2020,47057,"INE, Padrón municipal, tablas provinciales 2854–2909"
08089,2021,46931,"INE, Padrón municipal, tablas provinciales 2854–2909"
08089,2022,46974,"INE, Padrón municipal, tablas provinciales 2854–2909"
08089,2023,47593,"INE, Padrón municipal, tablas provinciales 2854–2909"
08089,2024,48007,"INE, Padrón municipal, tablas provinciales 2854–2909"
08089,2025,48243,"INE, Padrón municipal, tablas provinciales 2854–2909"
08096,1996,50951,"INE, Padrón municipal, tablas provinciales 2854–2909"
08096,1998,51600,"INE, Padrón municipal, tablas provinciales 2854–2909"
08096,1999,51925,"INE, Padrón municipal, tablas provinciales 2854–2909"
08096,2000,52423,"INE, Padrón municipal, tablas provinciales 2854–2909"
08096,2001,53681,"INE, Padrón municipal, tablas provinciales 2854–2909"
08096,2002,54634,"INE, Padrón municipal, tablas provinciales 2854–2909"
08096,2003,55913,"INE, Padrón municipal, tablas provinciales 2854–2909"
08096,2004,56456,"INE, Padrón municipal, tablas provinciales 2854–2909"
08096,2005,57796,"INE, Padrón municipal, tablas provinciales 2854–2909"
08096,2006,58940,"INE, Padrón municipal, tablas provinciales 2854–2909"
08096,2007,58854,"INE, Padrón municipal, tablas provinciales 2854–2909"
08096,2008,60122,"INE, Padrón municipal, tablas provinciales 2854–2909"
08096,2009,60658,"INE, Padrón municipal, tablas provinciales 2854–2909"
08096,2010,59691,"INE, Padrón municipal, tablas provinciales 2854–2909"
08096,2011,60000,"INE, Padrón municipal, tablas provinciales 2854–2909"
08096,2012,59954,"INE, Padrón municipal, tablas provinciales 2854–2909"
08096,2013,59753,"INE, Padrón municipal, tablas provinciales 2854–2909"
08096,2014,59930,"INE, Padrón municipal, tablas provinciales 2854–2909"
08096,2015,60101,"INE, Padrón municipal, tablas provinciales 2854–2909"
08096,2016,60174,"INE, Padrón municipal, tablas provinciales 2854–2909"
08096,2017,60695,"INE, Padrón municipal, tablas provinciales 2854–2909"
08096,2018,60981,"INE, Padrón municipal, tablas provinciales 2854–2909"
08096,2019,61275,"INE, Padrón municipal, tablas provinciales 2854–2909"
08096,2020,62419,"INE, Padrón municipal, tablas provinciales 2854–2909"
08096,2021,62475,"INE, Padrón municipal, tablas provinciales 2854–2909"
08096,2022,61983,"INE, Padrón municipal, tablas provinciales 2854–2909"
08096,2023,63092,"INE, Padrón municipal, tablas provinciales 2854–2909"
08096,2024,64181,"INE, Padrón municipal, tablas provinciales 2854–2909"
08096,2025,65341,"INE, Padrón municipal, tablas provinciales 2854–2909"
08101,1996,255050,"INE, Padrón municipal, tablas provinciales 2854–2909"
08101,1998,248521,"INE, Padrón municipal, tablas provinciales 2854–2909"
08101,1999,247986,"INE, Padrón municipal, tablas provinciales 2854–2909"
08101,2000,241782,"INE, Padrón municipal, tablas provinciales 2854–2909"
08101,2001,242480,"INE, Padrón municipal, tablas provinciales 2854–2909"
08101,2002,244323,"INE, Padrón municipal, tablas provinciales 2854–2909"
08101,2003,246415,"INE, Padrón municipal, tablas provinciales 2854–2909"
08101,2004,250536,"INE, Padrón municipal, tablas provinciales 2854–2909"
08101,2005,252884,"INE, Padrón municipal, tablas provinciales 2854–2909"
08101,2006,248150,"INE, Padrón municipal, tablas provinciales 2854–2909"
08101,2007,251848,"INE, Padrón municipal, tablas provinciales 2854–2909"
08101,2008,253782,"INE, Padrón municipal, tablas provinciales 2854–2909"
08101,2009,257038,"INE, Padrón municipal, tablas provinciales 2854–2909"
08101,2010,258642,"INE, Padrón municipal, tablas provinciales 2854–2909"
08101,2011,256065,"INE, Padrón municipal, tablas provinciales 2854–2909"
08101,2012,257057,"INE, Padrón municipal, tablas provinciales 2854–2909"
08101,2013,254056,"INE, Padrón municipal, tablas provinciales 2854–2909"
08101,2014,253518,"INE, Padrón municipal, tablas provinciales 2854–2909"
08101,2015,252171,"INE, Padrón municipal, tablas provinciales 2854–2909"
08101,2016,254804,"INE, Padrón municipal, tablas provinciales 2854–2909"
08101,2017,257349,"INE, Padrón municipal, tablas provinciales 2854–2909"
08101,2018,261068,"INE, Padrón municipal, tablas provinciales 2854–2909"
08101,2019,264923,"INE, Padrón municipal, tablas provinciales 2854–2909"
08101,2020,269382,"INE, Padrón municipal, tablas provinciales 2854–2909"
08101,2021,264657,"INE, Padrón municipal, tablas provinciales 2854–2909"
08101,2022,265444,"INE, Padrón municipal, tablas provinciales 2854–2909"
08101,2023,274455,"INE, Padrón municipal, tablas provinciales 2854–2909"
08101,2024,279993,"INE, Padrón municipal, tablas provinciales 2854–2909"
08101,2025,289510,"INE, Padrón municipal, tablas provinciales 2854–2909"
08102,1996,32512,"INE, Padrón municipal, tablas provinciales 2854–2909"
08102,1998,32526,"INE, Padrón municipal, tablas provinciales 2854–2909"
08102,1999,32526,"INE, Padrón municipal, tablas provinciales 2854–2909"
08102,2000,32516,"INE, Padrón municipal, tablas provinciales 2854–2909"
08102,2001,32935,"INE, Padrón municipal, tablas provinciales 2854–2909"
08102,2002,33382,"INE, Padrón municipal, tablas provinciales 2854–2909"
08102,2003,34391,"INE, Padrón municipal, tablas provinciales 2854–2909"
08102,2004,35195,"INE, Padrón municipal, tablas provinciales 2854–2909"
08102,2005,35933,"INE, Padrón municipal, tablas provinciales 2854–2909"
08102,2006,36817,"INE, Padrón municipal, tablas provinciales 2854–2909"
08102,2007,36923,"INE, Padrón municipal, tablas provinciales 2854–2909"
08102,2008,38164,"INE, Padrón municipal, tablas provinciales 2854–2909"
08102,2009,38918,"INE, Padrón municipal, tablas provinciales 2854–2909"
08102,2010,39149,"INE, Padrón municipal, tablas provinciales 2854–2909"
08102,2011,39191,"INE, Padrón municipal, tablas provinciales 2854–2909"
08102,2012,39198,"INE, Padrón municipal, tablas provinciales 2854–2909"
08102,2013,38978,"INE, Padrón municipal, tablas provinciales 2854–2909"
08102,2014,38751,"INE, Padrón municipal, tablas provinciales 2854–2909"
08102,2015,38751,"INE, Padrón municipal, tablas provinciales 2854–2909"
08102,2016,38987,"INE, Padrón municipal, tablas provinciales 2854–2909"
08102,2017,39316,"INE, Padrón municipal, tablas provinciales 2854–2909"
08102,2018,39540,"INE, Padrón municipal, tablas provinciales 2854–2909"
08102,2019,39967,"INE, Padrón municipal, tablas provinciales 2854–2909"
08102,2020,40742,"INE, Padrón municipal, tablas provinciales 2854–2909"
08102,2021,40875,"INE, Padrón municipal, tablas provinciales 2854–2909"
08102,2022,40767,"INE, Padrón municipal, tablas provinciales 2854–2909"
08102,2023,41164,"INE, Padrón municipal, tablas provinciales 2854–2909"
08102,2024,41466,"INE, Padrón municipal, tablas provinciales 2854–2909"
08102,2025,42085,"INE, Padrón municipal, tablas provinciales 2854–2909"
08113,1996,64385,"INE, Padrón municipal, tablas provinciales 2854–2909"
08113,1998,64067,"INE, Padrón municipal, tablas provinciales 2854–2909"
08113,1999,63688,"INE, Padrón municipal, tablas provinciales 2854–2909"
08113,2000,63742,"INE, Padrón municipal, tablas provinciales 2854–2909"
08113,2001,63929,"INE, Padrón municipal, tablas provinciales 2854–2909"
08113,2002,65440,"INE, Padrón municipal, tablas provinciales 2854–2909"
08113,2003,67269,"INE, Padrón municipal, tablas provinciales 2854–2909"
08113,2004,68505,"INE, Padrón municipal, tablas provinciales 2854–2909"
08113,2005,70343,"INE, Padrón municipal, tablas provinciales 2854–2909"
08113,2006,71772,"INE, Padrón municipal, tablas provinciales 2854–2909"
08113,2007,73140,"INE, Padrón municipal, tablas provinciales 2854–2909"
08113,2008,75053,"INE, Padrón municipal, tablas provinciales 2854–2909"
08113,2009,76558,"INE, Padrón municipal, tablas provinciales 2854–2909"
08113,2010,76209,"INE, Padrón municipal, tablas provinciales 2854–2909"
08113,2011,76589,"INE, Padrón municipal, tablas provinciales 2854–2909"
08113,2012,76570,"INE, Padrón municipal, tablas provinciales 2854–2909"
08113,2013,76170,"INE, Padrón municipal, tablas provinciales 2854–2909"
08113,2014,75297,"INE, Padrón municipal, tablas provinciales 2854–2909"
08113,2015,74655,"INE, Padrón municipal, tablas provinciales 2854–2909"
08113,2016,74752,"INE, Padrón municipal, tablas provinciales 2854–2909"
08113,2017,75152,"INE, Padrón municipal, tablas provinciales 2854–2909"
08113,2018,76250,"INE, Padrón municipal, tablas provinciales 2854–2909"
08113,2019,77714,"INE, Padrón municipal, tablas provinciales 2854–2909"
08113,2020,78245,"INE, Padrón municipal, tablas provinciales 2854–2909"
08113,2021,78192,"INE, Padrón municipal, tablas provinciales 2854–2909"
08113,2022,77452,"INE, Padrón municipal, tablas provinciales 2854–2909"
08113,2023,78877,"INE, Padrón municipal, tablas provinciales 2854–2909"
08113,2024,80201,"INE, Padrón municipal, tablas provinciales 2854–2909"
08113,2025,80974,"INE, Padrón municipal, tablas provinciales 2854–2909"
08114,1996,17822,"INE, Padrón municipal, tablas provinciales 2854–2909"
08114,1998,18916,"INE, Padrón municipal, tablas provinciales 2854–2909"
08114,1999,19969,"INE, Padrón municipal, tablas provinciales 2854–2909"
08114,2000,21314,"INE, Padrón municipal, tablas provinciales 2854–2909"
08114,2001,22537,"INE, Padrón municipal, tablas provinciales 2854–2909"
08114,2002,23529,"INE, Padrón municipal, tablas provinciales 2854–2909"
08114,2003,24549,"INE, Padrón municipal, tablas provinciales 2854–2909"
08114,2004,25010,"INE, Padrón municipal, tablas provinciales 2854–2909"
08114,2005,25766,"INE, Padrón municipal, tablas provinciales 2854–2909"
08114,2006,26170,"INE, Padrón municipal, tablas provinciales 2854–2909"
08114,2007,25844,"INE, Padrón municipal, tablas provinciales 2854–2909"
08114,2008,26169,"INE, Padrón municipal, tablas provinciales 2854–2909"
08114,2009,26681,"INE, Padrón municipal, tablas provinciales 2854–2909"
08114,2010,26815,"INE, Padrón municipal, tablas provinciales 2854–2909"
08114,2011,27457,"INE, Padrón municipal, tablas provinciales 2854–2909"
08114,2012,28070,"INE, Padrón municipal, tablas provinciales 2854–2909"
08114,2013,28108,"INE, Padrón municipal, tablas provinciales 2854–2909"
08114,2014,27895,"INE, Padrón municipal, tablas provinciales 2854–2909"
08114,2015,27694,"INE, Padrón municipal, tablas provinciales 2854–2909"
08114,2016,27645,"INE, Padrón municipal, tablas provinciales 2854–2909"
08114,2017,27681,"INE, Padrón municipal, tablas provinciales 2854–2909"
08114,2018,27850,"INE, Padrón municipal, tablas provinciales 2854–2909"
08114,2019,28189,"INE, Padrón municipal, tablas provinciales 2854–2909"
08114,2020,28772,"INE, Padrón municipal, tablas provinciales 2854–2909"
08114,2021,28667,"INE, Padrón municipal, tablas provinciales 2854–2909"
08114,2022,28684,"INE, Padrón municipal, tablas provinciales 2854–2909"
08114,2023,28760,"INE, Padrón municipal, tablas provinciales 2854–2909"
08114,2024,28507,"INE, Padrón municipal, tablas provinciales 2854–2909"
08114,2025,29175,"INE, Padrón municipal, tablas provinciales 2854–2909"
08121,1996,102018,"INE, Padrón municipal, tablas provinciales 2854–2909"
08121,1998,103265,"INE, Padrón municipal, tablas provinciales 2854–2909"
08121,1999,104095,"INE, Padrón municipal, tablas provinciales 2854–2909"
08121,2000,104659,"INE, Padrón municipal, tablas provinciales 2854–2909"
08121,2001,107191,"INE, Padrón municipal, tablas provinciales 2854–2909"
08121,2002,109298,"INE, Padrón municipal, tablas provinciales 2854–2909"
08121,2003,111879,"INE, Padrón municipal, tablas provinciales 2854–2909"
08121,2004,114114,"INE, Padrón municipal, tablas provinciales 2854–2909"
08121,2005,116698,"INE, Padrón municipal, tablas provinciales 2854–2909"
08121,2006,118748,"INE, Padrón municipal, tablas provinciales 2854–2909"
08121,2007,119035,"INE, Padrón municipal, tablas provinciales 2854–2909"
08121,2008,119780,"INE, Padrón municipal, tablas provinciales 2854–2909"
08121,2009,121722,"INE, Padrón municipal, tablas provinciales 2854–2909"
08121,2010,122905,"INE, Padrón municipal, tablas provinciales 2854–2909"
08121,2011,123868,"INE, Padrón municipal, tablas provinciales 2854–2909"
08121,2012,124084,"INE, Padrón municipal, tablas provinciales 2854–2909"
08121,2013,124099,"INE, Padrón municipal, tablas provinciales 2854–2909"
08121,2014,124280,"INE, Padrón municipal, tablas provinciales 2854–2909"
08121,2015,124867,"INE, Padrón municipal, tablas provinciales 2854–2909"
08121,2016,125517,"INE, Padrón municipal, tablas provinciales 2854–2909"
08121,2017,126127,"INE, Padrón municipal, tablas provinciales 2854–2909"
08121,2018,126988,"INE, Padrón municipal, tablas provinciales 2854–2909"
08121,2019,128265,"INE, Padrón municipal, tablas provinciales 2854–2909"
08121,2020,129661,"INE, Padrón municipal, tablas provinciales 2854–2909"
08121,2021,129120,"INE, Padrón municipal, tablas provinciales 2854–2909"
08121,2022,128956,"INE, Padrón municipal, tablas provinciales 2854–2909"
08121,2023,129870,"INE, Padrón municipal, tablas provinciales 2854–2909"
08121,2024,131798,"INE, Padrón municipal, tablas provinciales 2854–2909"
08121,2025,131683,"INE, Padrón municipal, tablas provinciales 2854–2909"
08124,1996,41911,"INE, Padrón municipal, tablas provinciales 2854–2909"
08124,1998,44170,"INE, Padrón municipal, tablas provinciales 2854–2909"
08124,1999,45324,"INE, Padrón municipal, tablas provinciales 2854–2909"
08124,2000,46204,"INE, Padrón municipal, tablas provinciales 2854–2909"
08124,2001,46897,"INE, Padrón municipal, tablas provinciales 2854–2909"
08124,2002,48727,"INE, Padrón municipal, tablas provinciales 2854–2909"
08124,2003,50001,"INE, Padrón municipal, tablas provinciales 2854–2909"
08124,2004,50691,"INE, Padrón municipal, tablas provinciales 2854–2909"
08124,2005,51218,"INE, Padrón municipal, tablas provinciales 2854–2909"
08124,2006,51713,"INE, Padrón municipal, tablas provinciales 2854–2909"
08124,2007,51365,"INE, Padrón municipal, tablas provinciales 2854–2909"
08124,2008,51912,"INE, Padrón municipal, tablas provinciales 2854–2909"
08124,2009,52484,"INE, Padrón municipal, tablas provinciales 2854–2909"
08124,2010,52459,"INE, Padrón municipal, tablas provinciales 2854–2909"
08124,2011,52409,"INE, Padrón municipal, tablas provinciales 2854–2909"
08124,2012,52242,"INE, Padrón municipal, tablas provinciales 2854–2909"
08124,2013,51954,"INE, Padrón municipal, tablas provinciales 2854–2909"
08124,2014,51719,"INE, Padrón municipal, tablas provinciales 2854–2909"
08124,2015,51650,"INE, Padrón municipal, tablas provinciales 2854–2909"
08124,2016,51491,"INE, Padrón municipal, tablas provinciales 2854–2909"
08124,2017,51128,"INE, Padrón municipal, tablas provinciales 2854–2909"
08124,2018,51133,"INE, Padrón municipal, tablas provinciales 2854–2909"
08124,2019,51318,"INE, Padrón municipal, tablas provinciales 2854–2909"
08124,2020,51600,"INE, Padrón municipal, tablas provinciales 2854–2909"
08124,2021,51151,"INE, Padrón municipal, tablas provinciales 2854–2909"
08124,2022,51294,"INE, Padrón municipal, tablas provinciales 2854–2909"
08124,2023,51824,"INE, Padrón municipal, tablas provinciales 2854–2909"
08124,2024,52283,"INE, Padrón municipal, tablas provinciales 2854–2909"
08124,2025,52990,"INE, Padrón municipal, tablas provinciales 2854–2909"
08125,1996,27068,"INE, Padrón municipal, tablas provinciales 2854–2909"
08125,1998,26886,"INE, Padrón municipal, tablas provinciales 2854–2909"
08125,1999,27348,"INE, Padrón municipal, tablas provinciales 2854–2909"
08125,2000,27952,"INE, Padrón municipal, tablas provinciales 2854–2909"
08125,2001,28714,"INE, Padrón municipal, tablas provinciales 2854–2909"
08125,2002,29653,"INE, Padrón municipal, tablas provinciales 2854–2909"
08125,2003,30354,"INE, Padrón municipal, tablas provinciales 2854–2909"
08125,2004,30953,"INE, Padrón municipal, tablas provinciales 2854–2909"
08125,2005,31725,"INE, Padrón municipal, tablas provinciales 2854–2909"
08125,2006,32153,"INE, Padrón municipal, tablas provinciales 2854–2909"
08125,2007,32111,"INE, Padrón municipal, tablas provinciales 2854–2909"
08125,2008,32750,"INE, Padrón municipal, tablas provinciales 2854–2909"
08125,2009,33453,"INE, Padrón municipal, tablas provinciales 2854–2909"
08125,2010,33656,"INE, Padrón municipal, tablas provinciales 2854–2909"
08125,2011,34232,"INE, Padrón municipal, tablas provinciales 2854–2909"
08125,2012,34689,"INE, Padrón municipal, tablas provinciales 2854–2909"
08125,2013,34863,"INE, Padrón municipal, tablas provinciales 2854–2909"
08125,2014,34394,"INE, Padrón municipal, tablas provinciales 2854–2909"
08125,2015,34377,"INE, Padrón municipal, tablas provinciales 2854–2909"
08125,2016,34802,"INE, Padrón municipal, tablas provinciales 2854–2909"
08125,2017,35063,"INE, Padrón municipal, tablas provinciales 2854–2909"
08125,2018,35599,"INE, Padrón municipal, tablas provinciales 2854–2909"
08125,2019,36239,"INE, Padrón municipal, tablas provinciales 2854–2909"
08125,2020,36803,"INE, Padrón municipal, tablas provinciales 2854–2909"
08125,2021,36794,"INE, Padrón municipal, tablas provinciales 2854–2909"
08125,2022,36666,"INE, Padrón municipal, tablas provinciales 2854–2909"
08125,2023,36891,"INE, Padrón municipal, tablas provinciales 2854–2909"
08125,2024,37153,"INE, Padrón municipal, tablas provinciales 2854–2909"
08125,2025,37460,"INE, Padrón municipal, tablas provinciales 2854–2909"
08163,1996,17884,"INE, Padrón municipal, tablas provinciales 2854–2909"
08163,1998,18585,"INE, Padrón municipal, tablas provinciales 2854–2909"
08163,1999,19209,"INE, Padrón municipal, tablas provinciales 2854–2909"
08163,2000,20057,"INE, Padrón municipal, tablas provinciales 2854–2909"
08163,2001,20871,"INE, Padrón municipal, tablas provinciales 2854–2909"
08163,2002,21958,"INE, Padrón municipal, tablas provinciales 2854–2909"
08163,2003,22843,"INE, Padrón municipal, tablas provinciales 2854–2909"
08163,2004,23539,"INE, Padrón municipal, tablas provinciales 2854–2909"
08163,2005,24702,"INE, Padrón municipal, tablas provinciales 2854–2909"
08163,2006,25504,"INE, Padrón municipal, tablas provinciales 2854–2909"
08163,2007,25568,"INE, Padrón municipal, tablas provinciales 2854–2909"
08163,2008,25931,"INE, Padrón municipal, tablas provinciales 2854–2909"
08163,2009,26203,"INE, Padrón municipal, tablas provinciales 2854–2909"
08163,2010,25893,"INE, Padrón municipal, tablas provinciales 2854–2909"
08163,2011,26040,"INE, Padrón municipal, tablas provinciales 2854–2909"
08163,2012,26066,"INE, Padrón municipal, tablas provinciales 2854–2909"
08163,2013,26157,"INE, Padrón municipal, tablas provinciales 2854–2909"
08163,2014,25948,"INE, Padrón municipal, tablas provinciales 2854–2909"
08163,2015,25968,"INE, Padrón municipal, tablas provinciales 2854–2909"
08163,2016,26240,"INE, Padrón municipal, tablas provinciales 2854–2909"
08163,2017,26349,"INE, Padrón municipal, tablas provinciales 2854–2909"
08163,2018,26659,"INE, Padrón municipal, tablas provinciales 2854–2909"
08163,2019,27272,"INE, Padrón municipal, tablas provinciales 2854–2909"
08163,2020,27984,"INE, Padrón municipal, tablas provinciales 2854–2909"
08163,2021,27974,"INE, Padrón municipal, tablas provinciales 2854–2909"
08163,2022,28083,"INE, Padrón municipal, tablas provinciales 2854–2909"
08163,2023,28751,"INE, Padrón municipal, tablas provinciales 2854–2909"
08163,2024,29455,"INE, Padrón municipal, tablas provinciales 2854–2909"
08163,2025,30108,"INE, Padrón municipal, tablas provinciales 2854–2909"
08169,1996,63255,"INE, Padrón municipal, tablas provinciales 2854–2909"
08169,1998,62514,"INE, Padrón municipal, tablas provinciales 2854–2909"
08169,1999,62773,"INE, Padrón municipal, tablas provinciales 2854–2909"
08169,2000,62956,"INE, Padrón municipal, tablas provinciales 2854–2909"
08169,2001,63139,"INE, Padrón municipal, tablas provinciales 2854–2909"
08169,2002,63112,"INE, Padrón municipal, tablas provinciales 2854–2909"
08169,2003,63312,"INE, Padrón municipal, tablas provinciales 2854–2909"
08169,2004,63148,"INE, Padrón municipal, tablas provinciales 2854–2909"
08169,2005,63190,"INE, Padrón municipal, tablas provinciales 2854–2909"
08169,2006,63069,"INE, Padrón municipal, tablas provinciales 2854–2909"
08169,2007,62663,"INE, Padrón municipal, tablas provinciales 2854–2909"
08169,2008,62899,"INE, Padrón municipal, tablas provinciales 2854–2909"
08169,2009,63418,"INE, Padrón municipal, tablas provinciales 2854–2909"
08169,2010,63434,"INE, Padrón municipal, tablas provinciales 2854–2909"
08169,2011,63499,"INE, Padrón municipal, tablas provinciales 2854–2909"
08169,2012,63162,"INE, Padrón municipal, tablas provinciales 2854–2909"
08169,2013,63419,"INE, Padrón municipal, tablas provinciales 2854–2909"
08169,2014,62866,"INE, Padrón municipal, tablas provinciales 2854–2909"
08169,2015,63014,"INE, Padrón municipal, tablas provinciales 2854–2909"
08169,2016,63457,"INE, Padrón municipal, tablas provinciales 2854–2909"
08169,2017,63897,"INE, Padrón municipal, tablas provinciales 2854–2909"
08169,2018,64132,"INE, Padrón municipal, tablas provinciales 2854–2909"
08169,2019,64599,"INE, Padrón municipal, tablas provinciales 2854–2909"
08169,2020,65385,"INE, Padrón municipal, tablas provinciales 2854–2909"
08169,2021,65532,"INE, Padrón municipal, tablas provinciales 2854–2909"
08169,2022,65030,"INE, Padrón municipal, tablas provinciales 2854–2909"
08169,2023,65516,"INE, Padrón municipal, tablas provinciales 2854–2909"
08169,2024,66184,"INE, Padrón municipal, tablas provinciales 2854–2909"
08169,2025,66338,"INE, Padrón municipal, tablas provinciales 2854–2909"
08172,1996,24420,"INE, Padrón municipal, tablas provinciales 2854–2909"
08172,1998,25529,"INE, Padrón municipal, tablas provinciales 2854–2909"
08172,1999,25882,"INE, Padrón municipal, tablas provinciales 2854–2909"
08172,2000,26130,"INE, Padrón municipal, tablas provinciales 2854–2909"
08172,2001,26555,"INE, Padrón municipal, tablas provinciales 2854–2909"
08172,2002,26889,"INE, Padrón municipal, tablas provinciales 2854–2909"
08172,2003,27326,"INE, Padrón municipal, tablas provinciales 2854–2909"
08172,2004,27464,"INE, Padrón municipal, tablas provinciales 2854–2909"
08172,2005,27653,"INE, Padrón municipal, tablas provinciales 2854–2909"
08172,2006,27860,"INE, Padrón municipal, tablas provinciales 2854–2909"
08172,2007,27590,"INE, Padrón municipal, tablas provinciales 2854–2909"
08172,2008,27545,"INE, Padrón municipal, tablas provinciales 2854–2909"
08172,2009,27399,"INE, Padrón municipal, tablas provinciales 2854–2909"
08172,2010,27802,"INE, Padrón municipal, tablas provinciales 2854–2909"
08172,2011,28310,"INE, Padrón municipal, tablas provinciales 2854–2909"
08172,2012,28145,"INE, Padrón municipal, tablas provinciales 2854–2909"
08172,2013,28136,"INE, Padrón municipal, tablas provinciales 2854–2909"
08172,2014,28163,"INE, Padrón municipal, tablas provinciales 2854–2909"
08172,2015,27944,"INE, Padrón municipal, tablas provinciales 2854–2909"
08172,2016,27866,"INE, Padrón municipal, tablas provinciales 2854–2909"
08172,2017,28049,"INE, Padrón municipal, tablas provinciales 2854–2909"
08172,2018,28071,"INE, Padrón municipal, tablas provinciales 2854–2909"
08172,2019,28119,"INE, Padrón municipal, tablas provinciales 2854–2909"
08172,2020,28531,"INE, Padrón municipal, tablas provinciales 2854–2909"
08172,2021,28523,"INE, Padrón municipal, tablas provinciales 2854–2909"
08172,2022,28518,"INE, Padrón municipal, tablas provinciales 2854–2909"
08172,2023,28767,"INE, Padrón municipal, tablas provinciales 2854–2909"
08172,2024,28951,"INE, Padrón municipal, tablas provinciales 2854–2909"
08172,2025,29431,"INE, Padrón municipal, tablas provinciales 2854–2909"
08180,1996,28903,"INE, Padrón municipal, tablas provinciales 2854–2909"
08180,1998,29155,"INE, Padrón municipal, tablas provinciales 2854–2909"
08180,1999,29358,"INE, Padrón municipal, tablas provinciales 2854–2909"
08180,2000,29877,"INE, Padrón municipal, tablas provinciales 2854–2909"
08180,2001,30548,"INE, Padrón municipal, tablas provinciales 2854–2909"
08180,2002,31401,"INE, Padrón municipal, tablas provinciales 2854–2909"
08180,2003,32429,"INE, Padrón municipal, tablas provinciales 2854–2909"
08180,2004,33605,"INE, Padrón municipal, tablas provinciales 2854–2909"
08180,2005,34735,"INE, Padrón municipal, tablas provinciales 2854–2909"
08180,2006,35427,"INE, Padrón municipal, tablas provinciales 2854–2909"
08180,2007,35661,"INE, Padrón municipal, tablas provinciales 2854–2909"
08180,2008,36255,"INE, Padrón municipal, tablas provinciales 2854–2909"
08180,2009,37088,"INE, Padrón municipal, tablas provinciales 2854–2909"
08180,2010,37151,"INE, Padrón municipal, tablas provinciales 2854–2909"
08180,2011,37348,"INE, Padrón municipal, tablas provinciales 2854–2909"
08180,2012,37422,"INE, Padrón municipal, tablas provinciales 2854–2909"
08180,2013,37234,"INE, Padrón municipal, tablas provinciales 2854–2909"
08180,2014,37233,"INE, Padrón municipal, tablas provinciales 2854–2909"
08180,2015,37445,"INE, Padrón municipal, tablas provinciales 2854–2909"
08180,2016,37648,"INE, Padrón municipal, tablas provinciales 2854–2909"
08180,2017,37899,"INE, Padrón municipal, tablas provinciales 2854–2909"
08180,2018,38347,"INE, Padrón municipal, tablas provinciales 2854–2909"
08180,2019,38665,"INE, Padrón municipal, tablas provinciales 2854–2909"
08180,2020,39179,"INE, Padrón municipal, tablas provinciales 2854–2909"
08180,2021,39139,"INE, Padrón municipal, tablas provinciales 2854–2909"
08180,2022,39031,"INE, Padrón municipal, tablas provinciales 2854–2909"
08180,2023,39269,"INE, Padrón municipal, tablas provinciales 2854–2909"
08180,2024,39462,"INE, Padrón municipal, tablas provinciales 2854–2909"
08180,2025,39897,"INE, Padrón municipal, tablas provinciales 2854–2909"
08184,1996,54085,"INE, Padrón municipal, tablas provinciales 2854–2909"
08184,1998,55728,"INE, Padrón municipal, tablas provinciales 2854–2909"
08184,1999,57030,"INE, Padrón municipal, tablas provinciales 2854–2909"
08184,2000,58646,"INE, Padrón municipal, tablas provinciales 2854–2909"
08184,2001,60303,"INE, Padrón municipal, tablas provinciales 2854–2909"
08184,2002,62638,"INE, Padrón municipal, tablas provinciales 2854–2909"
08184,2003,64848,"INE, Padrón municipal, tablas provinciales 2854–2909"
08184,2004,66425,"INE, Padrón municipal, tablas provinciales 2854–2909"
08184,2005,68102,"INE, Padrón municipal, tablas provinciales 2854–2909"
08184,2006,70006,"INE, Padrón municipal, tablas provinciales 2854–2909"
08184,2007,70494,"INE, Padrón municipal, tablas provinciales 2854–2909"
08184,2008,71927,"INE, Padrón municipal, tablas provinciales 2854–2909"
08184,2009,72987,"INE, Padrón municipal, tablas provinciales 2854–2909"
08184,2010,73591,"INE, Padrón municipal, tablas provinciales 2854–2909"
08184,2011,73979,"INE, Padrón municipal, tablas provinciales 2854–2909"
08184,2012,74484,"INE, Padrón municipal, tablas provinciales 2854–2909"
08184,2013,74468,"INE, Padrón municipal, tablas provinciales 2854–2909"
08184,2014,74353,"INE, Padrón municipal, tablas provinciales 2854–2909"
08184,2015,74536,"INE, Padrón municipal, tablas provinciales 2854–2909"
08184,2016,75167,"INE, Padrón municipal, tablas provinciales 2854–2909"
08184,2017,75568,"INE, Padrón municipal, tablas provinciales 2854–2909"
08184,2018,76423,"INE, Padrón municipal, tablas provinciales 2854–2909"
08184,2019,77464,"INE, Padrón municipal, tablas provinciales 2854–2909"
08184,2020,78591,"INE, Padrón municipal, tablas provinciales 2854–2909"
08184,2021,78549,"INE, Padrón municipal, tablas provinciales 2854–2909"
08184,2022,79007,"INE, Padrón municipal, tablas provinciales 2854–2909"
08184,2023,80044,"INE, Padrón municipal, tablas provinciales 2854–2909"
08184,2024,81532,"INE, Padrón municipal, tablas provinciales 2854–2909"
08184,2025,82823,"INE, Padrón municipal, tablas provinciales 2854–2909"
08187,1996,185798,"INE, Padrón municipal, tablas provinciales 2854–2909"
08187,1998,184859,"INE, Padrón municipal, tablas provinciales 2854–2909"
08187,1999,184859,"INE, Padrón municipal, tablas provinciales 2854–2909"
08187,2000,183727,"INE, Padrón municipal, tablas provinciales 2854–2909"
08187,2001,185170,"INE, Padrón municipal, tablas provinciales 2854–2909"
08187,2002,187201,"INE, Padrón municipal, tablas provinciales 2854–2909"
08187,2003,191057,"INE, Padrón municipal, tablas provinciales 2854–2909"
08187,2004,193338,"INE, Padrón municipal, tablas provinciales 2854–2909"
08187,2005,196971,"INE, Padrón municipal, tablas provinciales 2854–2909"
08187,2006,200545,"INE, Padrón municipal, tablas provinciales 2854–2909"
08187,2007,201712,"INE, Padrón municipal, tablas provinciales 2854–2909"
08187,2008,203969,"INE, Padrón municipal, tablas provinciales 2854–2909"
08187,2009,206493,"INE, Padrón municipal, tablas provinciales 2854–2909"
08187,2010,207338,"INE, Padrón municipal, tablas provinciales 2854–2909"
08187,2011,207721,"INE, Padrón municipal, tablas provinciales 2854–2909"
08187,2012,207938,"INE, Padrón municipal, tablas provinciales 2854–2909"
08187,2013,207649,"INE, Padrón municipal, tablas provinciales 2854–2909"
08187,2014,207444,"INE, Padrón municipal, tablas provinciales 2854–2909"
08187,2015,207814,"INE, Padrón municipal, tablas provinciales 2854–2909"
08187,2016,208246,"INE, Padrón municipal, tablas provinciales 2854–2909"
08187,2017,209931,"INE, Padrón municipal, tablas provinciales 2854–2909"
08187,2018,211734,"INE, Padrón municipal, tablas provinciales 2854–2909"
08187,2019,213644,"INE, Padrón municipal, tablas provinciales 2854–2909"
08187,2020,216520,"INE, Padrón municipal, tablas provinciales 2854–2909"
08187,2021,216204,"INE, Padrón municipal, tablas provinciales 2854–2909"
08187,2022,215760,"INE, Padrón municipal, tablas provinciales 2854–2909"
08187,2023,218300,"INE, Padrón municipal, tablas provinciales 2854–2909"
08187,2024,222177,"INE, Padrón municipal, tablas provinciales 2854–2909"
08187,2025,225368,"INE, Padrón municipal, tablas provinciales 2854–2909"
08194,1996,33361,"INE, Padrón municipal, tablas provinciales 2854–2909"
08194,1998,32830,"INE, Padrón municipal, tablas provinciales 2854–2909"
08194,1999,32823,"INE, Padrón municipal, tablas provinciales 2854–2909"
08194,2000,32452,"INE, Padrón municipal, tablas provinciales 2854–2909"
08194,2001,32439,"INE, Padrón municipal, tablas provinciales 2854–2909"
08194,2002,32641,"INE, Padrón municipal, tablas provinciales 2854–2909"
08194,2003,32845,"INE, Padrón municipal, tablas provinciales 2854–2909"
08194,2004,32921,"INE, Padrón municipal, tablas provinciales 2854–2909"
08194,2005,32940,"INE, Padrón municipal, tablas provinciales 2854–2909"
08194,2006,32585,"INE, Padrón municipal, tablas provinciales 2854–2909"
08194,2007,32734,"INE, Padrón municipal, tablas provinciales 2854–2909"
08194,2008,33223,"INE, Padrón municipal, tablas provinciales 2854–2909"
08194,2009,33761,"INE, Padrón municipal, tablas provinciales 2854–2909"
08194,2010,34104,"INE, Padrón municipal, tablas provinciales 2854–2909"
08194,2011,34157,"INE, Padrón municipal, tablas provinciales 2854–2909"
08194,2012,34482,"INE, Padrón municipal, tablas provinciales 2854–2909"
08194,2013,34822,"INE, Padrón municipal, tablas provinciales 2854–2909"
08194,2014,35386,"INE, Padrón municipal, tablas provinciales 2854–2909"
08194,2015,35814,"INE, Padrón municipal, tablas provinciales 2854–2909"
08194,2016,36496,"INE, Padrón municipal, tablas provinciales 2854–2909"
08194,2017,36624,"INE, Padrón municipal, tablas provinciales 2854–2909"
08194,2018,36669,"INE, Padrón municipal, tablas provinciales 2854–2909"
08194,2019,37097,"INE, Padrón municipal, tablas provinciales 2854–2909"
08194,2020,37447,"INE, Padrón municipal, tablas provinciales 2854–2909"
08194,2021,37283,"INE, Padrón municipal, tablas provinciales 2854–2909"
08194,2022,36918,"INE, Padrón municipal, tablas provinciales 2854–2909"
08194,2023,37925,"INE, Padrón municipal, tablas provinciales 2854–2909"
08194,2024,38490,"INE, Padrón municipal, tablas provinciales 2854–2909"
08194,2025,39323,"INE, Padrón municipal, tablas provinciales 2854–2909"
08196,1996,18332,"INE, Padrón municipal, tablas provinciales 2854–2909"
08196,1998,18854,"INE, Padrón municipal, tablas provinciales 2854–2909"
08196,1999,18854,"INE, Padrón municipal, tablas provinciales 2854–2909"
08196,2000,20140,"INE, Padrón municipal, tablas provinciales 2854–2909"
08196,2001,21301,"INE, Padrón municipal, tablas provinciales 2854–2909"
08196,2002,22396,"INE, Padrón municipal, tablas provinciales 2854–2909"
08196,2003,23307,"INE, Padrón municipal, tablas provinciales 2854–2909"
08196,2004,23675,"INE, Padrón municipal, tablas provinciales 2854–2909"
08196,2005,24863,"INE, Padrón municipal, tablas provinciales 2854–2909"
08196,2006,25383,"INE, Padrón municipal, tablas provinciales 2854–2909"
08196,2007,25743,"INE, Padrón municipal, tablas provinciales 2854–2909"
08196,2008,26279,"INE, Padrón municipal, tablas provinciales 2854–2909"
08196,2009,26401,"INE, Padrón municipal, tablas provinciales 2854–2909"
08196,2010,26682,"INE, Padrón municipal, tablas provinciales 2854–2909"
08196,2011,27094,"INE, Padrón municipal, tablas provinciales 2854–2909"
08196,2012,27306,"INE, Padrón municipal, tablas provinciales 2854–2909"
08196,2013,27329,"INE, Padrón municipal, tablas provinciales 2854–2909"
08196,2014,27268,"INE, Padrón municipal, tablas provinciales 2854–2909"
08196,2015,27340,"INE, Padrón municipal, tablas provinciales 2854–2909"
08196,2016,27434,"INE, Padrón municipal, tablas provinciales 2854–2909"
08196,2017,27303,"INE, Padrón municipal, tablas provinciales 2854–2909"
08196,2018,27332,"INE, Padrón municipal, tablas provinciales 2854–2909"
08196,2019,27558,"INE, Padrón municipal, tablas provinciales 2854–2909"
08196,2020,27569,"INE, Padrón municipal, tablas provinciales 2854–2909"
08196,2021,27175,"INE, Padrón municipal, tablas provinciales 2854–2909"
08196,2022,26965,"INE, Padrón municipal, tablas provinciales 2854–2909"
08196,2023,26910,"INE, Padrón municipal, tablas provinciales 2854–2909"
08196,2024,27062,"INE, Padrón municipal, tablas provinciales 2854–2909"
08196,2025,27094,"INE, Padrón municipal, tablas provinciales 2854–2909"
08200,1996,78005,"INE, Padrón municipal, tablas provinciales 2854–2909"
08200,1998,78632,"INE, Padrón municipal, tablas provinciales 2854–2909"
08200,1999,79050,"INE, Padrón municipal, tablas provinciales 2854–2909"
08200,2000,79337,"INE, Padrón municipal, tablas provinciales 2854–2909"
08200,2001,79463,"INE, Padrón municipal, tablas provinciales 2854–2909"
08200,2002,80041,"INE, Padrón municipal, tablas provinciales 2854–2909"
08200,2003,80738,"INE, Padrón municipal, tablas provinciales 2854–2909"
08200,2004,80636,"INE, Padrón municipal, tablas provinciales 2854–2909"
08200,2005,81181,"INE, Padrón municipal, tablas provinciales 2854–2909"
08200,2006,81368,"INE, Padrón municipal, tablas provinciales 2854–2909"
08200,2007,80727,"INE, Padrón municipal, tablas provinciales 2854–2909"
08200,2008,81335,"INE, Padrón municipal, tablas provinciales 2854–2909"
08200,2009,82428,"INE, Padrón municipal, tablas provinciales 2854–2909"
08200,2010,82411,"INE, Padrón municipal, tablas provinciales 2854–2909"
08200,2011,82860,"INE, Padrón municipal, tablas provinciales 2854–2909"
08200,2012,83070,"INE, Padrón municipal, tablas provinciales 2854–2909"
08200,2013,83408,"INE, Padrón municipal, tablas provinciales 2854–2909"
08200,2014,83107,"INE, Padrón municipal, tablas provinciales 2854–2909"
08200,2015,82195,"INE, Padrón municipal, tablas provinciales 2854–2909"
08200,2016,82402,"INE, Padrón municipal, tablas provinciales 2854–2909"
08200,2017,82142,"INE, Padrón municipal, tablas provinciales 2854–2909"
08200,2018,82904,"INE, Padrón municipal, tablas provinciales 2854–2909"
08200,2019,83605,"INE, Padrón municipal, tablas provinciales 2854–2909"
08200,2020,84500,"INE, Padrón municipal, tablas provinciales 2854–2909"
08200,2021,83755,"INE, Padrón municipal, tablas provinciales 2854–2909"
08200,2022,83371,"INE, Padrón municipal, tablas provinciales 2854–2909"
08200,2023,83919,"INE, Padrón municipal, tablas provinciales 2854–2909"
08200,2024,84831,"INE, Padrón municipal, tablas provinciales 2854–2909"
08200,2025,85610,"INE, Padrón municipal, tablas provinciales 2854–2909"
08205,1996,47210,"INE, Padrón municipal, tablas provinciales 2854–2909"
08205,1998,50529,"INE, Padrón municipal, tablas provinciales 2854–2909"
08205,1999,50168,"INE, Padrón municipal, tablas provinciales 2854–2909"
08205,2000,52654,"INE, Padrón municipal, tablas provinciales 2854–2909"
08205,2001,55825,"INE, Padrón municipal, tablas provinciales 2854–2909"
08205,2002,59837,"INE, Padrón municipal, tablas provinciales 2854–2909"
08205,2003,63132,"INE, Padrón municipal, tablas provinciales 2854–2909"
08205,2004,65061,"INE, Padrón municipal, tablas provinciales 2854–2909"
08205,2005,70514,"INE, Padrón municipal, tablas provinciales 2854–2909"
08205,2006,73774,"INE, Padrón municipal, tablas provinciales 2854–2909"
08205,2007,74345,"INE, Padrón municipal, tablas provinciales 2854–2909"
08205,2008,76274,"INE, Padrón municipal, tablas provinciales 2854–2909"
08205,2009,79253,"INE, Padrón municipal, tablas provinciales 2854–2909"
08205,2010,81745,"INE, Padrón municipal, tablas provinciales 2854–2909"
08205,2011,83337,"INE, Padrón municipal, tablas provinciales 2854–2909"
08205,2012,84946,"INE, Padrón municipal, tablas provinciales 2854–2909"
08205,2013,86108,"INE, Padrón municipal, tablas provinciales 2854–2909"
08205,2014,87118,"INE, Padrón municipal, tablas provinciales 2854–2909"
08205,2015,87830,"INE, Padrón municipal, tablas provinciales 2854–2909"
08205,2016,88921,"INE, Padrón municipal, tablas provinciales 2854–2909"
08205,2017,89516,"INE, Padrón municipal, tablas provinciales 2854–2909"
08205,2018,90664,"INE, Padrón municipal, tablas provinciales 2854–2909"
08205,2019,91006,"INE, Padrón municipal, tablas provinciales 2854–2909"
08205,2020,92977,"INE, Padrón municipal, tablas provinciales 2854–2909"
08205,2021,94012,"INE, Padrón municipal, tablas provinciales 2854–2909"
08205,2022,95725,"INE, Padrón municipal, tablas provinciales 2854–2909"
08205,2023,97530,"INE, Padrón municipal, tablas provinciales 2854–2909"
08205,2024,98621,"INE, Padrón municipal, tablas provinciales 2854–2909"
08205,2025,97983,"INE, Padrón municipal, tablas provinciales 2854–2909"
08211,1996,35797,"INE, Padrón municipal, tablas provinciales 2854–2909"
08211,1998,35958,"INE, Padrón municipal, tablas provinciales 2854–2909"
08211,1999,36953,"INE, Padrón municipal, tablas provinciales 2854–2909"
08211,2000,38435,"INE, Padrón municipal, tablas provinciales 2854–2909"
08211,2001,39603,"INE, Padrón municipal, tablas provinciales 2854–2909"
08211,2002,40695,"INE, Padrón municipal, tablas provinciales 2854–2909"
08211,2003,41543,"INE, Padrón municipal, tablas provinciales 2854–2909"
08211,2004,41954,"INE, Padrón municipal, tablas provinciales 2854–2909"
08211,2005,42267,"INE, Padrón municipal, tablas provinciales 2854–2909"
08211,2006,42486,"INE, Padrón municipal, tablas provinciales 2854–2909"
08211,2007,42273,"INE, Padrón municipal, tablas provinciales 2854–2909"
08211,2008,42628,"INE, Padrón municipal, tablas provinciales 2854–2909"
08211,2009,42919,"INE, Padrón municipal, tablas provinciales 2854–2909"
08211,2010,43112,"INE, Padrón municipal, tablas provinciales 2854–2909"
08211,2011,43096,"INE, Padrón municipal, tablas provinciales 2854–2909"
08211,2012,43671,"INE, Padrón municipal, tablas provinciales 2854–2909"
08211,2013,43769,"INE, Padrón municipal, tablas provinciales 2854–2909"
08211,2014,43715,"INE, Padrón municipal, tablas provinciales 2854–2909"
08211,2015,43800,"INE, Padrón municipal, tablas provinciales 2854–2909"
08211,2016,44086,"INE, Padrón municipal, tablas provinciales 2854–2909"
08211,2017,44198,"INE, Padrón municipal, tablas provinciales 2854–2909"
08211,2018,44474,"INE, Padrón municipal, tablas provinciales 2854–2909"
08211,2019,44860,"INE, Padrón municipal, tablas provinciales 2854–2909"
08211,2020,45467,"INE, Padrón municipal, tablas provinciales 2854–2909"
08211,2021,45463,"INE, Padrón municipal, tablas provinciales 2854–2909"
08211,2022,45642,"INE, Padrón municipal, tablas provinciales 2854–2909"
08211,2023,46056,"INE, Padrón municipal, tablas provinciales 2854–2909"
08211,2024,46554,"INE, Padrón municipal, tablas provinciales 2854–2909"
08211,2025,46781,"INE, Padrón municipal, tablas provinciales 2854–2909"
08217,1996,26805,"INE, Padrón municipal, tablas provinciales 2854–2909"
08217,1998,27338,"INE, Padrón municipal, tablas provinciales 2854–2909"
08217,1999,27470,"INE, Padrón municipal, tablas provinciales 2854–2909"
08217,2000,27627,"INE, Padrón municipal, tablas provinciales 2854–2909"
08217,2001,28246,"INE, Padrón municipal, tablas provinciales 2854–2909"
08217,2002,29064,"INE, Padrón municipal, tablas provinciales 2854–2909"
08217,2003,29982,"INE, Padrón municipal, tablas provinciales 2854–2909"
08217,2004,30242,"INE, Padrón municipal, tablas provinciales 2854–2909"
08217,2005,31162,"INE, Padrón municipal, tablas provinciales 2854–2909"
08217,2006,31485,"INE, Padrón municipal, tablas provinciales 2854–2909"
08217,2007,31671,"INE, Padrón municipal, tablas provinciales 2854–2909"
08217,2008,31647,"INE, Padrón municipal, tablas provinciales 2854–2909"
08217,2009,32030,"INE, Padrón municipal, tablas provinciales 2854–2909"
08217,2010,32338,"INE, Padrón municipal, tablas provinciales 2854–2909"
08217,2011,32406,"INE, Padrón municipal, tablas provinciales 2854–2909"
08217,2012,32792,"INE, Padrón municipal, tablas provinciales 2854–2909"
08217,2013,32812,"INE, Padrón municipal, tablas provinciales 2854–2909"
08217,2014,32981,"INE, Padrón municipal, tablas provinciales 2854–2909"
08217,2015,33264,"INE, Padrón municipal, tablas provinciales 2854–2909"
08217,2016,33502,"INE, Padrón municipal, tablas provinciales 2854–2909"
08217,2017,33873,"INE, Padrón municipal, tablas provinciales 2854–2909"
08217,2018,34084,"INE, Padrón municipal, tablas provinciales 2854–2909"
08217,2019,34123,"INE, Padrón municipal, tablas provinciales 2854–2909"
08217,2020,34267,"INE, Padrón municipal, tablas provinciales 2854–2909"
08217,2021,34130,"INE, Padrón municipal, tablas provinciales 2854–2909"
08217,2022,34039,"INE, Padrón municipal, tablas provinciales 2854–2909"
08217,2023,34568,"INE, Padrón municipal, tablas provinciales 2854–2909"
08217,2024,35083,"INE, Padrón municipal, tablas provinciales 2854–2909"
08217,2025,35926,"INE, Padrón municipal, tablas provinciales 2854–2909"
08231,1996,18695,"INE, Padrón municipal, tablas provinciales 2854–2909"
08231,1998,20213,"INE, Padrón municipal, tablas provinciales 2854–2909"
08231,1999,21057,"INE, Padrón municipal, tablas provinciales 2854–2909"
08231,2000,21976,"INE, Padrón municipal, tablas provinciales 2854–2909"
08231,2001,22902,"INE, Padrón municipal, tablas provinciales 2854–2909"
08231,2002,23823,"INE, Padrón municipal, tablas provinciales 2854–2909"
08231,2003,24741,"INE, Padrón municipal, tablas provinciales 2854–2909"
08231,2004,25280,"INE, Padrón municipal, tablas provinciales 2854–2909"
08231,2005,26108,"INE, Padrón municipal, tablas provinciales 2854–2909"
08231,2006,26859,"INE, Padrón municipal, tablas provinciales 2854–2909"
08231,2007,27509,"INE, Padrón municipal, tablas provinciales 2854–2909"
08231,2008,28066,"INE, Padrón municipal, tablas provinciales 2854–2909"
08231,2009,28353,"INE, Padrón municipal, tablas provinciales 2854–2909"
08231,2010,28399,"INE, Padrón municipal, tablas provinciales 2854–2909"
08231,2011,28783,"INE, Padrón municipal, tablas provinciales 2854–2909"
08231,2012,29149,"INE, Padrón municipal, tablas provinciales 2854–2909"
08231,2013,28730,"INE, Padrón municipal, tablas provinciales 2854–2909"
08231,2014,29339,"INE, Padrón municipal, tablas provinciales 2854–2909"
08231,2015,29666,"INE, Padrón municipal, tablas provinciales 2854–2909"
08231,2016,29842,"INE, Padrón municipal, tablas provinciales 2854–2909"
08231,2017,30142,"INE, Padrón municipal, tablas provinciales 2854–2909"
08231,2018,30658,"INE, Padrón municipal, tablas provinciales 2854–2909"
08231,2019,30719,"INE, Padrón municipal, tablas provinciales 2854–2909"
08231,2020,31111,"INE, Padrón municipal, tablas provinciales 2854–2909"
08231,2021,31525,"INE, Padrón municipal, tablas provinciales 2854–2909"
08231,2022,31688,"INE, Padrón municipal, tablas provinciales 2854–2909"
08231,2023,31786,"INE, Padrón municipal, tablas provinciales 2854–2909"
08231,2024,32121,"INE, Padrón municipal, tablas provinciales 2854–2909"
08231,2025,32705,"INE, Padrón municipal, tablas provinciales 2854–2909"
08245,1996,123175,"INE, Padrón municipal, tablas provinciales 2854–2909"
08245,1998,120958,"INE, Padrón municipal, tablas provinciales 2854–2909"
08245,1999,120802,"INE, Padrón municipal, tablas provinciales 2854–2909"
08245,2000,117127,"INE, Padrón municipal, tablas provinciales 2854–2909"
08245,2001,116064,"INE, Padrón municipal, tablas provinciales 2854–2909"
08245,2002,115568,"INE, Padrón municipal, tablas provinciales 2854–2909"
08245,2003,116012,"INE, Padrón municipal, tablas provinciales 2854–2909"
08245,2004,116503,"INE, Padrón municipal, tablas provinciales 2854–2909"
08245,2005,118129,"INE, Padrón municipal, tablas provinciales 2854–2909"
08245,2006,119056,"INE, Padrón municipal, tablas provinciales 2854–2909"
08245,2007,116765,"INE, Padrón municipal, tablas provinciales 2854–2909"
08245,2008,117336,"INE, Padrón municipal, tablas provinciales 2854–2909"
08245,2009,119717,"INE, Padrón municipal, tablas provinciales 2854–2909"
08245,2010,120060,"INE, Padrón municipal, tablas provinciales 2854–2909"
08245,2011,120824,"INE, Padrón municipal, tablas provinciales 2854–2909"
08245,2012,120593,"INE, Padrón municipal, tablas provinciales 2854–2909"
08245,2013,120029,"INE, Padrón municipal, tablas provinciales 2854–2909"
08245,2014,118738,"INE, Padrón municipal, tablas provinciales 2854–2909"
08245,2015,116950,"INE, Padrón municipal, tablas provinciales 2854–2909"
08245,2016,117153,"INE, Padrón municipal, tablas provinciales 2854–2909"
08245,2017,117597,"INE, Padrón municipal, tablas provinciales 2854–2909"
08245,2018,118821,"INE, Padrón municipal, tablas provinciales 2854–2909"
08245,2019,119215,"INE, Padrón municipal, tablas provinciales 2854–2909"
08245,2020,120443,"INE, Padrón municipal, tablas provinciales 2854–2909"
08245,2021,119289,"INE, Padrón municipal, tablas provinciales 2854–2909"
08245,2022,117981,"INE, Padrón municipal, tablas provinciales 2854–2909"
08245,2023,119862,"INE, Padrón municipal, tablas provinciales 2854–2909"
08245,2024,121203,"INE, Padrón municipal, tablas provinciales 2854–2909"
08245,2025,123981,"INE, Padrón municipal, tablas provinciales 2854–2909"
08252,1996,25484,"INE, Padrón municipal, tablas provinciales 2854–2909"
08252,1998,26112,"INE, Padrón municipal, tablas provinciales 2854–2909"
08252,1999,26342,"INE, Padrón municipal, tablas provinciales 2854–2909"
08252,2000,26681,"INE, Padrón municipal, tablas provinciales 2854–2909"
08252,2001,26741,"INE, Padrón municipal, tablas provinciales 2854–2909"
08252,2002,26902,"INE, Padrón municipal, tablas provinciales 2854–2909"
08252,2003,27153,"INE, Padrón municipal, tablas provinciales 2854–2909"
08252,2004,27202,"INE, Padrón municipal, tablas provinciales 2854–2909"
08252,2005,27827,"INE, Padrón municipal, tablas provinciales 2854–2909"
08252,2006,28633,"INE, Padrón municipal, tablas provinciales 2854–2909"
08252,2007,29208,"INE, Padrón municipal, tablas provinciales 2854–2909"
08252,2008,30271,"INE, Padrón municipal, tablas provinciales 2854–2909"
08252,2009,31144,"INE, Padrón municipal, tablas provinciales 2854–2909"
08252,2010,31688,"INE, Padrón municipal, tablas provinciales 2854–2909"
08252,2011,32033,"INE, Padrón municipal, tablas provinciales 2854–2909"
08252,2012,32436,"INE, Padrón municipal, tablas provinciales 2854–2909"
08252,2013,32580,"INE, Padrón municipal, tablas provinciales 2854–2909"
08252,2014,32550,"INE, Padrón municipal, tablas provinciales 2854–2909"
08252,2015,32545,"INE, Padrón municipal, tablas provinciales 2854–2909"
08252,2016,32832,"INE, Padrón municipal, tablas provinciales 2854–2909"
08252,2017,32860,"INE, Padrón municipal, tablas provinciales 2854–2909"
08252,2018,32839,"INE, Padrón municipal, tablas provinciales 2854–2909"
08252,2019,33091,"INE, Padrón municipal, tablas provinciales 2854–2909"
08252,2020,33334,"INE, Padrón municipal, tablas provinciales 2854–2909"
08252,2021,33016,"INE, Padrón municipal, tablas provinciales 2854–2909"
08252,2022,33082,"INE, Padrón municipal, tablas provinciales 2854–2909"
08252,2023,33322,"INE, Padrón municipal, tablas provinciales 2854–2909"
08252,2024,33575,"INE, Padrón municipal, tablas provinciales 2854–2909"
08252,2025,33987,"INE, Padrón municipal, tablas provinciales 2854–2909"
08260,1996,18124,"INE, Padrón municipal, tablas provinciales 2854–2909"
08260,1998,18233,"INE, Padrón municipal, tablas provinciales 2854–2909"
08260,1999,18670,"INE, Padrón municipal, tablas provinciales 2854–2909"
08260,2000,19084,"INE, Padrón municipal, tablas provinciales 2854–2909"
08260,2001,19235,"INE, Padrón municipal, tablas provinciales 2854–2909"
08260,2002,19486,"INE, Padrón municipal, tablas provinciales 2854–2909"
08260,2003,20652,"INE, Padrón municipal, tablas provinciales 2854–2909"
08260,2004,20844,"INE, Padrón municipal, tablas provinciales 2854–2909"
08260,2005,21409,"INE, Padrón municipal, tablas provinciales 2854–2909"
08260,2006,21644,"INE, Padrón municipal, tablas provinciales 2854–2909"
08260,2007,23443,"INE, Padrón municipal, tablas provinciales 2854–2909"
08260,2008,24325,"INE, Padrón municipal, tablas provinciales 2854–2909"
08260,2009,25048,"INE, Padrón municipal, tablas provinciales 2854–2909"
08260,2010,25191,"INE, Padrón municipal, tablas provinciales 2854–2909"
08260,2011,25331,"INE, Padrón municipal, tablas provinciales 2854–2909"
08260,2012,25606,"INE, Padrón municipal, tablas provinciales 2854–2909"
08260,2013,25473,"INE, Padrón municipal, tablas provinciales 2854–2909"
08260,2014,25409,"INE, Padrón municipal, tablas provinciales 2854–2909"
08260,2015,25466,"INE, Padrón municipal, tablas provinciales 2854–2909"
08260,2016,25556,"INE, Padrón municipal, tablas provinciales 2854–2909"
08260,2017,25574,"INE, Padrón municipal, tablas provinciales 2854–2909"
08260,2018,25705,"INE, Padrón municipal, tablas provinciales 2854–2909"
08260,2019,25799,"INE, Padrón municipal, tablas provinciales 2854–2909"
08260,2020,25999,"INE, Padrón municipal, tablas provinciales 2854–2909"
08260,2021,26033,"INE, Padrón municipal, tablas provinciales 2854–2909"
08260,2022,25930,"INE, Padrón municipal, tablas provinciales 2854–2909"
08260,2023,25928,"INE, Padrón municipal, tablas provinciales 2854–2909"
08260,2024,25960,"INE, Padrón municipal, tablas provinciales 2854–2909"
08260,2025,26130,"INE, Padrón municipal, tablas provinciales 2854–2909"
08263,1996,22621,"INE, Padrón municipal, tablas provinciales 2854–2909"
08263,1998,23504,"INE, Padrón municipal, tablas provinciales 2854–2909"
08263,1999,24065,"INE, Padrón municipal, tablas provinciales 2854–2909"
08263,2000,24438,"INE, Padrón municipal, tablas provinciales 2854–2909"
08263,2001,24885,"INE, Padrón municipal, tablas provinciales 2854–2909"
08263,2002,25294,"INE, Padrón municipal, tablas provinciales 2854–2909"
08263,2003,26008,"INE, Padrón municipal, tablas provinciales 2854–2909"
08263,2004,26477,"INE, Padrón municipal, tablas provinciales 2854–2909"
08263,2005,26676,"INE, Padrón municipal, tablas provinciales 2854–2909"
08263,2006,27019,"INE, Padrón municipal, tablas provinciales 2854–2909"
08263,2007,27106,"INE, Padrón municipal, tablas provinciales 2854–2909"
08263,2008,27461,"INE, Padrón municipal, tablas provinciales 2854–2909"
08263,2009,27701,"INE, Padrón municipal, tablas provinciales 2854–2909"
08263,2010,28024,"INE, Padrón municipal, tablas provinciales 2854–2909"
08263,2011,28137,"INE, Padrón municipal, tablas provinciales 2854–2909"
08263,2012,28084,"INE, Padrón municipal, tablas provinciales 2854–2909"
08263,2013,28181,"INE, Padrón municipal, tablas provinciales 2854–2909"
08263,2014,28103,"INE, Padrón municipal, tablas provinciales 2854–2909"
08263,2015,27983,"INE, Padrón municipal, tablas provinciales 2854–2909"
08263,2016,27961,"INE, Padrón municipal, tablas provinciales 2854–2909"
08263,2017,27982,"INE, Padrón municipal, tablas provinciales 2854–2909"
08263,2018,27901,"INE, Padrón municipal, tablas provinciales 2854–2909"
08263,2019,28117,"INE, Padrón municipal, tablas provinciales 2854–2909"
08263,2020,28268,"INE, Padrón municipal, tablas provinciales 2854–2909"
08263,2021,28115,"INE, Padrón municipal, tablas provinciales 2854–2909"
08263,2022,28079,"INE, Padrón municipal, tablas provinciales 2854–2909"
08263,2023,28406,"INE, Padrón municipal, tablas provinciales 2854–2909"
08263,2024,28568,"INE, Padrón municipal, tablas provinciales 2854–2909"
08263,2025,28746,"INE, Padrón municipal, tablas provinciales 2854–2909"
08266,1996,50503,"INE, Padrón municipal, tablas provinciales 2854–2909"
08266,1998,51305,"INE, Padrón municipal, tablas provinciales 2854–2909"
08266,1999,52166,"INE, Padrón municipal, tablas provinciales 2854–2909"
08266,2000,52778,"INE, Padrón municipal, tablas provinciales 2854–2909"
08266,2001,53481,"INE, Padrón municipal, tablas provinciales 2854–2909"
08266,2002,54404,"INE, Padrón municipal, tablas provinciales 2854–2909"
08266,2003,55731,"INE, Padrón municipal, tablas provinciales 2854–2909"
08266,2004,56065,"INE, Padrón municipal, tablas provinciales 2854–2909"
08266,2005,57114,"INE, Padrón municipal, tablas provinciales 2854–2909"
08266,2006,57959,"INE, Padrón municipal, tablas provinciales 2854–2909"
08266,2007,57758,"INE, Padrón municipal, tablas provinciales 2854–2909"
08266,2008,58493,"INE, Padrón municipal, tablas provinciales 2854–2909"
08266,2009,58747,"INE, Padrón municipal, tablas provinciales 2854–2909"
08266,2010,58407,"INE, Padrón municipal, tablas provinciales 2854–2909"
08266,2011,58247,"INE, Padrón municipal, tablas provinciales 2854–2909"
08266,2012,57892,"INE, Padrón municipal, tablas provinciales 2854–2909"
08266,2013,57642,"INE, Padrón municipal, tablas provinciales 2854–2909"
08266,2014,57402,"INE, Padrón municipal, tablas provinciales 2854–2909"
08266,2015,57413,"INE, Padrón municipal, tablas provinciales 2854–2909"
08266,2016,57543,"INE, Padrón municipal, tablas provinciales 2854–2909"
08266,2017,57723,"INE, Padrón municipal, tablas provinciales 2854–2909"
08266,2018,57740,"INE, Padrón municipal, tablas provinciales 2854–2909"
08266,2019,57403,"INE, Padrón municipal, tablas provinciales 2854–2909"
08266,2020,57855,"INE, Padrón municipal, tablas provinciales 2854–2909"
08266,2021,57217,"INE, Padrón municipal, tablas provinciales 2854–2909"
08266,2022,57291,"INE, Padrón municipal, tablas provinciales 2854–2909"
08266,2023,57879,"INE, Padrón municipal, tablas provinciales 2854–2909"
08266,2024,58100,"INE, Padrón municipal, tablas provinciales 2854–2909"
08266,2025,58528,"INE, Padrón municipal, tablas provinciales 2854–2909"
08270,1996,16801,"INE, Padrón municipal, tablas provinciales 2854–2909"
08270,1998,17600,"INE, Padrón municipal, tablas provinciales 2854–2909"
08270,1999,18546,"INE, Padrón municipal, tablas provinciales 2854–2909"
08270,2000,19448,"INE, Padrón municipal, tablas provinciales 2854–2909"
08270,2001,20345,"INE, Padrón municipal, tablas provinciales 2854–2909"
08270,2002,21377,"INE, Padrón municipal, tablas provinciales 2854–2909"
08270,2003,22625,"INE, Padrón municipal, tablas provinciales 2854–2909"
08270,2004,23172,"INE, Padrón municipal, tablas provinciales 2854–2909"
08270,2005,24470,"INE, Padrón municipal, tablas provinciales 2854–2909"
08270,2006,25642,"INE, Padrón municipal, tablas provinciales 2854–2909"
08270,2007,26225,"INE, Padrón municipal, tablas provinciales 2854–2909"
08270,2008,27070,"INE, Padrón municipal, tablas provinciales 2854–2909"
08270,2009,27668,"INE, Padrón municipal, tablas provinciales 2854–2909"
08270,2010,28130,"INE, Padrón municipal, tablas provinciales 2854–2909"
08270,2011,28617,"INE, Padrón municipal, tablas provinciales 2854–2909"
08270,2012,29039,"INE, Padrón municipal, tablas provinciales 2854–2909"
08270,2013,29140,"INE, Padrón municipal, tablas provinciales 2854–2909"
08270,2014,28171,"INE, Padrón municipal, tablas provinciales 2854–2909"
08270,2015,28269,"INE, Padrón municipal, tablas provinciales 2854–2909"
08270,2016,28478,"INE, Padrón municipal, tablas provinciales 2854–2909"
08270,2017,28527,"INE, Padrón municipal, tablas provinciales 2854–2909"
08270,2018,28969,"INE, Padrón municipal, tablas provinciales 2854–2909"
08270,2019,29307,"INE, Padrón municipal, tablas provinciales 2854–2909"
08270,2020,29553,"INE, Padrón municipal, tablas provinciales 2854–2909"
08270,2021,30217,"INE, Padrón municipal, tablas provinciales 2854–2909"
08270,2022,31222,"INE, Padrón municipal, tablas provinciales 2854–2909"
08270,2023,31954,"INE, Padrón municipal, tablas provinciales 2854–2909"
08270,2024,32405,"INE, Padrón municipal, tablas provinciales 2854–2909"
08270,2025,32609,"INE, Padrón municipal, tablas provinciales 2854–2909"
08279,1996,163862,"INE, Padrón municipal, tablas provinciales 2854–2909"
08279,1998,165654,"INE, Padrón municipal, tablas provinciales 2854–2909"
08279,1999,168695,"INE, Padrón municipal, tablas provinciales 2854–2909"
08279,2000,171794,"INE, Padrón municipal, tablas provinciales 2854–2909"
08279,2001,174756,"INE, Padrón municipal, tablas provinciales 2854–2909"
08279,2002,179300,"INE, Padrón municipal, tablas provinciales 2854–2909"
08279,2003,184829,"INE, Padrón municipal, tablas provinciales 2854–2909"
08279,2004,189212,"INE, Padrón municipal, tablas provinciales 2854–2909"
08279,2005,194947,"INE, Padrón municipal, tablas provinciales 2854–2909"
08279,2006,199817,"INE, Padrón municipal, tablas provinciales 2854–2909"
08279,2007,202136,"INE, Padrón municipal, tablas provinciales 2854–2909"
08279,2008,206245,"INE, Padrón municipal, tablas provinciales 2854–2909"
08279,2009,210941,"INE, Padrón municipal, tablas provinciales 2854–2909"
08279,2010,212724,"INE, Padrón municipal, tablas provinciales 2854–2909"
08279,2011,213697,"INE, Padrón municipal, tablas provinciales 2854–2909"
08279,2012,215678,"INE, Padrón municipal, tablas provinciales 2854–2909"
08279,2013,215055,"INE, Padrón municipal, tablas provinciales 2854–2909"
08279,2014,215517,"INE, Padrón municipal, tablas provinciales 2854–2909"
08279,2015,215214,"INE, Padrón municipal, tablas provinciales 2854–2909"
08279,2016,215121,"INE, Padrón municipal, tablas provinciales 2854–2909"
08279,2017,216428,"INE, Padrón municipal, tablas provinciales 2854–2909"
08279,2018,218535,"INE, Padrón municipal, tablas provinciales 2854–2909"
08279,2019,220556,"INE, Padrón municipal, tablas provinciales 2854–2909"
08279,2020,223627,"INE, Padrón municipal, tablas provinciales 2854–2909"
08279,2021,223011,"INE, Padrón municipal, tablas provinciales 2854–2909"
08279,2022,224114,"INE, Padrón municipal, tablas provinciales 2854–2909"
08279,2023,225277,"INE, Padrón municipal, tablas provinciales 2854–2909"
08279,2024,228708,"INE, Padrón municipal, tablas provinciales 2854–2909"
08279,2025,233270,"INE, Padrón municipal, tablas provinciales 2854–2909"
08298,1996,30397,"INE, Padrón municipal, tablas provinciales 2854–2909"
08298,1998,30739,"INE, Padrón municipal, tablas provinciales 2854–2909"
08298,1999,31090,"INE, Padrón municipal, tablas provinciales 2854–2909"
08298,2000,31533,"INE, Padrón municipal, tablas provinciales 2854–2909"
08298,2001,32706,"INE, Padrón municipal, tablas provinciales 2854–2909"
08298,2002,33935,"INE, Padrón municipal, tablas provinciales 2854–2909"
08298,2003,35354,"INE, Padrón municipal, tablas provinciales 2854–2909"
08298,2004,36571,"INE, Padrón municipal, tablas provinciales 2854–2909"
08298,2005,37825,"INE, Padrón municipal, tablas provinciales 2854–2909"
08298,2006,38747,"INE, Padrón municipal, tablas provinciales 2854–2909"
08298,2007,38321,"INE, Padrón municipal, tablas provinciales 2854–2909"
08298,2008,38964,"INE, Padrón municipal, tablas provinciales 2854–2909"
08298,2009,39844,"INE, Padrón municipal, tablas provinciales 2854–2909"
08298,2010,40422,"INE, Padrón municipal, tablas provinciales 2854–2909"
08298,2011,40900,"INE, Padrón municipal, tablas provinciales 2854–2909"
08298,2012,41191,"INE, Padrón municipal, tablas provinciales 2854–2909"
08298,2013,41647,"INE, Padrón municipal, tablas provinciales 2854–2909"
08298,2014,41956,"INE, Padrón municipal, tablas provinciales 2854–2909"
08298,2015,42498,"INE, Padrón municipal, tablas provinciales 2854–2909"
08298,2016,43287,"INE, Padrón municipal, tablas provinciales 2854–2909"
08298,2017,43964,"INE, Padrón municipal, tablas provinciales 2854–2909"
08298,2018,45040,"INE, Padrón municipal, tablas provinciales 2854–2909"
08298,2019,46214,"INE, Padrón municipal, tablas provinciales 2854–2909"
08298,2020,47630,"INE, Padrón municipal, tablas provinciales 2854–2909"
08298,2021,47319,"INE, Padrón municipal, tablas provinciales 2854–2909"
08298,2022,47545,"INE, Padrón municipal, tablas provinciales 2854–2909"
08298,2023,48364,"INE, Padrón municipal, tablas provinciales 2854–2909"
08298,2024,49530,"INE, Padrón municipal, tablas provinciales 2854–2909"
08298,2025,50796,"INE, Padrón municipal, tablas provinciales 2854–2909"
08301,1996,53235,"INE, Padrón municipal, tablas provinciales 2854–2909"
08301,1998,54840,"INE, Padrón municipal, tablas provinciales 2854–2909"
08301,1999,55575,"INE, Padrón municipal, tablas provinciales 2854–2909"
08301,2000,56112,"INE, Padrón municipal, tablas provinciales 2854–2909"
08301,2001,57132,"INE, Padrón municipal, tablas provinciales 2854–2909"
08301,2002,58213,"INE, Padrón municipal, tablas provinciales 2854–2909"
08301,2003,59343,"INE, Padrón municipal, tablas provinciales 2854–2909"
08301,2004,60033,"INE, Padrón municipal, tablas provinciales 2854–2909"
08301,2005,61043,"INE, Padrón municipal, tablas provinciales 2854–2909"
08301,2006,61168,"INE, Padrón municipal, tablas provinciales 2854–2909"
08301,2007,61718,"INE, Padrón municipal, tablas provinciales 2854–2909"
08301,2008,62573,"INE, Padrón municipal, tablas provinciales 2854–2909"
08301,2009,63489,"INE, Padrón municipal, tablas provinciales 2854–2909"
08301,2010,64077,"INE, Padrón municipal, tablas provinciales 2854–2909"
08301,2011,64737,"INE, Padrón municipal, tablas provinciales 2854–2909"
08301,2012,65188,"INE, Padrón municipal, tablas provinciales 2854–2909"
08301,2013,65444,"INE, Padrón municipal, tablas provinciales 2854–2909"
08301,2014,65358,"INE, Padrón municipal, tablas provinciales 2854–2909"
08301,2015,65549,"INE, Padrón municipal, tablas provinciales 2854–2909"
08301,2016,65779,"INE, Padrón municipal, tablas provinciales 2854–2909"
08301,2017,65993,"INE, Padrón municipal, tablas provinciales 2854–2909"
08301,2018,66168,"INE, Padrón municipal, tablas provinciales 2854–2909"
08301,2019,66611,"INE, Padrón municipal, tablas provinciales 2854–2909"
08301,2020,67197,"INE, Padrón municipal, tablas provinciales 2854–2909"
08301,2021,66707,"INE, Padrón municipal, tablas provinciales 2854–2909"
08301,2022,66720,"INE, Padrón municipal, tablas provinciales 2854–2909"
08301,2023,66677,"INE, Padrón municipal, tablas provinciales 2854–2909"
08301,2024,67348,"INE, Padrón municipal, tablas provinciales 2854–2909"
08301,2025,67587,"INE, Padrón municipal, tablas provinciales 2854–2909"
08305,1996,28553,"INE, Padrón municipal, tablas provinciales 2854–2909"
08305,1998,28925,"INE, Padrón municipal, tablas provinciales 2854–2909"
08305,1999,29273,"INE, Padrón municipal, tablas provinciales 2854–2909"
08305,2000,30024,"INE, Padrón municipal, tablas provinciales 2854–2909"
08305,2001,30807,"INE, Padrón municipal, tablas provinciales 2854–2909"
08305,2002,31939,"INE, Padrón municipal, tablas provinciales 2854–2909"
08305,2003,33381,"INE, Padrón municipal, tablas provinciales 2854–2909"
08305,2004,34409,"INE, Padrón municipal, tablas provinciales 2854–2909"
08305,2005,35864,"INE, Padrón municipal, tablas provinciales 2854–2909"
08305,2006,36687,"INE, Padrón municipal, tablas provinciales 2854–2909"
08305,2007,36656,"INE, Padrón municipal, tablas provinciales 2854–2909"
08305,2008,37364,"INE, Padrón municipal, tablas provinciales 2854–2909"
08305,2009,38425,"INE, Padrón municipal, tablas provinciales 2854–2909"
08305,2010,38218,"INE, Padrón municipal, tablas provinciales 2854–2909"
08305,2011,38785,"INE, Padrón municipal, tablas provinciales 2854–2909"
08305,2012,39035,"INE, Padrón municipal, tablas provinciales 2854–2909"
08305,2013,38929,"INE, Padrón municipal, tablas provinciales 2854–2909"
08305,2014,39221,"INE, Padrón municipal, tablas provinciales 2854–2909"
08305,2015,39224,"INE, Padrón municipal, tablas provinciales 2854–2909"
08305,2016,39365,"INE, Padrón municipal, tablas provinciales 2854–2909"
08305,2017,39532,"INE, Padrón municipal, tablas provinciales 2854–2909"
08305,2018,40055,"INE, Padrón municipal, tablas provinciales 2854–2909"
08305,2019,39746,"INE, Padrón municipal, tablas provinciales 2854–2909"
08305,2020,40154,"INE, Padrón municipal, tablas provinciales 2854–2909"
08305,2021,39969,"INE, Padrón municipal, tablas provinciales 2854–2909"
08305,2022,40056,"INE, Padrón municipal, tablas provinciales 2854–2909"
08305,2023,40714,"INE, Padrón municipal, tablas provinciales 2854–2909"
08305,2024,41504,"INE, Padrón municipal, tablas provinciales 2854–2909"
08305,2025,42607,"INE, Padrón municipal, tablas provinciales 2854–2909"
08307,1996,47979,"INE, Padrón municipal, tablas provinciales 2854–2909"
08307,1998,50244,"INE, Padrón municipal, tablas provinciales 2854–2909"
08307,1999,51409,"INE, Padrón municipal, tablas provinciales 2854–2909"
08307,2000,52389,"INE, Padrón municipal, tablas provinciales 2854–2909"
08307,2001,53421,"INE, Padrón municipal, tablas provinciales 2854–2909"
08307,2002,55063,"INE, Padrón municipal, tablas provinciales 2854–2909"
08307,2003,57300,"INE, Padrón municipal, tablas provinciales 2854–2909"
08307,2004,59409,"INE, Padrón municipal, tablas provinciales 2854–2909"
08307,2005,61427,"INE, Padrón municipal, tablas provinciales 2854–2909"
08307,2006,62826,"INE, Padrón municipal, tablas provinciales 2854–2909"
08307,2007,63196,"INE, Padrón municipal, tablas provinciales 2854–2909"
08307,2008,64905,"INE, Padrón municipal, tablas provinciales 2854–2909"
08307,2009,65890,"INE, Padrón municipal, tablas provinciales 2854–2909"
08307,2010,66532,"INE, Padrón municipal, tablas provinciales 2854–2909"
08307,2011,66905,"INE, Padrón municipal, tablas provinciales 2854–2909"
08307,2012,66591,"INE, Padrón municipal, tablas provinciales 2854–2909"
08307,2013,66275,"INE, Padrón municipal, tablas provinciales 2854–2909"
08307,2014,65941,"INE, Padrón municipal, tablas provinciales 2854–2909"
08307,2015,65684,"INE, Padrón municipal, tablas provinciales 2854–2909"
08307,2016,65972,"INE, Padrón municipal, tablas provinciales 2854–2909"
08307,2017,66077,"INE, Padrón municipal, tablas provinciales 2854–2909"
08307,2018,66274,"INE, Padrón municipal, tablas provinciales 2854–2909"
08307,2019,67086,"INE, Padrón municipal, tablas provinciales 2854–2909"
08307,2020,67733,"INE, Padrón municipal, tablas provinciales 2854–2909"
08307,2021,67458,"INE, Padrón municipal, tablas provinciales 2854–2909"
08307,2022,68152,"INE, Padrón municipal, tablas provinciales 2854–2909"
08307,2023,68854,"INE, Padrón municipal, tablas provinciales 2854–2909"
08307,2024,70418,"INE, Padrón municipal, tablas provinciales 2854–2909"
08307,2025,71641,"INE, Padrón municipal, tablas provinciales 2854–2909"
09018,1996,29222,"INE, Padrón municipal, tablas provinciales 2854–2909"
09018,1998,29641,"INE, Padrón municipal, tablas provinciales 2854–2909"
09018,1999,29695,"INE, Padrón municipal, tablas provinciales 2854–2909"
09018,2000,29762,"INE, Padrón municipal, tablas provinciales 2854–2909"
09018,2001,29999,"INE, Padrón municipal, tablas provinciales 2854–2909"
09018,2002,30309,"INE, Padrón municipal, tablas provinciales 2854–2909"
09018,2003,30706,"INE, Padrón municipal, tablas provinciales 2854–2909"
09018,2004,30875,"INE, Padrón municipal, tablas provinciales 2854–2909"
09018,2005,31247,"INE, Padrón municipal, tablas provinciales 2854–2909"
09018,2006,31545,"INE, Padrón municipal, tablas provinciales 2854–2909"
09018,2007,31940,"INE, Padrón municipal, tablas provinciales 2854–2909"
09018,2008,32460,"INE, Padrón municipal, tablas provinciales 2854–2909"
09018,2009,32928,"INE, Padrón municipal, tablas provinciales 2854–2909"
09018,2010,33154,"INE, Padrón municipal, tablas provinciales 2854–2909"
09018,2011,33229,"INE, Padrón municipal, tablas provinciales 2854–2909"
09018,2012,33459,"INE, Padrón municipal, tablas provinciales 2854–2909"
09018,2013,33257,"INE, Padrón municipal, tablas provinciales 2854–2909"
09018,2014,33065,"INE, Padrón municipal, tablas provinciales 2854–2909"
09018,2015,32880,"INE, Padrón municipal, tablas provinciales 2854–2909"
09018,2016,32621,"INE, Padrón municipal, tablas provinciales 2854–2909"
09018,2017,32535,"INE, Padrón municipal, tablas provinciales 2854–2909"
09018,2018,32523,"INE, Padrón municipal, tablas provinciales 2854–2909"
09018,2019,32856,"INE, Padrón municipal, tablas provinciales 2854–2909"
09018,2020,33187,"INE, Padrón municipal, tablas provinciales 2854–2909"
09018,2021,33084,"INE, Padrón municipal, tablas provinciales 2854–2909"
09018,2022,33172,"INE, Padrón municipal, tablas provinciales 2854–2909"
09018,2023,33626,"INE, Padrón municipal, tablas provinciales 2854–2909"
09018,2024,33757,"INE, Padrón municipal, tablas provinciales 2854–2909"
09018,2025,33956,"INE, Padrón municipal, tablas provinciales 2854–2909"
09059,1996,163156,"INE, Padrón municipal, tablas provinciales 2854–2909"
09059,1998,161984,"INE, Padrón municipal, tablas provinciales 2854–2909"
09059,1999,162802,"INE, Padrón municipal, tablas provinciales 2854–2909"
09059,2000,163358,"INE, Padrón municipal, tablas provinciales 2854–2909"
09059,2001,166251,"INE, Padrón municipal, tablas provinciales 2854–2909"
09059,2002,167962,"INE, Padrón municipal, tablas provinciales 2854–2909"
09059,2003,169317,"INE, Padrón municipal, tablas provinciales 2854–2909"
09059,2004,169682,"INE, Padrón municipal, tablas provinciales 2854–2909"
09059,2005,172421,"INE, Padrón municipal, tablas provinciales 2854–2909"
09059,2006,173676,"INE, Padrón municipal, tablas provinciales 2854–2909"
09059,2007,174075,"INE, Padrón municipal, tablas provinciales 2854–2909"
09059,2008,177879,"INE, Padrón municipal, tablas provinciales 2854–2909"
09059,2009,178966,"INE, Padrón municipal, tablas provinciales 2854–2909"
09059,2010,178574,"INE, Padrón municipal, tablas provinciales 2854–2909"
09059,2011,179251,"INE, Padrón municipal, tablas provinciales 2854–2909"
09059,2012,179906,"INE, Padrón municipal, tablas provinciales 2854–2909"
09059,2013,179097,"INE, Padrón municipal, tablas provinciales 2854–2909"
09059,2014,177776,"INE, Padrón municipal, tablas provinciales 2854–2909"
09059,2015,177100,"INE, Padrón municipal, tablas provinciales 2854–2909"
09059,2016,176608,"INE, Padrón municipal, tablas provinciales 2854–2909"
09059,2017,175623,"INE, Padrón municipal, tablas provinciales 2854–2909"
09059,2018,175921,"INE, Padrón municipal, tablas provinciales 2854–2909"
09059,2019,175821,"INE, Padrón municipal, tablas provinciales 2854–2909"
09059,2020,176418,"INE, Padrón municipal, tablas provinciales 2854–2909"
09059,2021,174051,"INE, Padrón municipal, tablas provinciales 2854–2909"
09059,2022,173483,"INE, Padrón municipal, tablas provinciales 2854–2909"
09059,2023,174451,"INE, Padrón municipal, tablas provinciales 2854–2909"
09059,2024,175895,"INE, Padrón municipal, tablas provinciales 2854–2909"
09059,2025,177402,"INE, Padrón municipal, tablas provinciales 2854–2909"
09219,1996,35502,"INE, Padrón municipal, tablas provinciales 2854–2909"
09219,1998,35397,"INE, Padrón municipal, tablas provinciales 2854–2909"
09219,1999,35547,"INE, Padrón municipal, tablas provinciales 2854–2909"
09219,2000,35631,"INE, Padrón municipal, tablas provinciales 2854–2909"
09219,2001,35470,"INE, Padrón municipal, tablas provinciales 2854–2909"
09219,2002,36240,"INE, Padrón municipal, tablas provinciales 2854–2909"
09219,2003,36907,"INE, Padrón municipal, tablas provinciales 2854–2909"
09219,2004,37020,"INE, Padrón municipal, tablas provinciales 2854–2909"
09219,2005,37664,"INE, Padrón municipal, tablas provinciales 2854–2909"
09219,2006,38276,"INE, Padrón municipal, tablas provinciales 2854–2909"
09219,2007,38417,"INE, Padrón municipal, tablas provinciales 2854–2909"
09219,2008,39589,"INE, Padrón municipal, tablas provinciales 2854–2909"
09219,2009,39264,"INE, Padrón municipal, tablas provinciales 2854–2909"
09219,2010,39038,"INE, Padrón municipal, tablas provinciales 2854–2909"
09219,2011,38930,"INE, Padrón municipal, tablas provinciales 2854–2909"
09219,2012,38400,"INE, Padrón municipal, tablas provinciales 2854–2909"
09219,2013,37648,"INE, Padrón municipal, tablas provinciales 2854–2909"
09219,2014,36724,"INE, Padrón municipal, tablas provinciales 2854–2909"
09219,2015,36173,"INE, Padrón municipal, tablas provinciales 2854–2909"
09219,2016,35922,"INE, Padrón municipal, tablas provinciales 2854–2909"
09219,2017,35608,"INE, Padrón municipal, tablas provinciales 2854–2909"
09219,2018,35477,"INE, Padrón municipal, tablas provinciales 2854–2909"
09219,2019,35522,"INE, Padrón municipal, tablas provinciales 2854–2909"
09219,2020,35760,"INE, Padrón municipal, tablas provinciales 2854–2909"
09219,2021,35528,"INE, Padrón municipal, tablas provinciales 2854–2909"
09219,2022,35239,"INE, Padrón municipal, tablas provinciales 2854–2909"
09219,2023,35639,"INE, Padrón municipal, tablas provinciales 2854–2909"
09219,2024,36018,"INE, Padrón municipal, tablas provinciales 2854–2909"
09219,2025,36622,"INE, Padrón municipal, tablas provinciales 2854–2909"
10037,1996,77768,"INE, Padrón municipal, tablas provinciales 2854–2909"
10037,1998,78614,"INE, Padrón municipal, tablas provinciales 2854–2909"
10037,1999,78614,"INE, Padrón municipal, tablas provinciales 2854–2909"
10037,2000,82235,"INE, Padrón municipal, tablas provinciales 2854–2909"
10037,2001,82034,"INE, Padrón municipal, tablas provinciales 2854–2909"
10037,2002,84439,"INE, Padrón municipal, tablas provinciales 2854–2909"
10037,2003,87088,"INE, Padrón municipal, tablas provinciales 2854–2909"
10037,2004,88245,"INE, Padrón municipal, tablas provinciales 2854–2909"
10037,2005,89029,"INE, Padrón municipal, tablas provinciales 2854–2909"
10037,2006,90218,"INE, Padrón municipal, tablas provinciales 2854–2909"
10037,2007,90802,"INE, Padrón municipal, tablas provinciales 2854–2909"
10037,2008,92187,"INE, Padrón municipal, tablas provinciales 2854–2909"
10037,2009,93131,"INE, Padrón municipal, tablas provinciales 2854–2909"
10037,2010,94179,"INE, Padrón municipal, tablas provinciales 2854–2909"
10037,2011,95026,"INE, Padrón municipal, tablas provinciales 2854–2909"
10037,2012,95668,"INE, Padrón municipal, tablas provinciales 2854–2909"
10037,2013,95925,"INE, Padrón municipal, tablas provinciales 2854–2909"
10037,2014,95855,"INE, Padrón municipal, tablas provinciales 2854–2909"
10037,2015,95617,"INE, Padrón municipal, tablas provinciales 2854–2909"
10037,2016,95814,"INE, Padrón municipal, tablas provinciales 2854–2909"
10037,2017,95917,"INE, Padrón municipal, tablas provinciales 2854–2909"
10037,2018,96068,"INE, Padrón municipal, tablas provinciales 2854–2909"
10037,2019,96126,"INE, Padrón municipal, tablas provinciales 2854–2909"
10037,2020,96255,"INE, Padrón municipal, tablas provinciales 2854–2909"
10037,2021,95418,"INE, Padrón municipal, tablas provinciales 2854–2909"
10037,2022,95456,"INE, Padrón municipal, tablas provinciales 2854–2909"
10037,2023,96215,"INE, Padrón municipal, tablas provinciales 2854–2909"
10037,2024,96441,"INE, Padrón municipal, tablas provinciales 2854–2909"
10037,2025,96651,"INE, Padrón municipal, tablas provinciales 2854–2909"
10148,1996,37299,"INE, Padrón municipal, tablas provinciales 2854–2909"
10148,1998,36465,"INE, Padrón municipal, tablas provinciales 2854–2909"
10148,1999,36465,"INE, Padrón municipal, tablas provinciales 2854–2909"
10148,2000,37018,"INE, Padrón municipal, tablas provinciales 2854–2909"
10148,2001,38576,"INE, Padrón municipal, tablas provinciales 2854–2909"
10148,2002,38495,"INE, Padrón municipal, tablas provinciales 2854–2909"
10148,2003,38576,"INE, Padrón municipal, tablas provinciales 2854–2909"
10148,2004,38815,"INE, Padrón municipal, tablas provinciales 2854–2909"
10148,2005,39596,"INE, Padrón municipal, tablas provinciales 2854–2909"
10148,2006,39785,"INE, Padrón municipal, tablas provinciales 2854–2909"
10148,2007,39982,"INE, Padrón municipal, tablas provinciales 2854–2909"
10148,2008,40105,"INE, Padrón municipal, tablas provinciales 2854–2909"
10148,2009,41148,"INE, Padrón municipal, tablas provinciales 2854–2909"
10148,2010,41447,"INE, Padrón municipal, tablas provinciales 2854–2909"
10148,2011,41392,"INE, Padrón municipal, tablas provinciales 2854–2909"
10148,2012,41002,"INE, Padrón municipal, tablas provinciales 2854–2909"
10148,2013,41047,"INE, Padrón municipal, tablas provinciales 2854–2909"
10148,2014,40892,"INE, Padrón municipal, tablas provinciales 2854–2909"
10148,2015,40755,"INE, Padrón municipal, tablas provinciales 2854–2909"
10148,2016,40663,"INE, Padrón municipal, tablas provinciales 2854–2909"
10148,2017,40360,"INE, Padrón municipal, tablas provinciales 2854–2909"
10148,2018,40141,"INE, Padrón municipal, tablas provinciales 2854–2909"
10148,2019,39913,"INE, Padrón municipal, tablas provinciales 2854–2909"
10148,2020,39860,"INE, Padrón municipal, tablas provinciales 2854–2909"
10148,2021,39558,"INE, Padrón municipal, tablas provinciales 2854–2909"
10148,2022,39247,"INE, Padrón municipal, tablas provinciales 2854–2909"
10148,2023,39412,"INE, Padrón municipal, tablas provinciales 2854–2909"
10148,2024,39829,"INE, Padrón municipal, tablas provinciales 2854–2909"
10148,2025,40132,"INE, Padrón municipal, tablas provinciales 2854–2909"
11004,1996,101907,"INE, Padrón municipal, tablas provinciales 2854–2909"
11004,1998,101972,"INE, Padrón municipal, tablas provinciales 2854–2909"
11004,1999,103106,"INE, Padrón municipal, tablas provinciales 2854–2909"
11004,2000,104087,"INE, Padrón municipal, tablas provinciales 2854–2909"
11004,2001,105066,"INE, Padrón municipal, tablas provinciales 2854–2909"
11004,2002,106710,"INE, Padrón municipal, tablas provinciales 2854–2909"
11004,2003,108779,"INE, Padrón municipal, tablas provinciales 2854–2909"
11004,2004,109665,"INE, Padrón municipal, tablas provinciales 2854–2909"
11004,2005,111283,"INE, Padrón municipal, tablas provinciales 2854–2909"
11004,2006,112937,"INE, Padrón municipal, tablas provinciales 2854–2909"
11004,2007,114012,"INE, Padrón municipal, tablas provinciales 2854–2909"
11004,2008,115333,"INE, Padrón municipal, tablas provinciales 2854–2909"
11004,2009,116209,"INE, Padrón municipal, tablas provinciales 2854–2909"
11004,2010,116417,"INE, Padrón municipal, tablas provinciales 2854–2909"
11004,2011,117810,"INE, Padrón municipal, tablas provinciales 2854–2909"
11004,2012,116917,"INE, Padrón municipal, tablas provinciales 2854–2909"
11004,2013,114277,"INE, Padrón municipal, tablas provinciales 2854–2909"
11004,2014,117974,"INE, Padrón municipal, tablas provinciales 2854–2909"
11004,2015,118920,"INE, Padrón municipal, tablas provinciales 2854–2909"
11004,2016,120601,"INE, Padrón municipal, tablas provinciales 2854–2909"
11004,2017,121133,"INE, Padrón municipal, tablas provinciales 2854–2909"
11004,2018,121414,"INE, Padrón municipal, tablas provinciales 2854–2909"
11004,2019,121957,"INE, Padrón municipal, tablas provinciales 2854–2909"
11004,2020,123078,"INE, Padrón municipal, tablas provinciales 2854–2909"
11004,2021,122982,"INE, Padrón municipal, tablas provinciales 2854–2909"
11004,2022,122368,"INE, Padrón municipal, tablas provinciales 2854–2909"
11004,2023,123639,"INE, Padrón municipal, tablas provinciales 2854–2909"
11004,2024,124978,"INE, Padrón municipal, tablas provinciales 2854–2909"
11004,2025,126589,"INE, Padrón municipal, tablas provinciales 2854–2909"
11006,1996,28110,"INE, Padrón municipal, tablas provinciales 2854–2909"
11006,1998,27897,"INE, Padrón municipal, tablas provinciales 2854–2909"
11006,1999,27948,"INE, Padrón municipal, tablas provinciales 2854–2909"
11006,2000,27979,"INE, Padrón municipal, tablas provinciales 2854–2909"
11006,2001,28104,"INE, Padrón municipal, tablas provinciales 2854–2909"
11006,2002,28369,"INE, Padrón municipal, tablas provinciales 2854–2909"
11006,2003,28735,"INE, Padrón municipal, tablas provinciales 2854–2909"
11006,2004,29079,"INE, Padrón municipal, tablas provinciales 2854–2909"
11006,2005,29420,"INE, Padrón municipal, tablas provinciales 2854–2909"
11006,2006,29905,"INE, Padrón municipal, tablas provinciales 2854–2909"
11006,2007,30508,"INE, Padrón municipal, tablas provinciales 2854–2909"
11006,2008,31017,"INE, Padrón municipal, tablas provinciales 2854–2909"
11006,2009,31210,"INE, Padrón municipal, tablas provinciales 2854–2909"
11006,2010,31449,"INE, Padrón municipal, tablas provinciales 2854–2909"
11006,2011,31496,"INE, Padrón municipal, tablas provinciales 2854–2909"
11006,2012,31417,"INE, Padrón municipal, tablas provinciales 2854–2909"
11006,2013,31410,"INE, Padrón municipal, tablas provinciales 2854–2909"
11006,2014,31250,"INE, Padrón municipal, tablas provinciales 2854–2909"
11006,2015,31193,"INE, Padrón municipal, tablas provinciales 2854–2909"
11006,2016,31114,"INE, Padrón municipal, tablas provinciales 2854–2909"
11006,2017,30983,"INE, Padrón municipal, tablas provinciales 2854–2909"
11006,2018,30741,"INE, Padrón municipal, tablas provinciales 2854–2909"
11006,2019,30700,"INE, Padrón municipal, tablas provinciales 2854–2909"
11006,2020,30818,"INE, Padrón municipal, tablas provinciales 2854–2909"
11006,2021,30902,"INE, Padrón municipal, tablas provinciales 2854–2909"
11006,2022,30953,"INE, Padrón municipal, tablas provinciales 2854–2909"
11006,2023,30953,"INE, Padrón municipal, tablas provinciales 2854–2909"
11006,2024,31046,"INE, Padrón municipal, tablas provinciales 2854–2909"
11006,2025,31267,"INE, Padrón municipal, tablas provinciales 2854–2909"
11012,1996,145595,"INE, Padrón municipal, tablas provinciales 2854–2909"
11012,1998,143129,"INE, Padrón municipal, tablas provinciales 2854–2909"
11012,1999,142449,"INE, Padrón municipal, tablas provinciales 2854–2909"
11012,2000,140061,"INE, Padrón municipal, tablas provinciales 2854–2909"
11012,2001,137971,"INE, Padrón municipal, tablas provinciales 2854–2909"
11012,2002,136236,"INE, Padrón municipal, tablas provinciales 2854–2909"
11012,2003,134989,"INE, Padrón municipal, tablas provinciales 2854–2909"
11012,2004,133242,"INE, Padrón municipal, tablas provinciales 2854–2909"
11012,2005,131813,"INE, Padrón municipal, tablas provinciales 2854–2909"
11012,2006,130561,"INE, Padrón municipal, tablas provinciales 2854–2909"
11012,2007,128554,"INE, Padrón municipal, tablas provinciales 2854–2909"
11012,2008,127200,"INE, Padrón municipal, tablas provinciales 2854–2909"
11012,2009,126766,"INE, Padrón municipal, tablas provinciales 2854–2909"
11012,2010,125826,"INE, Padrón municipal, tablas provinciales 2854–2909"
11012,2011,124892,"INE, Padrón municipal, tablas provinciales 2854–2909"
11012,2012,123948,"INE, Padrón municipal, tablas provinciales 2854–2909"
11012,2013,122990,"INE, Padrón municipal, tablas provinciales 2854–2909"
11012,2014,121739,"INE, Padrón municipal, tablas provinciales 2854–2909"
11012,2015,120468,"INE, Padrón municipal, tablas provinciales 2854–2909"
11012,2016,118919,"INE, Padrón municipal, tablas provinciales 2854–2909"
11012,2017,118048,"INE, Padrón municipal, tablas provinciales 2854–2909"
11012,2018,116979,"INE, Padrón municipal, tablas provinciales 2854–2909"
11012,2019,116027,"INE, Padrón municipal, tablas provinciales 2854–2909"
11012,2020,115439,"INE, Padrón municipal, tablas provinciales 2854–2909"
11012,2021,114244,"INE, Padrón municipal, tablas provinciales 2854–2909"
11012,2022,113066,"INE, Padrón municipal, tablas provinciales 2854–2909"
11012,2023,111811,"INE, Padrón municipal, tablas provinciales 2854–2909"
11012,2024,110914,"INE, Padrón municipal, tablas provinciales 2854–2909"
11012,2025,109950,"INE, Padrón municipal, tablas provinciales 2854–2909"
11015,1996,53001,"INE, Padrón municipal, tablas provinciales 2854–2909"
11015,1998,55494,"INE, Padrón municipal, tablas provinciales 2854–2909"
11015,1999,57585,"INE, Padrón municipal, tablas provinciales 2854–2909"
11015,2000,59857,"INE, Padrón municipal, tablas provinciales 2854–2909"
11015,2001,61815,"INE, Padrón municipal, tablas provinciales 2854–2909"
11015,2002,63719,"INE, Padrón municipal, tablas provinciales 2854–2909"
11015,2003,65694,"INE, Padrón municipal, tablas provinciales 2854–2909"
11015,2004,68156,"INE, Padrón municipal, tablas provinciales 2854–2909"
11015,2005,70338,"INE, Padrón municipal, tablas provinciales 2854–2909"
11015,2006,72364,"INE, Padrón municipal, tablas provinciales 2854–2909"
11015,2007,74261,"INE, Padrón municipal, tablas provinciales 2854–2909"
11015,2008,76171,"INE, Padrón municipal, tablas provinciales 2854–2909"
11015,2009,77293,"INE, Padrón municipal, tablas provinciales 2854–2909"
11015,2010,78591,"INE, Padrón municipal, tablas provinciales 2854–2909"
11015,2011,79839,"INE, Padrón municipal, tablas provinciales 2854–2909"
11015,2012,81113,"INE, Padrón municipal, tablas provinciales 2854–2909"
11015,2013,82212,"INE, Padrón municipal, tablas provinciales 2854–2909"
11015,2014,82298,"INE, Padrón municipal, tablas provinciales 2854–2909"
11015,2015,82777,"INE, Padrón municipal, tablas provinciales 2854–2909"
11015,2016,82645,"INE, Padrón municipal, tablas provinciales 2854–2909"
11015,2017,83148,"INE, Padrón municipal, tablas provinciales 2854–2909"
11015,2018,83831,"INE, Padrón municipal, tablas provinciales 2854–2909"
11015,2019,84489,"INE, Padrón municipal, tablas provinciales 2854–2909"
11015,2020,85150,"INE, Padrón municipal, tablas provinciales 2854–2909"
11015,2021,86306,"INE, Padrón municipal, tablas provinciales 2854–2909"
11015,2022,87493,"INE, Padrón municipal, tablas provinciales 2854–2909"
11015,2023,88709,"INE, Padrón municipal, tablas provinciales 2854–2909"
11015,2024,89794,"INE, Padrón municipal, tablas provinciales 2854–2909"
11015,2025,90864,"INE, Padrón municipal, tablas provinciales 2854–2909"
11020,1996,182269,"INE, Padrón municipal, tablas provinciales 2854–2909"
11020,1998,181602,"INE, Padrón municipal, tablas provinciales 2854–2909"
11020,1999,182660,"INE, Padrón municipal, tablas provinciales 2854–2909"
11020,2000,183677,"INE, Padrón municipal, tablas provinciales 2854–2909"
11020,2001,185091,"INE, Padrón municipal, tablas provinciales 2854–2909"
11020,2002,187087,"INE, Padrón municipal, tablas provinciales 2854–2909"
11020,2003,191002,"INE, Padrón municipal, tablas provinciales 2854–2909"
11020,2004,192648,"INE, Padrón municipal, tablas provinciales 2854–2909"
11020,2005,196275,"INE, Padrón municipal, tablas provinciales 2854–2909"
11020,2006,199544,"INE, Padrón municipal, tablas provinciales 2854–2909"
11020,2007,202687,"INE, Padrón municipal, tablas provinciales 2854–2909"
11020,2008,205364,"INE, Padrón municipal, tablas provinciales 2854–2909"
11020,2009,207532,"INE, Padrón municipal, tablas provinciales 2854–2909"
11020,2010,208896,"INE, Padrón municipal, tablas provinciales 2854–2909"
11020,2011,210861,"INE, Padrón municipal, tablas provinciales 2854–2909"
11020,2012,211900,"INE, Padrón municipal, tablas provinciales 2854–2909"
11020,2013,211670,"INE, Padrón municipal, tablas provinciales 2854–2909"
11020,2014,212226,"INE, Padrón municipal, tablas provinciales 2854–2909"
11020,2015,212876,"INE, Padrón municipal, tablas provinciales 2854–2909"
11020,2016,212830,"INE, Padrón municipal, tablas provinciales 2854–2909"
11020,2017,212915,"INE, Padrón municipal, tablas provinciales 2854–2909"
11020,2018,212879,"INE, Padrón municipal, tablas provinciales 2854–2909"
11020,2019,212749,"INE, Padrón municipal, tablas provinciales 2854–2909"
11020,2020,213105,"INE, Padrón municipal, tablas provinciales 2854–2909"
11020,2021,212801,"INE, Padrón municipal, tablas provinciales 2854–2909"
11020,2022,212730,"INE, Padrón municipal, tablas provinciales 2854–2909"
11020,2023,213231,"INE, Padrón municipal, tablas provinciales 2854–2909"
11020,2024,213688,"INE, Padrón municipal, tablas provinciales 2854–2909"
11020,2025,213634,"INE, Padrón municipal, tablas provinciales 2854–2909"
11022,1996,59293,"INE, Padrón municipal, tablas provinciales 2854–2909"
11022,1998,59629,"INE, Padrón municipal, tablas provinciales 2854–2909"
11022,1999,59828,"INE, Padrón municipal, tablas provinciales 2854–2909"
11022,2000,59993,"INE, Padrón municipal, tablas provinciales 2854–2909"
11022,2001,60565,"INE, Padrón municipal, tablas provinciales 2854–2909"
11022,2002,60951,"INE, Padrón municipal, tablas provinciales 2854–2909"
11022,2003,61892,"INE, Padrón municipal, tablas provinciales 2854–2909"
11022,2004,61875,"INE, Padrón municipal, tablas provinciales 2854–2909"
11022,2005,62682,"INE, Padrón municipal, tablas provinciales 2854–2909"
11022,2006,63026,"INE, Padrón municipal, tablas provinciales 2854–2909"
11022,2007,63663,"INE, Padrón municipal, tablas provinciales 2854–2909"
11022,2008,64240,"INE, Padrón municipal, tablas provinciales 2854–2909"
11022,2009,64595,"INE, Padrón municipal, tablas provinciales 2854–2909"
11022,2010,64645,"INE, Padrón municipal, tablas provinciales 2854–2909"
11022,2011,64944,"INE, Padrón municipal, tablas provinciales 2854–2909"
11022,2012,64704,"INE, Padrón municipal, tablas provinciales 2854–2909"
11022,2013,62697,"INE, Padrón municipal, tablas provinciales 2854–2909"
11022,2014,63132,"INE, Padrón municipal, tablas provinciales 2854–2909"
11022,2015,63352,"INE, Padrón municipal, tablas provinciales 2854–2909"
11022,2016,63278,"INE, Padrón municipal, tablas provinciales 2854–2909"
11022,2017,63146,"INE, Padrón municipal, tablas provinciales 2854–2909"
11022,2018,62940,"INE, Padrón municipal, tablas provinciales 2854–2909"
11022,2019,63147,"INE, Padrón municipal, tablas provinciales 2854–2909"
11022,2020,63630,"INE, Padrón municipal, tablas provinciales 2854–2909"
11022,2021,63365,"INE, Padrón municipal, tablas provinciales 2854–2909"
11022,2022,63271,"INE, Padrón municipal, tablas provinciales 2854–2909"
11022,2023,63773,"INE, Padrón municipal, tablas provinciales 2854–2909"
11022,2024,64177,"INE, Padrón municipal, tablas provinciales 2854–2909"
11022,2025,64499,"INE, Padrón municipal, tablas provinciales 2854–2909"
11027,1996,72460,"INE, Padrón municipal, tablas provinciales 2854–2909"
11027,1998,73728,"INE, Padrón municipal, tablas provinciales 2854–2909"
11027,1999,75097,"INE, Padrón municipal, tablas provinciales 2854–2909"
11027,2000,75478,"INE, Padrón municipal, tablas provinciales 2854–2909"
11027,2001,76538,"INE, Padrón municipal, tablas provinciales 2854–2909"
11027,2002,77747,"INE, Padrón municipal, tablas provinciales 2854–2909"
11027,2003,79889,"INE, Padrón municipal, tablas provinciales 2854–2909"
11027,2004,80658,"INE, Padrón municipal, tablas provinciales 2854–2909"
11027,2005,82306,"INE, Padrón municipal, tablas provinciales 2854–2909"
11027,2006,83101,"INE, Padrón municipal, tablas provinciales 2854–2909"
11027,2007,85117,"INE, Padrón municipal, tablas provinciales 2854–2909"
11027,2008,86288,"INE, Padrón municipal, tablas provinciales 2854–2909"
11027,2009,87696,"INE, Padrón municipal, tablas provinciales 2854–2909"
11027,2010,88503,"INE, Padrón municipal, tablas provinciales 2854–2909"
11027,2011,88917,"INE, Padrón municipal, tablas provinciales 2854–2909"
11027,2012,89068,"INE, Padrón municipal, tablas provinciales 2854–2909"
11027,2013,89142,"INE, Padrón municipal, tablas provinciales 2854–2909"
11027,2014,88700,"INE, Padrón municipal, tablas provinciales 2854–2909"
11027,2015,88335,"INE, Padrón municipal, tablas provinciales 2854–2909"
11027,2016,88184,"INE, Padrón municipal, tablas provinciales 2854–2909"
11027,2017,88430,"INE, Padrón municipal, tablas provinciales 2854–2909"
11027,2018,88364,"INE, Padrón municipal, tablas provinciales 2854–2909"
11027,2019,88405,"INE, Padrón municipal, tablas provinciales 2854–2909"
11027,2020,88703,"INE, Padrón municipal, tablas provinciales 2854–2909"
11027,2021,89060,"INE, Padrón municipal, tablas provinciales 2854–2909"
11027,2022,89435,"INE, Padrón municipal, tablas provinciales 2854–2909"
11027,2023,89813,"INE, Padrón municipal, tablas provinciales 2854–2909"
11027,2024,89960,"INE, Padrón municipal, tablas provinciales 2854–2909"
11027,2025,89983,"INE, Padrón municipal, tablas provinciales 2854–2909"
11028,1996,33069,"INE, Padrón municipal, tablas provinciales 2854–2909"
11028,1998,33415,"INE, Padrón municipal, tablas provinciales 2854–2909"
11028,1999,34447,"INE, Padrón municipal, tablas provinciales 2854–2909"
11028,2000,35182,"INE, Padrón municipal, tablas provinciales 2854–2909"
11028,2001,35723,"INE, Padrón municipal, tablas provinciales 2854–2909"
11028,2002,36221,"INE, Padrón municipal, tablas provinciales 2854–2909"
11028,2003,37033,"INE, Padrón municipal, tablas provinciales 2854–2909"
11028,2004,37481,"INE, Padrón municipal, tablas provinciales 2854–2909"
11028,2005,37886,"INE, Padrón municipal, tablas provinciales 2854–2909"
11028,2006,38354,"INE, Padrón municipal, tablas provinciales 2854–2909"
11028,2007,38974,"INE, Padrón municipal, tablas provinciales 2854–2909"
11028,2008,39648,"INE, Padrón municipal, tablas provinciales 2854–2909"
11028,2009,40183,"INE, Padrón municipal, tablas provinciales 2854–2909"
11028,2010,40667,"INE, Padrón municipal, tablas provinciales 2854–2909"
11028,2011,41101,"INE, Padrón municipal, tablas provinciales 2854–2909"
11028,2012,41364,"INE, Padrón municipal, tablas provinciales 2854–2909"
11028,2013,41537,"INE, Padrón municipal, tablas provinciales 2854–2909"
11028,2014,41486,"INE, Padrón municipal, tablas provinciales 2854–2909"
11028,2015,41509,"INE, Padrón municipal, tablas provinciales 2854–2909"
11028,2016,41467,"INE, Padrón municipal, tablas provinciales 2854–2909"
11028,2017,41472,"INE, Padrón municipal, tablas provinciales 2854–2909"
11028,2018,41650,"INE, Padrón municipal, tablas provinciales 2854–2909"
11028,2019,41627,"INE, Padrón municipal, tablas provinciales 2854–2909"
11028,2020,41700,"INE, Padrón municipal, tablas provinciales 2854–2909"
11028,2021,41771,"INE, Padrón municipal, tablas provinciales 2854–2909"
11028,2022,41963,"INE, Padrón municipal, tablas provinciales 2854–2909"
11028,2023,42069,"INE, Padrón municipal, tablas provinciales 2854–2909"
11028,2024,42151,"INE, Padrón municipal, tablas provinciales 2854–2909"
11028,2025,42527,"INE, Padrón municipal, tablas provinciales 2854–2909"
11030,1996,24197,"INE, Padrón municipal, tablas provinciales 2854–2909"
11030,1998,24704,"INE, Padrón municipal, tablas provinciales 2854–2909"
11030,1999,25198,"INE, Padrón municipal, tablas provinciales 2854–2909"
11030,2000,25560,"INE, Padrón municipal, tablas provinciales 2854–2909"
11030,2001,25919,"INE, Padrón municipal, tablas provinciales 2854–2909"
11030,2002,26257,"INE, Padrón municipal, tablas provinciales 2854–2909"
11030,2003,26431,"INE, Padrón municipal, tablas provinciales 2854–2909"
11030,2004,26691,"INE, Padrón municipal, tablas provinciales 2854–2909"
11030,2005,26792,"INE, Padrón municipal, tablas provinciales 2854–2909"
11030,2006,27270,"INE, Padrón municipal, tablas provinciales 2854–2909"
11030,2007,27571,"INE, Padrón municipal, tablas provinciales 2854–2909"
11030,2008,27918,"INE, Padrón municipal, tablas provinciales 2854–2909"
11030,2009,28516,"INE, Padrón municipal, tablas provinciales 2854–2909"
11030,2010,28904,"INE, Padrón municipal, tablas provinciales 2854–2909"
11030,2011,29125,"INE, Padrón municipal, tablas provinciales 2854–2909"
11030,2012,29094,"INE, Padrón municipal, tablas provinciales 2854–2909"
11030,2013,29136,"INE, Padrón municipal, tablas provinciales 2854–2909"
11030,2014,29179,"INE, Padrón municipal, tablas provinciales 2854–2909"
11030,2015,29123,"INE, Padrón municipal, tablas provinciales 2854–2909"
11030,2016,29030,"INE, Padrón municipal, tablas provinciales 2854–2909"
11030,2017,28996,"INE, Padrón municipal, tablas provinciales 2854–2909"
11030,2018,28848,"INE, Padrón municipal, tablas provinciales 2854–2909"
11030,2019,29109,"INE, Padrón municipal, tablas provinciales 2854–2909"
11030,2020,29282,"INE, Padrón municipal, tablas provinciales 2854–2909"
11030,2021,29326,"INE, Padrón municipal, tablas provinciales 2854–2909"
11030,2022,29491,"INE, Padrón municipal, tablas provinciales 2854–2909"
11030,2023,29675,"INE, Padrón municipal, tablas provinciales 2854–2909"
11030,2024,29552,"INE, Padrón municipal, tablas provinciales 2854–2909"
11030,2025,29289,"INE, Padrón municipal, tablas provinciales 2854–2909"
11031,1996,85882,"INE, Padrón municipal, tablas provinciales 2854–2909"
11031,1998,84014,"INE, Padrón municipal, tablas provinciales 2854–2909"
11031,1999,87179,"INE, Padrón municipal, tablas provinciales 2854–2909"
11031,2000,88179,"INE, Padrón municipal, tablas provinciales 2854–2909"
11031,2001,88110,"INE, Padrón municipal, tablas provinciales 2854–2909"
11031,2002,88333,"INE, Padrón municipal, tablas provinciales 2854–2909"
11031,2003,88490,"INE, Padrón municipal, tablas provinciales 2854–2909"
11031,2004,90178,"INE, Padrón municipal, tablas provinciales 2854–2909"
11031,2005,92666,"INE, Padrón municipal, tablas provinciales 2854–2909"
11031,2006,93544,"INE, Padrón municipal, tablas provinciales 2854–2909"
11031,2007,95026,"INE, Padrón municipal, tablas provinciales 2854–2909"
11031,2008,96155,"INE, Padrón municipal, tablas provinciales 2854–2909"
11031,2009,96366,"INE, Padrón municipal, tablas provinciales 2854–2909"
11031,2010,96689,"INE, Padrón municipal, tablas provinciales 2854–2909"
11031,2011,96894,"INE, Padrón municipal, tablas provinciales 2854–2909"
11031,2012,96772,"INE, Padrón municipal, tablas provinciales 2854–2909"
11031,2013,96361,"INE, Padrón municipal, tablas provinciales 2854–2909"
11031,2014,96335,"INE, Padrón municipal, tablas provinciales 2854–2909"
11031,2015,96131,"INE, Padrón municipal, tablas provinciales 2854–2909"
11031,2016,95949,"INE, Padrón municipal, tablas provinciales 2854–2909"
11031,2017,95643,"INE, Padrón municipal, tablas provinciales 2854–2909"
11031,2018,95174,"INE, Padrón municipal, tablas provinciales 2854–2909"
11031,2019,94979,"INE, Padrón municipal, tablas provinciales 2854–2909"
11031,2020,95001,"INE, Padrón municipal, tablas provinciales 2854–2909"
11031,2021,94867,"INE, Padrón municipal, tablas provinciales 2854–2909"
11031,2022,94120,"INE, Padrón municipal, tablas provinciales 2854–2909"
11031,2023,93927,"INE, Padrón municipal, tablas provinciales 2854–2909"
11031,2024,93645,"INE, Padrón municipal, tablas provinciales 2854–2909"
11031,2025,93338,"INE, Padrón municipal, tablas provinciales 2854–2909"
11032,1996,61088,"INE, Padrón municipal, tablas provinciales 2854–2909"
11032,1998,61382,"INE, Padrón municipal, tablas provinciales 2854–2909"
11032,1999,61648,"INE, Padrón municipal, tablas provinciales 2854–2909"
11032,2000,61966,"INE, Padrón municipal, tablas provinciales 2854–2909"
11032,2001,61737,"INE, Padrón municipal, tablas provinciales 2854–2909"
11032,2002,61908,"INE, Padrón municipal, tablas provinciales 2854–2909"
11032,2003,62308,"INE, Padrón municipal, tablas provinciales 2854–2909"
11032,2004,62662,"INE, Padrón municipal, tablas provinciales 2854–2909"
11032,2005,63187,"INE, Padrón municipal, tablas provinciales 2854–2909"
11032,2006,63509,"INE, Padrón municipal, tablas provinciales 2854–2909"
11032,2007,63968,"INE, Padrón municipal, tablas provinciales 2854–2909"
11032,2008,64434,"INE, Padrón municipal, tablas provinciales 2854–2909"
11032,2009,65805,"INE, Padrón municipal, tablas provinciales 2854–2909"
11032,2010,66541,"INE, Padrón municipal, tablas provinciales 2854–2909"
11032,2011,66944,"INE, Padrón municipal, tablas provinciales 2854–2909"
11032,2012,67308,"INE, Padrón municipal, tablas provinciales 2854–2909"
11032,2013,67301,"INE, Padrón municipal, tablas provinciales 2854–2909"
11032,2014,67385,"INE, Padrón municipal, tablas provinciales 2854–2909"
11032,2015,67433,"INE, Padrón municipal, tablas provinciales 2854–2909"
11032,2016,67620,"INE, Padrón municipal, tablas provinciales 2854–2909"
11032,2017,67640,"INE, Padrón municipal, tablas provinciales 2854–2909"
11032,2018,68037,"INE, Padrón municipal, tablas provinciales 2854–2909"
11032,2019,68684,"INE, Padrón municipal, tablas provinciales 2854–2909"
11032,2020,69205,"INE, Padrón municipal, tablas provinciales 2854–2909"
11032,2021,69507,"INE, Padrón municipal, tablas provinciales 2854–2909"
11032,2022,69727,"INE, Padrón municipal, tablas provinciales 2854–2909"
11032,2023,69805,"INE, Padrón municipal, tablas provinciales 2854–2909"
11032,2024,69876,"INE, Padrón municipal, tablas provinciales 2854–2909"
11032,2025,70012,"INE, Padrón municipal, tablas provinciales 2854–2909"
11033,1996,22168,"INE, Padrón municipal, tablas provinciales 2854–2909"
11033,1998,22322,"INE, Padrón municipal, tablas provinciales 2854–2909"
11033,1999,22719,"INE, Padrón municipal, tablas provinciales 2854–2909"
11033,2000,22990,"INE, Padrón municipal, tablas provinciales 2854–2909"
11033,2001,23570,"INE, Padrón municipal, tablas provinciales 2854–2909"
11033,2002,23981,"INE, Padrón municipal, tablas provinciales 2854–2909"
11033,2003,25163,"INE, Padrón municipal, tablas provinciales 2854–2909"
11033,2004,24757,"INE, Padrón municipal, tablas provinciales 2854–2909"
11033,2005,25548,"INE, Padrón municipal, tablas provinciales 2854–2909"
11033,2006,26569,"INE, Padrón municipal, tablas provinciales 2854–2909"
11033,2007,27635,"INE, Padrón municipal, tablas provinciales 2854–2909"
11033,2008,28653,"INE, Padrón municipal, tablas provinciales 2854–2909"
11033,2009,29249,"INE, Padrón municipal, tablas provinciales 2854–2909"
11033,2010,29588,"INE, Padrón municipal, tablas provinciales 2854–2909"
11033,2011,29965,"INE, Padrón municipal, tablas provinciales 2854–2909"
11033,2012,30516,"INE, Padrón municipal, tablas provinciales 2854–2909"
11033,2013,29536,"INE, Padrón municipal, tablas provinciales 2854–2909"
11033,2014,29491,"INE, Padrón municipal, tablas provinciales 2854–2909"
11033,2015,29373,"INE, Padrón municipal, tablas provinciales 2854–2909"
11033,2016,29575,"INE, Padrón municipal, tablas provinciales 2854–2909"
11033,2017,29969,"INE, Padrón municipal, tablas provinciales 2854–2909"
11033,2018,30472,"INE, Padrón municipal, tablas provinciales 2854–2909"
11033,2019,31218,"INE, Padrón municipal, tablas provinciales 2854–2909"
11033,2020,31571,"INE, Padrón municipal, tablas provinciales 2854–2909"
11033,2021,32178,"INE, Padrón municipal, tablas provinciales 2854–2909"
11033,2022,33018,"INE, Padrón municipal, tablas provinciales 2854–2909"
11033,2023,33646,"INE, Padrón municipal, tablas provinciales 2854–2909"
11033,2024,34190,"INE, Padrón municipal, tablas provinciales 2854–2909"
11033,2025,34310,"INE, Padrón municipal, tablas provinciales 2854–2909"
12009,1996,16306,"INE, Padrón municipal, tablas provinciales 2854–2909"
12009,1998,16465,"INE, Padrón municipal, tablas provinciales 2854–2909"
12009,1999,16609,"INE, Padrón municipal, tablas provinciales 2854–2909"
12009,2000,16897,"INE, Padrón municipal, tablas provinciales 2854–2909"
12009,2001,17124,"INE, Padrón municipal, tablas provinciales 2854–2909"
12009,2002,17644,"INE, Padrón municipal, tablas provinciales 2854–2909"
12009,2003,18385,"INE, Padrón municipal, tablas provinciales 2854–2909"
12009,2004,18961,"INE, Padrón municipal, tablas provinciales 2854–2909"
12009,2005,19688,"INE, Padrón municipal, tablas provinciales 2854–2909"
12009,2006,20597,"INE, Padrón municipal, tablas provinciales 2854–2909"
12009,2007,21772,"INE, Padrón municipal, tablas provinciales 2854–2909"
12009,2008,23891,"INE, Padrón municipal, tablas provinciales 2854–2909"
12009,2009,24963,"INE, Padrón municipal, tablas provinciales 2854–2909"
12009,2010,25628,"INE, Padrón municipal, tablas provinciales 2854–2909"
12009,2011,25945,"INE, Padrón municipal, tablas provinciales 2854–2909"
12009,2012,26137,"INE, Padrón municipal, tablas provinciales 2854–2909"
12009,2013,26186,"INE, Padrón municipal, tablas provinciales 2854–2909"
12009,2014,25566,"INE, Padrón municipal, tablas provinciales 2854–2909"
12009,2015,25488,"INE, Padrón municipal, tablas provinciales 2854–2909"
12009,2016,25632,"INE, Padrón municipal, tablas provinciales 2854–2909"
12009,2017,25648,"INE, Padrón municipal, tablas provinciales 2854–2909"
12009,2018,25831,"INE, Padrón municipal, tablas provinciales 2854–2909"
12009,2019,26270,"INE, Padrón municipal, tablas provinciales 2854–2909"
12009,2020,26742,"INE, Padrón municipal, tablas provinciales 2854–2909"
12009,2021,26878,"INE, Padrón municipal, tablas provinciales 2854–2909"
12009,2022,27383,"INE, Padrón municipal, tablas provinciales 2854–2909"
12009,2023,27989,"INE, Padrón municipal, tablas provinciales 2854–2909"
12009,2024,28497,"INE, Padrón municipal, tablas provinciales 2854–2909"
12009,2025,29159,"INE, Padrón municipal, tablas provinciales 2854–2909"
12027,1996,19229,"INE, Padrón municipal, tablas provinciales 2854–2909"
12027,1998,19350,"INE, Padrón municipal, tablas provinciales 2854–2909"
12027,1999,19540,"INE, Padrón municipal, tablas provinciales 2854–2909"
12027,2000,19908,"INE, Padrón municipal, tablas provinciales 2854–2909"
12027,2001,20644,"INE, Padrón municipal, tablas provinciales 2854–2909"
12027,2002,21488,"INE, Padrón municipal, tablas provinciales 2854–2909"
12027,2003,22063,"INE, Padrón municipal, tablas provinciales 2854–2909"
12027,2004,22653,"INE, Padrón municipal, tablas provinciales 2854–2909"
12027,2005,23552,"INE, Padrón municipal, tablas provinciales 2854–2909"
12027,2006,24427,"INE, Padrón municipal, tablas provinciales 2854–2909"
12027,2007,25248,"INE, Padrón municipal, tablas provinciales 2854–2909"
12027,2008,26381,"INE, Padrón municipal, tablas provinciales 2854–2909"
12027,2009,26655,"INE, Padrón municipal, tablas provinciales 2854–2909"
12027,2010,26616,"INE, Padrón municipal, tablas provinciales 2854–2909"
12027,2011,26553,"INE, Padrón municipal, tablas provinciales 2854–2909"
12027,2012,26677,"INE, Padrón municipal, tablas provinciales 2854–2909"
12027,2013,26491,"INE, Padrón municipal, tablas provinciales 2854–2909"
12027,2014,26521,"INE, Padrón municipal, tablas provinciales 2854–2909"
12027,2015,26403,"INE, Padrón municipal, tablas provinciales 2854–2909"
12027,2016,26486,"INE, Padrón municipal, tablas provinciales 2854–2909"
12027,2017,26429,"INE, Padrón municipal, tablas provinciales 2854–2909"
12027,2018,26744,"INE, Padrón municipal, tablas provinciales 2854–2909"
12027,2019,26912,"INE, Padrón municipal, tablas provinciales 2854–2909"
12027,2020,27363,"INE, Padrón municipal, tablas provinciales 2854–2909"
12027,2021,27658,"INE, Padrón municipal, tablas provinciales 2854–2909"
12027,2022,27780,"INE, Padrón municipal, tablas provinciales 2854–2909"
12027,2023,28681,"INE, Padrón municipal, tablas provinciales 2854–2909"
12027,2024,29607,"INE, Padrón municipal, tablas provinciales 2854–2909"
12027,2025,30296,"INE, Padrón municipal, tablas provinciales 2854–2909"
12032,1996,26211,"INE, Padrón municipal, tablas provinciales 2854–2909"
12032,1998,26097,"INE, Padrón municipal, tablas provinciales 2854–2909"
12032,1999,26323,"INE, Padrón municipal, tablas provinciales 2854–2909"
12032,2000,26499,"INE, Padrón municipal, tablas provinciales 2854–2909"
12032,2001,27055,"INE, Padrón municipal, tablas provinciales 2854–2909"
12032,2002,27794,"INE, Padrón municipal, tablas provinciales 2854–2909"
12032,2003,29250,"INE, Padrón municipal, tablas provinciales 2854–2909"
12032,2004,30059,"INE, Padrón municipal, tablas provinciales 2854–2909"
12032,2005,31281,"INE, Padrón municipal, tablas provinciales 2854–2909"
12032,2006,32349,"INE, Padrón municipal, tablas provinciales 2854–2909"
12032,2007,33255,"INE, Padrón municipal, tablas provinciales 2854–2909"
12032,2008,34235,"INE, Padrón municipal, tablas provinciales 2854–2909"
12032,2009,34565,"INE, Padrón municipal, tablas provinciales 2854–2909"
12032,2010,34896,"INE, Padrón municipal, tablas provinciales 2854–2909"
12032,2011,35433,"INE, Padrón municipal, tablas provinciales 2854–2909"
12032,2012,35598,"INE, Padrón municipal, tablas provinciales 2854–2909"
12032,2013,34744,"INE, Padrón municipal, tablas provinciales 2854–2909"
12032,2014,34783,"INE, Padrón municipal, tablas provinciales 2854–2909"
12032,2015,34708,"INE, Padrón municipal, tablas provinciales 2854–2909"
12032,2016,34643,"INE, Padrón municipal, tablas provinciales 2854–2909"
12032,2017,34464,"INE, Padrón municipal, tablas provinciales 2854–2909"
12032,2018,34544,"INE, Padrón municipal, tablas provinciales 2854–2909"
12032,2019,34683,"INE, Padrón municipal, tablas provinciales 2854–2909"
12032,2020,35052,"INE, Padrón municipal, tablas provinciales 2854–2909"
12032,2021,34903,"INE, Padrón municipal, tablas provinciales 2854–2909"
12032,2022,35019,"INE, Padrón municipal, tablas provinciales 2854–2909"
12032,2023,35750,"INE, Padrón municipal, tablas provinciales 2854–2909"
12032,2024,36927,"INE, Padrón municipal, tablas provinciales 2854–2909"
12032,2025,37915,"INE, Padrón municipal, tablas provinciales 2854–2909"
12040,1996,135729,"INE, Padrón municipal, tablas provinciales 2854–2909"
12040,1998,137741,"INE, Padrón municipal, tablas provinciales 2854–2909"
12040,1999,139712,"INE, Padrón municipal, tablas provinciales 2854–2909"
12040,2000,142285,"INE, Padrón municipal, tablas provinciales 2854–2909"
12040,2001,146563,"INE, Padrón municipal, tablas provinciales 2854–2909"
12040,2002,153225,"INE, Padrón municipal, tablas provinciales 2854–2909"
12040,2003,160714,"INE, Padrón municipal, tablas provinciales 2854–2909"
12040,2004,163088,"INE, Padrón municipal, tablas provinciales 2854–2909"
12040,2005,167455,"INE, Padrón municipal, tablas provinciales 2854–2909"
12040,2006,172110,"INE, Padrón municipal, tablas provinciales 2854–2909"
12040,2007,172624,"INE, Padrón municipal, tablas provinciales 2854–2909"
12040,2008,177924,"INE, Padrón municipal, tablas provinciales 2854–2909"
12040,2009,180005,"INE, Padrón municipal, tablas provinciales 2854–2909"
12040,2010,180690,"INE, Padrón municipal, tablas provinciales 2854–2909"
12040,2011,180114,"INE, Padrón municipal, tablas provinciales 2854–2909"
12040,2012,180204,"INE, Padrón municipal, tablas provinciales 2854–2909"
12040,2013,180185,"INE, Padrón municipal, tablas provinciales 2854–2909"
12040,2014,173841,"INE, Padrón municipal, tablas provinciales 2854–2909"
12040,2015,171669,"INE, Padrón municipal, tablas provinciales 2854–2909"
12040,2016,170990,"INE, Padrón municipal, tablas provinciales 2854–2909"
12040,2017,169498,"INE, Padrón municipal, tablas provinciales 2854–2909"
12040,2018,170888,"INE, Padrón municipal, tablas provinciales 2854–2909"
12040,2019,171728,"INE, Padrón municipal, tablas provinciales 2854–2909"
12040,2020,174264,"INE, Padrón municipal, tablas provinciales 2854–2909"
12040,2021,172589,"INE, Padrón municipal, tablas provinciales 2854–2909"
12040,2022,171857,"INE, Padrón municipal, tablas provinciales 2854–2909"
12040,2023,176238,"INE, Padrón municipal, tablas provinciales 2854–2909"
12040,2024,180379,"INE, Padrón municipal, tablas provinciales 2854–2909"
12040,2025,183711,"INE, Padrón municipal, tablas provinciales 2854–2909"
12084,1996,18680,"INE, Padrón municipal, tablas provinciales 2854–2909"
12084,1998,18909,"INE, Padrón municipal, tablas provinciales 2854–2909"
12084,1999,19110,"INE, Padrón municipal, tablas provinciales 2854–2909"
12084,2000,19303,"INE, Padrón municipal, tablas provinciales 2854–2909"
12084,2001,19716,"INE, Padrón municipal, tablas provinciales 2854–2909"
12084,2002,20326,"INE, Padrón municipal, tablas provinciales 2854–2909"
12084,2003,20909,"INE, Padrón municipal, tablas provinciales 2854–2909"
12084,2004,21566,"INE, Padrón municipal, tablas provinciales 2854–2909"
12084,2005,22281,"INE, Padrón municipal, tablas provinciales 2854–2909"
12084,2006,22526,"INE, Padrón municipal, tablas provinciales 2854–2909"
12084,2007,24140,"INE, Padrón municipal, tablas provinciales 2854–2909"
12084,2008,25362,"INE, Padrón municipal, tablas provinciales 2854–2909"
12084,2009,25691,"INE, Padrón municipal, tablas provinciales 2854–2909"
12084,2010,25778,"INE, Padrón municipal, tablas provinciales 2854–2909"
12084,2011,25704,"INE, Padrón municipal, tablas provinciales 2854–2909"
12084,2012,25571,"INE, Padrón municipal, tablas provinciales 2854–2909"
12084,2013,25572,"INE, Padrón municipal, tablas provinciales 2854–2909"
12084,2014,25228,"INE, Padrón municipal, tablas provinciales 2854–2909"
12084,2015,24963,"INE, Padrón municipal, tablas provinciales 2854–2909"
12084,2016,24856,"INE, Padrón municipal, tablas provinciales 2854–2909"
12084,2017,24807,"INE, Padrón municipal, tablas provinciales 2854–2909"
12084,2018,24850,"INE, Padrón municipal, tablas provinciales 2854–2909"
12084,2019,24859,"INE, Padrón municipal, tablas provinciales 2854–2909"
12084,2020,24980,"INE, Padrón municipal, tablas provinciales 2854–2909"
12084,2021,24939,"INE, Padrón municipal, tablas provinciales 2854–2909"
12084,2022,25099,"INE, Padrón municipal, tablas provinciales 2854–2909"
12084,2023,25547,"INE, Padrón municipal, tablas provinciales 2854–2909"
12084,2024,25817,"INE, Padrón municipal, tablas provinciales 2854–2909"
12084,2025,26190,"INE, Padrón municipal, tablas provinciales 2854–2909"
12126,1996,28283,"INE, Padrón municipal, tablas provinciales 2854–2909"
12126,1998,28823,"INE, Padrón municipal, tablas provinciales 2854–2909"
12126,1999,28972,"INE, Padrón municipal, tablas provinciales 2854–2909"
12126,2000,29152,"INE, Padrón municipal, tablas provinciales 2854–2909"
12126,2001,29404,"INE, Padrón municipal, tablas provinciales 2854–2909"
12126,2002,29871,"INE, Padrón municipal, tablas provinciales 2854–2909"
12126,2003,30423,"INE, Padrón municipal, tablas provinciales 2854–2909"
12126,2004,30610,"INE, Padrón municipal, tablas provinciales 2854–2909"
12126,2005,31065,"INE, Padrón municipal, tablas provinciales 2854–2909"
12126,2006,31553,"INE, Padrón municipal, tablas provinciales 2854–2909"
12126,2007,31978,"INE, Padrón municipal, tablas provinciales 2854–2909"
12126,2008,32617,"INE, Padrón municipal, tablas provinciales 2854–2909"
12126,2009,32924,"INE, Padrón municipal, tablas provinciales 2854–2909"
12126,2010,32983,"INE, Padrón municipal, tablas provinciales 2854–2909"
12126,2011,32864,"INE, Padrón municipal, tablas provinciales 2854–2909"
12126,2012,32782,"INE, Padrón municipal, tablas provinciales 2854–2909"
12126,2013,32202,"INE, Padrón municipal, tablas provinciales 2854–2909"
12126,2014,31828,"INE, Padrón municipal, tablas provinciales 2854–2909"
12126,2015,31671,"INE, Padrón municipal, tablas provinciales 2854–2909"
12126,2016,31819,"INE, Padrón municipal, tablas provinciales 2854–2909"
12126,2017,31733,"INE, Padrón municipal, tablas provinciales 2854–2909"
12126,2018,31552,"INE, Padrón municipal, tablas provinciales 2854–2909"
12126,2019,31660,"INE, Padrón municipal, tablas provinciales 2854–2909"
12126,2020,31681,"INE, Padrón municipal, tablas provinciales 2854–2909"
12126,2021,31549,"INE, Padrón municipal, tablas provinciales 2854–2909"
12126,2022,31388,"INE, Padrón municipal, tablas provinciales 2854–2909"
12126,2023,31611,"INE, Padrón municipal, tablas provinciales 2854–2909"
12126,2024,31884,"INE, Padrón municipal, tablas provinciales 2854–2909"
12126,2025,32242,"INE, Padrón municipal, tablas provinciales 2854–2909"
12135,1996,39550,"INE, Padrón municipal, tablas provinciales 2854–2909"
12135,1998,40124,"INE, Padrón municipal, tablas provinciales 2854–2909"
12135,1999,40933,"INE, Padrón municipal, tablas provinciales 2854–2909"
12135,2000,41531,"INE, Padrón municipal, tablas provinciales 2854–2909"
12135,2001,42320,"INE, Padrón municipal, tablas provinciales 2854–2909"
12135,2002,43595,"INE, Padrón municipal, tablas provinciales 2854–2909"
12135,2003,44685,"INE, Padrón municipal, tablas provinciales 2854–2909"
12135,2004,45582,"INE, Padrón municipal, tablas provinciales 2854–2909"
12135,2005,46696,"INE, Padrón municipal, tablas provinciales 2854–2909"
12135,2006,48055,"INE, Padrón municipal, tablas provinciales 2854–2909"
12135,2007,49045,"INE, Padrón municipal, tablas provinciales 2854–2909"
12135,2008,50626,"INE, Padrón municipal, tablas provinciales 2854–2909"
12135,2009,51205,"INE, Padrón municipal, tablas provinciales 2854–2909"
12135,2010,51367,"INE, Padrón municipal, tablas provinciales 2854–2909"
12135,2011,51168,"INE, Padrón municipal, tablas provinciales 2854–2909"
12135,2012,51357,"INE, Padrón municipal, tablas provinciales 2854–2909"
12135,2013,51180,"INE, Padrón municipal, tablas provinciales 2854–2909"
12135,2014,50755,"INE, Padrón municipal, tablas provinciales 2854–2909"
12135,2015,50580,"INE, Padrón municipal, tablas provinciales 2854–2909"
12135,2016,50252,"INE, Padrón municipal, tablas provinciales 2854–2909"
12135,2017,50334,"INE, Padrón municipal, tablas provinciales 2854–2909"
12135,2018,50577,"INE, Padrón municipal, tablas provinciales 2854–2909"
12135,2019,50893,"INE, Padrón municipal, tablas provinciales 2854–2909"
12135,2020,51293,"INE, Padrón municipal, tablas provinciales 2854–2909"
12135,2021,51130,"INE, Padrón municipal, tablas provinciales 2854–2909"
12135,2022,51369,"INE, Padrón municipal, tablas provinciales 2854–2909"
12135,2023,51852,"INE, Padrón municipal, tablas provinciales 2854–2909"
12135,2024,52505,"INE, Padrón municipal, tablas provinciales 2854–2909"
12135,2025,53623,"INE, Padrón municipal, tablas provinciales 2854–2909"
12138,1996,20940,"INE, Padrón municipal, tablas provinciales 2854–2909"
12138,1998,21592,"INE, Padrón municipal, tablas provinciales 2854–2909"
12138,1999,22268,"INE, Padrón municipal, tablas provinciales 2854–2909"
12138,2000,22552,"INE, Padrón municipal, tablas provinciales 2854–2909"
12138,2001,23142,"INE, Padrón municipal, tablas provinciales 2854–2909"
12138,2002,23807,"INE, Padrón municipal, tablas provinciales 2854–2909"
12138,2003,24507,"INE, Padrón municipal, tablas provinciales 2854–2909"
12138,2004,24467,"INE, Padrón municipal, tablas provinciales 2854–2909"
12138,2005,25232,"INE, Padrón municipal, tablas provinciales 2854–2909"
12138,2006,26251,"INE, Padrón municipal, tablas provinciales 2854–2909"
12138,2007,26977,"INE, Padrón municipal, tablas provinciales 2854–2909"
12138,2008,27912,"INE, Padrón municipal, tablas provinciales 2854–2909"
12138,2009,28273,"INE, Padrón municipal, tablas provinciales 2854–2909"
12138,2010,28291,"INE, Padrón municipal, tablas provinciales 2854–2909"
12138,2011,28508,"INE, Padrón municipal, tablas provinciales 2854–2909"
12138,2012,28615,"INE, Padrón municipal, tablas provinciales 2854–2909"
12138,2013,28829,"INE, Padrón municipal, tablas provinciales 2854–2909"
12138,2014,28337,"INE, Padrón municipal, tablas provinciales 2854–2909"
12138,2015,28190,"INE, Padrón municipal, tablas provinciales 2854–2909"
12138,2016,28290,"INE, Padrón municipal, tablas provinciales 2854–2909"
12138,2017,28292,"INE, Padrón municipal, tablas provinciales 2854–2909"
12138,2018,28438,"INE, Padrón municipal, tablas provinciales 2854–2909"
12138,2019,28682,"INE, Padrón municipal, tablas provinciales 2854–2909"
12138,2020,28833,"INE, Padrón municipal, tablas provinciales 2854–2909"
12138,2021,28862,"INE, Padrón municipal, tablas provinciales 2854–2909"
12138,2022,29120,"INE, Padrón municipal, tablas provinciales 2854–2909"
12138,2023,29686,"INE, Padrón municipal, tablas provinciales 2854–2909"
12138,2024,30278,"INE, Padrón municipal, tablas provinciales 2854–2909"
12138,2025,30529,"INE, Padrón municipal, tablas provinciales 2854–2909"
13005,1996,25961,"INE, Padrón municipal, tablas provinciales 2854–2909"
13005,1998,26022,"INE, Padrón municipal, tablas provinciales 2854–2909"
13005,1999,26104,"INE, Padrón municipal, tablas provinciales 2854–2909"
13005,2000,26150,"INE, Padrón municipal, tablas provinciales 2854–2909"
13005,2001,26402,"INE, Padrón municipal, tablas provinciales 2854–2909"
13005,2002,26565,"INE, Padrón municipal, tablas provinciales 2854–2909"
13005,2003,27229,"INE, Padrón municipal, tablas provinciales 2854–2909"
13005,2004,28199,"INE, Padrón municipal, tablas provinciales 2854–2909"
13005,2005,28783,"INE, Padrón municipal, tablas provinciales 2854–2909"
13005,2006,29625,"INE, Padrón municipal, tablas provinciales 2854–2909"
13005,2007,29693,"INE, Padrón municipal, tablas provinciales 2854–2909"
13005,2008,30408,"INE, Padrón municipal, tablas provinciales 2854–2909"
13005,2009,30675,"INE, Padrón municipal, tablas provinciales 2854–2909"
13005,2010,31120,"INE, Padrón municipal, tablas provinciales 2854–2909"
13005,2011,31652,"INE, Padrón municipal, tablas provinciales 2854–2909"
13005,2012,31992,"INE, Padrón municipal, tablas provinciales 2854–2909"
13005,2013,31973,"INE, Padrón municipal, tablas provinciales 2854–2909"
13005,2014,31650,"INE, Padrón municipal, tablas provinciales 2854–2909"
13005,2015,31269,"INE, Padrón municipal, tablas provinciales 2854–2909"
13005,2016,30967,"INE, Padrón municipal, tablas provinciales 2854–2909"
13005,2017,30943,"INE, Padrón municipal, tablas provinciales 2854–2909"
13005,2018,30686,"INE, Padrón municipal, tablas provinciales 2854–2909"
13005,2019,30576,"INE, Padrón municipal, tablas provinciales 2854–2909"
13005,2020,30766,"INE, Padrón municipal, tablas provinciales 2854–2909"
13005,2021,30548,"INE, Padrón municipal, tablas provinciales 2854–2909"
13005,2022,30516,"INE, Padrón municipal, tablas provinciales 2854–2909"
13005,2023,30928,"INE, Padrón municipal, tablas provinciales 2854–2909"
13005,2024,31382,"INE, Padrón municipal, tablas provinciales 2854–2909"
13005,2025,31914,"INE, Padrón municipal, tablas provinciales 2854–2909"
13034,1996,59392,"INE, Padrón municipal, tablas provinciales 2854–2909"
13034,1998,61138,"INE, Padrón municipal, tablas provinciales 2854–2909"
13034,1999,61138,"INE, Padrón municipal, tablas provinciales 2854–2909"
13034,2000,60243,"INE, Padrón municipal, tablas provinciales 2854–2909"
13034,2001,61280,"INE, Padrón municipal, tablas provinciales 2854–2909"
13034,2002,65084,"INE, Padrón municipal, tablas provinciales 2854–2909"
13034,2003,65703,"INE, Padrón municipal, tablas provinciales 2854–2909"
13034,2004,67401,"INE, Padrón municipal, tablas provinciales 2854–2909"
13034,2005,69063,"INE, Padrón municipal, tablas provinciales 2854–2909"
13034,2006,70124,"INE, Padrón municipal, tablas provinciales 2854–2909"
13034,2007,71005,"INE, Padrón municipal, tablas provinciales 2854–2909"
13034,2008,72208,"INE, Padrón municipal, tablas provinciales 2854–2909"
13034,2009,74014,"INE, Padrón municipal, tablas provinciales 2854–2909"
13034,2010,74345,"INE, Padrón municipal, tablas provinciales 2854–2909"
13034,2011,74798,"INE, Padrón municipal, tablas provinciales 2854–2909"
13034,2012,74921,"INE, Padrón municipal, tablas provinciales 2854–2909"
13034,2013,74872,"INE, Padrón municipal, tablas provinciales 2854–2909"
13034,2014,74960,"INE, Padrón municipal, tablas provinciales 2854–2909"
13034,2015,74427,"INE, Padrón municipal, tablas provinciales 2854–2909"
13034,2016,74054,"INE, Padrón municipal, tablas provinciales 2854–2909"
13034,2017,74641,"INE, Padrón municipal, tablas provinciales 2854–2909"
13034,2018,74743,"INE, Padrón municipal, tablas provinciales 2854–2909"
13034,2019,74746,"INE, Padrón municipal, tablas provinciales 2854–2909"
13034,2020,75504,"INE, Padrón municipal, tablas provinciales 2854–2909"
13034,2021,75104,"INE, Padrón municipal, tablas provinciales 2854–2909"
13034,2022,74850,"INE, Padrón municipal, tablas provinciales 2854–2909"
13034,2023,75303,"INE, Padrón municipal, tablas provinciales 2854–2909"
13034,2024,75909,"INE, Padrón municipal, tablas provinciales 2854–2909"
13034,2025,76217,"INE, Padrón municipal, tablas provinciales 2854–2909"
13071,1996,50772,"INE, Padrón municipal, tablas provinciales 2854–2909"
13071,1998,50778,"INE, Padrón municipal, tablas provinciales 2854–2909"
13071,1999,50367,"INE, Padrón municipal, tablas provinciales 2854–2909"
13071,2000,50212,"INE, Padrón municipal, tablas provinciales 2854–2909"
13071,2001,49613,"INE, Padrón municipal, tablas provinciales 2854–2909"
13071,2002,50035,"INE, Padrón municipal, tablas provinciales 2854–2909"
13071,2003,49804,"INE, Padrón municipal, tablas provinciales 2854–2909"
13071,2004,49775,"INE, Padrón municipal, tablas provinciales 2854–2909"
13071,2005,50082,"INE, Padrón municipal, tablas provinciales 2854–2909"
13071,2006,50470,"INE, Padrón municipal, tablas provinciales 2854–2909"
13071,2007,50838,"INE, Padrón municipal, tablas provinciales 2854–2909"
13071,2008,51305,"INE, Padrón municipal, tablas provinciales 2854–2909"
13071,2009,51842,"INE, Padrón municipal, tablas provinciales 2854–2909"
13071,2010,52300,"INE, Padrón municipal, tablas provinciales 2854–2909"
13071,2011,52200,"INE, Padrón municipal, tablas provinciales 2854–2909"
13071,2012,51997,"INE, Padrón municipal, tablas provinciales 2854–2909"
13071,2013,51550,"INE, Padrón municipal, tablas provinciales 2854–2909"
13071,2014,50608,"INE, Padrón municipal, tablas provinciales 2854–2909"
13071,2015,50035,"INE, Padrón municipal, tablas provinciales 2854–2909"
13071,2016,49166,"INE, Padrón municipal, tablas provinciales 2854–2909"
13071,2017,48477,"INE, Padrón municipal, tablas provinciales 2854–2909"
13071,2018,47881,"INE, Padrón municipal, tablas provinciales 2854–2909"
13071,2019,47035,"INE, Padrón municipal, tablas provinciales 2854–2909"
13071,2020,46607,"INE, Padrón municipal, tablas provinciales 2854–2909"
13071,2021,46036,"INE, Padrón municipal, tablas provinciales 2854–2909"
13071,2022,45539,"INE, Padrón municipal, tablas provinciales 2854–2909"
13071,2023,45127,"INE, Padrón municipal, tablas provinciales 2854–2909"
13071,2024,45195,"INE, Padrón municipal, tablas provinciales 2854–2909"
13071,2025,45565,"INE, Padrón municipal, tablas provinciales 2854–2909"
13082,1996,29586,"INE, Padrón municipal, tablas provinciales 2854–2909"
13082,1998,29255,"INE, Padrón municipal, tablas provinciales 2854–2909"
13082,1999,29255,"INE, Padrón municipal, tablas provinciales 2854–2909"
13082,2000,29284,"INE, Padrón municipal, tablas provinciales 2854–2909"
13082,2001,29833,"INE, Padrón municipal, tablas provinciales 2854–2909"
13082,2002,30430,"INE, Padrón municipal, tablas provinciales 2854–2909"
13082,2003,31503,"INE, Padrón municipal, tablas provinciales 2854–2909"
13082,2004,32002,"INE, Padrón municipal, tablas provinciales 2854–2909"
13082,2005,33548,"INE, Padrón municipal, tablas provinciales 2854–2909"
13082,2006,35534,"INE, Padrón municipal, tablas provinciales 2854–2909"
13082,2007,35637,"INE, Padrón municipal, tablas provinciales 2854–2909"
13082,2008,37532,"INE, Padrón municipal, tablas provinciales 2854–2909"
13082,2009,38095,"INE, Padrón municipal, tablas provinciales 2854–2909"
13082,2010,38641,"INE, Padrón municipal, tablas provinciales 2854–2909"
13082,2011,38966,"INE, Padrón municipal, tablas provinciales 2854–2909"
13082,2012,39093,"INE, Padrón municipal, tablas provinciales 2854–2909"
13082,2013,38900,"INE, Padrón municipal, tablas provinciales 2854–2909"
13082,2014,38080,"INE, Padrón municipal, tablas provinciales 2854–2909"
13082,2015,37645,"INE, Padrón municipal, tablas provinciales 2854–2909"
13082,2016,36746,"INE, Padrón municipal, tablas provinciales 2854–2909"
13082,2017,36281,"INE, Padrón municipal, tablas provinciales 2854–2909"
13082,2018,36091,"INE, Padrón municipal, tablas provinciales 2854–2909"
13082,2019,35873,"INE, Padrón municipal, tablas provinciales 2854–2909"
13082,2020,36168,"INE, Padrón municipal, tablas provinciales 2854–2909"
13082,2021,35984,"INE, Padrón municipal, tablas provinciales 2854–2909"
13082,2022,36024,"INE, Padrón municipal, tablas provinciales 2854–2909"
13082,2023,36304,"INE, Padrón municipal, tablas provinciales 2854–2909"
13082,2024,36523,"INE, Padrón municipal, tablas provinciales 2854–2909"
13082,2025,37060,"INE, Padrón municipal, tablas provinciales 2854–2909"
13087,1996,26217,"INE, Padrón municipal, tablas provinciales 2854–2909"
13087,1998,26331,"INE, Padrón municipal, tablas provinciales 2854–2909"
13087,1999,26370,"INE, Padrón municipal, tablas provinciales 2854–2909"
13087,2000,26395,"INE, Padrón municipal, tablas provinciales 2854–2909"
13087,2001,26494,"INE, Padrón municipal, tablas provinciales 2854–2909"
13087,2002,26796,"INE, Padrón municipal, tablas provinciales 2854–2909"
13087,2003,26880,"INE, Padrón municipal, tablas provinciales 2854–2909"
13087,2004,27274,"INE, Padrón municipal, tablas provinciales 2854–2909"
13087,2005,27634,"INE, Padrón municipal, tablas provinciales 2854–2909"
13087,2006,28183,"INE, Padrón municipal, tablas provinciales 2854–2909"
13087,2007,28570,"INE, Padrón municipal, tablas provinciales 2854–2909"
13087,2008,30255,"INE, Padrón municipal, tablas provinciales 2854–2909"
13087,2009,31147,"INE, Padrón municipal, tablas provinciales 2854–2909"
13087,2010,31370,"INE, Padrón municipal, tablas provinciales 2854–2909"
13087,2011,31141,"INE, Padrón municipal, tablas provinciales 2854–2909"
13087,2012,31212,"INE, Padrón municipal, tablas provinciales 2854–2909"
13087,2013,30869,"INE, Padrón municipal, tablas provinciales 2854–2909"
13087,2014,30705,"INE, Padrón municipal, tablas provinciales 2854–2909"
13087,2015,30514,"INE, Padrón municipal, tablas provinciales 2854–2909"
13087,2016,30277,"INE, Padrón municipal, tablas provinciales 2854–2909"
13087,2017,30224,"INE, Padrón municipal, tablas provinciales 2854–2909"
13087,2018,30210,"INE, Padrón municipal, tablas provinciales 2854–2909"
13087,2019,30077,"INE, Padrón municipal, tablas provinciales 2854–2909"
13087,2020,30252,"INE, Padrón municipal, tablas provinciales 2854–2909"
13087,2021,30218,"INE, Padrón municipal, tablas provinciales 2854–2909"
13087,2022,30071,"INE, Padrón municipal, tablas provinciales 2854–2909"
13087,2023,30411,"INE, Padrón municipal, tablas provinciales 2854–2909"
13087,2024,30617,"INE, Padrón municipal, tablas provinciales 2854–2909"
13087,2025,30782,"INE, Padrón municipal, tablas provinciales 2854–2909"
14021,1996,306248,"INE, Padrón municipal, tablas provinciales 2854–2909"
14021,1998,309961,"INE, Padrón municipal, tablas provinciales 2854–2909"
14021,1999,311708,"INE, Padrón municipal, tablas provinciales 2854–2909"
14021,2000,313463,"INE, Padrón municipal, tablas provinciales 2854–2909"
14021,2001,314034,"INE, Padrón municipal, tablas provinciales 2854–2909"
14021,2002,314805,"INE, Padrón municipal, tablas provinciales 2854–2909"
14021,2003,318628,"INE, Padrón municipal, tablas provinciales 2854–2909"
14021,2004,319692,"INE, Padrón municipal, tablas provinciales 2854–2909"
14021,2005,321164,"INE, Padrón municipal, tablas provinciales 2854–2909"
14021,2006,322867,"INE, Padrón municipal, tablas provinciales 2854–2909"
14021,2007,323600,"INE, Padrón municipal, tablas provinciales 2854–2909"
14021,2008,325453,"INE, Padrón municipal, tablas provinciales 2854–2909"
14021,2009,328428,"INE, Padrón municipal, tablas provinciales 2854–2909"
14021,2010,328547,"INE, Padrón municipal, tablas provinciales 2854–2909"
14021,2011,328659,"INE, Padrón municipal, tablas provinciales 2854–2909"
14021,2012,328841,"INE, Padrón municipal, tablas provinciales 2854–2909"
14021,2013,328704,"INE, Padrón municipal, tablas provinciales 2854–2909"
14021,2014,328041,"INE, Padrón municipal, tablas provinciales 2854–2909"
14021,2015,327362,"INE, Padrón municipal, tablas provinciales 2854–2909"
14021,2016,326609,"INE, Padrón municipal, tablas provinciales 2854–2909"
14021,2017,325916,"INE, Padrón municipal, tablas provinciales 2854–2909"
14021,2018,325708,"INE, Padrón municipal, tablas provinciales 2854–2909"
14021,2019,325701,"INE, Padrón municipal, tablas provinciales 2854–2909"
14021,2020,326039,"INE, Padrón municipal, tablas provinciales 2854–2909"
14021,2021,322071,"INE, Padrón municipal, tablas provinciales 2854–2909"
14021,2022,319515,"INE, Padrón municipal, tablas provinciales 2854–2909"
14021,2023,323763,"INE, Padrón municipal, tablas provinciales 2854–2909"
14021,2024,322811,"INE, Padrón municipal, tablas provinciales 2854–2909"
14021,2025,323262,"INE, Padrón municipal, tablas provinciales 2854–2909"
14038,1996,34786,"INE, Padrón municipal, tablas provinciales 2854–2909"
14038,1998,35564,"INE, Padrón municipal, tablas provinciales 2854–2909"
14038,1999,35837,"INE, Padrón municipal, tablas provinciales 2854–2909"
14038,2000,36445,"INE, Padrón municipal, tablas provinciales 2854–2909"
14038,2001,37016,"INE, Padrón municipal, tablas provinciales 2854–2909"
14038,2002,37669,"INE, Padrón municipal, tablas provinciales 2854–2909"
14038,2003,38598,"INE, Padrón municipal, tablas provinciales 2854–2909"
14038,2004,39259,"INE, Padrón municipal, tablas provinciales 2854–2909"
14038,2005,39783,"INE, Padrón municipal, tablas provinciales 2854–2909"
14038,2006,40143,"INE, Padrón municipal, tablas provinciales 2854–2909"
14038,2007,40746,"INE, Padrón municipal, tablas provinciales 2854–2909"
14038,2008,41698,"INE, Padrón municipal, tablas provinciales 2854–2909"
14038,2009,42248,"INE, Padrón municipal, tablas provinciales 2854–2909"
14038,2010,42308,"INE, Padrón municipal, tablas provinciales 2854–2909"
14038,2011,42560,"INE, Padrón municipal, tablas provinciales 2854–2909"
14038,2012,42592,"INE, Padrón municipal, tablas provinciales 2854–2909"
14038,2013,42754,"INE, Padrón municipal, tablas provinciales 2854–2909"
14038,2014,42748,"INE, Padrón municipal, tablas provinciales 2854–2909"
14038,2015,42697,"INE, Padrón municipal, tablas provinciales 2854–2909"
14038,2016,42615,"INE, Padrón municipal, tablas provinciales 2854–2909"
14038,2017,42511,"INE, Padrón municipal, tablas provinciales 2854–2909"
14038,2018,42530,"INE, Padrón municipal, tablas provinciales 2854–2909"
14038,2019,42605,"INE, Padrón municipal, tablas provinciales 2854–2909"
14038,2020,42733,"INE, Padrón municipal, tablas provinciales 2854–2909"
14038,2021,42712,"INE, Padrón municipal, tablas provinciales 2854–2909"
14038,2022,42645,"INE, Padrón municipal, tablas provinciales 2854–2909"
14038,2023,42813,"INE, Padrón municipal, tablas provinciales 2854–2909"
14038,2024,43086,"INE, Padrón municipal, tablas provinciales 2854–2909"
14038,2025,43408,"INE, Padrón municipal, tablas provinciales 2854–2909"
14056,1996,27472,"INE, Padrón municipal, tablas provinciales 2854–2909"
14056,1998,27918,"INE, Padrón municipal, tablas provinciales 2854–2909"
14056,1999,27825,"INE, Padrón municipal, tablas provinciales 2854–2909"
14056,2000,27909,"INE, Padrón municipal, tablas provinciales 2854–2909"
14056,2001,27843,"INE, Padrón municipal, tablas provinciales 2854–2909"
14056,2002,27720,"INE, Padrón municipal, tablas provinciales 2854–2909"
14056,2003,28139,"INE, Padrón municipal, tablas provinciales 2854–2909"
14056,2004,28396,"INE, Padrón municipal, tablas provinciales 2854–2909"
14056,2005,28543,"INE, Padrón municipal, tablas provinciales 2854–2909"
14056,2006,28639,"INE, Padrón municipal, tablas provinciales 2854–2909"
14056,2007,29093,"INE, Padrón municipal, tablas provinciales 2854–2909"
14056,2008,29503,"INE, Padrón municipal, tablas provinciales 2854–2909"
14056,2009,30033,"INE, Padrón municipal, tablas provinciales 2854–2909"
14056,2010,30245,"INE, Padrón municipal, tablas provinciales 2854–2909"
14056,2011,30424,"INE, Padrón municipal, tablas provinciales 2854–2909"
14056,2012,30385,"INE, Padrón municipal, tablas provinciales 2854–2909"
14056,2013,30244,"INE, Padrón municipal, tablas provinciales 2854–2909"
14056,2014,30186,"INE, Padrón municipal, tablas provinciales 2854–2909"
14056,2015,30167,"INE, Padrón municipal, tablas provinciales 2854–2909"
14056,2016,30072,"INE, Padrón municipal, tablas provinciales 2854–2909"
14056,2017,30173,"INE, Padrón municipal, tablas provinciales 2854–2909"
14056,2018,30241,"INE, Padrón municipal, tablas provinciales 2854–2909"
14056,2019,30048,"INE, Padrón municipal, tablas provinciales 2854–2909"
14056,2020,29943,"INE, Padrón municipal, tablas provinciales 2854–2909"
14056,2021,29767,"INE, Padrón municipal, tablas provinciales 2854–2909"
14056,2022,29748,"INE, Padrón municipal, tablas provinciales 2854–2909"
14056,2023,29781,"INE, Padrón municipal, tablas provinciales 2854–2909"
14056,2024,29844,"INE, Padrón municipal, tablas provinciales 2854–2909"
14056,2025,29963,"INE, Padrón municipal, tablas provinciales 2854–2909"
15002,1996,13288,"INE, Padrón municipal, tablas provinciales 2854–2909"
15002,1998,14189,"INE, Padrón municipal, tablas provinciales 2854–2909"
15002,1999,15318,"INE, Padrón municipal, tablas provinciales 2854–2909"
15002,2000,16549,"INE, Padrón municipal, tablas provinciales 2854–2909"
15002,2001,17737,"INE, Padrón municipal, tablas provinciales 2854–2909"
15002,2002,18788,"INE, Padrón municipal, tablas provinciales 2854–2909"
15002,2003,20016,"INE, Padrón municipal, tablas provinciales 2854–2909"
15002,2004,20840,"INE, Padrón municipal, tablas provinciales 2854–2909"
15002,2005,22228,"INE, Padrón municipal, tablas provinciales 2854–2909"
15002,2006,23219,"INE, Padrón municipal, tablas provinciales 2854–2909"
15002,2007,24553,"INE, Padrón municipal, tablas provinciales 2854–2909"
15002,2008,25818,"INE, Padrón municipal, tablas provinciales 2854–2909"
15002,2009,26983,"INE, Padrón municipal, tablas provinciales 2854–2909"
15002,2010,27900,"INE, Padrón municipal, tablas provinciales 2854–2909"
15002,2011,28852,"INE, Padrón municipal, tablas provinciales 2854–2909"
15002,2012,29331,"INE, Padrón municipal, tablas provinciales 2854–2909"
15002,2013,29689,"INE, Padrón municipal, tablas provinciales 2854–2909"
15002,2014,29975,"INE, Padrón municipal, tablas provinciales 2854–2909"
15002,2015,30267,"INE, Padrón municipal, tablas provinciales 2854–2909"
15002,2016,30544,"INE, Padrón municipal, tablas provinciales 2854–2909"
15002,2017,30835,"INE, Padrón municipal, tablas provinciales 2854–2909"
15002,2018,31278,"INE, Padrón municipal, tablas provinciales 2854–2909"
15002,2019,31793,"INE, Padrón municipal, tablas provinciales 2854–2909"
15002,2020,32104,"INE, Padrón municipal, tablas provinciales 2854–2909"
15002,2021,31993,"INE, Padrón municipal, tablas provinciales 2854–2909"
15002,2022,32095,"INE, Padrón municipal, tablas provinciales 2854–2909"
15002,2023,32482,"INE, Padrón municipal, tablas provinciales 2854–2909"
15002,2024,32812,"INE, Padrón municipal, tablas provinciales 2854–2909"
15002,2025,33276,"INE, Padrón municipal, tablas provinciales 2854–2909"
15005,1996,20898,"INE, Padrón municipal, tablas provinciales 2854–2909"
15005,1998,21290,"INE, Padrón municipal, tablas provinciales 2854–2909"
15005,1999,21679,"INE, Padrón municipal, tablas provinciales 2854–2909"
15005,2000,22153,"INE, Padrón municipal, tablas provinciales 2854–2909"
15005,2001,22709,"INE, Padrón municipal, tablas provinciales 2854–2909"
15005,2002,23560,"INE, Padrón municipal, tablas provinciales 2854–2909"
15005,2003,24668,"INE, Padrón municipal, tablas provinciales 2854–2909"
15005,2004,25295,"INE, Padrón municipal, tablas provinciales 2854–2909"
15005,2005,26272,"INE, Padrón municipal, tablas provinciales 2854–2909"
15005,2006,26739,"INE, Padrón municipal, tablas provinciales 2854–2909"
15005,2007,27713,"INE, Padrón municipal, tablas provinciales 2854–2909"
15005,2008,28961,"INE, Padrón municipal, tablas provinciales 2854–2909"
15005,2009,29762,"INE, Padrón municipal, tablas provinciales 2854–2909"
15005,2010,30255,"INE, Padrón municipal, tablas provinciales 2854–2909"
15005,2011,30482,"INE, Padrón municipal, tablas provinciales 2854–2909"
15005,2012,30725,"INE, Padrón municipal, tablas provinciales 2854–2909"
15005,2013,31005,"INE, Padrón municipal, tablas provinciales 2854–2909"
15005,2014,30857,"INE, Padrón municipal, tablas provinciales 2854–2909"
15005,2015,30950,"INE, Padrón municipal, tablas provinciales 2854–2909"
15005,2016,31239,"INE, Padrón municipal, tablas provinciales 2854–2909"
15005,2017,31534,"INE, Padrón municipal, tablas provinciales 2854–2909"
15005,2018,31917,"INE, Padrón municipal, tablas provinciales 2854–2909"
15005,2019,32262,"INE, Padrón municipal, tablas provinciales 2854–2909"
15005,2020,32738,"INE, Padrón municipal, tablas provinciales 2854–2909"
15005,2021,32894,"INE, Padrón municipal, tablas provinciales 2854–2909"
15005,2022,33076,"INE, Padrón municipal, tablas provinciales 2854–2909"
15005,2023,33516,"INE, Padrón municipal, tablas provinciales 2854–2909"
15005,2024,34038,"INE, Padrón municipal, tablas provinciales 2854–2909"
15005,2025,34403,"INE, Padrón municipal, tablas provinciales 2854–2909"
15019,1996,27287,"INE, Padrón municipal, tablas provinciales 2854–2909"
15019,1998,27497,"INE, Padrón municipal, tablas provinciales 2854–2909"
15019,1999,27980,"INE, Padrón municipal, tablas provinciales 2854–2909"
15019,2000,28271,"INE, Padrón municipal, tablas provinciales 2854–2909"
15019,2001,28497,"INE, Padrón municipal, tablas provinciales 2854–2909"
15019,2002,28527,"INE, Padrón municipal, tablas provinciales 2854–2909"
15019,2003,28949,"INE, Padrón municipal, tablas provinciales 2854–2909"
15019,2004,29521,"INE, Padrón municipal, tablas provinciales 2854–2909"
15019,2005,29689,"INE, Padrón municipal, tablas provinciales 2854–2909"
15019,2006,29985,"INE, Padrón municipal, tablas provinciales 2854–2909"
15019,2007,30091,"INE, Padrón municipal, tablas provinciales 2854–2909"
15019,2008,30653,"INE, Padrón municipal, tablas provinciales 2854–2909"
15019,2009,30990,"INE, Padrón municipal, tablas provinciales 2854–2909"
15019,2010,31149,"INE, Padrón municipal, tablas provinciales 2854–2909"
15019,2011,31303,"INE, Padrón municipal, tablas provinciales 2854–2909"
15019,2012,31358,"INE, Padrón municipal, tablas provinciales 2854–2909"
15019,2013,31366,"INE, Padrón municipal, tablas provinciales 2854–2909"
15019,2014,31288,"INE, Padrón municipal, tablas provinciales 2854–2909"
15019,2015,31283,"INE, Padrón municipal, tablas provinciales 2854–2909"
15019,2016,31256,"INE, Padrón municipal, tablas provinciales 2854–2909"
15019,2017,31195,"INE, Padrón municipal, tablas provinciales 2854–2909"
15019,2018,31261,"INE, Padrón municipal, tablas provinciales 2854–2909"
15019,2019,31349,"INE, Padrón municipal, tablas provinciales 2854–2909"
15019,2020,31429,"INE, Padrón municipal, tablas provinciales 2854–2909"
15019,2021,31414,"INE, Padrón municipal, tablas provinciales 2854–2909"
15019,2022,31432,"INE, Padrón municipal, tablas provinciales 2854–2909"
15019,2023,31416,"INE, Padrón municipal, tablas provinciales 2854–2909"
15019,2024,31595,"INE, Padrón municipal, tablas provinciales 2854–2909"
15019,2025,32120,"INE, Padrón municipal, tablas provinciales 2854–2909"
15030,1996,243785,"INE, Padrón municipal, tablas provinciales 2854–2909"
15030,1998,243134,"INE, Padrón municipal, tablas provinciales 2854–2909"
15030,1999,243402,"INE, Padrón municipal, tablas provinciales 2854–2909"
15030,2000,241769,"INE, Padrón municipal, tablas provinciales 2854–2909"
15030,2001,239434,"INE, Padrón municipal, tablas provinciales 2854–2909"
15030,2002,242458,"INE, Padrón municipal, tablas provinciales 2854–2909"
15030,2003,243902,"INE, Padrón municipal, tablas provinciales 2854–2909"
15030,2004,242846,"INE, Padrón municipal, tablas provinciales 2854–2909"
15030,2005,243349,"INE, Padrón municipal, tablas provinciales 2854–2909"
15030,2006,243320,"INE, Padrón municipal, tablas provinciales 2854–2909"
15030,2007,244388,"INE, Padrón municipal, tablas provinciales 2854–2909"
15030,2008,245164,"INE, Padrón municipal, tablas provinciales 2854–2909"
15030,2009,246056,"INE, Padrón municipal, tablas provinciales 2854–2909"
15030,2010,246047,"INE, Padrón municipal, tablas provinciales 2854–2909"
15030,2011,246028,"INE, Padrón municipal, tablas provinciales 2854–2909"
15030,2012,246146,"INE, Padrón municipal, tablas provinciales 2854–2909"
15030,2013,245923,"INE, Padrón municipal, tablas provinciales 2854–2909"
15030,2014,244810,"INE, Padrón municipal, tablas provinciales 2854–2909"
15030,2015,243870,"INE, Padrón municipal, tablas provinciales 2854–2909"
15030,2016,243978,"INE, Padrón municipal, tablas provinciales 2854–2909"
15030,2017,244099,"INE, Padrón municipal, tablas provinciales 2854–2909"
15030,2018,244850,"INE, Padrón municipal, tablas provinciales 2854–2909"
15030,2019,245711,"INE, Padrón municipal, tablas provinciales 2854–2909"
15030,2020,247604,"INE, Padrón municipal, tablas provinciales 2854–2909"
15030,2021,245468,"INE, Padrón municipal, tablas provinciales 2854–2909"
15030,2022,244700,"INE, Padrón municipal, tablas provinciales 2854–2909"
15030,2023,247376,"INE, Padrón municipal, tablas provinciales 2854–2909"
15030,2024,249261,"INE, Padrón municipal, tablas provinciales 2854–2909"
15030,2025,251543,"INE, Padrón municipal, tablas provinciales 2854–2909"
15031,1996,18513,"INE, Padrón municipal, tablas provinciales 2854–2909"
15031,1998,18743,"INE, Padrón municipal, tablas provinciales 2854–2909"
15031,1999,19867,"INE, Padrón municipal, tablas provinciales 2854–2909"
15031,2000,20890,"INE, Padrón municipal, tablas provinciales 2854–2909"
15031,2001,22076,"INE, Padrón municipal, tablas provinciales 2854–2909"
15031,2002,22745,"INE, Padrón municipal, tablas provinciales 2854–2909"
15031,2003,23851,"INE, Padrón municipal, tablas provinciales 2854–2909"
15031,2004,24640,"INE, Padrón municipal, tablas provinciales 2854–2909"
15031,2005,25650,"INE, Padrón municipal, tablas provinciales 2854–2909"
15031,2006,26547,"INE, Padrón municipal, tablas provinciales 2854–2909"
15031,2007,26707,"INE, Padrón municipal, tablas provinciales 2854–2909"
15031,2008,27670,"INE, Padrón municipal, tablas provinciales 2854–2909"
15031,2009,28227,"INE, Padrón municipal, tablas provinciales 2854–2909"
15031,2010,28737,"INE, Padrón municipal, tablas provinciales 2854–2909"
15031,2011,29207,"INE, Padrón municipal, tablas provinciales 2854–2909"
15031,2012,29416,"INE, Padrón municipal, tablas provinciales 2854–2909"
15031,2013,29415,"INE, Padrón municipal, tablas provinciales 2854–2909"
15031,2014,29434,"INE, Padrón municipal, tablas provinciales 2854–2909"
15031,2015,29593,"INE, Padrón municipal, tablas provinciales 2854–2909"
15031,2016,29638,"INE, Padrón municipal, tablas provinciales 2854–2909"
15031,2017,29982,"INE, Padrón municipal, tablas provinciales 2854–2909"
15031,2018,30221,"INE, Padrón municipal, tablas provinciales 2854–2909"
15031,2019,30402,"INE, Padrón municipal, tablas provinciales 2854–2909"
15031,2020,30685,"INE, Padrón municipal, tablas provinciales 2854–2909"
15031,2021,30758,"INE, Padrón municipal, tablas provinciales 2854–2909"
15031,2022,30790,"INE, Padrón municipal, tablas provinciales 2854–2909"
15031,2023,30864,"INE, Padrón municipal, tablas provinciales 2854–2909"
15031,2024,31085,"INE, Padrón municipal, tablas provinciales 2854–2909"
15031,2025,31254,"INE, Padrón municipal, tablas provinciales 2854–2909"
15036,1996,83048,"INE, Padrón municipal, tablas provinciales 2854–2909"
15036,1998,82548,"INE, Padrón municipal, tablas provinciales 2854–2909"
15036,1999,81991,"INE, Padrón municipal, tablas provinciales 2854–2909"
15036,2000,81255,"INE, Padrón municipal, tablas provinciales 2854–2909"
15036,2001,80347,"INE, Padrón municipal, tablas provinciales 2854–2909"
15036,2002,79520,"INE, Padrón municipal, tablas provinciales 2854–2909"
15036,2003,78764,"INE, Padrón municipal, tablas provinciales 2854–2909"
15036,2004,77859,"INE, Padrón municipal, tablas provinciales 2854–2909"
15036,2005,77155,"INE, Padrón municipal, tablas provinciales 2854–2909"
15036,2006,76399,"INE, Padrón municipal, tablas provinciales 2854–2909"
15036,2007,75181,"INE, Padrón municipal, tablas provinciales 2854–2909"
15036,2008,74696,"INE, Padrón municipal, tablas provinciales 2854–2909"
15036,2009,74273,"INE, Padrón municipal, tablas provinciales 2854–2909"
15036,2010,73638,"INE, Padrón municipal, tablas provinciales 2854–2909"
15036,2011,72963,"INE, Padrón municipal, tablas provinciales 2854–2909"
15036,2012,71997,"INE, Padrón municipal, tablas provinciales 2854–2909"
15036,2013,71232,"INE, Padrón municipal, tablas provinciales 2854–2909"
15036,2014,70389,"INE, Padrón municipal, tablas provinciales 2854–2909"
15036,2015,69452,"INE, Padrón municipal, tablas provinciales 2854–2909"
15036,2016,68308,"INE, Padrón municipal, tablas provinciales 2854–2909"
15036,2017,67569,"INE, Padrón municipal, tablas provinciales 2854–2909"
15036,2018,66799,"INE, Padrón municipal, tablas provinciales 2854–2909"
15036,2019,66065,"INE, Padrón municipal, tablas provinciales 2854–2909"
15036,2020,65560,"INE, Padrón municipal, tablas provinciales 2854–2909"
15036,2021,64785,"INE, Padrón municipal, tablas provinciales 2854–2909"
15036,2022,64158,"INE, Padrón municipal, tablas provinciales 2854–2909"
15036,2023,63890,"INE, Padrón municipal, tablas provinciales 2854–2909"
15036,2024,64218,"INE, Padrón municipal, tablas provinciales 2854–2909"
15036,2025,64367,"INE, Padrón municipal, tablas provinciales 2854–2909"
15054,1996,31207,"INE, Padrón municipal, tablas provinciales 2854–2909"
15054,1998,31086,"INE, Padrón municipal, tablas provinciales 2854–2909"
15054,1999,31108,"INE, Padrón municipal, tablas provinciales 2854–2909"
15054,2000,30328,"INE, Padrón municipal, tablas provinciales 2854–2909"
15054,2001,29466,"INE, Padrón municipal, tablas provinciales 2854–2909"
15054,2002,29263,"INE, Padrón municipal, tablas provinciales 2854–2909"
15054,2003,33825,"INE, Padrón municipal, tablas provinciales 2854–2909"
15054,2004,34404,"INE, Padrón municipal, tablas provinciales 2854–2909"
15054,2005,35083,"INE, Padrón municipal, tablas provinciales 2854–2909"
15054,2006,35664,"INE, Padrón municipal, tablas provinciales 2854–2909"
15054,2007,36245,"INE, Padrón municipal, tablas provinciales 2854–2909"
15054,2008,37008,"INE, Padrón municipal, tablas provinciales 2854–2909"
15054,2009,37712,"INE, Padrón municipal, tablas provinciales 2854–2909"
15054,2010,38285,"INE, Padrón municipal, tablas provinciales 2854–2909"
15054,2011,38910,"INE, Padrón municipal, tablas provinciales 2854–2909"
15054,2012,39238,"INE, Padrón municipal, tablas provinciales 2854–2909"
15054,2013,39450,"INE, Padrón municipal, tablas provinciales 2854–2909"
15054,2014,39574,"INE, Padrón municipal, tablas provinciales 2854–2909"
15054,2015,39565,"INE, Padrón municipal, tablas provinciales 2854–2909"
15054,2016,39426,"INE, Padrón municipal, tablas provinciales 2854–2909"
15054,2017,39280,"INE, Padrón municipal, tablas provinciales 2854–2909"
15054,2018,39115,"INE, Padrón municipal, tablas provinciales 2854–2909"
15054,2019,39080,"INE, Padrón municipal, tablas provinciales 2854–2909"
15054,2020,39056,"INE, Padrón municipal, tablas provinciales 2854–2909"
15054,2021,38913,"INE, Padrón municipal, tablas provinciales 2854–2909"
15054,2022,38938,"INE, Padrón municipal, tablas provinciales 2854–2909"
15054,2023,39051,"INE, Padrón municipal, tablas provinciales 2854–2909"
15054,2024,39285,"INE, Padrón municipal, tablas provinciales 2854–2909"
15054,2025,39953,"INE, Padrón municipal, tablas provinciales 2854–2909"
15058,1996,23057,"INE, Padrón municipal, tablas provinciales 2854–2909"
15058,1998,24102,"INE, Padrón municipal, tablas provinciales 2854–2909"
15058,1999,25166,"INE, Padrón municipal, tablas provinciales 2854–2909"
15058,2000,26016,"INE, Padrón municipal, tablas provinciales 2854–2909"
15058,2001,26886,"INE, Padrón municipal, tablas provinciales 2854–2909"
15058,2002,27453,"INE, Padrón municipal, tablas provinciales 2854–2909"
15058,2003,28643,"INE, Padrón municipal, tablas provinciales 2854–2909"
15058,2004,29671,"INE, Padrón municipal, tablas provinciales 2854–2909"
15058,2005,30467,"INE, Padrón municipal, tablas provinciales 2854–2909"
15058,2006,31264,"INE, Padrón municipal, tablas provinciales 2854–2909"
15058,2007,31694,"INE, Padrón municipal, tablas provinciales 2854–2909"
15058,2008,32381,"INE, Padrón municipal, tablas provinciales 2854–2909"
15058,2009,33443,"INE, Padrón municipal, tablas provinciales 2854–2909"
15058,2010,33550,"INE, Padrón municipal, tablas provinciales 2854–2909"
15058,2011,34133,"INE, Padrón municipal, tablas provinciales 2854–2909"
15058,2012,34386,"INE, Padrón municipal, tablas provinciales 2854–2909"
15058,2013,34470,"INE, Padrón municipal, tablas provinciales 2854–2909"
15058,2014,34563,"INE, Padrón municipal, tablas provinciales 2854–2909"
15058,2015,34693,"INE, Padrón municipal, tablas provinciales 2854–2909"
15058,2016,35013,"INE, Padrón municipal, tablas provinciales 2854–2909"
15058,2017,35198,"INE, Padrón municipal, tablas provinciales 2854–2909"
15058,2018,35559,"INE, Padrón municipal, tablas provinciales 2854–2909"
15058,2019,36075,"INE, Padrón municipal, tablas provinciales 2854–2909"
15058,2020,36534,"INE, Padrón municipal, tablas provinciales 2854–2909"
15058,2021,36922,"INE, Padrón municipal, tablas provinciales 2854–2909"
15058,2022,37271,"INE, Padrón municipal, tablas provinciales 2854–2909"
15058,2023,37809,"INE, Padrón municipal, tablas provinciales 2854–2909"
15058,2024,38333,"INE, Padrón municipal, tablas provinciales 2854–2909"
15058,2025,38793,"INE, Padrón municipal, tablas provinciales 2854–2909"
15073,1996,26572,"INE, Padrón municipal, tablas provinciales 2854–2909"
15073,1998,26413,"INE, Padrón municipal, tablas provinciales 2854–2909"
15073,1999,26451,"INE, Padrón municipal, tablas provinciales 2854–2909"
15073,2000,26478,"INE, Padrón municipal, tablas provinciales 2854–2909"
15073,2001,26434,"INE, Padrón municipal, tablas provinciales 2854–2909"
15073,2002,26343,"INE, Padrón municipal, tablas provinciales 2854–2909"
15073,2003,26589,"INE, Padrón municipal, tablas provinciales 2854–2909"
15073,2004,26623,"INE, Padrón municipal, tablas provinciales 2854–2909"
15073,2005,26884,"INE, Padrón municipal, tablas provinciales 2854–2909"
15073,2006,27053,"INE, Padrón municipal, tablas provinciales 2854–2909"
15073,2007,27181,"INE, Padrón municipal, tablas provinciales 2854–2909"
15073,2008,27430,"INE, Padrón municipal, tablas provinciales 2854–2909"
15073,2009,27518,"INE, Padrón municipal, tablas provinciales 2854–2909"
15073,2010,27504,"INE, Padrón municipal, tablas provinciales 2854–2909"
15073,2011,27699,"INE, Padrón municipal, tablas provinciales 2854–2909"
15073,2012,27778,"INE, Padrón municipal, tablas provinciales 2854–2909"
15073,2013,27811,"INE, Padrón municipal, tablas provinciales 2854–2909"
15073,2014,27565,"INE, Padrón municipal, tablas provinciales 2854–2909"
15073,2015,27372,"INE, Padrón municipal, tablas provinciales 2854–2909"
15073,2016,27249,"INE, Padrón municipal, tablas provinciales 2854–2909"
15073,2017,27159,"INE, Padrón municipal, tablas provinciales 2854–2909"
15073,2018,27067,"INE, Padrón municipal, tablas provinciales 2854–2909"
15073,2019,26886,"INE, Padrón municipal, tablas provinciales 2854–2909"
15073,2020,26848,"INE, Padrón municipal, tablas provinciales 2854–2909"
15073,2021,26839,"INE, Padrón municipal, tablas provinciales 2854–2909"
15073,2022,26897,"INE, Padrón municipal, tablas provinciales 2854–2909"
15073,2023,27030,"INE, Padrón municipal, tablas provinciales 2854–2909"
15073,2024,27111,"INE, Padrón municipal, tablas provinciales 2854–2909"
15073,2025,27102,"INE, Padrón municipal, tablas provinciales 2854–2909"
15078,1996,93672,"INE, Padrón municipal, tablas provinciales 2854–2909"
15078,1998,93584,"INE, Padrón municipal, tablas provinciales 2854–2909"
15078,1999,93745,"INE, Padrón municipal, tablas provinciales 2854–2909"
15078,2000,93903,"INE, Padrón municipal, tablas provinciales 2854–2909"
15078,2001,93381,"INE, Padrón municipal, tablas provinciales 2854–2909"
15078,2002,93273,"INE, Padrón municipal, tablas provinciales 2854–2909"
15078,2003,92339,"INE, Padrón municipal, tablas provinciales 2854–2909"
15078,2004,92298,"INE, Padrón municipal, tablas provinciales 2854–2909"
15078,2005,92919,"INE, Padrón municipal, tablas provinciales 2854–2909"
15078,2006,93458,"INE, Padrón municipal, tablas provinciales 2854–2909"
15078,2007,93712,"INE, Padrón municipal, tablas provinciales 2854–2909"
15078,2008,94339,"INE, Padrón municipal, tablas provinciales 2854–2909"
15078,2009,95092,"INE, Padrón municipal, tablas provinciales 2854–2909"
15078,2010,94824,"INE, Padrón municipal, tablas provinciales 2854–2909"
15078,2011,95207,"INE, Padrón municipal, tablas provinciales 2854–2909"
15078,2012,95671,"INE, Padrón municipal, tablas provinciales 2854–2909"
15078,2013,96041,"INE, Padrón municipal, tablas provinciales 2854–2909"
15078,2014,95800,"INE, Padrón municipal, tablas provinciales 2854–2909"
15078,2015,95612,"INE, Padrón municipal, tablas provinciales 2854–2909"
15078,2016,95966,"INE, Padrón municipal, tablas provinciales 2854–2909"
15078,2017,96456,"INE, Padrón municipal, tablas provinciales 2854–2909"
15078,2018,96405,"INE, Padrón municipal, tablas provinciales 2854–2909"
15078,2019,97260,"INE, Padrón municipal, tablas provinciales 2854–2909"
15078,2020,97848,"INE, Padrón municipal, tablas provinciales 2854–2909"
15078,2021,97858,"INE, Padrón municipal, tablas provinciales 2854–2909"
15078,2022,98179,"INE, Padrón municipal, tablas provinciales 2854–2909"
15078,2023,98687,"INE, Padrón municipal, tablas provinciales 2854–2909"
15078,2024,99536,"INE, Padrón municipal, tablas provinciales 2854–2909"
15078,2025,100965,"INE, Padrón municipal, tablas provinciales 2854–2909"
16078,1996,43733,"INE, Padrón municipal, tablas provinciales 2854–2909"
16078,1998,44558,"INE, Padrón municipal, tablas provinciales 2854–2909"
16078,1999,45100,"INE, Padrón municipal, tablas provinciales 2854–2909"
16078,2000,45707,"INE, Padrón municipal, tablas provinciales 2854–2909"
16078,2001,46491,"INE, Padrón municipal, tablas provinciales 2854–2909"
16078,2002,46859,"INE, Padrón municipal, tablas provinciales 2854–2909"
16078,2003,47201,"INE, Padrón municipal, tablas provinciales 2854–2909"
16078,2004,47862,"INE, Padrón municipal, tablas provinciales 2854–2909"
16078,2005,49912,"INE, Padrón municipal, tablas provinciales 2854–2909"
16078,2006,51205,"INE, Padrón municipal, tablas provinciales 2854–2909"
16078,2007,52980,"INE, Padrón municipal, tablas provinciales 2854–2909"
16078,2008,54600,"INE, Padrón municipal, tablas provinciales 2854–2909"
16078,2009,55866,"INE, Padrón municipal, tablas provinciales 2854–2909"
16078,2010,56189,"INE, Padrón municipal, tablas provinciales 2854–2909"
16078,2011,56703,"INE, Padrón municipal, tablas provinciales 2854–2909"
16078,2012,57032,"INE, Padrón municipal, tablas provinciales 2854–2909"
16078,2013,56107,"INE, Padrón municipal, tablas provinciales 2854–2909"
16078,2014,55738,"INE, Padrón municipal, tablas provinciales 2854–2909"
16078,2015,55428,"INE, Padrón municipal, tablas provinciales 2854–2909"
16078,2016,55102,"INE, Padrón municipal, tablas provinciales 2854–2909"
16078,2017,54876,"INE, Padrón municipal, tablas provinciales 2854–2909"
16078,2018,54898,"INE, Padrón municipal, tablas provinciales 2854–2909"
16078,2019,54690,"INE, Padrón municipal, tablas provinciales 2854–2909"
16078,2020,54621,"INE, Padrón municipal, tablas provinciales 2854–2909"
16078,2021,53988,"INE, Padrón municipal, tablas provinciales 2854–2909"
16078,2022,53389,"INE, Padrón municipal, tablas provinciales 2854–2909"
16078,2023,53512,"INE, Padrón municipal, tablas provinciales 2854–2909"
16078,2024,53429,"INE, Padrón municipal, tablas provinciales 2854–2909"
16078,2025,53600,"INE, Padrón municipal, tablas provinciales 2854–2909"
17023,1996,27713,"INE, Padrón municipal, tablas provinciales 2854–2909"
17023,1998,28826,"INE, Padrón municipal, tablas provinciales 2854–2909"
17023,1999,29615,"INE, Padrón municipal, tablas provinciales 2854–2909"
17023,2000,30441,"INE, Padrón municipal, tablas provinciales 2854–2909"
17023,2001,31532,"INE, Padrón municipal, tablas provinciales 2854–2909"
17023,2002,32926,"INE, Padrón municipal, tablas provinciales 2854–2909"
17023,2003,34477,"INE, Padrón municipal, tablas provinciales 2854–2909"
17023,2004,35577,"INE, Padrón municipal, tablas provinciales 2854–2909"
17023,2005,36711,"INE, Padrón municipal, tablas provinciales 2854–2909"
17023,2006,37819,"INE, Padrón municipal, tablas provinciales 2854–2909"
17023,2007,38368,"INE, Padrón municipal, tablas provinciales 2854–2909"
17023,2008,39107,"INE, Padrón municipal, tablas provinciales 2854–2909"
17023,2009,40047,"INE, Padrón municipal, tablas provinciales 2854–2909"
17023,2010,40010,"INE, Padrón municipal, tablas provinciales 2854–2909"
17023,2011,39834,"INE, Padrón municipal, tablas provinciales 2854–2909"
17023,2012,39785,"INE, Padrón municipal, tablas provinciales 2854–2909"
17023,2013,39660,"INE, Padrón municipal, tablas provinciales 2854–2909"
17023,2014,39293,"INE, Padrón municipal, tablas provinciales 2854–2909"
17023,2015,39132,"INE, Padrón municipal, tablas provinciales 2854–2909"
17023,2016,39060,"INE, Padrón municipal, tablas provinciales 2854–2909"
17023,2017,38813,"INE, Padrón municipal, tablas provinciales 2854–2909"
17023,2018,38790,"INE, Padrón municipal, tablas provinciales 2854–2909"
17023,2019,39028,"INE, Padrón municipal, tablas provinciales 2854–2909"
17023,2020,39914,"INE, Padrón municipal, tablas provinciales 2854–2909"
17023,2021,40274,"INE, Padrón municipal, tablas provinciales 2854–2909"
17023,2022,40579,"INE, Padrón municipal, tablas provinciales 2854–2909"
17023,2023,41653,"INE, Padrón municipal, tablas provinciales 2854–2909"
17023,2024,42198,"INE, Padrón municipal, tablas provinciales 2854–2909"
17023,2025,42699,"INE, Padrón municipal, tablas provinciales 2854–2909"
17066,1996,33157,"INE, Padrón municipal, tablas provinciales 2854–2909"
17066,1998,33600,"INE, Padrón municipal, tablas provinciales 2854–2909"
17066,1999,33823,"INE, Padrón municipal, tablas provinciales 2854–2909"
17066,2000,34023,"INE, Padrón municipal, tablas provinciales 2854–2909"
17066,2001,34493,"INE, Padrón municipal, tablas provinciales 2854–2909"
17066,2002,35174,"INE, Padrón municipal, tablas provinciales 2854–2909"
17066,2003,36338,"INE, Padrón municipal, tablas provinciales 2854–2909"
17066,2004,37032,"INE, Padrón municipal, tablas provinciales 2854–2909"
17066,2005,38884,"INE, Padrón municipal, tablas provinciales 2854–2909"
17066,2006,39641,"INE, Padrón municipal, tablas provinciales 2854–2909"
17066,2007,41115,"INE, Padrón municipal, tablas provinciales 2854–2909"
17066,2008,42809,"INE, Padrón municipal, tablas provinciales 2854–2909"
17066,2009,43330,"INE, Padrón municipal, tablas provinciales 2854–2909"
17066,2010,44255,"INE, Padrón municipal, tablas provinciales 2854–2909"
17066,2011,44765,"INE, Padrón municipal, tablas provinciales 2854–2909"
17066,2012,45262,"INE, Padrón municipal, tablas provinciales 2854–2909"
17066,2013,45123,"INE, Padrón municipal, tablas provinciales 2854–2909"
17066,2014,45444,"INE, Padrón municipal, tablas provinciales 2854–2909"
17066,2015,45346,"INE, Padrón municipal, tablas provinciales 2854–2909"
17066,2016,45726,"INE, Padrón municipal, tablas provinciales 2854–2909"
17066,2017,45961,"INE, Padrón municipal, tablas provinciales 2854–2909"
17066,2018,46381,"INE, Padrón municipal, tablas provinciales 2854–2909"
17066,2019,46654,"INE, Padrón municipal, tablas provinciales 2854–2909"
17066,2020,47235,"INE, Padrón municipal, tablas provinciales 2854–2909"
17066,2021,47043,"INE, Padrón municipal, tablas provinciales 2854–2909"
17066,2022,47088,"INE, Padrón municipal, tablas provinciales 2854–2909"
17066,2023,47879,"INE, Padrón municipal, tablas provinciales 2854–2909"
17066,2024,48875,"INE, Padrón municipal, tablas provinciales 2854–2909"
17066,2025,49689,"INE, Padrón municipal, tablas provinciales 2854–2909"
17079,1996,70576,"INE, Padrón municipal, tablas provinciales 2854–2909"
17079,1998,71858,"INE, Padrón municipal, tablas provinciales 2854–2909"
17079,1999,72682,"INE, Padrón municipal, tablas provinciales 2854–2909"
17079,2000,73637,"INE, Padrón municipal, tablas provinciales 2854–2909"
17079,2001,75256,"INE, Padrón municipal, tablas provinciales 2854–2909"
17079,2002,77475,"INE, Padrón municipal, tablas provinciales 2854–2909"
17079,2003,81220,"INE, Padrón municipal, tablas provinciales 2854–2909"
17079,2004,83531,"INE, Padrón municipal, tablas provinciales 2854–2909"
17079,2005,86672,"INE, Padrón municipal, tablas provinciales 2854–2909"
17079,2006,89890,"INE, Padrón municipal, tablas provinciales 2854–2909"
17079,2007,92186,"INE, Padrón municipal, tablas provinciales 2854–2909"
17079,2008,94484,"INE, Padrón municipal, tablas provinciales 2854–2909"
17079,2009,96188,"INE, Padrón municipal, tablas provinciales 2854–2909"
17079,2010,96236,"INE, Padrón municipal, tablas provinciales 2854–2909"
17079,2011,96722,"INE, Padrón municipal, tablas provinciales 2854–2909"
17079,2012,97198,"INE, Padrón municipal, tablas provinciales 2854–2909"
17079,2013,97292,"INE, Padrón municipal, tablas provinciales 2854–2909"
17079,2014,97227,"INE, Padrón municipal, tablas provinciales 2854–2909"
17079,2015,97586,"INE, Padrón municipal, tablas provinciales 2854–2909"
17079,2016,98255,"INE, Padrón municipal, tablas provinciales 2854–2909"
17079,2017,99013,"INE, Padrón municipal, tablas provinciales 2854–2909"
17079,2018,100266,"INE, Padrón municipal, tablas provinciales 2854–2909"
17079,2019,101852,"INE, Padrón municipal, tablas provinciales 2854–2909"
17079,2020,103369,"INE, Padrón municipal, tablas provinciales 2854–2909"
17079,2021,101932,"INE, Padrón municipal, tablas provinciales 2854–2909"
17079,2022,102666,"INE, Padrón municipal, tablas provinciales 2854–2909"
17079,2023,104320,"INE, Padrón municipal, tablas provinciales 2854–2909"
17079,2024,107032,"INE, Padrón municipal, tablas provinciales 2854–2909"
17079,2025,108666,"INE, Padrón municipal, tablas provinciales 2854–2909"
17095,1996,16674,"INE, Padrón municipal, tablas provinciales 2854–2909"
17095,1998,17875,"INE, Padrón municipal, tablas provinciales 2854–2909"
17095,1999,19041,"INE, Padrón municipal, tablas provinciales 2854–2909"
17095,2000,20045,"INE, Padrón municipal, tablas provinciales 2854–2909"
17095,2001,21589,"INE, Padrón municipal, tablas provinciales 2854–2909"
17095,2002,23424,"INE, Padrón municipal, tablas provinciales 2854–2909"
17095,2003,25457,"INE, Padrón municipal, tablas provinciales 2854–2909"
17095,2004,26557,"INE, Padrón municipal, tablas provinciales 2854–2909"
17095,2005,29445,"INE, Padrón municipal, tablas provinciales 2854–2909"
17095,2006,32728,"INE, Padrón municipal, tablas provinciales 2854–2909"
17095,2007,34997,"INE, Padrón municipal, tablas provinciales 2854–2909"
17095,2008,37734,"INE, Padrón municipal, tablas provinciales 2854–2909"
17095,2009,39363,"INE, Padrón municipal, tablas provinciales 2854–2909"
17095,2010,39794,"INE, Padrón municipal, tablas provinciales 2854–2909"
17095,2011,40282,"INE, Padrón municipal, tablas provinciales 2854–2909"
17095,2012,40837,"INE, Padrón municipal, tablas provinciales 2854–2909"
17095,2013,40803,"INE, Padrón municipal, tablas provinciales 2854–2909"
17095,2014,38624,"INE, Padrón municipal, tablas provinciales 2854–2909"
17095,2015,37618,"INE, Padrón municipal, tablas provinciales 2854–2909"
17095,2016,37042,"INE, Padrón municipal, tablas provinciales 2854–2909"
17095,2017,36878,"INE, Padrón municipal, tablas provinciales 2854–2909"
17095,2018,37350,"INE, Padrón municipal, tablas provinciales 2854–2909"
17095,2019,38373,"INE, Padrón municipal, tablas provinciales 2854–2909"
17095,2020,39089,"INE, Padrón municipal, tablas provinciales 2854–2909"
17095,2021,38402,"INE, Padrón municipal, tablas provinciales 2854–2909"
17095,2022,38941,"INE, Padrón municipal, tablas provinciales 2854–2909"
17095,2023,41559,"INE, Padrón municipal, tablas provinciales 2854–2909"
17095,2024,42600,"INE, Padrón municipal, tablas provinciales 2854–2909"
17095,2025,43000,"INE, Padrón municipal, tablas provinciales 2854–2909"
17114,1996,27482,"INE, Padrón municipal, tablas provinciales 2854–2909"
17114,1998,27644,"INE, Padrón municipal, tablas provinciales 2854–2909"
17114,1999,27814,"INE, Padrón municipal, tablas provinciales 2854–2909"
17114,2000,27967,"INE, Padrón municipal, tablas provinciales 2854–2909"
17114,2001,28339,"INE, Padrón municipal, tablas provinciales 2854–2909"
17114,2002,28890,"INE, Padrón municipal, tablas provinciales 2854–2909"
17114,2003,29546,"INE, Padrón municipal, tablas provinciales 2854–2909"
17114,2004,30306,"INE, Padrón municipal, tablas provinciales 2854–2909"
17114,2005,31271,"INE, Padrón municipal, tablas provinciales 2854–2909"
17114,2006,31932,"INE, Padrón municipal, tablas provinciales 2854–2909"
17114,2007,32337,"INE, Padrón municipal, tablas provinciales 2854–2909"
17114,2008,32903,"INE, Padrón municipal, tablas provinciales 2854–2909"
17114,2009,33524,"INE, Padrón municipal, tablas provinciales 2854–2909"
17114,2010,33589,"INE, Padrón municipal, tablas provinciales 2854–2909"
17114,2011,33725,"INE, Padrón municipal, tablas provinciales 2854–2909"
17114,2012,33813,"INE, Padrón municipal, tablas provinciales 2854–2909"
17114,2013,33981,"INE, Padrón municipal, tablas provinciales 2854–2909"
17114,2014,33913,"INE, Padrón municipal, tablas provinciales 2854–2909"
17114,2015,33944,"INE, Padrón municipal, tablas provinciales 2854–2909"
17114,2016,34000,"INE, Padrón municipal, tablas provinciales 2854–2909"
17114,2017,34194,"INE, Padrón municipal, tablas provinciales 2854–2909"
17114,2018,34486,"INE, Padrón municipal, tablas provinciales 2854–2909"
17114,2019,35228,"INE, Padrón municipal, tablas provinciales 2854–2909"
17114,2020,35926,"INE, Padrón municipal, tablas provinciales 2854–2909"
17114,2021,36299,"INE, Padrón municipal, tablas provinciales 2854–2909"
17114,2022,36716,"INE, Padrón municipal, tablas provinciales 2854–2909"
17114,2023,37975,"INE, Padrón municipal, tablas provinciales 2854–2909"
17114,2024,38822,"INE, Padrón municipal, tablas provinciales 2854–2909"
17114,2025,39519,"INE, Padrón municipal, tablas provinciales 2854–2909"
17155,1996,21519,"INE, Padrón municipal, tablas provinciales 2854–2909"
17155,1998,21678,"INE, Padrón municipal, tablas provinciales 2854–2909"
17155,1999,21822,"INE, Padrón municipal, tablas provinciales 2854–2909"
17155,2000,22017,"INE, Padrón municipal, tablas provinciales 2854–2909"
17155,2001,22472,"INE, Padrón municipal, tablas provinciales 2854–2909"
17155,2002,23214,"INE, Padrón municipal, tablas provinciales 2854–2909"
17155,2003,24513,"INE, Padrón municipal, tablas provinciales 2854–2909"
17155,2004,25912,"INE, Padrón municipal, tablas provinciales 2854–2909"
17155,2005,27370,"INE, Padrón municipal, tablas provinciales 2854–2909"
17155,2006,28017,"INE, Padrón municipal, tablas provinciales 2854–2909"
17155,2007,27673,"INE, Padrón municipal, tablas provinciales 2854–2909"
17155,2008,28763,"INE, Padrón municipal, tablas provinciales 2854–2909"
17155,2009,29985,"INE, Padrón municipal, tablas provinciales 2854–2909"
17155,2010,30304,"INE, Padrón municipal, tablas provinciales 2854–2909"
17155,2011,30389,"INE, Padrón municipal, tablas provinciales 2854–2909"
17155,2012,30146,"INE, Padrón municipal, tablas provinciales 2854–2909"
17155,2013,30247,"INE, Padrón municipal, tablas provinciales 2854–2909"
17155,2014,30103,"INE, Padrón municipal, tablas provinciales 2854–2909"
17155,2015,29342,"INE, Padrón municipal, tablas provinciales 2854–2909"
17155,2016,29404,"INE, Padrón municipal, tablas provinciales 2854–2909"
17155,2017,29836,"INE, Padrón municipal, tablas provinciales 2854–2909"
17155,2018,30622,"INE, Padrón municipal, tablas provinciales 2854–2909"
17155,2019,31362,"INE, Padrón municipal, tablas provinciales 2854–2909"
17155,2020,32138,"INE, Padrón municipal, tablas provinciales 2854–2909"
17155,2021,32230,"INE, Padrón municipal, tablas provinciales 2854–2909"
17155,2022,32517,"INE, Padrón municipal, tablas provinciales 2854–2909"
17155,2023,33242,"INE, Padrón municipal, tablas provinciales 2854–2909"
17155,2024,33904,"INE, Padrón municipal, tablas provinciales 2854–2909"
17155,2025,34491,"INE, Padrón municipal, tablas provinciales 2854–2909"
18017,1996,21472,"INE, Padrón municipal, tablas provinciales 2854–2909"
18017,1998,20997,"INE, Padrón municipal, tablas provinciales 2854–2909"
18017,1999,21170,"INE, Padrón municipal, tablas provinciales 2854–2909"
18017,2000,21275,"INE, Padrón municipal, tablas provinciales 2854–2909"
18017,2001,21623,"INE, Padrón municipal, tablas provinciales 2854–2909"
18017,2002,22030,"INE, Padrón municipal, tablas provinciales 2854–2909"
18017,2003,23378,"INE, Padrón municipal, tablas provinciales 2854–2909"
18017,2004,23073,"INE, Padrón municipal, tablas provinciales 2854–2909"
18017,2005,24713,"INE, Padrón municipal, tablas provinciales 2854–2909"
18017,2006,26264,"INE, Padrón municipal, tablas provinciales 2854–2909"
18017,2007,27076,"INE, Padrón municipal, tablas provinciales 2854–2909"
18017,2008,27544,"INE, Padrón municipal, tablas provinciales 2854–2909"
18017,2009,27696,"INE, Padrón municipal, tablas provinciales 2854–2909"
18017,2010,27703,"INE, Padrón municipal, tablas provinciales 2854–2909"
18017,2011,27754,"INE, Padrón municipal, tablas provinciales 2854–2909"
18017,2012,27703,"INE, Padrón municipal, tablas provinciales 2854–2909"
18017,2013,25586,"INE, Padrón municipal, tablas provinciales 2854–2909"
18017,2014,27195,"INE, Padrón municipal, tablas provinciales 2854–2909"
18017,2015,27391,"INE, Padrón municipal, tablas provinciales 2854–2909"
18017,2016,27397,"INE, Padrón municipal, tablas provinciales 2854–2909"
18017,2017,27135,"INE, Padrón municipal, tablas provinciales 2854–2909"
18017,2018,26377,"INE, Padrón municipal, tablas provinciales 2854–2909"
18017,2019,26514,"INE, Padrón municipal, tablas provinciales 2854–2909"
18017,2020,25927,"INE, Padrón municipal, tablas provinciales 2854–2909"
18017,2021,25890,"INE, Padrón municipal, tablas provinciales 2854–2909"
18017,2022,26748,"INE, Padrón municipal, tablas provinciales 2854–2909"
18017,2023,27305,"INE, Padrón municipal, tablas provinciales 2854–2909"
18017,2024,27311,"INE, Padrón municipal, tablas provinciales 2854–2909"
18017,2025,27544,"INE, Padrón municipal, tablas provinciales 2854–2909"
18087,1996,245640,"INE, Padrón municipal, tablas provinciales 2854–2909"
18087,1998,241471,"INE, Padrón municipal, tablas provinciales 2854–2909"
18087,1999,244767,"INE, Padrón municipal, tablas provinciales 2854–2909"
18087,2000,244486,"INE, Padrón municipal, tablas provinciales 2854–2909"
18087,2001,243341,"INE, Padrón municipal, tablas provinciales 2854–2909"
18087,2002,240522,"INE, Padrón municipal, tablas provinciales 2854–2909"
18087,2003,237663,"INE, Padrón municipal, tablas provinciales 2854–2909"
18087,2004,238292,"INE, Padrón municipal, tablas provinciales 2854–2909"
18087,2005,236982,"INE, Padrón municipal, tablas provinciales 2854–2909"
18087,2006,237929,"INE, Padrón municipal, tablas provinciales 2854–2909"
18087,2007,236207,"INE, Padrón municipal, tablas provinciales 2854–2909"
18087,2008,236988,"INE, Padrón municipal, tablas provinciales 2854–2909"
18087,2009,234325,"INE, Padrón municipal, tablas provinciales 2854–2909"
18087,2010,239154,"INE, Padrón municipal, tablas provinciales 2854–2909"
18087,2011,240099,"INE, Padrón municipal, tablas provinciales 2854–2909"
18087,2012,239017,"INE, Padrón municipal, tablas provinciales 2854–2909"
18087,2013,237818,"INE, Padrón municipal, tablas provinciales 2854–2909"
18087,2014,237540,"INE, Padrón municipal, tablas provinciales 2854–2909"
18087,2015,235800,"INE, Padrón municipal, tablas provinciales 2854–2909"
18087,2016,234758,"INE, Padrón municipal, tablas provinciales 2854–2909"
18087,2017,232770,"INE, Padrón municipal, tablas provinciales 2854–2909"
18087,2018,232208,"INE, Padrón municipal, tablas provinciales 2854–2909"
18087,2019,232462,"INE, Padrón municipal, tablas provinciales 2854–2909"
18087,2020,233648,"INE, Padrón municipal, tablas provinciales 2854–2909"
18087,2021,231775,"INE, Padrón municipal, tablas provinciales 2854–2909"
18087,2022,228682,"INE, Padrón municipal, tablas provinciales 2854–2909"
18087,2023,230595,"INE, Padrón municipal, tablas provinciales 2854–2909"
18087,2024,232717,"INE, Padrón municipal, tablas provinciales 2854–2909"
18087,2025,233975,"INE, Padrón municipal, tablas provinciales 2854–2909"
18140,1996,50316,"INE, Padrón municipal, tablas provinciales 2854–2909"
18140,1998,50025,"INE, Padrón municipal, tablas provinciales 2854–2909"
18140,1999,50398,"INE, Padrón municipal, tablas provinciales 2854–2909"
18140,2000,50172,"INE, Padrón municipal, tablas provinciales 2854–2909"
18140,2001,50812,"INE, Padrón municipal, tablas provinciales 2854–2909"
18140,2002,51928,"INE, Padrón municipal, tablas provinciales 2854–2909"
18140,2003,53597,"INE, Padrón municipal, tablas provinciales 2854–2909"
18140,2004,55078,"INE, Padrón municipal, tablas provinciales 2854–2909"
18140,2005,56605,"INE, Padrón municipal, tablas provinciales 2854–2909"
18140,2006,57895,"INE, Padrón municipal, tablas provinciales 2854–2909"
18140,2007,58501,"INE, Padrón municipal, tablas provinciales 2854–2909"
18140,2008,59163,"INE, Padrón municipal, tablas provinciales 2854–2909"
18140,2009,60279,"INE, Padrón municipal, tablas provinciales 2854–2909"
18140,2010,60884,"INE, Padrón municipal, tablas provinciales 2854–2909"
18140,2011,60887,"INE, Padrón municipal, tablas provinciales 2854–2909"
18140,2012,61171,"INE, Padrón municipal, tablas provinciales 2854–2909"
18140,2013,61194,"INE, Padrón municipal, tablas provinciales 2854–2909"
18140,2014,60870,"INE, Padrón municipal, tablas provinciales 2854–2909"
18140,2015,60777,"INE, Padrón municipal, tablas provinciales 2854–2909"
18140,2016,60368,"INE, Padrón municipal, tablas provinciales 2854–2909"
18140,2017,60420,"INE, Padrón municipal, tablas provinciales 2854–2909"
18140,2018,60592,"INE, Padrón municipal, tablas provinciales 2854–2909"
18140,2019,58020,"INE, Padrón municipal, tablas provinciales 2854–2909"
18140,2020,58460,"INE, Padrón municipal, tablas provinciales 2854–2909"
18140,2021,58545,"INE, Padrón municipal, tablas provinciales 2854–2909"
18140,2022,58798,"INE, Padrón municipal, tablas provinciales 2854–2909"
18140,2023,58939,"INE, Padrón municipal, tablas provinciales 2854–2909"
18140,2024,59632,"INE, Padrón municipal, tablas provinciales 2854–2909"
18140,2025,59862,"INE, Padrón municipal, tablas provinciales 2854–2909"
19046,1996,16013,"INE, Padrón municipal, tablas provinciales 2854–2909"
19046,1998,17505,"INE, Padrón municipal, tablas provinciales 2854–2909"
19046,1999,18592,"INE, Padrón municipal, tablas provinciales 2854–2909"
19046,2000,19491,"INE, Padrón municipal, tablas provinciales 2854–2909"
19046,2001,20383,"INE, Padrón municipal, tablas provinciales 2854–2909"
19046,2002,21185,"INE, Padrón municipal, tablas provinciales 2854–2909"
19046,2003,22252,"INE, Padrón municipal, tablas provinciales 2854–2909"
19046,2004,23101,"INE, Padrón municipal, tablas provinciales 2854–2909"
19046,2005,24097,"INE, Padrón municipal, tablas provinciales 2854–2909"
19046,2006,26064,"INE, Padrón municipal, tablas provinciales 2854–2909"
19046,2007,28155,"INE, Padrón municipal, tablas provinciales 2854–2909"
19046,2008,30794,"INE, Padrón municipal, tablas provinciales 2854–2909"
19046,2009,32744,"INE, Padrón municipal, tablas provinciales 2854–2909"
19046,2010,33735,"INE, Padrón municipal, tablas provinciales 2854–2909"
19046,2011,34195,"INE, Padrón municipal, tablas provinciales 2854–2909"
19046,2012,35146,"INE, Padrón municipal, tablas provinciales 2854–2909"
19046,2013,35397,"INE, Padrón municipal, tablas provinciales 2854–2909"
19046,2014,35335,"INE, Padrón municipal, tablas provinciales 2854–2909"
19046,2015,34896,"INE, Padrón municipal, tablas provinciales 2854–2909"
19046,2016,34703,"INE, Padrón municipal, tablas provinciales 2854–2909"
19046,2017,34768,"INE, Padrón municipal, tablas provinciales 2854–2909"
19046,2018,34685,"INE, Padrón municipal, tablas provinciales 2854–2909"
19046,2019,35009,"INE, Padrón municipal, tablas provinciales 2854–2909"
19046,2020,35407,"INE, Padrón municipal, tablas provinciales 2854–2909"
19046,2021,35236,"INE, Padrón municipal, tablas provinciales 2854–2909"
19046,2022,35182,"INE, Padrón municipal, tablas provinciales 2854–2909"
19046,2023,35498,"INE, Padrón municipal, tablas provinciales 2854–2909"
19046,2024,35894,"INE, Padrón municipal, tablas provinciales 2854–2909"
19046,2025,35924,"INE, Padrón municipal, tablas provinciales 2854–2909"
19130,1996,67108,"INE, Padrón municipal, tablas provinciales 2854–2909"
19130,1998,68721,"INE, Padrón municipal, tablas provinciales 2854–2909"
19130,1999,69959,"INE, Padrón municipal, tablas provinciales 2854–2909"
19130,2000,66103,"INE, Padrón municipal, tablas provinciales 2854–2909"
19130,2001,67640,"INE, Padrón municipal, tablas provinciales 2854–2909"
19130,2002,69098,"INE, Padrón municipal, tablas provinciales 2854–2909"
19130,2003,70732,"INE, Padrón municipal, tablas provinciales 2854–2909"
19130,2004,71815,"INE, Padrón municipal, tablas provinciales 2854–2909"
19130,2005,73719,"INE, Padrón municipal, tablas provinciales 2854–2909"
19130,2006,75493,"INE, Padrón municipal, tablas provinciales 2854–2909"
19130,2007,77925,"INE, Padrón municipal, tablas provinciales 2854–2909"
19130,2008,81221,"INE, Padrón municipal, tablas provinciales 2854–2909"
19130,2009,83039,"INE, Padrón municipal, tablas provinciales 2854–2909"
19130,2010,83789,"INE, Padrón municipal, tablas provinciales 2854–2909"
19130,2011,84453,"INE, Padrón municipal, tablas provinciales 2854–2909"
19130,2012,84803,"INE, Padrón municipal, tablas provinciales 2854–2909"
19130,2013,84504,"INE, Padrón municipal, tablas provinciales 2854–2909"
19130,2014,83720,"INE, Padrón municipal, tablas provinciales 2854–2909"
19130,2015,83391,"INE, Padrón municipal, tablas provinciales 2854–2909"
19130,2016,83633,"INE, Padrón municipal, tablas provinciales 2854–2909"
19130,2017,84145,"INE, Padrón municipal, tablas provinciales 2854–2909"
19130,2018,84910,"INE, Padrón municipal, tablas provinciales 2854–2909"
19130,2019,85871,"INE, Padrón municipal, tablas provinciales 2854–2909"
19130,2020,87484,"INE, Padrón municipal, tablas provinciales 2854–2909"
19130,2021,87064,"INE, Padrón municipal, tablas provinciales 2854–2909"
19130,2022,87452,"INE, Padrón municipal, tablas provinciales 2854–2909"
19130,2023,89010,"INE, Padrón municipal, tablas provinciales 2854–2909"
19130,2024,90909,"INE, Padrón municipal, tablas provinciales 2854–2909"
19130,2025,92834,"INE, Padrón municipal, tablas provinciales 2854–2909"
20030,1996,30314,"INE, Padrón municipal, tablas provinciales 2854–2909"
20030,1998,29747,"INE, Padrón municipal, tablas provinciales 2854–2909"
20030,1999,29339,"INE, Padrón municipal, tablas provinciales 2854–2909"
20030,2000,28942,"INE, Padrón municipal, tablas provinciales 2854–2909"
20030,2001,28711,"INE, Padrón municipal, tablas provinciales 2854–2909"
20030,2002,28513,"INE, Padrón municipal, tablas provinciales 2854–2909"
20030,2003,28182,"INE, Padrón municipal, tablas provinciales 2854–2909"
20030,2004,28006,"INE, Padrón municipal, tablas provinciales 2854–2909"
20030,2005,27784,"INE, Padrón municipal, tablas provinciales 2854–2909"
20030,2006,27530,"INE, Padrón municipal, tablas provinciales 2854–2909"
20030,2007,27404,"INE, Padrón municipal, tablas provinciales 2854–2909"
20030,2008,27496,"INE, Padrón municipal, tablas provinciales 2854–2909"
20030,2009,27419,"INE, Padrón municipal, tablas provinciales 2854–2909"
20030,2010,27378,"INE, Padrón municipal, tablas provinciales 2854–2909"
20030,2011,27396,"INE, Padrón municipal, tablas provinciales 2854–2909"
20030,2012,27507,"INE, Padrón municipal, tablas provinciales 2854–2909"
20030,2013,27439,"INE, Padrón municipal, tablas provinciales 2854–2909"
20030,2014,27440,"INE, Padrón municipal, tablas provinciales 2854–2909"
20030,2015,27414,"INE, Padrón municipal, tablas provinciales 2854–2909"
20030,2016,27380,"INE, Padrón municipal, tablas provinciales 2854–2909"
20030,2017,27417,"INE, Padrón municipal, tablas provinciales 2854–2909"
20030,2018,27406,"INE, Padrón municipal, tablas provinciales 2854–2909"
20030,2019,27522,"INE, Padrón municipal, tablas provinciales 2854–2909"
20030,2020,27769,"INE, Padrón municipal, tablas provinciales 2854–2909"
20030,2021,27467,"INE, Padrón municipal, tablas provinciales 2854–2909"
20030,2022,27282,"INE, Padrón municipal, tablas provinciales 2854–2909"
20030,2023,27234,"INE, Padrón municipal, tablas provinciales 2854–2909"
20030,2024,27362,"INE, Padrón municipal, tablas provinciales 2854–2909"
20030,2025,27484,"INE, Padrón municipal, tablas provinciales 2854–2909"
20045,1996,55215,"INE, Padrón municipal, tablas provinciales 2854–2909"
20045,1998,55196,"INE, Padrón municipal, tablas provinciales 2854–2909"
20045,1999,55497,"INE, Padrón municipal, tablas provinciales 2854–2909"
20045,2000,56515,"INE, Padrón municipal, tablas provinciales 2854–2909"
20045,2001,56625,"INE, Padrón municipal, tablas provinciales 2854–2909"
20045,2002,57618,"INE, Padrón municipal, tablas provinciales 2854–2909"
20045,2003,58036,"INE, Padrón municipal, tablas provinciales 2854–2909"
20045,2004,58899,"INE, Padrón municipal, tablas provinciales 2854–2909"
20045,2005,59508,"INE, Padrón municipal, tablas provinciales 2854–2909"
20045,2006,60261,"INE, Padrón municipal, tablas provinciales 2854–2909"
20045,2007,60416,"INE, Padrón municipal, tablas provinciales 2854–2909"
20045,2008,60914,"INE, Padrón municipal, tablas provinciales 2854–2909"
20045,2009,60951,"INE, Padrón municipal, tablas provinciales 2854–2909"
20045,2010,60938,"INE, Padrón municipal, tablas provinciales 2854–2909"
20045,2011,61006,"INE, Padrón municipal, tablas provinciales 2854–2909"
20045,2012,61102,"INE, Padrón municipal, tablas provinciales 2854–2909"
20045,2013,61113,"INE, Padrón municipal, tablas provinciales 2854–2909"
20045,2014,61195,"INE, Padrón municipal, tablas provinciales 2854–2909"
20045,2015,61481,"INE, Padrón municipal, tablas provinciales 2854–2909"
20045,2016,61608,"INE, Padrón municipal, tablas provinciales 2854–2909"
20045,2017,61855,"INE, Padrón municipal, tablas provinciales 2854–2909"
20045,2018,61983,"INE, Padrón municipal, tablas provinciales 2854–2909"
20045,2019,62401,"INE, Padrón municipal, tablas provinciales 2854–2909"
20045,2020,62910,"INE, Padrón municipal, tablas provinciales 2854–2909"
20045,2021,62933,"INE, Padrón municipal, tablas provinciales 2854–2909"
20045,2022,62635,"INE, Padrón municipal, tablas provinciales 2854–2909"
20045,2023,62920,"INE, Padrón municipal, tablas provinciales 2854–2909"
20045,2024,63656,"INE, Padrón municipal, tablas provinciales 2854–2909"
20045,2025,63835,"INE, Padrón municipal, tablas provinciales 2854–2909"
20067,1996,39663,"INE, Padrón municipal, tablas provinciales 2854–2909"
20067,1998,39376,"INE, Padrón municipal, tablas provinciales 2854–2909"
20067,1999,39189,"INE, Padrón municipal, tablas provinciales 2854–2909"
20067,2000,39200,"INE, Padrón municipal, tablas provinciales 2854–2909"
20067,2001,38903,"INE, Padrón municipal, tablas provinciales 2854–2909"
20067,2002,38697,"INE, Padrón municipal, tablas provinciales 2854–2909"
20067,2003,38397,"INE, Padrón municipal, tablas provinciales 2854–2909"
20067,2004,38141,"INE, Padrón municipal, tablas provinciales 2854–2909"
20067,2005,37873,"INE, Padrón municipal, tablas provinciales 2854–2909"
20067,2006,37853,"INE, Padrón municipal, tablas provinciales 2854–2909"
20067,2007,38336,"INE, Padrón municipal, tablas provinciales 2854–2909"
20067,2008,38505,"INE, Padrón municipal, tablas provinciales 2854–2909"
20067,2009,38767,"INE, Padrón municipal, tablas provinciales 2854–2909"
20067,2010,39020,"INE, Padrón municipal, tablas provinciales 2854–2909"
20067,2011,39217,"INE, Padrón municipal, tablas provinciales 2854–2909"
20067,2012,39324,"INE, Padrón municipal, tablas provinciales 2854–2909"
20067,2013,39178,"INE, Padrón municipal, tablas provinciales 2854–2909"
20067,2014,39230,"INE, Padrón municipal, tablas provinciales 2854–2909"
20067,2015,39276,"INE, Padrón municipal, tablas provinciales 2854–2909"
20067,2016,39381,"INE, Padrón municipal, tablas provinciales 2854–2909"
20067,2017,39439,"INE, Padrón municipal, tablas provinciales 2854–2909"
20067,2018,39355,"INE, Padrón municipal, tablas provinciales 2854–2909"
20067,2019,39471,"INE, Padrón municipal, tablas provinciales 2854–2909"
20067,2020,39540,"INE, Padrón municipal, tablas provinciales 2854–2909"
20067,2021,39219,"INE, Padrón municipal, tablas provinciales 2854–2909"
20067,2022,39023,"INE, Padrón municipal, tablas provinciales 2854–2909"
20067,2023,39231,"INE, Padrón municipal, tablas provinciales 2854–2909"
20067,2024,39352,"INE, Padrón municipal, tablas provinciales 2854–2909"
20067,2025,39363,"INE, Padrón municipal, tablas provinciales 2854–2909"
20069,1996,176908,"INE, Padrón municipal, tablas provinciales 2854–2909"
20069,1998,178229,"INE, Padrón municipal, tablas provinciales 2854–2909"
20069,1999,179208,"INE, Padrón municipal, tablas provinciales 2854–2909"
20069,2000,180277,"INE, Padrón municipal, tablas provinciales 2854–2909"
20069,2001,181064,"INE, Padrón municipal, tablas provinciales 2854–2909"
20069,2002,181700,"INE, Padrón municipal, tablas provinciales 2854–2909"
20069,2003,181811,"INE, Padrón municipal, tablas provinciales 2854–2909"
20069,2004,182644,"INE, Padrón municipal, tablas provinciales 2854–2909"
20069,2005,182930,"INE, Padrón municipal, tablas provinciales 2854–2909"
20069,2006,183308,"INE, Padrón municipal, tablas provinciales 2854–2909"
20069,2007,183090,"INE, Padrón municipal, tablas provinciales 2854–2909"
20069,2008,184248,"INE, Padrón municipal, tablas provinciales 2854–2909"
20069,2009,185357,"INE, Padrón municipal, tablas provinciales 2854–2909"
20069,2010,185506,"INE, Padrón municipal, tablas provinciales 2854–2909"
20069,2011,186185,"INE, Padrón municipal, tablas provinciales 2854–2909"
20069,2012,186409,"INE, Padrón municipal, tablas provinciales 2854–2909"
20069,2013,186500,"INE, Padrón municipal, tablas provinciales 2854–2909"
20069,2014,186126,"INE, Padrón municipal, tablas provinciales 2854–2909"
20069,2015,186095,"INE, Padrón municipal, tablas provinciales 2854–2909"
20069,2016,186064,"INE, Padrón municipal, tablas provinciales 2854–2909"
20069,2017,186370,"INE, Padrón municipal, tablas provinciales 2854–2909"
20069,2018,186665,"INE, Padrón municipal, tablas provinciales 2854–2909"
20069,2019,187415,"INE, Padrón municipal, tablas provinciales 2854–2909"
20069,2020,188240,"INE, Padrón municipal, tablas provinciales 2854–2909"
20069,2021,188102,"INE, Padrón municipal, tablas provinciales 2854–2909"
20069,2022,187849,"INE, Padrón municipal, tablas provinciales 2854–2909"
20069,2023,188743,"INE, Padrón municipal, tablas provinciales 2854–2909"
20069,2024,189093,"INE, Padrón municipal, tablas provinciales 2854–2909"
20069,2025,189866,"INE, Padrón municipal, tablas provinciales 2854–2909"
21041,1996,140675,"INE, Padrón municipal, tablas provinciales 2854–2909"
21041,1998,139991,"INE, Padrón municipal, tablas provinciales 2854–2909"
21041,1999,140583,"INE, Padrón municipal, tablas provinciales 2854–2909"
21041,2000,140985,"INE, Padrón municipal, tablas provinciales 2854–2909"
21041,2001,141334,"INE, Padrón municipal, tablas provinciales 2854–2909"
21041,2002,140862,"INE, Padrón municipal, tablas provinciales 2854–2909"
21041,2003,144831,"INE, Padrón municipal, tablas provinciales 2854–2909"
21041,2004,144369,"INE, Padrón municipal, tablas provinciales 2854–2909"
21041,2005,145150,"INE, Padrón municipal, tablas provinciales 2854–2909"
21041,2006,145763,"INE, Padrón municipal, tablas provinciales 2854–2909"
21041,2007,146173,"INE, Padrón municipal, tablas provinciales 2854–2909"
21041,2008,148027,"INE, Padrón municipal, tablas provinciales 2854–2909"
21041,2009,148806,"INE, Padrón municipal, tablas provinciales 2854–2909"
21041,2010,149310,"INE, Padrón municipal, tablas provinciales 2854–2909"
21041,2011,148918,"INE, Padrón municipal, tablas provinciales 2854–2909"
21041,2012,148568,"INE, Padrón municipal, tablas provinciales 2854–2909"
21041,2013,148101,"INE, Padrón municipal, tablas provinciales 2854–2909"
21041,2014,147212,"INE, Padrón municipal, tablas provinciales 2854–2909"
21041,2015,146318,"INE, Padrón municipal, tablas provinciales 2854–2909"
21041,2016,145468,"INE, Padrón municipal, tablas provinciales 2854–2909"
21041,2017,145115,"INE, Padrón municipal, tablas provinciales 2854–2909"
21041,2018,144258,"INE, Padrón municipal, tablas provinciales 2854–2909"
21041,2019,143663,"INE, Padrón municipal, tablas provinciales 2854–2909"
21041,2020,143837,"INE, Padrón municipal, tablas provinciales 2854–2909"
21041,2021,142538,"INE, Padrón municipal, tablas provinciales 2854–2909"
21041,2022,141854,"INE, Padrón municipal, tablas provinciales 2854–2909"
21041,2023,142532,"INE, Padrón municipal, tablas provinciales 2854–2909"
21041,2024,143290,"INE, Padrón municipal, tablas provinciales 2854–2909"
21041,2025,143215,"INE, Padrón municipal, tablas provinciales 2854–2909"
21044,1996,18325,"INE, Padrón municipal, tablas provinciales 2854–2909"
21044,1998,18565,"INE, Padrón municipal, tablas provinciales 2854–2909"
21044,1999,18995,"INE, Padrón municipal, tablas provinciales 2854–2909"
21044,2000,19086,"INE, Padrón municipal, tablas provinciales 2854–2909"
21044,2001,19583,"INE, Padrón municipal, tablas provinciales 2854–2909"
21044,2002,20173,"INE, Padrón municipal, tablas provinciales 2854–2909"
21044,2003,21223,"INE, Padrón municipal, tablas provinciales 2854–2909"
21044,2004,21952,"INE, Padrón municipal, tablas provinciales 2854–2909"
21044,2005,22709,"INE, Padrón municipal, tablas provinciales 2854–2909"
21044,2006,23781,"INE, Padrón municipal, tablas provinciales 2854–2909"
21044,2007,23607,"INE, Padrón municipal, tablas provinciales 2854–2909"
21044,2008,25041,"INE, Padrón municipal, tablas provinciales 2854–2909"
21044,2009,25886,"INE, Padrón municipal, tablas provinciales 2854–2909"
21044,2010,26763,"INE, Padrón municipal, tablas provinciales 2854–2909"
21044,2011,27241,"INE, Padrón municipal, tablas provinciales 2854–2909"
21044,2012,27214,"INE, Padrón municipal, tablas provinciales 2854–2909"
21044,2013,27406,"INE, Padrón municipal, tablas provinciales 2854–2909"
21044,2014,27054,"INE, Padrón municipal, tablas provinciales 2854–2909"
21044,2015,27675,"INE, Padrón municipal, tablas provinciales 2854–2909"
21044,2016,27409,"INE, Padrón municipal, tablas provinciales 2854–2909"
21044,2017,26931,"INE, Padrón municipal, tablas provinciales 2854–2909"
21044,2018,27047,"INE, Padrón municipal, tablas provinciales 2854–2909"
21044,2019,27431,"INE, Padrón municipal, tablas provinciales 2854–2909"
21044,2020,27880,"INE, Padrón municipal, tablas provinciales 2854–2909"
21044,2021,28293,"INE, Padrón municipal, tablas provinciales 2854–2909"
21044,2022,28617,"INE, Padrón municipal, tablas provinciales 2854–2909"
21044,2023,28813,"INE, Padrón municipal, tablas provinciales 2854–2909"
21044,2024,29241,"INE, Padrón municipal, tablas provinciales 2854–2909"
21044,2025,29677,"INE, Padrón municipal, tablas provinciales 2854–2909"
22125,1996,45607,"INE, Padrón municipal, tablas provinciales 2854–2909"
22125,1998,45485,"INE, Padrón municipal, tablas provinciales 2854–2909"
22125,1999,45627,"INE, Padrón municipal, tablas provinciales 2854–2909"
22125,2000,45653,"INE, Padrón municipal, tablas provinciales 2854–2909"
22125,2001,45874,"INE, Padrón municipal, tablas provinciales 2854–2909"
22125,2002,46462,"INE, Padrón municipal, tablas provinciales 2854–2909"
22125,2003,47609,"INE, Padrón municipal, tablas provinciales 2854–2909"
22125,2004,47923,"INE, Padrón municipal, tablas provinciales 2854–2909"
22125,2005,48530,"INE, Padrón municipal, tablas provinciales 2854–2909"
22125,2006,49312,"INE, Padrón municipal, tablas provinciales 2854–2909"
22125,2007,49819,"INE, Padrón municipal, tablas provinciales 2854–2909"
22125,2008,51117,"INE, Padrón municipal, tablas provinciales 2854–2909"
22125,2009,52059,"INE, Padrón municipal, tablas provinciales 2854–2909"
22125,2010,52347,"INE, Padrón municipal, tablas provinciales 2854–2909"
22125,2011,52443,"INE, Padrón municipal, tablas provinciales 2854–2909"
22125,2012,52296,"INE, Padrón municipal, tablas provinciales 2854–2909"
22125,2013,52418,"INE, Padrón municipal, tablas provinciales 2854–2909"
22125,2014,52555,"INE, Padrón municipal, tablas provinciales 2854–2909"
22125,2015,52239,"INE, Padrón municipal, tablas provinciales 2854–2909"
22125,2016,52282,"INE, Padrón municipal, tablas provinciales 2854–2909"
22125,2017,52223,"INE, Padrón municipal, tablas provinciales 2854–2909"
22125,2018,52463,"INE, Padrón municipal, tablas provinciales 2854–2909"
22125,2019,53132,"INE, Padrón municipal, tablas provinciales 2854–2909"
22125,2020,53956,"INE, Padrón municipal, tablas provinciales 2854–2909"
22125,2021,53429,"INE, Padrón municipal, tablas provinciales 2854–2909"
22125,2022,53305,"INE, Padrón municipal, tablas provinciales 2854–2909"
22125,2023,54136,"INE, Padrón municipal, tablas provinciales 2854–2909"
22125,2024,54704,"INE, Padrón municipal, tablas provinciales 2854–2909"
22125,2025,55454,"INE, Padrón municipal, tablas provinciales 2854–2909"
23005,1996,37705,"INE, Padrón municipal, tablas provinciales 2854–2909"
23005,1998,38254,"INE, Padrón municipal, tablas provinciales 2854–2909"
23005,1999,38254,"INE, Padrón municipal, tablas provinciales 2854–2909"
23005,2000,37621,"INE, Padrón municipal, tablas provinciales 2854–2909"
23005,2001,37903,"INE, Padrón municipal, tablas provinciales 2854–2909"
23005,2002,37920,"INE, Padrón municipal, tablas provinciales 2854–2909"
23005,2003,37681,"INE, Padrón municipal, tablas provinciales 2854–2909"
23005,2004,38241,"INE, Padrón municipal, tablas provinciales 2854–2909"
23005,2005,38539,"INE, Padrón municipal, tablas provinciales 2854–2909"
23005,2006,38662,"INE, Padrón municipal, tablas provinciales 2854–2909"
23005,2007,38769,"INE, Padrón municipal, tablas provinciales 2854–2909"
23005,2008,38979,"INE, Padrón municipal, tablas provinciales 2854–2909"
23005,2009,39111,"INE, Padrón municipal, tablas provinciales 2854–2909"
23005,2010,39171,"INE, Padrón municipal, tablas provinciales 2854–2909"
23005,2011,39095,"INE, Padrón municipal, tablas provinciales 2854–2909"
23005,2012,39008,"INE, Padrón municipal, tablas provinciales 2854–2909"
23005,2013,38885,"INE, Padrón municipal, tablas provinciales 2854–2909"
23005,2014,38549,"INE, Padrón municipal, tablas provinciales 2854–2909"
23005,2015,38246,"INE, Padrón municipal, tablas provinciales 2854–2909"
23005,2016,37975,"INE, Padrón municipal, tablas provinciales 2854–2909"
23005,2017,37611,"INE, Padrón municipal, tablas provinciales 2854–2909"
23005,2018,37113,"INE, Padrón municipal, tablas provinciales 2854–2909"
23005,2019,36793,"INE, Padrón municipal, tablas provinciales 2854–2909"
23005,2020,36615,"INE, Padrón municipal, tablas provinciales 2854–2909"
23005,2021,36212,"INE, Padrón municipal, tablas provinciales 2854–2909"
23005,2022,36030,"INE, Padrón municipal, tablas provinciales 2854–2909"
23005,2023,35788,"INE, Padrón municipal, tablas provinciales 2854–2909"
23005,2024,35619,"INE, Padrón municipal, tablas provinciales 2854–2909"
23005,2025,35610,"INE, Padrón municipal, tablas provinciales 2854–2909"
23050,1996,104776,"INE, Padrón municipal, tablas provinciales 2854–2909"
23050,1998,107184,"INE, Padrón municipal, tablas provinciales 2854–2909"
23050,1999,109247,"INE, Padrón municipal, tablas provinciales 2854–2909"
23050,2000,110781,"INE, Padrón municipal, tablas provinciales 2854–2909"
23050,2001,111406,"INE, Padrón municipal, tablas provinciales 2854–2909"
23050,2002,112921,"INE, Padrón municipal, tablas provinciales 2854–2909"
23050,2003,115638,"INE, Padrón municipal, tablas provinciales 2854–2909"
23050,2004,115917,"INE, Padrón municipal, tablas provinciales 2854–2909"
23050,2005,116540,"INE, Padrón municipal, tablas provinciales 2854–2909"
23050,2006,116769,"INE, Padrón municipal, tablas provinciales 2854–2909"
23050,2007,116393,"INE, Padrón municipal, tablas provinciales 2854–2909"
23050,2008,116417,"INE, Padrón municipal, tablas provinciales 2854–2909"
23050,2009,116557,"INE, Padrón municipal, tablas provinciales 2854–2909"
23050,2010,116790,"INE, Padrón municipal, tablas provinciales 2854–2909"
23050,2011,116781,"INE, Padrón municipal, tablas provinciales 2854–2909"
23050,2012,116731,"INE, Padrón municipal, tablas provinciales 2854–2909"
23050,2013,116176,"INE, Padrón municipal, tablas provinciales 2854–2909"
23050,2014,115837,"INE, Padrón municipal, tablas provinciales 2854–2909"
23050,2015,115395,"INE, Padrón municipal, tablas provinciales 2854–2909"
23050,2016,114658,"INE, Padrón municipal, tablas provinciales 2854–2909"
23050,2017,114238,"INE, Padrón municipal, tablas provinciales 2854–2909"
23050,2018,113457,"INE, Padrón municipal, tablas provinciales 2854–2909"
23050,2019,112999,"INE, Padrón municipal, tablas provinciales 2854–2909"
23050,2020,112757,"INE, Padrón municipal, tablas provinciales 2854–2909"
23050,2021,111932,"INE, Padrón municipal, tablas provinciales 2854–2909"
23050,2022,111669,"INE, Padrón municipal, tablas provinciales 2854–2909"
23050,2023,111888,"INE, Padrón municipal, tablas provinciales 2854–2909"
23050,2024,112074,"INE, Padrón municipal, tablas provinciales 2854–2909"
23050,2025,112235,"INE, Padrón municipal, tablas provinciales 2854–2909"
23055,1996,60222,"INE, Padrón municipal, tablas provinciales 2854–2909"
23055,1998,58410,"INE, Padrón municipal, tablas provinciales 2854–2909"
23055,1999,58722,"INE, Padrón municipal, tablas provinciales 2854–2909"
23055,2000,58034,"INE, Padrón municipal, tablas provinciales 2854–2909"
23055,2001,57796,"INE, Padrón municipal, tablas provinciales 2854–2909"
23055,2002,57800,"INE, Padrón municipal, tablas provinciales 2854–2909"
23055,2003,58257,"INE, Padrón municipal, tablas provinciales 2854–2909"
23055,2004,59096,"INE, Padrón municipal, tablas provinciales 2854–2909"
23055,2005,60807,"INE, Padrón municipal, tablas provinciales 2854–2909"
23055,2006,61452,"INE, Padrón municipal, tablas provinciales 2854–2909"
23055,2007,61262,"INE, Padrón municipal, tablas provinciales 2854–2909"
23055,2008,61340,"INE, Padrón municipal, tablas provinciales 2854–2909"
23055,2009,61338,"INE, Padrón municipal, tablas provinciales 2854–2909"
23055,2010,61306,"INE, Padrón municipal, tablas provinciales 2854–2909"
23055,2011,61110,"INE, Padrón municipal, tablas provinciales 2854–2909"
23055,2012,60950,"INE, Padrón municipal, tablas provinciales 2854–2909"
23055,2013,60740,"INE, Padrón municipal, tablas provinciales 2854–2909"
23055,2014,60290,"INE, Padrón municipal, tablas provinciales 2854–2909"
23055,2015,59737,"INE, Padrón municipal, tablas provinciales 2854–2909"
23055,2016,58829,"INE, Padrón municipal, tablas provinciales 2854–2909"
23055,2017,58449,"INE, Padrón municipal, tablas provinciales 2854–2909"
23055,2018,57811,"INE, Padrón municipal, tablas provinciales 2854–2909"
23055,2019,57414,"INE, Padrón municipal, tablas provinciales 2854–2909"
23055,2020,57353,"INE, Padrón municipal, tablas provinciales 2854–2909"
23055,2021,56525,"INE, Padrón municipal, tablas provinciales 2854–2909"
23055,2022,55729,"INE, Padrón municipal, tablas provinciales 2854–2909"
23055,2023,55096,"INE, Padrón municipal, tablas provinciales 2854–2909"
23055,2024,55261,"INE, Padrón municipal, tablas provinciales 2854–2909"
23055,2025,55633,"INE, Padrón municipal, tablas provinciales 2854–2909"
23092,1996,32086,"INE, Padrón municipal, tablas provinciales 2854–2909"
23092,1998,32524,"INE, Padrón municipal, tablas provinciales 2854–2909"
23092,1999,32739,"INE, Padrón municipal, tablas provinciales 2854–2909"
23092,2000,32456,"INE, Padrón municipal, tablas provinciales 2854–2909"
23092,2001,32764,"INE, Padrón municipal, tablas provinciales 2854–2909"
23092,2002,32971,"INE, Padrón municipal, tablas provinciales 2854–2909"
23092,2003,33347,"INE, Padrón municipal, tablas provinciales 2854–2909"
23092,2004,33511,"INE, Padrón municipal, tablas provinciales 2854–2909"
23092,2005,33993,"INE, Padrón municipal, tablas provinciales 2854–2909"
23092,2006,34139,"INE, Padrón municipal, tablas provinciales 2854–2909"
23092,2007,34347,"INE, Padrón municipal, tablas provinciales 2854–2909"
23092,2008,34462,"INE, Padrón municipal, tablas provinciales 2854–2909"
23092,2009,35649,"INE, Padrón municipal, tablas provinciales 2854–2909"
23092,2010,36025,"INE, Padrón municipal, tablas provinciales 2854–2909"
23092,2011,35866,"INE, Padrón municipal, tablas provinciales 2854–2909"
23092,2012,35784,"INE, Padrón municipal, tablas provinciales 2854–2909"
23092,2013,35514,"INE, Padrón municipal, tablas provinciales 2854–2909"
23092,2014,35177,"INE, Padrón municipal, tablas provinciales 2854–2909"
23092,2015,34930,"INE, Padrón municipal, tablas provinciales 2854–2909"
23092,2016,34835,"INE, Padrón municipal, tablas provinciales 2854–2909"
23092,2017,34733,"INE, Padrón municipal, tablas provinciales 2854–2909"
23092,2018,34602,"INE, Padrón municipal, tablas provinciales 2854–2909"
23092,2019,34345,"INE, Padrón municipal, tablas provinciales 2854–2909"
23092,2020,34329,"INE, Padrón municipal, tablas provinciales 2854–2909"
23092,2021,34208,"INE, Padrón municipal, tablas provinciales 2854–2909"
23092,2022,34062,"INE, Padrón municipal, tablas provinciales 2854–2909"
23092,2023,33810,"INE, Padrón municipal, tablas provinciales 2854–2909"
23092,2024,33674,"INE, Padrón municipal, tablas provinciales 2854–2909"
23092,2025,33588,"INE, Padrón municipal, tablas provinciales 2854–2909"
24089,1996,145242,"INE, Padrón municipal, tablas provinciales 2854–2909"
24089,1998,139809,"INE, Padrón municipal, tablas provinciales 2854–2909"
24089,1999,139809,"INE, Padrón municipal, tablas provinciales 2854–2909"
24089,2000,138006,"INE, Padrón municipal, tablas provinciales 2854–2909"
24089,2001,137384,"INE, Padrón municipal, tablas provinciales 2854–2909"
24089,2002,135794,"INE, Padrón municipal, tablas provinciales 2854–2909"
24089,2003,135634,"INE, Padrón municipal, tablas provinciales 2854–2909"
24089,2004,135789,"INE, Padrón municipal, tablas provinciales 2854–2909"
24089,2005,136414,"INE, Padrón municipal, tablas provinciales 2854–2909"
24089,2006,136985,"INE, Padrón municipal, tablas provinciales 2854–2909"
24089,2007,135059,"INE, Padrón municipal, tablas provinciales 2854–2909"
24089,2008,135119,"INE, Padrón municipal, tablas provinciales 2854–2909"
24089,2009,134305,"INE, Padrón municipal, tablas provinciales 2854–2909"
24089,2010,134012,"INE, Padrón municipal, tablas provinciales 2854–2909"
24089,2011,132744,"INE, Padrón municipal, tablas provinciales 2854–2909"
24089,2012,131680,"INE, Padrón municipal, tablas provinciales 2854–2909"
24089,2013,130601,"INE, Padrón municipal, tablas provinciales 2854–2909"
24089,2014,129551,"INE, Padrón municipal, tablas provinciales 2854–2909"
24089,2015,127817,"INE, Padrón municipal, tablas provinciales 2854–2909"
24089,2016,126192,"INE, Padrón municipal, tablas provinciales 2854–2909"
24089,2017,125317,"INE, Padrón municipal, tablas provinciales 2854–2909"
24089,2018,124772,"INE, Padrón municipal, tablas provinciales 2854–2909"
24089,2019,124303,"INE, Padrón municipal, tablas provinciales 2854–2909"
24089,2020,124028,"INE, Padrón municipal, tablas provinciales 2854–2909"
24089,2021,122051,"INE, Padrón municipal, tablas provinciales 2854–2909"
24089,2022,120951,"INE, Padrón municipal, tablas provinciales 2854–2909"
24089,2023,121281,"INE, Padrón municipal, tablas provinciales 2854–2909"
24089,2024,122243,"INE, Padrón municipal, tablas provinciales 2854–2909"
24089,2025,123446,"INE, Padrón municipal, tablas provinciales 2854–2909"
24115,1996,61575,"INE, Padrón municipal, tablas provinciales 2854–2909"
24115,1998,61469,"INE, Padrón municipal, tablas provinciales 2854–2909"
24115,1999,61965,"INE, Padrón municipal, tablas provinciales 2854–2909"
24115,2000,62642,"INE, Padrón municipal, tablas provinciales 2854–2909"
24115,2001,63233,"INE, Padrón municipal, tablas provinciales 2854–2909"
24115,2002,64010,"INE, Padrón municipal, tablas provinciales 2854–2909"
24115,2003,64990,"INE, Padrón municipal, tablas provinciales 2854–2909"
24115,2004,65111,"INE, Padrón municipal, tablas provinciales 2854–2909"
24115,2005,65984,"INE, Padrón municipal, tablas provinciales 2854–2909"
24115,2006,66656,"INE, Padrón municipal, tablas provinciales 2854–2909"
24115,2007,66824,"INE, Padrón municipal, tablas provinciales 2854–2909"
24115,2008,67969,"INE, Padrón municipal, tablas provinciales 2854–2909"
24115,2009,68736,"INE, Padrón municipal, tablas provinciales 2854–2909"
24115,2010,68767,"INE, Padrón municipal, tablas provinciales 2854–2909"
24115,2011,68508,"INE, Padrón municipal, tablas provinciales 2854–2909"
24115,2012,68549,"INE, Padrón municipal, tablas provinciales 2854–2909"
24115,2013,68121,"INE, Padrón municipal, tablas provinciales 2854–2909"
24115,2014,67367,"INE, Padrón municipal, tablas provinciales 2854–2909"
24115,2015,66884,"INE, Padrón municipal, tablas provinciales 2854–2909"
24115,2016,66447,"INE, Padrón municipal, tablas provinciales 2854–2909"
24115,2017,65788,"INE, Padrón municipal, tablas provinciales 2854–2909"
24115,2018,65239,"INE, Padrón municipal, tablas provinciales 2854–2909"
24115,2019,64674,"INE, Padrón municipal, tablas provinciales 2854–2909"
24115,2020,64509,"INE, Padrón municipal, tablas provinciales 2854–2909"
24115,2021,63747,"INE, Padrón municipal, tablas provinciales 2854–2909"
24115,2022,63052,"INE, Padrón municipal, tablas provinciales 2854–2909"
24115,2023,62963,"INE, Padrón municipal, tablas provinciales 2854–2909"
24115,2024,62994,"INE, Padrón municipal, tablas provinciales 2854–2909"
24115,2025,63186,"INE, Padrón municipal, tablas provinciales 2854–2909"
24142,1996,23226,"INE, Padrón municipal, tablas provinciales 2854–2909"
24142,1998,23487,"INE, Padrón municipal, tablas provinciales 2854–2909"
24142,1999,23687,"INE, Padrón municipal, tablas provinciales 2854–2909"
24142,2000,24212,"INE, Padrón municipal, tablas provinciales 2854–2909"
24142,2001,24816,"INE, Padrón municipal, tablas provinciales 2854–2909"
24142,2002,25288,"INE, Padrón municipal, tablas provinciales 2854–2909"
24142,2003,26770,"INE, Padrón municipal, tablas provinciales 2854–2909"
24142,2004,26968,"INE, Padrón municipal, tablas provinciales 2854–2909"
24142,2005,27850,"INE, Padrón municipal, tablas provinciales 2854–2909"
24142,2006,28413,"INE, Padrón municipal, tablas provinciales 2854–2909"
24142,2007,28894,"INE, Padrón municipal, tablas provinciales 2854–2909"
24142,2008,30217,"INE, Padrón municipal, tablas provinciales 2854–2909"
24142,2009,30906,"INE, Padrón municipal, tablas provinciales 2854–2909"
24142,2010,31306,"INE, Padrón municipal, tablas provinciales 2854–2909"
24142,2011,31562,"INE, Padrón municipal, tablas provinciales 2854–2909"
24142,2012,31742,"INE, Padrón municipal, tablas provinciales 2854–2909"
24142,2013,31862,"INE, Padrón municipal, tablas provinciales 2854–2909"
24142,2014,31741,"INE, Padrón municipal, tablas provinciales 2854–2909"
24142,2015,31745,"INE, Padrón municipal, tablas provinciales 2854–2909"
24142,2016,31470,"INE, Padrón municipal, tablas provinciales 2854–2909"
24142,2017,31123,"INE, Padrón municipal, tablas provinciales 2854–2909"
24142,2018,30820,"INE, Padrón municipal, tablas provinciales 2854–2909"
24142,2019,30615,"INE, Padrón municipal, tablas provinciales 2854–2909"
24142,2020,30549,"INE, Padrón municipal, tablas provinciales 2854–2909"
24142,2021,30160,"INE, Padrón municipal, tablas provinciales 2854–2909"
24142,2022,29888,"INE, Padrón municipal, tablas provinciales 2854–2909"
24142,2023,29961,"INE, Padrón municipal, tablas provinciales 2854–2909"
24142,2024,29884,"INE, Padrón municipal, tablas provinciales 2854–2909"
24142,2025,29944,"INE, Padrón municipal, tablas provinciales 2854–2909"
25120,1996,112035,"INE, Padrón municipal, tablas provinciales 2854–2909"
25120,1998,112207,"INE, Padrón municipal, tablas provinciales 2854–2909"
25120,1999,112207,"INE, Padrón municipal, tablas provinciales 2854–2909"
25120,2000,112194,"INE, Padrón municipal, tablas provinciales 2854–2909"
25120,2001,113040,"INE, Padrón municipal, tablas provinciales 2854–2909"
25120,2002,115000,"INE, Padrón municipal, tablas provinciales 2854–2909"
25120,2003,118035,"INE, Padrón municipal, tablas provinciales 2854–2909"
25120,2004,119935,"INE, Padrón municipal, tablas provinciales 2854–2909"
25120,2005,124709,"INE, Padrón municipal, tablas provinciales 2854–2909"
25120,2006,125677,"INE, Padrón municipal, tablas provinciales 2854–2909"
25120,2007,127314,"INE, Padrón municipal, tablas provinciales 2854–2909"
25120,2008,131731,"INE, Padrón municipal, tablas provinciales 2854–2909"
25120,2009,135919,"INE, Padrón municipal, tablas provinciales 2854–2909"
25120,2010,137387,"INE, Padrón municipal, tablas provinciales 2854–2909"
25120,2011,138416,"INE, Padrón municipal, tablas provinciales 2854–2909"
25120,2012,139834,"INE, Padrón municipal, tablas provinciales 2854–2909"
25120,2013,139809,"INE, Padrón municipal, tablas provinciales 2854–2909"
25120,2014,139176,"INE, Padrón municipal, tablas provinciales 2854–2909"
25120,2015,138542,"INE, Padrón municipal, tablas provinciales 2854–2909"
25120,2016,138144,"INE, Padrón municipal, tablas provinciales 2854–2909"
25120,2017,137327,"INE, Padrón municipal, tablas provinciales 2854–2909"
25120,2018,137856,"INE, Padrón municipal, tablas provinciales 2854–2909"
25120,2019,138956,"INE, Padrón municipal, tablas provinciales 2854–2909"
25120,2020,140403,"INE, Padrón municipal, tablas provinciales 2854–2909"
25120,2021,140080,"INE, Padrón municipal, tablas provinciales 2854–2909"
25120,2022,140797,"INE, Padrón municipal, tablas provinciales 2854–2909"
25120,2023,143094,"INE, Padrón municipal, tablas provinciales 2854–2909"
25120,2024,144739,"INE, Padrón municipal, tablas provinciales 2854–2909"
25120,2025,146266,"INE, Padrón municipal, tablas provinciales 2854–2909"
26089,1996,123841,"INE, Padrón municipal, tablas provinciales 2854–2909"
26089,1998,125617,"INE, Padrón municipal, tablas provinciales 2854–2909"
26089,1999,127093,"INE, Padrón municipal, tablas provinciales 2854–2909"
26089,2000,128493,"INE, Padrón municipal, tablas provinciales 2854–2909"
26089,2001,131655,"INE, Padrón municipal, tablas provinciales 2854–2909"
26089,2002,136841,"INE, Padrón municipal, tablas provinciales 2854–2909"
26089,2003,139615,"INE, Padrón municipal, tablas provinciales 2854–2909"
26089,2004,141568,"INE, Padrón municipal, tablas provinciales 2854–2909"
26089,2005,144935,"INE, Padrón municipal, tablas provinciales 2854–2909"
26089,2006,147036,"INE, Padrón municipal, tablas provinciales 2854–2909"
26089,2007,145866,"INE, Padrón municipal, tablas provinciales 2854–2909"
26089,2008,150071,"INE, Padrón municipal, tablas provinciales 2854–2909"
26089,2009,152107,"INE, Padrón municipal, tablas provinciales 2854–2909"
26089,2010,152650,"INE, Padrón municipal, tablas provinciales 2854–2909"
26089,2011,152641,"INE, Padrón municipal, tablas provinciales 2854–2909"
26089,2012,153402,"INE, Padrón municipal, tablas provinciales 2854–2909"
26089,2013,153066,"INE, Padrón municipal, tablas provinciales 2854–2909"
26089,2014,151962,"INE, Padrón municipal, tablas provinciales 2854–2909"
26089,2015,151344,"INE, Padrón municipal, tablas provinciales 2854–2909"
26089,2016,150876,"INE, Padrón municipal, tablas provinciales 2854–2909"
26089,2017,150979,"INE, Padrón municipal, tablas provinciales 2854–2909"
26089,2018,151113,"INE, Padrón municipal, tablas provinciales 2854–2909"
26089,2019,151136,"INE, Padrón municipal, tablas provinciales 2854–2909"
26089,2020,152485,"INE, Padrón municipal, tablas provinciales 2854–2909"
26089,2021,150808,"INE, Padrón municipal, tablas provinciales 2854–2909"
26089,2022,150020,"INE, Padrón municipal, tablas provinciales 2854–2909"
26089,2023,150583,"INE, Padrón municipal, tablas provinciales 2854–2909"
26089,2024,151164,"INE, Padrón municipal, tablas provinciales 2854–2909"
26089,2025,152150,"INE, Padrón municipal, tablas provinciales 2854–2909"
27028,1996,85174,"INE, Padrón municipal, tablas provinciales 2854–2909"
27028,1998,86620,"INE, Padrón municipal, tablas provinciales 2854–2909"
27028,1999,87480,"INE, Padrón municipal, tablas provinciales 2854–2909"
27028,2000,88235,"INE, Padrón municipal, tablas provinciales 2854–2909"
27028,2001,88901,"INE, Padrón municipal, tablas provinciales 2854–2909"
27028,2002,89509,"INE, Padrón municipal, tablas provinciales 2854–2909"
27028,2003,91158,"INE, Padrón municipal, tablas provinciales 2854–2909"
27028,2004,91426,"INE, Padrón municipal, tablas provinciales 2854–2909"
27028,2005,92271,"INE, Padrón municipal, tablas provinciales 2854–2909"
27028,2006,93450,"INE, Padrón municipal, tablas provinciales 2854–2909"
27028,2007,93853,"INE, Padrón municipal, tablas provinciales 2854–2909"
27028,2008,95416,"INE, Padrón municipal, tablas provinciales 2854–2909"
27028,2009,96678,"INE, Padrón municipal, tablas provinciales 2854–2909"
27028,2010,97635,"INE, Padrón municipal, tablas provinciales 2854–2909"
27028,2011,98007,"INE, Padrón municipal, tablas provinciales 2854–2909"
27028,2012,98457,"INE, Padrón municipal, tablas provinciales 2854–2909"
27028,2013,98761,"INE, Padrón municipal, tablas provinciales 2854–2909"
27028,2014,98560,"INE, Padrón municipal, tablas provinciales 2854–2909"
27028,2015,98134,"INE, Padrón municipal, tablas provinciales 2854–2909"
27028,2016,98268,"INE, Padrón municipal, tablas provinciales 2854–2909"
27028,2017,97995,"INE, Padrón municipal, tablas provinciales 2854–2909"
27028,2018,98025,"INE, Padrón municipal, tablas provinciales 2854–2909"
27028,2019,98276,"INE, Padrón municipal, tablas provinciales 2854–2909"
27028,2020,98519,"INE, Padrón municipal, tablas provinciales 2854–2909"
27028,2021,97613,"INE, Padrón municipal, tablas provinciales 2854–2909"
27028,2022,97211,"INE, Padrón municipal, tablas provinciales 2854–2909"
27028,2023,98214,"INE, Padrón municipal, tablas provinciales 2854–2909"
27028,2024,99482,"INE, Padrón municipal, tablas provinciales 2854–2909"
27028,2025,100143,"INE, Padrón municipal, tablas provinciales 2854–2909"
28005,1996,163386,"INE, Padrón municipal, tablas provinciales 2854–2909"
28005,1998,163831,"INE, Padrón municipal, tablas provinciales 2854–2909"
28005,1999,164463,"INE, Padrón municipal, tablas provinciales 2854–2909"
28005,2000,166397,"INE, Padrón municipal, tablas provinciales 2854–2909"
28005,2001,172418,"INE, Padrón municipal, tablas provinciales 2854–2909"
28005,2002,179602,"INE, Padrón municipal, tablas provinciales 2854–2909"
28005,2003,188519,"INE, Padrón municipal, tablas provinciales 2854–2909"
28005,2004,191545,"INE, Padrón municipal, tablas provinciales 2854–2909"
28005,2005,197804,"INE, Padrón municipal, tablas provinciales 2854–2909"
28005,2006,201380,"INE, Padrón municipal, tablas provinciales 2854–2909"
28005,2007,198723,"INE, Padrón municipal, tablas provinciales 2854–2909"
28005,2008,203645,"INE, Padrón municipal, tablas provinciales 2854–2909"
28005,2009,204574,"INE, Padrón municipal, tablas provinciales 2854–2909"
28005,2010,204120,"INE, Padrón municipal, tablas provinciales 2854–2909"
28005,2011,203686,"INE, Padrón municipal, tablas provinciales 2854–2909"
28005,2012,203924,"INE, Padrón municipal, tablas provinciales 2854–2909"
28005,2013,204823,"INE, Padrón municipal, tablas provinciales 2854–2909"
28005,2014,200768,"INE, Padrón municipal, tablas provinciales 2854–2909"
28005,2015,198750,"INE, Padrón municipal, tablas provinciales 2854–2909"
28005,2016,195907,"INE, Padrón municipal, tablas provinciales 2854–2909"
28005,2017,194310,"INE, Padrón municipal, tablas provinciales 2854–2909"
28005,2018,193751,"INE, Padrón municipal, tablas provinciales 2854–2909"
28005,2019,195649,"INE, Padrón municipal, tablas provinciales 2854–2909"
28005,2020,197562,"INE, Padrón municipal, tablas provinciales 2854–2909"
28005,2021,195982,"INE, Padrón municipal, tablas provinciales 2854–2909"
28005,2022,196888,"INE, Padrón municipal, tablas provinciales 2854–2909"
28005,2023,199184,"INE, Padrón municipal, tablas provinciales 2854–2909"
28005,2024,200702,"INE, Padrón municipal, tablas provinciales 2854–2909"
28005,2025,203208,"INE, Padrón municipal, tablas provinciales 2854–2909"
28006,1996,83031,"INE, Padrón municipal, tablas provinciales 2854–2909"
28006,1998,86146,"INE, Padrón municipal, tablas provinciales 2854–2909"
28006,1999,87924,"INE, Padrón municipal, tablas provinciales 2854–2909"
28006,2000,89612,"INE, Padrón municipal, tablas provinciales 2854–2909"
28006,2001,92537,"INE, Padrón municipal, tablas provinciales 2854–2909"
28006,2002,95104,"INE, Padrón municipal, tablas provinciales 2854–2909"
28006,2003,98417,"INE, Padrón municipal, tablas provinciales 2854–2909"
28006,2004,100307,"INE, Padrón municipal, tablas provinciales 2854–2909"
28006,2005,103149,"INE, Padrón municipal, tablas provinciales 2854–2909"
28006,2006,104118,"INE, Padrón municipal, tablas provinciales 2854–2909"
28006,2007,105951,"INE, Padrón municipal, tablas provinciales 2854–2909"
28006,2008,107514,"INE, Padrón municipal, tablas provinciales 2854–2909"
28006,2009,109104,"INE, Padrón municipal, tablas provinciales 2854–2909"
28006,2010,110080,"INE, Padrón municipal, tablas provinciales 2854–2909"
28006,2011,109705,"INE, Padrón municipal, tablas provinciales 2854–2909"
28006,2012,111040,"INE, Padrón municipal, tablas provinciales 2854–2909"
28006,2013,112196,"INE, Padrón municipal, tablas provinciales 2854–2909"
28006,2014,112188,"INE, Padrón municipal, tablas provinciales 2854–2909"
28006,2015,113055,"INE, Padrón municipal, tablas provinciales 2854–2909"
28006,2016,113340,"INE, Padrón municipal, tablas provinciales 2854–2909"
28006,2017,114864,"INE, Padrón municipal, tablas provinciales 2854–2909"
28006,2018,116037,"INE, Padrón municipal, tablas provinciales 2854–2909"
28006,2019,117040,"INE, Padrón municipal, tablas provinciales 2854–2909"
28006,2020,118417,"INE, Padrón municipal, tablas provinciales 2854–2909"
28006,2021,116589,"INE, Padrón municipal, tablas provinciales 2854–2909"
28006,2022,117041,"INE, Padrón municipal, tablas provinciales 2854–2909"
28006,2023,119416,"INE, Padrón municipal, tablas provinciales 2854–2909"
28006,2024,121373,"INE, Padrón municipal, tablas provinciales 2854–2909"
28006,2025,123342,"INE, Padrón municipal, tablas provinciales 2854–2909"
28007,1996,141465,"INE, Padrón municipal, tablas provinciales 2854–2909"
28007,1998,143970,"INE, Padrón municipal, tablas provinciales 2854–2909"
28007,1999,142048,"INE, Padrón municipal, tablas provinciales 2854–2909"
28007,2000,144636,"INE, Padrón municipal, tablas provinciales 2854–2909"
28007,2001,147787,"INE, Padrón municipal, tablas provinciales 2854–2909"
28007,2002,149594,"INE, Padrón municipal, tablas provinciales 2854–2909"
28007,2003,154441,"INE, Padrón municipal, tablas provinciales 2854–2909"
28007,2004,156592,"INE, Padrón municipal, tablas provinciales 2854–2909"
28007,2005,162524,"INE, Padrón municipal, tablas provinciales 2854–2909"
28007,2006,164633,"INE, Padrón municipal, tablas provinciales 2854–2909"
28007,2007,166553,"INE, Padrón municipal, tablas provinciales 2854–2909"
28007,2008,167997,"INE, Padrón municipal, tablas provinciales 2854–2909"
28007,2009,167967,"INE, Padrón municipal, tablas provinciales 2854–2909"
28007,2010,168299,"INE, Padrón municipal, tablas provinciales 2854–2909"
28007,2011,168523,"INE, Padrón municipal, tablas provinciales 2854–2909"
28007,2012,169308,"INE, Padrón municipal, tablas provinciales 2854–2909"
28007,2013,169773,"INE, Padrón municipal, tablas provinciales 2854–2909"
28007,2014,170336,"INE, Padrón municipal, tablas provinciales 2854–2909"
28007,2015,167136,"INE, Padrón municipal, tablas provinciales 2854–2909"
28007,2016,167354,"INE, Padrón municipal, tablas provinciales 2854–2909"
28007,2017,168141,"INE, Padrón municipal, tablas provinciales 2854–2909"
28007,2018,169502,"INE, Padrón municipal, tablas provinciales 2854–2909"
28007,2019,170514,"INE, Padrón municipal, tablas provinciales 2854–2909"
28007,2020,172384,"INE, Padrón municipal, tablas provinciales 2854–2909"
28007,2021,170817,"INE, Padrón municipal, tablas provinciales 2854–2909"
28007,2022,170296,"INE, Padrón municipal, tablas provinciales 2854–2909"
28007,2023,171772,"INE, Padrón municipal, tablas provinciales 2854–2909"
28007,2024,173625,"INE, Padrón municipal, tablas provinciales 2854–2909"
28007,2025,175719,"INE, Padrón municipal, tablas provinciales 2854–2909"
28013,1996,38900,"INE, Padrón municipal, tablas provinciales 2854–2909"
28013,1998,38680,"INE, Padrón municipal, tablas provinciales 2854–2909"
28013,1999,39326,"INE, Padrón municipal, tablas provinciales 2854–2909"
28013,2000,39652,"INE, Padrón municipal, tablas provinciales 2854–2909"
28013,2001,40113,"INE, Padrón municipal, tablas provinciales 2854–2909"
28013,2002,40928,"INE, Padrón municipal, tablas provinciales 2854–2909"
28013,2003,41897,"INE, Padrón municipal, tablas provinciales 2854–2909"
28013,2004,42481,"INE, Padrón municipal, tablas provinciales 2854–2909"
28013,2005,43926,"INE, Padrón municipal, tablas provinciales 2854–2909"
28013,2006,46283,"INE, Padrón municipal, tablas provinciales 2854–2909"
28013,2007,49420,"INE, Padrón municipal, tablas provinciales 2854–2909"
28013,2008,52224,"INE, Padrón municipal, tablas provinciales 2854–2909"
28013,2009,54055,"INE, Padrón municipal, tablas provinciales 2854–2909"
28013,2010,55054,"INE, Padrón municipal, tablas provinciales 2854–2909"
28013,2011,55755,"INE, Padrón municipal, tablas provinciales 2854–2909"
28013,2012,56877,"INE, Padrón municipal, tablas provinciales 2854–2909"
28013,2013,57728,"INE, Padrón municipal, tablas provinciales 2854–2909"
28013,2014,57792,"INE, Padrón municipal, tablas provinciales 2854–2909"
28013,2015,58168,"INE, Padrón municipal, tablas provinciales 2854–2909"
28013,2016,57932,"INE, Padrón municipal, tablas provinciales 2854–2909"
28013,2017,58213,"INE, Padrón municipal, tablas provinciales 2854–2909"
28013,2018,59037,"INE, Padrón municipal, tablas provinciales 2854–2909"
28013,2019,59607,"INE, Padrón municipal, tablas provinciales 2854–2909"
28013,2020,60332,"INE, Padrón municipal, tablas provinciales 2854–2909"
28013,2021,59833,"INE, Padrón municipal, tablas provinciales 2854–2909"
28013,2022,59762,"INE, Padrón municipal, tablas provinciales 2854–2909"
28013,2023,60668,"INE, Padrón municipal, tablas provinciales 2854–2909"
28013,2024,62292,"INE, Padrón municipal, tablas provinciales 2854–2909"
28013,2025,63040,"INE, Padrón municipal, tablas provinciales 2854–2909"
28014,1996,29224,"INE, Padrón municipal, tablas provinciales 2854–2909"
28014,1998,29767,"INE, Padrón municipal, tablas provinciales 2854–2909"
28014,1999,30231,"INE, Padrón municipal, tablas provinciales 2854–2909"
28014,2000,30662,"INE, Padrón municipal, tablas provinciales 2854–2909"
28014,2001,32157,"INE, Padrón municipal, tablas provinciales 2854–2909"
28014,2002,33945,"INE, Padrón municipal, tablas provinciales 2854–2909"
28014,2003,36250,"INE, Padrón municipal, tablas provinciales 2854–2909"
28014,2004,38269,"INE, Padrón municipal, tablas provinciales 2854–2909"
28014,2005,41411,"INE, Padrón municipal, tablas provinciales 2854–2909"
28014,2006,45085,"INE, Padrón municipal, tablas provinciales 2854–2909"
28014,2007,47373,"INE, Padrón municipal, tablas provinciales 2854–2909"
28014,2008,50309,"INE, Padrón municipal, tablas provinciales 2854–2909"
28014,2009,51489,"INE, Padrón municipal, tablas provinciales 2854–2909"
28014,2010,53135,"INE, Padrón municipal, tablas provinciales 2854–2909"
28014,2011,54220,"INE, Padrón municipal, tablas provinciales 2854–2909"
28014,2012,55506,"INE, Padrón municipal, tablas provinciales 2854–2909"
28014,2013,55981,"INE, Padrón municipal, tablas provinciales 2854–2909"
28014,2014,55307,"INE, Padrón municipal, tablas provinciales 2854–2909"
28014,2015,54533,"INE, Padrón municipal, tablas provinciales 2854–2909"
28014,2016,54256,"INE, Padrón municipal, tablas provinciales 2854–2909"
28014,2017,53821,"INE, Padrón municipal, tablas provinciales 2854–2909"
28014,2018,54554,"INE, Padrón municipal, tablas provinciales 2854–2909"
28014,2019,55389,"INE, Padrón municipal, tablas provinciales 2854–2909"
28014,2020,56678,"INE, Padrón municipal, tablas provinciales 2854–2909"
28014,2021,56386,"INE, Padrón municipal, tablas provinciales 2854–2909"
28014,2022,57553,"INE, Padrón municipal, tablas provinciales 2854–2909"
28014,2023,58990,"INE, Padrón municipal, tablas provinciales 2854–2909"
28014,2024,59513,"INE, Padrón municipal, tablas provinciales 2854–2909"
28014,2025,60419,"INE, Padrón municipal, tablas provinciales 2854–2909"
28022,1996,17814,"INE, Padrón municipal, tablas provinciales 2854–2909"
28022,1998,18914,"INE, Padrón municipal, tablas provinciales 2854–2909"
28022,1999,19300,"INE, Padrón municipal, tablas provinciales 2854–2909"
28022,2000,20686,"INE, Padrón municipal, tablas provinciales 2854–2909"
28022,2001,23654,"INE, Padrón municipal, tablas provinciales 2854–2909"
28022,2002,27145,"INE, Padrón municipal, tablas provinciales 2854–2909"
28022,2003,30920,"INE, Padrón municipal, tablas provinciales 2854–2909"
28022,2004,32813,"INE, Padrón municipal, tablas provinciales 2854–2909"
28022,2005,35588,"INE, Padrón municipal, tablas provinciales 2854–2909"
28022,2006,37926,"INE, Padrón municipal, tablas provinciales 2854–2909"
28022,2007,39791,"INE, Padrón municipal, tablas provinciales 2854–2909"
28022,2008,41807,"INE, Padrón municipal, tablas provinciales 2854–2909"
28022,2009,43414,"INE, Padrón municipal, tablas provinciales 2854–2909"
28022,2010,44709,"INE, Padrón municipal, tablas provinciales 2854–2909"
28022,2011,46151,"INE, Padrón municipal, tablas provinciales 2854–2909"
28022,2012,47037,"INE, Padrón municipal, tablas provinciales 2854–2909"
28022,2013,47587,"INE, Padrón municipal, tablas provinciales 2854–2909"
28022,2014,47852,"INE, Padrón municipal, tablas provinciales 2854–2909"
28022,2015,48775,"INE, Padrón municipal, tablas provinciales 2854–2909"
28022,2016,49762,"INE, Padrón municipal, tablas provinciales 2854–2909"
28022,2017,51463,"INE, Padrón municipal, tablas provinciales 2854–2909"
28022,2018,52626,"INE, Padrón municipal, tablas provinciales 2854–2909"
28022,2019,54570,"INE, Padrón municipal, tablas provinciales 2854–2909"
28022,2020,56734,"INE, Padrón municipal, tablas provinciales 2854–2909"
28022,2021,59052,"INE, Padrón municipal, tablas provinciales 2854–2909"
28022,2022,62627,"INE, Padrón municipal, tablas provinciales 2854–2909"
28022,2023,64742,"INE, Padrón municipal, tablas provinciales 2854–2909"
28022,2024,65839,"INE, Padrón municipal, tablas provinciales 2854–2909"
28022,2025,66349,"INE, Padrón municipal, tablas provinciales 2854–2909"
28045,1996,28328,"INE, Padrón municipal, tablas provinciales 2854–2909"
28045,1998,29682,"INE, Padrón municipal, tablas provinciales 2854–2909"
28045,1999,31445,"INE, Padrón municipal, tablas provinciales 2854–2909"
28045,2000,32459,"INE, Padrón municipal, tablas provinciales 2854–2909"
28045,2001,34194,"INE, Padrón municipal, tablas provinciales 2854–2909"
28045,2002,35664,"INE, Padrón municipal, tablas provinciales 2854–2909"
28045,2003,37239,"INE, Padrón municipal, tablas provinciales 2854–2909"
28045,2004,38866,"INE, Padrón municipal, tablas provinciales 2854–2909"
28045,2005,39579,"INE, Padrón municipal, tablas provinciales 2854–2909"
28045,2006,40878,"INE, Padrón municipal, tablas provinciales 2854–2909"
28045,2007,41264,"INE, Padrón municipal, tablas provinciales 2854–2909"
28045,2008,42649,"INE, Padrón municipal, tablas provinciales 2854–2909"
28045,2009,43700,"INE, Padrón municipal, tablas provinciales 2854–2909"
28045,2010,44437,"INE, Padrón municipal, tablas provinciales 2854–2909"
28045,2011,45468,"INE, Padrón municipal, tablas provinciales 2854–2909"
28045,2012,46321,"INE, Padrón municipal, tablas provinciales 2854–2909"
28045,2013,46955,"INE, Padrón municipal, tablas provinciales 2854–2909"
28045,2014,47445,"INE, Padrón municipal, tablas provinciales 2854–2909"
28045,2015,47601,"INE, Padrón municipal, tablas provinciales 2854–2909"
28045,2016,48020,"INE, Padrón municipal, tablas provinciales 2854–2909"
28045,2017,48614,"INE, Padrón municipal, tablas provinciales 2854–2909"
28045,2018,49498,"INE, Padrón municipal, tablas provinciales 2854–2909"
28045,2019,50752,"INE, Padrón municipal, tablas provinciales 2854–2909"
28045,2020,51938,"INE, Padrón municipal, tablas provinciales 2854–2909"
28045,2021,52480,"INE, Padrón municipal, tablas provinciales 2854–2909"
28045,2022,53389,"INE, Padrón municipal, tablas provinciales 2854–2909"
28045,2023,55198,"INE, Padrón municipal, tablas provinciales 2854–2909"
28045,2024,57029,"INE, Padrón municipal, tablas provinciales 2854–2909"
28045,2025,58730,"INE, Padrón municipal, tablas provinciales 2854–2909"
28047,1996,36950,"INE, Padrón municipal, tablas provinciales 2854–2909"
28047,1998,39295,"INE, Padrón municipal, tablas provinciales 2854–2909"
28047,1999,40872,"INE, Padrón municipal, tablas provinciales 2854–2909"
28047,2000,42238,"INE, Padrón municipal, tablas provinciales 2854–2909"
28047,2001,44872,"INE, Padrón municipal, tablas provinciales 2854–2909"
28047,2002,48885,"INE, Padrón municipal, tablas provinciales 2854–2909"
28047,2003,50634,"INE, Padrón municipal, tablas provinciales 2854–2909"
28047,2004,50695,"INE, Padrón municipal, tablas provinciales 2854–2909"
28047,2005,52445,"INE, Padrón municipal, tablas provinciales 2854–2909"
28047,2006,52083,"INE, Padrón municipal, tablas provinciales 2854–2909"
28047,2007,52886,"INE, Padrón municipal, tablas provinciales 2854–2909"
28047,2008,54658,"INE, Padrón municipal, tablas provinciales 2854–2909"
28047,2009,55027,"INE, Padrón municipal, tablas provinciales 2854–2909"
28047,2010,59900,"INE, Padrón municipal, tablas provinciales 2854–2909"
28047,2011,60998,"INE, Padrón municipal, tablas provinciales 2854–2909"
28047,2012,61955,"INE, Padrón municipal, tablas provinciales 2854–2909"
28047,2013,62684,"INE, Padrón municipal, tablas provinciales 2854–2909"
28047,2014,62587,"INE, Padrón municipal, tablas provinciales 2854–2909"
28047,2015,62056,"INE, Padrón municipal, tablas provinciales 2854–2909"
28047,2016,61597,"INE, Padrón municipal, tablas provinciales 2854–2909"
28047,2017,62152,"INE, Padrón municipal, tablas provinciales 2854–2909"
28047,2018,63074,"INE, Padrón municipal, tablas provinciales 2854–2909"
28047,2019,63679,"INE, Padrón municipal, tablas provinciales 2854–2909"
28047,2020,64378,"INE, Padrón municipal, tablas provinciales 2854–2909"
28047,2021,63825,"INE, Padrón municipal, tablas provinciales 2854–2909"
28047,2022,64263,"INE, Padrón municipal, tablas provinciales 2854–2909"
28047,2023,65657,"INE, Padrón municipal, tablas provinciales 2854–2909"
28047,2024,66698,"INE, Padrón municipal, tablas provinciales 2854–2909"
28047,2025,67274,"INE, Padrón municipal, tablas provinciales 2854–2909"
28049,1996,76001,"INE, Padrón municipal, tablas provinciales 2854–2909"
28049,1998,73732,"INE, Padrón municipal, tablas provinciales 2854–2909"
28049,1999,76538,"INE, Padrón municipal, tablas provinciales 2854–2909"
28049,2000,77057,"INE, Padrón municipal, tablas provinciales 2854–2909"
28049,2001,78774,"INE, Padrón municipal, tablas provinciales 2854–2909"
28049,2002,79862,"INE, Padrón municipal, tablas provinciales 2854–2909"
28049,2003,82176,"INE, Padrón municipal, tablas provinciales 2854–2909"
28049,2004,82418,"INE, Padrón municipal, tablas provinciales 2854–2909"
28049,2005,82894,"INE, Padrón municipal, tablas provinciales 2854–2909"
28049,2006,83233,"INE, Padrón municipal, tablas provinciales 2854–2909"
28049,2007,86478,"INE, Padrón municipal, tablas provinciales 2854–2909"
28049,2008,89918,"INE, Padrón municipal, tablas provinciales 2854–2909"
28049,2009,90280,"INE, Padrón municipal, tablas provinciales 2854–2909"
28049,2010,91218,"INE, Padrón municipal, tablas provinciales 2854–2909"
28049,2011,91861,"INE, Padrón municipal, tablas provinciales 2854–2909"
28049,2012,91832,"INE, Padrón municipal, tablas provinciales 2854–2909"
28049,2013,91425,"INE, Padrón municipal, tablas provinciales 2854–2909"
28049,2014,88847,"INE, Padrón municipal, tablas provinciales 2854–2909"
28049,2015,86919,"INE, Padrón municipal, tablas provinciales 2854–2909"
28049,2016,84533,"INE, Padrón municipal, tablas provinciales 2854–2909"
28049,2017,83011,"INE, Padrón municipal, tablas provinciales 2854–2909"
28049,2018,81860,"INE, Padrón municipal, tablas provinciales 2854–2909"
28049,2019,81661,"INE, Padrón municipal, tablas provinciales 2854–2909"
28049,2020,81391,"INE, Padrón municipal, tablas provinciales 2854–2909"
28049,2021,81273,"INE, Padrón municipal, tablas provinciales 2854–2909"
28049,2022,80596,"INE, Padrón municipal, tablas provinciales 2854–2909"
28049,2023,80171,"INE, Padrón municipal, tablas provinciales 2854–2909"
28049,2024,80760,"INE, Padrón municipal, tablas provinciales 2854–2909"
28049,2025,80512,"INE, Padrón municipal, tablas provinciales 2854–2909"
28058,1996,163567,"INE, Padrón municipal, tablas provinciales 2854–2909"
28058,1998,167458,"INE, Padrón municipal, tablas provinciales 2854–2909"
28058,1999,171173,"INE, Padrón municipal, tablas provinciales 2854–2909"
28058,2000,173788,"INE, Padrón municipal, tablas provinciales 2854–2909"
28058,2001,178221,"INE, Padrón municipal, tablas provinciales 2854–2909"
28058,2002,179735,"INE, Padrón municipal, tablas provinciales 2854–2909"
28058,2003,187963,"INE, Padrón municipal, tablas provinciales 2854–2909"
28058,2004,192458,"INE, Padrón municipal, tablas provinciales 2854–2909"
28058,2005,195131,"INE, Padrón municipal, tablas provinciales 2854–2909"
28058,2006,193715,"INE, Padrón municipal, tablas provinciales 2854–2909"
28058,2007,194142,"INE, Padrón municipal, tablas provinciales 2854–2909"
28058,2008,194791,"INE, Padrón municipal, tablas provinciales 2854–2909"
28058,2009,197836,"INE, Padrón municipal, tablas provinciales 2854–2909"
28058,2010,198973,"INE, Padrón municipal, tablas provinciales 2854–2909"
28058,2011,198560,"INE, Padrón municipal, tablas provinciales 2854–2909"
28058,2012,198132,"INE, Padrón municipal, tablas provinciales 2854–2909"
28058,2013,197520,"INE, Padrón municipal, tablas provinciales 2854–2909"
28058,2014,195864,"INE, Padrón municipal, tablas provinciales 2854–2909"
28058,2015,195180,"INE, Padrón municipal, tablas provinciales 2854–2909"
28058,2016,194171,"INE, Padrón municipal, tablas provinciales 2854–2909"
28058,2017,194669,"INE, Padrón municipal, tablas provinciales 2854–2909"
28058,2018,193586,"INE, Padrón municipal, tablas provinciales 2854–2909"
28058,2019,193700,"INE, Padrón municipal, tablas provinciales 2854–2909"
28058,2020,194514,"INE, Padrón municipal, tablas provinciales 2854–2909"
28058,2021,192233,"INE, Padrón municipal, tablas provinciales 2854–2909"
28058,2022,189891,"INE, Padrón municipal, tablas provinciales 2854–2909"
28058,2023,188736,"INE, Padrón municipal, tablas provinciales 2854–2909"
28058,2024,190790,"INE, Padrón municipal, tablas provinciales 2854–2909"
28058,2025,190076,"INE, Padrón municipal, tablas provinciales 2854–2909"
28061,1996,16503,"INE, Padrón municipal, tablas provinciales 2854–2909"
28061,1998,18995,"INE, Padrón municipal, tablas provinciales 2854–2909"
28061,1999,20534,"INE, Padrón municipal, tablas provinciales 2854–2909"
28061,2000,21807,"INE, Padrón municipal, tablas provinciales 2854–2909"
28061,2001,23693,"INE, Padrón municipal, tablas provinciales 2854–2909"
28061,2002,24927,"INE, Padrón municipal, tablas provinciales 2854–2909"
28061,2003,26857,"INE, Padrón municipal, tablas provinciales 2854–2909"
28061,2004,28255,"INE, Padrón municipal, tablas provinciales 2854–2909"
28061,2005,29218,"INE, Padrón municipal, tablas provinciales 2854–2909"
28061,2006,28924,"INE, Padrón municipal, tablas provinciales 2854–2909"
28061,2007,30007,"INE, Padrón municipal, tablas provinciales 2854–2909"
28061,2008,31261,"INE, Padrón municipal, tablas provinciales 2854–2909"
28061,2009,31820,"INE, Padrón municipal, tablas provinciales 2854–2909"
28061,2010,32393,"INE, Padrón municipal, tablas provinciales 2854–2909"
28061,2011,32575,"INE, Padrón municipal, tablas provinciales 2854–2909"
28061,2012,32930,"INE, Padrón municipal, tablas provinciales 2854–2909"
28061,2013,32523,"INE, Padrón municipal, tablas provinciales 2854–2909"
28061,2014,32380,"INE, Padrón municipal, tablas provinciales 2854–2909"
28061,2015,32294,"INE, Padrón municipal, tablas provinciales 2854–2909"
28061,2016,32404,"INE, Padrón municipal, tablas provinciales 2854–2909"
28061,2017,32903,"INE, Padrón municipal, tablas provinciales 2854–2909"
28061,2018,33379,"INE, Padrón municipal, tablas provinciales 2854–2909"
28061,2019,33742,"INE, Padrón municipal, tablas provinciales 2854–2909"
28061,2020,34497,"INE, Padrón municipal, tablas provinciales 2854–2909"
28061,2021,34712,"INE, Padrón municipal, tablas provinciales 2854–2909"
28061,2022,34834,"INE, Padrón municipal, tablas provinciales 2854–2909"
28061,2023,35273,"INE, Padrón municipal, tablas provinciales 2854–2909"
28061,2024,36184,"INE, Padrón municipal, tablas provinciales 2854–2909"
28061,2025,36758,"INE, Padrón municipal, tablas provinciales 2854–2909"
28065,1996,143153,"INE, Padrón municipal, tablas provinciales 2854–2909"
28065,1998,143629,"INE, Padrón municipal, tablas provinciales 2854–2909"
28065,1999,145371,"INE, Padrón municipal, tablas provinciales 2854–2909"
28065,2000,146310,"INE, Padrón municipal, tablas provinciales 2854–2909"
28065,2001,150532,"INE, Padrón municipal, tablas provinciales 2854–2909"
28065,2002,153868,"INE, Padrón municipal, tablas provinciales 2854–2909"
28065,2003,156315,"INE, Padrón municipal, tablas provinciales 2854–2909"
28065,2004,155997,"INE, Padrón municipal, tablas provinciales 2854–2909"
28065,2005,157397,"INE, Padrón municipal, tablas provinciales 2854–2909"
28065,2006,156320,"INE, Padrón municipal, tablas provinciales 2854–2909"
28065,2007,159300,"INE, Padrón municipal, tablas provinciales 2854–2909"
28065,2008,164043,"INE, Padrón municipal, tablas provinciales 2854–2909"
28065,2009,167164,"INE, Padrón municipal, tablas provinciales 2854–2909"
28065,2010,169130,"INE, Padrón municipal, tablas provinciales 2854–2909"
28065,2011,170115,"INE, Padrón municipal, tablas provinciales 2854–2909"
28065,2012,171280,"INE, Padrón municipal, tablas provinciales 2854–2909"
28065,2013,172526,"INE, Padrón municipal, tablas provinciales 2854–2909"
28065,2014,173057,"INE, Padrón municipal, tablas provinciales 2854–2909"
28065,2015,174921,"INE, Padrón municipal, tablas provinciales 2854–2909"
28065,2016,176659,"INE, Padrón municipal, tablas provinciales 2854–2909"
28065,2017,178288,"INE, Padrón municipal, tablas provinciales 2854–2909"
28065,2018,180747,"INE, Padrón municipal, tablas provinciales 2854–2909"
28065,2019,183374,"INE, Padrón municipal, tablas provinciales 2854–2909"
28065,2020,185180,"INE, Padrón municipal, tablas provinciales 2854–2909"
28065,2021,183095,"INE, Padrón municipal, tablas provinciales 2854–2909"
28065,2022,183219,"INE, Padrón municipal, tablas provinciales 2854–2909"
28065,2023,185899,"INE, Padrón municipal, tablas provinciales 2854–2909"
28065,2024,189906,"INE, Padrón municipal, tablas provinciales 2854–2909"
28065,2025,193238,"INE, Padrón municipal, tablas provinciales 2854–2909"
28074,1996,174593,"INE, Padrón municipal, tablas provinciales 2854–2909"
28074,1998,173163,"INE, Padrón municipal, tablas provinciales 2854–2909"
28074,1999,173163,"INE, Padrón municipal, tablas provinciales 2854–2909"
28074,2000,172049,"INE, Padrón municipal, tablas provinciales 2854–2909"
28074,2001,173426,"INE, Padrón municipal, tablas provinciales 2854–2909"
28074,2002,174436,"INE, Padrón municipal, tablas provinciales 2854–2909"
28074,2003,176900,"INE, Padrón municipal, tablas provinciales 2854–2909"
28074,2004,178630,"INE, Padrón municipal, tablas provinciales 2854–2909"
28074,2005,181248,"INE, Padrón municipal, tablas provinciales 2854–2909"
28074,2006,182471,"INE, Padrón municipal, tablas provinciales 2854–2909"
28074,2007,182431,"INE, Padrón municipal, tablas provinciales 2854–2909"
28074,2008,184209,"INE, Padrón municipal, tablas provinciales 2854–2909"
28074,2009,186066,"INE, Padrón municipal, tablas provinciales 2854–2909"
28074,2010,187227,"INE, Padrón municipal, tablas provinciales 2854–2909"
28074,2011,186552,"INE, Padrón municipal, tablas provinciales 2854–2909"
28074,2012,187125,"INE, Padrón municipal, tablas provinciales 2854–2909"
28074,2013,186995,"INE, Padrón municipal, tablas provinciales 2854–2909"
28074,2014,186696,"INE, Padrón municipal, tablas provinciales 2854–2909"
28074,2015,186907,"INE, Padrón municipal, tablas provinciales 2854–2909"
28074,2016,187173,"INE, Padrón municipal, tablas provinciales 2854–2909"
28074,2017,187720,"INE, Padrón municipal, tablas provinciales 2854–2909"
28074,2018,188425,"INE, Padrón municipal, tablas provinciales 2854–2909"
28074,2019,189861,"INE, Padrón municipal, tablas provinciales 2854–2909"
28074,2020,191114,"INE, Padrón municipal, tablas provinciales 2854–2909"
28074,2021,187762,"INE, Padrón municipal, tablas provinciales 2854–2909"
28074,2022,186660,"INE, Padrón municipal, tablas provinciales 2854–2909"
28074,2023,190665,"INE, Padrón municipal, tablas provinciales 2854–2909"
28074,2024,194084,"INE, Padrón municipal, tablas provinciales 2854–2909"
28074,2025,195734,"INE, Padrón municipal, tablas provinciales 2854–2909"
28079,1996,2866850,"INE, Padrón municipal, tablas provinciales 2854–2909"
28079,1998,2881506,"INE, Padrón municipal, tablas provinciales 2854–2909"
28079,1999,2879052,"INE, Padrón municipal, tablas provinciales 2854–2909"
28079,2000,2882860,"INE, Padrón municipal, tablas provinciales 2854–2909"
28079,2001,2957058,"INE, Padrón municipal, tablas provinciales 2854–2909"
28079,2002,3016788,"INE, Padrón municipal, tablas provinciales 2854–2909"
28079,2003,3092759,"INE, Padrón municipal, tablas provinciales 2854–2909"
28079,2004,3099834,"INE, Padrón municipal, tablas provinciales 2854–2909"
28079,2005,3155359,"INE, Padrón municipal, tablas provinciales 2854–2909"
28079,2006,3128600,"INE, Padrón municipal, tablas provinciales 2854–2909"
28079,2007,3132463,"INE, Padrón municipal, tablas provinciales 2854–2909"
28079,2008,3213271,"INE, Padrón municipal, tablas provinciales 2854–2909"
28079,2009,3255944,"INE, Padrón municipal, tablas provinciales 2854–2909"
28079,2010,3273049,"INE, Padrón municipal, tablas provinciales 2854–2909"
28079,2011,3265038,"INE, Padrón municipal, tablas provinciales 2854–2909"
28079,2012,3233527,"INE, Padrón municipal, tablas provinciales 2854–2909"
28079,2013,3207247,"INE, Padrón municipal, tablas provinciales 2854–2909"
28079,2014,3165235,"INE, Padrón municipal, tablas provinciales 2854–2909"
28079,2015,3141991,"INE, Padrón municipal, tablas provinciales 2854–2909"
28079,2016,3165541,"INE, Padrón municipal, tablas provinciales 2854–2909"
28079,2017,3182981,"INE, Padrón municipal, tablas provinciales 2854–2909"
28079,2018,3223334,"INE, Padrón municipal, tablas provinciales 2854–2909"
28079,2019,3266126,"INE, Padrón municipal, tablas provinciales 2854–2909"
28079,2020,3334730,"INE, Padrón municipal, tablas provinciales 2854–2909"
28079,2021,3305408,"INE, Padrón municipal, tablas provinciales 2854–2909"
28079,2022,3280782,"INE, Padrón municipal, tablas provinciales 2854–2909"
28079,2023,3332035,"INE, Padrón municipal, tablas provinciales 2854–2909"
28079,2024,3416771,"INE, Padrón municipal, tablas provinciales 2854–2909"
28079,2025,3506730,"INE, Padrón municipal, tablas provinciales 2854–2909"
28080,1996,40042,"INE, Padrón municipal, tablas provinciales 2854–2909"
28080,1998,41642,"INE, Padrón municipal, tablas provinciales 2854–2909"
28080,1999,43955,"INE, Padrón municipal, tablas provinciales 2854–2909"
28080,2000,45819,"INE, Padrón municipal, tablas provinciales 2854–2909"
28080,2001,49137,"INE, Padrón municipal, tablas provinciales 2854–2909"
28080,2002,52864,"INE, Padrón municipal, tablas provinciales 2854–2909"
28080,2003,56131,"INE, Padrón municipal, tablas provinciales 2854–2909"
28080,2004,58377,"INE, Padrón municipal, tablas provinciales 2854–2909"
28080,2005,61788,"INE, Padrón municipal, tablas provinciales 2854–2909"
28080,2006,62270,"INE, Padrón municipal, tablas provinciales 2854–2909"
28080,2007,63545,"INE, Padrón municipal, tablas provinciales 2854–2909"
28080,2008,66585,"INE, Padrón municipal, tablas provinciales 2854–2909"
28080,2009,68110,"INE, Padrón municipal, tablas provinciales 2854–2909"
28080,2010,69439,"INE, Padrón municipal, tablas provinciales 2854–2909"
28080,2011,70076,"INE, Padrón municipal, tablas provinciales 2854–2909"
28080,2012,70198,"INE, Padrón municipal, tablas provinciales 2854–2909"
28080,2013,70386,"INE, Padrón municipal, tablas provinciales 2854–2909"
28080,2014,70359,"INE, Padrón municipal, tablas provinciales 2854–2909"
28080,2015,70800,"INE, Padrón municipal, tablas provinciales 2854–2909"
28080,2016,70755,"INE, Padrón municipal, tablas provinciales 2854–2909"
28080,2017,71299,"INE, Padrón municipal, tablas provinciales 2854–2909"
28080,2018,71785,"INE, Padrón municipal, tablas provinciales 2854–2909"
28080,2019,71826,"INE, Padrón municipal, tablas provinciales 2854–2909"
28080,2020,72155,"INE, Padrón municipal, tablas provinciales 2854–2909"
28080,2021,72034,"INE, Padrón municipal, tablas provinciales 2854–2909"
28080,2022,72179,"INE, Padrón municipal, tablas provinciales 2854–2909"
28080,2023,72548,"INE, Padrón municipal, tablas provinciales 2854–2909"
28080,2024,73355,"INE, Padrón municipal, tablas provinciales 2854–2909"
28080,2025,73625,"INE, Padrón municipal, tablas provinciales 2854–2909"
28092,1996,196173,"INE, Padrón municipal, tablas provinciales 2854–2909"
28092,1998,195311,"INE, Padrón municipal, tablas provinciales 2854–2909"
28092,1999,195351,"INE, Padrón municipal, tablas provinciales 2854–2909"
28092,2000,196289,"INE, Padrón municipal, tablas provinciales 2854–2909"
28092,2001,197062,"INE, Padrón municipal, tablas provinciales 2854–2909"
28092,2002,198819,"INE, Padrón municipal, tablas provinciales 2854–2909"
28092,2003,201789,"INE, Padrón municipal, tablas provinciales 2854–2909"
28092,2004,202496,"INE, Padrón municipal, tablas provinciales 2854–2909"
28092,2005,204463,"INE, Padrón municipal, tablas provinciales 2854–2909"
28092,2006,206301,"INE, Padrón municipal, tablas provinciales 2854–2909"
28092,2007,204535,"INE, Padrón municipal, tablas provinciales 2854–2909"
28092,2008,206275,"INE, Padrón municipal, tablas provinciales 2854–2909"
28092,2009,206478,"INE, Padrón municipal, tablas provinciales 2854–2909"
28092,2010,206015,"INE, Padrón municipal, tablas provinciales 2854–2909"
28092,2011,205015,"INE, Padrón municipal, tablas provinciales 2854–2909"
28092,2012,206031,"INE, Padrón municipal, tablas provinciales 2854–2909"
28092,2013,206451,"INE, Padrón municipal, tablas provinciales 2854–2909"
28092,2014,205712,"INE, Padrón municipal, tablas provinciales 2854–2909"
28092,2015,206263,"INE, Padrón municipal, tablas provinciales 2854–2909"
28092,2016,205614,"INE, Padrón municipal, tablas provinciales 2854–2909"
28092,2017,206589,"INE, Padrón municipal, tablas provinciales 2854–2909"
28092,2018,207095,"INE, Padrón municipal, tablas provinciales 2854–2909"
28092,2019,209184,"INE, Padrón municipal, tablas provinciales 2854–2909"
28092,2020,210309,"INE, Padrón municipal, tablas provinciales 2854–2909"
28092,2021,209639,"INE, Padrón municipal, tablas provinciales 2854–2909"
28092,2022,208761,"INE, Padrón municipal, tablas provinciales 2854–2909"
28092,2023,211265,"INE, Padrón municipal, tablas provinciales 2854–2909"
28092,2024,214006,"INE, Padrón municipal, tablas provinciales 2854–2909"
28092,2025,214817,"INE, Padrón municipal, tablas provinciales 2854–2909"
28096,1996,11601,"INE, Padrón municipal, tablas provinciales 2854–2909"
28096,1998,11458,"INE, Padrón municipal, tablas provinciales 2854–2909"
28096,1999,12913,"INE, Padrón municipal, tablas provinciales 2854–2909"
28096,2000,13522,"INE, Padrón municipal, tablas provinciales 2854–2909"
28096,2001,14256,"INE, Padrón municipal, tablas provinciales 2854–2909"
28096,2002,14936,"INE, Padrón municipal, tablas provinciales 2854–2909"
28096,2003,15768,"INE, Padrón municipal, tablas provinciales 2854–2909"
28096,2004,16416,"INE, Padrón municipal, tablas provinciales 2854–2909"
28096,2005,17183,"INE, Padrón municipal, tablas provinciales 2854–2909"
28096,2006,17567,"INE, Padrón municipal, tablas provinciales 2854–2909"
28096,2007,18620,"INE, Padrón municipal, tablas provinciales 2854–2909"
28096,2008,20058,"INE, Padrón municipal, tablas provinciales 2854–2909"
28096,2009,21584,"INE, Padrón municipal, tablas provinciales 2854–2909"
28096,2010,23115,"INE, Padrón municipal, tablas provinciales 2854–2909"
28096,2011,24613,"INE, Padrón municipal, tablas provinciales 2854–2909"
28096,2012,25453,"INE, Padrón municipal, tablas provinciales 2854–2909"
28096,2013,26085,"INE, Padrón municipal, tablas provinciales 2854–2909"
28096,2014,26364,"INE, Padrón municipal, tablas provinciales 2854–2909"
28096,2015,26672,"INE, Padrón municipal, tablas provinciales 2854–2909"
28096,2016,26954,"INE, Padrón municipal, tablas provinciales 2854–2909"
28096,2017,27570,"INE, Padrón municipal, tablas provinciales 2854–2909"
28096,2018,28305,"INE, Padrón municipal, tablas provinciales 2854–2909"
28096,2019,29298,"INE, Padrón municipal, tablas provinciales 2854–2909"
28096,2020,29985,"INE, Padrón municipal, tablas provinciales 2854–2909"
28096,2021,30695,"INE, Padrón municipal, tablas provinciales 2854–2909"
28096,2022,31379,"INE, Padrón municipal, tablas provinciales 2854–2909"
28096,2023,31974,"INE, Padrón municipal, tablas provinciales 2854–2909"
28096,2024,32683,"INE, Padrón municipal, tablas provinciales 2854–2909"
28096,2025,33331,"INE, Padrón municipal, tablas provinciales 2854–2909"
28106,1996,69163,"INE, Padrón municipal, tablas provinciales 2854–2909"
28106,1998,71396,"INE, Padrón municipal, tablas provinciales 2854–2909"
28106,1999,72975,"INE, Padrón municipal, tablas provinciales 2854–2909"
28106,2000,74203,"INE, Padrón municipal, tablas provinciales 2854–2909"
28106,2001,77157,"INE, Padrón municipal, tablas provinciales 2854–2909"
28106,2002,80545,"INE, Padrón municipal, tablas provinciales 2854–2909"
28106,2003,82766,"INE, Padrón municipal, tablas provinciales 2854–2909"
28106,2004,86912,"INE, Padrón municipal, tablas provinciales 2854–2909"
28106,2005,91024,"INE, Padrón municipal, tablas provinciales 2854–2909"
28106,2006,95087,"INE, Padrón municipal, tablas provinciales 2854–2909"
28106,2007,98628,"INE, Padrón municipal, tablas provinciales 2854–2909"
28106,2008,108051,"INE, Padrón municipal, tablas provinciales 2854–2909"
28106,2009,115611,"INE, Padrón municipal, tablas provinciales 2854–2909"
28106,2010,120182,"INE, Padrón municipal, tablas provinciales 2854–2909"
28106,2011,121995,"INE, Padrón municipal, tablas provinciales 2854–2909"
28106,2012,124208,"INE, Padrón municipal, tablas provinciales 2854–2909"
28106,2013,125634,"INE, Padrón municipal, tablas provinciales 2854–2909"
28106,2014,125323,"INE, Padrón municipal, tablas provinciales 2854–2909"
28106,2015,125056,"INE, Padrón municipal, tablas provinciales 2854–2909"
28106,2016,124661,"INE, Padrón municipal, tablas provinciales 2854–2909"
28106,2017,125898,"INE, Padrón municipal, tablas provinciales 2854–2909"
28106,2018,128256,"INE, Padrón municipal, tablas provinciales 2854–2909"
28106,2019,130124,"INE, Padrón municipal, tablas provinciales 2854–2909"
28106,2020,133482,"INE, Padrón municipal, tablas provinciales 2854–2909"
28106,2021,131689,"INE, Padrón municipal, tablas provinciales 2854–2909"
28106,2022,130577,"INE, Padrón municipal, tablas provinciales 2854–2909"
28106,2023,133004,"INE, Padrón municipal, tablas provinciales 2854–2909"
28106,2024,134833,"INE, Padrón municipal, tablas provinciales 2854–2909"
28106,2025,137471,"INE, Padrón municipal, tablas provinciales 2854–2909"
28113,1996,25038,"INE, Padrón municipal, tablas provinciales 2854–2909"
28113,1998,26316,"INE, Padrón municipal, tablas provinciales 2854–2909"
28113,1999,27204,"INE, Padrón municipal, tablas provinciales 2854–2909"
28113,2000,28726,"INE, Padrón municipal, tablas provinciales 2854–2909"
28113,2001,30114,"INE, Padrón municipal, tablas provinciales 2854–2909"
28113,2002,31737,"INE, Padrón municipal, tablas provinciales 2854–2909"
28113,2003,33445,"INE, Padrón municipal, tablas provinciales 2854–2909"
28113,2004,35199,"INE, Padrón municipal, tablas provinciales 2854–2909"
28113,2005,37559,"INE, Padrón municipal, tablas provinciales 2854–2909"
28113,2006,39432,"INE, Padrón municipal, tablas provinciales 2854–2909"
28113,2007,40876,"INE, Padrón municipal, tablas provinciales 2854–2909"
28113,2008,42445,"INE, Padrón municipal, tablas provinciales 2854–2909"
28113,2009,43501,"INE, Padrón municipal, tablas provinciales 2854–2909"
28113,2010,44524,"INE, Padrón municipal, tablas provinciales 2854–2909"
28113,2011,45643,"INE, Padrón municipal, tablas provinciales 2854–2909"
28113,2012,46763,"INE, Padrón municipal, tablas provinciales 2854–2909"
28113,2013,46870,"INE, Padrón municipal, tablas provinciales 2854–2909"
28113,2014,47594,"INE, Padrón municipal, tablas provinciales 2854–2909"
28113,2015,48660,"INE, Padrón municipal, tablas provinciales 2854–2909"
28113,2016,49522,"INE, Padrón municipal, tablas provinciales 2854–2909"
28113,2017,50442,"INE, Padrón municipal, tablas provinciales 2854–2909"
28113,2018,51541,"INE, Padrón municipal, tablas provinciales 2854–2909"
28113,2019,52526,"INE, Padrón municipal, tablas provinciales 2854–2909"
28113,2020,53325,"INE, Padrón municipal, tablas provinciales 2854–2909"
28113,2021,53537,"INE, Padrón municipal, tablas provinciales 2854–2909"
28113,2022,54088,"INE, Padrón municipal, tablas provinciales 2854–2909"
28113,2023,55208,"INE, Padrón municipal, tablas provinciales 2854–2909"
28113,2024,56003,"INE, Padrón municipal, tablas provinciales 2854–2909"
28113,2025,56651,"INE, Padrón municipal, tablas provinciales 2854–2909"
28115,1996,60120,"INE, Padrón municipal, tablas provinciales 2854–2909"
28115,1998,62010,"INE, Padrón municipal, tablas provinciales 2854–2909"
28115,1999,64778,"INE, Padrón municipal, tablas provinciales 2854–2909"
28115,2000,66298,"INE, Padrón municipal, tablas provinciales 2854–2909"
28115,2001,68470,"INE, Padrón municipal, tablas provinciales 2854–2909"
28115,2002,71246,"INE, Padrón municipal, tablas provinciales 2854–2909"
28115,2003,72662,"INE, Padrón municipal, tablas provinciales 2854–2909"
28115,2004,75079,"INE, Padrón municipal, tablas provinciales 2854–2909"
28115,2005,78083,"INE, Padrón municipal, tablas provinciales 2854–2909"
28115,2006,79581,"INE, Padrón municipal, tablas provinciales 2854–2909"
28115,2007,79826,"INE, Padrón municipal, tablas provinciales 2854–2909"
28115,2008,81365,"INE, Padrón municipal, tablas provinciales 2854–2909"
28115,2009,82428,"INE, Padrón municipal, tablas provinciales 2854–2909"
28115,2010,82804,"INE, Padrón municipal, tablas provinciales 2854–2909"
28115,2011,82916,"INE, Padrón municipal, tablas provinciales 2854–2909"
28115,2012,83844,"INE, Padrón municipal, tablas provinciales 2854–2909"
28115,2013,84474,"INE, Padrón municipal, tablas provinciales 2854–2909"
28115,2014,84360,"INE, Padrón municipal, tablas provinciales 2854–2909"
28115,2015,84558,"INE, Padrón municipal, tablas provinciales 2854–2909"
28115,2016,84989,"INE, Padrón municipal, tablas provinciales 2854–2909"
28115,2017,85605,"INE, Padrón municipal, tablas provinciales 2854–2909"
28115,2018,86172,"INE, Padrón municipal, tablas provinciales 2854–2909"
28115,2019,86422,"INE, Padrón municipal, tablas provinciales 2854–2909"
28115,2020,87165,"INE, Padrón municipal, tablas provinciales 2854–2909"
28115,2021,87134,"INE, Padrón municipal, tablas provinciales 2854–2909"
28115,2022,87728,"INE, Padrón municipal, tablas provinciales 2854–2909"
28115,2023,88784,"INE, Padrón municipal, tablas provinciales 2854–2909"
28115,2024,89378,"INE, Padrón municipal, tablas provinciales 2854–2909"
28115,2025,89770,"INE, Padrón municipal, tablas provinciales 2854–2909"
28123,1996,22620,"INE, Padrón municipal, tablas provinciales 2854–2909"
28123,1998,24777,"INE, Padrón municipal, tablas provinciales 2854–2909"
28123,1999,27422,"INE, Padrón municipal, tablas provinciales 2854–2909"
28123,2000,29092,"INE, Padrón municipal, tablas provinciales 2854–2909"
28123,2001,32228,"INE, Padrón municipal, tablas provinciales 2854–2909"
28123,2002,35660,"INE, Padrón municipal, tablas provinciales 2854–2909"
28123,2003,39630,"INE, Padrón municipal, tablas provinciales 2854–2909"
28123,2004,45099,"INE, Padrón municipal, tablas provinciales 2854–2909"
28123,2005,49696,"INE, Padrón municipal, tablas provinciales 2854–2909"
28123,2006,53459,"INE, Padrón municipal, tablas provinciales 2854–2909"
28123,2007,59426,"INE, Padrón municipal, tablas provinciales 2854–2909"
28123,2008,64808,"INE, Padrón municipal, tablas provinciales 2854–2909"
28123,2009,68405,"INE, Padrón municipal, tablas provinciales 2854–2909"
28123,2010,70840,"INE, Padrón municipal, tablas provinciales 2854–2909"
28123,2011,72896,"INE, Padrón municipal, tablas provinciales 2854–2909"
28123,2012,75444,"INE, Padrón municipal, tablas provinciales 2854–2909"
28123,2013,78133,"INE, Padrón municipal, tablas provinciales 2854–2909"
28123,2014,80483,"INE, Padrón municipal, tablas provinciales 2854–2909"
28123,2015,81473,"INE, Padrón municipal, tablas provinciales 2854–2909"
28123,2016,82715,"INE, Padrón municipal, tablas provinciales 2854–2909"
28123,2017,83767,"INE, Padrón municipal, tablas provinciales 2854–2909"
28123,2018,85893,"INE, Padrón municipal, tablas provinciales 2854–2909"
28123,2019,88150,"INE, Padrón municipal, tablas provinciales 2854–2909"
28123,2020,90973,"INE, Padrón municipal, tablas provinciales 2854–2909"
28123,2021,92925,"INE, Padrón municipal, tablas provinciales 2854–2909"
28123,2022,96690,"INE, Padrón municipal, tablas provinciales 2854–2909"
28123,2023,100275,"INE, Padrón municipal, tablas provinciales 2854–2909"
28123,2024,101949,"INE, Padrón municipal, tablas provinciales 2854–2909"
28123,2025,103148,"INE, Padrón municipal, tablas provinciales 2854–2909"
28127,1996,45280,"INE, Padrón municipal, tablas provinciales 2854–2909"
28127,1998,47922,"INE, Padrón municipal, tablas provinciales 2854–2909"
28127,1999,51650,"INE, Padrón municipal, tablas provinciales 2854–2909"
28127,2000,54676,"INE, Padrón municipal, tablas provinciales 2854–2909"
28127,2001,59002,"INE, Padrón municipal, tablas provinciales 2854–2909"
28127,2002,62527,"INE, Padrón municipal, tablas provinciales 2854–2909"
28127,2003,66809,"INE, Padrón municipal, tablas provinciales 2854–2909"
28127,2004,68061,"INE, Padrón municipal, tablas provinciales 2854–2909"
28127,2005,71937,"INE, Padrón municipal, tablas provinciales 2854–2909"
28127,2006,75719,"INE, Padrón municipal, tablas provinciales 2854–2909"
28127,2007,79876,"INE, Padrón municipal, tablas provinciales 2854–2909"
28127,2008,83428,"INE, Padrón municipal, tablas provinciales 2854–2909"
28127,2009,86340,"INE, Padrón municipal, tablas provinciales 2854–2909"
28127,2010,88065,"INE, Padrón municipal, tablas provinciales 2854–2909"
28127,2011,89151,"INE, Padrón municipal, tablas provinciales 2854–2909"
28127,2012,90390,"INE, Padrón municipal, tablas provinciales 2854–2909"
28127,2013,91806,"INE, Padrón municipal, tablas provinciales 2854–2909"
28127,2014,92784,"INE, Padrón municipal, tablas provinciales 2854–2909"
28127,2015,93520,"INE, Padrón municipal, tablas provinciales 2854–2909"
28127,2016,94471,"INE, Padrón municipal, tablas provinciales 2854–2909"
28127,2017,95071,"INE, Padrón municipal, tablas provinciales 2854–2909"
28127,2018,95550,"INE, Padrón municipal, tablas provinciales 2854–2909"
28127,2019,95814,"INE, Padrón municipal, tablas provinciales 2854–2909"
28127,2020,96113,"INE, Padrón municipal, tablas provinciales 2854–2909"
28127,2021,94862,"INE, Padrón municipal, tablas provinciales 2854–2909"
28127,2022,95725,"INE, Padrón municipal, tablas provinciales 2854–2909"
28127,2023,98086,"INE, Padrón municipal, tablas provinciales 2854–2909"
28127,2024,98590,"INE, Padrón municipal, tablas provinciales 2854–2909"
28127,2025,99037,"INE, Padrón municipal, tablas provinciales 2854–2909"
28130,1996,29688,"INE, Padrón municipal, tablas provinciales 2854–2909"
28130,1998,31677,"INE, Padrón municipal, tablas provinciales 2854–2909"
28130,1999,32144,"INE, Padrón municipal, tablas provinciales 2854–2909"
28130,2000,32364,"INE, Padrón municipal, tablas provinciales 2854–2909"
28130,2001,35089,"INE, Padrón municipal, tablas provinciales 2854–2909"
28130,2002,36658,"INE, Padrón municipal, tablas provinciales 2854–2909"
28130,2003,38172,"INE, Padrón municipal, tablas provinciales 2854–2909"
28130,2004,39175,"INE, Padrón municipal, tablas provinciales 2854–2909"
28130,2005,39966,"INE, Padrón municipal, tablas provinciales 2854–2909"
28130,2006,40048,"INE, Padrón municipal, tablas provinciales 2854–2909"
28130,2007,39843,"INE, Padrón municipal, tablas provinciales 2854–2909"
28130,2008,40654,"INE, Padrón municipal, tablas provinciales 2854–2909"
28130,2009,40981,"INE, Padrón municipal, tablas provinciales 2854–2909"
28130,2010,41384,"INE, Padrón municipal, tablas provinciales 2854–2909"
28130,2011,41380,"INE, Padrón municipal, tablas provinciales 2854–2909"
28130,2012,41376,"INE, Padrón municipal, tablas provinciales 2854–2909"
28130,2013,41226,"INE, Padrón municipal, tablas provinciales 2854–2909"
28130,2014,40781,"INE, Padrón municipal, tablas provinciales 2854–2909"
28130,2015,40188,"INE, Padrón municipal, tablas provinciales 2854–2909"
28130,2016,40095,"INE, Padrón municipal, tablas provinciales 2854–2909"
28130,2017,39681,"INE, Padrón municipal, tablas provinciales 2854–2909"
28130,2018,39466,"INE, Padrón municipal, tablas provinciales 2854–2909"
28130,2019,39432,"INE, Padrón municipal, tablas provinciales 2854–2909"
28130,2020,39566,"INE, Padrón municipal, tablas provinciales 2854–2909"
28130,2021,39313,"INE, Padrón municipal, tablas provinciales 2854–2909"
28130,2022,38904,"INE, Padrón municipal, tablas provinciales 2854–2909"
28130,2023,38974,"INE, Padrón municipal, tablas provinciales 2854–2909"
28130,2024,38980,"INE, Padrón municipal, tablas provinciales 2854–2909"
28130,2025,39059,"INE, Padrón municipal, tablas provinciales 2854–2909"
28134,1996,57632,"INE, Padrón municipal, tablas provinciales 2854–2909"
28134,1998,57791,"INE, Padrón municipal, tablas provinciales 2854–2909"
28134,1999,58215,"INE, Padrón municipal, tablas provinciales 2854–2909"
28134,2000,58389,"INE, Padrón municipal, tablas provinciales 2854–2909"
28134,2001,59646,"INE, Padrón municipal, tablas provinciales 2854–2909"
28134,2002,60323,"INE, Padrón municipal, tablas provinciales 2854–2909"
28134,2003,61583,"INE, Padrón municipal, tablas provinciales 2854–2909"
28134,2004,62242,"INE, Padrón municipal, tablas provinciales 2854–2909"
28134,2005,65767,"INE, Padrón municipal, tablas provinciales 2854–2909"
28134,2006,67351,"INE, Padrón municipal, tablas provinciales 2854–2909"
28134,2007,68740,"INE, Padrón municipal, tablas provinciales 2854–2909"
28134,2008,72414,"INE, Padrón municipal, tablas provinciales 2854–2909"
28134,2009,75912,"INE, Padrón municipal, tablas provinciales 2854–2909"
28134,2010,78157,"INE, Padrón municipal, tablas provinciales 2854–2909"
28134,2011,79825,"INE, Padrón municipal, tablas provinciales 2854–2909"
28134,2012,81466,"INE, Padrón municipal, tablas provinciales 2854–2909"
28134,2013,82090,"INE, Padrón municipal, tablas provinciales 2854–2909"
28134,2014,83329,"INE, Padrón municipal, tablas provinciales 2854–2909"
28134,2015,84944,"INE, Padrón municipal, tablas provinciales 2854–2909"
28134,2016,86206,"INE, Padrón municipal, tablas provinciales 2854–2909"
28134,2017,86707,"INE, Padrón municipal, tablas provinciales 2854–2909"
28134,2018,87724,"INE, Padrón municipal, tablas provinciales 2854–2909"
28134,2019,89276,"INE, Padrón municipal, tablas provinciales 2854–2909"
28134,2020,91224,"INE, Padrón municipal, tablas provinciales 2854–2909"
28134,2021,90962,"INE, Padrón municipal, tablas provinciales 2854–2909"
28134,2022,91083,"INE, Padrón municipal, tablas provinciales 2854–2909"
28134,2023,92734,"INE, Padrón municipal, tablas provinciales 2854–2909"
28134,2024,94969,"INE, Padrón municipal, tablas provinciales 2854–2909"
28134,2025,96992,"INE, Padrón municipal, tablas provinciales 2854–2909"
28148,1996,88821,"INE, Padrón municipal, tablas provinciales 2854–2909"
28148,1998,91186,"INE, Padrón municipal, tablas provinciales 2854–2909"
28148,1999,92262,"INE, Padrón municipal, tablas provinciales 2854–2909"
28148,2000,94161,"INE, Padrón municipal, tablas provinciales 2854–2909"
28148,2001,97546,"INE, Padrón municipal, tablas provinciales 2854–2909"
28148,2002,101056,"INE, Padrón municipal, tablas provinciales 2854–2909"
28148,2003,104790,"INE, Padrón municipal, tablas provinciales 2854–2909"
28148,2004,106740,"INE, Padrón municipal, tablas provinciales 2854–2909"
28148,2005,109483,"INE, Padrón municipal, tablas provinciales 2854–2909"
28148,2006,112114,"INE, Padrón municipal, tablas provinciales 2854–2909"
28148,2007,113176,"INE, Padrón municipal, tablas provinciales 2854–2909"
28148,2008,116455,"INE, Padrón municipal, tablas provinciales 2854–2909"
28148,2009,118162,"INE, Padrón municipal, tablas provinciales 2854–2909"
28148,2010,118441,"INE, Padrón municipal, tablas provinciales 2854–2909"
28148,2011,122589,"INE, Padrón municipal, tablas provinciales 2854–2909"
28148,2012,125331,"INE, Padrón municipal, tablas provinciales 2854–2909"
28148,2013,123761,"INE, Padrón municipal, tablas provinciales 2854–2909"
28148,2014,126878,"INE, Padrón municipal, tablas provinciales 2854–2909"
28148,2015,126934,"INE, Padrón municipal, tablas provinciales 2854–2909"
28148,2016,126981,"INE, Padrón municipal, tablas provinciales 2854–2909"
28148,2017,128013,"INE, Padrón municipal, tablas provinciales 2854–2909"
28148,2018,129729,"INE, Padrón municipal, tablas provinciales 2854–2909"
28148,2019,131376,"INE, Padrón municipal, tablas provinciales 2854–2909"
28148,2020,132853,"INE, Padrón municipal, tablas provinciales 2854–2909"
28148,2021,132771,"INE, Padrón municipal, tablas provinciales 2854–2909"
28148,2022,134733,"INE, Padrón municipal, tablas provinciales 2854–2909"
28148,2023,137711,"INE, Padrón municipal, tablas provinciales 2854–2909"
28148,2024,140626,"INE, Padrón municipal, tablas provinciales 2854–2909"
28148,2025,143526,"INE, Padrón municipal, tablas provinciales 2854–2909"
28161,1996,21240,"INE, Padrón municipal, tablas provinciales 2854–2909"
28161,1998,23146,"INE, Padrón municipal, tablas provinciales 2854–2909"
28161,1999,25572,"INE, Padrón municipal, tablas provinciales 2854–2909"
28161,2000,28243,"INE, Padrón municipal, tablas provinciales 2854–2909"
28161,2001,30986,"INE, Padrón municipal, tablas provinciales 2854–2909"
28161,2002,34163,"INE, Padrón municipal, tablas provinciales 2854–2909"
28161,2003,37498,"INE, Padrón municipal, tablas provinciales 2854–2909"
28161,2004,40839,"INE, Padrón municipal, tablas provinciales 2854–2909"
28161,2005,44136,"INE, Padrón municipal, tablas provinciales 2854–2909"
28161,2006,48517,"INE, Padrón municipal, tablas provinciales 2854–2909"
28161,2007,53188,"INE, Padrón municipal, tablas provinciales 2854–2909"
28161,2008,58623,"INE, Padrón municipal, tablas provinciales 2854–2909"
28161,2009,62750,"INE, Padrón municipal, tablas provinciales 2854–2909"
28161,2010,65922,"INE, Padrón municipal, tablas provinciales 2854–2909"
28161,2011,68418,"INE, Padrón municipal, tablas provinciales 2854–2909"
28161,2012,70315,"INE, Padrón municipal, tablas provinciales 2854–2909"
28161,2013,71578,"INE, Padrón municipal, tablas provinciales 2854–2909"
28161,2014,72265,"INE, Padrón municipal, tablas provinciales 2854–2909"
28161,2015,72854,"INE, Padrón municipal, tablas provinciales 2854–2909"
28161,2016,72988,"INE, Padrón municipal, tablas provinciales 2854–2909"
28161,2017,73976,"INE, Padrón municipal, tablas provinciales 2854–2909"
28161,2018,74745,"INE, Padrón municipal, tablas provinciales 2854–2909"
28161,2019,75983,"INE, Padrón municipal, tablas provinciales 2854–2909"
28161,2020,77270,"INE, Padrón municipal, tablas provinciales 2854–2909"
28161,2021,77587,"INE, Padrón municipal, tablas provinciales 2854–2909"
28161,2022,79100,"INE, Padrón municipal, tablas provinciales 2854–2909"
28161,2023,81394,"INE, Padrón municipal, tablas provinciales 2854–2909"
28161,2024,83507,"INE, Padrón municipal, tablas provinciales 2854–2909"
28161,2025,85972,"INE, Padrón municipal, tablas provinciales 2854–2909"
28181,1996,17019,"INE, Padrón municipal, tablas provinciales 2854–2909"
28181,1998,17853,"INE, Padrón municipal, tablas provinciales 2854–2909"
28181,1999,18465,"INE, Padrón municipal, tablas provinciales 2854–2909"
28181,2000,19393,"INE, Padrón municipal, tablas provinciales 2854–2909"
28181,2001,20832,"INE, Padrón municipal, tablas provinciales 2854–2909"
28181,2002,21461,"INE, Padrón municipal, tablas provinciales 2854–2909"
28181,2003,22094,"INE, Padrón municipal, tablas provinciales 2854–2909"
28181,2004,23173,"INE, Padrón municipal, tablas provinciales 2854–2909"
28181,2005,24963,"INE, Padrón municipal, tablas provinciales 2854–2909"
28181,2006,26076,"INE, Padrón municipal, tablas provinciales 2854–2909"
28181,2007,25709,"INE, Padrón municipal, tablas provinciales 2854–2909"
28181,2008,26248,"INE, Padrón municipal, tablas provinciales 2854–2909"
28181,2009,26475,"INE, Padrón municipal, tablas provinciales 2854–2909"
28181,2010,26725,"INE, Padrón municipal, tablas provinciales 2854–2909"
28181,2011,26646,"INE, Padrón municipal, tablas provinciales 2854–2909"
28181,2012,26708,"INE, Padrón municipal, tablas provinciales 2854–2909"
28181,2013,26982,"INE, Padrón municipal, tablas provinciales 2854–2909"
28181,2014,26911,"INE, Padrón municipal, tablas provinciales 2854–2909"
28181,2015,27075,"INE, Padrón municipal, tablas provinciales 2854–2909"
28181,2016,27276,"INE, Padrón municipal, tablas provinciales 2854–2909"
28181,2017,27504,"INE, Padrón municipal, tablas provinciales 2854–2909"
28181,2018,27596,"INE, Padrón municipal, tablas provinciales 2854–2909"
28181,2019,27835,"INE, Padrón municipal, tablas provinciales 2854–2909"
28181,2020,28148,"INE, Padrón municipal, tablas provinciales 2854–2909"
28181,2021,28030,"INE, Padrón municipal, tablas provinciales 2854–2909"
28181,2022,28152,"INE, Padrón municipal, tablas provinciales 2854–2909"
28181,2023,28750,"INE, Padrón municipal, tablas provinciales 2854–2909"
28181,2024,29273,"INE, Padrón municipal, tablas provinciales 2854–2909"
28181,2025,30127,"INE, Padrón municipal, tablas provinciales 2854–2909"
28903,1996,27715,"INE, Padrón municipal, tablas provinciales 2854–2909"
28903,1998,30970,"INE, Padrón municipal, tablas provinciales 2854–2909"
28903,1999,33121,"INE, Padrón municipal, tablas provinciales 2854–2909"
28903,2000,35046,"INE, Padrón municipal, tablas provinciales 2854–2909"
28903,2001,36598,"INE, Padrón municipal, tablas provinciales 2854–2909"
28903,2002,37688,"INE, Padrón municipal, tablas provinciales 2854–2909"
28903,2003,38804,"INE, Padrón municipal, tablas provinciales 2854–2909"
28903,2004,38882,"INE, Padrón municipal, tablas provinciales 2854–2909"
28903,2005,39198,"INE, Padrón municipal, tablas provinciales 2854–2909"
28903,2006,39826,"INE, Padrón municipal, tablas provinciales 2854–2909"
28903,2007,40014,"INE, Padrón municipal, tablas provinciales 2854–2909"
28903,2008,40606,"INE, Padrón municipal, tablas provinciales 2854–2909"
28903,2009,41064,"INE, Padrón municipal, tablas provinciales 2854–2909"
28903,2010,41147,"INE, Padrón municipal, tablas provinciales 2854–2909"
28903,2011,41065,"INE, Padrón municipal, tablas provinciales 2854–2909"
28903,2012,41302,"INE, Padrón municipal, tablas provinciales 2854–2909"
28903,2013,41896,"INE, Padrón municipal, tablas provinciales 2854–2909"
28903,2014,42546,"INE, Padrón municipal, tablas provinciales 2854–2909"
28903,2015,43309,"INE, Padrón municipal, tablas provinciales 2854–2909"
28903,2016,44764,"INE, Padrón municipal, tablas provinciales 2854–2909"
28903,2017,46046,"INE, Padrón municipal, tablas provinciales 2854–2909"
28903,2018,46750,"INE, Padrón municipal, tablas provinciales 2854–2909"
28903,2019,47722,"INE, Padrón municipal, tablas provinciales 2854–2909"
28903,2020,48326,"INE, Padrón municipal, tablas provinciales 2854–2909"
28903,2021,48751,"INE, Padrón municipal, tablas provinciales 2854–2909"
28903,2022,50187,"INE, Padrón municipal, tablas provinciales 2854–2909"
28903,2023,51453,"INE, Padrón municipal, tablas provinciales 2854–2909"
28903,2024,52932,"INE, Padrón municipal, tablas provinciales 2854–2909"
28903,2025,54592,"INE, Padrón municipal, tablas provinciales 2854–2909"
29007,1996,16914,"INE, Padrón municipal, tablas provinciales 2854–2909"
29007,1998,19024,"INE, Padrón municipal, tablas provinciales 2854–2909"
29007,1999,20192,"INE, Padrón municipal, tablas provinciales 2854–2909"
29007,2000,21649,"INE, Padrón municipal, tablas provinciales 2854–2909"
29007,2001,22654,"INE, Padrón municipal, tablas provinciales 2854–2909"
29007,2002,23774,"INE, Padrón municipal, tablas provinciales 2854–2909"
29007,2003,25401,"INE, Padrón municipal, tablas provinciales 2854–2909"
29007,2004,26764,"INE, Padrón municipal, tablas provinciales 2854–2909"
29007,2005,28509,"INE, Padrón municipal, tablas provinciales 2854–2909"
29007,2006,30281,"INE, Padrón municipal, tablas provinciales 2854–2909"
29007,2007,31884,"INE, Padrón municipal, tablas provinciales 2854–2909"
29007,2008,33567,"INE, Padrón municipal, tablas provinciales 2854–2909"
29007,2009,35114,"INE, Padrón municipal, tablas provinciales 2854–2909"
29007,2010,35832,"INE, Padrón municipal, tablas provinciales 2854–2909"
29007,2011,36730,"INE, Padrón municipal, tablas provinciales 2854–2909"
29007,2012,37446,"INE, Padrón municipal, tablas provinciales 2854–2909"
29007,2013,38067,"INE, Padrón municipal, tablas provinciales 2854–2909"
29007,2014,38300,"INE, Padrón municipal, tablas provinciales 2854–2909"
29007,2015,38523,"INE, Padrón municipal, tablas provinciales 2854–2909"
29007,2016,38794,"INE, Padrón municipal, tablas provinciales 2854–2909"
29007,2017,39153,"INE, Padrón municipal, tablas provinciales 2854–2909"
29007,2018,39911,"INE, Padrón municipal, tablas provinciales 2854–2909"
29007,2019,40345,"INE, Padrón municipal, tablas provinciales 2854–2909"
29007,2020,41170,"INE, Padrón municipal, tablas provinciales 2854–2909"
29007,2021,41868,"INE, Padrón municipal, tablas provinciales 2854–2909"
29007,2022,42531,"INE, Padrón municipal, tablas provinciales 2854–2909"
29007,2023,43674,"INE, Padrón municipal, tablas provinciales 2854–2909"
29007,2024,44057,"INE, Padrón municipal, tablas provinciales 2854–2909"
29007,2025,45066,"INE, Padrón municipal, tablas provinciales 2854–2909"
29015,1996,40181,"INE, Padrón municipal, tablas provinciales 2854–2909"
29015,1998,40239,"INE, Padrón municipal, tablas provinciales 2854–2909"
29015,1999,40433,"INE, Padrón municipal, tablas provinciales 2854–2909"
29015,2000,40598,"INE, Padrón municipal, tablas provinciales 2854–2909"
29015,2001,40816,"INE, Padrón municipal, tablas provinciales 2854–2909"
29015,2002,41197,"INE, Padrón municipal, tablas provinciales 2854–2909"
29015,2003,41953,"INE, Padrón municipal, tablas provinciales 2854–2909"
29015,2004,42378,"INE, Padrón municipal, tablas provinciales 2854–2909"
29015,2005,43206,"INE, Padrón municipal, tablas provinciales 2854–2909"
29015,2006,44032,"INE, Padrón municipal, tablas provinciales 2854–2909"
29015,2007,44547,"INE, Padrón municipal, tablas provinciales 2854–2909"
29015,2008,45037,"INE, Padrón municipal, tablas provinciales 2854–2909"
29015,2009,45168,"INE, Padrón municipal, tablas provinciales 2854–2909"
29015,2010,45234,"INE, Padrón municipal, tablas provinciales 2854–2909"
29015,2011,41854,"INE, Padrón municipal, tablas provinciales 2854–2909"
29015,2012,41827,"INE, Padrón municipal, tablas provinciales 2854–2909"
29015,2013,41620,"INE, Padrón municipal, tablas provinciales 2854–2909"
29015,2014,41430,"INE, Padrón municipal, tablas provinciales 2854–2909"
29015,2015,41141,"INE, Padrón municipal, tablas provinciales 2854–2909"
29015,2016,41065,"INE, Padrón municipal, tablas provinciales 2854–2909"
29015,2017,41104,"INE, Padrón municipal, tablas provinciales 2854–2909"
29015,2018,41154,"INE, Padrón municipal, tablas provinciales 2854–2909"
29015,2019,41239,"INE, Padrón municipal, tablas provinciales 2854–2909"
29015,2020,41318,"INE, Padrón municipal, tablas provinciales 2854–2909"
29015,2021,41348,"INE, Padrón municipal, tablas provinciales 2854–2909"
29015,2022,41184,"INE, Padrón municipal, tablas provinciales 2854–2909"
29015,2023,41178,"INE, Padrón municipal, tablas provinciales 2854–2909"
29015,2024,41619,"INE, Padrón municipal, tablas provinciales 2854–2909"
29015,2025,41849,"INE, Padrón municipal, tablas provinciales 2854–2909"
29025,1996,27147,"INE, Padrón municipal, tablas provinciales 2854–2909"
29025,1998,28479,"INE, Padrón municipal, tablas provinciales 2854–2909"
29025,1999,30059,"INE, Padrón municipal, tablas provinciales 2854–2909"
29025,2000,31964,"INE, Padrón municipal, tablas provinciales 2854–2909"
29025,2001,33557,"INE, Padrón municipal, tablas provinciales 2854–2909"
29025,2002,35946,"INE, Padrón municipal, tablas provinciales 2854–2909"
29025,2003,40064,"INE, Padrón municipal, tablas provinciales 2854–2909"
29025,2004,42437,"INE, Padrón municipal, tablas provinciales 2854–2909"
29025,2005,45686,"INE, Padrón municipal, tablas provinciales 2854–2909"
29025,2006,50298,"INE, Padrón municipal, tablas provinciales 2854–2909"
29025,2007,52217,"INE, Padrón municipal, tablas provinciales 2854–2909"
29025,2008,55960,"INE, Padrón municipal, tablas provinciales 2854–2909"
29025,2009,58854,"INE, Padrón municipal, tablas provinciales 2854–2909"
29025,2010,61383,"INE, Padrón municipal, tablas provinciales 2854–2909"
29025,2011,63788,"INE, Padrón municipal, tablas provinciales 2854–2909"
29025,2012,65965,"INE, Padrón municipal, tablas provinciales 2854–2909"
29025,2013,69002,"INE, Padrón municipal, tablas provinciales 2854–2909"
29025,2014,66939,"INE, Padrón municipal, tablas provinciales 2854–2909"
29025,2015,66598,"INE, Padrón municipal, tablas provinciales 2854–2909"
29025,2016,67245,"INE, Padrón municipal, tablas provinciales 2854–2909"
29025,2017,68859,"INE, Padrón municipal, tablas provinciales 2854–2909"
29025,2018,67746,"INE, Padrón municipal, tablas provinciales 2854–2909"
29025,2019,68128,"INE, Padrón municipal, tablas provinciales 2854–2909"
29025,2020,69144,"INE, Padrón municipal, tablas provinciales 2854–2909"
29025,2021,70204,"INE, Padrón municipal, tablas provinciales 2854–2909"
29025,2022,73160,"INE, Padrón municipal, tablas provinciales 2854–2909"
29025,2023,75801,"INE, Padrón municipal, tablas provinciales 2854–2909"
29025,2024,77654,"INE, Padrón municipal, tablas provinciales 2854–2909"
29025,2025,78338,"INE, Padrón municipal, tablas provinciales 2854–2909"
29051,1996,37557,"INE, Padrón municipal, tablas provinciales 2854–2909"
29051,1998,39178,"INE, Padrón municipal, tablas provinciales 2854–2909"
29051,1999,40552,"INE, Padrón municipal, tablas provinciales 2854–2909"
29051,2000,42157,"INE, Padrón municipal, tablas provinciales 2854–2909"
29051,2001,43527,"INE, Padrón municipal, tablas provinciales 2854–2909"
29051,2002,46342,"INE, Padrón municipal, tablas provinciales 2854–2909"
29051,2003,47697,"INE, Padrón municipal, tablas provinciales 2854–2909"
29051,2004,50488,"INE, Padrón municipal, tablas provinciales 2854–2909"
29051,2005,54709,"INE, Padrón municipal, tablas provinciales 2854–2909"
29051,2006,58603,"INE, Padrón municipal, tablas provinciales 2854–2909"
29051,2007,60328,"INE, Padrón municipal, tablas provinciales 2854–2909"
29051,2008,62848,"INE, Padrón municipal, tablas provinciales 2854–2909"
29051,2009,65592,"INE, Padrón municipal, tablas provinciales 2854–2909"
29051,2010,66150,"INE, Padrón municipal, tablas provinciales 2854–2909"
29051,2011,65667,"INE, Padrón municipal, tablas provinciales 2854–2909"
29051,2012,67101,"INE, Padrón municipal, tablas provinciales 2854–2909"
29051,2013,67986,"INE, Padrón municipal, tablas provinciales 2854–2909"
29051,2014,66566,"INE, Padrón municipal, tablas provinciales 2854–2909"
29051,2015,67080,"INE, Padrón municipal, tablas provinciales 2854–2909"
29051,2016,66683,"INE, Padrón municipal, tablas provinciales 2854–2909"
29051,2017,66863,"INE, Padrón municipal, tablas provinciales 2854–2909"
29051,2018,67012,"INE, Padrón municipal, tablas provinciales 2854–2909"
29051,2019,68286,"INE, Padrón municipal, tablas provinciales 2854–2909"
29051,2020,70228,"INE, Padrón municipal, tablas provinciales 2854–2909"
29051,2021,71925,"INE, Padrón municipal, tablas provinciales 2854–2909"
29051,2022,74493,"INE, Padrón municipal, tablas provinciales 2854–2909"
29051,2023,76975,"INE, Padrón municipal, tablas provinciales 2854–2909"
29051,2024,78413,"INE, Padrón municipal, tablas provinciales 2854–2909"
29051,2025,79621,"INE, Padrón municipal, tablas provinciales 2854–2909"
29054,1996,41713,"INE, Padrón municipal, tablas provinciales 2854–2909"
29054,1998,44924,"INE, Padrón municipal, tablas provinciales 2854–2909"
29054,1999,46392,"INE, Padrón municipal, tablas provinciales 2854–2909"
29054,2000,47914,"INE, Padrón municipal, tablas provinciales 2854–2909"
29054,2001,50263,"INE, Padrón municipal, tablas provinciales 2854–2909"
29054,2002,53270,"INE, Padrón municipal, tablas provinciales 2854–2909"
29054,2003,57133,"INE, Padrón municipal, tablas provinciales 2854–2909"
29054,2004,58957,"INE, Padrón municipal, tablas provinciales 2854–2909"
29054,2005,62915,"INE, Padrón municipal, tablas provinciales 2854–2909"
29054,2006,63899,"INE, Padrón municipal, tablas provinciales 2854–2909"
29054,2007,65421,"INE, Padrón municipal, tablas provinciales 2854–2909"
29054,2008,68646,"INE, Padrón municipal, tablas provinciales 2854–2909"
29054,2009,71482,"INE, Padrón municipal, tablas provinciales 2854–2909"
29054,2010,71783,"INE, Padrón municipal, tablas provinciales 2854–2909"
29054,2011,74054,"INE, Padrón municipal, tablas provinciales 2854–2909"
29054,2012,75953,"INE, Padrón municipal, tablas provinciales 2854–2909"
29054,2013,77397,"INE, Padrón municipal, tablas provinciales 2854–2909"
29054,2014,75856,"INE, Padrón municipal, tablas provinciales 2854–2909"
29054,2015,77525,"INE, Padrón municipal, tablas provinciales 2854–2909"
29054,2016,77486,"INE, Padrón municipal, tablas provinciales 2854–2909"
29054,2017,74929,"INE, Padrón municipal, tablas provinciales 2854–2909"
29054,2018,75396,"INE, Padrón municipal, tablas provinciales 2854–2909"
29054,2019,80309,"INE, Padrón municipal, tablas provinciales 2854–2909"
29054,2020,82837,"INE, Padrón municipal, tablas provinciales 2854–2909"
29054,2021,82585,"INE, Padrón municipal, tablas provinciales 2854–2909"
29054,2022,83226,"INE, Padrón municipal, tablas provinciales 2854–2909"
29054,2023,85598,"INE, Padrón municipal, tablas provinciales 2854–2909"
29054,2024,85859,"INE, Padrón municipal, tablas provinciales 2854–2909"
29054,2025,85211,"INE, Padrón municipal, tablas provinciales 2854–2909"
29067,1996,549135,"INE, Padrón municipal, tablas provinciales 2854–2909"
29067,1998,528079,"INE, Padrón municipal, tablas provinciales 2854–2909"
29067,1999,530553,"INE, Padrón municipal, tablas provinciales 2854–2909"
29067,2000,531565,"INE, Padrón municipal, tablas provinciales 2854–2909"
29067,2001,534207,"INE, Padrón municipal, tablas provinciales 2854–2909"
29067,2002,535686,"INE, Padrón municipal, tablas provinciales 2854–2909"
29067,2003,547105,"INE, Padrón municipal, tablas provinciales 2854–2909"
29067,2004,547731,"INE, Padrón municipal, tablas provinciales 2854–2909"
29067,2005,558287,"INE, Padrón municipal, tablas provinciales 2854–2909"
29067,2006,560631,"INE, Padrón municipal, tablas provinciales 2854–2909"
29067,2007,561250,"INE, Padrón municipal, tablas provinciales 2854–2909"
29067,2008,566447,"INE, Padrón municipal, tablas provinciales 2854–2909"
29067,2009,568305,"INE, Padrón municipal, tablas provinciales 2854–2909"
29067,2010,568507,"INE, Padrón municipal, tablas provinciales 2854–2909"
29067,2011,568030,"INE, Padrón municipal, tablas provinciales 2854–2909"
29067,2012,567433,"INE, Padrón municipal, tablas provinciales 2854–2909"
29067,2013,568479,"INE, Padrón municipal, tablas provinciales 2854–2909"
29067,2014,566913,"INE, Padrón municipal, tablas provinciales 2854–2909"
29067,2015,569130,"INE, Padrón municipal, tablas provinciales 2854–2909"
29067,2016,569009,"INE, Padrón municipal, tablas provinciales 2854–2909"
29067,2017,569002,"INE, Padrón municipal, tablas provinciales 2854–2909"
29067,2018,571026,"INE, Padrón municipal, tablas provinciales 2854–2909"
29067,2019,574654,"INE, Padrón municipal, tablas provinciales 2854–2909"
29067,2020,578460,"INE, Padrón municipal, tablas provinciales 2854–2909"
29067,2021,577405,"INE, Padrón municipal, tablas provinciales 2854–2909"
29067,2022,579076,"INE, Padrón municipal, tablas provinciales 2854–2909"
29067,2023,586384,"INE, Padrón municipal, tablas provinciales 2854–2909"
29067,2024,591637,"INE, Padrón municipal, tablas provinciales 2854–2909"
29067,2025,599063,"INE, Padrón municipal, tablas provinciales 2854–2909"
29069,1996,98823,"INE, Padrón municipal, tablas provinciales 2854–2909"
29069,1998,98377,"INE, Padrón municipal, tablas provinciales 2854–2909"
29069,1999,101144,"INE, Padrón municipal, tablas provinciales 2854–2909"
29069,2000,105910,"INE, Padrón municipal, tablas provinciales 2854–2909"
29069,2001,110847,"INE, Padrón municipal, tablas provinciales 2854–2909"
29069,2002,115871,"INE, Padrón municipal, tablas provinciales 2854–2909"
29069,2003,116234,"INE, Padrón municipal, tablas provinciales 2854–2909"
29069,2004,117353,"INE, Padrón municipal, tablas provinciales 2854–2909"
29069,2005,124333,"INE, Padrón municipal, tablas provinciales 2854–2909"
29069,2006,125519,"INE, Padrón municipal, tablas provinciales 2854–2909"
29069,2007,126422,"INE, Padrón municipal, tablas provinciales 2854–2909"
29069,2008,130549,"INE, Padrón municipal, tablas provinciales 2854–2909"
29069,2009,134623,"INE, Padrón municipal, tablas provinciales 2854–2909"
29069,2010,136322,"INE, Padrón municipal, tablas provinciales 2854–2909"
29069,2011,138662,"INE, Padrón municipal, tablas provinciales 2854–2909"
29069,2012,140473,"INE, Padrón municipal, tablas provinciales 2854–2909"
29069,2013,142018,"INE, Padrón municipal, tablas provinciales 2854–2909"
29069,2014,138679,"INE, Padrón municipal, tablas provinciales 2854–2909"
29069,2015,139537,"INE, Padrón municipal, tablas provinciales 2854–2909"
29069,2016,140744,"INE, Padrón municipal, tablas provinciales 2854–2909"
29069,2017,141172,"INE, Padrón municipal, tablas provinciales 2854–2909"
29069,2018,141463,"INE, Padrón municipal, tablas provinciales 2854–2909"
29069,2019,143386,"INE, Padrón municipal, tablas provinciales 2854–2909"
29069,2020,147633,"INE, Padrón municipal, tablas provinciales 2854–2909"
29069,2021,147958,"INE, Padrón municipal, tablas provinciales 2854–2909"
29069,2022,150725,"INE, Padrón municipal, tablas provinciales 2854–2909"
29069,2023,156295,"INE, Padrón municipal, tablas provinciales 2854–2909"
29069,2024,159000,"INE, Padrón municipal, tablas provinciales 2854–2909"
29069,2025,159786,"INE, Padrón municipal, tablas provinciales 2854–2909"
29070,1996,35423,"INE, Padrón municipal, tablas provinciales 2854–2909"
29070,1998,37490,"INE, Padrón municipal, tablas provinciales 2854–2909"
29070,1999,39302,"INE, Padrón municipal, tablas provinciales 2854–2909"
29070,2000,41912,"INE, Padrón municipal, tablas provinciales 2854–2909"
29070,2001,44741,"INE, Padrón municipal, tablas provinciales 2854–2909"
29070,2002,47565,"INE, Padrón municipal, tablas provinciales 2854–2909"
29070,2003,52189,"INE, Padrón municipal, tablas provinciales 2854–2909"
29070,2004,52573,"INE, Padrón municipal, tablas provinciales 2854–2909"
29070,2005,56838,"INE, Padrón municipal, tablas provinciales 2854–2909"
29070,2006,61147,"INE, Padrón municipal, tablas provinciales 2854–2909"
29070,2007,64288,"INE, Padrón municipal, tablas provinciales 2854–2909"
29070,2008,70437,"INE, Padrón municipal, tablas provinciales 2854–2909"
29070,2009,73787,"INE, Padrón municipal, tablas provinciales 2854–2909"
29070,2010,76362,"INE, Padrón municipal, tablas provinciales 2854–2909"
29070,2011,79262,"INE, Padrón municipal, tablas provinciales 2854–2909"
29070,2012,82124,"INE, Padrón municipal, tablas provinciales 2854–2909"
29070,2013,85600,"INE, Padrón municipal, tablas provinciales 2854–2909"
29070,2014,77521,"INE, Padrón municipal, tablas provinciales 2854–2909"
29070,2015,79483,"INE, Padrón municipal, tablas provinciales 2854–2909"
29070,2016,77769,"INE, Padrón municipal, tablas provinciales 2854–2909"
29070,2017,77151,"INE, Padrón municipal, tablas provinciales 2854–2909"
29070,2018,80630,"INE, Padrón municipal, tablas provinciales 2854–2909"
29070,2019,82742,"INE, Padrón municipal, tablas provinciales 2854–2909"
29070,2020,85397,"INE, Padrón municipal, tablas provinciales 2854–2909"
29070,2021,86744,"INE, Padrón municipal, tablas provinciales 2854–2909"
29070,2022,89502,"INE, Padrón municipal, tablas provinciales 2854–2909"
29070,2023,91691,"INE, Padrón municipal, tablas provinciales 2854–2909"
29070,2024,93302,"INE, Padrón municipal, tablas provinciales 2854–2909"
29070,2025,95104,"INE, Padrón municipal, tablas provinciales 2854–2909"
29082,1996,19247,"INE, Padrón municipal, tablas provinciales 2854–2909"
29082,1998,20629,"INE, Padrón municipal, tablas provinciales 2854–2909"
29082,1999,21721,"INE, Padrón municipal, tablas provinciales 2854–2909"
29082,2000,23029,"INE, Padrón municipal, tablas provinciales 2854–2909"
29082,2001,24224,"INE, Padrón municipal, tablas provinciales 2854–2909"
29082,2002,25682,"INE, Padrón municipal, tablas provinciales 2854–2909"
29082,2003,28007,"INE, Padrón municipal, tablas provinciales 2854–2909"
29082,2004,30169,"INE, Padrón municipal, tablas provinciales 2854–2909"
29082,2005,31996,"INE, Padrón municipal, tablas provinciales 2854–2909"
29082,2006,33817,"INE, Padrón municipal, tablas provinciales 2854–2909"
29082,2007,35714,"INE, Padrón municipal, tablas provinciales 2854–2909"
29082,2008,37145,"INE, Padrón municipal, tablas provinciales 2854–2909"
29082,2009,38666,"INE, Padrón municipal, tablas provinciales 2854–2909"
29082,2010,39922,"INE, Padrón municipal, tablas provinciales 2854–2909"
29082,2011,40339,"INE, Padrón municipal, tablas provinciales 2854–2909"
29082,2012,41216,"INE, Padrón municipal, tablas provinciales 2854–2909"
29082,2013,41827,"INE, Padrón municipal, tablas provinciales 2854–2909"
29082,2014,42688,"INE, Padrón municipal, tablas provinciales 2854–2909"
29082,2015,43135,"INE, Padrón municipal, tablas provinciales 2854–2909"
29082,2016,44003,"INE, Padrón municipal, tablas provinciales 2854–2909"
29082,2017,45138,"INE, Padrón municipal, tablas provinciales 2854–2909"
29082,2018,46093,"INE, Padrón municipal, tablas provinciales 2854–2909"
29082,2019,47179,"INE, Padrón municipal, tablas provinciales 2854–2909"
29082,2020,48768,"INE, Padrón municipal, tablas provinciales 2854–2909"
29082,2021,49790,"INE, Padrón municipal, tablas provinciales 2854–2909"
29082,2022,50569,"INE, Padrón municipal, tablas provinciales 2854–2909"
29082,2023,51300,"INE, Padrón municipal, tablas provinciales 2854–2909"
29082,2024,52230,"INE, Padrón municipal, tablas provinciales 2854–2909"
29082,2025,52454,"INE, Padrón municipal, tablas provinciales 2854–2909"
29084,1996,34385,"INE, Padrón municipal, tablas provinciales 2854–2909"
29084,1998,33806,"INE, Padrón municipal, tablas provinciales 2854–2909"
29084,1999,33806,"INE, Padrón municipal, tablas provinciales 2854–2909"
29084,2000,34021,"INE, Padrón municipal, tablas provinciales 2854–2909"
29084,2001,34214,"INE, Padrón municipal, tablas provinciales 2854–2909"
29084,2002,34470,"INE, Padrón municipal, tablas provinciales 2854–2909"
29084,2003,35137,"INE, Padrón municipal, tablas provinciales 2854–2909"
29084,2004,34948,"INE, Padrón municipal, tablas provinciales 2854–2909"
29084,2005,35512,"INE, Padrón municipal, tablas provinciales 2854–2909"
29084,2006,35836,"INE, Padrón municipal, tablas provinciales 2854–2909"
29084,2007,36122,"INE, Padrón municipal, tablas provinciales 2854–2909"
29084,2008,36532,"INE, Padrón municipal, tablas provinciales 2854–2909"
29084,2009,36827,"INE, Padrón municipal, tablas provinciales 2854–2909"
29084,2010,36909,"INE, Padrón municipal, tablas provinciales 2854–2909"
29084,2011,36793,"INE, Padrón municipal, tablas provinciales 2854–2909"
29084,2012,36698,"INE, Padrón municipal, tablas provinciales 2854–2909"
29084,2013,36665,"INE, Padrón municipal, tablas provinciales 2854–2909"
29084,2014,36208,"INE, Padrón municipal, tablas provinciales 2854–2909"
29084,2015,35676,"INE, Padrón municipal, tablas provinciales 2854–2909"
29084,2016,34381,"INE, Padrón municipal, tablas provinciales 2854–2909"
29084,2017,34268,"INE, Padrón municipal, tablas provinciales 2854–2909"
29084,2018,33978,"INE, Padrón municipal, tablas provinciales 2854–2909"
29084,2019,33877,"INE, Padrón municipal, tablas provinciales 2854–2909"
29084,2020,33730,"INE, Padrón municipal, tablas provinciales 2854–2909"
29084,2021,33624,"INE, Padrón municipal, tablas provinciales 2854–2909"
29084,2022,33401,"INE, Padrón municipal, tablas provinciales 2854–2909"
29084,2023,33329,"INE, Padrón municipal, tablas provinciales 2854–2909"
29084,2024,33451,"INE, Padrón municipal, tablas provinciales 2854–2909"
29084,2025,33671,"INE, Padrón municipal, tablas provinciales 2854–2909"
29094,1996,53071,"INE, Padrón municipal, tablas provinciales 2854–2909"
29094,1998,53816,"INE, Padrón municipal, tablas provinciales 2854–2909"
29094,1999,54796,"INE, Padrón municipal, tablas provinciales 2854–2909"
29094,2000,55156,"INE, Padrón municipal, tablas provinciales 2854–2909"
29094,2001,56233,"INE, Padrón municipal, tablas provinciales 2854–2909"
29094,2002,57457,"INE, Padrón municipal, tablas provinciales 2854–2909"
29094,2003,60197,"INE, Padrón municipal, tablas provinciales 2854–2909"
29094,2004,61797,"INE, Padrón municipal, tablas provinciales 2854–2909"
29094,2005,64919,"INE, Padrón municipal, tablas provinciales 2854–2909"
29094,2006,67697,"INE, Padrón municipal, tablas provinciales 2854–2909"
29094,2007,69604,"INE, Padrón municipal, tablas provinciales 2854–2909"
29094,2008,72842,"INE, Padrón municipal, tablas provinciales 2854–2909"
29094,2009,74190,"INE, Padrón municipal, tablas provinciales 2854–2909"
29094,2010,75623,"INE, Padrón municipal, tablas provinciales 2854–2909"
29094,2011,77004,"INE, Padrón municipal, tablas provinciales 2854–2909"
29094,2012,78467,"INE, Padrón municipal, tablas provinciales 2854–2909"
29094,2013,76911,"INE, Padrón municipal, tablas provinciales 2854–2909"
29094,2014,77808,"INE, Padrón municipal, tablas provinciales 2854–2909"
29094,2015,78166,"INE, Padrón municipal, tablas provinciales 2854–2909"
29094,2016,78890,"INE, Padrón municipal, tablas provinciales 2854–2909"
29094,2017,79878,"INE, Padrón municipal, tablas provinciales 2854–2909"
29094,2018,80817,"INE, Padrón municipal, tablas provinciales 2854–2909"
29094,2019,81643,"INE, Padrón municipal, tablas provinciales 2854–2909"
29094,2020,82365,"INE, Padrón municipal, tablas provinciales 2854–2909"
29094,2021,82967,"INE, Padrón municipal, tablas provinciales 2854–2909"
29094,2022,83899,"INE, Padrón municipal, tablas provinciales 2854–2909"
29094,2023,85377,"INE, Padrón municipal, tablas provinciales 2854–2909"
29094,2024,85990,"INE, Padrón municipal, tablas provinciales 2854–2909"
29094,2025,86048,"INE, Padrón municipal, tablas provinciales 2854–2909"
29901,1996,35408,"INE, Padrón municipal, tablas provinciales 2854–2909"
29901,1998,37235,"INE, Padrón municipal, tablas provinciales 2854–2909"
29901,1999,39068,"INE, Padrón municipal, tablas provinciales 2854–2909"
29901,2000,41281,"INE, Padrón municipal, tablas provinciales 2854–2909"
29901,2001,43613,"INE, Padrón municipal, tablas provinciales 2854–2909"
29901,2002,46683,"INE, Padrón municipal, tablas provinciales 2854–2909"
29901,2003,50649,"INE, Padrón municipal, tablas provinciales 2854–2909"
29901,2004,52354,"INE, Padrón municipal, tablas provinciales 2854–2909"
29901,2005,55479,"INE, Padrón municipal, tablas provinciales 2854–2909"
29901,2006,58683,"INE, Padrón municipal, tablas provinciales 2854–2909"
29901,2007,60010,"INE, Padrón municipal, tablas provinciales 2854–2909"
29901,2008,63077,"INE, Padrón municipal, tablas provinciales 2854–2909"
29901,2009,65448,"INE, Padrón municipal, tablas provinciales 2854–2909"
29901,2010,66957,"INE, Padrón municipal, tablas provinciales 2854–2909"
29901,2011,68181,"INE, Padrón municipal, tablas provinciales 2854–2909"
29901,2012,68961,"INE, Padrón municipal, tablas provinciales 2854–2909"
29901,2013,69389,"INE, Padrón municipal, tablas provinciales 2854–2909"
29901,2014,67353,"INE, Padrón municipal, tablas provinciales 2854–2909"
29901,2015,67492,"INE, Padrón municipal, tablas provinciales 2854–2909"
29901,2016,67786,"INE, Padrón municipal, tablas provinciales 2854–2909"
29901,2017,67701,"INE, Padrón municipal, tablas provinciales 2854–2909"
29901,2018,68262,"INE, Padrón municipal, tablas provinciales 2854–2909"
29901,2019,68661,"INE, Padrón municipal, tablas provinciales 2854–2909"
29901,2020,69166,"INE, Padrón municipal, tablas provinciales 2854–2909"
29901,2021,68056,"INE, Padrón municipal, tablas provinciales 2854–2909"
29901,2022,68819,"INE, Padrón municipal, tablas provinciales 2854–2909"
29901,2023,70434,"INE, Padrón municipal, tablas provinciales 2854–2909"
29901,2024,70933,"INE, Padrón municipal, tablas provinciales 2854–2909"
29901,2025,71329,"INE, Padrón municipal, tablas provinciales 2854–2909"
30003,1996,25702,"INE, Padrón municipal, tablas provinciales 2854–2909"
30003,1998,26197,"INE, Padrón municipal, tablas provinciales 2854–2909"
30003,1999,26773,"INE, Padrón municipal, tablas provinciales 2854–2909"
30003,2000,27559,"INE, Padrón municipal, tablas provinciales 2854–2909"
30003,2001,28226,"INE, Padrón municipal, tablas provinciales 2854–2909"
30003,2002,28888,"INE, Padrón municipal, tablas provinciales 2854–2909"
30003,2003,29642,"INE, Padrón municipal, tablas provinciales 2854–2909"
30003,2004,30263,"INE, Padrón municipal, tablas provinciales 2854–2909"
30003,2005,31218,"INE, Padrón municipal, tablas provinciales 2854–2909"
30003,2006,32450,"INE, Padrón municipal, tablas provinciales 2854–2909"
30003,2007,33134,"INE, Padrón municipal, tablas provinciales 2854–2909"
30003,2008,34101,"INE, Padrón municipal, tablas provinciales 2854–2909"
30003,2009,34533,"INE, Padrón municipal, tablas provinciales 2854–2909"
30003,2010,34900,"INE, Padrón municipal, tablas provinciales 2854–2909"
30003,2011,34990,"INE, Padrón municipal, tablas provinciales 2854–2909"
30003,2012,34828,"INE, Padrón municipal, tablas provinciales 2854–2909"
30003,2013,34930,"INE, Padrón municipal, tablas provinciales 2854–2909"
30003,2014,34632,"INE, Padrón municipal, tablas provinciales 2854–2909"
30003,2015,34772,"INE, Padrón municipal, tablas provinciales 2854–2909"
30003,2016,34706,"INE, Padrón municipal, tablas provinciales 2854–2909"
30003,2017,34758,"INE, Padrón municipal, tablas provinciales 2854–2909"
30003,2018,35031,"INE, Padrón municipal, tablas provinciales 2854–2909"
30003,2019,35301,"INE, Padrón municipal, tablas provinciales 2854–2909"
30003,2020,35722,"INE, Padrón municipal, tablas provinciales 2854–2909"
30003,2021,35956,"INE, Padrón municipal, tablas provinciales 2854–2909"
30003,2022,36403,"INE, Padrón municipal, tablas provinciales 2854–2909"
30003,2023,36862,"INE, Padrón municipal, tablas provinciales 2854–2909"
30003,2024,37417,"INE, Padrón municipal, tablas provinciales 2854–2909"
30003,2025,37811,"INE, Padrón municipal, tablas provinciales 2854–2909"
30005,1996,31872,"INE, Padrón municipal, tablas provinciales 2854–2909"
30005,1998,32667,"INE, Padrón municipal, tablas provinciales 2854–2909"
30005,1999,32982,"INE, Padrón municipal, tablas provinciales 2854–2909"
30005,2000,33453,"INE, Padrón municipal, tablas provinciales 2854–2909"
30005,2001,34263,"INE, Padrón municipal, tablas provinciales 2854–2909"
30005,2002,34997,"INE, Padrón municipal, tablas provinciales 2854–2909"
30005,2003,35916,"INE, Padrón municipal, tablas provinciales 2854–2909"
30005,2004,36496,"INE, Padrón municipal, tablas provinciales 2854–2909"
30005,2005,37439,"INE, Padrón municipal, tablas provinciales 2854–2909"
30005,2006,38584,"INE, Padrón municipal, tablas provinciales 2854–2909"
30005,2007,39636,"INE, Padrón municipal, tablas provinciales 2854–2909"
30005,2008,40458,"INE, Padrón municipal, tablas provinciales 2854–2909"
30005,2009,41084,"INE, Padrón municipal, tablas provinciales 2854–2909"
30005,2010,41326,"INE, Padrón municipal, tablas provinciales 2854–2909"
30005,2011,41568,"INE, Padrón municipal, tablas provinciales 2854–2909"
30005,2012,41381,"INE, Padrón municipal, tablas provinciales 2854–2909"
30005,2013,40695,"INE, Padrón municipal, tablas provinciales 2854–2909"
30005,2014,40907,"INE, Padrón municipal, tablas provinciales 2854–2909"
30005,2015,41021,"INE, Padrón municipal, tablas provinciales 2854–2909"
30005,2016,41155,"INE, Padrón municipal, tablas provinciales 2854–2909"
30005,2017,41331,"INE, Padrón municipal, tablas provinciales 2854–2909"
30005,2018,41622,"INE, Padrón municipal, tablas provinciales 2854–2909"
30005,2019,42048,"INE, Padrón municipal, tablas provinciales 2854–2909"
30005,2020,42345,"INE, Padrón municipal, tablas provinciales 2854–2909"
30005,2021,42559,"INE, Padrón municipal, tablas provinciales 2854–2909"
30005,2022,42630,"INE, Padrón municipal, tablas provinciales 2854–2909"
30005,2023,43049,"INE, Padrón municipal, tablas provinciales 2854–2909"
30005,2024,43547,"INE, Padrón municipal, tablas provinciales 2854–2909"
30005,2025,43876,"INE, Padrón municipal, tablas provinciales 2854–2909"
30015,1996,21824,"INE, Padrón municipal, tablas provinciales 2854–2909"
30015,1998,21924,"INE, Padrón municipal, tablas provinciales 2854–2909"
30015,1999,22269,"INE, Padrón municipal, tablas provinciales 2854–2909"
30015,2000,22250,"INE, Padrón municipal, tablas provinciales 2854–2909"
30015,2001,22880,"INE, Padrón municipal, tablas provinciales 2854–2909"
30015,2002,23362,"INE, Padrón municipal, tablas provinciales 2854–2909"
30015,2003,23847,"INE, Padrón municipal, tablas provinciales 2854–2909"
30015,2004,24179,"INE, Padrón municipal, tablas provinciales 2854–2909"
30015,2005,24664,"INE, Padrón municipal, tablas provinciales 2854–2909"
30015,2006,25257,"INE, Padrón municipal, tablas provinciales 2854–2909"
30015,2007,25688,"INE, Padrón municipal, tablas provinciales 2854–2909"
30015,2008,26240,"INE, Padrón municipal, tablas provinciales 2854–2909"
30015,2009,26415,"INE, Padrón municipal, tablas provinciales 2854–2909"
30015,2010,26449,"INE, Padrón municipal, tablas provinciales 2854–2909"
30015,2011,26438,"INE, Padrón municipal, tablas provinciales 2854–2909"
30015,2012,26415,"INE, Padrón municipal, tablas provinciales 2854–2909"
30015,2013,26024,"INE, Padrón municipal, tablas provinciales 2854–2909"
30015,2014,26280,"INE, Padrón municipal, tablas provinciales 2854–2909"
30015,2015,25851,"INE, Padrón municipal, tablas provinciales 2854–2909"
30015,2016,25591,"INE, Padrón municipal, tablas provinciales 2854–2909"
30015,2017,25633,"INE, Padrón municipal, tablas provinciales 2854–2909"
30015,2018,25730,"INE, Padrón municipal, tablas provinciales 2854–2909"
30015,2019,25760,"INE, Padrón municipal, tablas provinciales 2854–2909"
30015,2020,25688,"INE, Padrón municipal, tablas provinciales 2854–2909"
30015,2021,25611,"INE, Padrón municipal, tablas provinciales 2854–2909"
30015,2022,25722,"INE, Padrón municipal, tablas provinciales 2854–2909"
30015,2023,25756,"INE, Padrón municipal, tablas provinciales 2854–2909"
30015,2024,25996,"INE, Padrón municipal, tablas provinciales 2854–2909"
30015,2025,26126,"INE, Padrón municipal, tablas provinciales 2854–2909"
30016,1996,170483,"INE, Padrón municipal, tablas provinciales 2854–2909"
30016,1998,175628,"INE, Padrón municipal, tablas provinciales 2854–2909"
30016,1999,177709,"INE, Padrón municipal, tablas provinciales 2854–2909"
30016,2000,179939,"INE, Padrón municipal, tablas provinciales 2854–2909"
30016,2001,183799,"INE, Padrón municipal, tablas provinciales 2854–2909"
30016,2002,188003,"INE, Padrón municipal, tablas provinciales 2854–2909"
30016,2003,194203,"INE, Padrón municipal, tablas provinciales 2854–2909"
30016,2004,197665,"INE, Padrón municipal, tablas provinciales 2854–2909"
30016,2005,203945,"INE, Padrón municipal, tablas provinciales 2854–2909"
30016,2006,208609,"INE, Padrón municipal, tablas provinciales 2854–2909"
30016,2007,207286,"INE, Padrón municipal, tablas provinciales 2854–2909"
30016,2008,210376,"INE, Padrón municipal, tablas provinciales 2854–2909"
30016,2009,211996,"INE, Padrón municipal, tablas provinciales 2854–2909"
30016,2010,214165,"INE, Padrón municipal, tablas provinciales 2854–2909"
30016,2011,214918,"INE, Padrón municipal, tablas provinciales 2854–2909"
30016,2012,216655,"INE, Padrón municipal, tablas provinciales 2854–2909"
30016,2013,217641,"INE, Padrón municipal, tablas provinciales 2854–2909"
30016,2014,216451,"INE, Padrón municipal, tablas provinciales 2854–2909"
30016,2015,216301,"INE, Padrón municipal, tablas provinciales 2854–2909"
30016,2016,214759,"INE, Padrón municipal, tablas provinciales 2854–2909"
30016,2017,214177,"INE, Padrón municipal, tablas provinciales 2854–2909"
30016,2018,213943,"INE, Padrón municipal, tablas provinciales 2854–2909"
30016,2019,214802,"INE, Padrón municipal, tablas provinciales 2854–2909"
30016,2020,216108,"INE, Padrón municipal, tablas provinciales 2854–2909"
30016,2021,216365,"INE, Padrón municipal, tablas provinciales 2854–2909"
30016,2022,216961,"INE, Padrón municipal, tablas provinciales 2854–2909"
30016,2023,218050,"INE, Padrón municipal, tablas provinciales 2854–2909"
30016,2024,219777,"INE, Padrón municipal, tablas provinciales 2854–2909"
30016,2025,220704,"INE, Padrón municipal, tablas provinciales 2854–2909"
30019,1996,31680,"INE, Padrón municipal, tablas provinciales 2854–2909"
30019,1998,31637,"INE, Padrón municipal, tablas provinciales 2854–2909"
30019,1999,31725,"INE, Padrón municipal, tablas provinciales 2854–2909"
30019,2000,32126,"INE, Padrón municipal, tablas provinciales 2854–2909"
30019,2001,32935,"INE, Padrón municipal, tablas provinciales 2854–2909"
30019,2002,33223,"INE, Padrón municipal, tablas provinciales 2854–2909"
30019,2003,33701,"INE, Padrón municipal, tablas provinciales 2854–2909"
30019,2004,33825,"INE, Padrón municipal, tablas provinciales 2854–2909"
30019,2005,34318,"INE, Padrón municipal, tablas provinciales 2854–2909"
30019,2006,34735,"INE, Padrón municipal, tablas provinciales 2854–2909"
30019,2007,34898,"INE, Padrón municipal, tablas provinciales 2854–2909"
30019,2008,35144,"INE, Padrón municipal, tablas provinciales 2854–2909"
30019,2009,35200,"INE, Padrón municipal, tablas provinciales 2854–2909"
30019,2010,35385,"INE, Padrón municipal, tablas provinciales 2854–2909"
30019,2011,35425,"INE, Padrón municipal, tablas provinciales 2854–2909"
30019,2012,35351,"INE, Padrón municipal, tablas provinciales 2854–2909"
30019,2013,35240,"INE, Padrón municipal, tablas provinciales 2854–2909"
30019,2014,35064,"INE, Padrón municipal, tablas provinciales 2854–2909"
30019,2015,35115,"INE, Padrón municipal, tablas provinciales 2854–2909"
30019,2016,35134,"INE, Padrón municipal, tablas provinciales 2854–2909"
30019,2017,34987,"INE, Padrón municipal, tablas provinciales 2854–2909"
30019,2018,34889,"INE, Padrón municipal, tablas provinciales 2854–2909"
30019,2019,34988,"INE, Padrón municipal, tablas provinciales 2854–2909"
30019,2020,35283,"INE, Padrón municipal, tablas provinciales 2854–2909"
30019,2021,35301,"INE, Padrón municipal, tablas provinciales 2854–2909"
30019,2022,35298,"INE, Padrón municipal, tablas provinciales 2854–2909"
30019,2023,35286,"INE, Padrón municipal, tablas provinciales 2854–2909"
30019,2024,35361,"INE, Padrón municipal, tablas provinciales 2854–2909"
30019,2025,35577,"INE, Padrón municipal, tablas provinciales 2854–2909"
30022,1996,20439,"INE, Padrón municipal, tablas provinciales 2854–2909"
30022,1998,20420,"INE, Padrón municipal, tablas provinciales 2854–2909"
30022,1999,20573,"INE, Padrón municipal, tablas provinciales 2854–2909"
30022,2000,20854,"INE, Padrón municipal, tablas provinciales 2854–2909"
30022,2001,22250,"INE, Padrón municipal, tablas provinciales 2854–2909"
30022,2002,22968,"INE, Padrón municipal, tablas provinciales 2854–2909"
30022,2003,23666,"INE, Padrón municipal, tablas provinciales 2854–2909"
30022,2004,23958,"INE, Padrón municipal, tablas provinciales 2854–2909"
30022,2005,24188,"INE, Padrón municipal, tablas provinciales 2854–2909"
30022,2006,24124,"INE, Padrón municipal, tablas provinciales 2854–2909"
30022,2007,24596,"INE, Padrón municipal, tablas provinciales 2854–2909"
30022,2008,25348,"INE, Padrón municipal, tablas provinciales 2854–2909"
30022,2009,25685,"INE, Padrón municipal, tablas provinciales 2854–2909"
30022,2010,26015,"INE, Padrón municipal, tablas provinciales 2854–2909"
30022,2011,25926,"INE, Padrón municipal, tablas provinciales 2854–2909"
30022,2012,25711,"INE, Padrón municipal, tablas provinciales 2854–2909"
30022,2013,25710,"INE, Padrón municipal, tablas provinciales 2854–2909"
30022,2014,25476,"INE, Padrón municipal, tablas provinciales 2854–2909"
30022,2015,25484,"INE, Padrón municipal, tablas provinciales 2854–2909"
30022,2016,25362,"INE, Padrón municipal, tablas provinciales 2854–2909"
30022,2017,25672,"INE, Padrón municipal, tablas provinciales 2854–2909"
30022,2018,25547,"INE, Padrón municipal, tablas provinciales 2854–2909"
30022,2019,25600,"INE, Padrón municipal, tablas provinciales 2854–2909"
30022,2020,25994,"INE, Padrón municipal, tablas provinciales 2854–2909"
30022,2021,26234,"INE, Padrón municipal, tablas provinciales 2854–2909"
30022,2022,26596,"INE, Padrón municipal, tablas provinciales 2854–2909"
30022,2023,26784,"INE, Padrón municipal, tablas provinciales 2854–2909"
30022,2024,27263,"INE, Padrón municipal, tablas provinciales 2854–2909"
30022,2025,27574,"INE, Padrón municipal, tablas provinciales 2854–2909"
30024,1996,69045,"INE, Padrón municipal, tablas provinciales 2854–2909"
30024,1998,69930,"INE, Padrón municipal, tablas provinciales 2854–2909"
30024,1999,70689,"INE, Padrón municipal, tablas provinciales 2854–2909"
30024,2000,72000,"INE, Padrón municipal, tablas provinciales 2854–2909"
30024,2001,77075,"INE, Padrón municipal, tablas provinciales 2854–2909"
30024,2002,79481,"INE, Padrón municipal, tablas provinciales 2854–2909"
30024,2003,82511,"INE, Padrón municipal, tablas provinciales 2854–2909"
30024,2004,84245,"INE, Padrón municipal, tablas provinciales 2854–2909"
30024,2005,87153,"INE, Padrón municipal, tablas provinciales 2854–2909"
30024,2006,89936,"INE, Padrón municipal, tablas provinciales 2854–2909"
30024,2007,89606,"INE, Padrón municipal, tablas provinciales 2854–2909"
30024,2008,90924,"INE, Padrón municipal, tablas provinciales 2854–2909"
30024,2009,91906,"INE, Padrón municipal, tablas provinciales 2854–2909"
30024,2010,92694,"INE, Padrón municipal, tablas provinciales 2854–2909"
30024,2011,92869,"INE, Padrón municipal, tablas provinciales 2854–2909"
30024,2012,92865,"INE, Padrón municipal, tablas provinciales 2854–2909"
30024,2013,92718,"INE, Padrón municipal, tablas provinciales 2854–2909"
30024,2014,91759,"INE, Padrón municipal, tablas provinciales 2854–2909"
30024,2015,91714,"INE, Padrón municipal, tablas provinciales 2854–2909"
30024,2016,91730,"INE, Padrón municipal, tablas provinciales 2854–2909"
30024,2017,92299,"INE, Padrón municipal, tablas provinciales 2854–2909"
30024,2018,93079,"INE, Padrón municipal, tablas provinciales 2854–2909"
30024,2019,94404,"INE, Padrón municipal, tablas provinciales 2854–2909"
30024,2020,95515,"INE, Padrón municipal, tablas provinciales 2854–2909"
30024,2021,96238,"INE, Padrón municipal, tablas provinciales 2854–2909"
30024,2022,97151,"INE, Padrón municipal, tablas provinciales 2854–2909"
30024,2023,98447,"INE, Padrón municipal, tablas provinciales 2854–2909"
30024,2024,98334,"INE, Padrón municipal, tablas provinciales 2854–2909"
30024,2025,98969,"INE, Padrón municipal, tablas provinciales 2854–2909"
30026,1996,16142,"INE, Padrón municipal, tablas provinciales 2854–2909"
30026,1998,16829,"INE, Padrón municipal, tablas provinciales 2854–2909"
30026,1999,17478,"INE, Padrón municipal, tablas provinciales 2854–2909"
30026,2000,18847,"INE, Padrón municipal, tablas provinciales 2854–2909"
30026,2001,21229,"INE, Padrón municipal, tablas provinciales 2854–2909"
30026,2002,23025,"INE, Padrón municipal, tablas provinciales 2854–2909"
30026,2003,24969,"INE, Padrón municipal, tablas provinciales 2854–2909"
30026,2004,26122,"INE, Padrón municipal, tablas provinciales 2854–2909"
30026,2005,28889,"INE, Padrón municipal, tablas provinciales 2854–2909"
30026,2006,30841,"INE, Padrón municipal, tablas provinciales 2854–2909"
30026,2007,32616,"INE, Padrón municipal, tablas provinciales 2854–2909"
30026,2008,34351,"INE, Padrón municipal, tablas provinciales 2854–2909"
30026,2009,35221,"INE, Padrón municipal, tablas provinciales 2854–2909"
30026,2010,35464,"INE, Padrón municipal, tablas provinciales 2854–2909"
30026,2011,35473,"INE, Padrón municipal, tablas provinciales 2854–2909"
30026,2012,35408,"INE, Padrón municipal, tablas provinciales 2854–2909"
30026,2013,35661,"INE, Padrón municipal, tablas provinciales 2854–2909"
30026,2014,32718,"INE, Padrón municipal, tablas provinciales 2854–2909"
30026,2015,32150,"INE, Padrón municipal, tablas provinciales 2854–2909"
30026,2016,30704,"INE, Padrón municipal, tablas provinciales 2854–2909"
30026,2017,30996,"INE, Padrón municipal, tablas provinciales 2854–2909"
30026,2018,31562,"INE, Padrón municipal, tablas provinciales 2854–2909"
30026,2019,32209,"INE, Padrón municipal, tablas provinciales 2854–2909"
30026,2020,32839,"INE, Padrón municipal, tablas provinciales 2854–2909"
30026,2021,32988,"INE, Padrón municipal, tablas provinciales 2854–2909"
30026,2022,33700,"INE, Padrón municipal, tablas provinciales 2854–2909"
30026,2023,34462,"INE, Padrón municipal, tablas provinciales 2854–2909"
30026,2024,35099,"INE, Padrón municipal, tablas provinciales 2854–2909"
30026,2025,35449,"INE, Padrón municipal, tablas provinciales 2854–2909"
30027,1996,41109,"INE, Padrón municipal, tablas provinciales 2854–2909"
30027,1998,42008,"INE, Padrón municipal, tablas provinciales 2854–2909"
30027,1999,43097,"INE, Padrón municipal, tablas provinciales 2854–2909"
30027,2000,44389,"INE, Padrón municipal, tablas provinciales 2854–2909"
30027,2001,46252,"INE, Padrón municipal, tablas provinciales 2854–2909"
30027,2002,48421,"INE, Padrón municipal, tablas provinciales 2854–2909"
30027,2003,50545,"INE, Padrón municipal, tablas provinciales 2854–2909"
30027,2004,52588,"INE, Padrón municipal, tablas provinciales 2854–2909"
30027,2005,54673,"INE, Padrón municipal, tablas provinciales 2854–2909"
30027,2006,57431,"INE, Padrón municipal, tablas provinciales 2854–2909"
30027,2007,59365,"INE, Padrón municipal, tablas provinciales 2854–2909"
30027,2008,62407,"INE, Padrón municipal, tablas provinciales 2854–2909"
30027,2009,64065,"INE, Padrón municipal, tablas provinciales 2854–2909"
30027,2010,65815,"INE, Padrón municipal, tablas provinciales 2854–2909"
30027,2011,66775,"INE, Padrón municipal, tablas provinciales 2854–2909"
30027,2012,67382,"INE, Padrón municipal, tablas provinciales 2854–2909"
30027,2013,68450,"INE, Padrón municipal, tablas provinciales 2854–2909"
30027,2014,68775,"INE, Padrón municipal, tablas provinciales 2854–2909"
30027,2015,69331,"INE, Padrón municipal, tablas provinciales 2854–2909"
30027,2016,69614,"INE, Padrón municipal, tablas provinciales 2854–2909"
30027,2017,70344,"INE, Padrón municipal, tablas provinciales 2854–2909"
30027,2018,70964,"INE, Padrón municipal, tablas provinciales 2854–2909"
30027,2019,71890,"INE, Padrón municipal, tablas provinciales 2854–2909"
30027,2020,73095,"INE, Padrón municipal, tablas provinciales 2854–2909"
30027,2021,73498,"INE, Padrón municipal, tablas provinciales 2854–2909"
30027,2022,74762,"INE, Padrón municipal, tablas provinciales 2854–2909"
30027,2023,76074,"INE, Padrón municipal, tablas provinciales 2854–2909"
30027,2024,77493,"INE, Padrón municipal, tablas provinciales 2854–2909"
30027,2025,78458,"INE, Padrón municipal, tablas provinciales 2854–2909"
30030,1996,345759,"INE, Padrón municipal, tablas provinciales 2854–2909"
30030,1998,349040,"INE, Padrón municipal, tablas provinciales 2854–2909"
30030,1999,353504,"INE, Padrón municipal, tablas provinciales 2854–2909"
30030,2000,357166,"INE, Padrón municipal, tablas provinciales 2854–2909"
30030,2001,367189,"INE, Padrón municipal, tablas provinciales 2854–2909"
30030,2002,377888,"INE, Padrón municipal, tablas provinciales 2854–2909"
30030,2003,391146,"INE, Padrón municipal, tablas provinciales 2854–2909"
30030,2004,398815,"INE, Padrón municipal, tablas provinciales 2854–2909"
30030,2005,409810,"INE, Padrón municipal, tablas provinciales 2854–2909"
30030,2006,416996,"INE, Padrón municipal, tablas provinciales 2854–2909"
30030,2007,422861,"INE, Padrón municipal, tablas provinciales 2854–2909"
30030,2008,430571,"INE, Padrón municipal, tablas provinciales 2854–2909"
30030,2009,436870,"INE, Padrón municipal, tablas provinciales 2854–2909"
30030,2010,441345,"INE, Padrón municipal, tablas provinciales 2854–2909"
30030,2011,442203,"INE, Padrón municipal, tablas provinciales 2854–2909"
30030,2012,441354,"INE, Padrón municipal, tablas provinciales 2854–2909"
30030,2013,438246,"INE, Padrón municipal, tablas provinciales 2854–2909"
30030,2014,439712,"INE, Padrón municipal, tablas provinciales 2854–2909"
30030,2015,439889,"INE, Padrón municipal, tablas provinciales 2854–2909"
30030,2016,441003,"INE, Padrón municipal, tablas provinciales 2854–2909"
30030,2017,443243,"INE, Padrón municipal, tablas provinciales 2854–2909"
30030,2018,447182,"INE, Padrón municipal, tablas provinciales 2854–2909"
30030,2019,453258,"INE, Padrón municipal, tablas provinciales 2854–2909"
30030,2020,459403,"INE, Padrón municipal, tablas provinciales 2854–2909"
30030,2021,460349,"INE, Padrón municipal, tablas provinciales 2854–2909"
30030,2022,462979,"INE, Padrón municipal, tablas provinciales 2854–2909"
30030,2023,469177,"INE, Padrón municipal, tablas provinciales 2854–2909"
30030,2024,474617,"INE, Padrón municipal, tablas provinciales 2854–2909"
30030,2025,479405,"INE, Padrón municipal, tablas provinciales 2854–2909"
30035,1996,16773,"INE, Padrón municipal, tablas provinciales 2854–2909"
30035,1998,17523,"INE, Padrón municipal, tablas provinciales 2854–2909"
30035,1999,18267,"INE, Padrón municipal, tablas provinciales 2854–2909"
30035,2000,18925,"INE, Padrón municipal, tablas provinciales 2854–2909"
30035,2001,20402,"INE, Padrón municipal, tablas provinciales 2854–2909"
30035,2002,21782,"INE, Padrón municipal, tablas provinciales 2854–2909"
30035,2003,23481,"INE, Padrón municipal, tablas provinciales 2854–2909"
30035,2004,24686,"INE, Padrón municipal, tablas provinciales 2854–2909"
30035,2005,26337,"INE, Padrón municipal, tablas provinciales 2854–2909"
30035,2006,27622,"INE, Padrón municipal, tablas provinciales 2854–2909"
30035,2007,29167,"INE, Padrón municipal, tablas provinciales 2854–2909"
30035,2008,30653,"INE, Padrón municipal, tablas provinciales 2854–2909"
30035,2009,31432,"INE, Padrón municipal, tablas provinciales 2854–2909"
30035,2010,31820,"INE, Padrón municipal, tablas provinciales 2854–2909"
30035,2011,32366,"INE, Padrón municipal, tablas provinciales 2854–2909"
30035,2012,32641,"INE, Padrón municipal, tablas provinciales 2854–2909"
30035,2013,32786,"INE, Padrón municipal, tablas provinciales 2854–2909"
30035,2014,31988,"INE, Padrón municipal, tablas provinciales 2854–2909"
30035,2015,31915,"INE, Padrón municipal, tablas provinciales 2854–2909"
30035,2016,31782,"INE, Padrón municipal, tablas provinciales 2854–2909"
30035,2017,31695,"INE, Padrón municipal, tablas provinciales 2854–2909"
30035,2018,31905,"INE, Padrón municipal, tablas provinciales 2854–2909"
30035,2019,32489,"INE, Padrón municipal, tablas provinciales 2854–2909"
30035,2020,33129,"INE, Padrón municipal, tablas provinciales 2854–2909"
30035,2021,33645,"INE, Padrón municipal, tablas provinciales 2854–2909"
30035,2022,34468,"INE, Padrón municipal, tablas provinciales 2854–2909"
30035,2023,35241,"INE, Padrón municipal, tablas provinciales 2854–2909"
30035,2024,35872,"INE, Padrón municipal, tablas provinciales 2854–2909"
30035,2025,36524,"INE, Padrón municipal, tablas provinciales 2854–2909"
30037,1996,20345,"INE, Padrón municipal, tablas provinciales 2854–2909"
30037,1998,21301,"INE, Padrón municipal, tablas provinciales 2854–2909"
30037,1999,21937,"INE, Padrón municipal, tablas provinciales 2854–2909"
30037,2000,22719,"INE, Padrón municipal, tablas provinciales 2854–2909"
30037,2001,24152,"INE, Padrón municipal, tablas provinciales 2854–2909"
30037,2002,25721,"INE, Padrón municipal, tablas provinciales 2854–2909"
30037,2003,27092,"INE, Padrón municipal, tablas provinciales 2854–2909"
30037,2004,26806,"INE, Padrón municipal, tablas provinciales 2854–2909"
30037,2005,27400,"INE, Padrón municipal, tablas provinciales 2854–2909"
30037,2006,28152,"INE, Padrón municipal, tablas provinciales 2854–2909"
30037,2007,29187,"INE, Padrón municipal, tablas provinciales 2854–2909"
30037,2008,30351,"INE, Padrón municipal, tablas provinciales 2854–2909"
30037,2009,31495,"INE, Padrón municipal, tablas provinciales 2854–2909"
30037,2010,32471,"INE, Padrón municipal, tablas provinciales 2854–2909"
30037,2011,33218,"INE, Padrón municipal, tablas provinciales 2854–2909"
30037,2012,33911,"INE, Padrón municipal, tablas provinciales 2854–2909"
30037,2013,33575,"INE, Padrón municipal, tablas provinciales 2854–2909"
30037,2014,34151,"INE, Padrón municipal, tablas provinciales 2854–2909"
30037,2015,34469,"INE, Padrón municipal, tablas provinciales 2854–2909"
30037,2016,34630,"INE, Padrón municipal, tablas provinciales 2854–2909"
30037,2017,35198,"INE, Padrón municipal, tablas provinciales 2854–2909"
30037,2018,35614,"INE, Padrón municipal, tablas provinciales 2854–2909"
30037,2019,35676,"INE, Padrón municipal, tablas provinciales 2854–2909"
30037,2020,36464,"INE, Padrón municipal, tablas provinciales 2854–2909"
30037,2021,37299,"INE, Padrón municipal, tablas provinciales 2854–2909"
30037,2022,38140,"INE, Padrón municipal, tablas provinciales 2854–2909"
30037,2023,39037,"INE, Padrón municipal, tablas provinciales 2854–2909"
30037,2024,40074,"INE, Padrón municipal, tablas provinciales 2854–2909"
30037,2025,41479,"INE, Padrón municipal, tablas provinciales 2854–2909"
30039,1996,21441,"INE, Padrón municipal, tablas provinciales 2854–2909"
30039,1998,21666,"INE, Padrón municipal, tablas provinciales 2854–2909"
30039,1999,21973,"INE, Padrón municipal, tablas provinciales 2854–2909"
30039,2000,22359,"INE, Padrón municipal, tablas provinciales 2854–2909"
30039,2001,23756,"INE, Padrón municipal, tablas provinciales 2854–2909"
30039,2002,25332,"INE, Padrón municipal, tablas provinciales 2854–2909"
30039,2003,26361,"INE, Padrón municipal, tablas provinciales 2854–2909"
30039,2004,26435,"INE, Padrón municipal, tablas provinciales 2854–2909"
30039,2005,27714,"INE, Padrón municipal, tablas provinciales 2854–2909"
30039,2006,28360,"INE, Padrón municipal, tablas provinciales 2854–2909"
30039,2007,28742,"INE, Padrón municipal, tablas provinciales 2854–2909"
30039,2008,28976,"INE, Padrón municipal, tablas provinciales 2854–2909"
30039,2009,29211,"INE, Padrón municipal, tablas provinciales 2854–2909"
30039,2010,29333,"INE, Padrón municipal, tablas provinciales 2854–2909"
30039,2011,29961,"INE, Padrón municipal, tablas provinciales 2854–2909"
30039,2012,30549,"INE, Padrón municipal, tablas provinciales 2854–2909"
30039,2013,30448,"INE, Padrón municipal, tablas provinciales 2854–2909"
30039,2014,30669,"INE, Padrón municipal, tablas provinciales 2854–2909"
30039,2015,30916,"INE, Padrón municipal, tablas provinciales 2854–2909"
30039,2016,30981,"INE, Padrón municipal, tablas provinciales 2854–2909"
30039,2017,31394,"INE, Padrón municipal, tablas provinciales 2854–2909"
30039,2018,31639,"INE, Padrón municipal, tablas provinciales 2854–2909"
30039,2019,32008,"INE, Padrón municipal, tablas provinciales 2854–2909"
30039,2020,32529,"INE, Padrón municipal, tablas provinciales 2854–2909"
30039,2021,32316,"INE, Padrón municipal, tablas provinciales 2854–2909"
30039,2022,32329,"INE, Padrón municipal, tablas provinciales 2854–2909"
30039,2023,33149,"INE, Padrón municipal, tablas provinciales 2854–2909"
30039,2024,33663,"INE, Padrón municipal, tablas provinciales 2854–2909"
30039,2025,33358,"INE, Padrón municipal, tablas provinciales 2854–2909"
30043,1996,28415,"INE, Padrón municipal, tablas provinciales 2854–2909"
30043,1998,28522,"INE, Padrón municipal, tablas provinciales 2854–2909"
30043,1999,28772,"INE, Padrón municipal, tablas provinciales 2854–2909"
30043,2000,29319,"INE, Padrón municipal, tablas provinciales 2854–2909"
30043,2001,30872,"INE, Padrón municipal, tablas provinciales 2854–2909"
30043,2002,31716,"INE, Padrón municipal, tablas provinciales 2854–2909"
30043,2003,32468,"INE, Padrón municipal, tablas provinciales 2854–2909"
30043,2004,32988,"INE, Padrón municipal, tablas provinciales 2854–2909"
30043,2005,33553,"INE, Padrón municipal, tablas provinciales 2854–2909"
30043,2006,33964,"INE, Padrón municipal, tablas provinciales 2854–2909"
30043,2007,34161,"INE, Padrón municipal, tablas provinciales 2854–2909"
30043,2008,34869,"INE, Padrón municipal, tablas provinciales 2854–2909"
30043,2009,35025,"INE, Padrón municipal, tablas provinciales 2854–2909"
30043,2010,34945,"INE, Padrón municipal, tablas provinciales 2854–2909"
30043,2011,34813,"INE, Padrón municipal, tablas provinciales 2854–2909"
30043,2012,34601,"INE, Padrón municipal, tablas provinciales 2854–2909"
30043,2013,34393,"INE, Padrón municipal, tablas provinciales 2854–2909"
30043,2014,34130,"INE, Padrón municipal, tablas provinciales 2854–2909"
30043,2015,34100,"INE, Padrón municipal, tablas provinciales 2854–2909"
30043,2016,34037,"INE, Padrón municipal, tablas provinciales 2854–2909"
30043,2017,34092,"INE, Padrón municipal, tablas provinciales 2854–2909"
30043,2018,34234,"INE, Padrón municipal, tablas provinciales 2854–2909"
30043,2019,34432,"INE, Padrón municipal, tablas provinciales 2854–2909"
30043,2020,34834,"INE, Padrón municipal, tablas provinciales 2854–2909"
30043,2021,35083,"INE, Padrón municipal, tablas provinciales 2854–2909"
30043,2022,35234,"INE, Padrón municipal, tablas provinciales 2854–2909"
30043,2023,35521,"INE, Padrón municipal, tablas provinciales 2854–2909"
30043,2024,35957,"INE, Padrón municipal, tablas provinciales 2854–2909"
30043,2025,36453,"INE, Padrón municipal, tablas provinciales 2854–2909"
31201,1996,166279,"INE, Padrón municipal, tablas provinciales 2854–2909"
31201,1998,171150,"INE, Padrón municipal, tablas provinciales 2854–2909"
31201,1999,180483,"INE, Padrón municipal, tablas provinciales 2854–2909"
31201,2000,182666,"INE, Padrón municipal, tablas provinciales 2854–2909"
31201,2001,186245,"INE, Padrón municipal, tablas provinciales 2854–2909"
31201,2002,189364,"INE, Padrón municipal, tablas provinciales 2854–2909"
31201,2003,190937,"INE, Padrón municipal, tablas provinciales 2854–2909"
31201,2004,191865,"INE, Padrón municipal, tablas provinciales 2854–2909"
31201,2005,193328,"INE, Padrón municipal, tablas provinciales 2854–2909"
31201,2006,195769,"INE, Padrón municipal, tablas provinciales 2854–2909"
31201,2007,194894,"INE, Padrón municipal, tablas provinciales 2854–2909"
31201,2008,197275,"INE, Padrón municipal, tablas provinciales 2854–2909"
31201,2009,198491,"INE, Padrón municipal, tablas provinciales 2854–2909"
31201,2010,197488,"INE, Padrón municipal, tablas provinciales 2854–2909"
31201,2011,197932,"INE, Padrón municipal, tablas provinciales 2854–2909"
31201,2012,197604,"INE, Padrón municipal, tablas provinciales 2854–2909"
31201,2013,196955,"INE, Padrón municipal, tablas provinciales 2854–2909"
31201,2014,196166,"INE, Padrón municipal, tablas provinciales 2854–2909"
31201,2015,195853,"INE, Padrón municipal, tablas provinciales 2854–2909"
31201,2016,195650,"INE, Padrón municipal, tablas provinciales 2854–2909"
31201,2017,197138,"INE, Padrón municipal, tablas provinciales 2854–2909"
31201,2018,199066,"INE, Padrón municipal, tablas provinciales 2854–2909"
31201,2019,201653,"INE, Padrón municipal, tablas provinciales 2854–2909"
31201,2020,203944,"INE, Padrón municipal, tablas provinciales 2854–2909"
31201,2021,203081,"INE, Padrón municipal, tablas provinciales 2854–2909"
31201,2022,203418,"INE, Padrón municipal, tablas provinciales 2854–2909"
31201,2023,205762,"INE, Padrón municipal, tablas provinciales 2854–2909"
31201,2024,207777,"INE, Padrón municipal, tablas provinciales 2854–2909"
31201,2025,209094,"INE, Padrón municipal, tablas provinciales 2854–2909"
31232,1996,26857,"INE, Padrón municipal, tablas provinciales 2854–2909"
31232,1998,27188,"INE, Padrón municipal, tablas provinciales 2854–2909"
31232,1999,27602,"INE, Padrón municipal, tablas provinciales 2854–2909"
31232,2000,27819,"INE, Padrón municipal, tablas provinciales 2854–2909"
31232,2001,28998,"INE, Padrón municipal, tablas provinciales 2854–2909"
31232,2002,30355,"INE, Padrón municipal, tablas provinciales 2854–2909"
31232,2003,31228,"INE, Padrón municipal, tablas provinciales 2854–2909"
31232,2004,31659,"INE, Padrón municipal, tablas provinciales 2854–2909"
31232,2005,32345,"INE, Padrón municipal, tablas provinciales 2854–2909"
31232,2006,32802,"INE, Padrón municipal, tablas provinciales 2854–2909"
31232,2007,32760,"INE, Padrón municipal, tablas provinciales 2854–2909"
31232,2008,33910,"INE, Padrón municipal, tablas provinciales 2854–2909"
31232,2009,34717,"INE, Padrón municipal, tablas provinciales 2854–2909"
31232,2010,35268,"INE, Padrón municipal, tablas provinciales 2854–2909"
31232,2011,35429,"INE, Padrón municipal, tablas provinciales 2854–2909"
31232,2012,35358,"INE, Padrón municipal, tablas provinciales 2854–2909"
31232,2013,35369,"INE, Padrón municipal, tablas provinciales 2854–2909"
31232,2014,35062,"INE, Padrón municipal, tablas provinciales 2854–2909"
31232,2015,35388,"INE, Padrón municipal, tablas provinciales 2854–2909"
31232,2016,35170,"INE, Padrón municipal, tablas provinciales 2854–2909"
31232,2017,35298,"INE, Padrón municipal, tablas provinciales 2854–2909"
31232,2018,35593,"INE, Padrón municipal, tablas provinciales 2854–2909"
31232,2019,36258,"INE, Padrón municipal, tablas provinciales 2854–2909"
31232,2020,37042,"INE, Padrón municipal, tablas provinciales 2854–2909"
31232,2021,37008,"INE, Padrón municipal, tablas provinciales 2854–2909"
31232,2022,37247,"INE, Padrón municipal, tablas provinciales 2854–2909"
31232,2023,37791,"INE, Padrón municipal, tablas provinciales 2854–2909"
31232,2024,38685,"INE, Padrón municipal, tablas provinciales 2854–2909"
31232,2025,38903,"INE, Padrón municipal, tablas provinciales 2854–2909"
32054,1996,107060,"INE, Padrón municipal, tablas provinciales 2854–2909"
32054,1998,107965,"INE, Padrón municipal, tablas provinciales 2854–2909"
32054,1999,109120,"INE, Padrón municipal, tablas provinciales 2854–2909"
32054,2000,108647,"INE, Padrón municipal, tablas provinciales 2854–2909"
32054,2001,109051,"INE, Padrón municipal, tablas provinciales 2854–2909"
32054,2002,109011,"INE, Padrón municipal, tablas provinciales 2854–2909"
32054,2003,109475,"INE, Padrón municipal, tablas provinciales 2854–2909"
32054,2004,108600,"INE, Padrón municipal, tablas provinciales 2854–2909"
32054,2005,108358,"INE, Padrón municipal, tablas provinciales 2854–2909"
32054,2006,108137,"INE, Padrón municipal, tablas provinciales 2854–2909"
32054,2007,107186,"INE, Padrón municipal, tablas provinciales 2854–2909"
32054,2008,107057,"INE, Padrón municipal, tablas provinciales 2854–2909"
32054,2009,107742,"INE, Padrón municipal, tablas provinciales 2854–2909"
32054,2010,108673,"INE, Padrón municipal, tablas provinciales 2854–2909"
32054,2011,108002,"INE, Padrón municipal, tablas provinciales 2854–2909"
32054,2012,107597,"INE, Padrón municipal, tablas provinciales 2854–2909"
32054,2013,107542,"INE, Padrón municipal, tablas provinciales 2854–2909"
32054,2014,106905,"INE, Padrón municipal, tablas provinciales 2854–2909"
32054,2015,106231,"INE, Padrón municipal, tablas provinciales 2854–2909"
32054,2016,105893,"INE, Padrón municipal, tablas provinciales 2854–2909"
32054,2017,105636,"INE, Padrón municipal, tablas provinciales 2854–2909"
32054,2018,105505,"INE, Padrón municipal, tablas provinciales 2854–2909"
32054,2019,105233,"INE, Padrón municipal, tablas provinciales 2854–2909"
32054,2020,105643,"INE, Padrón municipal, tablas provinciales 2854–2909"
32054,2021,104596,"INE, Padrón municipal, tablas provinciales 2854–2909"
32054,2022,103756,"INE, Padrón municipal, tablas provinciales 2854–2909"
32054,2023,104250,"INE, Padrón municipal, tablas provinciales 2854–2909"
32054,2024,104891,"INE, Padrón municipal, tablas provinciales 2854–2909"
32054,2025,105769,"INE, Padrón municipal, tablas provinciales 2854–2909"
33004,1996,85696,"INE, Padrón municipal, tablas provinciales 2854–2909"
33004,1998,84835,"INE, Padrón municipal, tablas provinciales 2854–2909"
33004,1999,84519,"INE, Padrón municipal, tablas provinciales 2854–2909"
33004,2000,83930,"INE, Padrón municipal, tablas provinciales 2854–2909"
33004,2001,83553,"INE, Padrón municipal, tablas provinciales 2854–2909"
33004,2002,83511,"INE, Padrón municipal, tablas provinciales 2854–2909"
33004,2003,84182,"INE, Padrón municipal, tablas provinciales 2854–2909"
33004,2004,83899,"INE, Padrón municipal, tablas provinciales 2854–2909"
33004,2005,83855,"INE, Padrón municipal, tablas provinciales 2854–2909"
33004,2006,83538,"INE, Padrón municipal, tablas provinciales 2854–2909"
33004,2007,83320,"INE, Padrón municipal, tablas provinciales 2854–2909"
33004,2008,83517,"INE, Padrón municipal, tablas provinciales 2854–2909"
33004,2009,84242,"INE, Padrón municipal, tablas provinciales 2854–2909"
33004,2010,84202,"INE, Padrón municipal, tablas provinciales 2854–2909"
33004,2011,83617,"INE, Padrón municipal, tablas provinciales 2854–2909"
33004,2012,83107,"INE, Padrón municipal, tablas provinciales 2854–2909"
33004,2013,82568,"INE, Padrón municipal, tablas provinciales 2854–2909"
33004,2014,81659,"INE, Padrón municipal, tablas provinciales 2854–2909"
33004,2015,80880,"INE, Padrón municipal, tablas provinciales 2854–2909"
33004,2016,80114,"INE, Padrón municipal, tablas provinciales 2854–2909"
33004,2017,79514,"INE, Padrón municipal, tablas provinciales 2854–2909"
33004,2018,78715,"INE, Padrón municipal, tablas provinciales 2854–2909"
33004,2019,78182,"INE, Padrón municipal, tablas provinciales 2854–2909"
33004,2020,77791,"INE, Padrón municipal, tablas provinciales 2854–2909"
33004,2021,76874,"INE, Padrón municipal, tablas provinciales 2854–2909"
33004,2022,75877,"INE, Padrón municipal, tablas provinciales 2854–2909"
33004,2023,75518,"INE, Padrón municipal, tablas provinciales 2854–2909"
33004,2024,75351,"INE, Padrón municipal, tablas provinciales 2854–2909"
33004,2025,75517,"INE, Padrón municipal, tablas provinciales 2854–2909"
33024,1996,264381,"INE, Padrón municipal, tablas provinciales 2854–2909"
33024,1998,265491,"INE, Padrón municipal, tablas provinciales 2854–2909"
33024,1999,267980,"INE, Padrón municipal, tablas provinciales 2854–2909"
33024,2000,267426,"INE, Padrón municipal, tablas provinciales 2854–2909"
33024,2001,269270,"INE, Padrón municipal, tablas provinciales 2854–2909"
33024,2002,270211,"INE, Padrón municipal, tablas provinciales 2854–2909"
33024,2003,270875,"INE, Padrón municipal, tablas provinciales 2854–2909"
33024,2004,271039,"INE, Padrón municipal, tablas provinciales 2854–2909"
33024,2005,273931,"INE, Padrón municipal, tablas provinciales 2854–2909"
33024,2006,274472,"INE, Padrón municipal, tablas provinciales 2854–2909"
33024,2007,274037,"INE, Padrón municipal, tablas provinciales 2854–2909"
33024,2008,275699,"INE, Padrón municipal, tablas provinciales 2854–2909"
33024,2009,277554,"INE, Padrón municipal, tablas provinciales 2854–2909"
33024,2010,277198,"INE, Padrón municipal, tablas provinciales 2854–2909"
33024,2011,277559,"INE, Padrón municipal, tablas provinciales 2854–2909"
33024,2012,277733,"INE, Padrón municipal, tablas provinciales 2854–2909"
33024,2013,275274,"INE, Padrón municipal, tablas provinciales 2854–2909"
33024,2014,275735,"INE, Padrón municipal, tablas provinciales 2854–2909"
33024,2015,274290,"INE, Padrón municipal, tablas provinciales 2854–2909"
33024,2016,273422,"INE, Padrón municipal, tablas provinciales 2854–2909"
33024,2017,272365,"INE, Padrón municipal, tablas provinciales 2854–2909"
33024,2018,271843,"INE, Padrón municipal, tablas provinciales 2854–2909"
33024,2019,271780,"INE, Padrón municipal, tablas provinciales 2854–2909"
33024,2020,271717,"INE, Padrón municipal, tablas provinciales 2854–2909"
33024,2021,268896,"INE, Padrón municipal, tablas provinciales 2854–2909"
33024,2022,267706,"INE, Padrón municipal, tablas provinciales 2854–2909"
33024,2023,268313,"INE, Padrón municipal, tablas provinciales 2854–2909"
33024,2024,268561,"INE, Padrón municipal, tablas provinciales 2854–2909"
33024,2025,269894,"INE, Padrón municipal, tablas provinciales 2854–2909"
33031,1996,50597,"INE, Padrón municipal, tablas provinciales 2854–2909"
33031,1998,50001,"INE, Padrón municipal, tablas provinciales 2854–2909"
33031,1999,49771,"INE, Padrón municipal, tablas provinciales 2854–2909"
33031,2000,48886,"INE, Padrón municipal, tablas provinciales 2854–2909"
33031,2001,48400,"INE, Padrón municipal, tablas provinciales 2854–2909"
33031,2002,47796,"INE, Padrón municipal, tablas provinciales 2854–2909"
33031,2003,47594,"INE, Padrón municipal, tablas provinciales 2854–2909"
33031,2004,46964,"INE, Padrón municipal, tablas provinciales 2854–2909"
33031,2005,46558,"INE, Padrón municipal, tablas provinciales 2854–2909"
33031,2006,46076,"INE, Padrón municipal, tablas provinciales 2854–2909"
33031,2007,45668,"INE, Padrón municipal, tablas provinciales 2854–2909"
33031,2008,45663,"INE, Padrón municipal, tablas provinciales 2854–2909"
33031,2009,45565,"INE, Padrón municipal, tablas provinciales 2854–2909"
33031,2010,45397,"INE, Padrón municipal, tablas provinciales 2854–2909"
33031,2011,44737,"INE, Padrón municipal, tablas provinciales 2854–2909"
33031,2012,43647,"INE, Padrón municipal, tablas provinciales 2854–2909"
33031,2013,43070,"INE, Padrón municipal, tablas provinciales 2854–2909"
33031,2014,42403,"INE, Padrón municipal, tablas provinciales 2854–2909"
33031,2015,41738,"INE, Padrón municipal, tablas provinciales 2854–2909"
33031,2016,41199,"INE, Padrón municipal, tablas provinciales 2854–2909"
33031,2017,40529,"INE, Padrón municipal, tablas provinciales 2854–2909"
33031,2018,39984,"INE, Padrón municipal, tablas provinciales 2854–2909"
33031,2019,39420,"INE, Padrón municipal, tablas provinciales 2854–2909"
33031,2020,39183,"INE, Padrón municipal, tablas provinciales 2854–2909"
33031,2021,38683,"INE, Padrón municipal, tablas provinciales 2854–2909"
33031,2022,38262,"INE, Padrón municipal, tablas provinciales 2854–2909"
33031,2023,37978,"INE, Padrón municipal, tablas provinciales 2854–2909"
33031,2024,38282,"INE, Padrón municipal, tablas provinciales 2854–2909"
33031,2025,38612,"INE, Padrón municipal, tablas provinciales 2854–2909"
33037,1996,51423,"INE, Padrón municipal, tablas provinciales 2854–2909"
33037,1998,50760,"INE, Padrón municipal, tablas provinciales 2854–2909"
33037,1999,50578,"INE, Padrón municipal, tablas provinciales 2854–2909"
33037,2000,49506,"INE, Padrón municipal, tablas provinciales 2854–2909"
33037,2001,48926,"INE, Padrón municipal, tablas provinciales 2854–2909"
33037,2002,48418,"INE, Padrón municipal, tablas provinciales 2854–2909"
33037,2003,47618,"INE, Padrón municipal, tablas provinciales 2854–2909"
33037,2004,46561,"INE, Padrón municipal, tablas provinciales 2854–2909"
33037,2005,45943,"INE, Padrón municipal, tablas provinciales 2854–2909"
33037,2006,45645,"INE, Padrón municipal, tablas provinciales 2854–2909"
33037,2007,44992,"INE, Padrón municipal, tablas provinciales 2854–2909"
33037,2008,44459,"INE, Padrón municipal, tablas provinciales 2854–2909"
33037,2009,44070,"INE, Padrón municipal, tablas provinciales 2854–2909"
33037,2010,43688,"INE, Padrón municipal, tablas provinciales 2854–2909"
33037,2011,42951,"INE, Padrón municipal, tablas provinciales 2854–2909"
33037,2012,42421,"INE, Padrón municipal, tablas provinciales 2854–2909"
33037,2013,41730,"INE, Padrón municipal, tablas provinciales 2854–2909"
33037,2014,41013,"INE, Padrón municipal, tablas provinciales 2854–2909"
33037,2015,40338,"INE, Padrón municipal, tablas provinciales 2854–2909"
33037,2016,39505,"INE, Padrón municipal, tablas provinciales 2854–2909"
33037,2017,38962,"INE, Padrón municipal, tablas provinciales 2854–2909"
33037,2018,38428,"INE, Padrón municipal, tablas provinciales 2854–2909"
33037,2019,37959,"INE, Padrón municipal, tablas provinciales 2854–2909"
33037,2020,37537,"INE, Padrón municipal, tablas provinciales 2854–2909"
33037,2021,37026,"INE, Padrón municipal, tablas provinciales 2854–2909"
33037,2022,36574,"INE, Padrón municipal, tablas provinciales 2854–2909"
33037,2023,36195,"INE, Padrón municipal, tablas provinciales 2854–2909"
33037,2024,36132,"INE, Padrón municipal, tablas provinciales 2854–2909"
33037,2025,36373,"INE, Padrón municipal, tablas provinciales 2854–2909"
33044,1996,200049,"INE, Padrón municipal, tablas provinciales 2854–2909"
33044,1998,199549,"INE, Padrón municipal, tablas provinciales 2854–2909"
33044,1999,200453,"INE, Padrón municipal, tablas provinciales 2854–2909"
33044,2000,200411,"INE, Padrón municipal, tablas provinciales 2854–2909"
33044,2001,201005,"INE, Padrón municipal, tablas provinciales 2854–2909"
33044,2002,202938,"INE, Padrón municipal, tablas provinciales 2854–2909"
33044,2003,207699,"INE, Padrón municipal, tablas provinciales 2854–2909"
33044,2004,209495,"INE, Padrón municipal, tablas provinciales 2854–2909"
33044,2005,212174,"INE, Padrón municipal, tablas provinciales 2854–2909"
33044,2006,214883,"INE, Padrón municipal, tablas provinciales 2854–2909"
33044,2007,216607,"INE, Padrón municipal, tablas provinciales 2854–2909"
33044,2008,220644,"INE, Padrón municipal, tablas provinciales 2854–2909"
33044,2009,224005,"INE, Padrón municipal, tablas provinciales 2854–2909"
33044,2010,225155,"INE, Padrón municipal, tablas provinciales 2854–2909"
33044,2011,225391,"INE, Padrón municipal, tablas provinciales 2854–2909"
33044,2012,225973,"INE, Padrón municipal, tablas provinciales 2854–2909"
33044,2013,225089,"INE, Padrón municipal, tablas provinciales 2854–2909"
33044,2014,223765,"INE, Padrón municipal, tablas provinciales 2854–2909"
33044,2015,221870,"INE, Padrón municipal, tablas provinciales 2854–2909"
33044,2016,220567,"INE, Padrón municipal, tablas provinciales 2854–2909"
33044,2017,220301,"INE, Padrón municipal, tablas provinciales 2854–2909"
33044,2018,220020,"INE, Padrón municipal, tablas provinciales 2854–2909"
33044,2019,219686,"INE, Padrón municipal, tablas provinciales 2854–2909"
33044,2020,219910,"INE, Padrón municipal, tablas provinciales 2854–2909"
33044,2021,217552,"INE, Padrón municipal, tablas provinciales 2854–2909"
33044,2022,215167,"INE, Padrón municipal, tablas provinciales 2854–2909"
33044,2023,217584,"INE, Padrón municipal, tablas provinciales 2854–2909"
33044,2024,220543,"INE, Padrón municipal, tablas provinciales 2854–2909"
33044,2025,223968,"INE, Padrón municipal, tablas provinciales 2854–2909"
33066,1996,46315,"INE, Padrón municipal, tablas provinciales 2854–2909"
33066,1998,46664,"INE, Padrón municipal, tablas provinciales 2854–2909"
33066,1999,47270,"INE, Padrón municipal, tablas provinciales 2854–2909"
33066,2000,47360,"INE, Padrón municipal, tablas provinciales 2854–2909"
33066,2001,48368,"INE, Padrón municipal, tablas provinciales 2854–2909"
33066,2002,48569,"INE, Padrón municipal, tablas provinciales 2854–2909"
33066,2003,48830,"INE, Padrón municipal, tablas provinciales 2854–2909"
33066,2004,48909,"INE, Padrón municipal, tablas provinciales 2854–2909"
33066,2005,48991,"INE, Padrón municipal, tablas provinciales 2854–2909"
33066,2006,49376,"INE, Padrón municipal, tablas provinciales 2854–2909"
33066,2007,49491,"INE, Padrón municipal, tablas provinciales 2854–2909"
33066,2008,50233,"INE, Padrón municipal, tablas provinciales 2854–2909"
33066,2009,51181,"INE, Padrón municipal, tablas provinciales 2854–2909"
33066,2010,51730,"INE, Padrón municipal, tablas provinciales 2854–2909"
33066,2011,52094,"INE, Padrón municipal, tablas provinciales 2854–2909"
33066,2012,52229,"INE, Padrón municipal, tablas provinciales 2854–2909"
33066,2013,52301,"INE, Padrón municipal, tablas provinciales 2854–2909"
33066,2014,52380,"INE, Padrón municipal, tablas provinciales 2854–2909"
33066,2015,52191,"INE, Padrón municipal, tablas provinciales 2854–2909"
33066,2016,51969,"INE, Padrón municipal, tablas provinciales 2854–2909"
33066,2017,51776,"INE, Padrón municipal, tablas provinciales 2854–2909"
33066,2018,51662,"INE, Padrón municipal, tablas provinciales 2854–2909"
33066,2019,51667,"INE, Padrón municipal, tablas provinciales 2854–2909"
33066,2020,51509,"INE, Padrón municipal, tablas provinciales 2854–2909"
33066,2021,51608,"INE, Padrón municipal, tablas provinciales 2854–2909"
33066,2022,51792,"INE, Padrón municipal, tablas provinciales 2854–2909"
33066,2023,52194,"INE, Padrón municipal, tablas provinciales 2854–2909"
33066,2024,52593,"INE, Padrón municipal, tablas provinciales 2854–2909"
33066,2025,53049,"INE, Padrón municipal, tablas provinciales 2854–2909"
34120,1996,78831,"INE, Padrón municipal, tablas provinciales 2854–2909"
34120,1998,79745,"INE, Padrón municipal, tablas provinciales 2854–2909"
34120,1999,80332,"INE, Padrón municipal, tablas provinciales 2854–2909"
34120,2000,80613,"INE, Padrón municipal, tablas provinciales 2854–2909"
34120,2001,80836,"INE, Padrón municipal, tablas provinciales 2854–2909"
34120,2002,80801,"INE, Padrón municipal, tablas provinciales 2854–2909"
34120,2003,81378,"INE, Padrón municipal, tablas provinciales 2854–2909"
34120,2004,81207,"INE, Padrón municipal, tablas provinciales 2854–2909"
34120,2005,81439,"INE, Padrón municipal, tablas provinciales 2854–2909"
34120,2006,82263,"INE, Padrón municipal, tablas provinciales 2854–2909"
34120,2007,82286,"INE, Padrón municipal, tablas provinciales 2854–2909"
34120,2008,82626,"INE, Padrón municipal, tablas provinciales 2854–2909"
34120,2009,82651,"INE, Padrón municipal, tablas provinciales 2854–2909"
34120,2010,82169,"INE, Padrón municipal, tablas provinciales 2854–2909"
34120,2011,81552,"INE, Padrón municipal, tablas provinciales 2854–2909"
34120,2012,81198,"INE, Padrón municipal, tablas provinciales 2854–2909"
34120,2013,80649,"INE, Padrón municipal, tablas provinciales 2854–2909"
34120,2014,80178,"INE, Padrón municipal, tablas provinciales 2854–2909"
34120,2015,79595,"INE, Padrón municipal, tablas provinciales 2854–2909"
34120,2016,79137,"INE, Padrón municipal, tablas provinciales 2854–2909"
34120,2017,78892,"INE, Padrón municipal, tablas provinciales 2854–2909"
34120,2018,78629,"INE, Padrón municipal, tablas provinciales 2854–2909"
34120,2019,78412,"INE, Padrón municipal, tablas provinciales 2854–2909"
34120,2020,78144,"INE, Padrón municipal, tablas provinciales 2854–2909"
34120,2021,77090,"INE, Padrón municipal, tablas provinciales 2854–2909"
34120,2022,76302,"INE, Padrón municipal, tablas provinciales 2854–2909"
34120,2023,76331,"INE, Padrón municipal, tablas provinciales 2854–2909"
34120,2024,76738,"INE, Padrón municipal, tablas provinciales 2854–2909"
34120,2025,77466,"INE, Padrón municipal, tablas provinciales 2854–2909"
35002,1996,18284,"INE, Padrón municipal, tablas provinciales 2854–2909"
35002,1998,19305,"INE, Padrón municipal, tablas provinciales 2854–2909"
35002,1999,19933,"INE, Padrón municipal, tablas provinciales 2854–2909"
35002,2000,20692,"INE, Padrón municipal, tablas provinciales 2854–2909"
35002,2001,21512,"INE, Padrón municipal, tablas provinciales 2854–2909"
35002,2002,22567,"INE, Padrón municipal, tablas provinciales 2854–2909"
35002,2003,23572,"INE, Padrón municipal, tablas provinciales 2854–2909"
35002,2004,24460,"INE, Padrón municipal, tablas provinciales 2854–2909"
35002,2005,25541,"INE, Padrón municipal, tablas provinciales 2854–2909"
35002,2006,26593,"INE, Padrón municipal, tablas provinciales 2854–2909"
35002,2007,27310,"INE, Padrón municipal, tablas provinciales 2854–2909"
35002,2008,28224,"INE, Padrón municipal, tablas provinciales 2854–2909"
35002,2009,28924,"INE, Padrón municipal, tablas provinciales 2854–2909"
35002,2010,29431,"INE, Padrón municipal, tablas provinciales 2854–2909"
35002,2011,29767,"INE, Padrón municipal, tablas provinciales 2854–2909"
35002,2012,29912,"INE, Padrón municipal, tablas provinciales 2854–2909"
35002,2013,30214,"INE, Padrón municipal, tablas provinciales 2854–2909"
35002,2014,30244,"INE, Padrón municipal, tablas provinciales 2854–2909"
35002,2015,30294,"INE, Padrón municipal, tablas provinciales 2854–2909"
35002,2016,30742,"INE, Padrón municipal, tablas provinciales 2854–2909"
35002,2017,30882,"INE, Padrón municipal, tablas provinciales 2854–2909"
35002,2018,31152,"INE, Padrón municipal, tablas provinciales 2854–2909"
35002,2019,31619,"INE, Padrón municipal, tablas provinciales 2854–2909"
35002,2020,31914,"INE, Padrón municipal, tablas provinciales 2854–2909"
35002,2021,32105,"INE, Padrón municipal, tablas provinciales 2854–2909"
35002,2022,32067,"INE, Padrón municipal, tablas provinciales 2854–2909"
35002,2023,32643,"INE, Padrón municipal, tablas provinciales 2854–2909"
35002,2024,33179,"INE, Padrón municipal, tablas provinciales 2854–2909"
35002,2025,33800,"INE, Padrón municipal, tablas provinciales 2854–2909"
35004,1996,38091,"INE, Padrón municipal, tablas provinciales 2854–2909"
35004,1998,40770,"INE, Padrón municipal, tablas provinciales 2854–2909"
35004,1999,42231,"INE, Padrón municipal, tablas provinciales 2854–2909"
35004,2000,43711,"INE, Padrón municipal, tablas provinciales 2854–2909"
35004,2001,45549,"INE, Padrón municipal, tablas provinciales 2854–2909"
35004,2002,48253,"INE, Padrón municipal, tablas provinciales 2854–2909"
35004,2003,50785,"INE, Padrón municipal, tablas provinciales 2854–2909"
35004,2004,51633,"INE, Padrón municipal, tablas provinciales 2854–2909"
35004,2005,53920,"INE, Padrón municipal, tablas provinciales 2854–2909"
35004,2006,55203,"INE, Padrón municipal, tablas provinciales 2854–2909"
35004,2007,56834,"INE, Padrón municipal, tablas provinciales 2854–2909"
35004,2008,59040,"INE, Padrón municipal, tablas provinciales 2854–2909"
35004,2009,59127,"INE, Padrón municipal, tablas provinciales 2854–2909"
35004,2010,58156,"INE, Padrón municipal, tablas provinciales 2854–2909"
35004,2011,57357,"INE, Padrón municipal, tablas provinciales 2854–2909"
35004,2012,56284,"INE, Padrón municipal, tablas provinciales 2854–2909"
35004,2013,55673,"INE, Padrón municipal, tablas provinciales 2854–2909"
35004,2014,56880,"INE, Padrón municipal, tablas provinciales 2854–2909"
35004,2015,56940,"INE, Padrón municipal, tablas provinciales 2854–2909"
35004,2016,58537,"INE, Padrón municipal, tablas provinciales 2854–2909"
35004,2017,59771,"INE, Padrón municipal, tablas provinciales 2854–2909"
35004,2018,61351,"INE, Padrón municipal, tablas provinciales 2854–2909"
35004,2019,62988,"INE, Padrón municipal, tablas provinciales 2854–2909"
35004,2020,64645,"INE, Padrón municipal, tablas provinciales 2854–2909"
35004,2021,64497,"INE, Padrón municipal, tablas provinciales 2854–2909"
35004,2022,63750,"INE, Padrón municipal, tablas provinciales 2854–2909"
35004,2023,64826,"INE, Padrón municipal, tablas provinciales 2854–2909"
35004,2024,68169,"INE, Padrón municipal, tablas provinciales 2854–2909"
35004,2025,70811,"INE, Padrón municipal, tablas provinciales 2854–2909"
35006,1996,29719,"INE, Padrón municipal, tablas provinciales 2854–2909"
35006,1998,30390,"INE, Padrón municipal, tablas provinciales 2854–2909"
35006,1999,31175,"INE, Padrón municipal, tablas provinciales 2854–2909"
35006,2000,31973,"INE, Padrón municipal, tablas provinciales 2854–2909"
35006,2001,32542,"INE, Padrón municipal, tablas provinciales 2854–2909"
35006,2002,32917,"INE, Padrón municipal, tablas provinciales 2854–2909"
35006,2003,33449,"INE, Padrón municipal, tablas provinciales 2854–2909"
35006,2004,33701,"INE, Padrón municipal, tablas provinciales 2854–2909"
35006,2005,34245,"INE, Padrón municipal, tablas provinciales 2854–2909"
35006,2006,34874,"INE, Padrón municipal, tablas provinciales 2854–2909"
35006,2007,35280,"INE, Padrón municipal, tablas provinciales 2854–2909"
35006,2008,35542,"INE, Padrón municipal, tablas provinciales 2854–2909"
35006,2009,36259,"INE, Padrón municipal, tablas provinciales 2854–2909"
35006,2010,36745,"INE, Padrón municipal, tablas provinciales 2854–2909"
35006,2011,36872,"INE, Padrón municipal, tablas provinciales 2854–2909"
35006,2012,36797,"INE, Padrón municipal, tablas provinciales 2854–2909"
35006,2013,36852,"INE, Padrón municipal, tablas provinciales 2854–2909"
35006,2014,37056,"INE, Padrón municipal, tablas provinciales 2854–2909"
35006,2015,37054,"INE, Padrón municipal, tablas provinciales 2854–2909"
35006,2016,37299,"INE, Padrón municipal, tablas provinciales 2854–2909"
35006,2017,37367,"INE, Padrón municipal, tablas provinciales 2854–2909"
35006,2018,37691,"INE, Padrón municipal, tablas provinciales 2854–2909"
35006,2019,38138,"INE, Padrón municipal, tablas provinciales 2854–2909"
35006,2020,38334,"INE, Padrón municipal, tablas provinciales 2854–2909"
35006,2021,38535,"INE, Padrón municipal, tablas provinciales 2854–2909"
35006,2022,38369,"INE, Padrón municipal, tablas provinciales 2854–2909"
35006,2023,38601,"INE, Padrón municipal, tablas provinciales 2854–2909"
35006,2024,38936,"INE, Padrón municipal, tablas provinciales 2854–2909"
35006,2025,39232,"INE, Padrón municipal, tablas provinciales 2854–2909"
35011,1996,24394,"INE, Padrón municipal, tablas provinciales 2854–2909"
35011,1998,23496,"INE, Padrón municipal, tablas provinciales 2854–2909"
35011,1999,24004,"INE, Padrón municipal, tablas provinciales 2854–2909"
35011,2000,24616,"INE, Padrón municipal, tablas provinciales 2854–2909"
35011,2001,25237,"INE, Padrón municipal, tablas provinciales 2854–2909"
35011,2002,25681,"INE, Padrón municipal, tablas provinciales 2854–2909"
35011,2003,26433,"INE, Padrón municipal, tablas provinciales 2854–2909"
35011,2004,26857,"INE, Padrón municipal, tablas provinciales 2854–2909"
35011,2005,27308,"INE, Padrón municipal, tablas provinciales 2854–2909"
35011,2006,27934,"INE, Padrón municipal, tablas provinciales 2854–2909"
35011,2007,28132,"INE, Padrón municipal, tablas provinciales 2854–2909"
35011,2008,28809,"INE, Padrón municipal, tablas provinciales 2854–2909"
35011,2009,29319,"INE, Padrón municipal, tablas provinciales 2854–2909"
35011,2010,29640,"INE, Padrón municipal, tablas provinciales 2854–2909"
35011,2011,29871,"INE, Padrón municipal, tablas provinciales 2854–2909"
35011,2012,30048,"INE, Padrón municipal, tablas provinciales 2854–2909"
35011,2013,29978,"INE, Padrón municipal, tablas provinciales 2854–2909"
35011,2014,30173,"INE, Padrón municipal, tablas provinciales 2854–2909"
35011,2015,30258,"INE, Padrón municipal, tablas provinciales 2854–2909"
35011,2016,30340,"INE, Padrón municipal, tablas provinciales 2854–2909"
35011,2017,30529,"INE, Padrón municipal, tablas provinciales 2854–2909"
35011,2018,30831,"INE, Padrón municipal, tablas provinciales 2854–2909"
35011,2019,31321,"INE, Padrón municipal, tablas provinciales 2854–2909"
35011,2020,31694,"INE, Padrón municipal, tablas provinciales 2854–2909"
35011,2021,31887,"INE, Padrón municipal, tablas provinciales 2854–2909"
35011,2022,31932,"INE, Padrón municipal, tablas provinciales 2854–2909"
35011,2023,32354,"INE, Padrón municipal, tablas provinciales 2854–2909"
35011,2024,32747,"INE, Padrón municipal, tablas provinciales 2854–2909"
35011,2025,32905,"INE, Padrón municipal, tablas provinciales 2854–2909"
35014,1996,6956,"INE, Padrón municipal, tablas provinciales 2854–2909"
35014,1998,8500,"INE, Padrón municipal, tablas provinciales 2854–2909"
35014,1999,9547,"INE, Padrón municipal, tablas provinciales 2854–2909"
35014,2000,10578,"INE, Padrón municipal, tablas provinciales 2854–2909"
35014,2001,11376,"INE, Padrón municipal, tablas provinciales 2854–2909"
35014,2002,13026,"INE, Padrón municipal, tablas provinciales 2854–2909"
35014,2003,14042,"INE, Padrón municipal, tablas provinciales 2854–2909"
35014,2004,15583,"INE, Padrón municipal, tablas provinciales 2854–2909"
35014,2005,17273,"INE, Padrón municipal, tablas provinciales 2854–2909"
35014,2006,18884,"INE, Padrón municipal, tablas provinciales 2854–2909"
35014,2007,20084,"INE, Padrón municipal, tablas provinciales 2854–2909"
35014,2008,21354,"INE, Padrón municipal, tablas provinciales 2854–2909"
35014,2009,21996,"INE, Padrón municipal, tablas provinciales 2854–2909"
35014,2010,22351,"INE, Padrón municipal, tablas provinciales 2854–2909"
35014,2011,22953,"INE, Padrón municipal, tablas provinciales 2854–2909"
35014,2012,24079,"INE, Padrón municipal, tablas provinciales 2854–2909"
35014,2013,25083,"INE, Padrón municipal, tablas provinciales 2854–2909"
35014,2014,24307,"INE, Padrón municipal, tablas provinciales 2854–2909"
35014,2015,25199,"INE, Padrón municipal, tablas provinciales 2854–2909"
35014,2016,24508,"INE, Padrón municipal, tablas provinciales 2854–2909"
35014,2017,25349,"INE, Padrón municipal, tablas provinciales 2854–2909"
35014,2018,25884,"INE, Padrón municipal, tablas provinciales 2854–2909"
35014,2019,26580,"INE, Padrón municipal, tablas provinciales 2854–2909"
35014,2020,27234,"INE, Padrón municipal, tablas provinciales 2854–2909"
35014,2021,27768,"INE, Padrón municipal, tablas provinciales 2854–2909"
35014,2022,27945,"INE, Padrón municipal, tablas provinciales 2854–2909"
35014,2023,29099,"INE, Padrón municipal, tablas provinciales 2854–2909"
35014,2024,29693,"INE, Padrón municipal, tablas provinciales 2854–2909"
35014,2025,30022,"INE, Padrón municipal, tablas provinciales 2854–2909"
35016,1996,355563,"INE, Padrón municipal, tablas provinciales 2854–2909"
35016,1998,352641,"INE, Padrón municipal, tablas provinciales 2854–2909"
35016,1999,354757,"INE, Padrón municipal, tablas provinciales 2854–2909"
35016,2000,358518,"INE, Padrón municipal, tablas provinciales 2854–2909"
35016,2001,364777,"INE, Padrón municipal, tablas provinciales 2854–2909"
35016,2002,370649,"INE, Padrón municipal, tablas provinciales 2854–2909"
35016,2003,377600,"INE, Padrón municipal, tablas provinciales 2854–2909"
35016,2004,376953,"INE, Padrón municipal, tablas provinciales 2854–2909"
35016,2005,378628,"INE, Padrón municipal, tablas provinciales 2854–2909"
35016,2006,377056,"INE, Padrón municipal, tablas provinciales 2854–2909"
35016,2007,377203,"INE, Padrón municipal, tablas provinciales 2854–2909"
35016,2008,381123,"INE, Padrón municipal, tablas provinciales 2854–2909"
35016,2009,381847,"INE, Padrón municipal, tablas provinciales 2854–2909"
35016,2010,383308,"INE, Padrón municipal, tablas provinciales 2854–2909"
35016,2011,383343,"INE, Padrón municipal, tablas provinciales 2854–2909"
35016,2012,382296,"INE, Padrón municipal, tablas provinciales 2854–2909"
35016,2013,383050,"INE, Padrón municipal, tablas provinciales 2854–2909"
35016,2014,382283,"INE, Padrón municipal, tablas provinciales 2854–2909"
35016,2015,379766,"INE, Padrón municipal, tablas provinciales 2854–2909"
35016,2016,378998,"INE, Padrón municipal, tablas provinciales 2854–2909"
35016,2017,377650,"INE, Padrón municipal, tablas provinciales 2854–2909"
35016,2018,378517,"INE, Padrón municipal, tablas provinciales 2854–2909"
35016,2019,379925,"INE, Padrón municipal, tablas provinciales 2854–2909"
35016,2020,381223,"INE, Padrón municipal, tablas provinciales 2854–2909"
35016,2021,378675,"INE, Padrón municipal, tablas provinciales 2854–2909"
35016,2022,378797,"INE, Padrón municipal, tablas provinciales 2854–2909"
35016,2023,378027,"INE, Padrón municipal, tablas provinciales 2854–2909"
35016,2024,380436,"INE, Padrón municipal, tablas provinciales 2854–2909"
35016,2025,381868,"INE, Padrón municipal, tablas provinciales 2854–2909"
35017,1996,19030,"INE, Padrón municipal, tablas provinciales 2854–2909"
35017,1998,19367,"INE, Padrón municipal, tablas provinciales 2854–2909"
35017,1999,20218,"INE, Padrón municipal, tablas provinciales 2854–2909"
35017,2000,21274,"INE, Padrón municipal, tablas provinciales 2854–2909"
35017,2001,23068,"INE, Padrón municipal, tablas provinciales 2854–2909"
35017,2002,22652,"INE, Padrón municipal, tablas provinciales 2854–2909"
35017,2003,26093,"INE, Padrón municipal, tablas provinciales 2854–2909"
35017,2004,28357,"INE, Padrón municipal, tablas provinciales 2854–2909"
35017,2005,30363,"INE, Padrón municipal, tablas provinciales 2854–2909"
35017,2006,30555,"INE, Padrón municipal, tablas provinciales 2854–2909"
35017,2007,31808,"INE, Padrón municipal, tablas provinciales 2854–2909"
35017,2008,35293,"INE, Padrón municipal, tablas provinciales 2854–2909"
35017,2009,35667,"INE, Padrón municipal, tablas provinciales 2854–2909"
35017,2010,35702,"INE, Padrón municipal, tablas provinciales 2854–2909"
35017,2011,35664,"INE, Padrón municipal, tablas provinciales 2854–2909"
35017,2012,36285,"INE, Padrón municipal, tablas provinciales 2854–2909"
35017,2013,36774,"INE, Padrón municipal, tablas provinciales 2854–2909"
35017,2014,36790,"INE, Padrón municipal, tablas provinciales 2854–2909"
35017,2015,37363,"INE, Padrón municipal, tablas provinciales 2854–2909"
35017,2016,38126,"INE, Padrón municipal, tablas provinciales 2854–2909"
35017,2017,38711,"INE, Padrón municipal, tablas provinciales 2854–2909"
35017,2018,39382,"INE, Padrón municipal, tablas provinciales 2854–2909"
35017,2019,40753,"INE, Padrón municipal, tablas provinciales 2854–2909"
35017,2020,41808,"INE, Padrón municipal, tablas provinciales 2854–2909"
35017,2021,41786,"INE, Padrón municipal, tablas provinciales 2854–2909"
35017,2022,42024,"INE, Padrón municipal, tablas provinciales 2854–2909"
35017,2023,43390,"INE, Padrón municipal, tablas provinciales 2854–2909"
35017,2024,44638,"INE, Padrón municipal, tablas provinciales 2854–2909"
35017,2025,46150,"INE, Padrón municipal, tablas provinciales 2854–2909"
35019,1996,35443,"INE, Padrón municipal, tablas provinciales 2854–2909"
35019,1998,37162,"INE, Padrón municipal, tablas provinciales 2854–2909"
35019,1999,38729,"INE, Padrón municipal, tablas provinciales 2854–2909"
35019,2000,39939,"INE, Padrón municipal, tablas provinciales 2854–2909"
35019,2001,40825,"INE, Padrón municipal, tablas provinciales 2854–2909"
35019,2002,42403,"INE, Padrón municipal, tablas provinciales 2854–2909"
35019,2003,45559,"INE, Padrón municipal, tablas provinciales 2854–2909"
35019,2004,44155,"INE, Padrón municipal, tablas provinciales 2854–2909"
35019,2005,46428,"INE, Padrón municipal, tablas provinciales 2854–2909"
35019,2006,47922,"INE, Padrón municipal, tablas provinciales 2854–2909"
35019,2007,49601,"INE, Padrón municipal, tablas provinciales 2854–2909"
35019,2008,51260,"INE, Padrón municipal, tablas provinciales 2854–2909"
35019,2009,52161,"INE, Padrón municipal, tablas provinciales 2854–2909"
35019,2010,53288,"INE, Padrón municipal, tablas provinciales 2854–2909"
35019,2011,54613,"INE, Padrón municipal, tablas provinciales 2854–2909"
35019,2012,55954,"INE, Padrón municipal, tablas provinciales 2854–2909"
35019,2013,56698,"INE, Padrón municipal, tablas provinciales 2854–2909"
35019,2014,54377,"INE, Padrón municipal, tablas provinciales 2854–2909"
35019,2015,54932,"INE, Padrón municipal, tablas provinciales 2854–2909"
35019,2016,53829,"INE, Padrón municipal, tablas provinciales 2854–2909"
35019,2017,53542,"INE, Padrón municipal, tablas provinciales 2854–2909"
35019,2018,53588,"INE, Padrón municipal, tablas provinciales 2854–2909"
35019,2019,53443,"INE, Padrón municipal, tablas provinciales 2854–2909"
35019,2020,53397,"INE, Padrón municipal, tablas provinciales 2854–2909"
35019,2021,53066,"INE, Padrón municipal, tablas provinciales 2854–2909"
35019,2022,52936,"INE, Padrón municipal, tablas provinciales 2854–2909"
35019,2023,53912,"INE, Padrón municipal, tablas provinciales 2854–2909"
35019,2024,54116,"INE, Padrón municipal, tablas provinciales 2854–2909"
35019,2025,54291,"INE, Padrón municipal, tablas provinciales 2854–2909"
35022,1996,40127,"INE, Padrón municipal, tablas provinciales 2854–2909"
35022,1998,41769,"INE, Padrón municipal, tablas provinciales 2854–2909"
35022,1999,43543,"INE, Padrón municipal, tablas provinciales 2854–2909"
35022,2000,44974,"INE, Padrón municipal, tablas provinciales 2854–2909"
35022,2001,47161,"INE, Padrón municipal, tablas provinciales 2854–2909"
35022,2002,49902,"INE, Padrón municipal, tablas provinciales 2854–2909"
35022,2003,52684,"INE, Padrón municipal, tablas provinciales 2854–2909"
35022,2004,53820,"INE, Padrón municipal, tablas provinciales 2854–2909"
35022,2005,56268,"INE, Padrón municipal, tablas provinciales 2854–2909"
35022,2006,57211,"INE, Padrón municipal, tablas provinciales 2854–2909"
35022,2007,58335,"INE, Padrón municipal, tablas provinciales 2854–2909"
35022,2008,61325,"INE, Padrón municipal, tablas provinciales 2854–2909"
35022,2009,63637,"INE, Padrón municipal, tablas provinciales 2854–2909"
35022,2010,64845,"INE, Padrón municipal, tablas provinciales 2854–2909"
35022,2011,66130,"INE, Padrón municipal, tablas provinciales 2854–2909"
35022,2012,67291,"INE, Padrón municipal, tablas provinciales 2854–2909"
35022,2013,68506,"INE, Padrón municipal, tablas provinciales 2854–2909"
35022,2014,68544,"INE, Padrón municipal, tablas provinciales 2854–2909"
35022,2015,69069,"INE, Padrón municipal, tablas provinciales 2854–2909"
35022,2016,69178,"INE, Padrón municipal, tablas provinciales 2854–2909"
35022,2017,70396,"INE, Padrón municipal, tablas provinciales 2854–2909"
35022,2018,71863,"INE, Padrón municipal, tablas provinciales 2854–2909"
35022,2019,73328,"INE, Padrón municipal, tablas provinciales 2854–2909"
35022,2020,74602,"INE, Padrón municipal, tablas provinciales 2854–2909"
35022,2021,73573,"INE, Padrón municipal, tablas provinciales 2854–2909"
35022,2022,74560,"INE, Padrón municipal, tablas provinciales 2854–2909"
35022,2023,75677,"INE, Padrón municipal, tablas provinciales 2854–2909"
35022,2024,77098,"INE, Padrón municipal, tablas provinciales 2854–2909"
35022,2025,78584,"INE, Padrón municipal, tablas provinciales 2854–2909"
35026,1996,84389,"INE, Padrón municipal, tablas provinciales 2854–2909"
35026,1998,83733,"INE, Padrón municipal, tablas provinciales 2854–2909"
35026,1999,86037,"INE, Padrón municipal, tablas provinciales 2854–2909"
35026,2000,88110,"INE, Padrón municipal, tablas provinciales 2854–2909"
35026,2001,89493,"INE, Padrón municipal, tablas provinciales 2854–2909"
35026,2002,91160,"INE, Padrón municipal, tablas provinciales 2854–2909"
35026,2003,93942,"INE, Padrón municipal, tablas provinciales 2854–2909"
35026,2004,94862,"INE, Padrón municipal, tablas provinciales 2854–2909"
35026,2005,96547,"INE, Padrón municipal, tablas provinciales 2854–2909"
35026,2006,97525,"INE, Padrón municipal, tablas provinciales 2854–2909"
35026,2007,98399,"INE, Padrón municipal, tablas provinciales 2854–2909"
35026,2008,99201,"INE, Padrón municipal, tablas provinciales 2854–2909"
35026,2009,100015,"INE, Padrón municipal, tablas provinciales 2854–2909"
35026,2010,100900,"INE, Padrón municipal, tablas provinciales 2854–2909"
35026,2011,101375,"INE, Padrón municipal, tablas provinciales 2854–2909"
35026,2012,101300,"INE, Padrón municipal, tablas provinciales 2854–2909"
35026,2013,102170,"INE, Padrón municipal, tablas provinciales 2854–2909"
35026,2014,102076,"INE, Padrón municipal, tablas provinciales 2854–2909"
35026,2015,102078,"INE, Padrón municipal, tablas provinciales 2854–2909"
35026,2016,102164,"INE, Padrón municipal, tablas provinciales 2854–2909"
35026,2017,102005,"INE, Padrón municipal, tablas provinciales 2854–2909"
35026,2018,102424,"INE, Padrón municipal, tablas provinciales 2854–2909"
35026,2019,102647,"INE, Padrón municipal, tablas provinciales 2854–2909"
35026,2020,102791,"INE, Padrón municipal, tablas provinciales 2854–2909"
35026,2021,102769,"INE, Padrón municipal, tablas provinciales 2854–2909"
35026,2022,102472,"INE, Padrón municipal, tablas provinciales 2854–2909"
35026,2023,102487,"INE, Padrón municipal, tablas provinciales 2854–2909"
35026,2024,102867,"INE, Padrón municipal, tablas provinciales 2854–2909"
35026,2025,104168,"INE, Padrón municipal, tablas provinciales 2854–2909"
36008,1996,23231,"INE, Padrón municipal, tablas provinciales 2854–2909"
36008,1998,23235,"INE, Padrón municipal, tablas provinciales 2854–2909"
36008,1999,23413,"INE, Padrón municipal, tablas provinciales 2854–2909"
36008,2000,23442,"INE, Padrón municipal, tablas provinciales 2854–2909"
36008,2001,23756,"INE, Padrón municipal, tablas provinciales 2854–2909"
36008,2002,24147,"INE, Padrón municipal, tablas provinciales 2854–2909"
36008,2003,24458,"INE, Padrón municipal, tablas provinciales 2854–2909"
36008,2004,24643,"INE, Padrón municipal, tablas provinciales 2854–2909"
36008,2005,24849,"INE, Padrón municipal, tablas provinciales 2854–2909"
36008,2006,25202,"INE, Padrón municipal, tablas provinciales 2854–2909"
36008,2007,25402,"INE, Padrón municipal, tablas provinciales 2854–2909"
36008,2008,25537,"INE, Padrón municipal, tablas provinciales 2854–2909"
36008,2009,25748,"INE, Padrón municipal, tablas provinciales 2854–2909"
36008,2010,25913,"INE, Padrón municipal, tablas provinciales 2854–2909"
36008,2011,26121,"INE, Padrón municipal, tablas provinciales 2854–2909"
36008,2012,26087,"INE, Padrón municipal, tablas provinciales 2854–2909"
36008,2013,26173,"INE, Padrón municipal, tablas provinciales 2854–2909"
36008,2014,26567,"INE, Padrón municipal, tablas provinciales 2854–2909"
36008,2015,26520,"INE, Padrón municipal, tablas provinciales 2854–2909"
36008,2016,26584,"INE, Padrón municipal, tablas provinciales 2854–2909"
36008,2017,26490,"INE, Padrón municipal, tablas provinciales 2854–2909"
36008,2018,26487,"INE, Padrón municipal, tablas provinciales 2854–2909"
36008,2019,26542,"INE, Padrón municipal, tablas provinciales 2854–2909"
36008,2020,26582,"INE, Padrón municipal, tablas provinciales 2854–2909"
36008,2021,26708,"INE, Padrón municipal, tablas provinciales 2854–2909"
36008,2022,26832,"INE, Padrón municipal, tablas provinciales 2854–2909"
36008,2023,26807,"INE, Padrón municipal, tablas provinciales 2854–2909"
36008,2024,26714,"INE, Padrón municipal, tablas provinciales 2854–2909"
36008,2025,26711,"INE, Padrón municipal, tablas provinciales 2854–2909"
36026,1996,24731,"INE, Padrón municipal, tablas provinciales 2854–2909"
36026,1998,25344,"INE, Padrón municipal, tablas provinciales 2854–2909"
36026,1999,25421,"INE, Padrón municipal, tablas provinciales 2854–2909"
36026,2000,25482,"INE, Padrón municipal, tablas provinciales 2854–2909"
36026,2001,25487,"INE, Padrón municipal, tablas provinciales 2854–2909"
36026,2002,25461,"INE, Padrón municipal, tablas provinciales 2854–2909"
36026,2003,24825,"INE, Padrón municipal, tablas provinciales 2854–2909"
36026,2004,25706,"INE, Padrón municipal, tablas provinciales 2854–2909"
36026,2005,26103,"INE, Padrón municipal, tablas provinciales 2854–2909"
36026,2006,26190,"INE, Padrón municipal, tablas provinciales 2854–2909"
36026,2007,25885,"INE, Padrón municipal, tablas provinciales 2854–2909"
36026,2008,25879,"INE, Padrón municipal, tablas provinciales 2854–2909"
36026,2009,25969,"INE, Padrón municipal, tablas provinciales 2854–2909"
36026,2010,25997,"INE, Padrón municipal, tablas provinciales 2854–2909"
36026,2011,25864,"INE, Padrón municipal, tablas provinciales 2854–2909"
36026,2012,25562,"INE, Padrón municipal, tablas provinciales 2854–2909"
36026,2013,25483,"INE, Padrón municipal, tablas provinciales 2854–2909"
36026,2014,25329,"INE, Padrón municipal, tablas provinciales 2854–2909"
36026,2015,25084,"INE, Padrón municipal, tablas provinciales 2854–2909"
36026,2016,24878,"INE, Padrón municipal, tablas provinciales 2854–2909"
36026,2017,24637,"INE, Padrón municipal, tablas provinciales 2854–2909"
36026,2018,24362,"INE, Padrón municipal, tablas provinciales 2854–2909"
36026,2019,24319,"INE, Padrón municipal, tablas provinciales 2854–2909"
36026,2020,24242,"INE, Padrón municipal, tablas provinciales 2854–2909"
36026,2021,24248,"INE, Padrón municipal, tablas provinciales 2854–2909"
36026,2022,24034,"INE, Padrón municipal, tablas provinciales 2854–2909"
36026,2023,24197,"INE, Padrón municipal, tablas provinciales 2854–2909"
36026,2024,24154,"INE, Padrón municipal, tablas provinciales 2854–2909"
36026,2025,23991,"INE, Padrón municipal, tablas provinciales 2854–2909"
36038,1996,74287,"INE, Padrón municipal, tablas provinciales 2854–2909"
36038,1998,73871,"INE, Padrón municipal, tablas provinciales 2854–2909"
36038,1999,74139,"INE, Padrón municipal, tablas provinciales 2854–2909"
36038,2000,75212,"INE, Padrón municipal, tablas provinciales 2854–2909"
36038,2001,75864,"INE, Padrón municipal, tablas provinciales 2854–2909"
36038,2002,76798,"INE, Padrón municipal, tablas provinciales 2854–2909"
36038,2003,77993,"INE, Padrón municipal, tablas provinciales 2854–2909"
36038,2004,78715,"INE, Padrón municipal, tablas provinciales 2854–2909"
36038,2005,79372,"INE, Padrón municipal, tablas provinciales 2854–2909"
36038,2006,80096,"INE, Padrón municipal, tablas provinciales 2854–2909"
36038,2007,80202,"INE, Padrón municipal, tablas provinciales 2854–2909"
36038,2008,80749,"INE, Padrón municipal, tablas provinciales 2854–2909"
36038,2009,81576,"INE, Padrón municipal, tablas provinciales 2854–2909"
36038,2010,81981,"INE, Padrón municipal, tablas provinciales 2854–2909"
36038,2011,82400,"INE, Padrón municipal, tablas provinciales 2854–2909"
36038,2012,82684,"INE, Padrón municipal, tablas provinciales 2854–2909"
36038,2013,82934,"INE, Padrón municipal, tablas provinciales 2854–2909"
36038,2014,82946,"INE, Padrón municipal, tablas provinciales 2854–2909"
36038,2015,82539,"INE, Padrón municipal, tablas provinciales 2854–2909"
36038,2016,82549,"INE, Padrón municipal, tablas provinciales 2854–2909"
36038,2017,82671,"INE, Padrón municipal, tablas provinciales 2854–2909"
36038,2018,82802,"INE, Padrón municipal, tablas provinciales 2854–2909"
36038,2019,83029,"INE, Padrón municipal, tablas provinciales 2854–2909"
36038,2020,83260,"INE, Padrón municipal, tablas provinciales 2854–2909"
36038,2021,83114,"INE, Padrón municipal, tablas provinciales 2854–2909"
36038,2022,82828,"INE, Padrón municipal, tablas provinciales 2854–2909"
36038,2023,82535,"INE, Padrón municipal, tablas provinciales 2854–2909"
36038,2024,83077,"INE, Padrón municipal, tablas provinciales 2854–2909"
36038,2025,83316,"INE, Padrón municipal, tablas provinciales 2854–2909"
36045,1996,28893,"INE, Padrón municipal, tablas provinciales 2854–2909"
36045,1998,28768,"INE, Padrón municipal, tablas provinciales 2854–2909"
36045,1999,28943,"INE, Padrón municipal, tablas provinciales 2854–2909"
36045,2000,29108,"INE, Padrón municipal, tablas provinciales 2854–2909"
36045,2001,29090,"INE, Padrón municipal, tablas provinciales 2854–2909"
36045,2002,29045,"INE, Padrón municipal, tablas provinciales 2854–2909"
36045,2003,29415,"INE, Padrón municipal, tablas provinciales 2854–2909"
36045,2004,29732,"INE, Padrón municipal, tablas provinciales 2854–2909"
36045,2005,29863,"INE, Padrón municipal, tablas provinciales 2854–2909"
36045,2006,30029,"INE, Padrón municipal, tablas provinciales 2854–2909"
36045,2007,29987,"INE, Padrón municipal, tablas provinciales 2854–2909"
36045,2008,30036,"INE, Padrón municipal, tablas provinciales 2854–2909"
36045,2009,30001,"INE, Padrón municipal, tablas provinciales 2854–2909"
36045,2010,30067,"INE, Padrón municipal, tablas provinciales 2854–2909"
36045,2011,30006,"INE, Padrón municipal, tablas provinciales 2854–2909"
36045,2012,30015,"INE, Padrón municipal, tablas provinciales 2854–2909"
36045,2013,29918,"INE, Padrón municipal, tablas provinciales 2854–2909"
36045,2014,29909,"INE, Padrón municipal, tablas provinciales 2854–2909"
36045,2015,29697,"INE, Padrón municipal, tablas provinciales 2854–2909"
36045,2016,29563,"INE, Padrón municipal, tablas provinciales 2854–2909"
36045,2017,29392,"INE, Padrón municipal, tablas provinciales 2854–2909"
36045,2018,29194,"INE, Padrón municipal, tablas provinciales 2854–2909"
36045,2019,29218,"INE, Padrón municipal, tablas provinciales 2854–2909"
36045,2020,29241,"INE, Padrón municipal, tablas provinciales 2854–2909"
36045,2021,29192,"INE, Padrón municipal, tablas provinciales 2854–2909"
36045,2022,29055,"INE, Padrón municipal, tablas provinciales 2854–2909"
36045,2023,28937,"INE, Padrón municipal, tablas provinciales 2854–2909"
36045,2024,28976,"INE, Padrón municipal, tablas provinciales 2854–2909"
36045,2025,28874,"INE, Padrón municipal, tablas provinciales 2854–2909"
36057,1996,286774,"INE, Padrón municipal, tablas provinciales 2854–2909"
36057,1998,283110,"INE, Padrón municipal, tablas provinciales 2854–2909"
36057,1999,283670,"INE, Padrón municipal, tablas provinciales 2854–2909"
36057,2000,285526,"INE, Padrón municipal, tablas provinciales 2854–2909"
36057,2001,287282,"INE, Padrón municipal, tablas provinciales 2854–2909"
36057,2002,288324,"INE, Padrón municipal, tablas provinciales 2854–2909"
36057,2003,292566,"INE, Padrón municipal, tablas provinciales 2854–2909"
36057,2004,292059,"INE, Padrón municipal, tablas provinciales 2854–2909"
36057,2005,293725,"INE, Padrón municipal, tablas provinciales 2854–2909"
36057,2006,293255,"INE, Padrón municipal, tablas provinciales 2854–2909"
36057,2007,294772,"INE, Padrón municipal, tablas provinciales 2854–2909"
36057,2008,295703,"INE, Padrón municipal, tablas provinciales 2854–2909"
36057,2009,297332,"INE, Padrón municipal, tablas provinciales 2854–2909"
36057,2010,297124,"INE, Padrón municipal, tablas provinciales 2854–2909"
36057,2011,297241,"INE, Padrón municipal, tablas provinciales 2854–2909"
36057,2012,297355,"INE, Padrón municipal, tablas provinciales 2854–2909"
36057,2013,296479,"INE, Padrón municipal, tablas provinciales 2854–2909"
36057,2014,294997,"INE, Padrón municipal, tablas provinciales 2854–2909"
36057,2015,294098,"INE, Padrón municipal, tablas provinciales 2854–2909"
36057,2016,292817,"INE, Padrón municipal, tablas provinciales 2854–2909"
36057,2017,292986,"INE, Padrón municipal, tablas provinciales 2854–2909"
36057,2018,293642,"INE, Padrón municipal, tablas provinciales 2854–2909"
36057,2019,295364,"INE, Padrón municipal, tablas provinciales 2854–2909"
36057,2020,296692,"INE, Padrón municipal, tablas provinciales 2854–2909"
36057,2021,293837,"INE, Padrón municipal, tablas provinciales 2854–2909"
36057,2022,292374,"INE, Padrón municipal, tablas provinciales 2854–2909"
36057,2023,293652,"INE, Padrón municipal, tablas provinciales 2854–2909"
36057,2024,293977,"INE, Padrón municipal, tablas provinciales 2854–2909"
36057,2025,294489,"INE, Padrón municipal, tablas provinciales 2854–2909"
36060,1996,33375,"INE, Padrón municipal, tablas provinciales 2854–2909"
36060,1998,33724,"INE, Padrón municipal, tablas provinciales 2854–2909"
36060,1999,33909,"INE, Padrón municipal, tablas provinciales 2854–2909"
36060,2000,33832,"INE, Padrón municipal, tablas provinciales 2854–2909"
36060,2001,33823,"INE, Padrón municipal, tablas provinciales 2854–2909"
36060,2002,33907,"INE, Padrón municipal, tablas provinciales 2854–2909"
36060,2003,34469,"INE, Padrón municipal, tablas provinciales 2854–2909"
36060,2004,35053,"INE, Padrón municipal, tablas provinciales 2854–2909"
36060,2005,35954,"INE, Padrón municipal, tablas provinciales 2854–2909"
36060,2006,36519,"INE, Padrón municipal, tablas provinciales 2854–2909"
36060,2007,36743,"INE, Padrón municipal, tablas provinciales 2854–2909"
36060,2008,37329,"INE, Padrón municipal, tablas provinciales 2854–2909"
36060,2009,37576,"INE, Padrón municipal, tablas provinciales 2854–2909"
36060,2010,37926,"INE, Padrón municipal, tablas provinciales 2854–2909"
36060,2011,37903,"INE, Padrón municipal, tablas provinciales 2854–2909"
36060,2012,37621,"INE, Padrón municipal, tablas provinciales 2854–2909"
36060,2013,37741,"INE, Padrón municipal, tablas provinciales 2854–2909"
36060,2014,37712,"INE, Padrón municipal, tablas provinciales 2854–2909"
36060,2015,37482,"INE, Padrón municipal, tablas provinciales 2854–2909"
36060,2016,37283,"INE, Padrón municipal, tablas provinciales 2854–2909"
36060,2017,37479,"INE, Padrón municipal, tablas provinciales 2854–2909"
36060,2018,37519,"INE, Padrón municipal, tablas provinciales 2854–2909"
36060,2019,37456,"INE, Padrón municipal, tablas provinciales 2854–2909"
36060,2020,37565,"INE, Padrón municipal, tablas provinciales 2854–2909"
36060,2021,37545,"INE, Padrón municipal, tablas provinciales 2854–2909"
36060,2022,37677,"INE, Padrón municipal, tablas provinciales 2854–2909"
36060,2023,37689,"INE, Padrón municipal, tablas provinciales 2854–2909"
36060,2024,37761,"INE, Padrón municipal, tablas provinciales 2854–2909"
36060,2025,37888,"INE, Padrón municipal, tablas provinciales 2854–2909"
37274,1996,159225,"INE, Padrón municipal, tablas provinciales 2854–2909"
37274,1998,158457,"INE, Padrón municipal, tablas provinciales 2854–2909"
37274,1999,158720,"INE, Padrón municipal, tablas provinciales 2854–2909"
37274,2000,158556,"INE, Padrón municipal, tablas provinciales 2854–2909"
37274,2001,158523,"INE, Padrón municipal, tablas provinciales 2854–2909"
37274,2002,156006,"INE, Padrón municipal, tablas provinciales 2854–2909"
37274,2003,157906,"INE, Padrón municipal, tablas provinciales 2854–2909"
37274,2004,160415,"INE, Padrón municipal, tablas provinciales 2854–2909"
37274,2005,160331,"INE, Padrón municipal, tablas provinciales 2854–2909"
37274,2006,159754,"INE, Padrón municipal, tablas provinciales 2854–2909"
37274,2007,155921,"INE, Padrón municipal, tablas provinciales 2854–2909"
37274,2008,155740,"INE, Padrón municipal, tablas provinciales 2854–2909"
37274,2009,155619,"INE, Padrón municipal, tablas provinciales 2854–2909"
37274,2010,154462,"INE, Padrón municipal, tablas provinciales 2854–2909"
37274,2011,153472,"INE, Padrón municipal, tablas provinciales 2854–2909"
37274,2012,152048,"INE, Padrón municipal, tablas provinciales 2854–2909"
37274,2013,149528,"INE, Padrón municipal, tablas provinciales 2854–2909"
37274,2014,148042,"INE, Padrón municipal, tablas provinciales 2854–2909"
37274,2015,146438,"INE, Padrón municipal, tablas provinciales 2854–2909"
37274,2016,144949,"INE, Padrón municipal, tablas provinciales 2854–2909"
37274,2017,144436,"INE, Padrón municipal, tablas provinciales 2854–2909"
37274,2018,143978,"INE, Padrón municipal, tablas provinciales 2854–2909"
37274,2019,144228,"INE, Padrón municipal, tablas provinciales 2854–2909"
37274,2020,144825,"INE, Padrón municipal, tablas provinciales 2854–2909"
37274,2021,143269,"INE, Padrón municipal, tablas provinciales 2854–2909"
37274,2022,142412,"INE, Padrón municipal, tablas provinciales 2854–2909"
37274,2023,143954,"INE, Padrón municipal, tablas provinciales 2854–2909"
37274,2024,144866,"INE, Padrón municipal, tablas provinciales 2854–2909"
37274,2025,146110,"INE, Padrón municipal, tablas provinciales 2854–2909"
38001,1996,14029,"INE, Padrón municipal, tablas provinciales 2854–2909"
38001,1998,13605,"INE, Padrón municipal, tablas provinciales 2854–2909"
38001,1999,13605,"INE, Padrón municipal, tablas provinciales 2854–2909"
38001,2000,14007,"INE, Padrón municipal, tablas provinciales 2854–2909"
38001,2001,21862,"INE, Padrón municipal, tablas provinciales 2854–2909"
38001,2002,25341,"INE, Padrón municipal, tablas provinciales 2854–2909"
38001,2003,27640,"INE, Padrón municipal, tablas provinciales 2854–2909"
38001,2004,30304,"INE, Padrón municipal, tablas provinciales 2854–2909"
38001,2005,33722,"INE, Padrón municipal, tablas provinciales 2854–2909"
38001,2006,36764,"INE, Padrón municipal, tablas provinciales 2854–2909"
38001,2007,38245,"INE, Padrón municipal, tablas provinciales 2854–2909"
38001,2008,41002,"INE, Padrón municipal, tablas provinciales 2854–2909"
38001,2009,43204,"INE, Padrón municipal, tablas provinciales 2854–2909"
38001,2010,43801,"INE, Padrón municipal, tablas provinciales 2854–2909"
38001,2011,45134,"INE, Padrón municipal, tablas provinciales 2854–2909"
38001,2012,46894,"INE, Padrón municipal, tablas provinciales 2854–2909"
38001,2013,49387,"INE, Padrón municipal, tablas provinciales 2854–2909"
38001,2014,46667,"INE, Padrón municipal, tablas provinciales 2854–2909"
38001,2015,45405,"INE, Padrón municipal, tablas provinciales 2854–2909"
38001,2016,47316,"INE, Padrón municipal, tablas provinciales 2854–2909"
38001,2017,46833,"INE, Padrón municipal, tablas provinciales 2854–2909"
38001,2018,47280,"INE, Padrón municipal, tablas provinciales 2854–2909"
38001,2019,47869,"INE, Padrón municipal, tablas provinciales 2854–2909"
38001,2020,49030,"INE, Padrón municipal, tablas provinciales 2854–2909"
38001,2021,48733,"INE, Padrón municipal, tablas provinciales 2854–2909"
38001,2022,49270,"INE, Padrón municipal, tablas provinciales 2854–2909"
38001,2023,50167,"INE, Padrón municipal, tablas provinciales 2854–2909"
38001,2024,50549,"INE, Padrón municipal, tablas provinciales 2854–2909"
38001,2025,50021,"INE, Padrón municipal, tablas provinciales 2854–2909"
38006,1996,28208,"INE, Padrón municipal, tablas provinciales 2854–2909"
38006,1998,26312,"INE, Padrón municipal, tablas provinciales 2854–2909"
38006,1999,29792,"INE, Padrón municipal, tablas provinciales 2854–2909"
38006,2000,38416,"INE, Padrón municipal, tablas provinciales 2854–2909"
38006,2001,43259,"INE, Padrón municipal, tablas provinciales 2854–2909"
38006,2002,52572,"INE, Padrón municipal, tablas provinciales 2854–2909"
38006,2003,57445,"INE, Padrón municipal, tablas provinciales 2854–2909"
38006,2004,59395,"INE, Padrón municipal, tablas provinciales 2854–2909"
38006,2005,65550,"INE, Padrón municipal, tablas provinciales 2854–2909"
38006,2006,69100,"INE, Padrón municipal, tablas provinciales 2854–2909"
38006,2007,72328,"INE, Padrón municipal, tablas provinciales 2854–2909"
38006,2008,75903,"INE, Padrón municipal, tablas provinciales 2854–2909"
38006,2009,78614,"INE, Padrón municipal, tablas provinciales 2854–2909"
38006,2010,79377,"INE, Padrón municipal, tablas provinciales 2854–2909"
38006,2011,75339,"INE, Padrón municipal, tablas provinciales 2854–2909"
38006,2012,77718,"INE, Padrón municipal, tablas provinciales 2854–2909"
38006,2013,80987,"INE, Padrón municipal, tablas provinciales 2854–2909"
38006,2014,79890,"INE, Padrón municipal, tablas provinciales 2854–2909"
38006,2015,79928,"INE, Padrón municipal, tablas provinciales 2854–2909"
38006,2016,79172,"INE, Padrón municipal, tablas provinciales 2854–2909"
38006,2017,78930,"INE, Padrón municipal, tablas provinciales 2854–2909"
38006,2018,79448,"INE, Padrón municipal, tablas provinciales 2854–2909"
38006,2019,81216,"INE, Padrón municipal, tablas provinciales 2854–2909"
38006,2020,82777,"INE, Padrón municipal, tablas provinciales 2854–2909"
38006,2021,82563,"INE, Padrón municipal, tablas provinciales 2854–2909"
38006,2022,82982,"INE, Padrón municipal, tablas provinciales 2854–2909"
38006,2023,85249,"INE, Padrón municipal, tablas provinciales 2854–2909"
38006,2024,86624,"INE, Padrón municipal, tablas provinciales 2854–2909"
38006,2025,87793,"INE, Padrón municipal, tablas provinciales 2854–2909"
38011,1996,12392,"INE, Padrón municipal, tablas provinciales 2854–2909"
38011,1998,12681,"INE, Padrón municipal, tablas provinciales 2854–2909"
38011,1999,13356,"INE, Padrón municipal, tablas provinciales 2854–2909"
38011,2000,13294,"INE, Padrón municipal, tablas provinciales 2854–2909"
38011,2001,13595,"INE, Padrón municipal, tablas provinciales 2854–2909"
38011,2002,15980,"INE, Padrón municipal, tablas provinciales 2854–2909"
38011,2003,17398,"INE, Padrón municipal, tablas provinciales 2854–2909"
38011,2004,19197,"INE, Padrón municipal, tablas provinciales 2854–2909"
38011,2005,20628,"INE, Padrón municipal, tablas provinciales 2854–2909"
38011,2006,21415,"INE, Padrón municipal, tablas provinciales 2854–2909"
38011,2007,22477,"INE, Padrón municipal, tablas provinciales 2854–2909"
38011,2008,23394,"INE, Padrón municipal, tablas provinciales 2854–2909"
38011,2009,24319,"INE, Padrón municipal, tablas provinciales 2854–2909"
38011,2010,25140,"INE, Padrón municipal, tablas provinciales 2854–2909"
38011,2011,25957,"INE, Padrón municipal, tablas provinciales 2854–2909"
38011,2012,26290,"INE, Padrón municipal, tablas provinciales 2854–2909"
38011,2013,26134,"INE, Padrón municipal, tablas provinciales 2854–2909"
38011,2014,26543,"INE, Padrón municipal, tablas provinciales 2854–2909"
38011,2015,26490,"INE, Padrón municipal, tablas provinciales 2854–2909"
38011,2016,26746,"INE, Padrón municipal, tablas provinciales 2854–2909"
38011,2017,27149,"INE, Padrón municipal, tablas provinciales 2854–2909"
38011,2018,27641,"INE, Padrón municipal, tablas provinciales 2854–2909"
38011,2019,27985,"INE, Padrón municipal, tablas provinciales 2854–2909"
38011,2020,28383,"INE, Padrón municipal, tablas provinciales 2854–2909"
38011,2021,28463,"INE, Padrón municipal, tablas provinciales 2854–2909"
38011,2022,28485,"INE, Padrón municipal, tablas provinciales 2854–2909"
38011,2023,28694,"INE, Padrón municipal, tablas provinciales 2854–2909"
38011,2024,28795,"INE, Padrón municipal, tablas provinciales 2854–2909"
38011,2025,29023,"INE, Padrón municipal, tablas provinciales 2854–2909"
38017,1996,18508,"INE, Padrón municipal, tablas provinciales 2854–2909"
38017,1998,17321,"INE, Padrón municipal, tablas provinciales 2854–2909"
38017,1999,19253,"INE, Padrón municipal, tablas provinciales 2854–2909"
38017,2000,20323,"INE, Padrón municipal, tablas provinciales 2854–2909"
38017,2001,21078,"INE, Padrón municipal, tablas provinciales 2854–2909"
38017,2002,27244,"INE, Padrón municipal, tablas provinciales 2854–2909"
38017,2003,28927,"INE, Padrón municipal, tablas provinciales 2854–2909"
38017,2004,30769,"INE, Padrón municipal, tablas provinciales 2854–2909"
38017,2005,33207,"INE, Padrón municipal, tablas provinciales 2854–2909"
38017,2006,34595,"INE, Padrón municipal, tablas provinciales 2854–2909"
38017,2007,36224,"INE, Padrón municipal, tablas provinciales 2854–2909"
38017,2008,38866,"INE, Padrón municipal, tablas provinciales 2854–2909"
38017,2009,39993,"INE, Padrón municipal, tablas provinciales 2854–2909"
38017,2010,40862,"INE, Padrón municipal, tablas provinciales 2854–2909"
38017,2011,41555,"INE, Padrón municipal, tablas provinciales 2854–2909"
38017,2012,42545,"INE, Padrón municipal, tablas provinciales 2854–2909"
38017,2013,43608,"INE, Padrón municipal, tablas provinciales 2854–2909"
38017,2014,43455,"INE, Padrón municipal, tablas provinciales 2854–2909"
38017,2015,44846,"INE, Padrón municipal, tablas provinciales 2854–2909"
38017,2016,45332,"INE, Padrón municipal, tablas provinciales 2854–2909"
38017,2017,46816,"INE, Padrón municipal, tablas provinciales 2854–2909"
38017,2018,48374,"INE, Padrón municipal, tablas provinciales 2854–2909"
38017,2019,50146,"INE, Padrón municipal, tablas provinciales 2854–2909"
38017,2020,51233,"INE, Padrón municipal, tablas provinciales 2854–2909"
38017,2021,51850,"INE, Padrón municipal, tablas provinciales 2854–2909"
38017,2022,52447,"INE, Padrón municipal, tablas provinciales 2854–2909"
38017,2023,54942,"INE, Padrón municipal, tablas provinciales 2854–2909"
38017,2024,57143,"INE, Padrón municipal, tablas provinciales 2854–2909"
38017,2025,58752,"INE, Padrón municipal, tablas provinciales 2854–2909"
38023,1996,121769,"INE, Padrón municipal, tablas provinciales 2854–2909"
38023,1998,127945,"INE, Padrón municipal, tablas provinciales 2854–2909"
38023,1999,127945,"INE, Padrón municipal, tablas provinciales 2854–2909"
38023,2000,126543,"INE, Padrón municipal, tablas provinciales 2854–2909"
38023,2001,133340,"INE, Padrón municipal, tablas provinciales 2854–2909"
38023,2002,135004,"INE, Padrón municipal, tablas provinciales 2854–2909"
38023,2003,134744,"INE, Padrón municipal, tablas provinciales 2854–2909"
38023,2004,137314,"INE, Padrón municipal, tablas provinciales 2854–2909"
38023,2005,141627,"INE, Padrón municipal, tablas provinciales 2854–2909"
38023,2006,142161,"INE, Padrón municipal, tablas provinciales 2854–2909"
38023,2007,144347,"INE, Padrón municipal, tablas provinciales 2854–2909"
38023,2008,148375,"INE, Padrón municipal, tablas provinciales 2854–2909"
38023,2009,150661,"INE, Padrón municipal, tablas provinciales 2854–2909"
38023,2010,152222,"INE, Padrón municipal, tablas provinciales 2854–2909"
38023,2011,153187,"INE, Padrón municipal, tablas provinciales 2854–2909"
38023,2012,153224,"INE, Padrón municipal, tablas provinciales 2854–2909"
38023,2013,151718,"INE, Padrón municipal, tablas provinciales 2854–2909"
38023,2014,153009,"INE, Padrón municipal, tablas provinciales 2854–2909"
38023,2015,152843,"INE, Padrón municipal, tablas provinciales 2854–2909"
38023,2016,153111,"INE, Padrón municipal, tablas provinciales 2854–2909"
38023,2017,153655,"INE, Padrón municipal, tablas provinciales 2854–2909"
38023,2018,155549,"INE, Padrón municipal, tablas provinciales 2854–2909"
38023,2019,157503,"INE, Padrón municipal, tablas provinciales 2854–2909"
38023,2020,158911,"INE, Padrón municipal, tablas provinciales 2854–2909"
38023,2021,158010,"INE, Padrón municipal, tablas provinciales 2854–2909"
38023,2022,157815,"INE, Padrón municipal, tablas provinciales 2854–2909"
38023,2023,159034,"INE, Padrón municipal, tablas provinciales 2854–2909"
38023,2024,160258,"INE, Padrón municipal, tablas provinciales 2854–2909"
38023,2025,161108,"INE, Padrón municipal, tablas provinciales 2854–2909"
38026,1996,35642,"INE, Padrón municipal, tablas provinciales 2854–2909"
38026,1998,35775,"INE, Padrón municipal, tablas provinciales 2854–2909"
38026,1999,35775,"INE, Padrón municipal, tablas provinciales 2854–2909"
38026,2000,38348,"INE, Padrón municipal, tablas provinciales 2854–2909"
38026,2001,38670,"INE, Padrón municipal, tablas provinciales 2854–2909"
38026,2002,39095,"INE, Padrón municipal, tablas provinciales 2854–2909"
38026,2003,39876,"INE, Padrón municipal, tablas provinciales 2854–2909"
38026,2004,39909,"INE, Padrón municipal, tablas provinciales 2854–2909"
38026,2005,40355,"INE, Padrón municipal, tablas provinciales 2854–2909"
38026,2006,40644,"INE, Padrón municipal, tablas provinciales 2854–2909"
38026,2007,40644,"INE, Padrón municipal, tablas provinciales 2854–2909"
38026,2008,40945,"INE, Padrón municipal, tablas provinciales 2854–2909"
38026,2009,41171,"INE, Padrón municipal, tablas provinciales 2854–2909"
38026,2010,41427,"INE, Padrón municipal, tablas provinciales 2854–2909"
38026,2011,41706,"INE, Padrón municipal, tablas provinciales 2854–2909"
38026,2012,41726,"INE, Padrón municipal, tablas provinciales 2854–2909"
38026,2013,41255,"INE, Padrón municipal, tablas provinciales 2854–2909"
38026,2014,41179,"INE, Padrón municipal, tablas provinciales 2854–2909"
38026,2015,41317,"INE, Padrón municipal, tablas provinciales 2854–2909"
38026,2016,41294,"INE, Padrón municipal, tablas provinciales 2854–2909"
38026,2017,41500,"INE, Padrón municipal, tablas provinciales 2854–2909"
38026,2018,41833,"INE, Padrón municipal, tablas provinciales 2854–2909"
38026,2019,42029,"INE, Padrón municipal, tablas provinciales 2854–2909"
38026,2020,42187,"INE, Padrón municipal, tablas provinciales 2854–2909"
38026,2021,42219,"INE, Padrón municipal, tablas provinciales 2854–2909"
38026,2022,42434,"INE, Padrón municipal, tablas provinciales 2854–2909"
38026,2023,42454,"INE, Padrón municipal, tablas provinciales 2854–2909"
38026,2024,42585,"INE, Padrón municipal, tablas provinciales 2854–2909"
38026,2025,42514,"INE, Padrón municipal, tablas provinciales 2854–2909"
38028,1996,24542,"INE, Padrón municipal, tablas provinciales 2854–2909"
38028,1998,24050,"INE, Padrón municipal, tablas provinciales 2854–2909"
38028,1999,24050,"INE, Padrón municipal, tablas provinciales 2854–2909"
38028,2000,24988,"INE, Padrón municipal, tablas provinciales 2854–2909"
38028,2001,29854,"INE, Padrón municipal, tablas provinciales 2854–2909"
38028,2002,30466,"INE, Padrón municipal, tablas provinciales 2854–2909"
38028,2003,31830,"INE, Padrón municipal, tablas provinciales 2854–2909"
38028,2004,30088,"INE, Padrón municipal, tablas provinciales 2854–2909"
38028,2005,30613,"INE, Padrón municipal, tablas provinciales 2854–2909"
38028,2006,30585,"INE, Padrón municipal, tablas provinciales 2854–2909"
38028,2007,31131,"INE, Padrón municipal, tablas provinciales 2854–2909"
38028,2008,31804,"INE, Padrón municipal, tablas provinciales 2854–2909"
38028,2009,32219,"INE, Padrón municipal, tablas provinciales 2854–2909"
38028,2010,32571,"INE, Padrón municipal, tablas provinciales 2854–2909"
38028,2011,32817,"INE, Padrón municipal, tablas provinciales 2854–2909"
38028,2012,32665,"INE, Padrón municipal, tablas provinciales 2854–2909"
38028,2013,28929,"INE, Padrón municipal, tablas provinciales 2854–2909"
38028,2014,29435,"INE, Padrón municipal, tablas provinciales 2854–2909"
38028,2015,29412,"INE, Padrón municipal, tablas provinciales 2854–2909"
38028,2016,29497,"INE, Padrón municipal, tablas provinciales 2854–2909"
38028,2017,30036,"INE, Padrón municipal, tablas provinciales 2854–2909"
38028,2018,30483,"INE, Padrón municipal, tablas provinciales 2854–2909"
38028,2019,30468,"INE, Padrón municipal, tablas provinciales 2854–2909"
38028,2020,30492,"INE, Padrón municipal, tablas provinciales 2854–2909"
38028,2021,30179,"INE, Padrón municipal, tablas provinciales 2854–2909"
38028,2022,30349,"INE, Padrón municipal, tablas provinciales 2854–2909"
38028,2023,30849,"INE, Padrón municipal, tablas provinciales 2854–2909"
38028,2024,31377,"INE, Padrón municipal, tablas provinciales 2854–2909"
38028,2025,31137,"INE, Padrón municipal, tablas provinciales 2854–2909"
38031,1996,32599,"INE, Padrón municipal, tablas provinciales 2854–2909"
38031,1998,32469,"INE, Padrón municipal, tablas provinciales 2854–2909"
38031,1999,33575,"INE, Padrón municipal, tablas provinciales 2854–2909"
38031,2000,34147,"INE, Padrón municipal, tablas provinciales 2854–2909"
38031,2001,35031,"INE, Padrón municipal, tablas provinciales 2854–2909"
38031,2002,35299,"INE, Padrón municipal, tablas provinciales 2854–2909"
38031,2003,35799,"INE, Padrón municipal, tablas provinciales 2854–2909"
38031,2004,35756,"INE, Padrón municipal, tablas provinciales 2854–2909"
38031,2005,36243,"INE, Padrón municipal, tablas provinciales 2854–2909"
38031,2006,36746,"INE, Padrón municipal, tablas provinciales 2854–2909"
38031,2007,37224,"INE, Padrón municipal, tablas provinciales 2854–2909"
38031,2008,37385,"INE, Padrón municipal, tablas provinciales 2854–2909"
38031,2009,37559,"INE, Padrón municipal, tablas provinciales 2854–2909"
38031,2010,37658,"INE, Padrón municipal, tablas provinciales 2854–2909"
38031,2011,38015,"INE, Padrón municipal, tablas provinciales 2854–2909"
38031,2012,38028,"INE, Padrón municipal, tablas provinciales 2854–2909"
38031,2013,37970,"INE, Padrón municipal, tablas provinciales 2854–2909"
38031,2014,36860,"INE, Padrón municipal, tablas provinciales 2854–2909"
38031,2015,36276,"INE, Padrón municipal, tablas provinciales 2854–2909"
38031,2016,36149,"INE, Padrón municipal, tablas provinciales 2854–2909"
38031,2017,36218,"INE, Padrón municipal, tablas provinciales 2854–2909"
38031,2018,36405,"INE, Padrón municipal, tablas provinciales 2854–2909"
38031,2019,36402,"INE, Padrón municipal, tablas provinciales 2854–2909"
38031,2020,36727,"INE, Padrón municipal, tablas provinciales 2854–2909"
38031,2021,36824,"INE, Padrón municipal, tablas provinciales 2854–2909"
38031,2022,37076,"INE, Padrón municipal, tablas provinciales 2854–2909"
38031,2023,37207,"INE, Padrón municipal, tablas provinciales 2854–2909"
38031,2024,37522,"INE, Padrón municipal, tablas provinciales 2854–2909"
38031,2025,37867,"INE, Padrón municipal, tablas provinciales 2854–2909"
38038,1996,203787,"INE, Padrón municipal, tablas provinciales 2854–2909"
38038,1998,211930,"INE, Padrón municipal, tablas provinciales 2854–2909"
38038,1999,213050,"INE, Padrón municipal, tablas provinciales 2854–2909"
38038,2000,215132,"INE, Padrón municipal, tablas provinciales 2854–2909"
38038,2001,214153,"INE, Padrón municipal, tablas provinciales 2854–2909"
38038,2002,217415,"INE, Padrón municipal, tablas provinciales 2854–2909"
38038,2003,220022,"INE, Padrón municipal, tablas provinciales 2854–2909"
38038,2004,219446,"INE, Padrón municipal, tablas provinciales 2854–2909"
38038,2005,221567,"INE, Padrón municipal, tablas provinciales 2854–2909"
38038,2006,223148,"INE, Padrón municipal, tablas provinciales 2854–2909"
38038,2007,220902,"INE, Padrón municipal, tablas provinciales 2854–2909"
38038,2008,221956,"INE, Padrón municipal, tablas provinciales 2854–2909"
38038,2009,222417,"INE, Padrón municipal, tablas provinciales 2854–2909"
38038,2010,222643,"INE, Padrón municipal, tablas provinciales 2854–2909"
38038,2011,222271,"INE, Padrón municipal, tablas provinciales 2854–2909"
38038,2012,206965,"INE, Padrón municipal, tablas provinciales 2854–2909"
38038,2013,206593,"INE, Padrón municipal, tablas provinciales 2854–2909"
38038,2014,205279,"INE, Padrón municipal, tablas provinciales 2854–2909"
38038,2015,203811,"INE, Padrón municipal, tablas provinciales 2854–2909"
38038,2016,203585,"INE, Padrón municipal, tablas provinciales 2854–2909"
38038,2017,203692,"INE, Padrón municipal, tablas provinciales 2854–2909"
38038,2018,204856,"INE, Padrón municipal, tablas provinciales 2854–2909"
38038,2019,207312,"INE, Padrón municipal, tablas provinciales 2854–2909"
38038,2020,209194,"INE, Padrón municipal, tablas provinciales 2854–2909"
38038,2021,208563,"INE, Padrón municipal, tablas provinciales 2854–2909"
38038,2022,208688,"INE, Padrón municipal, tablas provinciales 2854–2909"
38038,2023,209395,"INE, Padrón municipal, tablas provinciales 2854–2909"
38038,2024,211359,"INE, Padrón municipal, tablas provinciales 2854–2909"
38038,2025,211957,"INE, Padrón municipal, tablas provinciales 2854–2909"
39016,1996,22311,"INE, Padrón municipal, tablas provinciales 2854–2909"
39016,1998,22788,"INE, Padrón municipal, tablas provinciales 2854–2909"
39016,1999,22535,"INE, Padrón municipal, tablas provinciales 2854–2909"
39016,2000,22749,"INE, Padrón municipal, tablas provinciales 2854–2909"
39016,2001,23308,"INE, Padrón municipal, tablas provinciales 2854–2909"
39016,2002,23914,"INE, Padrón municipal, tablas provinciales 2854–2909"
39016,2003,25676,"INE, Padrón municipal, tablas provinciales 2854–2909"
39016,2004,26955,"INE, Padrón municipal, tablas provinciales 2854–2909"
39016,2005,28429,"INE, Padrón municipal, tablas provinciales 2854–2909"
39016,2006,30024,"INE, Padrón municipal, tablas provinciales 2854–2909"
39016,2007,30663,"INE, Padrón municipal, tablas provinciales 2854–2909"
39016,2008,31086,"INE, Padrón municipal, tablas provinciales 2854–2909"
39016,2009,31404,"INE, Padrón municipal, tablas provinciales 2854–2909"
39016,2010,31552,"INE, Padrón municipal, tablas provinciales 2854–2909"
39016,2011,31556,"INE, Padrón municipal, tablas provinciales 2854–2909"
39016,2012,31594,"INE, Padrón municipal, tablas provinciales 2854–2909"
39016,2013,31334,"INE, Padrón municipal, tablas provinciales 2854–2909"
39016,2014,31007,"INE, Padrón municipal, tablas provinciales 2854–2909"
39016,2015,30766,"INE, Padrón municipal, tablas provinciales 2854–2909"
39016,2016,30611,"INE, Padrón municipal, tablas provinciales 2854–2909"
39016,2017,30556,"INE, Padrón municipal, tablas provinciales 2854–2909"
39016,2018,30263,"INE, Padrón municipal, tablas provinciales 2854–2909"
39016,2019,30260,"INE, Padrón municipal, tablas provinciales 2854–2909"
39016,2020,30320,"INE, Padrón municipal, tablas provinciales 2854–2909"
39016,2021,30497,"INE, Padrón municipal, tablas provinciales 2854–2909"
39016,2022,30374,"INE, Padrón municipal, tablas provinciales 2854–2909"
39016,2023,30349,"INE, Padrón municipal, tablas provinciales 2854–2909"
39016,2024,30422,"INE, Padrón municipal, tablas provinciales 2854–2909"
39016,2025,30577,"INE, Padrón municipal, tablas provinciales 2854–2909"
39020,1996,15167,"INE, Padrón municipal, tablas provinciales 2854–2909"
39020,1998,16795,"INE, Padrón municipal, tablas provinciales 2854–2909"
39020,1999,16795,"INE, Padrón municipal, tablas provinciales 2854–2909"
39020,2000,18719,"INE, Padrón municipal, tablas provinciales 2854–2909"
39020,2001,20981,"INE, Padrón municipal, tablas provinciales 2854–2909"
39020,2002,22394,"INE, Padrón municipal, tablas provinciales 2854–2909"
39020,2003,23734,"INE, Padrón municipal, tablas provinciales 2854–2909"
39020,2004,25388,"INE, Padrón municipal, tablas provinciales 2854–2909"
39020,2005,27220,"INE, Padrón municipal, tablas provinciales 2854–2909"
39020,2006,28542,"INE, Padrón municipal, tablas provinciales 2854–2909"
39020,2007,29660,"INE, Padrón municipal, tablas provinciales 2854–2909"
39020,2008,30814,"INE, Padrón municipal, tablas provinciales 2854–2909"
39020,2009,31670,"INE, Padrón municipal, tablas provinciales 2854–2909"
39020,2010,32258,"INE, Padrón municipal, tablas provinciales 2854–2909"
39020,2011,32374,"INE, Padrón municipal, tablas provinciales 2854–2909"
39020,2012,32522,"INE, Padrón municipal, tablas provinciales 2854–2909"
39020,2013,32309,"INE, Padrón municipal, tablas provinciales 2854–2909"
39020,2014,32144,"INE, Padrón municipal, tablas provinciales 2854–2909"
39020,2015,31833,"INE, Padrón municipal, tablas provinciales 2854–2909"
39020,2016,31901,"INE, Padrón municipal, tablas provinciales 2854–2909"
39020,2017,31817,"INE, Padrón municipal, tablas provinciales 2854–2909"
39020,2018,31977,"INE, Padrón municipal, tablas provinciales 2854–2909"
39020,2019,32069,"INE, Padrón municipal, tablas provinciales 2854–2909"
39020,2020,32270,"INE, Padrón municipal, tablas provinciales 2854–2909"
39020,2021,32975,"INE, Padrón municipal, tablas provinciales 2854–2909"
39020,2022,33109,"INE, Padrón municipal, tablas provinciales 2854–2909"
39020,2023,33225,"INE, Padrón municipal, tablas provinciales 2854–2909"
39020,2024,33482,"INE, Padrón municipal, tablas provinciales 2854–2909"
39020,2025,33450,"INE, Padrón municipal, tablas provinciales 2854–2909"
39075,1996,185410,"INE, Padrón municipal, tablas provinciales 2854–2909"
39075,1998,184165,"INE, Padrón municipal, tablas provinciales 2854–2909"
39075,1999,184165,"INE, Padrón municipal, tablas provinciales 2854–2909"
39075,2000,184264,"INE, Padrón municipal, tablas provinciales 2854–2909"
39075,2001,185231,"INE, Padrón municipal, tablas provinciales 2854–2909"
39075,2002,184661,"INE, Padrón municipal, tablas provinciales 2854–2909"
39075,2003,184778,"INE, Padrón municipal, tablas provinciales 2854–2909"
39075,2004,183799,"INE, Padrón municipal, tablas provinciales 2854–2909"
39075,2005,183955,"INE, Padrón municipal, tablas provinciales 2854–2909"
39075,2006,182926,"INE, Padrón municipal, tablas provinciales 2854–2909"
39075,2007,181802,"INE, Padrón municipal, tablas provinciales 2854–2909"
39075,2008,182302,"INE, Padrón municipal, tablas provinciales 2854–2909"
39075,2009,182700,"INE, Padrón municipal, tablas provinciales 2854–2909"
39075,2010,181589,"INE, Padrón municipal, tablas provinciales 2854–2909"
39075,2011,179921,"INE, Padrón municipal, tablas provinciales 2854–2909"
39075,2012,178465,"INE, Padrón municipal, tablas provinciales 2854–2909"
39075,2013,177123,"INE, Padrón municipal, tablas provinciales 2854–2909"
39075,2014,175736,"INE, Padrón municipal, tablas provinciales 2854–2909"
39075,2015,173957,"INE, Padrón municipal, tablas provinciales 2854–2909"
39075,2016,172656,"INE, Padrón municipal, tablas provinciales 2854–2909"
39075,2017,171951,"INE, Padrón municipal, tablas provinciales 2854–2909"
39075,2018,172044,"INE, Padrón municipal, tablas provinciales 2854–2909"
39075,2019,172539,"INE, Padrón municipal, tablas provinciales 2854–2909"
39075,2020,173375,"INE, Padrón municipal, tablas provinciales 2854–2909"
39075,2021,172221,"INE, Padrón municipal, tablas provinciales 2854–2909"
39075,2022,171693,"INE, Padrón municipal, tablas provinciales 2854–2909"
39075,2023,172726,"INE, Padrón municipal, tablas provinciales 2854–2909"
39075,2024,174101,"INE, Padrón municipal, tablas provinciales 2854–2909"
39075,2025,175425,"INE, Padrón municipal, tablas provinciales 2854–2909"
39087,1996,58196,"INE, Padrón municipal, tablas provinciales 2854–2909"
39087,1998,57493,"INE, Padrón municipal, tablas provinciales 2854–2909"
39087,1999,57070,"INE, Padrón municipal, tablas provinciales 2854–2909"
39087,2000,56189,"INE, Padrón municipal, tablas provinciales 2854–2909"
39087,2001,55909,"INE, Padrón municipal, tablas provinciales 2854–2909"
39087,2002,56180,"INE, Padrón municipal, tablas provinciales 2854–2909"
39087,2003,56638,"INE, Padrón municipal, tablas provinciales 2854–2909"
39087,2004,56407,"INE, Padrón municipal, tablas provinciales 2854–2909"
39087,2005,56230,"INE, Padrón municipal, tablas provinciales 2854–2909"
39087,2006,56143,"INE, Padrón municipal, tablas provinciales 2854–2909"
39087,2007,55418,"INE, Padrón municipal, tablas provinciales 2854–2909"
39087,2008,55910,"INE, Padrón municipal, tablas provinciales 2854–2909"
39087,2009,55947,"INE, Padrón municipal, tablas provinciales 2854–2909"
39087,2010,55888,"INE, Padrón municipal, tablas provinciales 2854–2909"
39087,2011,55553,"INE, Padrón municipal, tablas provinciales 2854–2909"
39087,2012,55297,"INE, Padrón municipal, tablas provinciales 2854–2909"
39087,2013,54827,"INE, Padrón municipal, tablas provinciales 2854–2909"
39087,2014,54196,"INE, Padrón municipal, tablas provinciales 2854–2909"
39087,2015,53496,"INE, Padrón municipal, tablas provinciales 2854–2909"
39087,2016,52819,"INE, Padrón municipal, tablas provinciales 2854–2909"
39087,2017,52034,"INE, Padrón municipal, tablas provinciales 2854–2909"
39087,2018,51687,"INE, Padrón municipal, tablas provinciales 2854–2909"
39087,2019,51494,"INE, Padrón municipal, tablas provinciales 2854–2909"
39087,2020,51597,"INE, Padrón municipal, tablas provinciales 2854–2909"
39087,2021,51237,"INE, Padrón municipal, tablas provinciales 2854–2909"
39087,2022,51142,"INE, Padrón municipal, tablas provinciales 2854–2909"
39087,2023,51361,"INE, Padrón municipal, tablas provinciales 2854–2909"
39087,2024,51663,"INE, Padrón municipal, tablas provinciales 2854–2909"
39087,2025,51796,"INE, Padrón municipal, tablas provinciales 2854–2909"
40194,1996,54287,"INE, Padrón municipal, tablas provinciales 2854–2909"
40194,1998,54012,"INE, Padrón municipal, tablas provinciales 2854–2909"
40194,1999,54175,"INE, Padrón municipal, tablas provinciales 2854–2909"
40194,2000,54034,"INE, Padrón municipal, tablas provinciales 2854–2909"
40194,2001,54039,"INE, Padrón municipal, tablas provinciales 2854–2909"
40194,2002,54945,"INE, Padrón municipal, tablas provinciales 2854–2909"
40194,2003,55640,"INE, Padrón municipal, tablas provinciales 2854–2909"
40194,2004,55586,"INE, Padrón municipal, tablas provinciales 2854–2909"
40194,2005,55942,"INE, Padrón municipal, tablas provinciales 2854–2909"
40194,2006,55476,"INE, Padrón municipal, tablas provinciales 2854–2909"
40194,2007,56047,"INE, Padrón municipal, tablas provinciales 2854–2909"
40194,2008,56858,"INE, Padrón municipal, tablas provinciales 2854–2909"
40194,2009,56660,"INE, Padrón municipal, tablas provinciales 2854–2909"
40194,2010,55748,"INE, Padrón municipal, tablas provinciales 2854–2909"
40194,2011,55220,"INE, Padrón municipal, tablas provinciales 2854–2909"
40194,2012,54844,"INE, Padrón municipal, tablas provinciales 2854–2909"
40194,2013,54309,"INE, Padrón municipal, tablas provinciales 2854–2909"
40194,2014,53260,"INE, Padrón municipal, tablas provinciales 2854–2909"
40194,2015,52728,"INE, Padrón municipal, tablas provinciales 2854–2909"
40194,2016,52257,"INE, Padrón municipal, tablas provinciales 2854–2909"
40194,2017,51756,"INE, Padrón municipal, tablas provinciales 2854–2909"
40194,2018,51683,"INE, Padrón municipal, tablas provinciales 2854–2909"
40194,2019,51674,"INE, Padrón municipal, tablas provinciales 2854–2909"
40194,2020,52057,"INE, Padrón municipal, tablas provinciales 2854–2909"
40194,2021,51258,"INE, Padrón municipal, tablas provinciales 2854–2909"
40194,2022,50802,"INE, Padrón municipal, tablas provinciales 2854–2909"
40194,2023,51011,"INE, Padrón municipal, tablas provinciales 2854–2909"
40194,2024,51525,"INE, Padrón municipal, tablas provinciales 2854–2909"
40194,2025,52375,"INE, Padrón municipal, tablas provinciales 2854–2909"
41004,1996,56313,"INE, Padrón municipal, tablas provinciales 2854–2909"
41004,1998,56244,"INE, Padrón municipal, tablas provinciales 2854–2909"
41004,1999,56743,"INE, Padrón municipal, tablas provinciales 2854–2909"
41004,2000,57206,"INE, Padrón municipal, tablas provinciales 2854–2909"
41004,2001,57830,"INE, Padrón municipal, tablas provinciales 2854–2909"
41004,2002,58351,"INE, Padrón municipal, tablas provinciales 2854–2909"
41004,2003,59807,"INE, Padrón municipal, tablas provinciales 2854–2909"
41004,2004,61063,"INE, Padrón municipal, tablas provinciales 2854–2909"
41004,2005,63237,"INE, Padrón municipal, tablas provinciales 2854–2909"
41004,2006,64990,"INE, Padrón municipal, tablas provinciales 2854–2909"
41004,2007,66089,"INE, Padrón municipal, tablas provinciales 2854–2909"
41004,2008,68452,"INE, Padrón municipal, tablas provinciales 2854–2909"
41004,2009,70155,"INE, Padrón municipal, tablas provinciales 2854–2909"
41004,2010,71740,"INE, Padrón municipal, tablas provinciales 2854–2909"
41004,2011,72800,"INE, Padrón municipal, tablas provinciales 2854–2909"
41004,2012,73675,"INE, Padrón municipal, tablas provinciales 2854–2909"
41004,2013,73876,"INE, Padrón municipal, tablas provinciales 2854–2909"
41004,2014,74404,"INE, Padrón municipal, tablas provinciales 2854–2909"
41004,2015,74845,"INE, Padrón municipal, tablas provinciales 2854–2909"
41004,2016,75080,"INE, Padrón municipal, tablas provinciales 2854–2909"
41004,2017,75106,"INE, Padrón municipal, tablas provinciales 2854–2909"
41004,2018,75256,"INE, Padrón municipal, tablas provinciales 2854–2909"
41004,2019,75279,"INE, Padrón municipal, tablas provinciales 2854–2909"
41004,2020,75533,"INE, Padrón municipal, tablas provinciales 2854–2909"
41004,2021,75546,"INE, Padrón municipal, tablas provinciales 2854–2909"
41004,2022,75917,"INE, Padrón municipal, tablas provinciales 2854–2909"
41004,2023,76547,"INE, Padrón municipal, tablas provinciales 2854–2909"
41004,2024,76922,"INE, Padrón municipal, tablas provinciales 2854–2909"
41004,2025,77474,"INE, Padrón municipal, tablas provinciales 2854–2909"
41021,1996,25679,"INE, Padrón municipal, tablas provinciales 2854–2909"
41021,1998,25499,"INE, Padrón municipal, tablas provinciales 2854–2909"
41021,1999,25499,"INE, Padrón municipal, tablas provinciales 2854–2909"
41021,2000,25333,"INE, Padrón municipal, tablas provinciales 2854–2909"
41021,2001,25302,"INE, Padrón municipal, tablas provinciales 2854–2909"
41021,2002,25109,"INE, Padrón municipal, tablas provinciales 2854–2909"
41021,2003,25502,"INE, Padrón municipal, tablas provinciales 2854–2909"
41021,2004,25393,"INE, Padrón municipal, tablas provinciales 2854–2909"
41021,2005,25768,"INE, Padrón municipal, tablas provinciales 2854–2909"
41021,2006,25706,"INE, Padrón municipal, tablas provinciales 2854–2909"
41021,2007,25694,"INE, Padrón municipal, tablas provinciales 2854–2909"
41021,2008,25780,"INE, Padrón municipal, tablas provinciales 2854–2909"
41021,2009,26015,"INE, Padrón municipal, tablas provinciales 2854–2909"
41021,2010,26086,"INE, Padrón municipal, tablas provinciales 2854–2909"
41021,2011,26292,"INE, Padrón municipal, tablas provinciales 2854–2909"
41021,2012,26485,"INE, Padrón municipal, tablas provinciales 2854–2909"
41021,2013,26535,"INE, Padrón municipal, tablas provinciales 2854–2909"
41021,2014,26665,"INE, Padrón municipal, tablas provinciales 2854–2909"
41021,2015,26861,"INE, Padrón municipal, tablas provinciales 2854–2909"
41021,2016,27258,"INE, Padrón municipal, tablas provinciales 2854–2909"
41021,2017,27293,"INE, Padrón municipal, tablas provinciales 2854–2909"
41021,2018,27463,"INE, Padrón municipal, tablas provinciales 2854–2909"
41021,2019,27509,"INE, Padrón municipal, tablas provinciales 2854–2909"
41021,2020,27560,"INE, Padrón municipal, tablas provinciales 2854–2909"
41021,2021,27490,"INE, Padrón municipal, tablas provinciales 2854–2909"
41021,2022,27443,"INE, Padrón municipal, tablas provinciales 2854–2909"
41021,2023,28157,"INE, Padrón municipal, tablas provinciales 2854–2909"
41021,2024,28705,"INE, Padrón municipal, tablas provinciales 2854–2909"
41021,2025,29089,"INE, Padrón municipal, tablas provinciales 2854–2909"
41024,1996,25266,"INE, Padrón municipal, tablas provinciales 2854–2909"
41024,1998,25326,"INE, Padrón municipal, tablas provinciales 2854–2909"
41024,1999,25403,"INE, Padrón municipal, tablas provinciales 2854–2909"
41024,2000,25723,"INE, Padrón municipal, tablas provinciales 2854–2909"
41024,2001,25793,"INE, Padrón municipal, tablas provinciales 2854–2909"
41024,2002,25932,"INE, Padrón municipal, tablas provinciales 2854–2909"
41024,2003,26297,"INE, Padrón municipal, tablas provinciales 2854–2909"
41024,2004,26558,"INE, Padrón municipal, tablas provinciales 2854–2909"
41024,2005,26926,"INE, Padrón municipal, tablas provinciales 2854–2909"
41024,2006,27221,"INE, Padrón municipal, tablas provinciales 2854–2909"
41024,2007,27578,"INE, Padrón municipal, tablas provinciales 2854–2909"
41024,2008,27950,"INE, Padrón municipal, tablas provinciales 2854–2909"
41024,2009,28344,"INE, Padrón municipal, tablas provinciales 2854–2909"
41024,2010,28576,"INE, Padrón municipal, tablas provinciales 2854–2909"
41024,2011,28679,"INE, Padrón municipal, tablas provinciales 2854–2909"
41024,2012,28814,"INE, Padrón municipal, tablas provinciales 2854–2909"
41024,2013,28793,"INE, Padrón municipal, tablas provinciales 2854–2909"
41024,2014,28717,"INE, Padrón municipal, tablas provinciales 2854–2909"
41024,2015,28656,"INE, Padrón municipal, tablas provinciales 2854–2909"
41024,2016,28595,"INE, Padrón municipal, tablas provinciales 2854–2909"
41024,2017,28540,"INE, Padrón municipal, tablas provinciales 2854–2909"
41024,2018,28620,"INE, Padrón municipal, tablas provinciales 2854–2909"
41024,2019,28531,"INE, Padrón municipal, tablas provinciales 2854–2909"
41024,2020,28834,"INE, Padrón municipal, tablas provinciales 2854–2909"
41024,2021,29123,"INE, Padrón municipal, tablas provinciales 2854–2909"
41024,2022,29279,"INE, Padrón municipal, tablas provinciales 2854–2909"
41024,2023,29551,"INE, Padrón municipal, tablas provinciales 2854–2909"
41024,2024,29871,"INE, Padrón municipal, tablas provinciales 2854–2909"
41024,2025,30240,"INE, Padrón municipal, tablas provinciales 2854–2909"
41034,1996,23362,"INE, Padrón municipal, tablas provinciales 2854–2909"
41034,1998,23517,"INE, Padrón municipal, tablas provinciales 2854–2909"
41034,1999,23751,"INE, Padrón municipal, tablas provinciales 2854–2909"
41034,2000,23935,"INE, Padrón municipal, tablas provinciales 2854–2909"
41034,2001,24113,"INE, Padrón municipal, tablas provinciales 2854–2909"
41034,2002,24288,"INE, Padrón municipal, tablas provinciales 2854–2909"
41034,2003,24735,"INE, Padrón municipal, tablas provinciales 2854–2909"
41034,2004,25029,"INE, Padrón municipal, tablas provinciales 2854–2909"
41034,2005,25735,"INE, Padrón municipal, tablas provinciales 2854–2909"
41034,2006,26499,"INE, Padrón municipal, tablas provinciales 2854–2909"
41034,2007,26831,"INE, Padrón municipal, tablas provinciales 2854–2909"
41034,2008,27528,"INE, Padrón municipal, tablas provinciales 2854–2909"
41034,2009,28100,"INE, Padrón municipal, tablas provinciales 2854–2909"
41034,2010,28654,"INE, Padrón municipal, tablas provinciales 2854–2909"
41034,2011,29284,"INE, Padrón municipal, tablas provinciales 2854–2909"
41034,2012,29921,"INE, Padrón municipal, tablas provinciales 2854–2909"
41034,2013,30115,"INE, Padrón municipal, tablas provinciales 2854–2909"
41034,2014,30208,"INE, Padrón municipal, tablas provinciales 2854–2909"
41034,2015,30358,"INE, Padrón municipal, tablas provinciales 2854–2909"
41034,2016,30418,"INE, Padrón municipal, tablas provinciales 2854–2909"
41034,2017,30535,"INE, Padrón municipal, tablas provinciales 2854–2909"
41034,2018,30657,"INE, Padrón municipal, tablas provinciales 2854–2909"
41034,2019,30777,"INE, Padrón municipal, tablas provinciales 2854–2909"
41034,2020,30908,"INE, Padrón municipal, tablas provinciales 2854–2909"
41034,2021,30774,"INE, Padrón municipal, tablas provinciales 2854–2909"
41034,2022,30714,"INE, Padrón municipal, tablas provinciales 2854–2909"
41034,2023,30887,"INE, Padrón municipal, tablas provinciales 2854–2909"
41034,2024,31095,"INE, Padrón municipal, tablas provinciales 2854–2909"
41034,2025,31278,"INE, Padrón municipal, tablas provinciales 2854–2909"
41038,1996,91138,"INE, Padrón municipal, tablas provinciales 2854–2909"
41038,1998,92506,"INE, Padrón municipal, tablas provinciales 2854–2909"
41038,1999,94591,"INE, Padrón municipal, tablas provinciales 2854–2909"
41038,2000,97324,"INE, Padrón municipal, tablas provinciales 2854–2909"
41038,2001,100871,"INE, Padrón municipal, tablas provinciales 2854–2909"
41038,2002,103282,"INE, Padrón municipal, tablas provinciales 2854–2909"
41038,2003,107258,"INE, Padrón municipal, tablas provinciales 2854–2909"
41038,2004,109595,"INE, Padrón municipal, tablas provinciales 2854–2909"
41038,2005,112273,"INE, Padrón municipal, tablas provinciales 2854–2909"
41038,2006,114672,"INE, Padrón municipal, tablas provinciales 2854–2909"
41038,2007,117564,"INE, Padrón municipal, tablas provinciales 2854–2909"
41038,2008,120323,"INE, Padrón municipal, tablas provinciales 2854–2909"
41038,2009,122943,"INE, Padrón municipal, tablas provinciales 2854–2909"
41038,2010,125086,"INE, Padrón municipal, tablas provinciales 2854–2909"
41038,2011,127375,"INE, Padrón municipal, tablas provinciales 2854–2909"
41038,2012,128794,"INE, Padrón municipal, tablas provinciales 2854–2909"
41038,2013,129719,"INE, Padrón municipal, tablas provinciales 2854–2909"
41038,2014,130369,"INE, Padrón municipal, tablas provinciales 2854–2909"
41038,2015,131317,"INE, Padrón municipal, tablas provinciales 2854–2909"
41038,2016,131855,"INE, Padrón municipal, tablas provinciales 2854–2909"
41038,2017,132551,"INE, Padrón municipal, tablas provinciales 2854–2909"
41038,2018,133168,"INE, Padrón municipal, tablas provinciales 2854–2909"
41038,2019,133968,"INE, Padrón municipal, tablas provinciales 2854–2909"
41038,2020,135050,"INE, Padrón municipal, tablas provinciales 2854–2909"
41038,2021,136250,"INE, Padrón municipal, tablas provinciales 2854–2909"
41038,2022,137561,"INE, Padrón municipal, tablas provinciales 2854–2909"
41038,2023,138981,"INE, Padrón municipal, tablas provinciales 2854–2909"
41038,2024,140430,"INE, Padrón municipal, tablas provinciales 2854–2909"
41038,2025,142519,"INE, Padrón municipal, tablas provinciales 2854–2909"
41039,1996,37292,"INE, Padrón municipal, tablas provinciales 2854–2909"
41039,1998,37113,"INE, Padrón municipal, tablas provinciales 2854–2909"
41039,1999,37565,"INE, Padrón municipal, tablas provinciales 2854–2909"
41039,2000,37652,"INE, Padrón municipal, tablas provinciales 2854–2909"
41039,2001,37777,"INE, Padrón municipal, tablas provinciales 2854–2909"
41039,2002,37900,"INE, Padrón municipal, tablas provinciales 2854–2909"
41039,2003,38083,"INE, Padrón municipal, tablas provinciales 2854–2909"
41039,2004,38472,"INE, Padrón municipal, tablas provinciales 2854–2909"
41039,2005,38911,"INE, Padrón municipal, tablas provinciales 2854–2909"
41039,2006,39295,"INE, Padrón municipal, tablas provinciales 2854–2909"
41039,2007,39510,"INE, Padrón municipal, tablas provinciales 2854–2909"
41039,2008,40143,"INE, Padrón municipal, tablas provinciales 2854–2909"
41039,2009,40400,"INE, Padrón municipal, tablas provinciales 2854–2909"
41039,2010,40534,"INE, Padrón municipal, tablas provinciales 2854–2909"
41039,2011,40718,"INE, Padrón municipal, tablas provinciales 2854–2909"
41039,2012,40683,"INE, Padrón municipal, tablas provinciales 2854–2909"
41039,2013,40880,"INE, Padrón municipal, tablas provinciales 2854–2909"
41039,2014,40634,"INE, Padrón municipal, tablas provinciales 2854–2909"
41039,2015,40320,"INE, Padrón municipal, tablas provinciales 2854–2909"
41039,2016,40270,"INE, Padrón municipal, tablas provinciales 2854–2909"
41039,2017,40087,"INE, Padrón municipal, tablas provinciales 2854–2909"
41039,2018,39882,"INE, Padrón municipal, tablas provinciales 2854–2909"
41039,2019,39873,"INE, Padrón municipal, tablas provinciales 2854–2909"
41039,2020,39893,"INE, Padrón municipal, tablas provinciales 2854–2909"
41039,2021,39838,"INE, Padrón municipal, tablas provinciales 2854–2909"
41039,2022,39743,"INE, Padrón municipal, tablas provinciales 2854–2909"
41039,2023,39530,"INE, Padrón municipal, tablas provinciales 2854–2909"
41039,2024,39500,"INE, Padrón municipal, tablas provinciales 2854–2909"
41039,2025,39659,"INE, Padrón municipal, tablas provinciales 2854–2909"
41053,1996,23833,"INE, Padrón municipal, tablas provinciales 2854–2909"
41053,1998,23924,"INE, Padrón municipal, tablas provinciales 2854–2909"
41053,1999,24023,"INE, Padrón municipal, tablas provinciales 2854–2909"
41053,2000,24172,"INE, Padrón municipal, tablas provinciales 2854–2909"
41053,2001,24278,"INE, Padrón municipal, tablas provinciales 2854–2909"
41053,2002,24450,"INE, Padrón municipal, tablas provinciales 2854–2909"
41053,2003,24544,"INE, Padrón municipal, tablas provinciales 2854–2909"
41053,2004,24677,"INE, Padrón municipal, tablas provinciales 2854–2909"
41053,2005,24866,"INE, Padrón municipal, tablas provinciales 2854–2909"
41053,2006,25165,"INE, Padrón municipal, tablas provinciales 2854–2909"
41053,2007,25614,"INE, Padrón municipal, tablas provinciales 2854–2909"
41053,2008,26046,"INE, Padrón municipal, tablas provinciales 2854–2909"
41053,2009,26434,"INE, Padrón municipal, tablas provinciales 2854–2909"
41053,2010,26783,"INE, Padrón municipal, tablas provinciales 2854–2909"
41053,2011,27029,"INE, Padrón municipal, tablas provinciales 2854–2909"
41053,2012,27267,"INE, Padrón municipal, tablas provinciales 2854–2909"
41053,2013,27395,"INE, Padrón municipal, tablas provinciales 2854–2909"
41053,2014,27385,"INE, Padrón municipal, tablas provinciales 2854–2909"
41053,2015,27449,"INE, Padrón municipal, tablas provinciales 2854–2909"
41053,2016,27398,"INE, Padrón municipal, tablas provinciales 2854–2909"
41053,2017,27410,"INE, Padrón municipal, tablas provinciales 2854–2909"
41053,2018,27432,"INE, Padrón municipal, tablas provinciales 2854–2909"
41053,2019,27524,"INE, Padrón municipal, tablas provinciales 2854–2909"
41053,2020,27578,"INE, Padrón municipal, tablas provinciales 2854–2909"
41053,2021,27616,"INE, Padrón municipal, tablas provinciales 2854–2909"
41053,2022,27665,"INE, Padrón municipal, tablas provinciales 2854–2909"
41053,2023,27727,"INE, Padrón municipal, tablas provinciales 2854–2909"
41053,2024,27745,"INE, Padrón municipal, tablas provinciales 2854–2909"
41053,2025,27788,"INE, Padrón municipal, tablas provinciales 2854–2909"
41059,1996,30659,"INE, Padrón municipal, tablas provinciales 2854–2909"
41059,1998,31793,"INE, Padrón municipal, tablas provinciales 2854–2909"
41059,1999,33005,"INE, Padrón municipal, tablas provinciales 2854–2909"
41059,2000,33914,"INE, Padrón municipal, tablas provinciales 2854–2909"
41059,2001,35429,"INE, Padrón municipal, tablas provinciales 2854–2909"
41059,2002,36232,"INE, Padrón municipal, tablas provinciales 2854–2909"
41059,2003,37464,"INE, Padrón municipal, tablas provinciales 2854–2909"
41059,2004,37941,"INE, Padrón municipal, tablas provinciales 2854–2909"
41059,2005,38770,"INE, Padrón municipal, tablas provinciales 2854–2909"
41059,2006,39065,"INE, Padrón municipal, tablas provinciales 2854–2909"
41059,2007,39389,"INE, Padrón municipal, tablas provinciales 2854–2909"
41059,2008,39831,"INE, Padrón municipal, tablas provinciales 2854–2909"
41059,2009,40700,"INE, Padrón municipal, tablas provinciales 2854–2909"
41059,2010,41510,"INE, Padrón municipal, tablas provinciales 2854–2909"
41059,2011,42186,"INE, Padrón municipal, tablas provinciales 2854–2909"
41059,2012,42784,"INE, Padrón municipal, tablas provinciales 2854–2909"
41059,2013,43305,"INE, Padrón municipal, tablas provinciales 2854–2909"
41059,2014,43723,"INE, Padrón municipal, tablas provinciales 2854–2909"
41059,2015,44388,"INE, Padrón municipal, tablas provinciales 2854–2909"
41059,2016,45040,"INE, Padrón municipal, tablas provinciales 2854–2909"
41059,2017,45471,"INE, Padrón municipal, tablas provinciales 2854–2909"
41059,2018,45890,"INE, Padrón municipal, tablas provinciales 2854–2909"
41059,2019,46089,"INE, Padrón municipal, tablas provinciales 2854–2909"
41059,2020,46555,"INE, Padrón municipal, tablas provinciales 2854–2909"
41059,2021,46895,"INE, Padrón municipal, tablas provinciales 2854–2909"
41059,2022,47161,"INE, Padrón municipal, tablas provinciales 2854–2909"
41059,2023,47541,"INE, Padrón municipal, tablas provinciales 2854–2909"
41059,2024,47898,"INE, Padrón municipal, tablas provinciales 2854–2909"
41059,2025,48017,"INE, Padrón municipal, tablas provinciales 2854–2909"
41065,1996,28303,"INE, Padrón municipal, tablas provinciales 2854–2909"
41065,1998,28232,"INE, Padrón municipal, tablas provinciales 2854–2909"
41065,1999,28207,"INE, Padrón municipal, tablas provinciales 2854–2909"
41065,2000,28000,"INE, Padrón municipal, tablas provinciales 2854–2909"
41065,2001,27838,"INE, Padrón municipal, tablas provinciales 2854–2909"
41065,2002,27786,"INE, Padrón municipal, tablas provinciales 2854–2909"
41065,2003,27944,"INE, Padrón municipal, tablas provinciales 2854–2909"
41065,2004,27942,"INE, Padrón municipal, tablas provinciales 2854–2909"
41065,2005,28117,"INE, Padrón municipal, tablas provinciales 2854–2909"
41065,2006,28295,"INE, Padrón municipal, tablas provinciales 2854–2909"
41065,2007,28165,"INE, Padrón municipal, tablas provinciales 2854–2909"
41065,2008,28259,"INE, Padrón municipal, tablas provinciales 2854–2909"
41065,2009,28455,"INE, Padrón municipal, tablas provinciales 2854–2909"
41065,2010,28467,"INE, Padrón municipal, tablas provinciales 2854–2909"
41065,2011,28489,"INE, Padrón municipal, tablas provinciales 2854–2909"
41065,2012,28390,"INE, Padrón municipal, tablas provinciales 2854–2909"
41065,2013,28334,"INE, Padrón municipal, tablas provinciales 2854–2909"
41065,2014,28241,"INE, Padrón municipal, tablas provinciales 2854–2909"
41065,2015,28223,"INE, Padrón municipal, tablas provinciales 2854–2909"
41065,2016,28073,"INE, Padrón municipal, tablas provinciales 2854–2909"
41065,2017,27930,"INE, Padrón municipal, tablas provinciales 2854–2909"
41065,2018,27844,"INE, Padrón municipal, tablas provinciales 2854–2909"
41065,2019,27627,"INE, Padrón municipal, tablas provinciales 2854–2909"
41065,2020,27633,"INE, Padrón municipal, tablas provinciales 2854–2909"
41065,2021,27582,"INE, Padrón municipal, tablas provinciales 2854–2909"
41065,2022,27357,"INE, Padrón municipal, tablas provinciales 2854–2909"
41065,2023,27229,"INE, Padrón municipal, tablas provinciales 2854–2909"
41065,2024,27228,"INE, Padrón municipal, tablas provinciales 2854–2909"
41065,2025,27210,"INE, Padrón municipal, tablas provinciales 2854–2909"
41069,1996,31718,"INE, Padrón municipal, tablas provinciales 2854–2909"
41069,1998,32114,"INE, Padrón municipal, tablas provinciales 2854–2909"
41069,1999,32452,"INE, Padrón municipal, tablas provinciales 2854–2909"
41069,2000,32762,"INE, Padrón municipal, tablas provinciales 2854–2909"
41069,2001,33095,"INE, Padrón municipal, tablas provinciales 2854–2909"
41069,2002,33461,"INE, Padrón municipal, tablas provinciales 2854–2909"
41069,2003,33711,"INE, Padrón municipal, tablas provinciales 2854–2909"
41069,2004,34105,"INE, Padrón municipal, tablas provinciales 2854–2909"
41069,2005,34648,"INE, Padrón municipal, tablas provinciales 2854–2909"
41069,2006,35225,"INE, Padrón municipal, tablas provinciales 2854–2909"
41069,2007,35775,"INE, Padrón municipal, tablas provinciales 2854–2909"
41069,2008,36350,"INE, Padrón municipal, tablas provinciales 2854–2909"
41069,2009,36824,"INE, Padrón municipal, tablas provinciales 2854–2909"
41069,2010,37279,"INE, Padrón municipal, tablas provinciales 2854–2909"
41069,2011,37500,"INE, Padrón municipal, tablas provinciales 2854–2909"
41069,2012,37741,"INE, Padrón municipal, tablas provinciales 2854–2909"
41069,2013,37936,"INE, Padrón municipal, tablas provinciales 2854–2909"
41069,2014,38095,"INE, Padrón municipal, tablas provinciales 2854–2909"
41069,2015,38157,"INE, Padrón municipal, tablas provinciales 2854–2909"
41069,2016,38173,"INE, Padrón municipal, tablas provinciales 2854–2909"
41069,2017,38246,"INE, Padrón municipal, tablas provinciales 2854–2909"
41069,2018,38246,"INE, Padrón municipal, tablas provinciales 2854–2909"
41069,2019,38354,"INE, Padrón municipal, tablas provinciales 2854–2909"
41069,2020,38548,"INE, Padrón municipal, tablas provinciales 2854–2909"
41069,2021,38678,"INE, Padrón municipal, tablas provinciales 2854–2909"
41069,2022,38662,"INE, Padrón municipal, tablas provinciales 2854–2909"
41069,2023,38698,"INE, Padrón municipal, tablas provinciales 2854–2909"
41069,2024,38757,"INE, Padrón municipal, tablas provinciales 2854–2909"
41069,2025,38761,"INE, Padrón municipal, tablas provinciales 2854–2909"
41081,1996,26059,"INE, Padrón municipal, tablas provinciales 2854–2909"
41081,1998,26942,"INE, Padrón municipal, tablas provinciales 2854–2909"
41081,1999,27673,"INE, Padrón municipal, tablas provinciales 2854–2909"
41081,2000,28487,"INE, Padrón municipal, tablas provinciales 2854–2909"
41081,2001,29223,"INE, Padrón municipal, tablas provinciales 2854–2909"
41081,2002,29759,"INE, Padrón municipal, tablas provinciales 2854–2909"
41081,2003,30761,"INE, Padrón municipal, tablas provinciales 2854–2909"
41081,2004,31683,"INE, Padrón municipal, tablas provinciales 2854–2909"
41081,2005,32525,"INE, Padrón municipal, tablas provinciales 2854–2909"
41081,2006,33370,"INE, Padrón municipal, tablas provinciales 2854–2909"
41081,2007,34211,"INE, Padrón municipal, tablas provinciales 2854–2909"
41081,2008,35097,"INE, Padrón municipal, tablas provinciales 2854–2909"
41081,2009,35928,"INE, Padrón municipal, tablas provinciales 2854–2909"
41081,2010,36641,"INE, Padrón municipal, tablas provinciales 2854–2909"
41081,2011,37239,"INE, Padrón municipal, tablas provinciales 2854–2909"
41081,2012,37508,"INE, Padrón municipal, tablas provinciales 2854–2909"
41081,2013,37755,"INE, Padrón municipal, tablas provinciales 2854–2909"
41081,2014,38021,"INE, Padrón municipal, tablas provinciales 2854–2909"
41081,2015,38180,"INE, Padrón municipal, tablas provinciales 2854–2909"
41081,2016,38277,"INE, Padrón municipal, tablas provinciales 2854–2909"
41081,2017,38339,"INE, Padrón municipal, tablas provinciales 2854–2909"
41081,2018,38406,"INE, Padrón municipal, tablas provinciales 2854–2909"
41081,2019,38628,"INE, Padrón municipal, tablas provinciales 2854–2909"
41081,2020,39062,"INE, Padrón municipal, tablas provinciales 2854–2909"
41081,2021,39204,"INE, Padrón municipal, tablas provinciales 2854–2909"
41081,2022,39509,"INE, Padrón municipal, tablas provinciales 2854–2909"
41081,2023,40162,"INE, Padrón municipal, tablas provinciales 2854–2909"
41081,2024,40529,"INE, Padrón municipal, tablas provinciales 2854–2909"
41081,2025,40724,"INE, Padrón municipal, tablas provinciales 2854–2909"
41091,1996,697487,"INE, Padrón municipal, tablas provinciales 2854–2909"
41091,1998,701927,"INE, Padrón municipal, tablas provinciales 2854–2909"
41091,1999,701927,"INE, Padrón municipal, tablas provinciales 2854–2909"
41091,2000,700716,"INE, Padrón municipal, tablas provinciales 2854–2909"
41091,2001,702520,"INE, Padrón municipal, tablas provinciales 2854–2909"
41091,2002,704114,"INE, Padrón municipal, tablas provinciales 2854–2909"
41091,2003,709975,"INE, Padrón municipal, tablas provinciales 2854–2909"
41091,2004,704203,"INE, Padrón municipal, tablas provinciales 2854–2909"
41091,2005,704154,"INE, Padrón municipal, tablas provinciales 2854–2909"
41091,2006,704414,"INE, Padrón municipal, tablas provinciales 2854–2909"
41091,2007,699145,"INE, Padrón municipal, tablas provinciales 2854–2909"
41091,2008,699759,"INE, Padrón municipal, tablas provinciales 2854–2909"
41091,2009,703206,"INE, Padrón municipal, tablas provinciales 2854–2909"
41091,2010,704198,"INE, Padrón municipal, tablas provinciales 2854–2909"
41091,2011,703021,"INE, Padrón municipal, tablas provinciales 2854–2909"
41091,2012,702355,"INE, Padrón municipal, tablas provinciales 2854–2909"
41091,2013,700169,"INE, Padrón municipal, tablas provinciales 2854–2909"
41091,2014,696676,"INE, Padrón municipal, tablas provinciales 2854–2909"
41091,2015,693878,"INE, Padrón municipal, tablas provinciales 2854–2909"
41091,2016,690566,"INE, Padrón municipal, tablas provinciales 2854–2909"
41091,2017,689434,"INE, Padrón municipal, tablas provinciales 2854–2909"
41091,2018,688711,"INE, Padrón municipal, tablas provinciales 2854–2909"
41091,2019,688592,"INE, Padrón municipal, tablas provinciales 2854–2909"
41091,2020,691395,"INE, Padrón municipal, tablas provinciales 2854–2909"
41091,2021,684234,"INE, Padrón municipal, tablas provinciales 2854–2909"
41091,2022,681998,"INE, Padrón municipal, tablas provinciales 2854–2909"
41091,2023,684025,"INE, Padrón municipal, tablas provinciales 2854–2909"
41091,2024,687488,"INE, Padrón municipal, tablas provinciales 2854–2909"
41091,2025,689423,"INE, Padrón municipal, tablas provinciales 2854–2909"
41095,1996,46173,"INE, Padrón municipal, tablas provinciales 2854–2909"
41095,1998,45947,"INE, Padrón municipal, tablas provinciales 2854–2909"
41095,1999,46052,"INE, Padrón municipal, tablas provinciales 2854–2909"
41095,2000,46084,"INE, Padrón municipal, tablas provinciales 2854–2909"
41095,2001,45862,"INE, Padrón municipal, tablas provinciales 2854–2909"
41095,2002,45947,"INE, Padrón municipal, tablas provinciales 2854–2909"
41095,2003,46086,"INE, Padrón municipal, tablas provinciales 2854–2909"
41095,2004,46774,"INE, Padrón municipal, tablas provinciales 2854–2909"
41095,2005,47429,"INE, Padrón municipal, tablas provinciales 2854–2909"
41095,2006,48222,"INE, Padrón municipal, tablas provinciales 2854–2909"
41095,2007,49135,"INE, Padrón municipal, tablas provinciales 2854–2909"
41095,2008,50098,"INE, Padrón municipal, tablas provinciales 2854–2909"
41095,2009,50665,"INE, Padrón municipal, tablas provinciales 2854–2909"
41095,2010,51177,"INE, Padrón municipal, tablas provinciales 2854–2909"
41095,2011,51630,"INE, Padrón municipal, tablas provinciales 2854–2909"
41095,2012,51887,"INE, Padrón municipal, tablas provinciales 2854–2909"
41095,2013,52013,"INE, Padrón municipal, tablas provinciales 2854–2909"
41095,2014,52437,"INE, Padrón municipal, tablas provinciales 2854–2909"
41095,2015,52558,"INE, Padrón municipal, tablas provinciales 2854–2909"
41095,2016,52674,"INE, Padrón municipal, tablas provinciales 2854–2909"
41095,2017,52701,"INE, Padrón municipal, tablas provinciales 2854–2909"
41095,2018,52617,"INE, Padrón municipal, tablas provinciales 2854–2909"
41095,2019,50728,"INE, Padrón municipal, tablas provinciales 2854–2909"
41095,2020,50962,"INE, Padrón municipal, tablas provinciales 2854–2909"
41095,2021,51145,"INE, Padrón municipal, tablas provinciales 2854–2909"
41095,2022,51402,"INE, Padrón municipal, tablas provinciales 2854–2909"
41095,2023,51718,"INE, Padrón municipal, tablas provinciales 2854–2909"
41095,2024,52173,"INE, Padrón municipal, tablas provinciales 2854–2909"
41095,2025,52403,"INE, Padrón municipal, tablas provinciales 2854–2909"
42173,1996,33597,"INE, Padrón municipal, tablas provinciales 2854–2909"
42173,1998,33882,"INE, Padrón municipal, tablas provinciales 2854–2909"
42173,1999,34045,"INE, Padrón municipal, tablas provinciales 2854–2909"
42173,2000,34088,"INE, Padrón municipal, tablas provinciales 2854–2909"
42173,2001,34640,"INE, Padrón municipal, tablas provinciales 2854–2909"
42173,2002,35112,"INE, Padrón municipal, tablas provinciales 2854–2909"
42173,2003,35178,"INE, Padrón municipal, tablas provinciales 2854–2909"
42173,2004,35769,"INE, Padrón municipal, tablas provinciales 2854–2909"
42173,2005,37200,"INE, Padrón municipal, tablas provinciales 2854–2909"
42173,2006,38004,"INE, Padrón municipal, tablas provinciales 2854–2909"
42173,2007,38205,"INE, Padrón municipal, tablas provinciales 2854–2909"
42173,2008,39078,"INE, Padrón municipal, tablas provinciales 2854–2909"
42173,2009,39528,"INE, Padrón municipal, tablas provinciales 2854–2909"
42173,2010,39838,"INE, Padrón municipal, tablas provinciales 2854–2909"
42173,2011,39987,"INE, Padrón municipal, tablas provinciales 2854–2909"
42173,2012,40147,"INE, Padrón municipal, tablas provinciales 2854–2909"
42173,2013,39753,"INE, Padrón municipal, tablas provinciales 2854–2909"
42173,2014,39516,"INE, Padrón municipal, tablas provinciales 2854–2909"
42173,2015,39168,"INE, Padrón municipal, tablas provinciales 2854–2909"
42173,2016,39171,"INE, Padrón municipal, tablas provinciales 2854–2909"
42173,2017,38881,"INE, Padrón municipal, tablas provinciales 2854–2909"
42173,2018,39112,"INE, Padrón municipal, tablas provinciales 2854–2909"
42173,2019,39398,"INE, Padrón municipal, tablas provinciales 2854–2909"
42173,2020,39821,"INE, Padrón municipal, tablas provinciales 2854–2909"
42173,2021,39695,"INE, Padrón municipal, tablas provinciales 2854–2909"
42173,2022,39450,"INE, Padrón municipal, tablas provinciales 2854–2909"
42173,2023,40096,"INE, Padrón municipal, tablas provinciales 2854–2909"
42173,2024,40750,"INE, Padrón municipal, tablas provinciales 2854–2909"
42173,2025,41025,"INE, Padrón municipal, tablas provinciales 2854–2909"
43038,1996,17536,"INE, Padrón municipal, tablas provinciales 2854–2909"
43038,1998,18385,"INE, Padrón municipal, tablas provinciales 2854–2909"
43038,1999,19087,"INE, Padrón municipal, tablas provinciales 2854–2909"
43038,2000,19942,"INE, Padrón municipal, tablas provinciales 2854–2909"
43038,2001,20976,"INE, Padrón municipal, tablas provinciales 2854–2909"
43038,2002,22215,"INE, Padrón municipal, tablas provinciales 2854–2909"
43038,2003,23555,"INE, Padrón municipal, tablas provinciales 2854–2909"
43038,2004,24604,"INE, Padrón municipal, tablas provinciales 2854–2909"
43038,2005,26209,"INE, Padrón municipal, tablas provinciales 2854–2909"
43038,2006,27848,"INE, Padrón municipal, tablas provinciales 2854–2909"
43038,2007,29112,"INE, Padrón municipal, tablas provinciales 2854–2909"
43038,2008,30956,"INE, Padrón municipal, tablas provinciales 2854–2909"
43038,2009,31720,"INE, Padrón municipal, tablas provinciales 2854–2909"
43038,2010,32422,"INE, Padrón municipal, tablas provinciales 2854–2909"
43038,2011,33008,"INE, Padrón municipal, tablas provinciales 2854–2909"
43038,2012,33535,"INE, Padrón municipal, tablas provinciales 2854–2909"
43038,2013,33775,"INE, Padrón municipal, tablas provinciales 2854–2909"
43038,2014,33301,"INE, Padrón municipal, tablas provinciales 2854–2909"
43038,2015,32915,"INE, Padrón municipal, tablas provinciales 2854–2909"
43038,2016,33273,"INE, Padrón municipal, tablas provinciales 2854–2909"
43038,2017,32855,"INE, Padrón municipal, tablas provinciales 2854–2909"
43038,2018,33362,"INE, Padrón municipal, tablas provinciales 2854–2909"
43038,2019,33898,"INE, Padrón municipal, tablas provinciales 2854–2909"
43038,2020,34734,"INE, Padrón municipal, tablas provinciales 2854–2909"
43038,2021,35064,"INE, Padrón municipal, tablas provinciales 2854–2909"
43038,2022,35675,"INE, Padrón municipal, tablas provinciales 2854–2909"
43038,2023,36496,"INE, Padrón municipal, tablas provinciales 2854–2909"
43038,2024,36849,"INE, Padrón municipal, tablas provinciales 2854–2909"
43038,2025,37042,"INE, Padrón municipal, tablas provinciales 2854–2909"
43123,1996,90993,"INE, Padrón municipal, tablas provinciales 2854–2909"
43123,1998,89034,"INE, Padrón municipal, tablas provinciales 2854–2909"
43123,1999,88912,"INE, Padrón municipal, tablas provinciales 2854–2909"
43123,2000,89179,"INE, Padrón municipal, tablas provinciales 2854–2909"
43123,2001,90056,"INE, Padrón municipal, tablas provinciales 2854–2909"
43123,2002,91616,"INE, Padrón municipal, tablas provinciales 2854–2909"
43123,2003,94407,"INE, Padrón municipal, tablas provinciales 2854–2909"
43123,2004,96642,"INE, Padrón municipal, tablas provinciales 2854–2909"
43123,2005,99505,"INE, Padrón municipal, tablas provinciales 2854–2909"
43123,2006,101767,"INE, Padrón municipal, tablas provinciales 2854–2909"
43123,2007,104835,"INE, Padrón municipal, tablas provinciales 2854–2909"
43123,2008,107770,"INE, Padrón municipal, tablas provinciales 2854–2909"
43123,2009,107118,"INE, Padrón municipal, tablas provinciales 2854–2909"
43123,2010,106622,"INE, Padrón municipal, tablas provinciales 2854–2909"
43123,2011,106709,"INE, Padrón municipal, tablas provinciales 2854–2909"
43123,2012,107211,"INE, Padrón municipal, tablas provinciales 2854–2909"
43123,2013,106790,"INE, Padrón municipal, tablas provinciales 2854–2909"
43123,2014,104962,"INE, Padrón municipal, tablas provinciales 2854–2909"
43123,2015,103194,"INE, Padrón municipal, tablas provinciales 2854–2909"
43123,2016,103615,"INE, Padrón municipal, tablas provinciales 2854–2909"
43123,2017,103123,"INE, Padrón municipal, tablas provinciales 2854–2909"
43123,2018,103477,"INE, Padrón municipal, tablas provinciales 2854–2909"
43123,2019,104373,"INE, Padrón municipal, tablas provinciales 2854–2909"
43123,2020,106168,"INE, Padrón municipal, tablas provinciales 2854–2909"
43123,2021,106084,"INE, Padrón municipal, tablas provinciales 2854–2909"
43123,2022,106741,"INE, Padrón municipal, tablas provinciales 2854–2909"
43123,2023,108479,"INE, Padrón municipal, tablas provinciales 2854–2909"
43123,2024,109930,"INE, Padrón municipal, tablas provinciales 2854–2909"
43123,2025,111601,"INE, Padrón municipal, tablas provinciales 2854–2909"
43148,1996,112176,"INE, Padrón municipal, tablas provinciales 2854–2909"
43148,1998,112795,"INE, Padrón municipal, tablas provinciales 2854–2909"
43148,1999,113016,"INE, Padrón municipal, tablas provinciales 2854–2909"
43148,2000,114097,"INE, Padrón municipal, tablas provinciales 2854–2909"
43148,2001,115153,"INE, Padrón municipal, tablas provinciales 2854–2909"
43148,2002,117184,"INE, Padrón municipal, tablas provinciales 2854–2909"
43148,2003,121076,"INE, Padrón municipal, tablas provinciales 2854–2909"
43148,2004,123584,"INE, Padrón municipal, tablas provinciales 2854–2909"
43148,2005,128152,"INE, Padrón municipal, tablas provinciales 2854–2909"
43148,2006,131158,"INE, Padrón municipal, tablas provinciales 2854–2909"
43148,2007,134163,"INE, Padrón municipal, tablas provinciales 2854–2909"
43148,2008,137536,"INE, Padrón municipal, tablas provinciales 2854–2909"
43148,2009,140323,"INE, Padrón municipal, tablas provinciales 2854–2909"
43148,2010,140184,"INE, Padrón municipal, tablas provinciales 2854–2909"
43148,2011,134085,"INE, Padrón municipal, tablas provinciales 2854–2909"
43148,2012,133954,"INE, Padrón municipal, tablas provinciales 2854–2909"
43148,2013,133545,"INE, Padrón municipal, tablas provinciales 2854–2909"
43148,2014,132199,"INE, Padrón municipal, tablas provinciales 2854–2909"
43148,2015,131255,"INE, Padrón municipal, tablas provinciales 2854–2909"
43148,2016,131094,"INE, Padrón municipal, tablas provinciales 2854–2909"
43148,2017,131507,"INE, Padrón municipal, tablas provinciales 2854–2909"
43148,2018,132299,"INE, Padrón municipal, tablas provinciales 2854–2909"
43148,2019,134515,"INE, Padrón municipal, tablas provinciales 2854–2909"
43148,2020,136496,"INE, Padrón municipal, tablas provinciales 2854–2909"
43148,2021,135436,"INE, Padrón municipal, tablas provinciales 2854–2909"
43148,2022,134883,"INE, Padrón municipal, tablas provinciales 2854–2909"
43148,2023,138262,"INE, Padrón municipal, tablas provinciales 2854–2909"
43148,2024,141151,"INE, Padrón municipal, tablas provinciales 2854–2909"
43148,2025,143649,"INE, Padrón municipal, tablas provinciales 2854–2909"
43155,1996,30088,"INE, Padrón municipal, tablas provinciales 2854–2909"
43155,1998,29600,"INE, Padrón municipal, tablas provinciales 2854–2909"
43155,1999,29669,"INE, Padrón municipal, tablas provinciales 2854–2909"
43155,2000,29481,"INE, Padrón municipal, tablas provinciales 2854–2909"
43155,2001,29821,"INE, Padrón municipal, tablas provinciales 2854–2909"
43155,2002,30431,"INE, Padrón municipal, tablas provinciales 2854–2909"
43155,2003,31164,"INE, Padrón municipal, tablas provinciales 2854–2909"
43155,2004,31979,"INE, Padrón municipal, tablas provinciales 2854–2909"
43155,2005,33705,"INE, Padrón municipal, tablas provinciales 2854–2909"
43155,2006,34266,"INE, Padrón municipal, tablas provinciales 2854–2909"
43155,2007,34832,"INE, Padrón municipal, tablas provinciales 2854–2909"
43155,2008,35734,"INE, Padrón municipal, tablas provinciales 2854–2909"
43155,2009,35143,"INE, Padrón municipal, tablas provinciales 2854–2909"
43155,2010,34473,"INE, Padrón municipal, tablas provinciales 2854–2909"
43155,2011,34432,"INE, Padrón municipal, tablas provinciales 2854–2909"
43155,2012,34734,"INE, Padrón municipal, tablas provinciales 2854–2909"
43155,2013,33992,"INE, Padrón municipal, tablas provinciales 2854–2909"
43155,2014,33932,"INE, Padrón municipal, tablas provinciales 2854–2909"
43155,2015,33864,"INE, Padrón municipal, tablas provinciales 2854–2909"
43155,2016,33743,"INE, Padrón municipal, tablas provinciales 2854–2909"
43155,2017,33445,"INE, Padrón municipal, tablas provinciales 2854–2909"
43155,2018,33510,"INE, Padrón municipal, tablas provinciales 2854–2909"
43155,2019,33372,"INE, Padrón municipal, tablas provinciales 2854–2909"
43155,2020,33439,"INE, Padrón municipal, tablas provinciales 2854–2909"
43155,2021,33572,"INE, Padrón municipal, tablas provinciales 2854–2909"
43155,2022,33890,"INE, Padrón municipal, tablas provinciales 2854–2909"
43155,2023,34639,"INE, Padrón municipal, tablas provinciales 2854–2909"
43155,2024,35265,"INE, Padrón municipal, tablas provinciales 2854–2909"
43155,2025,35997,"INE, Padrón municipal, tablas provinciales 2854–2909"
43163,1996,19010,"INE, Padrón municipal, tablas provinciales 2854–2909"
43163,1998,20002,"INE, Padrón municipal, tablas provinciales 2854–2909"
43163,1999,21097,"INE, Padrón municipal, tablas provinciales 2854–2909"
43163,2000,22543,"INE, Padrón municipal, tablas provinciales 2854–2909"
43163,2001,23774,"INE, Padrón municipal, tablas provinciales 2854–2909"
43163,2002,24997,"INE, Padrón municipal, tablas provinciales 2854–2909"
43163,2003,26820,"INE, Padrón municipal, tablas provinciales 2854–2909"
43163,2004,28147,"INE, Padrón municipal, tablas provinciales 2854–2909"
43163,2005,30225,"INE, Padrón municipal, tablas provinciales 2854–2909"
43163,2006,31953,"INE, Padrón municipal, tablas provinciales 2854–2909"
43163,2007,33340,"INE, Padrón municipal, tablas provinciales 2854–2909"
43163,2008,34931,"INE, Padrón municipal, tablas provinciales 2854–2909"
43163,2009,35821,"INE, Padrón municipal, tablas provinciales 2854–2909"
43163,2010,36068,"INE, Padrón municipal, tablas provinciales 2854–2909"
43163,2011,36453,"INE, Padrón municipal, tablas provinciales 2854–2909"
43163,2012,36647,"INE, Padrón municipal, tablas provinciales 2854–2909"
43163,2013,36747,"INE, Padrón municipal, tablas provinciales 2854–2909"
43163,2014,36719,"INE, Padrón municipal, tablas provinciales 2854–2909"
43163,2015,36558,"INE, Padrón municipal, tablas provinciales 2854–2909"
43163,2016,36482,"INE, Padrón municipal, tablas provinciales 2854–2909"
43163,2017,36568,"INE, Padrón municipal, tablas provinciales 2854–2909"
43163,2018,37153,"INE, Padrón municipal, tablas provinciales 2854–2909"
43163,2019,37606,"INE, Padrón municipal, tablas provinciales 2854–2909"
43163,2020,38373,"INE, Padrón municipal, tablas provinciales 2854–2909"
43163,2021,38891,"INE, Padrón municipal, tablas provinciales 2854–2909"
43163,2022,39072,"INE, Padrón municipal, tablas provinciales 2854–2909"
43163,2023,39601,"INE, Padrón municipal, tablas provinciales 2854–2909"
43163,2024,40440,"INE, Padrón municipal, tablas provinciales 2854–2909"
43163,2025,41133,"INE, Padrón municipal, tablas provinciales 2854–2909"
43905,1996,10708,"INE, Padrón municipal, tablas provinciales 2854–2909"
43905,1998,11499,"INE, Padrón municipal, tablas provinciales 2854–2909"
43905,1999,12267,"INE, Padrón municipal, tablas provinciales 2854–2909"
43905,2000,13059,"INE, Padrón municipal, tablas provinciales 2854–2909"
43905,2001,13952,"INE, Padrón municipal, tablas provinciales 2854–2909"
43905,2002,15360,"INE, Padrón municipal, tablas provinciales 2854–2909"
43905,2003,16952,"INE, Padrón municipal, tablas provinciales 2854–2909"
43905,2004,18238,"INE, Padrón municipal, tablas provinciales 2854–2909"
43905,2005,20139,"INE, Padrón municipal, tablas provinciales 2854–2909"
43905,2006,22162,"INE, Padrón municipal, tablas provinciales 2854–2909"
43905,2007,23398,"INE, Padrón municipal, tablas provinciales 2854–2909"
43905,2008,25754,"INE, Padrón municipal, tablas provinciales 2854–2909"
43905,2009,26649,"INE, Padrón municipal, tablas provinciales 2854–2909"
43905,2010,27016,"INE, Padrón municipal, tablas provinciales 2854–2909"
43905,2011,26193,"INE, Padrón municipal, tablas provinciales 2854–2909"
43905,2012,26601,"INE, Padrón municipal, tablas provinciales 2854–2909"
43905,2013,26752,"INE, Padrón municipal, tablas provinciales 2854–2909"
43905,2014,26558,"INE, Padrón municipal, tablas provinciales 2854–2909"
43905,2015,26459,"INE, Padrón municipal, tablas provinciales 2854–2909"
43905,2016,26386,"INE, Padrón municipal, tablas provinciales 2854–2909"
43905,2017,26233,"INE, Padrón municipal, tablas provinciales 2854–2909"
43905,2018,26775,"INE, Padrón municipal, tablas provinciales 2854–2909"
43905,2019,27476,"INE, Padrón municipal, tablas provinciales 2854–2909"
43905,2020,28526,"INE, Padrón municipal, tablas provinciales 2854–2909"
43905,2021,28512,"INE, Padrón municipal, tablas provinciales 2854–2909"
43905,2022,29028,"INE, Padrón municipal, tablas provinciales 2854–2909"
43905,2023,30224,"INE, Padrón municipal, tablas provinciales 2854–2909"
43905,2024,30810,"INE, Padrón municipal, tablas provinciales 2854–2909"
43905,2025,31491,"INE, Padrón municipal, tablas provinciales 2854–2909"
44216,1996,28994,"INE, Padrón municipal, tablas provinciales 2854–2909"
44216,1998,29320,"INE, Padrón municipal, tablas provinciales 2854–2909"
44216,1999,30047,"INE, Padrón municipal, tablas provinciales 2854–2909"
44216,2000,30491,"INE, Padrón municipal, tablas provinciales 2854–2909"
44216,2001,30789,"INE, Padrón municipal, tablas provinciales 2854–2909"
44216,2002,31506,"INE, Padrón municipal, tablas provinciales 2854–2909"
44216,2003,32304,"INE, Padrón municipal, tablas provinciales 2854–2909"
44216,2004,32580,"INE, Padrón municipal, tablas provinciales 2854–2909"
44216,2005,33238,"INE, Padrón municipal, tablas provinciales 2854–2909"
44216,2006,33673,"INE, Padrón municipal, tablas provinciales 2854–2909"
44216,2007,34236,"INE, Padrón municipal, tablas provinciales 2854–2909"
44216,2008,35037,"INE, Padrón municipal, tablas provinciales 2854–2909"
44216,2009,35396,"INE, Padrón municipal, tablas provinciales 2854–2909"
44216,2010,35241,"INE, Padrón municipal, tablas provinciales 2854–2909"
44216,2011,35288,"INE, Padrón municipal, tablas provinciales 2854–2909"
44216,2012,35841,"INE, Padrón municipal, tablas provinciales 2854–2909"
44216,2013,35961,"INE, Padrón municipal, tablas provinciales 2854–2909"
44216,2014,35675,"INE, Padrón municipal, tablas provinciales 2854–2909"
44216,2015,35590,"INE, Padrón municipal, tablas provinciales 2854–2909"
44216,2016,35564,"INE, Padrón municipal, tablas provinciales 2854–2909"
44216,2017,35484,"INE, Padrón municipal, tablas provinciales 2854–2909"
44216,2018,35691,"INE, Padrón municipal, tablas provinciales 2854–2909"
44216,2019,35890,"INE, Padrón municipal, tablas provinciales 2854–2909"
44216,2020,36240,"INE, Padrón municipal, tablas provinciales 2854–2909"
44216,2021,35994,"INE, Padrón municipal, tablas provinciales 2854–2909"
44216,2022,35900,"INE, Padrón municipal, tablas provinciales 2854–2909"
44216,2023,36267,"INE, Padrón municipal, tablas provinciales 2854–2909"
44216,2024,36713,"INE, Padrón municipal, tablas provinciales 2854–2909"
44216,2025,36655,"INE, Padrón municipal, tablas provinciales 2854–2909"
45081,1996,9743,"INE, Padrón municipal, tablas provinciales 2854–2909"
45081,1998,9930,"INE, Padrón municipal, tablas provinciales 2854–2909"
45081,1999,10106,"INE, Padrón municipal, tablas provinciales 2854–2909"
45081,2000,10347,"INE, Padrón municipal, tablas provinciales 2854–2909"
45081,2001,10940,"INE, Padrón municipal, tablas provinciales 2854–2909"
45081,2002,11736,"INE, Padrón municipal, tablas provinciales 2854–2909"
45081,2003,12704,"INE, Padrón municipal, tablas provinciales 2854–2909"
45081,2004,13692,"INE, Padrón municipal, tablas provinciales 2854–2909"
45081,2005,14771,"INE, Padrón municipal, tablas provinciales 2854–2909"
45081,2006,15830,"INE, Padrón municipal, tablas provinciales 2854–2909"
45081,2007,17312,"INE, Padrón municipal, tablas provinciales 2854–2909"
45081,2008,19167,"INE, Padrón municipal, tablas provinciales 2854–2909"
45081,2009,21264,"INE, Padrón municipal, tablas provinciales 2854–2909"
45081,2010,22482,"INE, Padrón municipal, tablas provinciales 2854–2909"
45081,2011,23627,"INE, Padrón municipal, tablas provinciales 2854–2909"
45081,2012,24581,"INE, Padrón municipal, tablas provinciales 2854–2909"
45081,2013,25382,"INE, Padrón municipal, tablas provinciales 2854–2909"
45081,2014,25721,"INE, Padrón municipal, tablas provinciales 2854–2909"
45081,2015,25964,"INE, Padrón municipal, tablas provinciales 2854–2909"
45081,2016,26672,"INE, Padrón municipal, tablas provinciales 2854–2909"
45081,2017,27332,"INE, Padrón municipal, tablas provinciales 2854–2909"
45081,2018,28064,"INE, Padrón municipal, tablas provinciales 2854–2909"
45081,2019,28894,"INE, Padrón municipal, tablas provinciales 2854–2909"
45081,2020,29558,"INE, Padrón municipal, tablas provinciales 2854–2909"
45081,2021,30229,"INE, Padrón municipal, tablas provinciales 2854–2909"
45081,2022,30553,"INE, Padrón municipal, tablas provinciales 2854–2909"
45081,2023,31327,"INE, Padrón municipal, tablas provinciales 2854–2909"
45081,2024,32159,"INE, Padrón municipal, tablas provinciales 2854–2909"
45081,2025,33301,"INE, Padrón municipal, tablas provinciales 2854–2909"
45165,1996,70922,"INE, Padrón municipal, tablas provinciales 2854–2909"
45165,1998,72208,"INE, Padrón municipal, tablas provinciales 2854–2909"
45165,1999,73204,"INE, Padrón municipal, tablas provinciales 2854–2909"
45165,2000,74241,"INE, Padrón municipal, tablas provinciales 2854–2909"
45165,2001,76011,"INE, Padrón municipal, tablas provinciales 2854–2909"
45165,2002,77519,"INE, Padrón municipal, tablas provinciales 2854–2909"
45165,2003,79916,"INE, Padrón municipal, tablas provinciales 2854–2909"
45165,2004,80305,"INE, Padrón municipal, tablas provinciales 2854–2909"
45165,2005,82975,"INE, Padrón municipal, tablas provinciales 2854–2909"
45165,2006,83793,"INE, Padrón municipal, tablas provinciales 2854–2909"
45165,2007,85549,"INE, Padrón municipal, tablas provinciales 2854–2909"
45165,2008,87763,"INE, Padrón municipal, tablas provinciales 2854–2909"
45165,2009,88856,"INE, Padrón municipal, tablas provinciales 2854–2909"
45165,2010,88986,"INE, Padrón municipal, tablas provinciales 2854–2909"
45165,2011,88674,"INE, Padrón municipal, tablas provinciales 2854–2909"
45165,2012,88755,"INE, Padrón municipal, tablas provinciales 2854–2909"
45165,2013,88548,"INE, Padrón municipal, tablas provinciales 2854–2909"
45165,2014,86779,"INE, Padrón municipal, tablas provinciales 2854–2909"
45165,2015,85150,"INE, Padrón municipal, tablas provinciales 2854–2909"
45165,2016,84119,"INE, Padrón municipal, tablas provinciales 2854–2909"
45165,2017,83303,"INE, Padrón municipal, tablas provinciales 2854–2909"
45165,2018,83009,"INE, Padrón municipal, tablas provinciales 2854–2909"
45165,2019,83417,"INE, Padrón municipal, tablas provinciales 2854–2909"
45165,2020,83663,"INE, Padrón municipal, tablas provinciales 2854–2909"
45165,2021,83477,"INE, Padrón municipal, tablas provinciales 2854–2909"
45165,2022,83247,"INE, Padrón municipal, tablas provinciales 2854–2909"
45165,2023,84137,"INE, Padrón municipal, tablas provinciales 2854–2909"
45165,2024,84738,"INE, Padrón municipal, tablas provinciales 2854–2909"
45165,2025,83803,"INE, Padrón municipal, tablas provinciales 2854–2909"
45168,1996,66006,"INE, Padrón municipal, tablas provinciales 2854–2909"
45168,1998,66989,"INE, Padrón municipal, tablas provinciales 2854–2909"
45168,1999,67617,"INE, Padrón municipal, tablas provinciales 2854–2909"
45168,2000,68537,"INE, Padrón municipal, tablas provinciales 2854–2909"
45168,2001,69450,"INE, Padrón municipal, tablas provinciales 2854–2909"
45168,2002,70893,"INE, Padrón municipal, tablas provinciales 2854–2909"
45168,2003,72549,"INE, Padrón municipal, tablas provinciales 2854–2909"
45168,2004,73485,"INE, Padrón municipal, tablas provinciales 2854–2909"
45168,2005,75533,"INE, Padrón municipal, tablas provinciales 2854–2909"
45168,2006,77601,"INE, Padrón municipal, tablas provinciales 2854–2909"
45168,2007,78618,"INE, Padrón municipal, tablas provinciales 2854–2909"
45168,2008,80810,"INE, Padrón municipal, tablas provinciales 2854–2909"
45168,2009,82291,"INE, Padrón municipal, tablas provinciales 2854–2909"
45168,2010,82489,"INE, Padrón municipal, tablas provinciales 2854–2909"
45168,2011,83108,"INE, Padrón municipal, tablas provinciales 2854–2909"
45168,2012,84019,"INE, Padrón municipal, tablas provinciales 2854–2909"
45168,2013,83593,"INE, Padrón municipal, tablas provinciales 2854–2909"
45168,2014,83334,"INE, Padrón municipal, tablas provinciales 2854–2909"
45168,2015,83226,"INE, Padrón municipal, tablas provinciales 2854–2909"
45168,2016,83459,"INE, Padrón municipal, tablas provinciales 2854–2909"
45168,2017,83741,"INE, Padrón municipal, tablas provinciales 2854–2909"
45168,2018,84282,"INE, Padrón municipal, tablas provinciales 2854–2909"
45168,2019,84873,"INE, Padrón municipal, tablas provinciales 2854–2909"
45168,2020,85811,"INE, Padrón municipal, tablas provinciales 2854–2909"
45168,2021,85449,"INE, Padrón municipal, tablas provinciales 2854–2909"
45168,2022,85085,"INE, Padrón municipal, tablas provinciales 2854–2909"
45168,2023,86070,"INE, Padrón municipal, tablas provinciales 2854–2909"
45168,2024,86526,"INE, Padrón municipal, tablas provinciales 2854–2909"
45168,2025,87216,"INE, Padrón municipal, tablas provinciales 2854–2909"
46005,1996,25514,"INE, Padrón municipal, tablas provinciales 2854–2909"
46005,1998,25925,"INE, Padrón municipal, tablas provinciales 2854–2909"
46005,1999,26179,"INE, Padrón municipal, tablas provinciales 2854–2909"
46005,2000,26939,"INE, Padrón municipal, tablas provinciales 2854–2909"
46005,2001,27522,"INE, Padrón municipal, tablas provinciales 2854–2909"
46005,2002,28309,"INE, Padrón municipal, tablas provinciales 2854–2909"
46005,2003,28804,"INE, Padrón municipal, tablas provinciales 2854–2909"
46005,2004,29279,"INE, Padrón municipal, tablas provinciales 2854–2909"
46005,2005,29695,"INE, Padrón municipal, tablas provinciales 2854–2909"
46005,2006,30104,"INE, Padrón municipal, tablas provinciales 2854–2909"
46005,2007,30177,"INE, Padrón municipal, tablas provinciales 2854–2909"
46005,2008,30297,"INE, Padrón municipal, tablas provinciales 2854–2909"
46005,2009,30392,"INE, Padrón municipal, tablas provinciales 2854–2909"
46005,2010,30270,"INE, Padrón municipal, tablas provinciales 2854–2909"
46005,2011,30235,"INE, Padrón municipal, tablas provinciales 2854–2909"
46005,2012,30202,"INE, Padrón municipal, tablas provinciales 2854–2909"
46005,2013,30273,"INE, Padrón municipal, tablas provinciales 2854–2909"
46005,2014,29964,"INE, Padrón municipal, tablas provinciales 2854–2909"
46005,2015,29838,"INE, Padrón municipal, tablas provinciales 2854–2909"
46005,2016,29660,"INE, Padrón municipal, tablas provinciales 2854–2909"
46005,2017,29474,"INE, Padrón municipal, tablas provinciales 2854–2909"
46005,2018,29341,"INE, Padrón municipal, tablas provinciales 2854–2909"
46005,2019,29561,"INE, Padrón municipal, tablas provinciales 2854–2909"
46005,2020,29711,"INE, Padrón municipal, tablas provinciales 2854–2909"
46005,2021,29649,"INE, Padrón municipal, tablas provinciales 2854–2909"
46005,2022,29537,"INE, Padrón municipal, tablas provinciales 2854–2909"
46005,2023,29825,"INE, Padrón municipal, tablas provinciales 2854–2909"
46005,2024,30022,"INE, Padrón municipal, tablas provinciales 2854–2909"
46005,2025,30166,"INE, Padrón municipal, tablas provinciales 2854–2909"
46017,1996,40556,"INE, Padrón municipal, tablas provinciales 2854–2909"
46017,1998,40390,"INE, Padrón municipal, tablas provinciales 2854–2909"
46017,1999,40441,"INE, Padrón municipal, tablas provinciales 2854–2909"
46017,2000,40658,"INE, Padrón municipal, tablas provinciales 2854–2909"
46017,2001,40818,"INE, Padrón municipal, tablas provinciales 2854–2909"
46017,2002,41264,"INE, Padrón municipal, tablas provinciales 2854–2909"
46017,2003,41758,"INE, Padrón municipal, tablas provinciales 2854–2909"
46017,2004,41920,"INE, Padrón municipal, tablas provinciales 2854–2909"
46017,2005,42543,"INE, Padrón municipal, tablas provinciales 2854–2909"
46017,2006,43253,"INE, Padrón municipal, tablas provinciales 2854–2909"
46017,2007,43038,"INE, Padrón municipal, tablas provinciales 2854–2909"
46017,2008,43892,"INE, Padrón municipal, tablas provinciales 2854–2909"
46017,2009,44690,"INE, Padrón municipal, tablas provinciales 2854–2909"
46017,2010,44758,"INE, Padrón municipal, tablas provinciales 2854–2909"
46017,2011,44752,"INE, Padrón municipal, tablas provinciales 2854–2909"
46017,2012,44941,"INE, Padrón municipal, tablas provinciales 2854–2909"
46017,2013,44788,"INE, Padrón municipal, tablas provinciales 2854–2909"
46017,2014,44518,"INE, Padrón municipal, tablas provinciales 2854–2909"
46017,2015,44554,"INE, Padrón municipal, tablas provinciales 2854–2909"
46017,2016,44488,"INE, Padrón municipal, tablas provinciales 2854–2909"
46017,2017,44255,"INE, Padrón municipal, tablas provinciales 2854–2909"
46017,2018,44393,"INE, Padrón municipal, tablas provinciales 2854–2909"
46017,2019,44352,"INE, Padrón municipal, tablas provinciales 2854–2909"
46017,2020,44938,"INE, Padrón municipal, tablas provinciales 2854–2909"
46017,2021,44865,"INE, Padrón municipal, tablas provinciales 2854–2909"
46017,2022,45451,"INE, Padrón municipal, tablas provinciales 2854–2909"
46017,2023,46421,"INE, Padrón municipal, tablas provinciales 2854–2909"
46017,2024,47335,"INE, Padrón municipal, tablas provinciales 2854–2909"
46017,2025,48236,"INE, Padrón municipal, tablas provinciales 2854–2909"
46021,1996,23425,"INE, Padrón municipal, tablas provinciales 2854–2909"
46021,1998,24094,"INE, Padrón municipal, tablas provinciales 2854–2909"
46021,1999,24297,"INE, Padrón municipal, tablas provinciales 2854–2909"
46021,2000,24485,"INE, Padrón municipal, tablas provinciales 2854–2909"
46021,2001,24608,"INE, Padrón municipal, tablas provinciales 2854–2909"
46021,2002,24866,"INE, Padrón municipal, tablas provinciales 2854–2909"
46021,2003,25643,"INE, Padrón municipal, tablas provinciales 2854–2909"
46021,2004,26442,"INE, Padrón municipal, tablas provinciales 2854–2909"
46021,2005,27028,"INE, Padrón municipal, tablas provinciales 2854–2909"
46021,2006,27704,"INE, Padrón municipal, tablas provinciales 2854–2909"
46021,2007,28138,"INE, Padrón municipal, tablas provinciales 2854–2909"
46021,2008,29173,"INE, Padrón municipal, tablas provinciales 2854–2909"
46021,2009,29914,"INE, Padrón municipal, tablas provinciales 2854–2909"
46021,2010,30303,"INE, Padrón municipal, tablas provinciales 2854–2909"
46021,2011,30645,"INE, Padrón municipal, tablas provinciales 2854–2909"
46021,2012,30874,"INE, Padrón municipal, tablas provinciales 2854–2909"
46021,2013,31028,"INE, Padrón municipal, tablas provinciales 2854–2909"
46021,2014,31000,"INE, Padrón municipal, tablas provinciales 2854–2909"
46021,2015,31120,"INE, Padrón municipal, tablas provinciales 2854–2909"
46021,2016,31246,"INE, Padrón municipal, tablas provinciales 2854–2909"
46021,2017,31320,"INE, Padrón municipal, tablas provinciales 2854–2909"
46021,2018,31492,"INE, Padrón municipal, tablas provinciales 2854–2909"
46021,2019,31864,"INE, Padrón municipal, tablas provinciales 2854–2909"
46021,2020,32204,"INE, Padrón municipal, tablas provinciales 2854–2909"
46021,2021,32313,"INE, Padrón municipal, tablas provinciales 2854–2909"
46021,2022,32656,"INE, Padrón municipal, tablas provinciales 2854–2909"
46021,2023,33376,"INE, Padrón municipal, tablas provinciales 2854–2909"
46021,2024,34035,"INE, Padrón municipal, tablas provinciales 2854–2909"
46021,2025,34630,"INE, Padrón municipal, tablas provinciales 2854–2909"
46029,1996,25029,"INE, Padrón municipal, tablas provinciales 2854–2909"
46029,1998,24894,"INE, Padrón municipal, tablas provinciales 2854–2909"
46029,1999,25045,"INE, Padrón municipal, tablas provinciales 2854–2909"
46029,2000,25028,"INE, Padrón municipal, tablas provinciales 2854–2909"
46029,2001,25059,"INE, Padrón municipal, tablas provinciales 2854–2909"
46029,2002,25259,"INE, Padrón municipal, tablas provinciales 2854–2909"
46029,2003,25596,"INE, Padrón municipal, tablas provinciales 2854–2909"
46029,2004,26192,"INE, Padrón municipal, tablas provinciales 2854–2909"
46029,2005,26740,"INE, Padrón municipal, tablas provinciales 2854–2909"
46029,2006,27326,"INE, Padrón municipal, tablas provinciales 2854–2909"
46029,2007,27272,"INE, Padrón municipal, tablas provinciales 2854–2909"
46029,2008,27770,"INE, Padrón municipal, tablas provinciales 2854–2909"
46029,2009,28308,"INE, Padrón municipal, tablas provinciales 2854–2909"
46029,2010,28329,"INE, Padrón municipal, tablas provinciales 2854–2909"
46029,2011,28293,"INE, Padrón municipal, tablas provinciales 2854–2909"
46029,2012,28358,"INE, Padrón municipal, tablas provinciales 2854–2909"
46029,2013,28000,"INE, Padrón municipal, tablas provinciales 2854–2909"
46029,2014,27808,"INE, Padrón municipal, tablas provinciales 2854–2909"
46029,2015,27633,"INE, Padrón municipal, tablas provinciales 2854–2909"
46029,2016,27607,"INE, Padrón municipal, tablas provinciales 2854–2909"
46029,2017,27511,"INE, Padrón municipal, tablas provinciales 2854–2909"
46029,2018,27285,"INE, Padrón municipal, tablas provinciales 2854–2909"
46029,2019,27331,"INE, Padrón municipal, tablas provinciales 2854–2909"
46029,2020,27430,"INE, Padrón municipal, tablas provinciales 2854–2909"
46029,2021,27305,"INE, Padrón municipal, tablas provinciales 2854–2909"
46029,2022,27305,"INE, Padrón municipal, tablas provinciales 2854–2909"
46029,2023,27438,"INE, Padrón municipal, tablas provinciales 2854–2909"
46029,2024,27968,"INE, Padrón municipal, tablas provinciales 2854–2909"
46029,2025,28306,"INE, Padrón municipal, tablas provinciales 2854–2909"
46078,1996,34061,"INE, Padrón municipal, tablas provinciales 2854–2909"
46078,1998,34426,"INE, Padrón municipal, tablas provinciales 2854–2909"
46078,1999,34869,"INE, Padrón municipal, tablas provinciales 2854–2909"
46078,2000,35171,"INE, Padrón municipal, tablas provinciales 2854–2909"
46078,2001,35682,"INE, Padrón municipal, tablas provinciales 2854–2909"
46078,2002,36168,"INE, Padrón municipal, tablas provinciales 2854–2909"
46078,2003,37213,"INE, Padrón municipal, tablas provinciales 2854–2909"
46078,2004,37330,"INE, Padrón municipal, tablas provinciales 2854–2909"
46078,2005,37394,"INE, Padrón municipal, tablas provinciales 2854–2909"
46078,2006,37756,"INE, Padrón municipal, tablas provinciales 2854–2909"
46078,2007,37402,"INE, Padrón municipal, tablas provinciales 2854–2909"
46078,2008,37667,"INE, Padrón municipal, tablas provinciales 2854–2909"
46078,2009,38433,"INE, Padrón municipal, tablas provinciales 2854–2909"
46078,2010,38170,"INE, Padrón municipal, tablas provinciales 2854–2909"
46078,2011,38205,"INE, Padrón municipal, tablas provinciales 2854–2909"
46078,2012,38175,"INE, Padrón municipal, tablas provinciales 2854–2909"
46078,2013,38148,"INE, Padrón municipal, tablas provinciales 2854–2909"
46078,2014,37641,"INE, Padrón municipal, tablas provinciales 2854–2909"
46078,2015,37546,"INE, Padrón municipal, tablas provinciales 2854–2909"
46078,2016,37324,"INE, Padrón municipal, tablas provinciales 2854–2909"
46078,2017,37575,"INE, Padrón municipal, tablas provinciales 2854–2909"
46078,2018,37584,"INE, Padrón municipal, tablas provinciales 2854–2909"
46078,2019,38024,"INE, Padrón municipal, tablas provinciales 2854–2909"
46078,2020,38632,"INE, Padrón municipal, tablas provinciales 2854–2909"
46078,2021,38712,"INE, Padrón municipal, tablas provinciales 2854–2909"
46078,2022,38880,"INE, Padrón municipal, tablas provinciales 2854–2909"
46078,2023,39702,"INE, Padrón municipal, tablas provinciales 2854–2909"
46078,2024,40634,"INE, Padrón municipal, tablas provinciales 2854–2909"
46078,2025,41299,"INE, Padrón municipal, tablas provinciales 2854–2909"
46094,1996,20627,"INE, Padrón municipal, tablas provinciales 2854–2909"
46094,1998,20463,"INE, Padrón municipal, tablas provinciales 2854–2909"
46094,1999,20692,"INE, Padrón municipal, tablas provinciales 2854–2909"
46094,2000,20616,"INE, Padrón municipal, tablas provinciales 2854–2909"
46094,2001,20846,"INE, Padrón municipal, tablas provinciales 2854–2909"
46094,2002,21414,"INE, Padrón municipal, tablas provinciales 2854–2909"
46094,2003,22353,"INE, Padrón municipal, tablas provinciales 2854–2909"
46094,2004,22904,"INE, Padrón municipal, tablas provinciales 2854–2909"
46094,2005,23895,"INE, Padrón municipal, tablas provinciales 2854–2909"
46094,2006,24916,"INE, Padrón municipal, tablas provinciales 2854–2909"
46094,2007,25650,"INE, Padrón municipal, tablas provinciales 2854–2909"
46094,2008,26552,"INE, Padrón municipal, tablas provinciales 2854–2909"
46094,2009,27035,"INE, Padrón municipal, tablas provinciales 2854–2909"
46094,2010,27175,"INE, Padrón municipal, tablas provinciales 2854–2909"
46094,2011,27330,"INE, Padrón municipal, tablas provinciales 2854–2909"
46094,2012,27697,"INE, Padrón municipal, tablas provinciales 2854–2909"
46094,2013,27654,"INE, Padrón municipal, tablas provinciales 2854–2909"
46094,2014,27478,"INE, Padrón municipal, tablas provinciales 2854–2909"
46094,2015,27688,"INE, Padrón municipal, tablas provinciales 2854–2909"
46094,2016,27728,"INE, Padrón municipal, tablas provinciales 2854–2909"
46094,2017,27752,"INE, Padrón municipal, tablas provinciales 2854–2909"
46094,2018,27827,"INE, Padrón municipal, tablas provinciales 2854–2909"
46094,2019,28120,"INE, Padrón municipal, tablas provinciales 2854–2909"
46094,2020,28608,"INE, Padrón municipal, tablas provinciales 2854–2909"
46094,2021,28509,"INE, Padrón municipal, tablas provinciales 2854–2909"
46094,2022,28679,"INE, Padrón municipal, tablas provinciales 2854–2909"
46094,2023,29316,"INE, Padrón municipal, tablas provinciales 2854–2909"
46094,2024,30142,"INE, Padrón municipal, tablas provinciales 2854–2909"
46094,2025,30604,"INE, Padrón municipal, tablas provinciales 2854–2909"
46102,1996,27112,"INE, Padrón municipal, tablas provinciales 2854–2909"
46102,1998,26666,"INE, Padrón municipal, tablas provinciales 2854–2909"
46102,1999,26409,"INE, Padrón municipal, tablas provinciales 2854–2909"
46102,2000,26131,"INE, Padrón municipal, tablas provinciales 2854–2909"
46102,2001,25739,"INE, Padrón municipal, tablas provinciales 2854–2909"
46102,2002,25790,"INE, Padrón municipal, tablas provinciales 2854–2909"
46102,2003,25780,"INE, Padrón municipal, tablas provinciales 2854–2909"
46102,2004,25638,"INE, Padrón municipal, tablas provinciales 2854–2909"
46102,2005,25509,"INE, Padrón municipal, tablas provinciales 2854–2909"
46102,2006,25430,"INE, Padrón municipal, tablas provinciales 2854–2909"
46102,2007,25340,"INE, Padrón municipal, tablas provinciales 2854–2909"
46102,2008,25441,"INE, Padrón municipal, tablas provinciales 2854–2909"
46102,2009,25499,"INE, Padrón municipal, tablas provinciales 2854–2909"
46102,2010,25472,"INE, Padrón municipal, tablas provinciales 2854–2909"
46102,2011,25449,"INE, Padrón municipal, tablas provinciales 2854–2909"
46102,2012,25292,"INE, Padrón municipal, tablas provinciales 2854–2909"
46102,2013,25174,"INE, Padrón municipal, tablas provinciales 2854–2909"
46102,2014,24944,"INE, Padrón municipal, tablas provinciales 2854–2909"
46102,2015,24864,"INE, Padrón municipal, tablas provinciales 2854–2909"
46102,2016,24776,"INE, Padrón municipal, tablas provinciales 2854–2909"
46102,2017,24491,"INE, Padrón municipal, tablas provinciales 2854–2909"
46102,2018,24536,"INE, Padrón municipal, tablas provinciales 2854–2909"
46102,2019,24760,"INE, Padrón municipal, tablas provinciales 2854–2909"
46102,2020,25062,"INE, Padrón municipal, tablas provinciales 2854–2909"
46102,2021,25035,"INE, Padrón municipal, tablas provinciales 2854–2909"
46102,2022,25167,"INE, Padrón municipal, tablas provinciales 2854–2909"
46102,2023,25590,"INE, Padrón municipal, tablas provinciales 2854–2909"
46102,2024,26304,"INE, Padrón municipal, tablas provinciales 2854–2909"
46102,2025,26967,"INE, Padrón municipal, tablas provinciales 2854–2909"
46110,1996,26478,"INE, Padrón municipal, tablas provinciales 2854–2909"
46110,1998,25947,"INE, Padrón municipal, tablas provinciales 2854–2909"
46110,1999,25957,"INE, Padrón municipal, tablas provinciales 2854–2909"
46110,2000,26053,"INE, Padrón municipal, tablas provinciales 2854–2909"
46110,2001,26092,"INE, Padrón municipal, tablas provinciales 2854–2909"
46110,2002,27384,"INE, Padrón municipal, tablas provinciales 2854–2909"
46110,2003,28044,"INE, Padrón municipal, tablas provinciales 2854–2909"
46110,2004,28515,"INE, Padrón municipal, tablas provinciales 2854–2909"
46110,2005,29311,"INE, Padrón municipal, tablas provinciales 2854–2909"
46110,2006,30123,"INE, Padrón municipal, tablas provinciales 2854–2909"
46110,2007,30212,"INE, Padrón municipal, tablas provinciales 2854–2909"
46110,2008,30633,"INE, Padrón municipal, tablas provinciales 2854–2909"
46110,2009,30691,"INE, Padrón municipal, tablas provinciales 2854–2909"
46110,2010,30910,"INE, Padrón municipal, tablas provinciales 2854–2909"
46110,2011,30405,"INE, Padrón municipal, tablas provinciales 2854–2909"
46110,2012,30213,"INE, Padrón municipal, tablas provinciales 2854–2909"
46110,2013,29796,"INE, Padrón municipal, tablas provinciales 2854–2909"
46110,2014,29309,"INE, Padrón municipal, tablas provinciales 2854–2909"
46110,2015,28963,"INE, Padrón municipal, tablas provinciales 2854–2909"
46110,2016,28771,"INE, Padrón municipal, tablas provinciales 2854–2909"
46110,2017,28950,"INE, Padrón municipal, tablas provinciales 2854–2909"
46110,2018,29108,"INE, Padrón municipal, tablas provinciales 2854–2909"
46110,2019,29623,"INE, Padrón municipal, tablas provinciales 2854–2909"
46110,2020,30197,"INE, Padrón municipal, tablas provinciales 2854–2909"
46110,2021,30208,"INE, Padrón municipal, tablas provinciales 2854–2909"
46110,2022,30326,"INE, Padrón municipal, tablas provinciales 2854–2909"
46110,2023,30749,"INE, Padrón municipal, tablas provinciales 2854–2909"
46110,2024,31745,"INE, Padrón municipal, tablas provinciales 2854–2909"
46110,2025,32093,"INE, Padrón municipal, tablas provinciales 2854–2909"
46131,1996,56555,"INE, Padrón municipal, tablas provinciales 2854–2909"
46131,1998,57518,"INE, Padrón municipal, tablas provinciales 2854–2909"
46131,1999,58676,"INE, Padrón municipal, tablas provinciales 2854–2909"
46131,2000,59123,"INE, Padrón municipal, tablas provinciales 2854–2909"
46131,2001,60211,"INE, Padrón municipal, tablas provinciales 2854–2909"
46131,2002,62280,"INE, Padrón municipal, tablas provinciales 2854–2909"
46131,2003,63201,"INE, Padrón municipal, tablas provinciales 2854–2909"
46131,2004,62344,"INE, Padrón municipal, tablas provinciales 2854–2909"
46131,2005,71429,"INE, Padrón municipal, tablas provinciales 2854–2909"
46131,2006,74827,"INE, Padrón municipal, tablas provinciales 2854–2909"
46131,2007,77421,"INE, Padrón municipal, tablas provinciales 2854–2909"
46131,2008,79958,"INE, Padrón municipal, tablas provinciales 2854–2909"
46131,2009,80020,"INE, Padrón municipal, tablas provinciales 2854–2909"
46131,2010,79430,"INE, Padrón municipal, tablas provinciales 2854–2909"
46131,2011,78704,"INE, Padrón municipal, tablas provinciales 2854–2909"
46131,2012,79010,"INE, Padrón municipal, tablas provinciales 2854–2909"
46131,2013,78543,"INE, Padrón municipal, tablas provinciales 2854–2909"
46131,2014,76497,"INE, Padrón municipal, tablas provinciales 2854–2909"
46131,2015,75514,"INE, Padrón municipal, tablas provinciales 2854–2909"
46131,2016,74814,"INE, Padrón municipal, tablas provinciales 2854–2909"
46131,2017,74121,"INE, Padrón municipal, tablas provinciales 2854–2909"
46131,2018,73829,"INE, Padrón municipal, tablas provinciales 2854–2909"
46131,2019,74562,"INE, Padrón municipal, tablas provinciales 2854–2909"
46131,2020,75798,"INE, Padrón municipal, tablas provinciales 2854–2909"
46131,2021,75970,"INE, Padrón municipal, tablas provinciales 2854–2909"
46131,2022,75911,"INE, Padrón municipal, tablas provinciales 2854–2909"
46131,2023,78108,"INE, Padrón municipal, tablas provinciales 2854–2909"
46131,2024,80095,"INE, Padrón municipal, tablas provinciales 2854–2909"
46131,2025,83135,"INE, Padrón municipal, tablas provinciales 2854–2909"
46145,1996,24760,"INE, Padrón municipal, tablas provinciales 2854–2909"
46145,1998,24878,"INE, Padrón municipal, tablas provinciales 2854–2909"
46145,1999,25365,"INE, Padrón municipal, tablas provinciales 2854–2909"
46145,2000,25478,"INE, Padrón municipal, tablas provinciales 2854–2909"
46145,2001,25996,"INE, Padrón municipal, tablas provinciales 2854–2909"
46145,2002,26520,"INE, Padrón municipal, tablas provinciales 2854–2909"
46145,2003,27300,"INE, Padrón municipal, tablas provinciales 2854–2909"
46145,2004,27679,"INE, Padrón municipal, tablas provinciales 2854–2909"
46145,2005,28222,"INE, Padrón municipal, tablas provinciales 2854–2909"
46145,2006,28474,"INE, Padrón municipal, tablas provinciales 2854–2909"
46145,2007,28597,"INE, Padrón municipal, tablas provinciales 2854–2909"
46145,2008,29363,"INE, Padrón municipal, tablas provinciales 2854–2909"
46145,2009,29386,"INE, Padrón municipal, tablas provinciales 2854–2909"
46145,2010,29361,"INE, Padrón municipal, tablas provinciales 2854–2909"
46145,2011,29469,"INE, Padrón municipal, tablas provinciales 2854–2909"
46145,2012,29196,"INE, Padrón municipal, tablas provinciales 2854–2909"
46145,2013,29400,"INE, Padrón municipal, tablas provinciales 2854–2909"
46145,2014,29343,"INE, Padrón municipal, tablas provinciales 2854–2909"
46145,2015,29095,"INE, Padrón municipal, tablas provinciales 2854–2909"
46145,2016,28973,"INE, Padrón municipal, tablas provinciales 2854–2909"
46145,2017,29070,"INE, Padrón municipal, tablas provinciales 2854–2909"
46145,2018,29045,"INE, Padrón municipal, tablas provinciales 2854–2909"
46145,2019,29231,"INE, Padrón municipal, tablas provinciales 2854–2909"
46145,2020,29623,"INE, Padrón municipal, tablas provinciales 2854–2909"
46145,2021,29459,"INE, Padrón municipal, tablas provinciales 2854–2909"
46145,2022,29637,"INE, Padrón municipal, tablas provinciales 2854–2909"
46145,2023,30072,"INE, Padrón municipal, tablas provinciales 2854–2909"
46145,2024,30378,"INE, Padrón municipal, tablas provinciales 2854–2909"
46145,2025,31008,"INE, Padrón municipal, tablas provinciales 2854–2909"
46159,1996,25170,"INE, Padrón municipal, tablas provinciales 2854–2909"
46159,1998,24140,"INE, Padrón municipal, tablas provinciales 2854–2909"
46159,1999,25912,"INE, Padrón municipal, tablas provinciales 2854–2909"
46159,2000,25939,"INE, Padrón municipal, tablas provinciales 2854–2909"
46159,2001,25897,"INE, Padrón municipal, tablas provinciales 2854–2909"
46159,2002,26460,"INE, Padrón municipal, tablas provinciales 2854–2909"
46159,2003,26655,"INE, Padrón municipal, tablas provinciales 2854–2909"
46159,2004,28040,"INE, Padrón municipal, tablas provinciales 2854–2909"
46159,2005,28866,"INE, Padrón municipal, tablas provinciales 2854–2909"
46159,2006,29717,"INE, Padrón municipal, tablas provinciales 2854–2909"
46159,2007,29778,"INE, Padrón municipal, tablas provinciales 2854–2909"
46159,2008,30478,"INE, Padrón municipal, tablas provinciales 2854–2909"
46159,2009,30508,"INE, Padrón municipal, tablas provinciales 2854–2909"
46159,2010,30508,"INE, Padrón municipal, tablas provinciales 2854–2909"
46159,2011,30747,"INE, Padrón municipal, tablas provinciales 2854–2909"
46159,2012,31066,"INE, Padrón municipal, tablas provinciales 2854–2909"
46159,2013,31057,"INE, Padrón municipal, tablas provinciales 2854–2909"
46159,2014,30834,"INE, Padrón municipal, tablas provinciales 2854–2909"
46159,2015,30807,"INE, Padrón municipal, tablas provinciales 2854–2909"
46159,2016,30704,"INE, Padrón municipal, tablas provinciales 2854–2909"
46159,2017,30630,"INE, Padrón municipal, tablas provinciales 2854–2909"
46159,2018,30693,"INE, Padrón municipal, tablas provinciales 2854–2909"
46159,2019,30919,"INE, Padrón municipal, tablas provinciales 2854–2909"
46159,2020,31240,"INE, Padrón municipal, tablas provinciales 2854–2909"
46159,2021,31287,"INE, Padrón municipal, tablas provinciales 2854–2909"
46159,2022,31170,"INE, Padrón municipal, tablas provinciales 2854–2909"
46159,2023,31573,"INE, Padrón municipal, tablas provinciales 2854–2909"
46159,2024,32273,"INE, Padrón municipal, tablas provinciales 2854–2909"
46159,2025,32609,"INE, Padrón municipal, tablas provinciales 2854–2909"
46169,1996,40302,"INE, Padrón municipal, tablas provinciales 2854–2909"
46169,1998,40348,"INE, Padrón municipal, tablas provinciales 2854–2909"
46169,1999,40528,"INE, Padrón municipal, tablas provinciales 2854–2909"
46169,2000,40616,"INE, Padrón municipal, tablas provinciales 2854–2909"
46169,2001,40943,"INE, Padrón municipal, tablas provinciales 2854–2909"
46169,2002,41658,"INE, Padrón municipal, tablas provinciales 2854–2909"
46169,2003,41971,"INE, Padrón municipal, tablas provinciales 2854–2909"
46169,2004,42689,"INE, Padrón municipal, tablas provinciales 2854–2909"
46169,2005,42927,"INE, Padrón municipal, tablas provinciales 2854–2909"
46169,2006,43363,"INE, Padrón municipal, tablas provinciales 2854–2909"
46169,2007,43336,"INE, Padrón municipal, tablas provinciales 2854–2909"
46169,2008,43740,"INE, Padrón municipal, tablas provinciales 2854–2909"
46169,2009,43756,"INE, Padrón municipal, tablas provinciales 2854–2909"
46169,2010,43792,"INE, Padrón municipal, tablas provinciales 2854–2909"
46169,2011,43657,"INE, Padrón municipal, tablas provinciales 2854–2909"
46169,2012,43800,"INE, Padrón municipal, tablas provinciales 2854–2909"
46169,2013,43775,"INE, Padrón municipal, tablas provinciales 2854–2909"
46169,2014,43281,"INE, Padrón municipal, tablas provinciales 2854–2909"
46169,2015,43320,"INE, Padrón municipal, tablas provinciales 2854–2909"
46169,2016,42988,"INE, Padrón municipal, tablas provinciales 2854–2909"
46169,2017,43042,"INE, Padrón municipal, tablas provinciales 2854–2909"
46169,2018,43278,"INE, Padrón municipal, tablas provinciales 2854–2909"
46169,2019,43691,"INE, Padrón municipal, tablas provinciales 2854–2909"
46169,2020,44320,"INE, Padrón municipal, tablas provinciales 2854–2909"
46169,2021,44320,"INE, Padrón municipal, tablas provinciales 2854–2909"
46169,2022,44282,"INE, Padrón municipal, tablas provinciales 2854–2909"
46169,2023,45644,"INE, Padrón municipal, tablas provinciales 2854–2909"
46169,2024,46153,"INE, Padrón municipal, tablas provinciales 2854–2909"
46169,2025,47079,"INE, Padrón municipal, tablas provinciales 2854–2909"
46181,1996,20654,"INE, Padrón municipal, tablas provinciales 2854–2909"
46181,1998,20577,"INE, Padrón municipal, tablas provinciales 2854–2909"
46181,1999,20656,"INE, Padrón municipal, tablas provinciales 2854–2909"
46181,2000,21001,"INE, Padrón municipal, tablas provinciales 2854–2909"
46181,2001,21768,"INE, Padrón municipal, tablas provinciales 2854–2909"
46181,2002,21782,"INE, Padrón municipal, tablas provinciales 2854–2909"
46181,2003,22768,"INE, Padrón municipal, tablas provinciales 2854–2909"
46181,2004,23591,"INE, Padrón municipal, tablas provinciales 2854–2909"
46181,2005,25318,"INE, Padrón municipal, tablas provinciales 2854–2909"
46181,2006,26844,"INE, Padrón municipal, tablas provinciales 2854–2909"
46181,2007,27374,"INE, Padrón municipal, tablas provinciales 2854–2909"
46181,2008,28279,"INE, Padrón municipal, tablas provinciales 2854–2909"
46181,2009,28419,"INE, Padrón municipal, tablas provinciales 2854–2909"
46181,2010,28307,"INE, Padrón municipal, tablas provinciales 2854–2909"
46181,2011,28400,"INE, Padrón municipal, tablas provinciales 2854–2909"
46181,2012,28207,"INE, Padrón municipal, tablas provinciales 2854–2909"
46181,2013,27787,"INE, Padrón municipal, tablas provinciales 2854–2909"
46181,2014,26782,"INE, Padrón municipal, tablas provinciales 2854–2909"
46181,2015,26190,"INE, Padrón municipal, tablas provinciales 2854–2909"
46181,2016,25789,"INE, Padrón municipal, tablas provinciales 2854–2909"
46181,2017,25488,"INE, Padrón municipal, tablas provinciales 2854–2909"
46181,2018,25199,"INE, Padrón municipal, tablas provinciales 2854–2909"
46181,2019,25101,"INE, Padrón municipal, tablas provinciales 2854–2909"
46181,2020,25224,"INE, Padrón municipal, tablas provinciales 2854–2909"
46181,2021,25119,"INE, Padrón municipal, tablas provinciales 2854–2909"
46181,2022,25179,"INE, Padrón municipal, tablas provinciales 2854–2909"
46181,2023,25558,"INE, Padrón municipal, tablas provinciales 2854–2909"
46181,2024,26122,"INE, Padrón municipal, tablas provinciales 2854–2909"
46181,2025,26813,"INE, Padrón municipal, tablas provinciales 2854–2909"
46184,1996,31024,"INE, Padrón municipal, tablas provinciales 2854–2909"
46184,1998,31343,"INE, Padrón municipal, tablas provinciales 2854–2909"
46184,1999,31530,"INE, Padrón municipal, tablas provinciales 2854–2909"
46184,2000,31926,"INE, Padrón municipal, tablas provinciales 2854–2909"
46184,2001,32687,"INE, Padrón municipal, tablas provinciales 2854–2909"
46184,2002,33734,"INE, Padrón municipal, tablas provinciales 2854–2909"
46184,2003,34516,"INE, Padrón municipal, tablas provinciales 2854–2909"
46184,2004,35155,"INE, Padrón municipal, tablas provinciales 2854–2909"
46184,2005,35517,"INE, Padrón municipal, tablas provinciales 2854–2909"
46184,2006,36368,"INE, Padrón municipal, tablas provinciales 2854–2909"
46184,2007,36695,"INE, Padrón municipal, tablas provinciales 2854–2909"
46184,2008,37518,"INE, Padrón municipal, tablas provinciales 2854–2909"
46184,2009,37735,"INE, Padrón municipal, tablas provinciales 2854–2909"
46184,2010,37935,"INE, Padrón municipal, tablas provinciales 2854–2909"
46184,2011,37606,"INE, Padrón municipal, tablas provinciales 2854–2909"
46184,2012,37140,"INE, Padrón municipal, tablas provinciales 2854–2909"
46184,2013,36974,"INE, Padrón municipal, tablas provinciales 2854–2909"
46184,2014,36180,"INE, Padrón municipal, tablas provinciales 2854–2909"
46184,2015,35621,"INE, Padrón municipal, tablas provinciales 2854–2909"
46184,2016,35534,"INE, Padrón municipal, tablas provinciales 2854–2909"
46184,2017,35342,"INE, Padrón municipal, tablas provinciales 2854–2909"
46184,2018,35395,"INE, Padrón municipal, tablas provinciales 2854–2909"
46184,2019,35347,"INE, Padrón municipal, tablas provinciales 2854–2909"
46184,2020,35761,"INE, Padrón municipal, tablas provinciales 2854–2909"
46184,2021,35946,"INE, Padrón municipal, tablas provinciales 2854–2909"
46184,2022,35946,"INE, Padrón municipal, tablas provinciales 2854–2909"
46184,2023,36194,"INE, Padrón municipal, tablas provinciales 2854–2909"
46184,2024,36430,"INE, Padrón municipal, tablas provinciales 2854–2909"
46184,2025,37012,"INE, Padrón municipal, tablas provinciales 2854–2909"
46190,1996,47414,"INE, Padrón municipal, tablas provinciales 2854–2909"
46190,1998,46380,"INE, Padrón municipal, tablas provinciales 2854–2909"
46190,1999,47190,"INE, Padrón municipal, tablas provinciales 2854–2909"
46190,2000,47498,"INE, Padrón municipal, tablas provinciales 2854–2909"
46190,2001,47687,"INE, Padrón municipal, tablas provinciales 2854–2909"
46190,2002,48367,"INE, Padrón municipal, tablas provinciales 2854–2909"
46190,2003,49683,"INE, Padrón municipal, tablas provinciales 2854–2909"
46190,2004,51162,"INE, Padrón municipal, tablas provinciales 2854–2909"
46190,2005,54560,"INE, Padrón municipal, tablas provinciales 2854–2909"
46190,2006,57343,"INE, Padrón municipal, tablas provinciales 2854–2909"
46190,2007,59043,"INE, Padrón municipal, tablas provinciales 2854–2909"
46190,2008,61941,"INE, Padrón municipal, tablas provinciales 2854–2909"
46190,2009,64023,"INE, Padrón municipal, tablas provinciales 2854–2909"
46190,2010,65921,"INE, Padrón municipal, tablas provinciales 2854–2909"
46190,2011,66948,"INE, Padrón municipal, tablas provinciales 2854–2909"
46190,2012,67356,"INE, Padrón municipal, tablas provinciales 2854–2909"
46190,2013,67159,"INE, Padrón municipal, tablas provinciales 2854–2909"
46190,2014,67156,"INE, Padrón municipal, tablas provinciales 2854–2909"
46190,2015,67340,"INE, Padrón municipal, tablas provinciales 2854–2909"
46190,2016,67854,"INE, Padrón municipal, tablas provinciales 2854–2909"
46190,2017,68547,"INE, Padrón municipal, tablas provinciales 2854–2909"
46190,2018,69156,"INE, Padrón municipal, tablas provinciales 2854–2909"
46190,2019,70195,"INE, Padrón municipal, tablas provinciales 2854–2909"
46190,2020,71035,"INE, Padrón municipal, tablas provinciales 2854–2909"
46190,2021,71361,"INE, Padrón municipal, tablas provinciales 2854–2909"
46190,2022,71880,"INE, Padrón municipal, tablas provinciales 2854–2909"
46190,2023,73488,"INE, Padrón municipal, tablas provinciales 2854–2909"
46190,2024,74822,"INE, Padrón municipal, tablas provinciales 2854–2909"
46190,2025,76019,"INE, Padrón municipal, tablas provinciales 2854–2909"
46220,1996,58135,"INE, Padrón municipal, tablas provinciales 2854–2909"
46220,1998,56607,"INE, Padrón municipal, tablas provinciales 2854–2909"
46220,1999,56836,"INE, Padrón municipal, tablas provinciales 2854–2909"
46220,2000,56756,"INE, Padrón municipal, tablas provinciales 2854–2909"
46220,2001,57017,"INE, Padrón municipal, tablas provinciales 2854–2909"
46220,2002,57741,"INE, Padrón municipal, tablas provinciales 2854–2909"
46220,2003,58287,"INE, Padrón municipal, tablas provinciales 2854–2909"
46220,2004,60488,"INE, Padrón municipal, tablas provinciales 2854–2909"
46220,2005,61823,"INE, Padrón municipal, tablas provinciales 2854–2909"
46220,2006,62702,"INE, Padrón municipal, tablas provinciales 2854–2909"
46220,2007,63359,"INE, Padrón municipal, tablas provinciales 2854–2909"
46220,2008,65821,"INE, Padrón municipal, tablas provinciales 2854–2909"
46220,2009,66070,"INE, Padrón municipal, tablas provinciales 2854–2909"
46220,2010,66259,"INE, Padrón municipal, tablas provinciales 2854–2909"
46220,2011,65595,"INE, Padrón municipal, tablas provinciales 2854–2909"
46220,2012,65238,"INE, Padrón municipal, tablas provinciales 2854–2909"
46220,2013,65190,"INE, Padrón municipal, tablas provinciales 2854–2909"
46220,2014,65003,"INE, Padrón municipal, tablas provinciales 2854–2909"
46220,2015,64944,"INE, Padrón municipal, tablas provinciales 2854–2909"
46220,2016,64439,"INE, Padrón municipal, tablas provinciales 2854–2909"
46220,2017,65278,"INE, Padrón municipal, tablas provinciales 2854–2909"
46220,2018,65669,"INE, Padrón municipal, tablas provinciales 2854–2909"
46220,2019,66140,"INE, Padrón municipal, tablas provinciales 2854–2909"
46220,2020,67173,"INE, Padrón municipal, tablas provinciales 2854–2909"
46220,2021,67043,"INE, Padrón municipal, tablas provinciales 2854–2909"
46220,2022,68066,"INE, Padrón municipal, tablas provinciales 2854–2909"
46220,2023,70128,"INE, Padrón municipal, tablas provinciales 2854–2909"
46220,2024,71377,"INE, Padrón municipal, tablas provinciales 2854–2909"
46220,2025,73031,"INE, Padrón municipal, tablas provinciales 2854–2909"
46235,1996,24869,"INE, Padrón municipal, tablas provinciales 2854–2909"
46235,1998,24893,"INE, Padrón municipal, tablas provinciales 2854–2909"
46235,1999,25173,"INE, Padrón municipal, tablas provinciales 2854–2909"
46235,2000,25406,"INE, Padrón municipal, tablas provinciales 2854–2909"
46235,2001,25783,"INE, Padrón municipal, tablas provinciales 2854–2909"
46235,2002,26126,"INE, Padrón municipal, tablas provinciales 2854–2909"
46235,2003,26361,"INE, Padrón municipal, tablas provinciales 2854–2909"
46235,2004,26685,"INE, Padrón municipal, tablas provinciales 2854–2909"
46235,2005,27253,"INE, Padrón municipal, tablas provinciales 2854–2909"
46235,2006,27593,"INE, Padrón municipal, tablas provinciales 2854–2909"
46235,2007,28112,"INE, Padrón municipal, tablas provinciales 2854–2909"
46235,2008,28713,"INE, Padrón municipal, tablas provinciales 2854–2909"
46235,2009,28908,"INE, Padrón municipal, tablas provinciales 2854–2909"
46235,2010,28926,"INE, Padrón municipal, tablas provinciales 2854–2909"
46235,2011,28986,"INE, Padrón municipal, tablas provinciales 2854–2909"
46235,2012,29091,"INE, Padrón municipal, tablas provinciales 2854–2909"
46235,2013,28961,"INE, Padrón municipal, tablas provinciales 2854–2909"
46235,2014,28311,"INE, Padrón municipal, tablas provinciales 2854–2909"
46235,2015,28252,"INE, Padrón municipal, tablas provinciales 2854–2909"
46235,2016,28090,"INE, Padrón municipal, tablas provinciales 2854–2909"
46235,2017,27598,"INE, Padrón municipal, tablas provinciales 2854–2909"
46235,2018,27460,"INE, Padrón municipal, tablas provinciales 2854–2909"
46235,2019,27479,"INE, Padrón municipal, tablas provinciales 2854–2909"
46235,2020,27566,"INE, Padrón municipal, tablas provinciales 2854–2909"
46235,2021,27617,"INE, Padrón municipal, tablas provinciales 2854–2909"
46235,2022,27738,"INE, Padrón municipal, tablas provinciales 2854–2909"
46235,2023,28086,"INE, Padrón municipal, tablas provinciales 2854–2909"
46235,2024,28480,"INE, Padrón municipal, tablas provinciales 2854–2909"
46235,2025,29194,"INE, Padrón municipal, tablas provinciales 2854–2909"
46244,1996,60999,"INE, Padrón municipal, tablas provinciales 2854–2909"
46244,1998,62562,"INE, Padrón municipal, tablas provinciales 2854–2909"
46244,1999,63616,"INE, Padrón municipal, tablas provinciales 2854–2909"
46244,2000,64586,"INE, Padrón municipal, tablas provinciales 2854–2909"
46244,2001,65538,"INE, Padrón municipal, tablas provinciales 2854–2909"
46244,2002,67393,"INE, Padrón municipal, tablas provinciales 2854–2909"
46244,2003,69620,"INE, Padrón municipal, tablas provinciales 2854–2909"
46244,2004,71314,"INE, Padrón municipal, tablas provinciales 2854–2909"
46244,2005,72660,"INE, Padrón municipal, tablas provinciales 2854–2909"
46244,2006,74616,"INE, Padrón municipal, tablas provinciales 2854–2909"
46244,2007,75131,"INE, Padrón municipal, tablas provinciales 2854–2909"
46244,2008,76927,"INE, Padrón municipal, tablas provinciales 2854–2909"
46244,2009,78543,"INE, Padrón municipal, tablas provinciales 2854–2909"
46244,2010,79843,"INE, Padrón municipal, tablas provinciales 2854–2909"
46244,2011,80610,"INE, Padrón municipal, tablas provinciales 2854–2909"
46244,2012,81402,"INE, Padrón municipal, tablas provinciales 2854–2909"
46244,2013,80759,"INE, Padrón municipal, tablas provinciales 2854–2909"
46244,2014,80551,"INE, Padrón municipal, tablas provinciales 2854–2909"
46244,2015,80107,"INE, Padrón municipal, tablas provinciales 2854–2909"
46244,2016,80762,"INE, Padrón municipal, tablas provinciales 2854–2909"
46244,2017,80630,"INE, Padrón municipal, tablas provinciales 2854–2909"
46244,2018,81245,"INE, Padrón municipal, tablas provinciales 2854–2909"
46244,2019,82208,"INE, Padrón municipal, tablas provinciales 2854–2909"
46244,2020,83962,"INE, Padrón municipal, tablas provinciales 2854–2909"
46244,2021,84025,"INE, Padrón municipal, tablas provinciales 2854–2909"
46244,2022,85142,"INE, Padrón municipal, tablas provinciales 2854–2909"
46244,2023,87295,"INE, Padrón municipal, tablas provinciales 2854–2909"
46244,2024,89401,"INE, Padrón municipal, tablas provinciales 2854–2909"
46244,2025,90928,"INE, Padrón municipal, tablas provinciales 2854–2909"
46250,1996,746683,"INE, Padrón municipal, tablas provinciales 2854–2909"
46250,1998,739412,"INE, Padrón municipal, tablas provinciales 2854–2909"
46250,1999,739412,"INE, Padrón municipal, tablas provinciales 2854–2909"
46250,2000,739014,"INE, Padrón municipal, tablas provinciales 2854–2909"
46250,2001,746612,"INE, Padrón municipal, tablas provinciales 2854–2909"
46250,2002,761871,"INE, Padrón municipal, tablas provinciales 2854–2909"
46250,2003,780653,"INE, Padrón municipal, tablas provinciales 2854–2909"
46250,2004,785732,"INE, Padrón municipal, tablas provinciales 2854–2909"
46250,2005,796549,"INE, Padrón municipal, tablas provinciales 2854–2909"
46250,2006,805304,"INE, Padrón municipal, tablas provinciales 2854–2909"
46250,2007,797654,"INE, Padrón municipal, tablas provinciales 2854–2909"
46250,2008,807200,"INE, Padrón municipal, tablas provinciales 2854–2909"
46250,2009,814208,"INE, Padrón municipal, tablas provinciales 2854–2909"
46250,2010,809267,"INE, Padrón municipal, tablas provinciales 2854–2909"
46250,2011,798033,"INE, Padrón municipal, tablas provinciales 2854–2909"
46250,2012,797028,"INE, Padrón municipal, tablas provinciales 2854–2909"
46250,2013,792303,"INE, Padrón municipal, tablas provinciales 2854–2909"
46250,2014,786424,"INE, Padrón municipal, tablas provinciales 2854–2909"
46250,2015,786189,"INE, Padrón municipal, tablas provinciales 2854–2909"
46250,2016,790201,"INE, Padrón municipal, tablas provinciales 2854–2909"
46250,2017,787808,"INE, Padrón municipal, tablas provinciales 2854–2909"
46250,2018,791413,"INE, Padrón municipal, tablas provinciales 2854–2909"
46250,2019,794288,"INE, Padrón municipal, tablas provinciales 2854–2909"
46250,2020,800215,"INE, Padrón municipal, tablas provinciales 2854–2909"
46250,2021,789744,"INE, Padrón municipal, tablas provinciales 2854–2909"
46250,2022,792492,"INE, Padrón municipal, tablas provinciales 2854–2909"
46250,2023,807693,"INE, Padrón municipal, tablas provinciales 2854–2909"
46250,2024,825948,"INE, Padrón municipal, tablas provinciales 2854–2909"
46250,2025,840792,"INE, Padrón municipal, tablas provinciales 2854–2909"
47186,1996,319805,"INE, Padrón municipal, tablas provinciales 2854–2909"
47186,1998,319946,"INE, Padrón municipal, tablas provinciales 2854–2909"
47186,1999,319998,"INE, Padrón municipal, tablas provinciales 2854–2909"
47186,2000,319129,"INE, Padrón municipal, tablas provinciales 2854–2909"
47186,2001,318293,"INE, Padrón municipal, tablas provinciales 2854–2909"
47186,2002,318576,"INE, Padrón municipal, tablas provinciales 2854–2909"
47186,2003,321143,"INE, Padrón municipal, tablas provinciales 2854–2909"
47186,2004,321713,"INE, Padrón municipal, tablas provinciales 2854–2909"
47186,2005,321001,"INE, Padrón municipal, tablas provinciales 2854–2909"
47186,2006,319943,"INE, Padrón municipal, tablas provinciales 2854–2909"
47186,2007,316564,"INE, Padrón municipal, tablas provinciales 2854–2909"
47186,2008,318461,"INE, Padrón municipal, tablas provinciales 2854–2909"
47186,2009,317864,"INE, Padrón municipal, tablas provinciales 2854–2909"
47186,2010,315522,"INE, Padrón municipal, tablas provinciales 2854–2909"
47186,2011,313437,"INE, Padrón municipal, tablas provinciales 2854–2909"
47186,2012,311501,"INE, Padrón municipal, tablas provinciales 2854–2909"
47186,2013,309714,"INE, Padrón municipal, tablas provinciales 2854–2909"
47186,2014,306830,"INE, Padrón municipal, tablas provinciales 2854–2909"
47186,2015,303905,"INE, Padrón municipal, tablas provinciales 2854–2909"
47186,2016,301876,"INE, Padrón municipal, tablas provinciales 2854–2909"
47186,2017,299715,"INE, Padrón municipal, tablas provinciales 2854–2909"
47186,2018,298866,"INE, Padrón municipal, tablas provinciales 2854–2909"
47186,2019,298412,"INE, Padrón municipal, tablas provinciales 2854–2909"
47186,2020,299265,"INE, Padrón municipal, tablas provinciales 2854–2909"
47186,2021,297775,"INE, Padrón municipal, tablas provinciales 2854–2909"
47186,2022,295639,"INE, Padrón municipal, tablas provinciales 2854–2909"
47186,2023,297459,"INE, Padrón municipal, tablas provinciales 2854–2909"
47186,2024,300618,"INE, Padrón municipal, tablas provinciales 2854–2909"
47186,2025,302614,"INE, Padrón municipal, tablas provinciales 2854–2909"
48013,1996,100474,"INE, Padrón municipal, tablas provinciales 2854–2909"
48013,1998,98649,"INE, Padrón municipal, tablas provinciales 2854–2909"
48013,1999,98212,"INE, Padrón municipal, tablas provinciales 2854–2909"
48013,2000,97281,"INE, Padrón municipal, tablas provinciales 2854–2909"
48013,2001,96421,"INE, Padrón municipal, tablas provinciales 2854–2909"
48013,2002,95515,"INE, Padrón municipal, tablas provinciales 2854–2909"
48013,2003,94727,"INE, Padrón municipal, tablas provinciales 2854–2909"
48013,2004,94967,"INE, Padrón municipal, tablas provinciales 2854–2909"
48013,2005,95260,"INE, Padrón municipal, tablas provinciales 2854–2909"
48013,2006,95640,"INE, Padrón municipal, tablas provinciales 2854–2909"
48013,2007,96412,"INE, Padrón municipal, tablas provinciales 2854–2909"
48013,2008,97328,"INE, Padrón municipal, tablas provinciales 2854–2909"
48013,2009,98460,"INE, Padrón municipal, tablas provinciales 2854–2909"
48013,2010,99321,"INE, Padrón municipal, tablas provinciales 2854–2909"
48013,2011,100061,"INE, Padrón municipal, tablas provinciales 2854–2909"
48013,2012,100369,"INE, Padrón municipal, tablas provinciales 2854–2909"
48013,2013,100502,"INE, Padrón municipal, tablas provinciales 2854–2909"
48013,2014,100080,"INE, Padrón municipal, tablas provinciales 2854–2909"
48013,2015,100228,"INE, Padrón municipal, tablas provinciales 2854–2909"
48013,2016,100025,"INE, Padrón municipal, tablas provinciales 2854–2909"
48013,2017,100313,"INE, Padrón municipal, tablas provinciales 2854–2909"
48013,2018,100435,"INE, Padrón municipal, tablas provinciales 2854–2909"
48013,2019,100881,"INE, Padrón municipal, tablas provinciales 2854–2909"
48013,2020,101486,"INE, Padrón municipal, tablas provinciales 2854–2909"
48013,2021,100907,"INE, Padrón municipal, tablas provinciales 2854–2909"
48013,2022,100535,"INE, Padrón municipal, tablas provinciales 2854–2909"
48013,2023,101229,"INE, Padrón municipal, tablas provinciales 2854–2909"
48013,2024,101984,"INE, Padrón municipal, tablas provinciales 2854–2909"
48013,2025,102986,"INE, Padrón municipal, tablas provinciales 2854–2909"
48015,1996,48490,"INE, Padrón municipal, tablas provinciales 2854–2909"
48015,1998,48107,"INE, Padrón municipal, tablas provinciales 2854–2909"
48015,1999,47575,"INE, Padrón municipal, tablas provinciales 2854–2909"
48015,2000,47036,"INE, Padrón municipal, tablas provinciales 2854–2909"
48015,2001,46669,"INE, Padrón municipal, tablas provinciales 2854–2909"
48015,2002,45482,"INE, Padrón municipal, tablas provinciales 2854–2909"
48015,2003,44935,"INE, Padrón municipal, tablas provinciales 2854–2909"
48015,2004,44627,"INE, Padrón municipal, tablas provinciales 2854–2909"
48015,2005,44052,"INE, Padrón municipal, tablas provinciales 2854–2909"
48015,2006,43626,"INE, Padrón municipal, tablas provinciales 2854–2909"
48015,2007,43250,"INE, Padrón municipal, tablas provinciales 2854–2909"
48015,2008,42966,"INE, Padrón municipal, tablas provinciales 2854–2909"
48015,2009,42657,"INE, Padrón municipal, tablas provinciales 2854–2909"
48015,2010,42452,"INE, Padrón municipal, tablas provinciales 2854–2909"
48015,2011,42166,"INE, Padrón municipal, tablas provinciales 2854–2909"
48015,2012,41971,"INE, Padrón municipal, tablas provinciales 2854–2909"
48015,2013,41799,"INE, Padrón municipal, tablas provinciales 2854–2909"
48015,2014,41624,"INE, Padrón municipal, tablas provinciales 2854–2909"
48015,2015,41304,"INE, Padrón municipal, tablas provinciales 2854–2909"
48015,2016,40983,"INE, Padrón municipal, tablas provinciales 2854–2909"
48015,2017,40877,"INE, Padrón municipal, tablas provinciales 2854–2909"
48015,2018,40762,"INE, Padrón municipal, tablas provinciales 2854–2909"
48015,2019,40589,"INE, Padrón municipal, tablas provinciales 2854–2909"
48015,2020,40847,"INE, Padrón municipal, tablas provinciales 2854–2909"
48015,2021,40535,"INE, Padrón municipal, tablas provinciales 2854–2909"
48015,2022,40324,"INE, Padrón municipal, tablas provinciales 2854–2909"
48015,2023,40413,"INE, Padrón municipal, tablas provinciales 2854–2909"
48015,2024,40388,"INE, Padrón municipal, tablas provinciales 2854–2909"
48015,2025,40274,"INE, Padrón municipal, tablas provinciales 2854–2909"
48020,1996,358875,"INE, Padrón municipal, tablas provinciales 2854–2909"
48020,1998,358467,"INE, Padrón municipal, tablas provinciales 2854–2909"
48020,1999,357589,"INE, Padrón municipal, tablas provinciales 2854–2909"
48020,2000,354271,"INE, Padrón municipal, tablas provinciales 2854–2909"
48020,2001,353943,"INE, Padrón municipal, tablas provinciales 2854–2909"
48020,2002,353950,"INE, Padrón municipal, tablas provinciales 2854–2909"
48020,2003,353567,"INE, Padrón municipal, tablas provinciales 2854–2909"
48020,2004,352317,"INE, Padrón municipal, tablas provinciales 2854–2909"
48020,2005,353173,"INE, Padrón municipal, tablas provinciales 2854–2909"
48020,2006,354145,"INE, Padrón municipal, tablas provinciales 2854–2909"
48020,2007,353168,"INE, Padrón municipal, tablas provinciales 2854–2909"
48020,2008,353340,"INE, Padrón municipal, tablas provinciales 2854–2909"
48020,2009,354860,"INE, Padrón municipal, tablas provinciales 2854–2909"
48020,2010,353187,"INE, Padrón municipal, tablas provinciales 2854–2909"
48020,2011,352700,"INE, Padrón municipal, tablas provinciales 2854–2909"
48020,2012,351629,"INE, Padrón municipal, tablas provinciales 2854–2909"
48020,2013,349356,"INE, Padrón municipal, tablas provinciales 2854–2909"
48020,2014,346574,"INE, Padrón municipal, tablas provinciales 2854–2909"
48020,2015,345141,"INE, Padrón municipal, tablas provinciales 2854–2909"
48020,2016,345122,"INE, Padrón municipal, tablas provinciales 2854–2909"
48020,2017,345110,"INE, Padrón municipal, tablas provinciales 2854–2909"
48020,2018,345821,"INE, Padrón municipal, tablas provinciales 2854–2909"
48020,2019,346843,"INE, Padrón municipal, tablas provinciales 2854–2909"
48020,2020,350184,"INE, Padrón municipal, tablas provinciales 2854–2909"
48020,2021,346405,"INE, Padrón municipal, tablas provinciales 2854–2909"
48020,2022,344127,"INE, Padrón municipal, tablas provinciales 2854–2909"
48020,2023,346096,"INE, Padrón municipal, tablas provinciales 2854–2909"
48020,2024,348089,"INE, Padrón municipal, tablas provinciales 2854–2909"
48020,2025,351124,"INE, Padrón municipal, tablas provinciales 2854–2909"
48027,1996,23909,"INE, Padrón municipal, tablas provinciales 2854–2909"
48027,1998,24260,"INE, Padrón municipal, tablas provinciales 2854–2909"
48027,1999,24515,"INE, Padrón municipal, tablas provinciales 2854–2909"
48027,2000,24742,"INE, Padrón municipal, tablas provinciales 2854–2909"
48027,2001,25082,"INE, Padrón municipal, tablas provinciales 2854–2909"
48027,2002,25346,"INE, Padrón municipal, tablas provinciales 2854–2909"
48027,2003,25735,"INE, Padrón municipal, tablas provinciales 2854–2909"
48027,2004,26131,"INE, Padrón municipal, tablas provinciales 2854–2909"
48027,2005,26511,"INE, Padrón municipal, tablas provinciales 2854–2909"
48027,2006,27040,"INE, Padrón municipal, tablas provinciales 2854–2909"
48027,2007,27476,"INE, Padrón municipal, tablas provinciales 2854–2909"
48027,2008,27861,"INE, Padrón municipal, tablas provinciales 2854–2909"
48027,2009,28229,"INE, Padrón municipal, tablas provinciales 2854–2909"
48027,2010,28261,"INE, Padrón municipal, tablas provinciales 2854–2909"
48027,2011,28226,"INE, Padrón municipal, tablas provinciales 2854–2909"
48027,2012,28618,"INE, Padrón municipal, tablas provinciales 2854–2909"
48027,2013,28691,"INE, Padrón municipal, tablas provinciales 2854–2909"
48027,2014,28806,"INE, Padrón municipal, tablas provinciales 2854–2909"
48027,2015,28899,"INE, Padrón municipal, tablas provinciales 2854–2909"
48027,2016,29031,"INE, Padrón municipal, tablas provinciales 2854–2909"
48027,2017,29328,"INE, Padrón municipal, tablas provinciales 2854–2909"
48027,2018,29636,"INE, Padrón municipal, tablas provinciales 2854–2909"
48027,2019,29791,"INE, Padrón municipal, tablas provinciales 2854–2909"
48027,2020,30118,"INE, Padrón municipal, tablas provinciales 2854–2909"
48027,2021,29935,"INE, Padrón municipal, tablas provinciales 2854–2909"
48027,2022,29609,"INE, Padrón municipal, tablas provinciales 2854–2909"
48027,2023,29767,"INE, Padrón municipal, tablas provinciales 2854–2909"
48027,2024,29887,"INE, Padrón municipal, tablas provinciales 2854–2909"
48027,2025,30192,"INE, Padrón municipal, tablas provinciales 2854–2909"
48036,1996,29646,"INE, Padrón municipal, tablas provinciales 2854–2909"
48036,1998,29418,"INE, Padrón municipal, tablas provinciales 2854–2909"
48036,1999,29417,"INE, Padrón municipal, tablas provinciales 2854–2909"
48036,2000,29387,"INE, Padrón municipal, tablas provinciales 2854–2909"
48036,2001,29530,"INE, Padrón municipal, tablas provinciales 2854–2909"
48036,2002,29569,"INE, Padrón municipal, tablas provinciales 2854–2909"
48036,2003,29765,"INE, Padrón municipal, tablas provinciales 2854–2909"
48036,2004,29603,"INE, Padrón municipal, tablas provinciales 2854–2909"
48036,2005,29594,"INE, Padrón municipal, tablas provinciales 2854–2909"
48036,2006,29374,"INE, Padrón municipal, tablas provinciales 2854–2909"
48036,2007,29183,"INE, Padrón municipal, tablas provinciales 2854–2909"
48036,2008,29234,"INE, Padrón municipal, tablas provinciales 2854–2909"
48036,2009,29226,"INE, Padrón municipal, tablas provinciales 2854–2909"
48036,2010,29254,"INE, Padrón municipal, tablas provinciales 2854–2909"
48036,2011,29049,"INE, Padrón municipal, tablas provinciales 2854–2909"
48036,2012,29130,"INE, Padrón municipal, tablas provinciales 2854–2909"
48036,2013,29219,"INE, Padrón municipal, tablas provinciales 2854–2909"
48036,2014,29351,"INE, Padrón municipal, tablas provinciales 2854–2909"
48036,2015,29344,"INE, Padrón municipal, tablas provinciales 2854–2909"
48036,2016,29315,"INE, Padrón municipal, tablas provinciales 2854–2909"
48036,2017,29334,"INE, Padrón municipal, tablas provinciales 2854–2909"
48036,2018,29288,"INE, Padrón municipal, tablas provinciales 2854–2909"
48036,2019,29326,"INE, Padrón municipal, tablas provinciales 2854–2909"
48036,2020,29427,"INE, Padrón municipal, tablas provinciales 2854–2909"
48036,2021,29404,"INE, Padrón municipal, tablas provinciales 2854–2909"
48036,2022,29285,"INE, Padrón municipal, tablas provinciales 2854–2909"
48036,2023,29332,"INE, Padrón municipal, tablas provinciales 2854–2909"
48036,2024,24774,"INE, Padrón municipal, tablas provinciales 2854–2909"
48036,2025,24776,"INE, Padrón municipal, tablas provinciales 2854–2909"
48044,1996,82196,"INE, Padrón municipal, tablas provinciales 2854–2909"
48044,1998,82974,"INE, Padrón municipal, tablas provinciales 2854–2909"
48044,1999,83459,"INE, Padrón municipal, tablas provinciales 2854–2909"
48044,2000,83789,"INE, Padrón municipal, tablas provinciales 2854–2909"
48044,2001,83955,"INE, Padrón municipal, tablas provinciales 2854–2909"
48044,2002,84024,"INE, Padrón municipal, tablas provinciales 2854–2909"
48044,2003,83624,"INE, Padrón municipal, tablas provinciales 2854–2909"
48044,2004,83004,"INE, Padrón municipal, tablas provinciales 2854–2909"
48044,2005,82687,"INE, Padrón municipal, tablas provinciales 2854–2909"
48044,2006,82327,"INE, Padrón municipal, tablas provinciales 2854–2909"
48044,2007,81746,"INE, Padrón municipal, tablas provinciales 2854–2909"
48044,2008,81260,"INE, Padrón municipal, tablas provinciales 2854–2909"
48044,2009,80770,"INE, Padrón municipal, tablas provinciales 2854–2909"
48044,2010,80277,"INE, Padrón municipal, tablas provinciales 2854–2909"
48044,2011,80089,"INE, Padrón municipal, tablas provinciales 2854–2909"
48044,2012,80026,"INE, Padrón municipal, tablas provinciales 2854–2909"
48044,2013,79839,"INE, Padrón municipal, tablas provinciales 2854–2909"
48044,2014,79544,"INE, Padrón municipal, tablas provinciales 2854–2909"
48044,2015,78846,"INE, Padrón municipal, tablas provinciales 2854–2909"
48044,2016,78554,"INE, Padrón municipal, tablas provinciales 2854–2909"
48044,2017,78406,"INE, Padrón municipal, tablas provinciales 2854–2909"
48044,2018,78276,"INE, Padrón municipal, tablas provinciales 2854–2909"
48044,2019,77946,"INE, Padrón municipal, tablas provinciales 2854–2909"
48044,2020,77770,"INE, Padrón municipal, tablas provinciales 2854–2909"
48044,2021,77139,"INE, Padrón municipal, tablas provinciales 2854–2909"
48044,2022,76365,"INE, Padrón municipal, tablas provinciales 2854–2909"
48044,2023,76104,"INE, Padrón municipal, tablas provinciales 2854–2909"
48044,2024,75981,"INE, Padrón municipal, tablas provinciales 2854–2909"
48044,2025,75752,"INE, Padrón municipal, tablas provinciales 2854–2909"
48054,1996,26256,"INE, Padrón municipal, tablas provinciales 2854–2909"
48054,1998,27308,"INE, Padrón municipal, tablas provinciales 2854–2909"
48054,1999,27645,"INE, Padrón municipal, tablas provinciales 2854–2909"
48054,2000,27925,"INE, Padrón municipal, tablas provinciales 2854–2909"
48054,2001,28046,"INE, Padrón municipal, tablas provinciales 2854–2909"
48054,2002,28401,"INE, Padrón municipal, tablas provinciales 2854–2909"
48054,2003,28893,"INE, Padrón municipal, tablas provinciales 2854–2909"
48054,2004,28806,"INE, Padrón municipal, tablas provinciales 2854–2909"
48054,2005,28858,"INE, Padrón municipal, tablas provinciales 2854–2909"
48054,2006,29100,"INE, Padrón municipal, tablas provinciales 2854–2909"
48054,2007,29217,"INE, Padrón municipal, tablas provinciales 2854–2909"
48054,2008,29748,"INE, Padrón municipal, tablas provinciales 2854–2909"
48054,2009,30079,"INE, Padrón municipal, tablas provinciales 2854–2909"
48054,2010,30262,"INE, Padrón municipal, tablas provinciales 2854–2909"
48054,2011,30454,"INE, Padrón municipal, tablas provinciales 2854–2909"
48054,2012,30626,"INE, Padrón municipal, tablas provinciales 2854–2909"
48054,2013,30637,"INE, Padrón municipal, tablas provinciales 2854–2909"
48054,2014,30685,"INE, Padrón municipal, tablas provinciales 2854–2909"
48054,2015,30715,"INE, Padrón municipal, tablas provinciales 2854–2909"
48054,2016,30857,"INE, Padrón municipal, tablas provinciales 2854–2909"
48054,2017,31197,"INE, Padrón municipal, tablas provinciales 2854–2909"
48054,2018,31495,"INE, Padrón municipal, tablas provinciales 2854–2909"
48054,2019,31795,"INE, Padrón municipal, tablas provinciales 2854–2909"
48054,2020,32013,"INE, Padrón municipal, tablas provinciales 2854–2909"
48054,2021,32188,"INE, Padrón municipal, tablas provinciales 2854–2909"
48054,2022,32172,"INE, Padrón municipal, tablas provinciales 2854–2909"
48054,2023,32491,"INE, Padrón municipal, tablas provinciales 2854–2909"
48054,2024,32683,"INE, Padrón municipal, tablas provinciales 2854–2909"
48054,2025,32748,"INE, Padrón municipal, tablas provinciales 2854–2909"
48078,1996,54071,"INE, Padrón municipal, tablas provinciales 2854–2909"
48078,1998,53498,"INE, Padrón municipal, tablas provinciales 2854–2909"
48078,1999,53241,"INE, Padrón municipal, tablas provinciales 2854–2909"
48078,2000,52681,"INE, Padrón municipal, tablas provinciales 2854–2909"
48078,2001,52111,"INE, Padrón municipal, tablas provinciales 2854–2909"
48078,2002,51553,"INE, Padrón municipal, tablas provinciales 2854–2909"
48078,2003,50927,"INE, Padrón municipal, tablas provinciales 2854–2909"
48078,2004,50357,"INE, Padrón municipal, tablas provinciales 2854–2909"
48078,2005,49788,"INE, Padrón municipal, tablas provinciales 2854–2909"
48078,2006,49118,"INE, Padrón municipal, tablas provinciales 2854–2909"
48078,2007,48386,"INE, Padrón municipal, tablas provinciales 2854–2909"
48078,2008,48205,"INE, Padrón municipal, tablas provinciales 2854–2909"
48078,2009,48105,"INE, Padrón municipal, tablas provinciales 2854–2909"
48078,2010,47856,"INE, Padrón municipal, tablas provinciales 2854–2909"
48078,2011,47742,"INE, Padrón municipal, tablas provinciales 2854–2909"
48078,2012,47756,"INE, Padrón municipal, tablas provinciales 2854–2909"
48078,2013,47233,"INE, Padrón municipal, tablas provinciales 2854–2909"
48078,2014,47117,"INE, Padrón municipal, tablas provinciales 2854–2909"
48078,2015,46718,"INE, Padrón municipal, tablas provinciales 2854–2909"
48078,2016,46375,"INE, Padrón municipal, tablas provinciales 2854–2909"
48078,2017,46120,"INE, Padrón municipal, tablas provinciales 2854–2909"
48078,2018,45826,"INE, Padrón municipal, tablas provinciales 2854–2909"
48078,2019,45766,"INE, Padrón municipal, tablas provinciales 2854–2909"
48078,2020,45746,"INE, Padrón municipal, tablas provinciales 2854–2909"
48078,2021,45285,"INE, Padrón municipal, tablas provinciales 2854–2909"
48078,2022,44800,"INE, Padrón municipal, tablas provinciales 2854–2909"
48078,2023,44629,"INE, Padrón municipal, tablas provinciales 2854–2909"
48078,2024,44766,"INE, Padrón municipal, tablas provinciales 2854–2909"
48078,2025,44843,"INE, Padrón municipal, tablas provinciales 2854–2909"
48082,1996,49976,"INE, Padrón municipal, tablas provinciales 2854–2909"
48082,1998,48962,"INE, Padrón municipal, tablas provinciales 2854–2909"
48082,1999,48515,"INE, Padrón municipal, tablas provinciales 2854–2909"
48082,2000,47999,"INE, Padrón municipal, tablas provinciales 2854–2909"
48082,2001,47736,"INE, Padrón municipal, tablas provinciales 2854–2909"
48082,2002,47460,"INE, Padrón municipal, tablas provinciales 2854–2909"
48082,2003,47160,"INE, Padrón municipal, tablas provinciales 2854–2909"
48082,2004,47037,"INE, Padrón municipal, tablas provinciales 2854–2909"
48082,2005,47155,"INE, Padrón municipal, tablas provinciales 2854–2909"
48082,2006,47320,"INE, Padrón municipal, tablas provinciales 2854–2909"
48082,2007,47094,"INE, Padrón municipal, tablas provinciales 2854–2909"
48082,2008,47004,"INE, Padrón municipal, tablas provinciales 2854–2909"
48082,2009,46978,"INE, Padrón municipal, tablas provinciales 2854–2909"
48082,2010,47101,"INE, Padrón municipal, tablas provinciales 2854–2909"
48082,2011,47076,"INE, Padrón municipal, tablas provinciales 2854–2909"
48082,2012,47129,"INE, Padrón municipal, tablas provinciales 2854–2909"
48082,2013,47020,"INE, Padrón municipal, tablas provinciales 2854–2909"
48082,2014,46651,"INE, Padrón municipal, tablas provinciales 2854–2909"
48082,2015,46284,"INE, Padrón municipal, tablas provinciales 2854–2909"
48082,2016,46043,"INE, Padrón municipal, tablas provinciales 2854–2909"
48082,2017,45765,"INE, Padrón municipal, tablas provinciales 2854–2909"
48082,2018,45795,"INE, Padrón municipal, tablas provinciales 2854–2909"
48082,2019,45853,"INE, Padrón municipal, tablas provinciales 2854–2909"
48082,2020,46069,"INE, Padrón municipal, tablas provinciales 2854–2909"
48082,2021,46085,"INE, Padrón municipal, tablas provinciales 2854–2909"
48082,2022,45749,"INE, Padrón municipal, tablas provinciales 2854–2909"
48082,2023,46057,"INE, Padrón municipal, tablas provinciales 2854–2909"
48082,2024,46247,"INE, Padrón municipal, tablas provinciales 2854–2909"
48082,2025,46442,"INE, Padrón municipal, tablas provinciales 2854–2909"
48084,1996,34496,"INE, Padrón municipal, tablas provinciales 2854–2909"
48084,1998,33732,"INE, Padrón municipal, tablas provinciales 2854–2909"
48084,1999,33288,"INE, Padrón municipal, tablas provinciales 2854–2909"
48084,2000,32852,"INE, Padrón municipal, tablas provinciales 2854–2909"
48084,2001,32533,"INE, Padrón municipal, tablas provinciales 2854–2909"
48084,2002,32154,"INE, Padrón municipal, tablas provinciales 2854–2909"
48084,2003,31527,"INE, Padrón municipal, tablas provinciales 2854–2909"
48084,2004,30766,"INE, Padrón municipal, tablas provinciales 2854–2909"
48084,2005,30350,"INE, Padrón municipal, tablas provinciales 2854–2909"
48084,2006,30036,"INE, Padrón municipal, tablas provinciales 2854–2909"
48084,2007,29718,"INE, Padrón municipal, tablas provinciales 2854–2909"
48084,2008,29638,"INE, Padrón municipal, tablas provinciales 2854–2909"
48084,2009,29476,"INE, Padrón municipal, tablas provinciales 2854–2909"
48084,2010,29224,"INE, Padrón municipal, tablas provinciales 2854–2909"
48084,2011,28959,"INE, Padrón municipal, tablas provinciales 2854–2909"
48084,2012,28831,"INE, Padrón municipal, tablas provinciales 2854–2909"
48084,2013,28651,"INE, Padrón municipal, tablas provinciales 2854–2909"
48084,2014,28288,"INE, Padrón municipal, tablas provinciales 2854–2909"
48084,2015,28052,"INE, Padrón municipal, tablas provinciales 2854–2909"
48084,2016,27841,"INE, Padrón municipal, tablas provinciales 2854–2909"
48084,2017,27744,"INE, Padrón municipal, tablas provinciales 2854–2909"
48084,2018,27445,"INE, Padrón municipal, tablas provinciales 2854–2909"
48084,2019,27296,"INE, Padrón municipal, tablas provinciales 2854–2909"
48084,2020,27452,"INE, Padrón municipal, tablas provinciales 2854–2909"
48084,2021,27342,"INE, Padrón municipal, tablas provinciales 2854–2909"
48084,2022,27533,"INE, Padrón municipal, tablas provinciales 2854–2909"
48084,2023,27834,"INE, Padrón municipal, tablas provinciales 2854–2909"
48084,2024,28228,"INE, Padrón municipal, tablas provinciales 2854–2909"
48084,2025,28512,"INE, Padrón municipal, tablas provinciales 2854–2909"
49275,1996,63783,"INE, Padrón municipal, tablas provinciales 2854–2909"
49275,1998,64421,"INE, Padrón municipal, tablas provinciales 2854–2909"
49275,1999,64906,"INE, Padrón municipal, tablas provinciales 2854–2909"
49275,2000,65226,"INE, Padrón municipal, tablas provinciales 2854–2909"
49275,2001,65633,"INE, Padrón municipal, tablas provinciales 2854–2909"
49275,2002,65575,"INE, Padrón municipal, tablas provinciales 2854–2909"
49275,2003,65639,"INE, Padrón municipal, tablas provinciales 2854–2909"
49275,2004,65646,"INE, Padrón municipal, tablas provinciales 2854–2909"
49275,2005,66123,"INE, Padrón municipal, tablas provinciales 2854–2909"
49275,2006,66135,"INE, Padrón municipal, tablas provinciales 2854–2909"
49275,2007,66138,"INE, Padrón municipal, tablas provinciales 2854–2909"
49275,2008,66672,"INE, Padrón municipal, tablas provinciales 2854–2909"
49275,2009,66293,"INE, Padrón municipal, tablas provinciales 2854–2909"
49275,2010,65998,"INE, Padrón municipal, tablas provinciales 2854–2909"
49275,2011,65525,"INE, Padrón municipal, tablas provinciales 2854–2909"
49275,2012,65362,"INE, Padrón municipal, tablas provinciales 2854–2909"
49275,2013,64986,"INE, Padrón municipal, tablas provinciales 2854–2909"
49275,2014,64423,"INE, Padrón municipal, tablas provinciales 2854–2909"
49275,2015,63831,"INE, Padrón municipal, tablas provinciales 2854–2909"
49275,2016,63217,"INE, Padrón municipal, tablas provinciales 2854–2909"
49275,2017,62389,"INE, Padrón municipal, tablas provinciales 2854–2909"
49275,2018,61827,"INE, Padrón municipal, tablas provinciales 2854–2909"
49275,2019,61406,"INE, Padrón municipal, tablas provinciales 2854–2909"
49275,2020,60988,"INE, Padrón municipal, tablas provinciales 2854–2909"
49275,2021,60297,"INE, Padrón municipal, tablas provinciales 2854–2909"
49275,2022,59475,"INE, Padrón municipal, tablas provinciales 2854–2909"
49275,2023,59259,"INE, Padrón municipal, tablas provinciales 2854–2909"
49275,2024,59506,"INE, Padrón municipal, tablas provinciales 2854–2909"
49275,2025,59815,"INE, Padrón municipal, tablas provinciales 2854–2909"
50297,1996,601674,"INE, Padrón municipal, tablas provinciales 2854–2909"
50297,1998,603367,"INE, Padrón municipal, tablas provinciales 2854–2909"
50297,1999,603367,"INE, Padrón municipal, tablas provinciales 2854–2909"
50297,2000,604631,"INE, Padrón municipal, tablas provinciales 2854–2909"
50297,2001,610976,"INE, Padrón municipal, tablas provinciales 2854–2909"
50297,2002,620419,"INE, Padrón municipal, tablas provinciales 2854–2909"
50297,2003,626081,"INE, Padrón municipal, tablas provinciales 2854–2909"
50297,2004,638799,"INE, Padrón municipal, tablas provinciales 2854–2909"
50297,2005,647373,"INE, Padrón municipal, tablas provinciales 2854–2909"
50297,2006,649181,"INE, Padrón municipal, tablas provinciales 2854–2909"
50297,2007,654390,"INE, Padrón municipal, tablas provinciales 2854–2909"
50297,2008,666129,"INE, Padrón municipal, tablas provinciales 2854–2909"
50297,2009,674317,"INE, Padrón municipal, tablas provinciales 2854–2909"
50297,2010,675121,"INE, Padrón municipal, tablas provinciales 2854–2909"
50297,2011,674725,"INE, Padrón municipal, tablas provinciales 2854–2909"
50297,2012,679624,"INE, Padrón municipal, tablas provinciales 2854–2909"
50297,2013,682004,"INE, Padrón municipal, tablas provinciales 2854–2909"
50297,2014,666058,"INE, Padrón municipal, tablas provinciales 2854–2909"
50297,2015,664953,"INE, Padrón municipal, tablas provinciales 2854–2909"
50297,2016,661108,"INE, Padrón municipal, tablas provinciales 2854–2909"
50297,2017,664938,"INE, Padrón municipal, tablas provinciales 2854–2909"
50297,2018,666880,"INE, Padrón municipal, tablas provinciales 2854–2909"
50297,2019,674997,"INE, Padrón municipal, tablas provinciales 2854–2909"
50297,2020,681877,"INE, Padrón municipal, tablas provinciales 2854–2909"
50297,2021,675301,"INE, Padrón municipal, tablas provinciales 2854–2909"
50297,2022,673010,"INE, Padrón municipal, tablas provinciales 2854–2909"
50297,2023,682513,"INE, Padrón municipal, tablas provinciales 2854–2909"
50297,2024,686986,"INE, Padrón municipal, tablas provinciales 2854–2909"
50297,2025,693091,"INE, Padrón municipal, tablas provinciales 2854–2909"
51001,1996,68796,"INE, Padrón municipal, tablas provinciales 2854–2909"
51001,1998,72117,"INE, Padrón municipal, tablas provinciales 2854–2909"
51001,1999,73704,"INE, Padrón municipal, tablas provinciales 2854–2909"
51001,2000,75241,"INE, Padrón municipal, tablas provinciales 2854–2909"
51001,2001,75694,"INE, Padrón municipal, tablas provinciales 2854–2909"
51001,2002,76152,"INE, Padrón municipal, tablas provinciales 2854–2909"
51001,2003,74931,"INE, Padrón municipal, tablas provinciales 2854–2909"
51001,2004,74654,"INE, Padrón municipal, tablas provinciales 2854–2909"
51001,2005,75276,"INE, Padrón municipal, tablas provinciales 2854–2909"
51001,2006,75861,"INE, Padrón municipal, tablas provinciales 2854–2909"
51001,2007,76603,"INE, Padrón municipal, tablas provinciales 2854–2909"
51001,2008,77389,"INE, Padrón municipal, tablas provinciales 2854–2909"
51001,2009,78674,"INE, Padrón municipal, tablas provinciales 2854–2909"
51001,2010,80579,"INE, Padrón municipal, tablas provinciales 2854–2909"
51001,2011,82376,"INE, Padrón municipal, tablas provinciales 2854–2909"
51001,2012,84018,"INE, Padrón municipal, tablas provinciales 2854–2909"
51001,2013,84180,"INE, Padrón municipal, tablas provinciales 2854–2909"
51001,2014,84963,"INE, Padrón municipal, tablas provinciales 2854–2909"
51001,2015,84263,"INE, Padrón municipal, tablas provinciales 2854–2909"
51001,2016,84519,"INE, Padrón municipal, tablas provinciales 2854–2909"
51001,2017,84959,"INE, Padrón municipal, tablas provinciales 2854–2909"
51001,2018,85144,"INE, Padrón municipal, tablas provinciales 2854–2909"
51001,2019,84777,"INE, Padrón municipal, tablas provinciales 2854–2909"
51001,2020,84202,"INE, Padrón municipal, tablas provinciales 2854–2909"
51001,2021,83517,"INE, Padrón municipal, tablas provinciales 2854–2909"
51001,2022,83117,"INE, Padrón municipal, tablas provinciales 2854–2909"
51001,2023,83039,"INE, Padrón municipal, tablas provinciales 2854–2909"
51001,2024,83229,"INE, Padrón municipal, tablas provinciales 2854–2909"
51001,2025,83595,"INE, Padrón municipal, tablas provinciales 2854–2909"
52001,1996,59576,"INE, Padrón municipal, tablas provinciales 2854–2909"
52001,1998,60108,"INE, Padrón municipal, tablas provinciales 2854–2909"
52001,1999,56929,"INE, Padrón municipal, tablas provinciales 2854–2909"
52001,2000,66263,"INE, Padrón municipal, tablas provinciales 2854–2909"
52001,2001,68789,"INE, Padrón municipal, tablas provinciales 2854–2909"
52001,2002,69184,"INE, Padrón municipal, tablas provinciales 2854–2909"
52001,2003,68463,"INE, Padrón municipal, tablas provinciales 2854–2909"
52001,2004,68016,"INE, Padrón municipal, tablas provinciales 2854–2909"
52001,2005,65488,"INE, Padrón municipal, tablas provinciales 2854–2909"
52001,2006,66871,"INE, Padrón municipal, tablas provinciales 2854–2909"
52001,2007,69440,"INE, Padrón municipal, tablas provinciales 2854–2909"
52001,2008,71448,"INE, Padrón municipal, tablas provinciales 2854–2909"
52001,2009,73460,"INE, Padrón municipal, tablas provinciales 2854–2909"
52001,2010,76034,"INE, Padrón municipal, tablas provinciales 2854–2909"
52001,2011,78476,"INE, Padrón municipal, tablas provinciales 2854–2909"
52001,2012,80802,"INE, Padrón municipal, tablas provinciales 2854–2909"
52001,2013,83679,"INE, Padrón municipal, tablas provinciales 2854–2909"
52001,2014,84509,"INE, Padrón municipal, tablas provinciales 2854–2909"
52001,2015,85584,"INE, Padrón municipal, tablas provinciales 2854–2909"
52001,2016,86026,"INE, Padrón municipal, tablas provinciales 2854–2909"
52001,2017,86120,"INE, Padrón municipal, tablas provinciales 2854–2909"
52001,2018,86384,"INE, Padrón municipal, tablas provinciales 2854–2909"
52001,2019,86487,"INE, Padrón municipal, tablas provinciales 2854–2909"
52001,2020,87076,"INE, Padrón municipal, tablas provinciales 2854–2909"
52001,2021,86261,"INE, Padrón municipal, tablas provinciales 2854–2909"
52001,2022,85170,"INE, Padrón municipal, tablas provinciales 2854–2909"
52001,2023,85491,"INE, Padrón municipal, tablas provinciales 2854–2909"
52001,2024,85811,"INE, Padrón municipal, tablas provinciales 2854–2909"
52001,2025,86780,"INE, Padrón municipal, tablas provinciales 2854–2909"
