cod_ine,fecha,vut_por_1000_hab,vut_por_km2,percentil_vut_por_1000_hab,percentil_vut_por_km2,score_presion_turistica,metodo,version_metodologia
01059,2020-08-01,0.5984346210176538,0.5488062740179982,31.147540983606557,30.81967213114754,30.98360655737705,media_percentiles_50_50,1.0
02003,2020-08-01,0.8259911894273128,0.1277740298812771,40.0,11.80327868852459,25.901639344262296,media_percentiles_50_50,1.0
02009,2020-08-01,0.20399004528579,0.0093912965005245,4.590163934426229,1.3114754098360655,2.9508196721311473,media_percentiles_50_50,1.0
02037,2020-08-01,0.1655629139072847,0.0064160865698044,3.6065573770491803,0.32786885245901637,1.9672131147540983,media_percentiles_50_50,1.0
02081,2020-08-01,0.3185220576524924,0.0092764932796725,12.459016393442623,0.9836065573770492,6.721311475409836,media_percentiles_50_50,1.0
03009,2020-08-01,1.4826296458536914,0.6771558209603354,49.50819672131148,33.77049180327869,41.63934426229508,media_percentiles_50_50,1.0
03014,2020-08-01,11.304306600055709,18.83248619811857,85.24590163934427,87.21311475409836,86.22950819672131,media_percentiles_50_50,1.0
03031,2020-08-01,35.68488289567069,65.2856498100826,93.44262295081967,96.72131147540983,95.08196721311475,media_percentiles_50_50,1.0
03047,2020-08-01,125.0964588870788,123.68056471378137,100.0,99.01639344262296,99.50819672131148,media_percentiles_50_50,1.0
03050,2020-08-01,39.301762875907365,20.56175421082541,94.75409836065573,87.8688524590164,91.31147540983606,media_percentiles_50_50,1.0
03059,2020-08-01,1.2527085590465872,0.3538974325165395,46.885245901639344,24.59016393442623,35.73770491803279,media_percentiles_50_50,1.0
03063,2020-08-01,79.76276647909029,51.44536491620108,98.68852459016394,95.73770491803279,97.21311475409837,media_percentiles_50_50,1.0
03065,2020-08-01,3.17764573083722,2.284830245400907,64.59016393442623,57.377049180327866,60.983606557377044,media_percentiles_50_50,1.0
03066,2020-08-01,0.5301724954083274,0.6140687249931862,28.19672131147541,33.114754098360656,30.65573770491803,media_percentiles_50_50,1.0
03082,2020-08-01,100.8709308966305,41.00774303580081,99.67213114754098,94.42622950819673,97.04918032786885,media_percentiles_50_50,1.0
03093,2020-08-01,0.5438794141641738,0.1848814743547863,29.18032786885246,15.081967213114755,22.131147540983605,media_percentiles_50_50,1.0
03099,2020-08-01,33.029743328450415,7.093617461332098,93.11475409836065,78.36065573770492,85.73770491803279,media_percentiles_50_50,1.0
03104,2020-08-01,0.7301188633509536,0.2397365428203962,35.73770491803279,17.704918032786885,26.721311475409838,media_percentiles_50_50,1.0
03121,2020-08-01,37.14380085878149,21.24464109473405,94.09836065573771,88.52459016393442,91.31147540983606,media_percentiles_50_50,1.0
03122,2020-08-01,1.6277255925938483,2.367423111652033,51.14754098360656,58.68852459016394,54.91803278688525,media_percentiles_50_50,1.0
03133,2020-08-01,45.34234117188515,53.49761523819187,97.04918032786885,96.39344262295081,96.72131147540983,media_percentiles_50_50,1.0
03139,2020-08-01,21.56311258842581,12.88887519192548,90.1639344262295,83.60655737704919,86.88524590163934,media_percentiles_50_50,1.0
03140,2020-08-01,0.9369052847313716,0.0927391707709836,42.295081967213115,9.836065573770492,26.065573770491802,media_percentiles_50_50,1.0
04013,2020-08-01,2.871022541003964,1.9545224873667184,63.278688524590166,53.442622950819676,58.36065573770492,media_percentiles_50_50,1.0
04066,2020-08-01,22.326785827070044,1.1787233397639605,90.49180327868852,42.622950819672134,66.55737704918033,media_percentiles_50_50,1.0
04079,2020-08-01,7.56859996139506,12.455455539820118,79.34426229508196,82.95081967213115,81.14754098360655,media_percentiles_50_50,1.0
04902,2020-08-01,1.5401513885240812,0.5704565957684081,50.49180327868852,32.131147540983605,41.31147540983606,media_percentiles_50_50,1.0
05019,2020-08-01,2.210077267042437,0.5591570697436319,57.704918032786885,31.475409836065573,44.59016393442623,media_percentiles_50_50,1.0
06011,2020-08-01,0.1181509378230689,0.024280049644915,2.2950819672131146,3.9344262295081966,3.1147540983606556,media_percentiles_50_50,1.0
06015,2020-08-01,0.3841466645472368,0.0402592617172616,16.39344262295082,6.229508196721311,11.311475409836065,media_percentiles_50_50,1.0
06044,2020-08-01,0.0268211565282695,0.0017877290995079,0.0,0.0,0.0,media_percentiles_50_50,1.0
06083,2020-08-01,2.9052193188688116,0.2001234970386329,63.60655737704918,16.39344262295082,40.0,media_percentiles_50_50,1.0
06153,2020-08-01,0.077663870767319,0.0130441435681072,1.3114754098360655,1.639344262295082,1.4754098360655736,media_percentiles_50_50,1.0
07011,2020-08-01,12.898859021465867,4.59223769186167,85.57377049180327,71.47540983606558,78.52459016393442,media_percentiles_50_50,1.0
07015,2020-08-01,42.95802275402119,7.062486256848353,96.39344262295081,78.0327868852459,87.21311475409836,media_percentiles_50_50,1.0
07026,2020-08-01,17.32905648568299,79.23184516124212,89.18032786885246,97.37704918032787,93.27868852459017,media_percentiles_50_50,1.0
07027,2020-08-01,9.531161851598918,5.502527958213122,82.95081967213115,74.75409836065573,78.85245901639344,media_percentiles_50_50,1.0
07031,2020-08-01,19.57512184784912,2.257531313779086,89.8360655737705,56.721311475409834,73.27868852459017,media_percentiles_50_50,1.0
07032,2020-08-01,7.502027575020276,1.892406608547488,79.01639344262296,53.114754098360656,66.06557377049181,media_percentiles_50_50,1.0
07033,2020-08-01,23.9854470321378,4.103739225346138,91.14754098360656,70.1639344262295,80.65573770491804,media_percentiles_50_50,1.0
07036,2020-08-01,3.923231894814972,2.7298192480546755,68.85245901639344,62.950819672131146,65.90163934426229,media_percentiles_50_50,1.0
07040,2020-08-01,4.027573020466791,8.152224435683692,69.18032786885246,79.01639344262296,74.09836065573771,media_percentiles_50_50,1.0
07054,2020-08-01,32.0900452258753,8.22312396402824,92.45901639344262,79.34426229508196,85.90163934426229,media_percentiles_50_50,1.0
08015,2020-08-01,1.053027790971743,11.209524536187866,44.59016393442623,81.63934426229508,63.114754098360656,media_percentiles_50_50,1.0
08019,2020-08-01,10.383479691524125,171.64020416584088,83.60655737704919,99.34426229508196,91.47540983606558,media_percentiles_50_50,1.0
08056,2020-08-01,4.906611325229766,25.58329518590576,71.47540983606558,90.1639344262295,80.81967213114754,media_percentiles_50_50,1.0
08073,2020-08-01,0.922878491371642,12.037828645410992,41.63934426229508,82.29508196721312,61.9672131147541,media_percentiles_50_50,1.0
08077,2020-08-01,1.4209968186638389,14.795356052075205,49.18032786885246,84.91803278688525,67.04918032786885,media_percentiles_50_50,1.0
08089,2020-08-01,2.167583993879763,3.317399811094444,57.049180327868854,67.21311475409836,62.131147540983605,media_percentiles_50_50,1.0
08096,2020-08-01,0.3684775469007834,1.541327935660853,15.081967213114755,49.83606557377049,32.459016393442624,media_percentiles_50_50,1.0
08101,2020-08-01,3.4189366772835603,67.70359023022696,66.22950819672131,97.04918032786885,81.63934426229508,media_percentiles_50_50,1.0
08102,2020-08-01,0.4418045260419223,2.194118904350095,20.0,55.73770491803279,37.868852459016395,media_percentiles_50_50,1.0
08113,2020-08-01,0.9457473320978976,1.7732004695372217,42.950819672131146,51.14754098360656,47.049180327868854,media_percentiles_50_50,1.0
08114,2020-08-01,0.2085360767412762,0.4694106381321477,4.918032786885246,28.852459016393443,16.885245901639344,media_percentiles_50_50,1.0
08121,2020-08-01,1.210849831483638,6.996452174324036,46.22950819672131,77.70491803278688,61.967213114754095,media_percentiles_50_50,1.0
08124,2020-08-01,0.0581395348837209,0.2783087277533103,0.6557377049180327,20.0,10.327868852459016,media_percentiles_50_50,1.0
08125,2020-08-01,0.3260603755128658,0.5114244982059891,13.114754098360656,30.16393442622951,21.639344262295083,media_percentiles_50_50,1.0
08163,2020-08-01,11.149228130360203,30.295254765918784,84.91803278688525,91.80327868852459,88.36065573770492,media_percentiles_50_50,1.0
08169,2020-08-01,1.3764624913971095,2.6725124030466714,48.52459016393443,61.967213114754095,55.24590163934426,media_percentiles_50_50,1.0
08172,2020-08-01,2.418422067225124,34.84388407369376,59.67213114754098,93.11475409836065,76.39344262295081,media_percentiles_50_50,1.0
08180,2020-08-01,0.3318104086372802,2.9556110624475953,13.442622950819672,63.9344262295082,38.68852459016394,media_percentiles_50_50,1.0
08184,2020-08-01,0.5216882340217073,1.2703344680302309,26.557377049180328,44.26229508196721,35.40983606557377,media_percentiles_50_50,1.0
08187,2020-08-01,0.4849436541658969,2.790100021813885,23.60655737704918,63.278688524590166,43.442622950819676,media_percentiles_50_50,1.0
08194,2020-08-01,4.219296605869629,40.49225841120501,69.8360655737705,94.09836065573771,81.9672131147541,media_percentiles_50_50,1.0
08196,2020-08-01,0.2901810003989988,1.4183773131063355,10.819672131147541,47.540983606557376,29.18032786885246,media_percentiles_50_50,1.0
08200,2020-08-01,0.272189349112426,1.041613208291088,8.852459016393443,39.01639344262295,23.934426229508198,media_percentiles_50_50,1.0
08205,2020-08-01,1.6455682588166969,3.1678659378102325,51.80327868852459,66.22950819672131,59.016393442622956,media_percentiles_50_50,1.0
08211,2020-08-01,0.2419337101634152,0.918507923330238,6.885245901639344,35.73770491803279,21.311475409836067,media_percentiles_50_50,1.0
08217,2020-08-01,0.7587474830011381,4.630497545549799,38.032786885245905,71.80327868852459,54.91803278688525,media_percentiles_50_50,1.0
08231,2020-08-01,6.364308443958729,4.843424860352493,76.39344262295081,72.78688524590164,74.59016393442623,media_percentiles_50_50,1.0
08245,2020-08-01,0.4898582732080735,8.31664921884134,24.59016393442623,79.67213114754098,52.131147540983605,media_percentiles_50_50,1.0
08252,2020-08-01,0.3599928001439971,1.4609508033463454,14.098360655737705,48.19672131147541,31.147540983606557,media_percentiles_50_50,1.0
08260,2020-08-01,0.2307781068502634,0.3827148486082434,5.901639344262295,26.229508196721312,16.065573770491802,media_percentiles_50_50,1.0
08263,2020-08-01,0.3891325880854677,1.1857728074471092,17.049180327868854,42.950819672131146,30.0,media_percentiles_50_50,1.0
08266,2020-08-01,0.7432374038544638,1.3938432911048573,36.721311475409834,46.22950819672131,41.47540983606557,media_percentiles_50_50,1.0
08270,2020-08-01,46.49274185361893,31.247994760831723,97.37704918032787,92.45901639344262,94.91803278688525,media_percentiles_50_50,1.0
08279,2020-08-01,0.4382297307570195,1.3974837582239623,19.672131147540984,46.557377049180324,33.114754098360656,media_percentiles_50_50,1.0
08298,2020-08-01,0.7558261599832039,1.1660517274761084,37.377049180327866,41.967213114754095,39.67213114754098,media_percentiles_50_50,1.0
08301,2020-08-01,0.4910933523818027,1.620589953431441,24.918032786885245,50.49180327868852,37.704918032786885,media_percentiles_50_50,1.0
08305,2020-08-01,0.4482741445435075,0.9007015621885553,21.311475409836067,35.40983606557377,28.360655737704917,media_percentiles_50_50,1.0
08307,2020-08-01,3.4990329676819276,6.977679146253549,67.21311475409836,77.37704918032787,72.29508196721312,media_percentiles_50_50,1.0
09018,2020-08-01,1.3860849127670474,0.3614244904164234,48.85245901639344,24.918032786885245,36.885245901639344,media_percentiles_50_50,1.0
09059,2020-08-01,1.241369928238615,2.045527088634237,46.557377049180324,54.42622950819672,50.49180327868852,media_percentiles_50_50,1.0
09219,2020-08-01,0.0559284116331096,0.0197633585296172,0.32786885245901637,2.9508196721311477,1.639344262295082,media_percentiles_50_50,1.0
10037,2020-08-01,2.462209755337385,0.1354108569133079,60.0,12.131147540983607,36.0655737704918,media_percentiles_50_50,1.0
10148,2020-08-01,1.354741595584546,0.2477816175861904,47.868852459016395,18.360655737704917,33.114754098360656,media_percentiles_50_50,1.0
11004,2020-08-01,0.7312436016184858,1.023146941047491,36.0655737704918,37.377049180327866,36.721311475409834,media_percentiles_50_50,1.0
11006,2020-08-01,5.4513595950418585,0.3191673676564303,73.77049180327869,22.62295081967213,48.19672131147541,media_percentiles_50_50,1.0
11012,2020-08-01,13.14113947626019,86.74232621383636,86.55737704918033,97.70491803278688,92.1311475409836,media_percentiles_50_50,1.0
11015,2020-08-01,15.337639459776865,6.307610902674381,88.19672131147541,76.06557377049181,82.13114754098362,media_percentiles_50_50,1.0
11020,2020-08-01,3.1768377091105324,0.5695673021710751,64.26229508196721,31.80327868852459,48.0327868852459,media_percentiles_50_50,1.0
11022,2020-08-01,0.7229294358007229,1.7250128761569512,35.40983606557377,50.81967213114754,43.114754098360656,media_percentiles_50_50,1.0
11027,2020-08-01,9.19923790627149,5.034770925773938,82.29508196721312,73.44262295081967,77.8688524590164,media_percentiles_50_50,1.0
11028,2020-08-01,1.5347721822541966,0.3271227871865237,50.16393442622951,23.278688524590162,36.721311475409834,media_percentiles_50_50,1.0
11030,2020-08-01,13.04555699747285,4.351054113675063,86.22950819672131,70.81967213114754,78.52459016393442,media_percentiles_50_50,1.0
11031,2020-08-01,0.7578867590867464,2.3298531973124925,37.704918032786885,58.36065573770492,48.0327868852459,media_percentiles_50_50,1.0
11032,2020-08-01,6.430171230402427,2.565406458300046,76.72131147540983,60.0,68.36065573770492,media_percentiles_50_50,1.0
11033,2020-08-01,13.62009439042159,3.07715692685018,87.21311475409836,65.24590163934427,76.22950819672131,media_percentiles_50_50,1.0
12009,2020-08-01,0.5235210530252038,0.4220260415724707,26.885245901639344,28.524590163934427,27.704918032786885,media_percentiles_50_50,1.0
12027,2020-08-01,6.432043270109272,3.6794852238761577,77.04918032786885,68.85245901639344,72.95081967213115,media_percentiles_50_50,1.0
12032,2020-08-01,2.025562022138537,1.515499563380892,55.08196721311475,49.18032786885246,52.131147540983605,media_percentiles_50_50,1.0
12040,2020-08-01,2.065831152733783,3.233764127845343,55.73770491803279,66.88524590163935,61.31147540983607,media_percentiles_50_50,1.0
12084,2020-08-01,0.200160128102482,0.0461960068130702,4.262295081967213,6.885245901639344,5.573770491803279,media_percentiles_50_50,1.0
12126,2020-08-01,0.4419052428900603,0.2087097365947374,20.327868852459016,16.721311475409838,18.524590163934427,media_percentiles_50_50,1.0
12135,2020-08-01,0.3704209151346188,0.3448384449971194,15.737704918032787,23.934426229508198,19.83606557377049,media_percentiles_50_50,1.0
12138,2020-08-01,13.04061318627961,3.9354491871283304,85.90163934426229,69.8360655737705,77.8688524590164,media_percentiles_50_50,1.0
13005,2020-08-01,0.3900409543002015,0.0180044176398895,17.37704918032787,1.9672131147540983,9.672131147540984,media_percentiles_50_50,1.0
13034,2020-08-01,0.8211485484212757,0.2174313270952068,39.67213114754098,17.37704918032787,28.524590163934427,media_percentiles_50_50,1.0
13071,2020-08-01,0.1501920312399425,0.0310926092607214,3.278688524590164,5.245901639344262,4.262295081967213,media_percentiles_50_50,1.0
13082,2020-08-01,0.387082503870825,0.0578144162162384,16.721311475409838,8.524590163934427,12.622950819672132,media_percentiles_50_50,1.0
13087,2020-08-01,0.4627793203755123,0.0286146547826651,22.62295081967213,4.262295081967213,13.442622950819672,media_percentiles_50_50,1.0
14021,2020-08-01,4.183548593879873,1.0871890002451134,69.50819672131148,40.0,54.75409836065574,media_percentiles_50_50,1.0
14038,2020-08-01,0.4680223714693562,0.0568573808774746,22.950819672131146,8.19672131147541,15.573770491803277,media_percentiles_50_50,1.0
14056,2020-08-01,0.300571085061617,0.0526756340686163,12.131147540983607,7.213114754098361,9.672131147540984,media_percentiles_50_50,1.0
15002,2020-08-01,2.554198853725393,1.0237323778629428,60.65573770491803,37.704918032786885,49.18032786885246,media_percentiles_50_50,1.0
15005,2020-08-01,1.0690940191826013,0.3630581115170364,44.91803278688525,25.24590163934426,35.08196721311475,media_percentiles_50_50,1.0
15019,2020-08-01,2.099971364026854,0.351897502101997,56.0655737704918,24.262295081967213,40.16393442622951,media_percentiles_50_50,1.0
15030,2020-08-01,2.2455210739729567,14.363327582870651,58.36065573770492,84.59016393442623,71.47540983606558,media_percentiles_50_50,1.0
15031,2020-08-01,0.945087176144696,0.4726918037445903,42.622950819672134,29.18032786885246,35.90163934426229,media_percentiles_50_50,1.0
15036,2020-08-01,2.043929225137279,1.607920091272338,55.40983606557377,50.16393442622951,52.786885245901644,media_percentiles_50_50,1.0
15054,2020-08-01,0.5376894715280622,0.312939776846266,28.524590163934427,21.9672131147541,25.24590163934426,media_percentiles_50_50,1.0
15058,2020-08-01,4.297366836371599,3.5657168555303773,70.1639344262295,68.52459016393442,69.34426229508196,media_percentiles_50_50,1.0
15073,2020-08-01,6.853396901072705,2.7066741460860166,78.36065573770492,62.622950819672134,70.49180327868852,media_percentiles_50_50,1.0
15078,2020-08-01,7.756929114545008,3.4499317981697413,79.67213114754098,67.8688524590164,73.77049180327869,media_percentiles_50_50,1.0
16078,2020-08-01,4.6685340802987865,0.2854353810650257,71.14754098360656,20.983606557377048,46.0655737704918,media_percentiles_50_50,1.0
17023,2020-08-01,15.508342937315229,34.82340477607715,88.52459016393442,92.78688524590164,90.65573770491804,media_percentiles_50_50,1.0
17066,2020-08-01,2.667513496348047,6.634748266319116,62.295081967213115,76.39344262295081,69.34426229508196,media_percentiles_50_50,1.0
17079,2020-08-01,4.575839952016562,12.16792896960695,70.81967213114754,82.62295081967213,76.72131147540983,media_percentiles_50_50,1.0
17095,2020-08-01,51.54902913863235,41.64807852332936,97.70491803278688,94.75409836065573,96.2295081967213,media_percentiles_50_50,1.0
17114,2020-08-01,2.3938094973000057,2.9601143369821403,59.34426229508197,64.26229508196721,61.803278688524586,media_percentiles_50_50,1.0
17155,2020-08-01,0.4045055697305371,1.9654116825327603,18.688524590163933,53.77049180327869,36.22950819672131,media_percentiles_50_50,1.0
18017,2020-08-01,40.96116018050681,12.73926477230856,95.08196721311475,83.27868852459017,89.18032786885246,media_percentiles_50_50,1.0
18087,2020-08-01,10.541498322262548,27.96699301718276,83.93442622950819,91.47540983606558,87.70491803278688,media_percentiles_50_50,1.0
18140,2020-08-01,2.565856996236743,1.4539205912758248,61.31147540983606,47.868852459016395,54.59016393442623,media_percentiles_50_50,1.0
19046,2020-08-01,0.2259440223684582,0.405105811363502,5.573770491803279,27.21311475409836,16.39344262295082,media_percentiles_50_50,1.0
19130,2020-08-01,0.4000731562342828,0.1486285216753604,17.704918032786885,13.442622950819672,15.573770491803279,media_percentiles_50_50,1.0
20030,2020-08-01,0.2160682775757139,0.2421847933663272,5.245901639344262,18.0327868852459,11.639344262295081,media_percentiles_50_50,1.0
20045,2020-08-01,0.6994118582101415,1.053280562745926,34.42622950819672,39.34426229508197,36.885245901639344,media_percentiles_50_50,1.0
20067,2020-08-01,0.4552352048558422,0.5580202621993772,21.639344262295083,31.147540983606557,26.393442622950822,media_percentiles_50_50,1.0
20069,2020-08-01,7.485125371865704,23.05706304771332,78.68852459016394,89.18032786885246,83.9344262295082,media_percentiles_50_50,1.0
21041,2020-08-01,0.6465652092298921,0.6070764112038799,32.131147540983605,32.78688524590164,32.459016393442624,media_percentiles_50_50,1.0
21044,2020-08-01,6.527977044476327,1.4070036776261443,77.37704918032787,47.21311475409836,62.29508196721312,media_percentiles_50_50,1.0
22125,2020-08-01,0.7784120394395433,0.2608007291024063,38.68852459016394,19.016393442622952,28.852459016393446,media_percentiles_50_50,1.0
23005,2020-08-01,0.4916018025399426,0.0186799580706156,25.24590163934426,2.622950819672131,13.934426229508196,media_percentiles_50_50,1.0
23050,2020-08-01,0.6740158038968755,0.1791489217996957,33.114754098360656,14.754098360655737,23.934426229508198,media_percentiles_50_50,1.0
23055,2020-08-01,0.2441023137412167,0.0711731517556395,7.540983606557377,8.852459016393443,8.196721311475411,media_percentiles_50_50,1.0
23092,2020-08-01,1.9517026420810393,0.1664152560296279,54.75409836065574,13.770491803278688,34.26229508196721,media_percentiles_50_50,1.0
24089,2020-08-01,3.2653916857483796,10.375239116123678,65.57377049180327,80.98360655737704,73.27868852459017,media_percentiles_50_50,1.0
24115,2020-08-01,1.6431815715636575,0.3743355612438443,51.47540983606557,25.57377049180328,38.52459016393443,media_percentiles_50_50,1.0
24142,2020-08-01,0.654685914432551,0.308432256024669,32.459016393442624,21.639344262295083,27.049180327868854,media_percentiles_50_50,1.0
25120,2020-08-01,0.5840331047057399,0.3864454678255398,30.491803278688526,26.557377049180328,28.524590163934427,media_percentiles_50_50,1.0
26089,2020-08-01,3.029806210446929,5.85003383069253,63.9344262295082,75.40983606557377,69.67213114754098,media_percentiles_50_50,1.0
27028,2020-08-01,1.7052548239425898,0.5094219905482646,52.459016393442624,29.83606557377049,41.14754098360656,media_percentiles_50_50,1.0
28005,2020-08-01,0.9870319190937528,2.2109758452993264,43.60655737704918,56.39344262295082,50.0,media_percentiles_50_50,1.0
28006,2020-08-01,0.700912875685079,1.8341231993869704,35.08196721311475,52.131147540983605,43.60655737704918,media_percentiles_50_50,1.0
28007,2020-08-01,0.2726471134211992,1.3989824868970686,9.180327868852459,46.885245901639344,28.0327868852459,media_percentiles_50_50,1.0
28013,2020-08-01,0.8784724524298879,0.2802835869450383,40.98360655737705,20.327868852459016,30.65573770491803,media_percentiles_50_50,1.0
28014,2020-08-01,0.2470094216450827,0.1742961268673036,7.868852459016393,14.098360655737705,10.98360655737705,media_percentiles_50_50,1.0
28022,2020-08-01,0.4582789861458737,0.5474310740420667,22.295081967213115,30.491803278688526,26.393442622950822,media_percentiles_50_50,1.0
28045,2020-08-01,0.3658207863221533,0.1038412026211965,14.754098360655737,10.819672131147541,12.78688524590164,media_percentiles_50_50,1.0
28047,2020-08-01,0.3727981608624064,0.9515996835186142,16.065573770491802,36.39344262295082,26.229508196721312,media_percentiles_50_50,1.0
28049,2020-08-01,0.7371822437370226,4.9873365311703575,36.39344262295082,73.11475409836065,54.75409836065573,media_percentiles_50_50,1.0
28058,2020-08-01,0.118243416926288,0.5855259117446512,2.622950819672131,32.459016393442624,17.54098360655738,media_percentiles_50_50,1.0
28061,2020-08-01,0.8986288662782271,0.4752941418354321,41.31147540983606,29.508196721311474,35.40983606557377,media_percentiles_50_50,1.0
28065,2020-08-01,0.5400151204233719,1.2716110187118357,28.852459016393443,44.59016393442623,36.721311475409834,media_percentiles_50_50,1.0
28074,2020-08-01,0.3453436168988143,1.5255433776243108,13.770491803278688,49.50819672131148,31.639344262295083,media_percentiles_50_50,1.0
28079,2020-08-01,5.066077313605599,27.949588102816016,72.45901639344262,91.14754098360656,81.80327868852459,media_percentiles_50_50,1.0
28080,2020-08-01,0.5266440302127364,0.9871964372870324,27.540983606557376,37.049180327868854,32.295081967213115,media_percentiles_50_50,1.0
28092,2020-08-01,0.2948043117508048,1.381044610868447,11.475409836065573,45.90163934426229,28.688524590163933,media_percentiles_50_50,1.0
28096,2020-08-01,0.3001500750375188,0.0891924206064612,11.80327868852459,9.508196721311476,10.655737704918034,media_percentiles_50_50,1.0
28106,2020-08-01,0.2397326980416835,1.280455638384572,6.557377049180328,44.91803278688525,25.73770491803279,media_percentiles_50_50,1.0
28113,2020-08-01,0.4875761837787154,0.4191920558807374,23.934426229508198,28.19672131147541,26.065573770491802,media_percentiles_50_50,1.0
28115,2020-08-01,0.9292720702116676,1.8796322490895376,41.967213114754095,52.78688524590164,47.377049180327866,media_percentiles_50_50,1.0
28123,2020-08-01,0.7694590702735976,1.0304076556573365,38.36065573770492,38.68852459016394,38.52459016393443,media_percentiles_50_50,1.0
28127,2020-08-01,0.6866917066369794,1.1312340657122582,33.442622950819676,41.31147540983606,37.37704918032787,media_percentiles_50_50,1.0
28130,2020-08-01,0.4043876055198908,0.4116185913259317,18.360655737704917,27.868852459016395,23.114754098360656,media_percentiles_50_50,1.0
28134,2020-08-01,0.7892659826361483,1.2151376284080793,39.34426229508197,43.60655737704918,41.47540983606557,media_percentiles_50_50,1.0
28148,2020-08-01,0.4440998697808856,1.8213026269408352,20.65573770491803,51.80327868852459,36.22950819672131,media_percentiles_50_50,1.0
28161,2020-08-01,0.2847159311505112,0.3427121179378324,9.836065573770492,23.60655737704918,16.721311475409838,media_percentiles_50_50,1.0
28181,2020-08-01,1.7763251385533607,0.7328087877959463,52.78688524590164,34.75409836065574,43.77049180327869,media_percentiles_50_50,1.0
28903,2020-08-01,0.517319869221537,0.6581236234011726,26.229508196721312,33.442622950819676,29.836065573770494,media_percentiles_50_50,1.0
29007,2020-08-01,5.17367014816614,2.5755725893763097,72.78688524590164,60.32786885245902,66.55737704918033,media_percentiles_50_50,1.0
29015,2020-08-01,3.194733530180551,0.1764624586507527,64.91803278688525,14.426229508196721,39.67213114754099,media_percentiles_50_50,1.0
29025,2020-08-01,44.31331713525396,113.86091159097587,96.72131147540983,98.68852459016394,97.70491803278688,media_percentiles_50_50,1.0
29051,2020-08-01,36.46693626473771,18.64251534501193,93.77049180327869,86.88524590163935,90.32786885245902,media_percentiles_50_50,1.0
29054,2020-08-01,22.51409394352765,180.91478123073736,90.81967213114754,100.0,95.40983606557377,media_percentiles_50_50,1.0
29067,2020-08-01,10.197766483421498,14.913537727663256,83.27868852459017,85.24590163934427,84.26229508196721,media_percentiles_50_50,1.0
29069,2020-08-01,42.44308521807455,53.48520309550878,95.73770491803279,96.06557377049181,95.90163934426229,media_percentiles_50_50,1.0
29070,2020-08-01,41.17240652481937,23.640532693411615,95.40983606557377,89.50819672131148,92.45901639344262,media_percentiles_50_50,1.0
29082,2020-08-01,10.580708661417322,18.32419720728415,84.26229508196721,86.55737704918033,85.40983606557377,media_percentiles_50_50,1.0
29084,2020-08-01,13.281944856211087,1.1254934506833103,86.88524590163935,40.98360655737705,63.934426229508205,media_percentiles_50_50,1.0
29094,2020-08-01,9.117950585807078,4.755567401510276,81.9672131147541,72.1311475409836,77.04918032786885,media_percentiles_50_50,1.0
29901,2020-08-01,29.609923951074222,102.85042588489772,91.80327868852459,98.36065573770492,95.08196721311475,media_percentiles_50_50,1.0
30003,2020-08-01,8.84608924472314,1.2546265861109738,81.31147540983606,43.9344262295082,62.62295081967213,media_percentiles_50_50,1.0
30005,2020-08-01,0.2597709292714606,0.6771594466542176,8.19672131147541,34.09836065573771,21.147540983606557,media_percentiles_50_50,1.0
30015,2020-08-01,1.7907194020554345,0.053475872448904,53.77049180327869,7.868852459016393,30.81967213114754,media_percentiles_50_50,1.0
30016,2020-08-01,6.765135950543247,2.6098456167166675,78.0327868852459,60.65573770491803,69.34426229508196,media_percentiles_50_50,1.0
30019,2020-08-01,0.0850267834367825,0.008191037210605,1.639344262295082,0.6557377049180327,1.1475409836065573,media_percentiles_50_50,1.0
30022,2020-08-01,1.0771716549973072,0.0288759562255665,45.24590163934426,4.590163934426229,24.918032786885245,media_percentiles_50_50,1.0
30024,2020-08-01,0.6909909438308119,0.0393965739634321,34.09836065573771,5.901639344262295,20.0,media_percentiles_50_50,1.0
30026,2020-08-01,14.312250677548038,1.47718092705493,87.54098360655738,48.52459016393443,68.0327868852459,media_percentiles_50_50,1.0
30027,2020-08-01,0.5882755318421232,0.253882783763847,30.81967213114754,18.688524590163933,24.75409836065574,media_percentiles_50_50,1.0
30030,2020-08-01,1.828459979582197,0.9490293507329916,54.09836065573771,36.0655737704918,45.08196721311475,media_percentiles_50_50,1.0
30035,2020-08-01,29.702073711853664,13.056421494716869,92.1311475409836,83.93442622950819,88.0327868852459,media_percentiles_50_50,1.0
30037,2020-08-01,15.7141290039491,3.0220426606805555,88.85245901639344,64.59016393442623,76.72131147540983,media_percentiles_50_50,1.0
30039,2020-08-01,0.3689015954994005,0.0417704412203021,15.40983606557377,6.557377049180328,10.98360655737705,media_percentiles_50_50,1.0
30043,2020-08-01,0.5167365217890567,0.0297382477681416,25.901639344262296,4.918032786885246,15.40983606557377,media_percentiles_50_50,1.0
31201,2020-08-01,2.20158474875456,17.895122186536934,57.377049180327866,85.90163934426229,71.63934426229508,media_percentiles_50_50,1.0
31232,2020-08-01,1.7817612439933048,0.3068974959535225,53.114754098360656,21.311475409836067,37.21311475409836,media_percentiles_50_50,1.0
32054,2020-08-01,1.8647709739405356,2.323894025933366,54.42622950819672,58.032786885245905,56.22950819672131,media_percentiles_50_50,1.0
33004,2020-08-01,0.964121813577406,2.806530422199621,43.278688524590166,63.60655737704918,53.44262295081967,media_percentiles_50_50,1.0
33024,2020-08-01,3.2497046559471805,4.800374304024532,65.24590163934427,72.45901639344262,68.85245901639345,media_percentiles_50_50,1.0
33031,2020-08-01,0.4083403516831279,0.1914288733690416,19.016393442622952,15.737704918032787,17.37704918032787,media_percentiles_50_50,1.0
33037,2020-08-01,0.5594480112955218,0.1437816410229932,29.508196721311474,13.114754098360656,21.311475409836063,media_percentiles_50_50,1.0
33044,2020-08-01,2.282752034923378,2.6974786976128797,58.68852459016394,62.295081967213115,60.49180327868852,media_percentiles_50_50,1.0
33066,2020-08-01,1.1066027296200664,0.2701800907535044,45.90163934426229,19.34426229508197,32.62295081967213,media_percentiles_50_50,1.0
34120,2020-08-01,0.2431408681408681,0.1995608957892182,7.213114754098361,16.065573770491802,11.639344262295081,media_percentiles_50_50,1.0
35002,2020-08-01,7.896221094190637,3.19376181937983,80.0,66.55737704918033,73.27868852459017,media_percentiles_50_50,1.0
35004,2020-08-01,6.203109289194833,16.51879669340411,76.06557377049181,85.57377049180327,80.81967213114754,media_percentiles_50_50,1.0
35006,2020-08-01,2.6608232900297386,3.106087450206618,61.967213114754095,65.57377049180327,63.77049180327869,media_percentiles_50_50,1.0
35011,2020-08-01,2.524137060642393,2.0466570413065637,60.32786885245902,54.75409836065574,57.540983606557376,media_percentiles_50_50,1.0
35014,2020-08-01,95.39546155540869,7.311424290531898,99.34426229508196,78.68852459016394,89.01639344262296,media_percentiles_50_50,1.0
35016,2020-08-01,5.902057326027023,21.777858983154356,75.08196721311475,88.85245901639344,81.96721311475409,media_percentiles_50_50,1.0
35017,2020-08-01,8.371603520857253,1.203695566286605,80.65573770491804,43.278688524590166,61.9672131147541,media_percentiles_50_50,1.0
35019,2020-08-01,56.239114556997585,9.033778257441693,98.0327868852459,80.0,89.01639344262296,media_percentiles_50_50,1.0
35022,2020-08-01,4.503900699713144,5.373563506579778,70.49180327868852,74.42622950819673,72.45901639344262,media_percentiles_50_50,1.0
35026,2020-08-01,3.4730667081748403,3.5582295665749126,66.55737704918033,68.19672131147541,67.37704918032787,media_percentiles_50_50,1.0
36008,2020-08-01,9.48009931532616,6.660143358279562,82.62295081967213,76.72131147540983,79.67213114754098,media_percentiles_50_50,1.0
36026,2020-08-01,3.795066413662239,2.52907295403855,68.52459016393442,59.67213114754098,64.09836065573771,media_percentiles_50_50,1.0
36038,2020-08-01,3.783329329810233,2.658942749287334,68.19672131147541,61.63934426229508,64.91803278688525,media_percentiles_50_50,1.0
36045,2020-08-01,2.2913033070004447,1.2876507811232163,59.01639344262295,45.57377049180328,52.295081967213115,media_percentiles_50_50,1.0
36057,2020-08-01,2.554838013832527,6.9175130280819515,60.98360655737705,77.04918032786885,69.01639344262296,media_percentiles_50_50,1.0
36060,2020-08-01,5.324104884866232,4.544109327374611,73.44262295081967,71.14754098360656,72.29508196721312,media_percentiles_50_50,1.0
37274,2020-08-01,5.689625409977559,20.82931834165619,74.09836065573771,88.19672131147541,81.14754098360656,media_percentiles_50_50,1.0
38001,2020-08-01,65.53130736283907,30.324989962342503,98.36065573770492,92.1311475409836,95.24590163934425,media_percentiles_50_50,1.0
38006,2020-08-01,37.90908102492238,38.45658644939816,94.42622950819673,93.44262295081967,93.9344262295082,media_percentiles_50_50,1.0
38011,2020-08-01,9.01948349364056,5.173760050662488,81.63934426229508,74.09836065573771,77.8688524590164,media_percentiles_50_50,1.0
38017,2020-08-01,18.796478832002812,5.926016161616507,89.50819672131148,75.73770491803279,82.62295081967213,media_percentiles_50_50,1.0
38023,2020-08-01,3.574327768373492,5.544047973857465,67.54098360655738,75.08196721311475,71.31147540983606,media_percentiles_50_50,1.0
38026,2020-08-01,5.760068267475763,1.1745517976009463,74.75409836065573,42.295081967213115,58.52459016393442,media_percentiles_50_50,1.0
38028,2020-08-01,26.92509510691329,93.02188244800097,91.47540983606558,98.0327868852459,94.75409836065575,media_percentiles_50_50,1.0
38031,2020-08-01,5.908459716285022,3.842877443287936,75.40983606557377,69.18032786885246,72.29508196721312,media_percentiles_50_50,1.0
38038,2020-08-01,3.709475415164871,5.158197777627,67.8688524590164,73.77049180327869,70.81967213114754,media_percentiles_50_50,1.0
39016,2020-08-01,2.242744063324538,1.8386485585998071,58.032786885245905,52.459016393442624,55.24590163934427,media_percentiles_50_50,1.0
39020,2020-08-01,6.538580725131701,2.196708392790553,77.70491803278688,56.0655737704918,66.88524590163934,media_percentiles_50_50,1.0
39075,2020-08-01,5.727469358327325,27.519950029331472,74.42622950819673,90.81967213114754,82.62295081967213,media_percentiles_50_50,1.0
39087,2020-08-01,1.35666802333469,1.97000825834993,48.19672131147541,54.09836065573771,51.14754098360656,media_percentiles_50_50,1.0
40194,2020-08-01,3.496167662370094,1.1125114733898365,66.88524590163935,40.32786885245902,53.606557377049185,media_percentiles_50_50,1.0
41004,2020-08-01,0.5295698568837461,0.1399752384045839,27.868852459016395,12.459016393442623,20.16393442622951,media_percentiles_50_50,1.0
41021,2020-08-01,1.0159651669085632,2.415085599268041,43.9344262295082,59.34426229508197,51.63934426229508,media_percentiles_50_50,1.0
41024,2020-08-01,1.6993826732329889,0.0531546622166077,52.131147540983605,7.540983606557377,29.83606557377049,media_percentiles_50_50,1.0
41034,2020-08-01,0.2911867477675682,0.1436187163293936,11.147540983606557,12.78688524590164,11.967213114754099,media_percentiles_50_50,1.0
41038,2020-08-01,0.4442798963346908,0.3754777986420362,20.983606557377048,25.901639344262296,23.442622950819672,media_percentiles_50_50,1.0
41039,2020-08-01,0.5264081417792595,0.0214724648982705,27.21311475409836,3.6065573770491803,15.40983606557377,media_percentiles_50_50,1.0
41053,2020-08-01,0.2900863006744506,0.0213224696822589,10.491803278688524,3.278688524590164,6.885245901639344,media_percentiles_50_50,1.0
41059,2020-08-01,1.5465578348190312,4.114848926055289,50.81967213114754,70.49180327868852,60.65573770491803,media_percentiles_50_50,1.0
41065,2020-08-01,0.5790178409872254,0.0370060573253497,30.16393442622951,5.573770491803279,17.868852459016395,media_percentiles_50_50,1.0
41069,2020-08-01,0.2853585140603922,0.100486746086081,10.163934426229508,10.491803278688524,10.327868852459016,media_percentiles_50_50,1.0
41081,2020-08-01,0.2816036045261379,0.0794446299815278,9.508196721311476,9.180327868852459,9.344262295081968,media_percentiles_50_50,1.0
41091,2020-08-01,8.0127857447624,39.01276686874846,80.32786885245902,93.77049180327869,87.04918032786885,media_percentiles_50_50,1.0
41095,2020-08-01,0.2354695655586515,0.0184525449279324,6.229508196721311,2.2950819672131146,4.262295081967213,media_percentiles_50_50,1.0
42173,2020-08-01,2.6116873006705004,0.4005118507870395,61.63934426229508,26.885245901639344,44.26229508196721,media_percentiles_50_50,1.0
43038,2020-08-01,42.72470777912133,42.12875212693177,96.06557377049181,95.08196721311475,95.57377049180329,media_percentiles_50_50,1.0
43123,2020-08-01,1.318664757742446,2.645827680024038,47.540983606557376,61.31147540983606,54.42622950819672,media_percentiles_50_50,1.0
43148,2020-08-01,4.974504747391865,11.540168805232389,71.80327868852459,81.9672131147541,76.88524590163934,media_percentiles_50_50,1.0
43155,2020-08-01,2.123269236520231,0.3240077864032714,56.39344262295082,22.950819672131146,39.67213114754098,media_percentiles_50_50,1.0
43163,2020-08-01,10.632475959659136,11.055018277360984,84.59016393442623,81.31147540983606,82.95081967213115,media_percentiles_50_50,1.0
43905,2020-08-01,91.53053354834186,172.51471339117558,99.01639344262296,99.67213114754098,99.34426229508196,media_percentiles_50_50,1.0
44216,2020-08-01,3.3388520971302427,0.2747423398572803,65.90163934426229,19.672131147540984,42.78688524590164,media_percentiles_50_50,1.0
45081,2020-08-01,0.6089721902699776,0.3172135647092697,31.80327868852459,22.295081967213115,27.049180327868854,media_percentiles_50_50,1.0
45165,2020-08-01,0.4183450270728996,0.187041484507712,19.34426229508197,15.40983606557377,17.37704918032787,media_percentiles_50_50,1.0
45168,2020-08-01,6.188017853188985,2.287416856357358,75.73770491803279,57.704918032786885,66.72131147540983,media_percentiles_50_50,1.0
46005,2020-08-01,0.2692605432331459,2.072815886601661,8.524590163934427,55.08196721311475,31.80327868852459,media_percentiles_50_50,1.0
46017,2020-08-01,0.6898393341937781,0.2803322537061553,33.77049180327869,20.65573770491803,27.21311475409836,media_percentiles_50_50,1.0
46021,2020-08-01,0.0621040864488883,0.1239902010501303,0.9836065573770492,11.147540983606557,6.065573770491803,media_percentiles_50_50,1.0
46029,2020-08-01,0.1458257382427998,0.0968640124484312,2.9508196721311477,10.163934426229508,6.557377049180328,media_percentiles_50_50,1.0
46078,2020-08-01,1.786084075377925,19.96049264087739,53.442622950819676,87.54098360655738,70.49180327868852,media_percentiles_50_50,1.0
46094,2020-08-01,0.4893736017897092,1.0715748545569497,24.262295081967213,39.67213114754098,31.967213114754095,media_percentiles_50_50,1.0
46102,2020-08-01,0.3192083632591174,0.4057853896264312,12.78688524590164,27.540983606557376,20.16393442622951,media_percentiles_50_50,1.0
46110,2020-08-01,0.6623174487531874,3.890868181848111,32.78688524590164,69.50819672131148,51.14754098360656,media_percentiles_50_50,1.0
46131,2020-08-01,14.538642180532468,18.05523132875721,87.8688524590164,86.22950819672131,87.04918032786885,media_percentiles_50_50,1.0
46145,2020-08-01,2.126725854910036,0.823244229514986,56.721311475409834,35.08196721311475,45.90163934426229,media_percentiles_50_50,1.0
46159,2020-08-01,0.6081946222791293,0.9806975588357376,31.475409836065573,36.721311475409834,34.09836065573771,media_percentiles_50_50,1.0
46169,2020-08-01,1.263537906137184,27.513800912914267,47.21311475409836,90.49180327868852,68.85245901639344,media_percentiles_50_50,1.0
46181,2020-08-01,32.15191880748493,13.48032400435592,92.78688524590164,84.26229508196721,88.52459016393442,media_percentiles_50_50,1.0
46184,2020-08-01,0.7550124437236095,0.2152589300982401,37.049180327868854,17.049180327868854,27.049180327868854,media_percentiles_50_50,1.0
46190,2020-08-01,1.098050256915605,2.177600402793181,45.57377049180328,55.40983606557377,50.49180327868852,media_percentiles_50_50,1.0
46220,2020-08-01,5.210426808390276,2.613353962899301,73.11475409836065,60.98360655737705,67.04918032786885,media_percentiles_50_50,1.0
46235,2020-08-01,5.006167017340202,1.4933841871296254,72.1311475409836,48.85245901639344,60.49180327868852,media_percentiles_50_50,1.0
46244,2020-08-01,0.8456206379076249,1.0247389692004911,40.32786885245902,38.032786885245905,39.18032786885246,media_percentiles_50_50,1.0
46250,2020-08-01,8.621432989883969,49.62356392031976,80.98360655737704,95.40983606557377,88.19672131147541,media_percentiles_50_50,1.0
47186,2020-08-01,0.8487460945984329,1.2869897545557072,40.65573770491803,45.24590163934426,42.950819672131146,media_percentiles_50_50,1.0
48013,2020-08-01,0.5616538241727923,2.281310868603198,29.83606557377049,57.049180327868854,43.44262295081967,media_percentiles_50_50,1.0
48015,2020-08-01,0.1958528166083188,1.1409751565081878,3.9344262295081966,41.63934426229508,22.78688524590164,media_percentiles_50_50,1.0
48020,2020-08-01,2.869919813583716,24.309037134068607,62.950819672131146,89.8360655737705,76.39344262295083,media_percentiles_50_50,1.0
48027,2020-08-01,0.3652300949598246,1.0255989368912808,14.426229508196721,38.36065573770492,26.39344262295082,media_percentiles_50_50,1.0
48036,2020-08-01,0.1019471913548781,0.124152523595024,1.9672131147540983,11.475409836065573,6.721311475409836,media_percentiles_50_50,1.0
48044,2020-08-01,1.53015301530153,10.022969165817042,49.83606557377049,80.32786885245902,65.08196721311475,media_percentiles_50_50,1.0
48054,2020-08-01,0.4685596476431449,1.7886390520048312,23.278688524590162,51.47540983606557,37.377049180327866,media_percentiles_50_50,1.0
48078,2020-08-01,0.6995147116687798,10.206691252696451,34.75409836065574,80.65573770491804,57.70491803278689,media_percentiles_50_50,1.0
48082,2020-08-01,0.455837982157199,2.3688450324486627,21.9672131147541,59.01639344262295,40.49180327868852,media_percentiles_50_50,1.0
48084,2020-08-01,0.4006994025936179,3.0738748006159065,18.0327868852459,64.91803278688525,41.47540983606557,media_percentiles_50_50,1.0
49275,2020-08-01,2.7546402570997572,1.1205711849296178,62.622950819672134,40.65573770491803,51.63934426229508,media_percentiles_50_50,1.0
50297,2020-08-01,1.038310428420375,0.7269013168777737,44.26229508196721,34.42622950819672,39.34426229508196,media_percentiles_50_50,1.0
51001,2020-08-01,0.7838293627229757,3.32231493550756,39.01639344262295,67.54098360655738,53.278688524590166,media_percentiles_50_50,1.0
52001,2020-08-01,0.4938214892737378,3.1547973349176406,25.57377049180328,65.90163934426229,45.73770491803279,media_percentiles_50_50,1.0
01059,2021-02-01,0.5334007657264326,0.4874266249501957,28.524590163934427,29.508196721311474,29.01639344262295,media_percentiles_50_50,1.0
02003,2021-02-01,0.8163407093479695,0.1251120709254171,40.65573770491803,11.475409836065573,26.065573770491802,media_percentiles_50_50,1.0
02009,2021-02-01,0.2050188617352796,0.0093912965005245,5.573770491803279,1.3114754098360655,3.442622950819672,media_percentiles_50_50,1.0
02037,2021-02-01,0.2300588293292141,0.0089825211977262,6.885245901639344,0.9836065573770492,3.9344262295081966,media_percentiles_50_50,1.0
02081,2021-02-01,0.4804227720393946,0.0139147399195088,26.229508196721312,2.2950819672131146,14.262295081967213,media_percentiles_50_50,1.0
03009,2021-02-01,1.6743336490326073,0.7618002985803775,53.442622950819676,35.40983606557377,44.42622950819673,media_percentiles_50_50,1.0
03014,2021-02-01,10.231126817351706,17.03562512967423,85.24590163934427,86.88524590163935,86.06557377049181,media_percentiles_50_50,1.0
03031,2021-02-01,35.35981943921988,63.467831398505126,94.42622950819673,97.37704918032787,95.90163934426229,media_percentiles_50_50,1.0
03047,2021-02-01,111.43221419464513,111.134489609162,100.0,99.01639344262296,99.50819672131148,media_percentiles_50_50,1.0
03050,2021-02-01,36.39747699307207,19.09693267074022,94.75409836065573,88.19672131147541,91.47540983606558,media_percentiles_50_50,1.0
03059,2021-02-01,1.0095231685567183,0.2869438642025995,45.24590163934426,22.295081967213115,33.77049180327869,media_percentiles_50_50,1.0
03063,2021-02-01,71.63643982958116,46.33998473277246,98.68852459016394,95.73770491803279,97.21311475409837,media_percentiles_50_50,1.0
03065,2021-02-01,3.129736769069832,2.245014168738425,67.21311475409836,60.65573770491803,63.93442622950819,media_percentiles_50_50,1.0
03066,2021-02-01,0.5328157408993168,0.6140687249931862,28.19672131147541,33.114754098360656,30.65573770491803,media_percentiles_50_50,1.0
03082,2021-02-01,97.916592216703,39.75980747278634,99.67213114754098,95.08196721311475,97.37704918032787,media_percentiles_50_50,1.0
03093,2021-02-01,0.4685486704931474,0.1584698351612453,24.918032786885245,15.081967213114755,20.0,media_percentiles_50_50,1.0
03099,2021-02-01,30.833544464149988,6.658644389079185,93.11475409836065,78.0327868852459,85.57377049180327,media_percentiles_50_50,1.0
03104,2021-02-01,0.7056955511776295,0.2301470811075804,38.36065573770492,18.360655737704917,28.360655737704917,media_percentiles_50_50,1.0
03121,2021-02-01,34.26262152981141,20.093961261793726,94.09836065573771,88.85245901639344,91.47540983606558,media_percentiles_50_50,1.0
03122,2021-02-01,1.408881042911461,2.046834565282486,50.49180327868852,57.049180327868854,53.77049180327869,media_percentiles_50_50,1.0
03133,2021-02-01,43.10615388329591,49.76295494024047,97.37704918032787,96.06557377049181,96.72131147540983,media_percentiles_50_50,1.0
03139,2021-02-01,20.55702917771883,12.107731240899694,90.49180327868852,84.26229508196721,87.37704918032787,media_percentiles_50_50,1.0
03140,2021-02-01,1.2049963262307126,0.1188220625503228,48.52459016393443,10.819672131147541,29.672131147540984,media_percentiles_50_50,1.0
04013,2021-02-01,2.5603602436825352,1.738104772502583,63.278688524590166,53.114754098360656,58.196721311475414,media_percentiles_50_50,1.0
04066,2021-02-01,20.98035475872592,1.1003640795533436,90.81967213114754,41.63934426229508,66.22950819672131,media_percentiles_50_50,1.0
04079,2021-02-01,6.3408457837427195,10.465926399902544,78.0327868852459,82.29508196721312,80.1639344262295,media_percentiles_50_50,1.0
04902,2021-02-01,1.416582346288911,0.5262351542359733,50.81967213114754,30.491803278688526,40.65573770491803,media_percentiles_50_50,1.0
05019,2021-02-01,2.122556040656439,0.5331497641741606,58.36065573770492,30.81967213114754,44.59016393442623,media_percentiles_50_50,1.0
06011,2021-02-01,0.0296375329717554,0.0060700124112287,0.0,0.6557377049180327,0.32786885245901637,media_percentiles_50_50,1.0
06015,2021-02-01,0.3585419294867538,0.0374827609091746,15.737704918032787,5.245901639344262,10.491803278688524,media_percentiles_50_50,1.0
06044,2021-02-01,0.0804828973843058,0.0053631872985238,1.3114754098360655,0.0,0.6557377049180327,media_percentiles_50_50,1.0
06083,2021-02-01,2.1708400646203554,0.1492250353640673,58.68852459016394,13.770491803278688,36.22950819672131,media_percentiles_50_50,1.0
06153,2021-02-01,0.116112551766846,0.0195662153521608,1.9672131147540983,3.278688524590164,2.6229508196721314,media_percentiles_50_50,1.0
07011,2021-02-01,12.25590009114356,4.351265699035346,86.88524590163935,71.80327868852459,79.34426229508196,media_percentiles_50_50,1.0
07015,2021-02-01,37.20869508453554,6.12727118174058,95.40983606557377,77.04918032786885,86.22950819672131,media_percentiles_50_50,1.0
07026,2021-02-01,13.03240329364374,59.02146479279887,87.54098360655738,96.72131147540983,92.1311475409836,media_percentiles_50_50,1.0
07027,2021-02-01,9.191721520488644,5.31396781011236,84.26229508196721,75.40983606557377,79.8360655737705,media_percentiles_50_50,1.0
07031,2021-02-01,17.973001255755545,2.0986793133507877,89.8360655737705,58.032786885245905,73.9344262295082,media_percentiles_50_50,1.0
07032,2021-02-01,6.694164581783758,1.6878221103261375,79.34426229508196,51.47540983606557,65.40983606557377,media_percentiles_50_50,1.0
07033,2021-02-01,22.56243165435515,3.8847194352293504,91.14754098360656,70.1639344262295,80.65573770491804,media_percentiles_50_50,1.0
07036,2021-02-01,3.597778762676956,2.5453720015644947,68.85245901639344,63.60655737704918,66.22950819672131,media_percentiles_50_50,1.0
07040,2021-02-01,3.498137664951379,7.026623529464146,68.52459016393442,78.68852459016394,73.60655737704917,media_percentiles_50_50,1.0
07054,2021-02-01,28.09830660872171,7.324635359882636,92.78688524590164,79.01639344262296,85.90163934426229,media_percentiles_50_50,1.0
08015,2021-02-01,0.9640996206380096,10.255522448001663,43.9344262295082,81.9672131147541,62.950819672131146,media_percentiles_50_50,1.0
08019,2021-02-01,8.998418800390045,146.2914888283857,83.60655737704919,99.67213114754098,91.63934426229508,media_percentiles_50_50,1.0
08056,2021-02-01,4.209680778270312,21.873330929339367,70.81967213114754,90.49180327868852,80.65573770491804,media_percentiles_50_50,1.0
08073,2021-02-01,0.8286674132138858,10.732521924824258,41.31147540983606,82.95081967213115,62.131147540983605,media_percentiles_50_50,1.0
08077,2021-02-01,1.368193770442739,14.132877422877804,49.83606557377049,85.24590163934427,67.54098360655738,media_percentiles_50_50,1.0
08089,2021-02-01,1.55547505912936,2.3742175118617097,52.131147540983605,60.98360655737705,56.55737704918033,media_percentiles_50_50,1.0
08096,2021-02-01,0.3361344537815126,1.407299419516431,14.426229508196721,48.19672131147541,31.311475409836063,media_percentiles_50_50,1.0
08101,2021-02-01,3.124799268487136,60.793560391311296,66.88524590163935,97.04918032786885,81.9672131147541,media_percentiles_50_50,1.0
08102,2021-02-01,0.3425076452599388,1.706536925605629,15.081967213114755,52.131147540983605,33.60655737704918,media_percentiles_50_50,1.0
08113,2021-02-01,0.9208103130755064,1.725276132522702,42.950819672131146,52.459016393442624,47.704918032786885,media_percentiles_50_50,1.0
08114,2021-02-01,0.3139498377925838,0.7041159571982215,11.80327868852459,34.42622950819672,23.114754098360656,media_percentiles_50_50,1.0
08121,2021-02-01,1.0765179677819083,6.194311160707267,46.557377049180324,77.37704918032787,61.9672131147541,media_percentiles_50_50,1.0
08124,2021-02-01,0.1368497194580751,0.6493870314243908,2.622950819672131,33.442622950819676,18.032786885245905,media_percentiles_50_50,1.0
08125,2021-02-01,0.3533184758384519,0.5540432063898215,15.40983606557377,31.80327868852459,23.606557377049178,media_percentiles_50_50,1.0
08163,2021-02-01,9.75906198612998,26.508347920178934,84.91803278688525,91.80327868852459,88.36065573770492,media_percentiles_50_50,1.0
08169,2021-02-01,1.1292193127021912,2.1973990869494853,47.21311475409836,59.67213114754098,53.44262295081967,media_percentiles_50_50,1.0
08172,2021-02-01,2.2438032465028224,32.31896493791884,59.01639344262295,93.11475409836065,76.0655737704918,media_percentiles_50_50,1.0
08180,2021-02-01,0.3832494442883057,3.4103204566703025,17.37704918032787,68.85245901639344,43.114754098360656,media_percentiles_50_50,1.0
08184,2021-02-01,0.5728908070121834,1.3942695380819603,30.491803278688526,47.868852459016395,39.18032786885246,media_percentiles_50_50,1.0
08187,2021-02-01,0.3700209061811992,2.125790492810579,16.721311475409838,58.68852459016394,37.704918032786885,media_percentiles_50_50,1.0
08194,2021-02-01,3.674597001314272,35.110375964146115,69.8360655737705,94.09836065573771,81.9672131147541,media_percentiles_50_50,1.0
08196,2021-02-01,0.1839926402943882,0.8864858206914599,3.6065573770491803,36.721311475409834,20.163934426229506,media_percentiles_50_50,1.0
08200,2021-02-01,0.2865500567130321,1.0869007390863528,9.836065573770492,40.98360655737705,25.40983606557377,media_percentiles_50_50,1.0
08205,2021-02-01,1.361528315534187,2.6502407845732665,49.50819672131148,64.91803278688525,57.21311475409836,media_percentiles_50_50,1.0
08211,2021-02-01,0.2859468138926159,1.0855093639357356,9.508196721311476,40.65573770491803,25.081967213114755,media_percentiles_50_50,1.0
08217,2021-02-01,0.6445941986522121,3.918113307772907,35.08196721311475,70.49180327868852,52.78688524590164,media_percentiles_50_50,1.0
08231,2021-02-01,5.900079302141158,4.5498839597250695,77.37704918032787,73.11475409836065,75.24590163934425,media_percentiles_50_50,1.0
08245,2021-02-01,0.4778311495611498,8.034728906338243,25.901639344262296,80.0,52.950819672131146,media_percentiles_50_50,1.0
08252,2021-02-01,0.4240368306275745,1.7044426039040697,21.639344262295083,51.80327868852459,36.721311475409834,media_percentiles_50_50,1.0
08260,2021-02-01,0.2304767026466408,0.3827148486082434,7.213114754098361,26.229508196721312,16.721311475409838,media_percentiles_50_50,1.0
08263,2021-02-01,0.3912502223012626,1.1857728074471092,18.688524590163933,43.278688524590166,30.98360655737705,media_percentiles_50_50,1.0
08266,2021-02-01,0.6641382805809463,1.2317684898135948,35.73770491803279,44.91803278688525,40.32786885245902,media_percentiles_50_50,1.0
08270,2021-02-01,41.00340867723467,28.17777693498581,97.04918032786885,92.1311475409836,94.59016393442623,media_percentiles_50_50,1.0
08279,2021-02-01,0.4035675370273215,1.2834034514301698,20.327868852459016,46.557377049180324,33.44262295081967,media_percentiles_50_50,1.0
08298,2021-02-01,0.9298590418225238,1.4251743335819105,43.60655737704918,49.18032786885246,46.393442622950815,media_percentiles_50_50,1.0
08301,2021-02-01,0.3897641926634386,1.276828448158105,18.360655737704917,46.22950819672131,32.295081967213115,media_percentiles_50_50,1.0
08305,2021-02-01,0.4253296304636093,0.8506625865114134,21.9672131147541,36.39344262295082,29.18032786885246,media_percentiles_50_50,1.0
08307,2021-02-01,2.994455809540751,5.94722020060429,65.57377049180327,76.72131147540983,71.14754098360655,media_percentiles_50_50,1.0
09018,2021-02-01,1.1788175553137468,0.3064251114400111,48.19672131147541,23.278688524590162,35.73770491803278,media_percentiles_50_50,1.0
09059,2021-02-01,1.166324812842213,1.8960821871815077,47.868852459016395,55.73770491803279,51.80327868852459,media_percentiles_50_50,1.0
09219,2021-02-01,0.1125872551227201,0.0395267170592344,1.639344262295082,6.229508196721311,3.9344262295081966,media_percentiles_50_50,1.0
10037,2021-02-01,2.3999664633507303,0.1308400263002005,61.31147540983606,12.459016393442623,36.885245901639344,media_percentiles_50_50,1.0
10148,2021-02-01,1.2892461701804945,0.2340159721647354,48.85245901639344,18.688524590163933,33.77049180327869,media_percentiles_50_50,1.0
11004,2021-02-01,0.7887333105657739,1.1027250364622958,40.0,41.967213114754095,40.983606557377044,media_percentiles_50_50,1.0
11006,2021-02-01,4.854054753737622,0.2849708639789556,73.77049180327869,21.9672131147541,47.868852459016395,media_percentiles_50_50,1.0
11012,2021-02-01,11.624242848639753,75.93527304678622,85.90163934426229,97.70491803278688,91.80327868852459,media_percentiles_50_50,1.0
11015,2021-02-01,13.637522304358908,5.6845773602203264,88.85245901639344,75.73770491803279,82.29508196721312,media_percentiles_50_50,1.0
11020,2021-02-01,2.669160389283885,0.4778644425896169,63.60655737704918,28.852459016393443,46.22950819672131,media_percentiles_50_50,1.0
11022,2021-02-01,0.6470448986033299,1.537511476574674,35.40983606557377,50.49180327868852,42.950819672131146,media_percentiles_50_50,1.0
11027,2021-02-01,8.028295531102627,4.411594622461233,80.98360655737704,72.1311475409836,76.55737704918033,media_percentiles_50_50,1.0
11028,2021-02-01,1.292762921644203,0.2760098516886294,49.18032786885246,21.639344262295083,35.40983606557377,media_percentiles_50_50,1.0
11030,2021-02-01,11.86660301438996,3.9637875171699526,86.22950819672131,71.14754098360656,78.68852459016394,media_percentiles_50_50,1.0
11031,2021-02-01,0.5903001043566256,1.812108042354161,32.459016393442624,54.75409836065574,43.606557377049185,media_percentiles_50_50,1.0
11032,2021-02-01,5.495849338915505,2.2022140833047588,75.73770491803279,60.0,67.8688524590164,media_percentiles_50_50,1.0
11033,2021-02-01,13.363167381440736,3.07715692685018,87.8688524590164,66.55737704918033,77.21311475409837,media_percentiles_50_50,1.0
12009,2021-02-01,0.558077237889724,0.4521707588276472,30.16393442622951,28.19672131147541,29.18032786885246,media_percentiles_50_50,1.0
12027,2021-02-01,5.49569744739316,3.1777372388021363,75.40983606557377,67.54098360655738,71.47540983606558,media_percentiles_50_50,1.0
12032,2021-02-01,1.8336532676274249,1.3660841134700998,55.40983606557377,47.540983606557376,51.47540983606557,media_percentiles_50_50,1.0
12040,2021-02-01,1.703468934868387,2.640907371073697,54.09836065573771,64.59016393442623,59.34426229508197,media_percentiles_50_50,1.0
12084,2021-02-01,0.2004891936324632,0.0461960068130702,4.918032786885246,7.213114754098361,6.065573770491803,media_percentiles_50_50,1.0
12126,2021-02-01,0.4437541601952518,0.2087097365947374,23.278688524590162,17.37704918032787,20.327868852459016,media_percentiles_50_50,1.0
12135,2021-02-01,0.4107177782123997,0.3811372286810267,20.983606557377048,25.901639344262296,23.442622950819672,media_percentiles_50_50,1.0
12138,2021-02-01,10.948652207054256,3.307451976416363,85.57377049180327,68.19672131147541,76.88524590163934,media_percentiles_50_50,1.0
13005,2021-02-01,0.360089040199031,0.0165040495032321,16.065573770491802,2.622950819672131,9.344262295081966,media_percentiles_50_50,1.0
13034,2021-02-01,0.7323178525777588,0.1928826288747803,38.68852459016394,16.721311475409838,27.704918032786885,media_percentiles_50_50,1.0
13071,2021-02-01,0.1954991745590407,0.0399762119066418,3.9344262295081966,6.885245901639344,5.409836065573771,media_percentiles_50_50,1.0
13082,2021-02-01,0.5558025789239662,0.0825920231660548,29.83606557377049,9.508196721311476,19.672131147540984,media_percentiles_50_50,1.0
13087,2021-02-01,0.3971143027334701,0.0245268469565701,19.016393442622952,3.6065573770491803,11.311475409836067,media_percentiles_50_50,1.0
14021,2021-02-01,3.669998230203899,0.942124192294519,69.50819672131148,38.68852459016394,54.09836065573771,media_percentiles_50_50,1.0
14038,2021-02-01,0.3277767372167072,0.0398001666142322,13.114754098360656,6.557377049180328,9.836065573770492,media_percentiles_50_50,1.0
14056,2021-02-01,0.4031309839755433,0.0702341787581551,19.672131147540984,8.524590163934427,14.098360655737705,media_percentiles_50_50,1.0
15002,2021-02-01,3.000656393586097,1.1985159545712505,65.90163934426229,44.26229508196721,55.08196721311475,media_percentiles_50_50,1.0
15005,2021-02-01,1.0336231531586308,0.3526850226165496,45.57377049180328,25.24590163934426,35.40983606557377,media_percentiles_50_50,1.0
15019,2021-02-01,2.2919717323486344,0.3838881841112694,60.32786885245902,26.557377049180328,43.442622950819676,media_percentiles_50_50,1.0
15030,2021-02-01,1.9310052634151904,12.244995097627138,56.0655737704918,84.59016393442623,70.32786885245902,media_percentiles_50_50,1.0
15031,2021-02-01,1.0078678717731973,0.5052912384855965,44.91803278688525,30.16393442622951,37.540983606557376,media_percentiles_50_50,1.0
15036,2021-02-01,1.9140233078644748,1.487926054610223,55.73770491803279,49.50819672131148,52.622950819672134,media_percentiles_50_50,1.0
15054,2021-02-01,0.4625703492406137,0.2682340944396565,23.60655737704918,20.983606557377048,22.295081967213115,media_percentiles_50_50,1.0
15058,2021-02-01,3.927197876604734,3.2931779875917497,70.1639344262295,67.8688524590164,69.01639344262296,media_percentiles_50_50,1.0
15073,2021-02-01,6.445843734863445,2.5448621047439177,78.68852459016394,63.278688524590166,70.98360655737704,media_percentiles_50_50,1.0
15078,2021-02-01,6.724028694639171,2.9908499646847035,79.67213114754098,66.22950819672131,72.95081967213115,media_percentiles_50_50,1.0
16078,2021-02-01,4.538045491590724,0.2742418367095345,72.45901639344262,21.311475409836067,46.885245901639344,media_percentiles_50_50,1.0
17023,2021-02-01,13.383324229031135,30.32280318950821,88.19672131147541,92.78688524590164,90.49180327868854,media_percentiles_50_50,1.0
17066,2021-02-01,2.720914907637693,6.7400617308638635,63.9344262295082,78.36065573770492,71.14754098360656,media_percentiles_50_50,1.0
17079,2021-02-01,4.02228936938351,10.547253440885516,70.49180327868852,82.62295081967213,76.55737704918033,media_percentiles_50_50,1.0
17095,2021-02-01,47.67980834331545,37.8449785489906,97.70491803278688,94.42622950819673,96.0655737704918,media_percentiles_50_50,1.0
17114,2021-02-01,2.479407146202375,3.097794073585961,62.295081967213115,66.88524590163935,64.59016393442623,media_percentiles_50_50,1.0
17155,2021-02-01,0.4033509152963078,1.9654116825327603,20.0,56.0655737704918,38.0327868852459,media_percentiles_50_50,1.0
18017,2021-02-01,37.54345307068366,11.659666062790889,95.73770491803279,83.93442622950819,89.8360655737705,media_percentiles_50_50,1.0
18087,2021-02-01,8.982849746521412,23.640795558982745,83.27868852459017,90.81967213114754,87.04918032786885,media_percentiles_50_50,1.0
18140,2021-02-01,2.2888376462550175,1.2988357282064036,60.0,46.885245901639344,53.44262295081967,media_percentiles_50_50,1.0
19046,2021-02-01,0.2554205925757747,0.4557440377839398,8.19672131147541,28.524590163934427,18.360655737704917,media_percentiles_50_50,1.0
19130,2021-02-01,0.4020031241385647,0.1486285216753604,19.34426229508197,13.442622950819672,16.393442622950822,media_percentiles_50_50,1.0
20030,2021-02-01,0.2184439509229257,0.2421847933663272,6.557377049180328,19.34426229508197,12.950819672131148,media_percentiles_50_50,1.0
20045,2021-02-01,0.6832663308598033,1.0293423681380642,37.377049180327866,40.0,38.68852459016394,media_percentiles_50_50,1.0
20067,2021-02-01,0.4079655269129758,0.4960180108438908,20.65573770491803,29.83606557377049,25.24590163934426,media_percentiles_50_50,1.0
20069,2021-02-01,6.475210258264133,19.931513692061625,79.01639344262296,88.52459016393442,83.77049180327869,media_percentiles_50_50,1.0
21041,2021-02-01,0.5823008601215115,0.5417993777410971,31.147540983606557,31.147540983606557,31.147540983606557,media_percentiles_50_50,1.0
21044,2021-02-01,5.443042448662213,1.1905415733759683,75.08196721311475,43.60655737704918,59.34426229508196,media_percentiles_50_50,1.0
22125,2021-02-01,0.6737913867001066,0.2235434820877768,36.39344262295082,18.0327868852459,27.213114754098363,media_percentiles_50_50,1.0
23005,2021-02-01,0.3313818623660665,0.0124533053804104,14.098360655737705,1.639344262295082,7.868852459016393,media_percentiles_50_50,1.0
23050,2021-02-01,0.6075117035342886,0.1602911405576225,34.42622950819672,15.40983606557377,24.918032786885245,media_percentiles_50_50,1.0
23055,2021-02-01,0.2653693056169836,0.0762569483096137,8.524590163934427,9.180327868852459,8.852459016393443,media_percentiles_50_50,1.0
23092,2021-02-01,1.81244153414406,0.1539962070721929,55.08196721311475,14.426229508196721,34.75409836065574,media_percentiles_50_50,1.0
24089,2021-02-01,2.8594603895093034,8.940638151918924,65.24590163934427,80.65573770491804,72.95081967213116,media_percentiles_50_50,1.0
24115,2021-02-01,1.537327246772397,0.3460838207726108,51.80327868852459,24.262295081967213,38.032786885245905,media_percentiles_50_50,1.0
24142,2021-02-01,0.4641909814323607,0.2159025792172683,23.934426229508198,17.704918032786885,20.81967213114754,media_percentiles_50_50,1.0
25120,2021-02-01,0.5853797829811537,0.3864454678255398,31.80327868852459,27.21311475409836,29.508196721311474,media_percentiles_50_50,1.0
26089,2021-02-01,2.559545912683677,4.88769060313272,62.950819672131146,74.42622950819673,68.68852459016394,media_percentiles_50_50,1.0
27028,2021-02-01,1.464968805384529,0.4336151467166776,51.14754098360656,27.868852459016395,39.50819672131148,media_percentiles_50_50,1.0
28005,2021-02-01,0.9082466757151167,2.018224104939898,41.967213114754095,56.721311475409834,49.34426229508196,media_percentiles_50_50,1.0
28006,2021-02-01,0.6947482180994776,1.7899274596427062,38.032786885245905,54.09836065573771,46.06557377049181,media_percentiles_50_50,1.0
28007,2021-02-01,0.2927109128482528,1.4882792413798602,10.491803278688524,49.83606557377049,30.163934426229506,media_percentiles_50_50,1.0
28013,2021-02-01,0.8356592515835742,0.2644184782500361,41.63934426229508,20.65573770491803,31.147540983606557,media_percentiles_50_50,1.0
28014,2021-02-01,0.2660234810059234,0.1867458502149681,8.852459016393443,16.065573770491802,12.459016393442623,media_percentiles_50_50,1.0
28022,2021-02-01,0.3894872315924947,0.484265950114136,18.0327868852459,29.18032786885246,23.606557377049178,media_percentiles_50_50,1.0
28045,2021-02-01,0.4382621951219512,0.1257025084361853,22.950819672131146,11.80327868852459,17.37704918032787,media_percentiles_50_50,1.0
28047,2021-02-01,0.3290246768507638,0.8326497230787874,13.442622950819672,36.0655737704918,24.75409836065574,media_percentiles_50_50,1.0
28049,2021-02-01,0.6767315098495196,4.571725153572827,37.049180327868854,73.44262295081967,55.24590163934426,media_percentiles_50_50,1.0
28058,2021-02-01,0.1248484911539642,0.6109835600813751,2.2950819672131146,32.78688524590164,17.540983606557376,media_percentiles_50_50,1.0
28061,2021-02-01,1.0659138050241992,0.5672865563842255,46.22950819672131,32.131147540983605,39.18032786885246,media_percentiles_50_50,1.0
28065,2021-02-01,0.5461645593817417,1.2716110187118357,29.18032786885246,45.90163934426229,37.540983606557376,media_percentiles_50_50,1.0
28074,2021-02-01,0.3248793685623289,1.4099719096224692,12.78688524590164,48.85245901639344,30.81967213114754,media_percentiles_50_50,1.0
28079,2021-02-01,4.599432203225744,25.151982237901738,72.78688524590164,91.47540983606558,82.13114754098362,media_percentiles_50_50,1.0
28080,2021-02-01,0.4858816669905877,0.9092598764485824,26.557377049180328,37.377049180327866,31.967213114754095,media_percentiles_50_50,1.0
28092,2021-02-01,0.3195970215465634,1.492419176261064,12.131147540983607,50.16393442622951,31.147540983606557,media_percentiles_50_50,1.0
28096,2021-02-01,0.2932073627626649,0.0891924206064612,10.819672131147541,10.163934426229508,10.491803278688526,media_percentiles_50_50,1.0
28106,2021-02-01,0.2050285141507643,1.0803844448869826,5.901639344262295,40.32786885245902,23.114754098360656,media_percentiles_50_50,1.0
28113,2021-02-01,0.4669667706446009,0.4030692845007091,24.59016393442623,27.540983606557376,26.065573770491802,media_percentiles_50_50,1.0
28115,2021-02-01,0.9181261046204696,1.8564269126810249,42.622950819672134,55.40983606557377,49.016393442622956,media_percentiles_50_50,1.0
28123,2021-02-01,0.6887274683884853,0.942086999458136,37.704918032786885,38.36065573770492,38.0327868852459,media_percentiles_50_50,1.0
28127,2021-02-01,0.6008728468722987,0.976974874933314,33.77049180327869,39.01639344262295,36.393442622950815,media_percentiles_50_50,1.0
28130,2021-02-01,0.3815531757942665,0.385892429368061,17.049180327868854,26.885245901639344,21.9672131147541,media_percentiles_50_50,1.0
28134,2021-02-01,0.7805457223895693,1.1982607169024115,39.67213114754098,43.9344262295082,41.803278688524586,media_percentiles_50_50,1.0
28148,2021-02-01,0.4293106175294304,1.759563554841146,22.62295081967213,53.442622950819676,38.032786885245905,media_percentiles_50_50,1.0
28161,2021-02-01,0.244886385605836,0.2959786473099461,7.540983606557377,22.62295081967213,15.081967213114755,media_percentiles_50_50,1.0
28181,2021-02-01,1.712450945415626,0.7034964362841084,54.75409836065574,34.09836065573771,44.42622950819673,media_percentiles_50_50,1.0
28903,2021-02-01,0.4717851941498636,0.6054737335290789,25.57377049180328,32.459016393442624,29.016393442622952,media_percentiles_50_50,1.0
29007,2021-02-01,4.70526416356167,2.3821023479208123,73.44262295081967,61.31147540983606,67.37704918032787,media_percentiles_50_50,1.0
29015,2021-02-01,2.8054561284705426,0.1550730697233887,64.26229508196721,14.754098360655737,39.50819672131147,media_percentiles_50_50,1.0
29025,2021-02-01,39.598883254515414,103.3072239630917,96.39344262295081,98.68852459016394,97.54098360655738,media_percentiles_50_50,1.0
29051,2021-02-01,33.70177267987487,17.6452390458059,93.44262295081967,87.21311475409836,90.327868852459,media_percentiles_50_50,1.0
29054,2021-02-01,20.536417024883452,164.5208948886491,90.1639344262295,100.0,95.08196721311475,media_percentiles_50_50,1.0
29067,2021-02-01,8.541664862618093,12.468819812313136,82.95081967213115,84.91803278688525,83.9344262295082,media_percentiles_50_50,1.0
29069,2021-02-01,39.6801795104016,50.11356964151485,96.72131147540983,96.39344262295081,96.55737704918033,media_percentiles_50_50,1.0
29070,2021-02-01,37.00544129853362,21.583080189377498,95.08196721311475,89.8360655737705,92.45901639344262,media_percentiles_50_50,1.0
29082,2021-02-01,9.399477806788513,16.619620722885625,84.59016393442623,86.55737704918033,85.57377049180329,media_percentiles_50_50,1.0
29084,2021-02-01,12.163930525814894,1.0275152261818614,86.55737704918033,39.67213114754098,63.114754098360656,media_percentiles_50_50,1.0
29094,2021-02-01,8.497354369809683,4.464280982775958,82.62295081967213,72.78688524590164,77.70491803278688,media_percentiles_50_50,1.0
29901,2021-02-01,27.095333254966494,92.60555924401925,92.1311475409836,98.36065573770492,95.24590163934425,media_percentiles_50_50,1.0
30003,2021-02-01,8.232283902547557,1.175219840154583,81.31147540983606,42.950819672131146,62.131147540983605,media_percentiles_50_50,1.0
30005,2021-02-01,0.211471134190183,0.5540395472625417,6.229508196721311,31.475409836065573,18.852459016393443,media_percentiles_50_50,1.0
30015,2021-02-01,1.561828901643825,0.0465007586512209,52.459016393442624,7.540983606557377,30.0,media_percentiles_50_50,1.0
30016,2021-02-01,6.433572897649805,2.484887208255541,78.36065573770492,62.622950819672134,70.49180327868852,media_percentiles_50_50,1.0
30019,2021-02-01,0.0566556188209965,0.0054606914737367,0.6557377049180327,0.32786885245901637,0.4918032786885246,media_percentiles_50_50,1.0
30022,2021-02-01,0.9148433330792102,0.0247508196219141,42.295081967213115,4.262295081967213,23.278688524590166,media_percentiles_50_50,1.0
30024,2021-02-01,0.6754088821463455,0.0387996561761073,36.721311475409834,5.901639344262295,21.311475409836063,media_percentiles_50_50,1.0
30026,2021-02-01,13.580696010670549,1.4080362879161887,88.52459016393442,48.52459016393443,68.52459016393442,media_percentiles_50_50,1.0
30027,2021-02-01,0.5442324961223435,0.2361700314082297,28.852459016393443,19.016393442622952,23.934426229508198,media_percentiles_50_50,1.0
30030,2021-02-01,1.7074002550239058,0.8880203210430135,54.42622950819672,37.049180327868854,45.73770491803279,media_percentiles_50_50,1.0
30035,2021-02-01,25.531282508545104,11.397831365814826,91.47540983606558,83.27868852459017,87.37704918032787,media_percentiles_50_50,1.0
30037,2021-02-01,14.20949623314298,2.7952576093554873,89.18032786885246,65.57377049180327,77.37704918032787,media_percentiles_50_50,1.0
30039,2021-02-01,0.3403886619631142,0.0382895711186102,14.754098360655737,5.573770491803279,10.163934426229508,media_percentiles_50_50,1.0
30043,2021-02-01,0.598580509078471,0.0346946223961652,33.442622950819676,4.918032786885246,19.180327868852462,media_percentiles_50_50,1.0
31201,2021-02-01,1.9844298580369408,16.061768911301524,57.049180327868854,86.22950819672131,71.63934426229508,media_percentiles_50_50,1.0
31232,2021-02-01,2.08063121487246,0.3580470786124429,57.704918032786885,25.57377049180328,41.63934426229508,media_percentiles_50_50,1.0
32054,2021-02-01,1.6731041340013002,2.064372865676847,53.114754098360656,57.377049180327866,55.24590163934426,media_percentiles_50_50,1.0
33004,2021-02-01,0.9235892499414626,2.6568487996823076,43.278688524590166,65.24590163934427,54.26229508196722,media_percentiles_50_50,1.0
33024,2021-02-01,2.8077769844103297,4.1045103052531395,64.59016393442623,71.47540983606558,68.03278688524591,media_percentiles_50_50,1.0
33031,2021-02-01,0.2843626399193444,0.1316073504412161,9.180327868852459,12.78688524590164,10.98360655737705,media_percentiles_50_50,1.0
33037,2021-02-01,0.5131529195700318,0.1300881514017557,27.540983606557376,12.131147540983607,19.83606557377049,media_percentiles_50_50,1.0
33044,2021-02-01,2.2569316761050233,2.638370598661203,59.34426229508197,64.26229508196721,61.803278688524586,media_percentiles_50_50,1.0
33066,2021-02-01,0.8138273135947915,0.1990800668710032,40.32786885245902,17.049180327868854,28.688524590163937,media_percentiles_50_50,1.0
34120,2021-02-01,0.3242962770787391,0.262580126038445,12.459016393442623,20.327868852459016,16.39344262295082,media_percentiles_50_50,1.0
35002,2021-02-01,7.070549758604579,2.8769203690445297,80.32786885245902,65.90163934426229,73.11475409836066,media_percentiles_50_50,1.0
35004,2021-02-01,5.736700931826286,15.241782485185835,76.72131147540983,85.57377049180327,81.14754098360655,media_percentiles_50_50,1.0
35006,2021-02-01,2.8545478136758793,3.3497021521836072,64.91803278688525,68.52459016393442,66.72131147540983,media_percentiles_50_50,1.0
35011,2021-02-01,2.414777181923668,1.9699074022575676,61.63934426229508,56.39344262295082,59.016393442622956,media_percentiles_50_50,1.0
35014,2021-02-01,95.86574474214925,7.491536359274793,99.34426229508196,79.34426229508196,89.34426229508196,media_percentiles_50_50,1.0
35016,2021-02-01,5.548293391430646,20.33568076604769,76.06557377049181,89.18032786885246,82.62295081967213,media_percentiles_50_50,1.0
35017,2021-02-01,8.35207964389987,1.2002564360972148,81.9672131147541,44.59016393442623,63.278688524590166,media_percentiles_50_50,1.0
35019,2021-02-01,59.66155353710474,9.52412319782231,98.0327868852459,80.98360655737704,89.50819672131146,media_percentiles_50_50,1.0
35022,2021-02-01,4.308645834749161,5.069701284481517,71.47540983606558,74.75409836065573,73.11475409836066,media_percentiles_50_50,1.0
35026,2021-02-01,3.3570434664149693,3.438625211395924,67.54098360655738,69.18032786885246,68.36065573770492,media_percentiles_50_50,1.0
36008,2021-02-01,8.349558184813539,5.8936982892711995,81.63934426229508,76.39344262295081,79.01639344262296,media_percentiles_50_50,1.0
36026,2021-02-01,3.629165291982844,2.4191132603847,69.18032786885246,61.967213114754095,65.57377049180327,media_percentiles_50_50,1.0
36038,2021-02-01,3.0921385085545157,2.1693596398947457,66.22950819672131,59.01639344262295,62.62295081967213,media_percentiles_50_50,1.0
36045,2021-02-01,1.9525897506166072,1.0954640973734828,56.721311475409834,41.31147540983606,49.01639344262295,media_percentiles_50_50,1.0
36057,2021-02-01,2.358450433403554,6.324322596913974,60.98360655737705,77.70491803278688,69.34426229508196,media_percentiles_50_50,1.0
36060,2021-02-01,4.63443867359169,3.9533751148159113,73.11475409836065,70.81967213114754,71.96721311475409,media_percentiles_50_50,1.0
37274,2021-02-01,5.018531573473675,18.17509695103253,74.42622950819673,87.54098360655738,80.98360655737704,media_percentiles_50_50,1.0
38001,2021-02-01,64.59688506761333,29.71150588280554,98.36065573770492,92.45901639344262,95.40983606557377,media_percentiles_50_50,1.0
38006,2021-02-01,38.22535518331456,38.677178723486485,96.06557377049181,94.75409836065573,95.40983606557377,media_percentiles_50_50,1.0
38011,2021-02-01,8.396866106875592,4.830190047298182,82.29508196721312,74.09836065573771,78.19672131147541,media_percentiles_50_50,1.0
38017,2021-02-01,17.878495660559306,5.704482847163553,89.50819672131148,76.06557377049181,82.78688524590164,media_percentiles_50_50,1.0
38023,2021-02-01,3.3668755142079614,5.192664651570723,67.8688524590164,75.08196721311475,71.47540983606558,media_percentiles_50_50,1.0
38026,2021-02-01,6.063620644733414,1.2373879019993508,77.70491803278688,45.24590163934426,61.475409836065566,media_percentiles_50_50,1.0
38028,2021-02-01,27.005533649226283,92.34206357505576,91.80327868852459,98.0327868852459,94.91803278688525,media_percentiles_50_50,1.0
38031,2021-02-01,5.811427330002172,3.789750105362296,77.04918032786885,69.8360655737705,73.44262295081967,media_percentiles_50_50,1.0
38038,2021-02-01,3.471373158230367,4.812545349229315,68.19672131147541,73.77049180327869,70.98360655737704,media_percentiles_50_50,1.0
39016,2021-02-01,2.098567072171033,1.7304927610351128,58.032786885245905,52.78688524590164,55.40983606557377,media_percentiles_50_50,1.0
39020,2021-02-01,5.398028809704321,1.8531473645342107,74.75409836065573,55.08196721311475,64.91803278688525,media_percentiles_50_50,1.0
39075,2021-02-01,4.970357854152513,23.72313919950427,74.09836065573771,91.14754098360656,82.62295081967213,media_percentiles_50_50,1.0
39087,2021-02-01,1.1515116029431856,1.660435532037798,47.540983606557376,51.14754098360656,49.34426229508197,media_percentiles_50_50,1.0
40194,2021-02-01,2.4776620234890165,0.7763129512115892,61.967213114754095,35.73770491803279,48.85245901639344,media_percentiles_50_50,1.0
41004,2021-02-01,0.5824266010113044,0.1539727622450423,31.475409836065573,14.098360655737705,22.78688524590164,media_percentiles_50_50,1.0
41021,2021-02-01,0.7639141506002183,1.811314199451031,39.34426229508197,54.42622950819672,46.885245901639344,media_percentiles_50_50,1.0
41024,2021-02-01,1.476496240085156,0.0466459280676353,51.47540983606557,7.868852459016393,29.672131147540984,media_percentiles_50_50,1.0
41034,2021-02-01,0.2924546695262234,0.1436187163293936,10.163934426229508,13.114754098360656,11.639344262295083,media_percentiles_50_50,1.0
41038,2021-02-01,0.4110091743119266,0.3504459453992338,21.311475409836067,24.918032786885245,23.114754098360656,media_percentiles_50_50,1.0
41039,2021-02-01,0.4267282494101109,0.0173824715843142,22.295081967213115,2.9508196721311477,12.62295081967213,media_percentiles_50_50,1.0
41053,2021-02-01,0.1810544611819235,0.0133265435514118,2.9508196721311477,1.9672131147540983,2.459016393442623,media_percentiles_50_50,1.0
41059,2021-02-01,1.6632903294594306,4.457753003226562,52.78688524590164,72.45901639344262,62.62295081967213,media_percentiles_50_50,1.0
41065,2021-02-01,0.4713218765861794,0.0300674215768466,25.24590163934426,4.590163934426229,14.918032786885245,media_percentiles_50_50,1.0
41069,2021-02-01,0.3102538911008842,0.1096219048211793,11.147540983606557,10.491803278688524,10.819672131147541,media_percentiles_50_50,1.0
41081,2021-02-01,0.2550760126517702,0.072222390892298,7.868852459016393,8.852459016393443,8.360655737704917,media_percentiles_50_50,1.0
41091,2021-02-01,6.886532969715039,33.181977885477025,80.0,93.44262295081967,86.72131147540983,media_percentiles_50_50,1.0
41095,2021-02-01,0.3128360543552644,0.0246033932372432,11.475409836065573,3.9344262295081966,7.704918032786885,media_percentiles_50_50,1.0
42173,2021-02-01,2.2672880715455346,0.3465967939503226,59.67213114754098,24.59016393442623,42.131147540983605,media_percentiles_50_50,1.0
43038,2021-02-01,33.96646132785763,33.810878560091474,93.77049180327869,93.77049180327869,93.77049180327869,media_percentiles_50_50,1.0
43123,2021-02-01,1.0557671279363523,2.1166621440192306,45.90163934426229,58.36065573770492,52.131147540983605,media_percentiles_50_50,1.0
43148,2021-02-01,4.238164151333471,9.755606618856245,71.14754098360656,81.63934426229508,76.39344262295083,media_percentiles_50_50,1.0
43155,2021-02-01,1.9957107113070416,0.305753826605904,57.377049180327866,22.950819672131146,40.1639344262295,media_percentiles_50_50,1.0
43163,2021-02-01,9.10236301457921,9.59185409359262,83.93442622950819,81.31147540983606,82.62295081967213,media_percentiles_50_50,1.0
43905,2021-02-01,72.9868125701459,137.49640695788446,99.01639344262296,99.34426229508196,99.18032786885246,media_percentiles_50_50,1.0
44216,2021-02-01,3.1116297160637885,0.2543069592067388,66.55737704918033,20.0,43.278688524590166,media_percentiles_50_50,1.0
45081,2021-02-01,0.5954546958218929,0.3172135647092697,33.114754098360656,23.934426229508198,28.524590163934427,media_percentiles_50_50,1.0
45165,2021-02-01,0.3833391233513423,0.1710093572641938,17.704918032786885,15.737704918032787,16.721311475409834,media_percentiles_50_50,1.0
45168,2021-02-01,5.687603131692589,2.093567970225378,76.39344262295081,57.704918032786885,67.04918032786885,media_percentiles_50_50,1.0
46005,2021-02-01,0.2023677021147424,1.5546119149512456,5.245901639344262,50.81967213114754,28.0327868852459,media_percentiles_50_50,1.0
46017,2021-02-01,0.7578290426836064,0.3074611814841703,39.01639344262295,23.60655737704918,31.311475409836063,media_percentiles_50_50,1.0
46021,2021-02-01,0.0309472967536285,0.0619951005250651,0.32786885245901637,8.19672131147541,4.2622950819672125,media_percentiles_50_50,1.0
46029,2021-02-01,0.183116645303058,0.121080015560539,3.278688524590164,11.147540983606557,7.213114754098361,media_percentiles_50_50,1.0
46078,2021-02-01,1.679065922711304,18.803362632710584,53.77049180327869,87.8688524590164,70.81967213114754,media_percentiles_50_50,1.0
46094,2021-02-01,0.5261496369567505,1.148115915596732,27.868852459016395,42.622950819672134,35.24590163934427,media_percentiles_50_50,1.0
46102,2021-02-01,0.1997203914519672,0.2536158685165195,4.590163934426229,19.672131147540984,12.131147540983607,media_percentiles_50_50,1.0
46110,2021-02-01,0.6289724576271186,3.696324772755706,34.75409836065574,69.50819672131148,52.131147540983605,media_percentiles_50_50,1.0
46131,2021-02-01,12.43912070554166,15.482934306420654,87.21311475409836,85.90163934426229,86.55737704918033,media_percentiles_50_50,1.0
46145,2021-02-01,1.9348925625445537,0.7448400171802254,56.39344262295082,35.08196721311475,45.73770491803279,media_percentiles_50_50,1.0
46159,2021-02-01,0.5753188225141432,0.929081897844383,30.81967213114754,37.704918032786885,34.26229508196721,media_percentiles_50_50,1.0
46169,2021-02-01,0.9927797833935018,21.617986431575495,44.59016393442623,90.1639344262295,67.37704918032787,media_percentiles_50_50,1.0
46181,2021-02-01,27.349814881165653,11.41921404561346,92.45901639344262,83.60655737704919,88.03278688524591,media_percentiles_50_50,1.0
46184,2021-02-01,0.6676681689200468,0.1913412711984356,36.0655737704918,16.39344262295082,26.229508196721312,media_percentiles_50_50,1.0
46190,2021-02-01,1.1210605232549993,2.233436310557108,46.885245901639344,60.32786885245902,53.606557377049185,media_percentiles_50_50,1.0
46220,2021-02-01,4.385245290336053,2.195217328835413,71.80327868852459,59.34426229508197,65.57377049180327,media_percentiles_50_50,1.0
46235,2021-02-01,4.417568888727957,1.3202381944189443,72.1311475409836,47.21311475409836,59.67213114754098,media_percentiles_50_50,1.0
46244,2021-02-01,0.6069622136268967,0.7360801046369727,34.09836065573771,34.75409836065574,34.42622950819673,media_percentiles_50_50,1.0
46250,2021-02-01,7.56321035677384,42.96297250269168,80.65573770491804,95.40983606557377,88.03278688524591,media_percentiles_50_50,1.0
47186,2021-02-01,0.8261271093946772,1.2464546441759998,40.98360655737705,45.57377049180328,43.278688524590166,media_percentiles_50_50,1.0
48013,2021-02-01,0.5946069152784247,2.4013798616875777,32.78688524590164,61.63934426229508,47.213114754098356,media_percentiles_50_50,1.0
48015,2021-02-01,0.1973603059084741,1.1409751565081878,4.262295081967213,42.295081967213115,23.278688524590166,media_percentiles_50_50,1.0
48020,2021-02-01,2.531718653021752,21.212960762764347,62.622950819672134,89.50819672131148,76.06557377049181,media_percentiles_50_50,1.0
48027,2021-02-01,0.3674628361449807,1.0255989368912808,16.39344262295082,39.34426229508197,27.868852459016395,media_percentiles_50_50,1.0
48036,2021-02-01,0.0680179567405795,0.0827683490633493,0.9836065573770492,9.836065573770492,5.409836065573771,media_percentiles_50_50,1.0
48044,2021-02-01,1.3741427812131348,8.928022954425265,50.16393442622951,80.32786885245902,65.24590163934427,media_percentiles_50_50,1.0
48054,2021-02-01,0.4660121784515968,1.7886390520048312,24.262295081967213,53.77049180327869,39.01639344262295,media_percentiles_50_50,1.0
48078,2021-02-01,0.5520591807441758,7.973977541169103,29.508196721311474,79.67213114754098,54.59016393442623,media_percentiles_50_50,1.0
48082,2021-02-01,0.4990777910382988,2.5944493212532973,27.21311475409836,63.9344262295082,45.57377049180328,media_percentiles_50_50,1.0
48084,2021-02-01,0.3291639236339697,2.514988473231196,13.770491803278688,62.950819672131146,38.36065573770492,media_percentiles_50_50,1.0
49275,2021-02-01,2.3218402242234273,0.9338093207746816,60.65573770491803,38.032786885245905,49.34426229508197,media_percentiles_50_50,1.0
50297,2021-02-01,0.975861134516312,0.6765931748904701,44.26229508196721,33.77049180327869,39.01639344262295,media_percentiles_50_50,1.0
51001,2021-02-01,0.586706897996815,2.466567149088946,32.131147540983605,62.295081967213115,47.213114754098356,media_percentiles_50_50,1.0
52001,2021-02-01,0.4984871494649958,3.1547973349176406,26.885245901639344,67.21311475409836,47.049180327868854,media_percentiles_50_50,1.0
01059,2021-08-01,0.5847652839074965,0.5343640036491035,33.114754098360656,32.459016393442624,32.786885245901644,media_percentiles_50_50,1.0
02003,2021-08-01,0.7758131564016165,0.1189008333617439,39.67213114754098,11.80327868852459,25.737704918032787,media_percentiles_50_50,1.0
02009,2021-08-01,0.3690339511235033,0.0169043337009441,16.721311475409838,2.2950819672131146,9.508196721311476,media_percentiles_50_50,1.0
02037,2021-08-01,0.1971932822821835,0.0076993038837653,5.901639344262295,0.6557377049180327,3.278688524590164,media_percentiles_50_50,1.0
02081,2021-08-01,0.2402113860196973,0.0069573699597544,7.540983606557377,0.32786885245901637,3.934426229508197,media_percentiles_50_50,1.0
03009,2021-08-01,1.6743336490326073,0.7618002985803775,52.78688524590164,36.39344262295082,44.59016393442623,media_percentiles_50_50,1.0
03014,2021-08-01,9.78642411593103,16.295160403666944,84.26229508196721,85.90163934426229,85.08196721311475,media_percentiles_50_50,1.0
03031,2021-08-01,37.558957145750746,67.41509423507337,94.75409836065573,97.04918032786885,95.90163934426229,media_percentiles_50_50,1.0
03047,2021-08-01,117.97705057373564,117.66183949467344,100.0,99.01639344262296,99.50819672131148,media_percentiles_50_50,1.0
03050,2021-08-01,36.84555199393375,19.332027485815622,94.42622950819673,87.8688524590164,91.14754098360656,media_percentiles_50_50,1.0
03059,2021-08-01,1.0095231685567183,0.2869438642025995,45.57377049180328,21.9672131147541,33.77049180327869,media_percentiles_50_50,1.0
03063,2021-08-01,75.43128535841501,48.79478405400805,98.68852459016394,96.06557377049181,97.37704918032787,media_percentiles_50_50,1.0
03065,2021-08-01,3.0272624410238893,2.171507565669226,65.57377049180327,58.36065573770492,61.967213114754095,media_percentiles_50_50,1.0
03066,2021-08-01,0.4186409392780347,0.4824825696375034,20.983606557377048,29.18032786885246,25.08196721311475,media_percentiles_50_50,1.0
03082,2021-08-01,99.09587964121071,40.23866646789654,99.34426229508196,94.42622950819673,96.88524590163934,media_percentiles_50_50,1.0
03093,2021-08-01,0.5075943930342431,0.1716756547580158,26.229508196721312,14.754098360655737,20.491803278688526,media_percentiles_50_50,1.0
03099,2021-08-01,29.693438054218394,6.412433216105837,92.78688524590164,77.04918032786885,84.91803278688525,media_percentiles_50_50,1.0
03104,2021-08-01,0.823311476373901,0.2685049279588438,40.98360655737705,20.327868852459016,30.65573770491803,media_percentiles_50_50,1.0
03121,2021-08-01,35.69755183319668,20.935503229167992,94.09836065573771,88.85245901639344,91.47540983606558,media_percentiles_50_50,1.0
03122,2021-08-01,1.6125746876697449,2.342762454238991,51.47540983606557,59.67213114754098,55.57377049180327,media_percentiles_50_50,1.0
03133,2021-08-01,41.95939257864368,48.439101476414415,97.04918032786885,95.73770491803279,96.39344262295083,media_percentiles_50_50,1.0
03139,2021-08-01,22.056279552531425,12.990763533363626,90.49180327868852,84.91803278688525,87.70491803278688,media_percentiles_50_50,1.0
03140,2021-08-01,0.6759735488611315,0.0666562789916445,37.704918032786885,8.524590163934427,23.114754098360656,media_percentiles_50_50,1.0
04013,2021-08-01,2.933953664453333,1.9917192821089913,64.26229508196721,55.40983606557377,59.83606557377049,media_percentiles_50_50,1.0
04066,2021-08-01,22.983024985695213,1.2053988326016172,91.14754098360656,43.278688524590166,67.21311475409837,media_percentiles_50_50,1.0
04079,2021-08-01,7.424664472018232,12.25483075260154,80.0,82.95081967213115,81.47540983606558,media_percentiles_50_50,1.0
04902,2021-08-01,1.4284863996190702,0.5306572983892168,49.83606557377049,32.131147540983605,40.983606557377044,media_percentiles_50_50,1.0
05019,2021-08-01,2.6057395295863603,0.6545171901650265,60.98360655737705,34.09836065573771,47.540983606557376,media_percentiles_50_50,1.0
06011,2021-08-01,0.0592750659435108,0.0121400248224575,0.9836065573770492,1.3114754098360655,1.1475409836065573,media_percentiles_50_50,1.0
06015,2021-08-01,0.2655866144346325,0.02776500808087,9.180327868852459,4.590163934426229,6.885245901639344,media_percentiles_50_50,1.0
06044,2021-08-01,0.0536552649228705,0.0035754581990159,0.32786885245901637,0.0,0.16393442622950818,media_percentiles_50_50,1.0
06083,2021-08-01,2.271809369951535,0.1561657346833262,58.032786885245905,13.770491803278688,35.90163934426229,media_percentiles_50_50,1.0
06153,2021-08-01,0.077408367844564,0.0130441435681072,1.639344262295082,1.639344262295082,1.639344262295082,media_percentiles_50_50,1.0
07011,2021-08-01,12.682529524696026,4.502733808811892,85.90163934426229,72.1311475409836,79.01639344262296,media_percentiles_50_50,1.0
07015,2021-08-01,46.771982505385466,7.702087371433554,97.37704918032787,79.67213114754098,88.52459016393442,media_percentiles_50_50,1.0
07026,2021-08-01,15.046501984479592,68.14296389714052,89.18032786885246,97.37704918032787,93.27868852459017,media_percentiles_50_50,1.0
07027,2021-08-01,9.5475300954753,5.5196697898586455,83.60655737704919,75.08196721311475,79.34426229508196,media_percentiles_50_50,1.0
07031,2021-08-01,18.15613227291754,2.1200632364853664,89.50819672131148,57.049180327868854,73.27868852459017,media_percentiles_50_50,1.0
07032,2021-08-01,7.640814118601663,1.9265040249177128,80.32786885245902,54.09836065573771,67.21311475409837,media_percentiles_50_50,1.0
07033,2021-08-01,22.69633332589435,3.907774149978486,90.81967213114754,70.1639344262295,80.49180327868852,media_percentiles_50_50,1.0
07036,2021-08-01,3.597778762676956,2.5453720015644947,68.19672131147541,62.295081967213115,65.24590163934427,media_percentiles_50_50,1.0
07040,2021-08-01,3.5076758726267747,7.04578269382533,67.21311475409836,77.70491803278688,72.45901639344262,media_percentiles_50_50,1.0
07054,2021-08-01,27.14920825216045,7.077225454393267,91.47540983606558,78.0327868852459,84.75409836065575,media_percentiles_50_50,1.0
08015,2021-08-01,0.8968368564074509,9.540020881862011,42.622950819672134,81.31147540983606,61.9672131147541,media_percentiles_50_50,1.0
08019,2021-08-01,7.899888314030641,128.43216665881496,80.98360655737704,99.34426229508196,90.1639344262295,media_percentiles_50_50,1.0
08056,2021-08-01,4.417933537619374,22.95540383750457,70.81967213114754,90.49180327868852,80.65573770491804,media_percentiles_50_50,1.0
08073,2021-08-01,0.8734602463605823,11.312658245085029,41.967213114754095,82.62295081967213,62.29508196721311,media_percentiles_50_50,1.0
08077,2021-08-01,1.239925604463732,12.807920164483011,48.52459016393443,84.59016393442623,66.55737704918033,media_percentiles_50_50,1.0
08089,2021-08-01,1.66201444674096,2.5368351496604573,52.459016393442624,61.967213114754095,57.213114754098356,media_percentiles_50_50,1.0
08096,2021-08-01,0.3041216486594638,1.2732709033720089,10.819672131147541,44.91803278688525,27.868852459016395,media_percentiles_50_50,1.0
08101,2021-08-01,2.9509893938191696,57.412056427586606,64.59016393442623,96.72131147540983,80.65573770491804,media_percentiles_50_50,1.0
08102,2021-08-01,0.3425076452599388,1.706536925605629,15.737704918032787,52.78688524590164,34.26229508196721,media_percentiles_50_50,1.0
08113,2021-08-01,0.9463883773276038,1.7732004695372217,43.9344262295082,53.442622950819676,48.68852459016394,media_percentiles_50_50,1.0
08114,2021-08-01,0.1744165765514354,0.3911755317767897,4.262295081967213,26.557377049180328,15.40983606557377,media_percentiles_50_50,1.0
08121,2021-08-01,1.084262701363073,6.2388745503526435,47.540983606557376,76.72131147540983,62.131147540983605,media_percentiles_50_50,1.0
08124,2021-08-01,0.1368497194580751,0.6493870314243908,2.622950819672131,33.77049180327869,18.19672131147541,media_percentiles_50_50,1.0
08125,2021-08-01,0.2446050986573898,0.3835683736544918,7.868852459016393,25.901639344262296,16.885245901639344,media_percentiles_50_50,1.0
08163,2021-08-01,10.045041824551369,27.285149324433263,84.91803278688525,92.1311475409836,88.52459016393442,media_percentiles_50_50,1.0
08169,2021-08-01,1.0224012696087408,1.9895370111569664,45.90163934426229,55.08196721311475,50.49180327868852,media_percentiles_50_50,1.0
08172,2021-08-01,1.7880307120569363,25.75417518490408,54.75409836065574,91.47540983606558,73.11475409836066,media_percentiles_50_50,1.0
08180,2021-08-01,0.3065995554306446,2.7282563653362417,11.147540983606557,64.26229508196721,37.704918032786885,media_percentiles_50_50,1.0
08184,2021-08-01,0.5219671797222116,1.2703344680302309,26.885245901639344,44.59016393442623,35.73770491803279,media_percentiles_50_50,1.0
08187,2021-08-01,0.4162735194538491,2.3915143044119014,20.65573770491803,60.0,40.32786885245902,media_percentiles_50_50,1.0
08194,2021-08-01,3.567309497626264,34.08525549803966,67.8688524590164,93.77049180327869,80.81967213114754,media_percentiles_50_50,1.0
08196,2021-08-01,0.1471941122355105,0.7091886565531679,3.278688524590164,35.73770491803279,19.508196721311478,media_percentiles_50_50,1.0
08200,2021-08-01,0.2268521282311504,0.8604630851100293,6.885245901639344,37.377049180327866,22.131147540983605,media_percentiles_50_50,1.0
08205,2021-08-01,1.116878696336638,2.1740256435952574,47.868852459016395,58.68852459016394,53.278688524590166,media_percentiles_50_50,1.0
08211,2021-08-01,0.3079427226535864,1.1690100842384843,11.475409836065573,42.950819672131146,27.21311475409836,media_percentiles_50_50,1.0
08217,2021-08-01,0.4101963082332259,2.493344832219123,19.34426229508197,60.98360655737705,40.16393442622951,media_percentiles_50_50,1.0
08231,2021-08-01,6.122125297383029,4.721116151757733,75.73770491803279,72.78688524590164,74.26229508196721,media_percentiles_50_50,1.0
08245,2021-08-01,0.3940011233223516,6.625127343822762,18.688524590163933,77.37704918032787,48.032786885245905,media_percentiles_50_50,1.0
08252,2021-08-01,0.4240368306275745,1.7044426039040697,21.9672131147541,52.459016393442624,37.21311475409836,media_percentiles_50_50,1.0
08260,2021-08-01,0.1920639188722006,0.3189290405068695,5.245901639344262,24.262295081967213,14.754098360655737,media_percentiles_50_50,1.0
08263,2021-08-01,0.14227280810955,0.4311901117989488,2.9508196721311477,28.19672131147541,15.573770491803279,media_percentiles_50_50,1.0
08266,2021-08-01,0.594228987888215,1.102108648780585,33.77049180327869,41.31147540983606,37.540983606557376,media_percentiles_50_50,1.0
08270,2021-08-01,39.38180494423669,27.06340157597507,95.73770491803279,91.80327868852459,93.77049180327869,media_percentiles_50_50,1.0
08279,2021-08-01,0.4125357045168175,1.311923528128618,20.0,46.557377049180324,33.278688524590166,media_percentiles_50_50,1.0
08298,2021-08-01,0.9087258817811028,1.392784007818685,42.950819672131146,48.52459016393443,45.73770491803279,media_percentiles_50_50,1.0
08301,2021-08-01,0.3298004707152173,1.0803933022876273,14.098360655737705,40.32786885245902,27.213114754098363,media_percentiles_50_50,1.0
08305,2021-08-01,0.550426580599965,1.1008574648971232,29.83606557377049,40.98360655737705,35.40983606557377,media_percentiles_50_50,1.0
08307,2021-08-01,3.0834000415073084,6.123870305572735,65.90163934426229,76.06557377049181,70.98360655737704,media_percentiles_50_50,1.0
09018,2021-08-01,1.057913190666183,0.2749968948820612,46.557377049180324,21.311475409836067,33.9344262295082,media_percentiles_50_50,1.0
09059,2021-08-01,1.2639973341147137,2.054867394975033,48.85245901639344,55.73770491803279,52.295081967213115,media_percentiles_50_50,1.0
09219,2021-08-01,0.05629362756136,0.0197633585296172,0.6557377049180327,3.278688524590164,1.9672131147540983,media_percentiles_50_50,1.0
10037,2021-08-01,2.5886101154918357,0.1411243951796922,60.65573770491803,12.78688524590164,36.721311475409834,media_percentiles_50_50,1.0
10148,2021-08-01,1.339804843520906,0.2431930691123721,49.18032786885246,18.688524590163933,33.9344262295082,media_percentiles_50_50,1.0
11004,2021-08-01,0.8131271242946122,1.136829934497212,40.65573770491803,42.295081967213115,41.47540983606557,media_percentiles_50_50,1.0
11006,2021-08-01,4.951135848812375,0.2906702812585348,72.1311475409836,22.295081967213115,47.213114754098356,media_percentiles_50_50,1.0
11012,2021-08-01,12.902209306396834,84.28357866789374,86.55737704918033,97.70491803278688,92.1311475409836,media_percentiles_50_50,1.0
11015,2021-08-01,14.90047041920608,6.2110165550070855,88.52459016393442,76.39344262295081,82.45901639344262,media_percentiles_50_50,1.0
11020,2021-08-01,2.8430317526703353,0.508992936209011,63.60655737704918,30.491803278688526,47.049180327868854,media_percentiles_50_50,1.0
11022,2021-08-01,0.7890791446382072,1.8750139958227732,40.0,53.77049180327869,46.885245901639344,media_percentiles_50_50,1.0
11027,2021-08-01,8.7469121940265,4.806478616639581,81.9672131147541,73.11475409836065,77.54098360655738,media_percentiles_50_50,1.0
11028,2021-08-01,1.484283354480381,0.3169002000869449,50.49180327868852,23.934426229508198,37.213114754098356,media_percentiles_50_50,1.0
11030,2021-08-01,12.343995089681512,4.123250233377939,85.57377049180327,70.81967213114754,78.19672131147541,media_percentiles_50_50,1.0
11031,2021-08-01,0.8432858633666079,2.588725774791658,41.63934426229508,63.278688524590166,52.459016393442624,media_percentiles_50_50,1.0
11032,2021-08-01,6.704360711870747,2.6864705832984757,77.70491803278688,63.9344262295082,70.81967213114754,media_percentiles_50_50,1.0
11033,2021-08-01,13.301013114550312,3.062844569050877,87.21311475409836,65.90163934426229,76.55737704918033,media_percentiles_50_50,1.0
12009,2021-08-01,0.6324875362750204,0.5124601933380002,35.40983606557377,31.147540983606557,33.278688524590166,media_percentiles_50_50,1.0
12027,2021-08-01,6.580374575168125,3.8049222201446633,77.37704918032787,69.18032786885246,73.27868852459017,media_percentiles_50_50,1.0
12032,2021-08-01,1.976907429160817,1.4728094348349514,56.39344262295082,49.18032786885246,52.786885245901644,media_percentiles_50_50,1.0
12040,2021-08-01,2.016350984129927,3.1259719902504983,56.721311475409834,66.55737704918033,61.63934426229508,media_percentiles_50_50,1.0
12084,2021-08-01,0.2806848710854485,0.0646744095382983,9.508196721311476,8.19672131147541,8.852459016393443,media_percentiles_50_50,1.0
12126,2021-08-01,0.4120574344670195,0.1938018982665419,19.672131147540984,16.721311475409838,18.19672131147541,media_percentiles_50_50,1.0
12135,2021-08-01,0.391159788773714,0.3629878368390731,18.360655737704917,24.59016393442623,21.475409836065573,media_percentiles_50_50,1.0
12138,2021-08-01,12.750329152518884,3.851716225700068,86.22950819672131,69.8360655737705,78.03278688524591,media_percentiles_50_50,1.0
13005,2021-08-01,0.5565012439439571,0.0255062583231769,30.491803278688526,3.9344262295081966,17.21311475409836,media_percentiles_50_50,1.0
13034,2021-08-01,0.7589475926714955,0.199896542652045,39.34426229508197,17.37704918032787,28.360655737704917,media_percentiles_50_50,1.0
13071,2021-08-01,0.2172213050656008,0.044418013229602,6.557377049180328,6.557377049180328,6.557377049180328,media_percentiles_50_50,1.0
13082,2021-08-01,0.5558025789239662,0.0825920231660548,30.16393442622951,9.508196721311476,19.836065573770494,media_percentiles_50_50,1.0
13087,2021-08-01,0.4302071612945926,0.0265707508696176,22.295081967213115,4.262295081967213,13.278688524590164,media_percentiles_50_50,1.0
14021,2021-08-01,3.645158986683061,0.9357477172197676,68.52459016393442,38.68852459016394,53.60655737704918,media_percentiles_50_50,1.0
14038,2021-08-01,0.4214272335643378,0.0511716427897272,21.311475409836067,7.540983606557377,14.426229508196723,media_percentiles_50_50,1.0
14056,2021-08-01,0.436725232640172,0.0760870269880014,23.60655737704918,9.180327868852459,16.393442622950822,media_percentiles_50_50,1.0
15002,2021-08-01,3.125683743318851,1.2484541193450522,66.22950819672131,44.26229508196721,55.24590163934426,media_percentiles_50_50,1.0
15005,2021-08-01,0.7904177053565999,0.2697003114126556,40.32786885245902,20.65573770491803,30.491803278688526,media_percentiles_50_50,1.0
15019,2021-08-01,2.4829693767110204,0.4158788661205419,59.67213114754098,27.540983606557376,43.60655737704918,media_percentiles_50_50,1.0
15030,2021-08-01,2.3750549969853503,15.060827303621563,59.01639344262295,85.24590163934427,72.1311475409836,media_percentiles_50_50,1.0
15031,2021-08-01,0.9753560049418036,0.4889915211150935,45.24590163934426,29.508196721311474,37.377049180327866,media_percentiles_50_50,1.0
15036,2021-08-01,2.238172416454426,1.7399135316006642,57.377049180327866,53.114754098360656,55.24590163934426,media_percentiles_50_50,1.0
15054,2021-08-01,0.4625703492406137,0.2682340944396565,24.262295081967213,20.0,22.131147540983605,media_percentiles_50_50,1.0
15058,2021-08-01,4.198039109474026,3.5202937108739394,70.1639344262295,68.85245901639344,69.50819672131146,media_percentiles_50_50,1.0
15073,2021-08-01,8.047989865494243,3.1774000845357584,81.31147540983606,67.21311475409836,74.26229508196721,media_percentiles_50_50,1.0
15078,2021-08-01,7.1430031269799095,3.177209916891501,79.34426229508196,66.88524590163935,73.11475409836066,media_percentiles_50_50,1.0
16078,2021-08-01,5.2419056086537745,0.3167773052604011,73.44262295081967,23.60655737704918,48.52459016393443,media_percentiles_50_50,1.0
17023,2021-08-01,14.873119133932562,33.698254379434914,88.19672131147541,93.44262295081967,90.81967213114754,media_percentiles_50_50,1.0
17066,2021-08-01,2.9547435325128073,7.319285785859977,64.91803278688525,78.68852459016394,71.80327868852459,media_percentiles_50_50,1.0
17079,2021-08-01,4.189067221284778,10.98457858355638,69.8360655737705,82.29508196721312,76.06557377049181,media_percentiles_50_50,1.0
17095,2021-08-01,53.59095880422895,42.53684645211505,97.70491803278688,95.40983606557377,96.55737704918033,media_percentiles_50_50,1.0
17114,2021-08-01,2.479407146202375,3.097794073585961,59.34426229508197,66.22950819672131,62.786885245901644,media_percentiles_50_50,1.0
17155,2021-08-01,0.3412969283276451,1.6630406544507972,15.40983606557377,51.47540983606557,33.44262295081967,media_percentiles_50_50,1.0
18017,2021-08-01,40.51757435303206,12.58332273648934,96.06557377049181,83.60655737704919,89.8360655737705,media_percentiles_50_50,1.0
18087,2021-08-01,9.254665084672634,24.35615104419692,83.27868852459017,91.14754098360656,87.21311475409837,media_percentiles_50_50,1.0
18140,2021-08-01,2.3229994021692715,1.3182213360900812,58.36065573770492,46.885245901639344,52.62295081967213,media_percentiles_50_50,1.0
19046,2021-08-01,0.2554205925757747,0.4557440377839398,8.852459016393443,28.524590163934427,18.688524590163937,media_percentiles_50_50,1.0
19130,2021-08-01,0.344574106404484,0.1273958757217375,16.065573770491802,12.459016393442623,14.262295081967213,media_percentiles_50_50,1.0
20030,2021-08-01,0.3276659263843885,0.3632771900494908,13.442622950819672,24.918032786885245,19.18032786885246,media_percentiles_50_50,1.0
20045,2021-08-01,0.6991562455309615,1.053280562745926,38.032786885245905,39.34426229508197,38.68852459016394,media_percentiles_50_50,1.0
20067,2021-08-01,0.4334633723450368,0.527019136521634,22.950819672131146,31.80327868852459,27.377049180327866,media_percentiles_50_50,1.0
20069,2021-08-01,7.161008389065507,22.042486817082928,79.67213114754098,90.1639344262295,84.91803278688525,media_percentiles_50_50,1.0
21041,2021-08-01,0.6735046092971699,0.6266595212427147,37.377049180327866,33.442622950819676,35.40983606557377,media_percentiles_50_50,1.0
21044,2021-08-01,6.079242215388965,1.3296957832510814,75.40983606557377,47.21311475409836,61.31147540983606,media_percentiles_50_50,1.0
22125,2021-08-01,0.5989256770667615,0.1987053174113572,34.09836065573771,17.049180327868854,25.57377049180328,media_percentiles_50_50,1.0
23005,2021-08-01,0.4970727935490997,0.0186799580706156,25.57377049180328,2.622950819672131,14.098360655737705,media_percentiles_50_50,1.0
23050,2021-08-01,0.6611156773755494,0.1744344764891774,36.0655737704918,15.40983606557377,25.737704918032787,media_percentiles_50_50,1.0
23055,2021-08-01,0.3715170278637771,0.1067597276334592,17.049180327868854,10.819672131147541,13.934426229508198,media_percentiles_50_50,1.0
23092,2021-08-01,2.1924695977549113,0.1862857343615237,57.049180327868854,15.737704918032787,36.39344262295082,media_percentiles_50_50,1.0
24089,2021-08-01,3.02332631440955,9.452995639134906,65.24590163934427,80.98360655737704,73.11475409836066,media_percentiles_50_50,1.0
24115,2021-08-01,1.8510675012157436,0.4167131719506946,55.40983606557377,27.868852459016395,41.63934426229508,media_percentiles_50_50,1.0
24142,2021-08-01,0.5305039787798409,0.2467458048197352,27.540983606557376,19.016393442622952,23.278688524590166,media_percentiles_50_50,1.0
25120,2021-08-01,0.5568246716162193,0.3675944693950256,30.81967213114754,25.24590163934426,28.0327868852459,media_percentiles_50_50,1.0
26089,2021-08-01,2.619224444326561,5.001652301133224,61.31147540983606,73.77049180327869,67.54098360655738,media_percentiles_50_50,1.0
27028,2021-08-01,1.7108376957987153,0.5063897167950012,53.442622950819676,30.16393442622951,41.80327868852459,media_percentiles_50_50,1.0
28005,2021-08-01,0.9643742792705452,2.1429458192901163,44.59016393442623,57.704918032786885,51.14754098360656,media_percentiles_50_50,1.0
28006,2021-08-01,0.7547881875648647,1.9446125487476311,39.01639344262295,54.42622950819672,46.721311475409834,media_percentiles_50_50,1.0
28007,2021-08-01,0.2927109128482528,1.4882792413798602,10.491803278688524,49.50819672131148,30.0,media_percentiles_50_50,1.0
28013,2021-08-01,0.9192251767419316,0.2908603260750397,43.278688524590166,22.62295081967213,32.950819672131146,media_percentiles_50_50,1.0
28014,2021-08-01,0.2482885822721952,0.1742961268673036,8.19672131147541,15.081967213114755,11.639344262295083,media_percentiles_50_50,1.0
28022,2021-08-01,0.4233556865135812,0.5263760327327565,21.639344262295083,31.475409836065573,26.557377049180328,media_percentiles_50_50,1.0
28045,2021-08-01,0.3239329268292683,0.0929105497137021,12.78688524590164,10.163934426229508,11.475409836065573,media_percentiles_50_50,1.0
28047,2021-08-01,0.5327066196631414,1.34809955165137,27.868852459016395,47.540983606557376,37.704918032786885,media_percentiles_50_50,1.0
28049,2021-08-01,0.6275146727695544,4.239236051494804,35.08196721311475,71.14754098360656,53.114754098360656,media_percentiles_50_50,1.0
28058,2021-08-01,0.1040404092949701,0.5091529667344793,2.2950819672131146,30.81967213114754,16.557377049180328,media_percentiles_50_50,1.0
28061,2021-08-01,1.0659138050241992,0.5672865563842255,47.21311475409836,33.114754098360656,40.16393442622951,media_percentiles_50_50,1.0
28065,2021-08-01,0.5352412681941069,1.2461787983375987,28.852459016393443,43.9344262295082,36.39344262295082,media_percentiles_50_50,1.0
28074,2021-08-01,0.3515088250018641,1.5255433776243108,16.39344262295082,49.83606557377049,33.114754098360656,media_percentiles_50_50,1.0
28079,2021-08-01,4.443021859933781,24.296652709716824,71.47540983606558,90.81967213114754,81.14754098360656,media_percentiles_50_50,1.0
28080,2021-08-01,0.499764000333176,0.9352387300613992,25.901639344262296,38.36065573770492,32.131147540983605,media_percentiles_50_50,1.0
28092,2021-08-01,0.3386774407433731,1.5815188285751574,14.754098360655737,50.81967213114754,32.78688524590164,media_percentiles_50_50,1.0
28096,2021-08-01,0.3257859586251833,0.0991026895627346,13.114754098360656,10.491803278688524,11.803278688524589,media_percentiles_50_50,1.0
28106,2021-08-01,0.2126221628230148,1.1203986835865003,6.229508196721311,41.63934426229508,23.934426229508198,media_percentiles_50_50,1.0
28113,2021-08-01,0.541681453947737,0.4675603700208225,29.18032786885246,28.852459016393443,29.01639344262295,media_percentiles_50_50,1.0
28115,2021-08-01,0.8377900704661785,1.693989557821435,41.31147540983606,52.131147540983605,46.721311475409834,media_percentiles_50_50,1.0
28123,2021-08-01,0.5595910680656443,0.7654456870597355,31.475409836065573,36.721311475409834,34.09836065573771,media_percentiles_50_50,1.0
28127,2021-08-01,0.6641226202272775,1.0798143354526102,36.39344262295082,40.0,38.196721311475414,media_percentiles_50_50,1.0
28130,2021-08-01,0.3815531757942665,0.385892429368061,17.704918032786885,26.229508196721312,21.9672131147541,media_percentiles_50_50,1.0
28134,2021-08-01,0.747564917218179,1.147629982385408,38.68852459016394,42.622950819672134,40.65573770491804,media_percentiles_50_50,1.0
28148,2021-08-01,0.3991835566501721,1.6360854106417673,19.016393442622952,51.14754098360656,35.08196721311476,media_percentiles_50_50,1.0
28161,2021-08-01,0.1933313570572389,0.2336673531394311,5.573770491803279,18.0327868852459,11.803278688524589,media_percentiles_50_50,1.0
28181,2021-08-01,1.6767748840528005,0.6888402605281895,53.114754098360656,35.08196721311475,44.09836065573771,media_percentiles_50_50,1.0
28903,2021-08-01,0.4307603946585711,0.552823843656985,22.62295081967213,32.78688524590164,27.704918032786885,media_percentiles_50_50,1.0
29007,2021-08-01,4.991879239514665,2.5272050290124355,72.45901639344262,61.63934426229508,67.04918032786885,media_percentiles_50_50,1.0
29015,2021-08-01,2.878011028344781,0.1590835801472695,63.9344262295082,14.426229508196721,39.18032786885246,media_percentiles_50_50,1.0
29025,2021-08-01,40.92359409720244,106.76318505250448,96.39344262295081,98.68852459016394,97.54098360655738,media_percentiles_50_50,1.0
29051,2021-08-01,33.29857490441432,17.434136763492216,93.44262295081967,86.88524590163935,90.1639344262295,media_percentiles_50_50,1.0
29054,2021-08-01,21.60198583277835,173.05735641589033,90.1639344262295,100.0,95.08196721311475,media_percentiles_50_50,1.0
29067,2021-08-01,8.752955031563634,12.777253716835077,82.29508196721312,84.26229508196721,83.27868852459017,media_percentiles_50_50,1.0
29069,2021-08-01,39.11245083064113,49.39656404623513,95.40983606557377,96.39344262295081,95.90163934426229,media_percentiles_50_50,1.0
29070,2021-08-01,35.26468689477082,20.567801339347593,93.77049180327869,88.19672131147541,90.98360655737704,media_percentiles_50_50,1.0
29082,2021-08-01,10.0020084354288,17.684981025634702,84.59016393442623,87.21311475409836,85.90163934426229,media_percentiles_50_50,1.0
29084,2021-08-01,13.383297644539615,1.130517975016718,87.8688524590164,41.967213114754095,64.91803278688525,media_percentiles_50_50,1.0
29094,2021-08-01,8.895102872226307,4.673247326650577,82.62295081967213,72.45901639344262,77.54098360655738,media_percentiles_50_50,1.0
29901,2021-08-01,27.991653932055954,95.66897524937995,91.80327868852459,98.0327868852459,94.91803278688525,media_percentiles_50_50,1.0
30003,2021-08-01,9.150072310601846,1.3062409709826277,82.95081967213115,45.90163934426229,64.42622950819671,media_percentiles_50_50,1.0
30005,2021-08-01,0.1879743415023849,0.4924795975667037,4.918032786885246,29.83606557377049,17.37704918032787,media_percentiles_50_50,1.0
30015,2021-08-01,1.561828901643825,0.0465007586512209,51.14754098360656,6.885245901639344,29.016393442622952,media_percentiles_50_50,1.0
30016,2021-08-01,6.2163473759619166,2.400986562574499,76.39344262295081,60.65573770491803,68.52459016393442,media_percentiles_50_50,1.0
30019,2021-08-01,0.0849834282314948,0.008191037210605,1.9672131147540983,0.9836065573770492,1.4754098360655736,media_percentiles_50_50,1.0
30022,2021-08-01,0.5336586109628726,0.0144379781127832,28.524590163934427,1.9672131147540983,15.245901639344263,media_percentiles_50_50,1.0
30024,2021-08-01,0.6338452586296474,0.0364119850268084,35.73770491803279,5.901639344262295,20.81967213114754,media_percentiles_50_50,1.0
30026,2021-08-01,15.005456529647144,1.5557543806216816,88.85245901639344,50.49180327868852,69.67213114754098,media_percentiles_50_50,1.0
30027,2021-08-01,0.5850499333315192,0.253882783763847,33.442622950819676,19.34426229508197,26.393442622950822,media_percentiles_50_50,1.0
30030,2021-08-01,1.7312951695344183,0.9004480863502313,54.09836065573771,37.704918032786885,45.90163934426229,media_percentiles_50_50,1.0
30035,2021-08-01,28.05766087085748,12.525672653468217,92.1311475409836,83.27868852459017,87.70491803278688,media_percentiles_50_50,1.0
30037,2021-08-01,13.056650312340814,2.5684725580304195,86.88524590163935,62.622950819672134,74.75409836065575,media_percentiles_50_50,1.0
30039,2021-08-01,0.3403886619631142,0.0382895711186102,15.081967213114755,6.229508196721311,10.655737704918034,media_percentiles_50_50,1.0
30043,2021-08-01,0.5700766753128296,0.0330424975201573,32.131147540983605,5.245901639344262,18.688524590163933,media_percentiles_50_50,1.0
31201,2021-08-01,1.9548849966269617,15.822635875401254,56.0655737704918,85.57377049180327,70.81967213114754,media_percentiles_50_50,1.0
31232,2021-08-01,1.6212710765239948,0.2789977235941113,51.80327868852459,21.639344262295083,36.721311475409834,media_percentiles_50_50,1.0
32054,2021-08-01,1.845194844927148,2.2767083604321803,55.08196721311475,59.01639344262295,57.049180327868854,media_percentiles_50_50,1.0
33004,2021-08-01,1.1187137393657154,3.2181548841222316,48.19672131147541,67.54098360655738,57.868852459016395,media_percentiles_50_50,1.0
33024,2021-08-01,3.518088777817446,5.1428698659198275,67.54098360655738,74.42622950819673,70.98360655737704,media_percentiles_50_50,1.0
33031,2021-08-01,0.4136183853372282,0.1914288733690416,20.327868852459016,16.39344262295082,18.360655737704917,media_percentiles_50_50,1.0
33037,2021-08-01,0.6211851131637228,0.1574751306442307,34.75409836065574,14.098360655737705,24.426229508196723,media_percentiles_50_50,1.0
33044,2021-08-01,2.491358387879679,2.91241723925534,60.0,65.24590163934427,62.622950819672134,media_percentiles_50_50,1.0
33066,2021-08-01,0.9688420399937994,0.2370000796083372,44.91803278688525,18.360655737704917,31.639344262295083,media_percentiles_50_50,1.0
34120,2021-08-01,0.3761836814113374,0.3045929462045962,17.37704918032787,23.278688524590162,20.327868852459016,media_percentiles_50_50,1.0
35002,2021-08-01,6.759071795670456,2.7501837889104093,78.36065573770492,64.59016393442623,71.47540983606558,media_percentiles_50_50,1.0
35004,2021-08-01,6.2483526365567394,16.601184706837547,76.72131147540983,86.55737704918033,81.63934426229508,media_percentiles_50_50,1.0
35006,2021-08-01,2.802646944336318,3.288798476689359,63.278688524590166,67.8688524590164,65.57377049180329,media_percentiles_50_50,1.0
35011,2021-08-01,2.634302380280365,2.148989893371892,61.967213114754095,58.032786885245905,60.0,media_percentiles_50_50,1.0
35014,2021-08-01,103.93258426966293,8.121928599874925,99.67213114754098,80.0,89.8360655737705,media_percentiles_50_50,1.0
35016,2021-08-01,5.730507691292005,21.003535108197756,74.42622950819673,89.18032786885246,81.80327868852459,media_percentiles_50_50,1.0
35017,2021-08-01,8.4478054850907,1.214012956854776,81.63934426229508,43.60655737704918,62.62295081967213,media_percentiles_50_50,1.0
35019,2021-08-01,58.92661968115177,9.40680140227112,98.0327868852459,80.65573770491804,89.34426229508196,media_percentiles_50_50,1.0
35022,2021-08-01,4.417381376320117,5.1976432727334165,70.49180327868852,74.75409836065573,72.62295081967213,media_percentiles_50_50,1.0
35026,2021-08-01,3.3570434664149693,3.438625211395924,66.88524590163935,68.52459016393442,67.70491803278688,media_percentiles_50_50,1.0
36008,2021-08-01,10.521192152164144,7.426588427287925,85.24590163934427,79.01639344262296,82.13114754098362,media_percentiles_50_50,1.0
36026,2021-08-01,4.536456614978555,3.0238915754808753,71.80327868852459,65.57377049180327,68.68852459016392,media_percentiles_50_50,1.0
36038,2021-08-01,3.6696585412806506,2.5745318683575773,69.18032786885246,62.950819672131146,66.0655737704918,media_percentiles_50_50,1.0
36045,2021-08-01,2.329405316525075,1.3068694494981898,58.68852459016394,46.22950819672131,52.459016393442624,media_percentiles_50_50,1.0
36057,2021-08-01,2.7055816660257217,7.255175273516031,62.950819672131146,78.36065573770492,70.65573770491804,media_percentiles_50_50,1.0
36060,2021-08-01,5.859635104541217,4.9985202601120715,74.75409836065573,73.44262295081967,74.09836065573771,media_percentiles_50_50,1.0
37274,2021-08-01,5.067390712575644,18.35204504374077,72.78688524590164,87.54098360655738,80.1639344262295,media_percentiles_50_50,1.0
38001,2021-08-01,69.31647959288367,31.88229570270556,98.36065573770492,92.78688524590164,95.57377049180329,media_percentiles_50_50,1.0
38006,2021-08-01,41.422913411576616,41.912532076781936,96.72131147540983,95.08196721311475,95.90163934426229,media_percentiles_50_50,1.0
38011,2021-08-01,7.799599480026702,4.486620043933876,80.65573770491804,71.80327868852459,76.22950819672131,media_percentiles_50_50,1.0
38017,2021-08-01,18.64995178399229,5.950630974333501,89.8360655737705,75.73770491803279,82.78688524590164,media_percentiles_50_50,1.0
38023,2021-08-01,3.689639896209101,5.69045769147694,69.50819672131148,75.40983606557377,72.45901639344262,media_percentiles_50_50,1.0
38026,2021-08-01,6.324166844311803,1.2905569134133854,77.04918032786885,45.24590163934426,61.14754098360656,media_percentiles_50_50,1.0
38028,2021-08-01,28.065873620729647,95.96776423076346,92.45901639344262,98.36065573770492,95.40983606557377,media_percentiles_50_50,1.0
38031,2021-08-01,6.0015207473386925,3.913713893855455,75.08196721311475,70.49180327868852,72.78688524590163,media_percentiles_50_50,1.0
38038,2021-08-01,3.658367016201339,5.071784670527578,68.85245901639344,74.09836065573771,71.47540983606558,media_percentiles_50_50,1.0
39016,2021-08-01,2.492048398203102,2.0549601537291964,60.32786885245902,56.0655737704918,58.196721311475414,media_percentiles_50_50,1.0
39020,2021-08-01,6.732373009855952,2.3112287355426675,78.0327868852459,59.34426229508197,68.68852459016394,media_percentiles_50_50,1.0
39075,2021-08-01,6.1316564182068385,29.265928732098725,76.06557377049181,92.45901639344262,84.26229508196721,media_percentiles_50_50,1.0
39087,2021-08-01,1.6589573940706912,2.3921528851392004,52.131147540983605,60.32786885245902,56.22950819672131,media_percentiles_50_50,1.0
40194,2021-08-01,2.2630613757852434,0.7090732467759396,57.704918032786885,35.40983606557377,46.55737704918033,media_percentiles_50_50,1.0
41004,2021-08-01,0.5824266010113044,0.1539727622450423,32.78688524590164,13.442622950819672,23.114754098360656,media_percentiles_50_50,1.0
41021,2021-08-01,0.5820298290287377,1.380048913867452,32.459016393442624,48.19672131147541,40.32786885245902,media_percentiles_50_50,1.0
41024,2021-08-01,1.545170483810047,0.0488155061172928,50.81967213114754,7.213114754098361,29.016393442622952,media_percentiles_50_50,1.0
41034,2021-08-01,0.2274647429648404,0.1117034460339728,7.213114754098361,11.475409836065573,9.344262295081966,media_percentiles_50_50,1.0
41038,2021-08-01,0.4477064220183486,0.3817357619527368,23.934426229508198,25.57377049180328,24.75409836065574,media_percentiles_50_50,1.0
41039,2021-08-01,0.476931572870124,0.0194274682412923,24.59016393442623,2.9508196721311477,13.770491803278688,media_percentiles_50_50,1.0
41053,2021-08-01,0.2896871378910776,0.0213224696822589,10.163934426229508,3.6065573770491803,6.885245901639344,media_percentiles_50_50,1.0
41059,2021-08-01,1.4287237445356649,3.829095528412561,50.16393442622951,69.50819672131148,59.8360655737705,media_percentiles_50_50,1.0
41065,2021-08-01,0.5438329345225147,0.0346931787425154,29.508196721311474,5.573770491803279,17.540983606557376,media_percentiles_50_50,1.0
41069,2021-08-01,0.3102538911008842,0.1096219048211793,11.80327868852459,11.147540983606557,11.475409836065573,media_percentiles_50_50,1.0
41081,2021-08-01,0.2550760126517702,0.072222390892298,8.524590163934427,8.852459016393443,8.688524590163935,media_percentiles_50_50,1.0
41091,2021-08-01,6.772536880657786,32.632700662415225,78.68852459016394,93.11475409836065,85.90163934426229,media_percentiles_50_50,1.0
41095,2021-08-01,0.3910450679440805,0.030754241546554,18.0327868852459,4.918032786885246,11.475409836065573,media_percentiles_50_50,1.0
42173,2021-08-01,2.6703615064869632,0.4082140017637134,62.295081967213115,27.21311475409836,44.75409836065574,media_percentiles_50_50,1.0
43038,2021-08-01,38.10175678758841,37.92723237303292,95.08196721311475,94.09836065573771,94.59016393442623,media_percentiles_50_50,1.0
43123,2021-08-01,1.0274876512952,2.059965836590144,46.22950819672131,56.39344262295082,51.31147540983606,media_percentiles_50_50,1.0
43148,2021-08-01,4.4375203047934075,10.21449403821011,71.14754098360656,81.9672131147541,76.55737704918033,media_percentiles_50_50,1.0
43155,2021-08-01,1.7872036220660077,0.273809396960511,54.42622950819672,20.983606557377048,37.704918032786885,media_percentiles_50_50,1.0
43163,2021-08-01,9.642333701884755,10.160862387280318,83.93442622950819,81.63934426229508,82.78688524590163,media_percentiles_50_50,1.0
43905,2021-08-01,84.35044893378226,158.9038244755945,99.01639344262296,99.67213114754098,99.34426229508196,media_percentiles_50_50,1.0
44216,2021-08-01,3.2505417569594934,0.2656599484570396,66.55737704918033,19.672131147540984,43.114754098360656,media_percentiles_50_50,1.0
45081,2021-08-01,0.5623738793873433,0.2995905888920881,31.80327868852459,22.950819672131146,27.377049180327866,media_percentiles_50_50,1.0
45165,2021-08-01,0.323442385327695,0.1442891451916635,12.459016393442623,13.114754098360656,12.78688524590164,media_percentiles_50_50,1.0
45168,2021-08-01,5.67590024459034,2.089260217200223,74.09836065573771,56.721311475409834,65.40983606557377,media_percentiles_50_50,1.0
46005,2021-08-01,0.1686397517622854,1.295509929126038,3.6065573770491803,45.57377049180328,24.59016393442623,media_percentiles_50_50,1.0
46017,2021-08-01,0.5572272372673577,0.2260743981501252,31.147540983606557,17.704918032786885,24.42622950819672,media_percentiles_50_50,1.0
46021,2021-08-01,0.0309472967536285,0.0619951005250651,0.0,7.868852459016393,3.9344262295081966,media_percentiles_50_50,1.0
46029,2021-08-01,0.183116645303058,0.121080015560539,4.590163934426229,12.131147540983607,8.360655737704917,media_percentiles_50_50,1.0
46078,2021-08-01,1.9373837569745815,21.6961876531276,55.73770491803279,89.50819672131148,72.62295081967213,media_percentiles_50_50,1.0
46094,2021-08-01,0.4910729944929671,1.0715748545569497,25.24590163934426,39.67213114754098,32.459016393442624,media_percentiles_50_50,1.0
46102,2021-08-01,0.3195526263231475,0.4057853896264312,12.131147540983607,26.885245901639344,19.508196721311474,media_percentiles_50_50,1.0
46110,2021-08-01,0.7282838983050848,4.279955000032922,38.36065573770492,71.47540983606558,54.91803278688525,media_percentiles_50_50,1.0
46131,2021-08-01,13.334210872712912,16.597050214184257,87.54098360655738,86.22950819672131,86.88524590163934,media_percentiles_50_50,1.0
46145,2021-08-01,1.7312196612240742,0.6664358048454648,53.77049180327869,34.75409836065574,44.26229508196721,media_percentiles_50_50,1.0
46159,2021-08-01,0.5113945089014607,0.8258505758616738,26.557377049180328,37.049180327868854,31.803278688524593,media_percentiles_50_50,1.0
46169,2021-08-01,0.947653429602888,20.6353506846857,44.26229508196721,88.52459016393442,66.39344262295081,media_percentiles_50_50,1.0
46181,2021-08-01,30.37541303395836,12.682474988068517,93.11475409836065,83.93442622950819,88.52459016393442,media_percentiles_50_50,1.0
46184,2021-08-01,0.6676681689200468,0.1913412711984356,36.721311475409834,16.065573770491802,26.39344262295082,media_percentiles_50_50,1.0
46190,2021-08-01,1.0650074970922492,2.121764495029253,46.885245901639344,57.377049180327866,52.131147540983605,media_percentiles_50_50,1.0
46220,2021-08-01,5.354772310308309,2.680554493373855,73.77049180327869,63.60655737704918,68.68852459016394,media_percentiles_50_50,1.0
46235,2021-08-01,5.141760509830902,1.5366706853072958,73.11475409836065,50.16393442622951,61.63934426229508,media_percentiles_50_50,1.0
46244,2021-08-01,0.6069622136268967,0.7360801046369727,34.42622950819672,36.0655737704918,35.24590163934426,media_percentiles_50_50,1.0
46250,2021-08-01,7.111165137057072,40.395120303886905,79.01639344262296,94.75409836065573,86.88524590163934,media_percentiles_50_50,1.0
47186,2021-08-01,0.896650155318613,1.3528593089227317,42.295081967213115,47.868852459016395,45.08196721311475,media_percentiles_50_50,1.0
48013,2021-08-01,0.4855956474773801,1.961126887044855,24.918032786885245,54.75409836065574,39.83606557377049,media_percentiles_50_50,1.0
48015,2021-08-01,0.1726902676699148,0.9983532619446644,3.9344262295081966,39.01639344262295,21.475409836065573,media_percentiles_50_50,1.0
48020,2021-08-01,2.629869661234682,22.03535604889204,61.63934426229508,89.8360655737705,75.73770491803279,media_percentiles_50_50,1.0
48027,2021-08-01,0.3340571237681644,0.9323626699011645,14.426229508196721,38.032786885245905,26.229508196721312,media_percentiles_50_50,1.0
48036,2021-08-01,0.0680179567405795,0.0827683490633493,1.3114754098360655,9.836065573770492,5.573770491803279,media_percentiles_50_50,1.0
48044,2021-08-01,1.400070003500175,9.096476217716308,49.50819672131148,80.32786885245902,64.91803278688525,media_percentiles_50_50,1.0
48054,2021-08-01,0.4349446998881571,1.6693964485378423,23.278688524590162,51.80327868852459,37.540983606557376,media_percentiles_50_50,1.0
48078,2021-08-01,0.5299768135144087,7.6550184395223395,27.21311475409836,79.34426229508196,53.27868852459016,media_percentiles_50_50,1.0
48082,2021-08-01,0.2820874471086037,1.4664278772301245,9.836065573770492,48.85245901639344,29.344262295081965,media_percentiles_50_50,1.0
48084,2021-08-01,0.3291639236339697,2.514988473231196,13.770491803278688,61.31147540983606,37.540983606557376,media_percentiles_50_50,1.0
49275,2021-08-01,2.686700830887109,1.0805507854678458,62.622950819672134,40.65573770491803,51.63934426229508,media_percentiles_50_50,1.0
50297,2021-08-01,0.946244711617486,0.6560592393854483,43.60655737704918,34.42622950819672,39.01639344262295,media_percentiles_50_50,1.0
51001,2021-08-01,0.6705221691392171,2.818933884673081,37.049180327868854,64.91803278688525,50.98360655737705,media_percentiles_50_50,1.0
52001,2021-08-01,0.5332653226834838,3.3748994745630574,28.19672131147541,68.19672131147541,48.196721311475414,media_percentiles_50_50,1.0
01059,2022-02-01,0.5085307010627897,0.4657632193968537,30.81967213114754,30.491803278688526,30.65573770491803,media_percentiles_50_50,1.0
02003,2022-02-01,0.7716541828878433,0.1180135137097906,40.32786885245902,11.80327868852459,26.065573770491806,media_percentiles_50_50,1.0
02009,2022-02-01,0.3302509907529722,0.0150260744008392,17.37704918032787,2.9508196721311477,10.163934426229508,media_percentiles_50_50,1.0
02037,2022-02-01,0.1967729240456513,0.0076993038837653,5.901639344262295,0.0,2.9508196721311477,media_percentiles_50_50,1.0
02081,2022-02-01,0.3214658844330145,0.0092764932796725,15.737704918032787,0.6557377049180327,8.19672131147541,media_percentiles_50_50,1.0
03009,2022-02-01,1.322930800542741,0.6002062958512064,51.14754098360656,34.09836065573771,42.622950819672134,media_percentiles_50_50,1.0
03014,2022-02-01,9.037825959825977,15.105480410548578,84.26229508196721,86.88524590163935,85.57377049180329,media_percentiles_50_50,1.0
03031,2022-02-01,35.28922538644641,63.909301584173946,95.08196721311475,97.37704918032787,96.22950819672131,media_percentiles_50_50,1.0
03047,2022-02-01,111.968791500664,114.35577916305076,100.0,99.01639344262296,99.50819672131148,media_percentiles_50_50,1.0
03050,2022-02-01,33.42514196334456,17.776784863009127,94.42622950819673,88.52459016393442,91.47540983606558,media_percentiles_50_50,1.0
03059,2022-02-01,0.9705163816472006,0.2773790687291795,46.557377049180324,22.295081967213115,34.42622950819672,media_percentiles_50_50,1.0
03063,2022-02-01,68.68037996309711,45.40625738359082,99.01639344262296,95.73770491803279,97.37704918032787,media_percentiles_50_50,1.0
03065,2022-02-01,2.856779013498599,2.06124766106543,64.91803278688525,59.01639344262295,61.9672131147541,media_percentiles_50_50,1.0
03066,2022-02-01,0.5354035604336769,0.6140687249931862,33.114754098360656,34.75409836065574,33.9344262295082,media_percentiles_50_50,1.0
03082,2022-02-01,90.70342139152832,37.815349735066135,99.34426229508196,95.08196721311475,97.21311475409836,media_percentiles_50_50,1.0
03093,2022-02-01,0.4688965301656768,0.1584698351612453,27.540983606557376,14.426229508196721,20.983606557377048,media_percentiles_50_50,1.0
03099,2022-02-01,28.012972865914044,6.190843160429825,92.78688524590164,77.04918032786885,84.91803278688525,media_percentiles_50_50,1.0
03104,2022-02-01,0.6474777797398317,0.2109681576819486,37.377049180327866,18.688524590163933,28.032786885245898,media_percentiles_50_50,1.0
03121,2022-02-01,31.40377066401283,19.510034182391173,93.77049180327869,88.85245901639344,91.31147540983606,media_percentiles_50_50,1.0
03122,2022-02-01,1.2344008928269472,1.8002279911520669,49.50819672131148,54.75409836065574,52.131147540983605,media_percentiles_50_50,1.0
03133,2022-02-01,40.65974840508935,47.3382128064959,97.37704918032787,96.39344262295081,96.88524590163934,media_percentiles_50_50,1.0
03139,2022-02-01,21.993798093488,13.00774492360332,90.81967213114754,84.91803278688525,87.8688524590164,media_percentiles_50_50,1.0
03140,2022-02-01,0.853719567841267,0.0840448735112039,41.967213114754095,9.508196721311476,25.737704918032787,media_percentiles_50_50,1.0
04013,2022-02-01,2.775588871544944,1.8699843174979152,63.60655737704918,56.39344262295082,60.0,media_percentiles_50_50,1.0
04066,2022-02-01,22.158662308272568,1.1753889031592533,91.14754098360656,43.60655737704918,67.37704918032787,media_percentiles_50_50,1.0
04079,2022-02-01,6.055539895607547,10.415770203097898,77.37704918032787,82.29508196721312,79.8360655737705,media_percentiles_50_50,1.0
04902,2022-02-01,1.2457142857142858,0.4820137127035386,50.16393442622951,30.81967213114754,40.49180327868852,media_percentiles_50_50,1.0
05019,2022-02-01,2.2865061493157803,0.5721607225283676,58.36065573770492,33.442622950819676,45.90163934426229,media_percentiles_50_50,1.0
06011,2022-02-01,0.0594018236359856,0.0121400248224575,0.32786885245901637,1.3114754098360655,0.8196721311475409,media_percentiles_50_50,1.0
06015,2022-02-01,0.1998055226246453,0.0208237560606525,6.229508196721311,3.6065573770491803,4.918032786885246,media_percentiles_50_50,1.0
06044,2022-02-01,0.1340123291342803,0.0089386454975398,2.2950819672131146,0.32786885245901637,1.3114754098360655,media_percentiles_50_50,1.0
06083,2022-02-01,2.461061290540085,0.1688903501019677,59.34426229508197,15.40983606557377,37.37704918032787,media_percentiles_50_50,1.0
06153,2022-02-01,0.3092026436826035,0.0521765742724288,14.098360655737705,6.885245901639344,10.491803278688526,media_percentiles_50_50,1.0
07011,2022-02-01,11.113652827023524,4.013904909078492,85.90163934426229,71.14754098360656,78.52459016393442,media_percentiles_50_50,1.0
07015,2022-02-01,39.75852779851352,6.58412912073001,97.04918032786885,78.0327868852459,87.54098360655738,media_percentiles_50_50,1.0
07026,2022-02-01,10.687173420092677,48.46914229954089,85.57377049180327,96.72131147540983,91.14754098360655,media_percentiles_50_50,1.0
07027,2022-02-01,8.242161147449623,4.816854692392172,82.95081967213115,74.42622950819673,78.68852459016394,media_percentiles_50_50,1.0
07031,2022-02-01,16.39894633541656,1.9398273129224897,89.50819672131148,57.704918032786885,73.60655737704919,media_percentiles_50_50,1.0
07032,2022-02-01,5.773475972151469,1.4491401957345629,75.73770491803279,50.49180327868852,63.114754098360656,media_percentiles_50_50,1.0
07033,2022-02-01,20.616510848474157,3.5926930484069657,90.1639344262295,70.49180327868852,80.327868852459,media_percentiles_50_50,1.0
07036,2022-02-01,3.110379929052491,2.231811682531187,66.88524590163935,60.98360655737705,63.934426229508205,media_percentiles_50_50,1.0
07040,2022-02-01,3.582247439534548,7.136788724540953,68.52459016393442,79.01639344262296,73.77049180327869,media_percentiles_50_50,1.0
07054,2022-02-01,23.971589227582125,6.328484950938598,91.47540983606558,77.70491803278688,84.59016393442623,media_percentiles_50_50,1.0
08015,2022-02-01,0.8724597997369198,9.301520359815465,42.950819672131146,80.98360655737704,61.967213114754095,media_percentiles_50_50,1.0
08019,2022-02-01,7.283981779655578,118.3800898870655,80.65573770491804,99.34426229508196,90.0,media_percentiles_50_50,1.0
08056,2022-02-01,4.011469832261132,20.86854894318597,70.49180327868852,90.81967213114754,80.65573770491804,media_percentiles_50_50,1.0
08073,2022-02-01,0.8760206201776749,11.312658245085029,43.278688524590166,82.95081967213115,63.114754098360656,media_percentiles_50_50,1.0
08077,2022-02-01,1.141896841470246,11.70378911582068,48.85245901639344,83.60655737704919,66.22950819672131,media_percentiles_50_50,1.0
08089,2022-02-01,1.468897688082769,2.244123401622712,51.80327868852459,61.31147540983606,56.55737704918033,media_percentiles_50_50,1.0
08096,2022-02-01,0.242001839213978,1.0052138710831648,9.508196721311476,40.98360655737705,25.245901639344265,media_percentiles_50_50,1.0
08101,2022-02-01,2.814152891005259,54.91268393265966,64.59016393442623,97.04918032786885,80.81967213114754,media_percentiles_50_50,1.0
08102,2022-02-01,0.3434150170481026,1.706536925605629,19.016393442622952,53.77049180327869,36.39344262295082,media_percentiles_50_50,1.0
08113,2022-02-01,1.019986572328668,1.8930113120735204,47.21311475409836,57.049180327868854,52.131147540983605,media_percentiles_50_50,1.0
08114,2022-02-01,0.2440384883558778,0.5476457444875056,9.836065573770492,32.78688524590164,21.311475409836063,media_percentiles_50_50,1.0
08121,2022-02-01,0.9072862061478334,5.213916588508995,44.59016393442623,75.40983606557377,60.0,media_percentiles_50_50,1.0
08124,2022-02-01,0.0974772877919444,0.4638478795888505,1.639344262295082,30.16393442622951,15.901639344262296,media_percentiles_50_50,1.0
08125,2022-02-01,0.2727322314951181,0.4261870818383242,11.80327868852459,28.19672131147541,20.0,media_percentiles_50_50,1.0
08163,2022-02-01,7.335398639746466,20.002636159548945,80.98360655737704,89.50819672131148,85.24590163934425,media_percentiles_50_50,1.0
08169,2022-02-01,0.9380286021836076,1.8113695176205216,45.90163934426229,55.08196721311475,50.49180327868852,media_percentiles_50_50,1.0
08172,2022-02-01,1.6480819131776423,23.734239876284153,53.77049180327869,91.47540983606558,72.62295081967213,media_percentiles_50_50,1.0
08180,2022-02-01,0.1793446235043939,1.5914828797794744,4.262295081967213,52.78688524590164,28.524590163934427,media_percentiles_50_50,1.0
08184,2022-02-01,0.6455124229498652,1.5801721431595557,37.049180327868854,52.459016393442624,44.75409836065574,media_percentiles_50_50,1.0
08187,2022-02-01,0.3615127919911012,2.0726457304903145,20.983606557377048,59.34426229508197,40.16393442622951,media_percentiles_50_50,1.0
08194,2022-02-01,3.873449265940734,36.6480566633058,70.1639344262295,94.42622950819673,82.29508196721312,media_percentiles_50_50,1.0
08196,2022-02-01,0.1483404413128129,0.7091886565531679,2.9508196721311477,36.721311475409834,19.83606557377049,media_percentiles_50_50,1.0
08200,2022-02-01,0.203907833659186,0.7698880235194999,6.557377049180328,37.704918032786885,22.131147540983605,media_percentiles_50_50,1.0
08205,2022-02-01,1.0864455471402454,2.1533206374657787,47.868852459016395,60.32786885245902,54.09836065573771,media_percentiles_50_50,1.0
08211,2022-02-01,0.2190964462556417,0.835007203027489,8.19672131147541,38.032786885245905,23.114754098360656,media_percentiles_50_50,1.0
08217,2022-02-01,0.3231587296924116,1.9590566538864536,16.065573770491802,58.032786885245905,37.049180327868854,media_percentiles_50_50,1.0
08231,2022-02-01,5.270133804594799,4.085110867064982,74.42622950819673,71.80327868852459,73.11475409836066,media_percentiles_50_50,1.0
08245,2022-02-01,0.3559895237368728,5.920326562565021,20.327868852459016,76.72131147540983,48.52459016393443,media_percentiles_50_50,1.0
08252,2022-02-01,0.3325071035608488,1.3392049030674833,17.704918032786885,48.85245901639344,33.278688524590166,media_percentiles_50_50,1.0
08260,2022-02-01,0.1928268414963362,0.3189290405068695,5.245901639344262,24.59016393442623,14.918032786885245,media_percentiles_50_50,1.0
08263,2022-02-01,0.106841411731187,0.3233925838492116,1.9672131147540983,25.24590163934426,13.60655737704918,media_percentiles_50_50,1.0
08266,2022-02-01,0.6109161997521426,1.1345236090388373,36.0655737704918,42.950819672131146,39.50819672131148,media_percentiles_50_50,1.0
08270,2022-02-01,35.8080840433028,25.425952068857253,95.73770491803279,92.1311475409836,93.9344262295082,media_percentiles_50_50,1.0
08279,2022-02-01,0.4729735759479551,1.5115640650177553,28.19672131147541,51.47540983606557,39.83606557377049,media_percentiles_50_50,1.0
08298,2022-02-01,0.8623409401619518,1.3280033562922344,42.622950819672134,48.52459016393443,45.57377049180328,media_percentiles_50_50,1.0
08301,2022-02-01,0.3597122302158273,1.178610875222866,20.65573770491803,43.9344262295082,32.295081967213115,media_percentiles_50_50,1.0
08305,2022-02-01,0.4993009786299181,1.0007795135428392,29.83606557377049,40.65573770491803,35.24590163934426,media_percentiles_50_50,1.0
08307,2022-02-01,2.6264819814532223,5.270061464891921,62.295081967213115,75.73770491803279,69.01639344262296,media_percentiles_50_50,1.0
09018,2022-02-01,0.9345230917641384,0.2435686783241114,45.57377049180328,20.327868852459016,32.950819672131146,media_percentiles_50_50,1.0
09059,2022-02-01,1.302721304104725,2.1109092330198065,50.81967213114754,59.67213114754098,55.24590163934426,media_percentiles_50_50,1.0
09219,2022-02-01,0.0283776497630466,0.0098816792648086,0.0,0.9836065573770492,0.4918032786885246,media_percentiles_50_50,1.0
10037,2022-02-01,2.419963124371438,0.1319827339534774,59.01639344262295,12.459016393442623,35.73770491803278,media_percentiles_50_50,1.0
10148,2022-02-01,1.350421688281907,0.2431930691123721,51.47540983606557,20.0,35.73770491803279,media_percentiles_50_50,1.0
11004,2022-02-01,0.7600026150627615,1.0572518390824073,40.0,41.967213114754095,40.983606557377044,media_percentiles_50_50,1.0
11006,2022-02-01,4.8783639711821145,0.2868706697388153,74.09836065573771,23.60655737704918,48.852459016393446,media_percentiles_50_50,1.0
11012,2022-02-01,11.444642951904198,73.99114708022694,86.22950819672131,97.70491803278688,91.96721311475409,media_percentiles_50_50,1.0
11015,2022-02-01,13.521081686534922,5.713555664520515,88.85245901639344,76.39344262295081,82.62295081967213,media_percentiles_50_50,1.0
11020,2022-02-01,2.9944060546232314,0.535914876636595,65.90163934426229,32.459016393442624,49.18032786885246,media_percentiles_50_50,1.0
11022,2022-02-01,0.6163961372508733,1.4625109167417631,36.721311475409834,50.81967213114754,43.77049180327869,media_percentiles_50_50,1.0
11027,2022-02-01,7.368479901604517,4.066071127555178,81.31147540983606,71.47540983606558,76.39344262295083,media_percentiles_50_50,1.0
11028,2022-02-01,1.2391869027476587,0.2657872645890505,49.83606557377049,21.9672131147541,35.90163934426229,media_percentiles_50_50,1.0
11030,2022-02-01,12.173205384693636,4.08907965133337,87.54098360655738,72.1311475409836,79.8360655737705,media_percentiles_50_50,1.0
11031,2022-02-01,0.7224819379515512,2.2004169085729095,39.34426229508197,60.65573770491803,50.0,media_percentiles_50_50,1.0
11032,2022-02-01,6.138224790970499,2.4674021666346513,78.0327868852459,63.9344262295082,70.98360655737704,media_percentiles_50_50,1.0
11033,2022-02-01,11.478587437155491,2.7121918029679497,86.55737704918033,65.57377049180327,76.0655737704918,media_percentiles_50_50,1.0
12009,2022-02-01,0.6938611547310375,0.5727496278483531,38.68852459016394,33.77049180327869,36.22950819672131,media_percentiles_50_50,1.0
12027,2022-02-01,5.867530597552196,3.407705065294396,76.39344262295081,70.1639344262295,73.27868852459017,media_percentiles_50_50,1.0
12032,2022-02-01,1.5420200462606013,1.152633470740397,52.78688524590164,43.278688524590166,48.0327868852459,media_percentiles_50_50,1.0
12040,2022-02-01,1.838738020563608,2.8385262899975787,56.0655737704918,66.22950819672131,61.14754098360656,media_percentiles_50_50,1.0
12084,2022-02-01,0.2390533487389936,0.0554352081756842,8.852459016393443,7.213114754098361,8.032786885245901,media_percentiles_50_50,1.0
12126,2022-02-01,0.4141710207722696,0.1938018982665419,24.262295081967213,17.37704918032787,20.81967213114754,media_percentiles_50_50,1.0
12135,2022-02-01,0.2725379119702544,0.2540914857873512,11.475409836065573,21.311475409836067,16.393442622950822,media_percentiles_50_50,1.0
12138,2022-02-01,11.847527472527473,3.610983961593814,87.21311475409836,70.81967213114754,79.01639344262296,media_percentiles_50_50,1.0
13005,2022-02-01,0.655393891728929,0.0300073627331493,37.704918032786885,4.590163934426229,21.147540983606557,media_percentiles_50_50,1.0
13034,2022-02-01,0.7882431529726119,0.2069104564293097,40.65573770491803,18.0327868852459,29.34426229508197,media_percentiles_50_50,1.0
13071,2022-02-01,0.1537143986473133,0.0310926092607214,3.6065573770491803,5.573770491803279,4.590163934426229,media_percentiles_50_50,1.0
13082,2022-02-01,0.5274261603375527,0.0784624220077521,32.131147540983605,8.852459016393443,20.491803278688522,media_percentiles_50_50,1.0
13087,2022-02-01,0.4988194606098899,0.0306585586957126,29.508196721311474,5.245901639344262,17.37704918032787,media_percentiles_50_50,1.0
14021,2022-02-01,3.693097350672113,0.9405300735258312,69.18032786885246,40.0,54.59016393442623,media_percentiles_50_50,1.0
14038,2022-02-01,0.5158869738539101,0.0625431189652221,31.475409836065573,8.19672131147541,19.83606557377049,media_percentiles_50_50,1.0
14056,2022-02-01,0.5042355788624445,0.0877927234476939,30.491803278688526,9.836065573770492,20.16393442622951,media_percentiles_50_50,1.0
15002,2022-02-01,3.053435114503817,1.2234850369581514,66.55737704918033,45.57377049180328,56.06557377049181,media_percentiles_50_50,1.0
15005,2022-02-01,0.816301850284194,0.2800734003131424,40.98360655737705,22.62295081967213,31.803278688524593,media_percentiles_50_50,1.0
15019,2022-02-01,2.4179180453041487,0.4052153054507844,58.68852459016394,27.540983606557376,43.114754098360656,media_percentiles_50_50,1.0
15030,2022-02-01,2.251736820596649,14.23416096791678,57.704918032786885,85.57377049180327,71.63934426229508,media_percentiles_50_50,1.0
15031,2022-02-01,0.9093861643390712,0.4563920863740872,44.91803278688525,29.18032786885246,37.049180327868854,media_percentiles_50_50,1.0
15036,2022-02-01,2.228872471087004,1.715914724268241,57.377049180327866,54.09836065573771,55.73770491803279,media_percentiles_50_50,1.0
15054,2022-02-01,0.3081822384303251,0.1788227296264377,13.770491803278688,16.721311475409838,15.245901639344263,media_percentiles_50_50,1.0
15058,2022-02-01,3.729441120442167,3.156908553622436,69.50819672131148,68.85245901639344,69.18032786885246,media_percentiles_50_50,1.0
15073,2022-02-01,7.547310108934082,2.986167672040551,81.63934426229508,67.8688524590164,74.75409836065575,media_percentiles_50_50,1.0
15078,2022-02-01,6.101101050122735,2.7226734480944335,77.70491803278688,65.90163934426229,71.80327868852459,media_percentiles_50_50,1.0
16078,2022-02-01,4.86991702410609,0.2910321532427714,73.77049180327869,23.934426229508198,48.85245901639344,media_percentiles_50_50,1.0
17023,2022-02-01,12.223071046600458,27.903729836727404,87.8688524590164,92.78688524590164,90.32786885245902,media_percentiles_50_50,1.0
17066,2022-02-01,2.7820251444104653,6.898031927680986,63.9344262295082,78.68852459016394,71.31147540983606,media_percentiles_50_50,1.0
17079,2022-02-01,4.051974363469893,10.701603491239938,70.81967213114754,82.62295081967213,76.72131147540983,media_percentiles_50_50,1.0
17095,2022-02-01,45.04250019259906,36.25346388581623,97.70491803278688,94.09836065573771,95.90163934426229,media_percentiles_50_50,1.0
17114,2022-02-01,2.532955659657915,3.2010538760388263,61.63934426229508,69.18032786885246,65.40983606557377,media_percentiles_50_50,1.0
17155,2022-02-01,0.3075314450902605,1.5118551404098155,13.442622950819672,51.80327868852459,32.622950819672134,media_percentiles_50_50,1.0
18017,2022-02-01,38.694481830417224,12.415385159453258,96.39344262295081,84.26229508196721,90.327868852459,media_percentiles_50_50,1.0
18087,2022-02-01,9.511024042119624,24.696796513346527,84.91803278688525,91.80327868852459,88.36065573770492,media_percentiles_50_50,1.0
18140,2022-02-01,2.908262185788632,1.6574694740544405,65.24590163934427,53.114754098360656,59.18032786885246,media_percentiles_50_50,1.0
19046,2022-02-01,0.2558126314592689,0.4557440377839398,10.163934426229508,28.852459016393443,19.508196721311474,media_percentiles_50_50,1.0
19130,2022-02-01,0.4116543932671637,0.152875050866085,23.934426229508198,13.770491803278688,18.852459016393443,media_percentiles_50_50,1.0
20030,2022-02-01,0.2932336338978081,0.3229130578217696,12.78688524590164,24.918032786885245,18.852459016393443,media_percentiles_50_50,1.0
20045,2022-02-01,0.7503791809691067,1.125095146569512,39.67213114754098,42.622950819672134,41.14754098360656,media_percentiles_50_50,1.0
20067,2022-02-01,0.4356405196935141,0.527019136521634,25.24590163934426,32.131147540983605,28.688524590163933,media_percentiles_50_50,1.0
20069,2022-02-01,6.499901516643687,19.98060609031793,79.67213114754098,89.18032786885246,84.42622950819671,media_percentiles_50_50,1.0
21041,2022-02-01,0.6062571376203703,0.5613824877799319,35.40983606557377,33.114754098360656,34.26229508196721,media_percentiles_50_50,1.0
21044,2022-02-01,5.346472376559388,1.182810783938462,74.75409836065573,44.59016393442623,59.67213114754098,media_percentiles_50_50,1.0
22125,2022-02-01,0.4877591220335803,0.1614480703967277,29.18032786885246,15.081967213114755,22.131147540983605,media_percentiles_50_50,1.0
23005,2022-02-01,0.4995836802664446,0.0186799580706156,30.16393442622951,3.278688524590164,16.721311475409838,media_percentiles_50_50,1.0
23050,2022-02-01,0.6089424997089613,0.1602911405576225,35.73770491803279,14.754098360655737,25.245901639344265,media_percentiles_50_50,1.0
23055,2022-02-01,0.3409355990597355,0.0965921345255107,18.360655737704917,10.491803278688524,14.42622950819672,media_percentiles_50_50,1.0
23092,2022-02-01,2.466091245376079,0.2086400224849066,59.67213114754098,18.360655737704917,39.01639344262295,media_percentiles_50_50,1.0
24089,2022-02-01,3.00121536820696,9.299288392970112,66.22950819672131,80.65573770491804,73.44262295081967,media_percentiles_50_50,1.0
24115,2022-02-01,1.6652921398211,0.3708040936849401,54.09836065573771,26.557377049180328,40.32786885245902,media_percentiles_50_50,1.0
24142,2022-02-01,0.3680406852248394,0.1696377408135679,21.311475409836067,16.065573770491802,18.688524590163937,media_percentiles_50_50,1.0
25120,2022-02-01,0.426145443439846,0.282764976457712,24.59016393442623,22.950819672131146,23.770491803278688,media_percentiles_50_50,1.0
26089,2022-02-01,2.4663378216237835,4.685092028909602,60.0,73.77049180327869,66.88524590163934,media_percentiles_50_50,1.0
27028,2022-02-01,1.7487732869736965,0.5154865380547916,54.75409836065574,31.475409836065573,43.114754098360656,media_percentiles_50_50,1.0
28005,2022-02-01,0.8786721384746659,1.9615324165988897,43.9344262295082,58.36065573770492,51.14754098360656,media_percentiles_50_50,1.0
28006,2022-02-01,0.7091532027238319,1.8341231993869704,39.01639344262295,55.40983606557377,47.213114754098356,media_percentiles_50_50,1.0
28007,2022-02-01,0.2936064264574623,1.4882792413798602,13.114754098360656,51.14754098360656,32.131147540983605,media_percentiles_50_50,1.0
28013,2022-02-01,1.1880459154646763,0.3754742391150513,49.18032786885246,26.885245901639344,38.0327868852459,media_percentiles_50_50,1.0
28014,2022-02-01,0.2085034663701284,0.1493966801719745,7.540983606557377,13.442622950819672,10.491803278688526,media_percentiles_50_50,1.0
28022,2022-02-01,0.3512861864690948,0.4632109088048257,19.672131147540984,29.83606557377049,24.75409836065574,media_percentiles_50_50,1.0
28045,2022-02-01,0.206034951019873,0.060118590991219,6.885245901639344,7.540983606557377,7.213114754098361,media_percentiles_50_50,1.0
28047,2022-02-01,0.3734652910695112,0.9515996835186142,21.9672131147541,40.32786885245902,31.14754098360656,media_percentiles_50_50,1.0
28049,2022-02-01,0.3970420368256489,2.6599128166241908,23.278688524590162,65.24590163934427,44.26229508196722,media_percentiles_50_50,1.0
28058,2022-02-01,0.0947912223328119,0.4582376700610313,1.3114754098360655,29.508196721311474,15.40983606557377,media_percentiles_50_50,1.0
28061,2022-02-01,0.9760578744904403,0.5212903491098289,46.885245901639344,31.80327868852459,39.34426229508197,media_percentiles_50_50,1.0
28065,2022-02-01,0.4530097861029696,1.0554371455308234,25.901639344262296,41.63934426229508,33.77049180327869,media_percentiles_50_50,1.0
28074,2022-02-01,0.2785813779063538,1.201943267219154,12.459016393442623,44.91803278688525,28.688524590163937,media_percentiles_50_50,1.0
28079,2022-02-01,3.8682850613055058,20.996106464593232,69.8360655737705,91.14754098360656,80.49180327868854,media_percentiles_50_50,1.0
28080,2022-02-01,0.4710511367572285,0.8832810228357658,27.868852459016395,39.34426229508197,33.606557377049185,media_percentiles_50_50,1.0
28092,2022-02-01,0.2586690042680385,1.2028453062402604,10.819672131147541,45.24590163934426,28.0327868852459,media_percentiles_50_50,1.0
28096,2022-02-01,0.3186844705057522,0.0991026895627346,15.081967213114755,10.819672131147541,12.950819672131148,media_percentiles_50_50,1.0
28106,2022-02-01,0.2067745468191182,1.0803844448869826,7.213114754098361,42.295081967213115,24.75409836065574,media_percentiles_50_50,1.0
28113,2022-02-01,0.4067445644135483,0.354700970360624,23.60655737704918,25.901639344262296,24.75409836065574,media_percentiles_50_50,1.0
28115,2022-02-01,0.9119095385737734,1.8564269126810249,45.24590163934426,55.73770491803279,50.49180327868852,media_percentiles_50_50,1.0
28123,2022-02-01,0.4860895645878581,0.6918451402270686,28.852459016393443,36.39344262295082,32.622950819672134,media_percentiles_50_50,1.0
28127,2022-02-01,0.5118829981718465,0.8398555942409189,31.147540983606557,38.36065573770492,34.75409836065574,media_percentiles_50_50,1.0
28130,2022-02-01,0.3855644663787785,0.385892429368061,22.295081967213115,27.21311475409836,24.75409836065574,media_percentiles_50_50,1.0
28134,2022-02-01,0.8234247883798294,1.2657683629250824,41.31147540983606,46.557377049180324,43.93442622950819,media_percentiles_50_50,1.0
28148,2022-02-01,0.3191497257538984,1.3273900501433205,15.40983606557377,48.19672131147541,31.80327868852459,media_percentiles_50_50,1.0
28161,2022-02-01,0.2402022756005057,0.2959786473099461,9.180327868852459,24.262295081967213,16.721311475409834,media_percentiles_50_50,1.0
28181,2022-02-01,1.6695083830633703,0.6888402605281895,54.42622950819672,36.0655737704918,45.24590163934426,media_percentiles_50_50,1.0
28903,2022-02-01,0.3387331380636419,0.4475240639127974,18.0327868852459,28.524590163934427,23.278688524590166,media_percentiles_50_50,1.0
29007,2022-02-01,4.5143542357339355,2.3216428974659693,72.45901639344262,62.950819672131146,67.70491803278688,media_percentiles_50_50,1.0
29015,2022-02-01,2.500971250971251,0.1376941912199055,60.98360655737705,12.78688524590164,36.885245901639344,media_percentiles_50_50,1.0
29025,2022-02-01,37.93056314926189,103.12141960344584,96.06557377049181,98.68852459016394,97.37704918032787,media_percentiles_50_50,1.0
29051,2022-02-01,31.358651148430052,17.004652809819547,93.44262295081967,88.19672131147541,90.81967213114754,media_percentiles_50_50,1.0
29054,2022-02-01,20.78677336409295,167.8190732059923,90.49180327868852,100.0,95.24590163934425,media_percentiles_50_50,1.0
29067,2022-02-01,8.684525001899578,12.71405004787566,83.93442622950819,84.59016393442623,84.26229508196721,media_percentiles_50_50,1.0
29069,2022-02-01,35.74058716205009,45.98225168776026,95.40983606557377,96.06557377049181,95.73770491803279,media_percentiles_50_50,1.0
29070,2022-02-01,33.5076311143885,20.16437927973306,94.75409836065573,90.1639344262295,92.45901639344262,media_percentiles_50_50,1.0
29082,2022-02-01,9.333781565781408,16.761668763252167,84.59016393442623,87.8688524590164,86.22950819672131,media_percentiles_50_50,1.0
29084,2022-02-01,14.071434986976438,1.1807632183507943,89.18032786885246,44.26229508196721,66.72131147540983,media_percentiles_50_50,1.0
29094,2022-02-01,8.2122552116235,4.3629639675640215,82.62295081967213,73.11475409836065,77.86885245901638,media_percentiles_50_50,1.0
29901,2022-02-01,25.90854269896395,89.54214323865851,92.1311475409836,98.0327868852459,95.08196721311475,media_percentiles_50_50,1.0
30003,2022-02-01,8.570722193225834,1.2387452369196956,83.27868852459017,45.90163934426229,64.59016393442623,media_percentiles_50_50,1.0
30005,2022-02-01,0.1876612714051137,0.4924795975667037,4.918032786885246,31.147540983606557,18.0327868852459,media_percentiles_50_50,1.0
30015,2022-02-01,2.021615737500972,0.0604509862465872,56.721311475409834,7.868852459016393,32.295081967213115,media_percentiles_50_50,1.0
30016,2022-02-01,6.02873327464383,2.3349371181021894,77.04918032786885,63.278688524590166,70.1639344262295,media_percentiles_50_50,1.0
30019,2022-02-01,0.1416510850473114,0.0136517286843418,2.622950819672131,2.2950819672131146,2.4590163934426226,media_percentiles_50_50,1.0
30022,2022-02-01,0.4511956685215822,0.012375409810957,25.57377049180328,1.639344262295082,13.606557377049182,media_percentiles_50_50,1.0
30024,2022-02-01,0.6690615639571389,0.0387996561761073,38.032786885245905,6.229508196721311,22.13114754098361,media_percentiles_50_50,1.0
30026,2022-02-01,13.382789317507418,1.4174651023441989,88.52459016393442,50.16393442622951,69.34426229508196,media_percentiles_50_50,1.0
30027,2022-02-01,0.5216553864262593,0.230265780623024,31.80327868852459,19.34426229508197,25.57377049180328,media_percentiles_50_50,1.0
30030,2022-02-01,1.6134641096032434,0.8439582440446961,53.442622950819676,38.68852459016394,46.06557377049181,media_percentiles_50_50,1.0
30035,2022-02-01,25.211790646396658,11.530518576126989,91.80327868852459,83.27868852459017,87.54098360655738,media_percentiles_50_50,1.0
30037,2022-02-01,13.057157839538542,2.6264873386019487,88.19672131147541,64.91803278688525,76.55737704918033,media_percentiles_50_50,1.0
30039,2022-02-01,0.2165238640230134,0.0243660907118429,7.868852459016393,3.9344262295081966,5.9016393442622945,media_percentiles_50_50,1.0
30043,2022-02-01,0.5392518589998297,0.0313903726441494,33.442622950819676,5.901639344262295,19.672131147540984,media_percentiles_50_50,1.0
31201,2022-02-01,1.7992508037636787,14.58711518991652,55.40983606557377,86.22950819672131,70.81967213114754,media_percentiles_50_50,1.0
31232,2022-02-01,1.5034767900770531,0.2603978753545039,52.459016393442624,21.639344262295083,37.049180327868854,media_percentiles_50_50,1.0
32054,2022-02-01,1.8697713867149852,2.2885047768074767,56.39344262295082,62.295081967213115,59.34426229508197,media_percentiles_50_50,1.0
33004,2022-02-01,1.0806963902104725,3.068473261604918,47.540983606557376,68.19672131147541,57.868852459016395,media_percentiles_50_50,1.0
33024,2022-02-01,3.122828774850022,4.544861741975661,67.21311475409836,73.44262295081967,70.327868852459,media_percentiles_50_50,1.0
33031,2022-02-01,0.3920338717265171,0.1794645687834765,22.62295081967213,17.049180327868854,19.83606557377049,media_percentiles_50_50,1.0
33037,2022-02-01,0.4648110679717832,0.1163946617805183,26.557377049180328,11.475409836065573,19.01639344262295,media_percentiles_50_50,1.0
33044,2022-02-01,2.4910883174464487,2.8801764580089713,60.65573770491803,66.88524590163935,63.77049180327869,media_percentiles_50_50,1.0
33066,2022-02-01,0.8302440531356194,0.2038200684631699,41.63934426229508,17.704918032786885,29.672131147540984,media_percentiles_50_50,1.0
34120,2022-02-01,0.3145395926712275,0.2520769209969072,14.754098360655737,20.983606557377048,17.86885245901639,media_percentiles_50_50,1.0
35002,2022-02-01,7.016559079427449,2.8515730530177055,80.32786885245902,66.55737704918033,73.44262295081967,media_percentiles_50_50,1.0
35004,2022-02-01,6.305882352941176,16.559990700120828,78.36065573770492,87.21311475409836,82.78688524590163,media_percentiles_50_50,1.0
35006,2022-02-01,2.632333394146316,3.075635612459494,62.622950819672134,68.52459016393442,65.57377049180327,media_percentiles_50_50,1.0
35011,2022-02-01,2.7871727420769132,2.276905958453552,64.26229508196721,61.967213114754095,63.11475409836065,media_percentiles_50_50,1.0
35014,2022-02-01,104.3836106638039,8.209170383172266,99.67213114754098,80.0,89.8360655737705,media_percentiles_50_50,1.0
35016,2022-02-01,5.467308347214999,20.045309312938965,75.40983606557377,89.8360655737705,82.62295081967213,media_percentiles_50_50,1.0
35017,2022-02-01,8.590329335617742,1.2415259983698983,83.60655737704919,46.22950819672131,64.91803278688525,media_percentiles_50_50,1.0
35019,2022-02-01,60.33701072993804,9.60835423052573,98.0327868852459,81.63934426229508,89.8360655737705,media_percentiles_50_50,1.0
35022,2022-02-01,4.197961373390558,5.005730290355567,71.14754098360656,75.08196721311475,73.11475409836066,media_percentiles_50_50,1.0
35026,2022-02-01,3.327738309001483,3.398757093002928,67.8688524590164,69.8360655737705,68.85245901639345,media_percentiles_50_50,1.0
36008,2022-02-01,10.286225402504472,7.294442725734759,85.24590163934427,79.67213114754098,82.45901639344262,media_percentiles_50_50,1.0
36026,2022-02-01,4.3688108512940005,2.8864419584135628,71.80327868852459,67.21311475409836,69.50819672131146,media_percentiles_50_50,1.0
36038,2022-02-01,3.223547592601536,2.253770520824502,67.54098360655738,61.63934426229508,64.59016393442623,media_percentiles_50_50,1.0
36045,2022-02-01,2.5124763379796935,1.402962791373057,61.31147540983606,49.83606557377049,55.57377049180327,media_percentiles_50_50,1.0
36057,2022-02-01,2.708859200886536,7.22779725361597,63.278688524590166,79.34426229508196,71.31147540983606,media_percentiles_50_50,1.0
36060,2022-02-01,4.830533216551212,4.135139487910896,73.44262295081967,72.45901639344262,72.95081967213115,media_percentiles_50_50,1.0
37274,2022-02-01,4.6063533971856305,16.582564116658325,73.11475409836065,87.54098360655738,80.327868852459,media_percentiles_50_50,1.0
38001,2022-02-01,65.29328191597321,30.362742828775545,98.36065573770492,93.11475409836065,95.73770491803279,media_percentiles_50_50,1.0
38006,2022-02-01,39.18922175893567,39.85367085195756,96.72131147540983,95.40983606557377,96.0655737704918,media_percentiles_50_50,1.0
38011,2022-02-01,8.179743724767421,4.708930046110781,82.29508196721312,74.09836065573771,78.19672131147541,media_percentiles_50_50,1.0
38017,2022-02-01,19.391004251911458,6.258316133295937,89.8360655737705,77.37704918032787,83.60655737704919,media_percentiles_50_50,1.0
38023,2022-02-01,3.4534106390393817,5.319553073507603,68.19672131147541,76.06557377049181,72.13114754098362,media_percentiles_50_50,1.0
38026,2022-02-01,6.409954281943724,1.3147246458743105,78.68852459016394,47.868852459016395,63.278688524590166,media_percentiles_50_50,1.0
38028,2022-02-01,27.678012455105605,95.1746422123274,92.45901639344262,98.36065573770492,95.40983606557377,media_percentiles_50_50,1.0
38031,2022-02-01,6.446218578055885,4.232477921409293,79.01639344262296,72.78688524590164,75.90163934426229,media_percentiles_50_50,1.0
38038,2022-02-01,3.608257302767768,5.005313049681869,68.85245901639344,74.75409836065573,71.80327868852459,media_percentiles_50_50,1.0
39016,2022-02-01,2.271679726081517,1.865687507990981,58.032786885245905,56.0655737704918,57.049180327868854,media_percentiles_50_50,1.0
39020,2022-02-01,5.9500437947385905,2.0509552292878626,76.72131147540983,58.68852459016394,67.70491803278688,media_percentiles_50_50,1.0
39075,2022-02-01,5.445766571729774,25.912541064879083,75.08196721311475,92.45901639344262,83.77049180327869,media_percentiles_50_50,1.0
39087,2022-02-01,1.0949904188338353,1.576006606679944,48.19672131147541,52.131147540983605,50.1639344262295,media_percentiles_50_50,1.0
40194,2022-02-01,2.086532026298177,0.6479462427435311,57.049180327868854,35.08196721311475,46.0655737704918,media_percentiles_50_50,1.0
41004,2022-02-01,0.5795803311511256,0.1539727622450423,34.75409836065574,14.098360655737705,24.426229508196723,media_percentiles_50_50,1.0
41021,2022-02-01,0.5830266370294793,1.380048913867452,35.08196721311475,49.50819672131148,42.295081967213115,media_percentiles_50_50,1.0
41024,2022-02-01,1.6052460808087707,0.0509850841669502,53.114754098360656,6.557377049180328,29.83606557377049,media_percentiles_50_50,1.0
41034,2022-02-01,0.1953506544246923,0.0957458108862624,5.573770491803279,10.163934426229508,7.868852459016393,media_percentiles_50_50,1.0
41038,2022-02-01,0.3925531218877443,0.3379300187778326,22.950819672131146,25.57377049180328,24.262295081967213,media_percentiles_50_50,1.0
41039,2022-02-01,0.3522632916488438,0.014314976598847,20.0,2.622950819672131,11.311475409836065,media_percentiles_50_50,1.0
41053,2022-02-01,0.1807337791433219,0.0133265435514118,4.590163934426229,1.9672131147540983,3.278688524590164,media_percentiles_50_50,1.0
41059,2022-02-01,1.102605966794597,2.9718353354843754,48.52459016393443,67.54098360655738,58.0327868852459,media_percentiles_50_50,1.0
41065,2022-02-01,0.4751983039075922,0.0300674215768466,28.524590163934427,4.918032786885246,16.721311475409838,media_percentiles_50_50,1.0
41069,2022-02-01,0.310382287517459,0.1096219048211793,14.426229508196721,11.147540983606557,12.78688524590164,media_percentiles_50_50,1.0
41081,2022-02-01,0.2277961983345567,0.0650001518030682,8.524590163934427,8.524590163934427,8.524590163934427,media_percentiles_50_50,1.0
41091,2022-02-01,6.910577450373755,33.1890199011573,80.0,93.77049180327869,86.88524590163934,media_percentiles_50_50,1.0
41095,2022-02-01,0.3696354227461966,0.0292165294692263,21.639344262295083,4.262295081967213,12.950819672131148,media_percentiles_50_50,1.0
42173,2022-02-01,2.6869455006337137,0.4082140017637134,62.950819672131146,27.868852459016395,45.40983606557377,media_percentiles_50_50,1.0
43038,2022-02-01,32.37561317449194,32.78888726860256,94.09836065573771,93.44262295081967,93.77049180327869,media_percentiles_50_50,1.0
43123,2022-02-01,0.946215605999569,1.9087756834459133,46.22950819672131,57.377049180327866,51.803278688524586,media_percentiles_50_50,1.0
43148,2022-02-01,4.203643157403083,9.636635806431167,71.47540983606558,81.9672131147541,76.72131147540983,media_percentiles_50_50,1.0
43155,2022-02-01,1.8294482148126292,0.2829363768591947,55.73770491803279,23.278688524590162,39.50819672131148,media_percentiles_50_50,1.0
43163,2022-02-01,7.857289107289107,8.318359341053487,81.9672131147541,80.32786885245902,81.14754098360656,media_percentiles_50_50,1.0
43905,2022-02-01,67.48656469615544,129.43558925059858,98.68852459016394,99.67213114754098,99.18032786885246,media_percentiles_50_50,1.0
44216,2022-02-01,2.952646239554318,0.2406833721063778,65.57377049180327,19.672131147540984,42.62295081967213,media_percentiles_50_50,1.0
45081,2022-02-01,0.458220142048244,0.2467216614405431,26.229508196721312,20.65573770491803,23.442622950819672,media_percentiles_50_50,1.0
45165,2022-02-01,0.3243360121085444,0.1442891451916635,16.39344262295082,13.114754098360656,14.754098360655737,media_percentiles_50_50,1.0
45168,2022-02-01,5.7824528412763705,2.1194144883763086,76.06557377049181,60.0,68.03278688524591,media_percentiles_50_50,1.0
46005,2022-02-01,0.1692792091275349,1.295509929126038,3.9344262295081966,47.21311475409836,25.57377049180328,media_percentiles_50_50,1.0
46017,2022-02-01,0.5280411872126026,0.2170314222241202,32.459016393442624,19.016393442622952,25.73770491803279,media_percentiles_50_50,1.0
46021,2022-02-01,0.0612444879960803,0.1239902010501303,0.6557377049180327,12.131147540983607,6.39344262295082,media_percentiles_50_50,1.0
46029,2022-02-01,0.2563633034242812,0.1695120217847546,10.491803278688524,15.737704918032787,13.114754098360656,media_percentiles_50_50,1.0
46078,2022-02-01,1.2602880658436213,14.174842600043362,50.49180327868852,85.24590163934427,67.8688524590164,media_percentiles_50_50,1.0
46094,2022-02-01,0.3486871927194114,0.7654106103978212,19.34426229508197,37.377049180327866,28.360655737704917,media_percentiles_50_50,1.0
46102,2022-02-01,0.2781420113640879,0.3550622159231273,12.131147540983607,26.229508196721312,19.18032786885246,media_percentiles_50_50,1.0
46110,2022-02-01,0.4286750643012596,2.529064318201272,24.918032786885245,64.59016393442623,44.75409836065574,media_percentiles_50_50,1.0
46131,2022-02-01,11.526656215831698,14.336050283722829,86.88524590163935,85.90163934426229,86.39344262295083,media_percentiles_50_50,1.0
46145,2022-02-01,1.7545635523163614,0.679503173567925,55.08196721311475,35.73770491803279,45.40983606557377,media_percentiles_50_50,1.0
46159,2022-02-01,0.5774783445620789,0.929081897844383,34.42622950819672,39.67213114754098,37.049180327868854,media_percentiles_50_50,1.0
46169,2022-02-01,0.6774761754211643,14.73953620334693,38.36065573770492,86.55737704918033,62.459016393442624,media_percentiles_50_50,1.0
46181,2022-02-01,28.436395408872475,11.9012478262871,93.11475409836065,83.93442622950819,88.52459016393442,media_percentiles_50_50,1.0
46184,2022-02-01,0.6120291548433762,0.1753961652652327,36.39344262295082,16.39344262295082,26.393442622950822,media_percentiles_50_50,1.0
46190,2022-02-01,0.8903728436282693,1.7867490484456867,44.26229508196721,54.42622950819672,49.34426229508196,media_percentiles_50_50,1.0
46220,2022-02-01,4.539711456527488,2.307218212959669,72.78688524590164,62.622950819672134,67.70491803278689,media_percentiles_50_50,1.0
46235,2022-02-01,4.506453241041171,1.352703068052197,72.1311475409836,49.18032786885246,60.65573770491803,media_percentiles_50_50,1.0
46244,2022-02-01,0.5402738953747857,0.6639153884960931,33.77049180327869,35.40983606557377,34.59016393442623,media_percentiles_50_50,1.0
46250,2022-02-01,6.4669422530448255,36.86342442261759,79.34426229508196,94.75409836065573,87.04918032786884,media_percentiles_50_50,1.0
47186,2022-02-01,0.8557734263747341,1.2819228657582438,42.295081967213115,46.885245901639344,44.59016393442623,media_percentiles_50_50,1.0
48013,2022-02-01,0.467498880986721,1.8810808916552693,26.885245901639344,56.721311475409834,41.803278688524586,media_percentiles_50_50,1.0
48015,2022-02-01,0.1487947624243626,0.8557313673811409,3.278688524590164,39.01639344262295,21.147540983606557,media_percentiles_50_50,1.0
48020,2022-02-01,2.490359663728798,20.729198829748057,60.32786885245902,90.49180327868852,75.40983606557377,media_percentiles_50_50,1.0
48027,2022-02-01,0.2701881184774899,0.7458901359209315,11.147540983606557,37.049180327868854,24.098360655737707,media_percentiles_50_50,1.0
48036,2022-02-01,0.0682943486426498,0.0827683490633493,0.9836065573770492,9.180327868852459,5.081967213114754,media_percentiles_50_50,1.0
48044,2022-02-01,1.4928304851699077,9.601836007589435,52.131147540983605,81.31147540983606,66.72131147540983,media_percentiles_50_50,1.0
48054,2022-02-01,0.3419122218077832,1.3116686381368765,18.688524590163933,47.540983606557376,33.114754098360656,media_percentiles_50_50,1.0
48078,2022-02-01,0.46875,6.6981411345820465,27.21311475409836,78.36065573770492,52.78688524590164,media_percentiles_50_50,1.0
48082,2022-02-01,0.3278760191479595,1.692032166034759,17.049180327868854,53.442622950819676,35.24590163934427,media_percentiles_50_50,1.0
48084,2022-02-01,0.3268804707078778,2.514988473231196,16.721311475409838,64.26229508196721,40.49180327868852,media_percentiles_50_50,1.0
49275,2022-02-01,2.538881883144178,1.0071800531212636,61.967213114754095,41.31147540983606,51.63934426229508,media_percentiles_50_50,1.0
50297,2022-02-01,0.8781444555058617,0.6067777941733958,43.60655737704918,34.42622950819672,39.01639344262295,media_percentiles_50_50,1.0
51001,2022-02-01,0.5654679548106886,2.36589093892205,34.09836065573771,63.60655737704918,48.85245901639344,media_percentiles_50_50,1.0
52001,2022-02-01,0.528355054596689,3.301532094681252,32.78688524590164,69.50819672131148,51.14754098360656,media_percentiles_50_50,1.0
01059,2022-08-01,0.6031410640512157,0.5524168416102219,31.475409836065573,33.442622950819676,32.459016393442624,media_percentiles_50_50,1.0
02003,2022-08-01,0.8238713832336372,0.1259993905773704,39.67213114754098,11.147540983606557,25.40983606557377,media_percentiles_50_50,1.0
02009,2022-08-01,0.3715323645970937,0.0169043337009441,18.360655737704917,1.9672131147540983,10.163934426229508,media_percentiles_50_50,1.0
02037,2022-08-01,0.3607503607503607,0.0141153904535698,18.0327868852459,1.3114754098360655,9.672131147540984,media_percentiles_50_50,1.0
02081,2022-08-01,0.7634814755284095,0.0220316715392223,37.704918032786885,2.9508196721311477,20.327868852459016,media_percentiles_50_50,1.0
03009,2022-08-01,1.0006784260515604,0.4540021981438613,45.90163934426229,30.16393442622951,38.0327868852459,media_percentiles_50_50,1.0
03014,2022-08-01,9.522206174666325,15.915055177649874,82.29508196721312,85.57377049180327,83.9344262295082,media_percentiles_50_50,1.0
03031,2022-08-01,37.03863030198744,67.07749938720897,94.42622950819673,97.37704918032787,95.90163934426229,media_percentiles_50_50,1.0
03047,2022-08-01,118.94090305444888,121.47652449269958,100.0,99.34426229508196,99.67213114754098,media_percentiles_50_50,1.0
03050,2022-08-01,38.11758305280696,20.272406746117223,95.08196721311475,88.85245901639344,91.96721311475409,media_percentiles_50_50,1.0
03059,2022-08-01,0.8366520531441384,0.2391198868354996,40.32786885245902,17.37704918032787,28.852459016393446,media_percentiles_50_50,1.0
03063,2022-08-01,77.17715665504909,51.02368159721583,98.68852459016394,96.06557377049181,97.37704918032787,media_percentiles_50_50,1.0
03065,2022-08-01,3.0095933440869342,2.171507565669226,62.950819672131146,58.032786885245905,60.49180327868852,media_percentiles_50_50,1.0
03066,2022-08-01,0.4971604489741285,0.5702066732079586,27.868852459016395,34.42622950819672,31.147540983606557,media_percentiles_50_50,1.0
03082,2022-08-01,93.55748146601232,39.00524178352178,99.34426229508196,95.08196721311475,97.21311475409836,media_percentiles_50_50,1.0
03093,2022-08-01,0.5470459518599562,0.1848814743547863,29.508196721311474,15.081967213114755,22.295081967213115,media_percentiles_50_50,1.0
03099,2022-08-01,29.84501881560705,6.595723755985996,92.78688524590164,77.04918032786885,84.91803278688525,media_percentiles_50_50,1.0
03104,2022-08-01,0.7357702042498087,0.2397365428203962,37.377049180327866,17.704918032786885,27.540983606557376,media_percentiles_50_50,1.0
03121,2022-08-01,36.932603527395365,22.944899355347367,94.09836065573771,90.49180327868852,92.29508196721312,media_percentiles_50_50,1.0
03122,2022-08-01,1.7585985322466096,2.564708370956369,51.80327868852459,60.98360655737705,56.39344262295082,media_percentiles_50_50,1.0
03133,2022-08-01,44.035094018935446,51.26796729911641,97.04918032786885,96.72131147540983,96.88524590163934,media_percentiles_50_50,1.0
03139,2022-08-01,22.539336166302977,13.330391338157447,90.49180327868852,83.93442622950819,87.21311475409836,media_percentiles_50_50,1.0
03140,2022-08-01,0.9714739909917868,0.0956372698575769,45.57377049180328,9.508196721311476,27.54098360655738,media_percentiles_50_50,1.0
04013,2022-08-01,3.623824891962838,2.4414623458110216,67.54098360655738,59.67213114754098,63.60655737704918,media_percentiles_50_50,1.0
04066,2022-08-01,26.15036459642947,1.3871256275581545,91.47540983606558,48.19672131147541,69.8360655737705,media_percentiles_50_50,1.0
04079,2022-08-01,8.125893022035166,13.976860176227676,80.65573770491804,84.91803278688525,82.78688524590164,media_percentiles_50_50,1.0
04902,2022-08-01,1.5771428571428572,0.6102558931475994,50.81967213114754,35.08196721311475,42.950819672131146,media_percentiles_50_50,1.0
05019,2022-08-01,2.3904382470119523,0.5981680280978388,57.377049180327866,34.75409836065574,46.0655737704918,media_percentiles_50_50,1.0
06011,2022-08-01,0.0594018236359856,0.0121400248224575,0.32786885245901637,0.6557377049180327,0.4918032786885246,media_percentiles_50_50,1.0
06015,2022-08-01,0.226446258974598,0.0236002568687395,8.524590163934427,3.278688524590164,5.901639344262295,media_percentiles_50_50,1.0
06044,2022-08-01,0.1608147949611364,0.0107263745970477,4.918032786885246,0.32786885245901637,2.6229508196721314,media_percentiles_50_50,1.0
06083,2022-08-01,3.5230260939923133,0.2417676929541866,67.21311475409836,18.0327868852459,42.62295081967213,media_percentiles_50_50,1.0
06153,2022-08-01,0.3865033046032544,0.065220717840536,19.672131147540984,7.868852459016393,13.770491803278688,media_percentiles_50_50,1.0
07011,2022-08-01,10.865835525563307,3.924401026028714,85.24590163934427,70.49180327868852,77.8688524590164,media_percentiles_50_50,1.0
07015,2022-08-01,44.919022427055275,7.4387222066043535,97.37704918032787,78.68852459016394,88.03278688524591,media_percentiles_50_50,1.0
07026,2022-08-01,12.166025830622104,55.17612693508622,85.57377049180327,97.04918032786885,91.31147540983606,media_percentiles_50_50,1.0
07027,2022-08-01,8.388818819112428,4.90256385061979,80.98360655737704,72.45901639344262,76.72131147540983,media_percentiles_50_50,1.0
07031,2022-08-01,16.73467279582666,1.979540313029564,89.18032786885246,56.0655737704918,72.62295081967213,media_percentiles_50_50,1.0
07032,2022-08-01,6.554593309560197,1.6452003398633563,76.06557377049181,52.78688524590164,64.42622950819673,media_percentiles_50_50,1.0
07033,2022-08-01,20.837008290703828,3.6311175729888583,90.1639344262295,69.18032786885246,79.67213114754098,media_percentiles_50_50,1.0
07036,2022-08-01,3.2903192637910648,2.360924755074314,64.91803278688525,59.34426229508197,62.131147540983605,media_percentiles_50_50,1.0
07040,2022-08-01,3.341828148290619,6.657809615511359,65.57377049180327,77.37704918032787,71.47540983606558,media_percentiles_50_50,1.0
07054,2022-08-01,26.092532307388772,6.88841263178296,91.14754098360656,77.70491803278688,84.42622950819671,media_percentiles_50_50,1.0
08015,2022-08-01,0.8366665771836103,8.919919524540983,40.65573770491803,79.67213114754098,60.1639344262295,media_percentiles_50_50,1.0
08019,2022-08-01,4.929736284166966,80.11862770843013,72.1311475409836,97.70491803278688,84.91803278688525,media_percentiles_50_50,1.0
08056,2022-08-01,3.6548947360601423,19.013566814902777,67.8688524590164,87.54098360655738,77.70491803278688,media_percentiles_50_50,1.0
08073,2022-08-01,0.7637102842574602,9.862317444433105,38.032786885245905,80.98360655737704,59.50819672131148,media_percentiles_50_50,1.0
08077,2022-08-01,1.0557159477743785,10.82048427689082,46.557377049180324,82.95081967213115,64.75409836065573,media_percentiles_50_50,1.0
08089,2022-08-01,1.362455826627496,2.081505763823965,49.50819672131148,57.049180327868854,53.278688524590166,media_percentiles_50_50,1.0
08096,2022-08-01,0.1290676475807883,0.536114064577688,3.278688524590164,32.131147540983605,17.704918032786885,media_percentiles_50_50,1.0
08101,2022-08-01,2.33947649975136,45.65030351028333,57.049180327868854,95.73770491803279,76.39344262295083,media_percentiles_50_50,1.0
08102,2022-08-01,0.3188853729732381,1.5846414309195127,14.426229508196721,52.459016393442624,33.442622950819676,media_percentiles_50_50,1.0
08113,2022-08-01,0.7875845685069462,1.4616922789428448,39.01639344262295,50.16393442622951,44.59016393442623,media_percentiles_50_50,1.0
08114,2022-08-01,0.209175847162181,0.4694106381321477,6.885245901639344,30.81967213114754,18.852459016393443,media_percentiles_50_50,1.0
08121,2022-08-01,0.9227953720648904,5.303043367799747,43.278688524590166,73.77049180327869,58.52459016393443,media_percentiles_50_50,1.0
08124,2022-08-01,0.1169727453503333,0.5566174555066207,2.2950819672131146,33.77049180327869,18.0327868852459,media_percentiles_50_50,1.0
08125,2022-08-01,0.2181857851960944,0.3409496654706593,7.540983606557377,23.934426229508198,15.737704918032787,media_percentiles_50_50,1.0
08163,2022-08-01,7.655877221094612,20.87653773933506,79.34426229508196,89.50819672131148,84.42622950819671,media_percentiles_50_50,1.0
08169,2022-08-01,0.7688759034291865,1.484729112803706,38.68852459016394,50.81967213114754,44.75409836065574,media_percentiles_50_50,1.0
08172,2022-08-01,1.402622904832036,20.199353086199277,49.83606557377049,88.52459016393442,69.18032786885246,media_percentiles_50_50,1.0
08180,2022-08-01,0.0768619815018831,0.6820640913340604,0.9836065573770492,36.721311475409834,18.852459016393443,media_percentiles_50_50,1.0
08184,2022-08-01,0.5189413596263622,1.2703344680302309,28.524590163934427,45.24590163934426,36.885245901639344,media_percentiles_50_50,1.0
08187,2022-08-01,0.296625880608083,1.7006323942484634,14.098360655737705,53.77049180327869,33.9344262295082,media_percentiles_50_50,1.0
08194,2022-08-01,3.765101034725608,35.622936197199344,68.19672131147541,93.44262295081967,80.81967213114754,media_percentiles_50_50,1.0
08196,2022-08-01,0.0741702206564064,0.3545943282765839,0.6557377049180327,24.918032786885245,12.786885245901638,media_percentiles_50_50,1.0
08200,2022-08-01,0.1319403629559439,0.4981628387479117,3.6065573770491803,31.475409836065573,17.540983606557376,media_percentiles_50_50,1.0
08205,2022-08-01,0.8879603029511621,1.7599255210056848,41.967213114754095,54.42622950819672,48.19672131147541,media_percentiles_50_50,1.0
08211,2022-08-01,0.1095482231278208,0.4175036015137445,1.639344262295082,27.540983606557376,14.59016393442623,media_percentiles_50_50,1.0
08217,2022-08-01,0.1762683980140427,1.0685763566653383,6.229508196721311,41.63934426229508,23.934426229508198,media_percentiles_50_50,1.0
08231,2022-08-01,5.017672304973492,3.889416933313366,73.11475409836065,70.1639344262295,71.63934426229508,media_percentiles_50_50,1.0
08245,2022-08-01,0.3305617006128105,5.497446093810377,15.40983606557377,74.42622950819673,44.91803278688525,media_percentiles_50_50,1.0
08252,2022-08-01,0.3325071035608488,1.3392049030674833,15.737704918032787,46.557377049180324,31.147540983606554,media_percentiles_50_50,1.0
08260,2022-08-01,0.1156961048978017,0.1913574243041217,1.9672131147540983,15.737704918032787,8.852459016393443,media_percentiles_50_50,1.0
08263,2022-08-01,0.1424552156415826,0.4311901117989488,4.590163934426229,28.19672131147541,16.393442622950822,media_percentiles_50_50,1.0
08266,2022-08-01,0.5585519540591017,1.03727872826408,29.83606557377049,41.31147540983606,35.57377049180327,media_percentiles_50_50,1.0
08270,2022-08-01,32.89347255140606,23.35639783069445,93.44262295081967,91.14754098360656,92.29508196721312,media_percentiles_50_50,1.0
08279,2022-08-01,0.406043352936452,1.2976634897793935,21.9672131147541,45.90163934426229,33.9344262295082,media_percentiles_50_50,1.0
08298,2022-08-01,0.9464717635923862,1.4575646593451357,44.59016393442623,49.83606557377049,47.213114754098356,media_percentiles_50_50,1.0
08301,2022-08-01,0.224820143884892,0.7366317970142914,8.19672131147541,37.704918032786885,22.950819672131146,media_percentiles_50_50,1.0
08305,2022-08-01,0.4743359296984222,0.9507405378656972,26.229508196721312,40.0,33.114754098360656,media_percentiles_50_50,1.0
08307,2022-08-01,2.7732128184059164,5.564478306505995,60.32786885245902,74.75409836065573,67.54098360655738,media_percentiles_50_50,1.0
09018,2022-08-01,1.296273965995418,0.337853327997961,48.52459016393443,23.278688524590162,35.90163934426229,media_percentiles_50_50,1.0
09059,2022-08-01,1.5678769677720583,2.540563324696404,50.49180327868852,60.32786885245902,55.40983606557377,media_percentiles_50_50,1.0
09219,2022-08-01,0.0283776497630466,0.0098816792648086,0.0,0.0,0.0,media_percentiles_50_50,1.0
10037,2022-08-01,2.440915186054308,0.1331254416067542,57.704918032786885,11.80327868852459,34.75409836065574,media_percentiles_50_50,1.0
10148,2022-08-01,1.8600147781996077,0.3349640385887389,52.459016393442624,22.62295081967213,37.540983606557376,media_percentiles_50_50,1.0
11004,2022-08-01,0.9234440376569036,1.2846178259818497,43.60655737704918,45.57377049180328,44.59016393442623,media_percentiles_50_50,1.0
11006,2022-08-01,5.944496494685491,0.3495642598141856,74.75409836065573,24.59016393442623,49.67213114754098,media_percentiles_50_50,1.0
11012,2022-08-01,13.2046769143686,85.37000200214746,86.22950819672131,98.0327868852459,92.1311475409836,media_percentiles_50_50,1.0
11015,2022-08-01,17.269953024813415,7.297702966264158,89.50819672131148,78.36065573770492,83.9344262295082,media_percentiles_50_50,1.0
11020,2022-08-01,3.4879894702204672,0.6242524936646052,66.88524590163935,35.73770491803279,51.31147540983607,media_percentiles_50_50,1.0
11022,2022-08-01,0.6480061955714308,1.537511476574674,34.42622950819672,51.80327868852459,43.114754098360656,media_percentiles_50_50,1.0
11027,2022-08-01,9.738916531559234,5.374124358270956,82.95081967213115,74.09836065573771,78.52459016393442,media_percentiles_50_50,1.0
11028,2022-08-01,1.834949836760956,0.3935696033337864,52.131147540983605,26.885245901639344,39.50819672131148,media_percentiles_50_50,1.0
11030,2022-08-01,13.868637889525615,4.65858935207618,86.55737704918033,71.80327868852459,79.18032786885246,media_percentiles_50_50,1.0
11031,2022-08-01,1.0730981725456863,3.2682662906744686,47.21311475409836,65.90163934426229,56.55737704918033,media_percentiles_50_50,1.0
11032,2022-08-01,8.590646378017125,3.45321004162186,81.31147540983606,66.88524590163935,74.09836065573771,media_percentiles_50_50,1.0
11033,2022-08-01,14.23465988248834,3.3634040828362437,87.21311475409836,66.22950819672131,76.72131147540983,media_percentiles_50_50,1.0
12009,2022-08-01,0.6573421465872987,0.5426049105931767,35.08196721311475,32.78688524590164,33.93442622950819,media_percentiles_50_50,1.0
12027,2022-08-01,7.631389488840893,4.43210720148719,79.01639344262296,71.14754098360656,75.08196721311475,media_percentiles_50_50,1.0
12032,2022-08-01,2.227362289043091,1.6649150132916843,55.73770491803279,53.442622950819676,54.59016393442623,media_percentiles_50_50,1.0
12040,2022-08-01,2.304241316908825,3.5571405406298773,56.39344262295082,68.85245901639344,62.62295081967213,media_percentiles_50_50,1.0
12084,2022-08-01,0.2390533487389936,0.0554352081756842,10.819672131147541,6.557377049180328,8.688524590163935,media_percentiles_50_50,1.0
12126,2022-08-01,0.3823117114820951,0.1788940599383464,19.34426229508197,14.754098360655737,17.049180327868854,media_percentiles_50_50,1.0
12135,2022-08-01,0.3893398742432206,0.3629878368390731,20.65573770491803,25.24590163934426,22.950819672131146,media_percentiles_50_50,1.0
12138,2022-08-01,15.006868131868131,4.573913018018831,88.52459016393442,71.47540983606558,80.0,media_percentiles_50_50,1.0
13005,2022-08-01,0.6226241971424826,0.0285069945964918,32.459016393442624,4.590163934426229,18.524590163934427,media_percentiles_50_50,1.0
13034,2022-08-01,0.9218436873747496,0.2419800253156334,42.622950819672134,18.360655737704917,30.491803278688526,media_percentiles_50_50,1.0
13071,2022-08-01,0.2195919980675904,0.044418013229602,7.868852459016393,6.229508196721311,7.049180327868852,media_percentiles_50_50,1.0
13082,2022-08-01,0.5274261603375527,0.0784624220077521,29.18032786885246,8.19672131147541,18.688524590163933,media_percentiles_50_50,1.0
13087,2022-08-01,0.5985833527318679,0.0367902704348552,31.147540983606557,5.901639344262295,18.524590163934427,media_percentiles_50_50,1.0
14021,2022-08-01,4.400419385631348,1.1206654943875582,71.14754098360656,42.950819672131146,57.049180327868854,media_percentiles_50_50,1.0
14038,2022-08-01,0.656583421268613,0.0796003332284645,34.75409836065574,8.852459016393443,21.803278688524593,media_percentiles_50_50,1.0
14056,2022-08-01,0.6723141051499261,0.1170569645969253,35.40983606557377,10.819672131147541,23.114754098360656,media_percentiles_50_50,1.0
15002,2022-08-01,3.3650101261878795,1.3483304488926564,65.90163934426229,46.885245901639344,56.393442622950815,media_percentiles_50_50,1.0
15005,2022-08-01,0.9070020558713268,0.3111926670146026,42.295081967213115,22.295081967213115,32.295081967213115,media_percentiles_50_50,1.0
15019,2022-08-01,2.95876813438534,0.495855571143723,61.31147540983606,31.147540983606557,46.22950819672131,media_percentiles_50_50,1.0
15030,2022-08-01,2.9873314262362074,18.8841591062562,62.295081967213115,87.21311475409836,74.75409836065573,media_percentiles_50_50,1.0
15031,2022-08-01,0.8769080870412471,0.4400923690035841,41.63934426229508,28.524590163934427,35.08196721311475,media_percentiles_50_50,1.0
15036,2022-08-01,2.3223915957479973,1.78791114626551,56.721311475409834,54.75409836065574,55.73770491803279,media_percentiles_50_50,1.0
15054,2022-08-01,0.3595459448353793,0.2086265178975107,17.704918032786885,16.39344262295082,17.049180327868854,media_percentiles_50_50,1.0
15058,2022-08-01,4.158729306967884,3.5202937108739394,70.1639344262295,68.19672131147541,69.18032786885246,media_percentiles_50_50,1.0
15073,2022-08-01,9.77804216083578,3.868778806633818,83.27868852459017,69.8360655737705,76.55737704918033,media_percentiles_50_50,1.0
15078,2022-08-01,6.396479898960063,2.854489024045583,75.73770491803279,63.278688524590166,69.50819672131148,media_percentiles_50_50,1.0
16078,2022-08-01,5.6191350278147185,0.3358063306647362,73.77049180327869,22.950819672131146,48.36065573770492,media_percentiles_50_50,1.0
17023,2022-08-01,13.923457946228345,31.785498705143112,86.88524590163935,92.78688524590164,89.8360655737705,media_percentiles_50_50,1.0
17066,2022-08-01,2.9306829765545364,7.266629053587603,60.98360655737705,78.0327868852459,69.50819672131148,media_percentiles_50_50,1.0
17079,2022-08-01,3.98379210254612,10.521528432493112,68.52459016393442,82.29508196721312,75.40983606557377,media_percentiles_50_50,1.0
17095,2022-08-01,46.81441154567166,37.67962637619326,97.70491803278688,94.09836065573771,95.90163934426229,media_percentiles_50_50,1.0
17114,2022-08-01,2.723608236191306,3.441993415095512,59.67213114754098,66.55737704918033,63.114754098360656,media_percentiles_50_50,1.0
17155,2022-08-01,0.4305440231263647,2.116597196573742,23.278688524590162,57.377049180327866,40.32786885245901,media_percentiles_50_50,1.0
18017,2022-08-01,43.3677284282937,13.91482781156114,96.72131147540983,84.59016393442623,90.65573770491804,media_percentiles_50_50,1.0
18087,2022-08-01,10.031397311550537,26.048023540973304,83.93442622950819,92.1311475409836,88.0327868852459,media_percentiles_50_50,1.0
18140,2022-08-01,3.3164393346712475,1.8900967686585723,65.24590163934427,55.08196721311475,60.16393442622951,media_percentiles_50_50,1.0
19046,2022-08-01,0.2273890057415724,0.405105811363502,8.852459016393443,27.21311475409836,18.0327868852459,media_percentiles_50_50,1.0
19130,2022-08-01,0.3887847047523213,0.1443819924846358,20.327868852459016,12.459016393442623,16.39344262295082,media_percentiles_50_50,1.0
20030,2022-08-01,0.4031962466094861,0.4440054545049333,21.639344262295083,28.852459016393443,25.24590163934426,media_percentiles_50_50,1.0
20045,2022-08-01,0.8302067534126287,1.2447861196088217,40.0,44.59016393442623,42.295081967213115,media_percentiles_50_50,1.0
20067,2022-08-01,0.4612664326166619,0.5580202621993772,25.57377049180328,34.09836065573771,29.836065573770494,media_percentiles_50_50,1.0
20069,2022-08-01,7.974490149002657,24.5134708626505,80.0,91.80327868852459,85.90163934426229,media_percentiles_50_50,1.0
21041,2022-08-01,0.7895441792265286,0.7311027747831672,39.34426229508197,37.377049180327866,38.36065573770492,media_percentiles_50_50,1.0
21044,2022-08-01,6.115246182339169,1.3528881515636004,75.08196721311475,47.21311475409836,61.14754098360656,media_percentiles_50_50,1.0
22125,2022-08-01,0.7316386830503705,0.2421721055950916,36.721311475409834,18.688524590163933,27.704918032786885,media_percentiles_50_50,1.0
23005,2022-08-01,0.6383569247849015,0.0238688353124533,33.77049180327869,3.6065573770491803,18.688524590163933,media_percentiles_50_50,1.0
23050,2022-08-01,0.8686385657613125,0.2286505975601379,41.31147540983606,16.721311475409838,29.01639344262295,media_percentiles_50_50,1.0
23055,2022-08-01,0.3588795779576163,0.101675931079485,17.37704918032787,10.163934426229508,13.770491803278688,media_percentiles_50_50,1.0
23092,2022-08-01,2.994539369385239,0.2533485987316723,62.622950819672134,19.34426229508197,40.98360655737705,media_percentiles_50_50,1.0
24089,2022-08-01,3.381534671065142,10.477710613566876,66.22950819672131,81.9672131147541,74.09836065573771,media_percentiles_50_50,1.0
24115,2022-08-01,2.0300704180676266,0.4520278475397365,54.09836065573771,29.83606557377049,41.9672131147541,media_percentiles_50_50,1.0
24142,2022-08-01,0.4014989293361884,0.1850593536148014,21.311475409836067,15.40983606557377,18.360655737704917,media_percentiles_50_50,1.0
25120,2022-08-01,0.4190430193825152,0.2780522268500835,22.62295081967213,20.65573770491803,21.639344262295083,media_percentiles_50_50,1.0
26089,2022-08-01,2.5796560458605517,4.900353014021665,58.68852459016394,72.1311475409836,65.40983606557377,media_percentiles_50_50,1.0
27028,2022-08-01,2.211683862937322,0.6519388569516482,55.40983606557377,36.0655737704918,45.73770491803279,media_percentiles_50_50,1.0
28005,2022-08-01,0.9243834057941572,2.0635774556127044,43.9344262295082,56.39344262295082,50.16393442622951,media_percentiles_50_50,1.0
28006,2022-08-01,0.7347852461957776,1.900416809003367,37.049180327868854,55.40983606557377,46.22950819672131,media_percentiles_50_50,1.0
28007,2022-08-01,0.2348851411659698,1.190623393103888,10.163934426229508,43.60655737704918,26.885245901639344,media_percentiles_50_50,1.0
28013,2022-08-01,1.08764766908738,0.343744021725047,47.540983606557376,24.262295081967213,35.90163934426229,media_percentiles_50_50,1.0
28014,2022-08-01,0.2432540440984831,0.1742961268673036,11.475409836065573,14.426229508196721,12.950819672131146,media_percentiles_50_50,1.0
28022,2022-08-01,0.2874159707474412,0.3789907435675846,13.442622950819672,26.229508196721312,19.83606557377049,media_percentiles_50_50,1.0
28045,2022-08-01,0.2809567513907359,0.0819798968062077,12.459016393442623,9.180327868852459,10.819672131147541,media_percentiles_50_50,1.0
28047,2022-08-01,0.466831613836889,1.1894996043982675,25.901639344262296,43.278688524590166,34.59016393442623,media_percentiles_50_50,1.0
28049,2022-08-01,0.3474117822224428,2.3274237145461667,16.721311475409838,59.01639344262295,37.868852459016395,media_percentiles_50_50,1.0
28058,2022-08-01,0.105323580369791,0.5091529667344793,1.3114754098360655,31.80327868852459,16.557377049180328,media_percentiles_50_50,1.0
28061,2022-08-01,1.004765459034277,0.5366224182012944,46.22950819672131,32.459016393442624,39.34426229508197,media_percentiles_50_50,1.0
28065,2022-08-01,0.480299532253751,1.1190176964664151,26.557377049180328,42.622950819672134,34.59016393442623,media_percentiles_50_50,1.0
28074,2022-08-01,0.2035786992392585,0.8783431568139971,6.557377049180328,39.01639344262295,22.786885245901637,media_percentiles_50_50,1.0
28079,2022-08-01,3.988987991277689,21.651252486181676,68.85245901639344,90.1639344262295,79.50819672131146,media_percentiles_50_50,1.0
28080,2022-08-01,0.3879244655647764,0.727407901158866,20.0,37.049180327868854,28.524590163934427,media_percentiles_50_50,1.0
28092,2022-08-01,0.229928003793812,1.0691958277691205,9.836065573770492,41.967213114754095,25.901639344262293,media_percentiles_50_50,1.0
28096,2022-08-01,0.2549475764046018,0.0792821516501877,11.80327868852459,8.524590163934427,10.16393442622951,media_percentiles_50_50,1.0
28106,2022-08-01,0.2374078130145431,1.240441399685054,10.491803278688524,44.26229508196721,27.377049180327866,media_percentiles_50_50,1.0
28113,2022-08-01,0.4252329537050732,0.3708237417406523,22.950819672131146,25.57377049180328,24.262295081967213,media_percentiles_50_50,1.0
28115,2022-08-01,1.0942914462885285,2.2277122952172297,47.868852459016395,58.36065573770492,53.114754098360656,media_percentiles_50_50,1.0
28123,2022-08-01,0.4343779087806391,0.6182445933944017,23.60655737704918,35.40983606557377,29.508196721311478,media_percentiles_50_50,1.0
28127,2022-08-01,0.5223295899712719,0.8569955043274684,28.852459016393443,38.68852459016394,33.77049180327869,media_percentiles_50_50,1.0
28130,2022-08-01,0.1285214887929262,0.1286308097893536,2.9508196721311477,11.475409836065573,7.213114754098361,media_percentiles_50_50,1.0
28134,2022-08-01,0.9222357629854088,1.4176605664760924,42.950819672131146,48.52459016393443,45.73770491803279,media_percentiles_50_50,1.0
28148,2022-08-01,0.3785264189174144,1.574346338542078,19.016393442622952,52.131147540983605,35.57377049180328,media_percentiles_50_50,1.0
28161,2022-08-01,0.2402022756005057,0.2959786473099461,11.147540983606557,20.983606557377048,16.065573770491802,media_percentiles_50_50,1.0
28181,2022-08-01,2.131287297527707,0.8793705453551355,54.75409836065574,39.34426229508197,47.049180327868854,media_percentiles_50_50,1.0
28903,2022-08-01,0.3387331380636419,0.4475240639127974,16.39344262295082,29.18032786885246,22.786885245901637,media_percentiles_50_50,1.0
29007,2022-08-01,4.937574945333992,2.5392969191034043,72.45901639344262,60.0,66.22950819672131,media_percentiles_50_50,1.0
29015,2022-08-01,2.6223776223776225,0.1443783752597068,59.01639344262295,12.131147540983607,35.57377049180328,media_percentiles_50_50,1.0
29025,2022-08-01,42.728266812465826,116.1648856505844,96.06557377049181,99.01639344262296,97.54098360655738,media_percentiles_50_50,1.0
29051,2022-08-01,35.76174942612057,19.392292416677773,93.77049180327869,88.19672131147541,90.98360655737704,media_percentiles_50_50,1.0
29054,2022-08-01,24.6557566145195,199.05476197612495,90.81967213114754,100.0,95.40983606557377,media_percentiles_50_50,1.0
29067,2022-08-01,10.27844358944249,15.047529505857216,84.59016393442623,85.24590163934427,84.91803278688525,media_percentiles_50_50,1.0
29069,2022-08-01,39.69480842594128,51.069577101887816,95.73770491803279,96.39344262295081,96.0655737704918,media_percentiles_50_50,1.0
29070,2022-08-01,38.50193291770017,23.169873623861328,95.40983606557377,90.81967213114754,93.11475409836066,media_percentiles_50_50,1.0
29082,2022-08-01,10.599379066226344,19.03443740911687,84.91803278688525,87.8688524590164,86.39344262295083,media_percentiles_50_50,1.0
29084,2022-08-01,15.62827460255681,1.3114008510193929,88.85245901639344,46.22950819672131,67.54098360655738,media_percentiles_50_50,1.0
29094,2022-08-01,9.535274556311755,5.065850760596832,82.62295081967213,73.11475409836065,77.86885245901638,media_percentiles_50_50,1.0
29901,2022-08-01,29.788285211932752,102.95086575392594,92.45901639344262,98.68852459016394,95.57377049180329,media_percentiles_50_50,1.0
30003,2022-08-01,10.081586682416283,1.4571137882997702,84.26229508196721,49.50819672131148,66.88524590163934,media_percentiles_50_50,1.0
30005,2022-08-01,0.1642036124794745,0.4309196478708657,5.245901639344262,27.868852459016395,16.557377049180328,media_percentiles_50_50,1.0
30015,2022-08-01,2.177124640385662,0.0651010621117093,55.08196721311475,7.540983606557377,31.311475409836063,media_percentiles_50_50,1.0
30016,2022-08-01,6.881421084895442,2.6651843404637376,77.04918032786885,61.967213114754095,69.50819672131148,media_percentiles_50_50,1.0
30019,2022-08-01,0.1699813020567737,0.0163820744212101,5.573770491803279,1.639344262295082,3.6065573770491803,media_percentiles_50_50,1.0
30022,2022-08-01,0.4887953075650473,0.0134066939618701,27.21311475409836,0.9836065573770492,14.098360655737704,media_percentiles_50_50,1.0
30024,2022-08-01,0.6175952898065897,0.0358150672394837,32.131147540983605,5.573770491803279,18.852459016393443,media_percentiles_50_50,1.0
30026,2022-08-01,14.362017804154302,1.521182061052311,87.8688524590164,51.47540983606557,69.67213114754098,media_percentiles_50_50,1.0
30027,2022-08-01,0.4414007115914502,0.1948402759117895,24.262295081967213,16.065573770491802,20.16393442622951,media_percentiles_50_50,1.0
30030,2022-08-01,1.7193004434326395,0.8993182895041206,51.47540983606557,39.67213114754098,45.57377049180327,media_percentiles_50_50,1.0
30035,2022-08-01,28.20006962980155,12.897196842342272,92.1311475409836,83.60655737704919,87.8688524590164,media_percentiles_50_50,1.0
30037,2022-08-01,14.813843733613004,2.9798500929921707,88.19672131147541,64.59016393442623,76.39344262295083,media_percentiles_50_50,1.0
30039,2022-08-01,0.2165238640230134,0.0243660907118429,7.213114754098361,4.262295081967213,5.737704918032787,media_percentiles_50_50,1.0
30043,2022-08-01,0.5676335357892944,0.0330424975201573,30.16393442622951,5.245901639344262,17.704918032786885,media_percentiles_50_50,1.0
31201,2022-08-01,2.566144588974427,20.80457412332356,58.36065573770492,89.18032786885246,73.77049180327869,media_percentiles_50_50,1.0
31232,2022-08-01,1.95988938706473,0.3394472303728355,53.442622950819676,23.60655737704918,38.52459016393443,media_percentiles_50_50,1.0
32054,2022-08-01,2.3034812444581516,2.8193435136958085,56.0655737704918,62.950819672131146,59.50819672131148,media_percentiles_50_50,1.0
33004,2022-08-01,1.449714669794536,4.11624461922611,50.16393442622951,70.81967213114754,60.49180327868852,media_percentiles_50_50,1.0
33024,2022-08-01,4.209842140258343,6.1268650516825005,70.49180327868852,75.73770491803279,73.11475409836066,media_percentiles_50_50,1.0
33031,2022-08-01,0.6795253776592964,0.3110719192246927,35.73770491803279,21.9672131147541,28.852459016393446,media_percentiles_50_50,1.0
33037,2022-08-01,0.6288620331382949,0.1574751306442307,33.114754098360656,13.114754098360656,23.114754098360656,media_percentiles_50_50,1.0
33044,2022-08-01,3.030204445849038,3.5034982287721066,63.278688524590166,67.8688524590164,65.57377049180329,media_percentiles_50_50,1.0
33066,2022-08-01,0.965400061785604,0.2370000796083372,45.24590163934426,17.049180327868854,31.147540983606557,media_percentiles_50_50,1.0
34120,2022-08-01,0.3276454090325286,0.262580126038445,15.081967213114755,20.0,17.540983606557376,media_percentiles_50_50,1.0
35002,2022-08-01,7.047743786447127,2.8642467110311176,77.70491803278688,63.60655737704918,70.65573770491802,media_percentiles_50_50,1.0
35004,2022-08-01,6.792156862745098,17.8370049083391,76.72131147540983,86.88524590163935,81.80327868852459,media_percentiles_50_50,1.0
35006,2022-08-01,2.6844588078917875,3.1365392879537413,59.34426229508197,65.57377049180327,62.459016393442624,media_percentiles_50_50,1.0
35011,2022-08-01,3.225604409369911,2.635070940682201,64.59016393442623,61.63934426229508,63.114754098360656,media_percentiles_50_50,1.0
35014,2022-08-01,116.65772052245482,9.17445850159122,99.67213114754098,80.0,89.8360655737705,media_percentiles_50_50,1.0
35016,2022-08-01,5.897617985358912,21.622994208163036,74.42622950819673,89.8360655737705,82.13114754098362,media_percentiles_50_50,1.0
35017,2022-08-01,9.446982676565773,1.365334685187949,81.9672131147541,47.540983606557376,64.75409836065575,media_percentiles_50_50,1.0
35019,2022-08-01,61.961614024482394,9.867063830971944,98.0327868852459,81.31147540983606,89.67213114754098,media_percentiles_50_50,1.0
35022,2022-08-01,4.291845493562231,5.117679530075979,70.81967213114754,73.44262295081967,72.1311475409836,media_percentiles_50_50,1.0
35026,2022-08-01,3.4253259426965417,3.498427388985418,66.55737704918033,67.21311475409836,66.88524590163934,media_percentiles_50_50,1.0
36008,2022-08-01,13.19320214669052,9.355915669964146,85.90163934426229,80.32786885245902,83.11475409836066,media_percentiles_50_50,1.0
36026,2022-08-01,5.367396188732629,3.5462001203366627,73.44262295081967,68.52459016393442,70.98360655737704,media_percentiles_50_50,1.0
36038,2022-08-01,4.032452793741247,2.8193234230538717,69.50819672131148,62.622950819672134,66.06557377049181,media_percentiles_50_50,1.0
36045,2022-08-01,2.9599036310445705,1.6528054802477108,61.63934426229508,53.114754098360656,57.37704918032787,media_percentiles_50_50,1.0
36057,2022-08-01,3.211639885899567,8.569320228718935,64.26229508196721,79.34426229508196,71.80327868852459,media_percentiles_50_50,1.0
36060,2022-08-01,7.590837911723333,6.498076338145694,78.68852459016394,76.39344262295081,77.54098360655738,media_percentiles_50_50,1.0
37274,2022-08-01,4.753812880937,17.113408394783058,71.80327868852459,86.22950819672131,79.01639344262296,media_percentiles_50_50,1.0
38001,2022-08-01,68.23624923888777,31.731284236973387,98.36065573770492,92.45901639344262,95.40983606557377,media_percentiles_50_50,1.0
38006,2022-08-01,42.88881926200863,43.61599463779734,96.39344262295081,95.40983606557377,95.90163934426229,media_percentiles_50_50,1.0
38011,2022-08-01,9.864841144461998,5.6790100556099965,83.60655737704919,75.40983606557377,79.50819672131148,media_percentiles_50_50,1.0
38017,2022-08-01,20.36341449463268,6.572154995437621,89.8360655737705,76.72131147540983,83.27868852459017,media_percentiles_50_50,1.0
38023,2022-08-01,4.004689034629155,6.168729435700559,69.18032786885246,76.06557377049181,72.62295081967213,media_percentiles_50_50,1.0
38026,2022-08-01,6.928406466512702,1.4210626687023793,77.37704918032787,48.85245901639344,63.114754098360656,media_percentiles_50_50,1.0
38028,2022-08-01,27.084912188210485,93.1351855934918,91.80327868852459,98.36065573770492,95.08196721311475,media_percentiles_50_50,1.0
38031,2022-08-01,7.55205523788974,4.958551539726369,78.36065573770492,72.78688524590164,75.57377049180329,media_percentiles_50_50,1.0
38038,2022-08-01,4.082649697155563,5.663382096054387,69.8360655737705,75.08196721311475,72.45901639344262,media_percentiles_50_50,1.0
39016,2022-08-01,3.094752090603806,2.541661242770322,63.60655737704918,60.65573770491803,62.131147540983605,media_percentiles_50_50,1.0
39020,2022-08-01,8.00386601830318,2.7588991663009317,80.32786885245902,62.295081967213115,71.31147540983606,media_percentiles_50_50,1.0
39075,2022-08-01,7.763857583011538,36.94269223474205,79.67213114754098,93.77049180327869,86.72131147540983,media_percentiles_50_50,1.0
39087,2022-08-01,1.9944468343044857,2.8705834621670405,53.77049180327869,63.9344262295082,58.85245901639344,media_percentiles_50_50,1.0
40194,2022-08-01,2.480217314278965,0.7702002508083483,58.032786885245905,38.032786885245905,48.032786885245905,media_percentiles_50_50,1.0
41004,2022-08-01,0.6322694521648643,0.1679702860855007,33.442622950819676,13.770491803278688,23.60655737704918,media_percentiles_50_50,1.0
41021,2022-08-01,0.7287832962868491,1.725061142334315,36.39344262295082,54.09836065573771,45.24590163934427,media_percentiles_50_50,1.0
41024,2022-08-01,1.9467878001297856,0.0618329744152375,53.114754098360656,6.885245901639344,30.0,media_percentiles_50_50,1.0
41034,2022-08-01,0.2279090968288077,0.1117034460339728,9.508196721311476,10.491803278688524,10.0,media_percentiles_50_50,1.0
41038,2022-08-01,0.4507091399451879,0.3879937252634374,24.918032786885245,26.557377049180328,25.737704918032787,media_percentiles_50_50,1.0
41039,2022-08-01,0.4529099464056563,0.0184049699128033,25.24590163934426,2.2950819672131146,13.770491803278688,media_percentiles_50_50,1.0
41053,2022-08-01,0.3253208024579794,0.0239877783925412,14.754098360655737,3.9344262295081966,9.344262295081966,media_percentiles_50_50,1.0
41059,2022-08-01,1.3570534975933504,3.6576434898269232,49.18032786885246,69.50819672131148,59.34426229508197,media_percentiles_50_50,1.0
41065,2022-08-01,0.2924297254815952,0.0185030286626748,13.770491803278688,2.622950819672131,8.19672131147541,media_percentiles_50_50,1.0
41069,2022-08-01,0.2845170968910041,0.100486746086081,13.114754098360656,9.836065573770492,11.475409836065573,media_percentiles_50_50,1.0
41081,2022-08-01,0.2277961983345567,0.0650001518030682,9.180327868852459,7.213114754098361,8.19672131147541,media_percentiles_50_50,1.0
41091,2022-08-01,7.281546280194371,34.97064986826802,78.0327868852459,93.11475409836065,85.57377049180327,media_percentiles_50_50,1.0
41095,2022-08-01,0.4085444146142173,0.0322919536238817,22.295081967213115,4.918032786885246,13.60655737704918,media_percentiles_50_50,1.0
42173,2022-08-01,2.9657794676806084,0.4505758321354195,61.967213114754095,29.508196721311474,45.73770491803278,media_percentiles_50_50,1.0
43038,2022-08-01,37.505255781359494,37.98400966700452,94.75409836065573,94.42622950819673,94.59016393442623,media_percentiles_50_50,1.0
43123,2022-08-01,0.946215605999569,1.9087756834459133,44.26229508196721,55.73770491803279,50.0,media_percentiles_50_50,1.0
43148,2022-08-01,4.648473121149441,10.656385627217537,71.47540983606558,82.62295081967213,77.04918032786885,media_percentiles_50_50,1.0
43155,2022-08-01,1.9179699026261432,0.2966268467072203,52.78688524590164,21.311475409836067,37.049180327868854,media_percentiles_50_50,1.0
43163,2022-08-01,9.213759213759214,9.754427891789105,81.63934426229508,80.65573770491804,81.14754098360656,media_percentiles_50_50,1.0
43905,2022-08-01,78.75155022736668,151.0412235971763,99.01639344262296,99.67213114754098,99.34426229508196,media_percentiles_50_50,1.0
44216,2022-08-01,3.1754874651810585,0.2588481549068591,63.9344262295082,19.672131147540984,41.80327868852459,media_percentiles_50_50,1.0
45081,2022-08-01,0.4909501521945472,0.2643446372577248,27.540983606557376,20.327868852459016,23.934426229508198,media_percentiles_50_50,1.0
45165,2022-08-01,0.3363484570014535,0.1496331876061696,16.065573770491802,12.78688524590164,14.426229508196721,media_percentiles_50_50,1.0
45168,2022-08-01,6.287829817241582,2.304647868457978,75.40983606557377,58.68852459016394,67.04918032786885,media_percentiles_50_50,1.0
46005,2022-08-01,0.1354233673020279,1.0364079433008304,3.9344262295081966,40.98360655737705,22.459016393442624,media_percentiles_50_50,1.0
46017,2022-08-01,0.7260566324173285,0.2984182055581653,36.0655737704918,21.639344262295083,28.852459016393443,media_percentiles_50_50,1.0
46021,2022-08-01,0.1224889759921607,0.2479804021002606,2.622950819672131,19.016393442622952,10.819672131147541,media_percentiles_50_50,1.0
46029,2022-08-01,0.2563633034242812,0.1695120217847546,12.131147540983607,14.098360655737705,13.114754098360656,media_percentiles_50_50,1.0
46078,2022-08-01,1.2088477366255144,13.59627759595996,48.19672131147541,84.26229508196721,66.22950819672131,media_percentiles_50_50,1.0
46094,2022-08-01,0.6276369468949405,1.3777390987160782,32.78688524590164,47.868852459016395,40.32786885245902,media_percentiles_50_50,1.0
46102,2022-08-01,0.357611157468113,0.4565085633297351,17.049180327868854,30.491803278688526,23.770491803278688,media_percentiles_50_50,1.0
46110,2022-08-01,0.5935500890325134,3.5017813636632997,30.81967213114754,67.54098360655738,49.18032786885246,media_percentiles_50_50,1.0
46131,2022-08-01,14.240360422073218,17.711166121947862,87.54098360655738,86.55737704918033,87.04918032786885,media_percentiles_50_50,1.0
46145,2022-08-01,2.058238013294193,0.7971094920700658,54.42622950819672,38.36065573770492,46.393442622950815,media_percentiles_50_50,1.0
46159,2022-08-01,0.6416426050689766,1.032313219827092,34.09836065573771,40.65573770491803,37.37704918032787,media_percentiles_50_50,1.0
46169,2022-08-01,0.7678063321439863,16.70480769712652,38.36065573770492,85.90163934426229,62.131147540983605,media_percentiles_50_50,1.0
46181,2022-08-01,29.98530521466301,12.549500152020617,93.11475409836065,83.27868852459017,88.19672131147541,media_percentiles_50_50,1.0
46184,2022-08-01,1.3075168308017582,0.3747099894302698,48.85245901639344,25.901639344262296,37.377049180327866,media_percentiles_50_50,1.0
46190,2022-08-01,1.05731775180857,2.121764495029253,46.885245901639344,57.704918032786885,52.295081967213115,media_percentiles_50_50,1.0
46220,2022-08-01,5.685658037786854,2.889622810405799,74.09836065573771,64.26229508196721,69.18032786885246,media_percentiles_50_50,1.0
46235,2022-08-01,5.011176004037782,1.5042058116740429,72.78688524590164,51.14754098360656,61.9672131147541,media_percentiles_50_50,1.0
46244,2022-08-01,0.4463132179183012,0.5484518426706856,24.59016393442623,33.114754098360656,28.852459016393443,media_percentiles_50_50,1.0
46250,2022-08-01,6.749594948592541,38.47462580225981,76.39344262295081,94.75409836065573,85.57377049180327,media_percentiles_50_50,1.0
47186,2022-08-01,0.8422434117284932,1.26165531056839,40.98360655737705,44.91803278688525,42.950819672131146,media_percentiles_50_50,1.0
48013,2022-08-01,0.5172328044959467,2.081195880129234,28.19672131147541,56.721311475409834,42.459016393442624,media_percentiles_50_50,1.0
48015,2022-08-01,0.1735938894950897,0.9983532619446644,5.901639344262295,40.32786885245902,23.114754098360656,media_percentiles_50_50,1.0
48020,2022-08-01,2.8245386151043075,23.510829944591727,60.65573770491803,91.47540983606558,76.06557377049181,media_percentiles_50_50,1.0
48027,2022-08-01,0.4390556925259212,1.2120714708715137,23.934426229508198,43.9344262295082,33.9344262295082,media_percentiles_50_50,1.0
48036,2022-08-01,0.1365886972852996,0.1655366981266987,4.262295081967213,13.442622950819672,8.852459016393443,media_percentiles_50_50,1.0
48044,2022-08-01,1.5975905192169186,10.275649060753606,51.14754098360656,81.63934426229508,66.39344262295083,media_percentiles_50_50,1.0
48054,2022-08-01,0.3729951510630361,1.430911241603865,18.688524590163933,49.18032786885246,33.9344262295082,media_percentiles_50_50,1.0
48078,2022-08-01,0.5803571428571429,8.292936642815867,30.491803278688526,79.01639344262296,54.75409836065574,media_percentiles_50_50,1.0
48082,2022-08-01,0.2841592165948982,1.4664278772301245,12.78688524590164,50.49180327868852,31.639344262295083,media_percentiles_50_50,1.0
48084,2022-08-01,0.3995205753096284,3.0738748006159065,20.983606557377048,65.24590163934427,43.114754098360656,media_percentiles_50_50,1.0
49275,2022-08-01,2.723833543505674,1.0805507854678458,60.0,42.295081967213115,51.14754098360656,media_percentiles_50_50,1.0
50297,2022-08-01,0.9524375566484896,0.6581126329359505,44.91803278688525,36.39344262295082,40.65573770491804,media_percentiles_50_50,1.0
51001,2022-08-01,0.6135928871350025,2.567243359255842,31.80327868852459,61.31147540983606,46.557377049180324,media_percentiles_50_50,1.0
52001,2022-08-01,0.481390160854761,3.0080625751540295,26.885245901639344,64.91803278688525,45.90163934426229,media_percentiles_50_50,1.0
01059,2023-02-01,0.6721743276302728,0.6210176258624717,33.442622950819676,34.42622950819672,33.9344262295082,media_percentiles_50_50,1.0
02003,2023-02-01,1.0219045529600592,0.1570555783957364,44.59016393442623,13.114754098360656,28.852459016393443,media_percentiles_50_50,1.0
02009,2023-02-01,0.4941932295527551,0.0225391116012588,25.901639344262296,2.2950819672131146,14.098360655737705,media_percentiles_50_50,1.0
02037,2023-02-01,0.4260060296238039,0.0166818250814916,22.295081967213115,1.639344262295082,11.967213114754099,media_percentiles_50_50,1.0
02081,2023-02-01,0.8733971177895113,0.0255103565190995,40.0,2.9508196721311477,21.475409836065573,media_percentiles_50_50,1.0
03009,2023-02-01,1.277461213924327,0.5848163908293806,48.52459016393443,33.442622950819676,40.98360655737705,media_percentiles_50_50,1.0
03014,2023-02-01,9.027089858624263,15.564568540673092,82.95081967213115,85.24590163934427,84.09836065573771,media_percentiles_50_50,1.0
03031,2023-02-01,34.51660169749247,64.84417962441378,94.09836065573771,97.37704918032787,95.73770491803279,media_percentiles_50_50,1.0
03047,2023-02-01,104.00711688713544,113.97431066324816,99.67213114754098,99.01639344262296,99.34426229508196,media_percentiles_50_50,1.0
03050,2023-02-01,36.74190644483713,19.928806631776258,95.08196721311475,88.52459016393442,91.80327868852459,media_percentiles_50_50,1.0
03059,2023-02-01,0.9274287039183864,0.2678142732557595,41.63934426229508,19.672131147540984,30.65573770491803,media_percentiles_50_50,1.0
03063,2023-02-01,68.7168471351541,47.21347160781335,98.68852459016394,96.06557377049181,97.37704918032787,media_percentiles_50_50,1.0
03065,2023-02-01,2.874612346984595,2.098000962600029,62.295081967213115,56.39344262295082,59.34426229508197,media_percentiles_50_50,1.0
03066,2023-02-01,0.3394049100576988,0.3947584660670483,14.426229508196721,25.901639344262296,20.16393442622951,media_percentiles_50_50,1.0
03082,2023-02-01,86.29032258064517,37.26393634675742,99.34426229508196,94.42622950819673,96.88524590163934,media_percentiles_50_50,1.0
03093,2023-02-01,0.465639672500097,0.1584698351612453,24.59016393442623,13.442622950819672,19.01639344262295,media_percentiles_50_50,1.0
03099,2023-02-01,29.970042086623245,6.759864537968228,93.11475409836065,78.0327868852459,85.57377049180327,media_percentiles_50_50,1.0
03104,2023-02-01,0.6192133042401368,0.2013786959691328,29.83606557377049,15.40983606557377,22.62295081967213,media_percentiles_50_50,1.0
03121,2023-02-01,35.51406811931457,23.065119636400834,94.75409836065573,91.14754098360656,92.95081967213115,media_percentiles_50_50,1.0
03122,2023-02-01,1.501802162595114,2.219459167173781,51.47540983606557,59.01639344262295,55.24590163934426,media_percentiles_50_50,1.0
03133,2023-02-01,41.88598947250532,52.11802057588893,97.04918032786885,97.04918032786885,97.04918032786885,media_percentiles_50_50,1.0
03139,2023-02-01,21.112127005236474,12.939819362644554,90.49180327868852,83.93442622950819,87.21311475409836,media_percentiles_50_50,1.0
03140,2023-02-01,0.9664948453608248,0.0956372698575769,43.278688524590166,9.180327868852459,26.229508196721312,media_percentiles_50_50,1.0
04013,2023-02-01,3.5597124310741957,2.4144101314530046,67.21311475409836,60.32786885245902,63.77049180327869,media_percentiles_50_50,1.0
04066,2023-02-01,24.529794874916306,1.343777951696962,91.14754098360656,45.90163934426229,68.52459016393442,media_percentiles_50_50,1.0
04079,2023-02-01,7.0322035489625385,12.522330468892978,78.68852459016394,83.27868852459017,80.98360655737704,media_percentiles_50_50,1.0
04902,2023-02-01,1.3559322033898304,0.5395015866957038,50.16393442622951,32.131147540983605,41.14754098360656,media_percentiles_50_50,1.0
05019,2023-02-01,2.4246202871443168,0.6068371299543291,57.377049180327866,34.09836065573771,45.73770491803279,media_percentiles_50_50,1.0
06011,2023-02-01,0.0883704489218805,0.0182100372336862,0.32786885245901637,1.9672131147540983,1.1475409836065573,media_percentiles_50_50,1.0
06015,2023-02-01,0.2596710832944936,0.0270708828788483,9.508196721311476,3.6065573770491803,6.557377049180328,media_percentiles_50_50,1.0
06044,2023-02-01,0.2400960384153661,0.0160895618955716,7.868852459016393,1.3114754098360655,4.590163934426229,media_percentiles_50_50,1.0
06083,2023-02-01,3.3130959788769108,0.2278862943156687,65.24590163934427,16.39344262295082,40.81967213114754,media_percentiles_50_50,1.0
06153,2023-02-01,0.6213350937827657,0.1043531485448576,30.16393442622951,9.508196721311476,19.836065573770494,media_percentiles_50_50,1.0
07011,2023-02-01,9.160678680260336,3.352953157326287,83.27868852459017,67.8688524590164,75.57377049180329,media_percentiles_50_50,1.0
07015,2023-02-01,39.02299398912317,6.594878719294467,96.39344262295081,77.70491803278688,87.04918032786884,media_percentiles_50_50,1.0
07026,2023-02-01,8.519886145088083,39.61592258062106,81.63934426229508,95.08196721311475,88.36065573770492,media_percentiles_50_50,1.0
07027,2023-02-01,7.721896058073286,4.57686904935484,80.98360655737704,72.1311475409836,76.55737704918033,media_percentiles_50_50,1.0
07031,2023-02-01,16.08606557377049,1.9184433897879107,89.18032786885246,54.75409836065574,71.9672131147541,media_percentiles_50_50,1.0
07032,2023-02-01,5.618353287405525,1.43209148754945,75.08196721311475,47.868852459016395,61.47540983606557,media_percentiles_50_50,1.0
07033,2023-02-01,19.85127707727126,3.538898713992316,89.8360655737705,68.52459016393442,79.18032786885246,media_percentiles_50_50,1.0
07036,2023-02-01,3.422920892494929,2.4900378276174404,65.90163934426229,60.98360655737705,63.44262295081967,media_percentiles_50_50,1.0
07040,2023-02-01,3.021140899964568,6.1261428044885085,63.278688524590166,76.06557377049181,69.672131147541,media_percentiles_50_50,1.0
07054,2023-02-01,22.824294169011353,6.126650554355165,90.81967213114754,76.39344262295081,83.60655737704917,media_percentiles_50_50,1.0
08015,2023-02-01,0.9249547480272796,9.969321821545805,41.31147540983606,80.98360655737704,61.147540983606554,media_percentiles_50_50,1.0
08019,2023-02-01,4.523161550777593,74.58601233109371,71.47540983606558,97.70491803278688,84.59016393442623,media_percentiles_50_50,1.0
08056,2023-02-01,3.81428383532816,20.17293064507977,68.19672131147541,89.18032786885246,78.68852459016394,media_percentiles_50_50,1.0
08073,2023-02-01,0.8194633622360276,10.732521924824258,38.36065573770492,82.29508196721312,60.32786885245902,media_percentiles_50_50,1.0
08077,2023-02-01,1.0229960998273695,10.599658067158352,44.91803278688525,81.9672131147541,63.442622950819676,media_percentiles_50_50,1.0
08089,2023-02-01,1.2817010904965016,1.9839351811447163,48.85245901639344,55.40983606557377,52.131147540983605,media_percentiles_50_50,1.0
08096,2023-02-01,0.1584987003106574,0.67014258072211,3.6065573770491803,35.73770491803279,19.672131147540984,media_percentiles_50_50,1.0
08101,2023-02-01,2.3719735475761055,47.855632182277695,56.721311475409834,96.39344262295081,76.55737704918033,media_percentiles_50_50,1.0
08102,2023-02-01,0.2915168593917014,1.4627459362333963,11.475409836065573,48.19672131147541,29.83606557377049,media_percentiles_50_50,1.0
08113,2023-02-01,0.6592542819833411,1.2460327623775072,32.459016393442624,44.26229508196721,38.36065573770492,media_percentiles_50_50,1.0
08114,2023-02-01,0.2433936022253129,0.5476457444875056,8.524590163934427,32.459016393442624,20.491803278688526,media_percentiles_50_50,1.0
08121,2023-02-01,0.9317009317009316,5.392170147090499,41.967213114754095,74.42622950819673,58.196721311475414,media_percentiles_50_50,1.0
08124,2023-02-01,0.0964803951836986,0.4638478795888505,0.6557377049180327,29.18032786885246,14.918032786885245,media_percentiles_50_50,1.0
08125,2023-02-01,0.2439619419370578,0.3835683736544918,8.852459016393443,24.918032786885245,16.885245901639344,media_percentiles_50_50,1.0
08163,2023-02-01,7.199749573927863,20.09973633508073,79.67213114754098,88.85245901639344,84.26229508196721,media_percentiles_50_50,1.0
08169,2023-02-01,0.7631723548446181,1.484729112803706,34.75409836065574,48.85245901639344,41.803278688524586,media_percentiles_50_50,1.0
08172,2023-02-01,1.4947683109118086,21.714304567664225,51.14754098360656,90.1639344262295,70.65573770491804,media_percentiles_50_50,1.0
08180,2023-02-01,0.1782576587129797,1.5914828797794744,4.590163934426229,49.83606557377049,27.21311475409836,media_percentiles_50_50,1.0
08184,2023-02-01,0.6496426965169156,1.6111559106724878,31.80327868852459,50.16393442622951,40.98360655737705,media_percentiles_50_50,1.0
08187,2023-02-01,0.2977553825011452,1.7272047754085955,12.131147540983607,52.459016393442624,32.295081967213115,media_percentiles_50_50,1.0
08194,2023-02-01,4.456163480553724,43.31133969299776,71.14754098360656,95.40983606557377,83.27868852459017,media_percentiles_50_50,1.0
08196,2023-02-01,0.1114827201783723,0.5318914924148759,1.3114754098360655,31.147540983606557,16.229508196721312,media_percentiles_50_50,1.0
08200,2023-02-01,0.1191625257688962,0.452875307952647,1.9672131147540983,28.524590163934427,15.245901639344263,media_percentiles_50_50,1.0
08205,2023-02-01,0.9330462421818928,1.8841555577825568,42.295081967213115,53.77049180327869,48.0327868852459,media_percentiles_50_50,1.0
08211,2023-02-01,0.1737015806843842,0.6680057624219912,4.262295081967213,35.40983606557377,19.83606557377049,media_percentiles_50_50,1.0
08217,2023-02-01,0.3471418653089562,2.1371527133306767,14.754098360655737,57.377049180327866,36.0655737704918,media_percentiles_50_50,1.0
08231,2023-02-01,4.5617567482539485,3.546952549248038,72.1311475409836,68.85245901639344,70.49180327868852,media_percentiles_50_50,1.0
08245,2023-02-01,0.2419449033054679,4.087844531294896,8.19672131147541,70.49180327868852,39.34426229508197,media_percentiles_50_50,1.0
08252,2023-02-01,0.3001020346917952,1.2174590027886212,12.459016393442623,43.60655737704918,28.0327868852459,media_percentiles_50_50,1.0
08260,2023-02-01,0.1157050293119407,0.1913574243041217,1.639344262295082,14.098360655737705,7.868852459016393,media_percentiles_50_50,1.0
08263,2023-02-01,0.1408153207068929,0.4311901117989488,2.622950819672131,27.868852459016395,15.245901639344263,media_percentiles_50_50,1.0
08266,2023-02-01,0.5528775548990135,1.03727872826408,28.852459016393443,40.65573770491803,34.75409836065574,media_percentiles_50_50,1.0
08270,2023-02-01,29.229517431307503,21.241358884000604,92.78688524590164,89.8360655737705,91.31147540983608,media_percentiles_50_50,1.0
08279,2023-02-01,0.4660928545745904,1.4973040266685314,24.918032786885245,49.18032786885246,37.049180327868854,media_percentiles_50_50,1.0
08298,2023-02-01,0.8684145231990736,1.3603936820554596,39.67213114754098,46.557377049180324,43.11475409836065,media_percentiles_50_50,1.0
08301,2023-02-01,0.1799721043238298,0.5893054376114331,5.245901639344262,33.77049180327869,19.508196721311474,media_percentiles_50_50,1.0
08305,2023-02-01,0.6140393967676966,1.2509743919285492,29.508196721311474,44.59016393442623,37.049180327868854,media_percentiles_50_50,1.0
08307,2023-02-01,2.686844627763093,5.446711569860365,60.98360655737705,74.75409836065573,67.8688524590164,media_percentiles_50_50,1.0
09018,2023-02-01,1.3382501635639088,0.3535674362769359,49.83606557377049,23.278688524590162,36.557377049180324,media_percentiles_50_50,1.0
09059,2023-02-01,1.5763738814910777,2.568584243718791,52.131147540983605,61.63934426229508,56.885245901639344,media_percentiles_50_50,1.0
09219,2023-02-01,0.0280591486854288,0.0098816792648086,0.0,0.0,0.0,media_percentiles_50_50,1.0
10037,2023-02-01,2.276152367094528,0.1251264880338162,55.73770491803279,10.819672131147541,33.278688524590166,media_percentiles_50_50,1.0
10148,2023-02-01,2.055211610676951,0.3716724263792856,53.77049180327869,23.934426229508198,38.85245901639344,media_percentiles_50_50,1.0
11004,2023-02-01,0.9220391624002136,1.295986125326822,40.98360655737705,45.24590163934426,43.114754098360656,media_percentiles_50_50,1.0
11006,2023-02-01,6.138338771686104,0.3609630943733438,75.40983606557377,23.60655737704918,49.50819672131148,media_percentiles_50_50,1.0
11012,2023-02-01,12.843101304880555,82.1107319993863,86.88524590163935,98.0327868852459,92.45901639344262,media_percentiles_50_50,1.0
11015,2023-02-01,15.274662097419654,6.5442670544592545,88.85245901639344,77.37704918032787,83.11475409836066,media_percentiles_50_50,1.0
11020,2023-02-01,3.587658454915092,0.6436026383469312,67.54098360655738,35.08196721311475,51.31147540983606,media_percentiles_50_50,1.0
11022,2023-02-01,0.6899471563200728,1.6500123163240403,34.09836065573771,51.14754098360656,42.622950819672134,media_percentiles_50_50,1.0
11027,2023-02-01,8.92966497054992,4.948390052047425,82.62295081967213,73.44262295081967,78.0327868852459,media_percentiles_50_50,1.0
11028,2023-02-01,1.4262283391570991,0.306677612987366,50.81967213114754,21.311475409836067,36.0655737704918,media_percentiles_50_50,1.0
11030,2023-02-01,13.445661331086772,4.544687411927618,87.54098360655738,71.80327868852459,79.67213114754098,media_percentiles_50_50,1.0
11031,2023-02-01,1.054010029065125,3.2035481463046773,46.885245901639344,66.88524590163935,56.88524590163935,media_percentiles_50_50,1.0
11032,2023-02-01,8.60969844567008,3.4647399582883773,82.29508196721312,68.19672131147541,75.24590163934427,media_percentiles_50_50,1.0
11033,2023-02-01,13.136777031445046,3.1630310736459992,87.21311475409836,66.22950819672131,76.72131147540983,media_percentiles_50_50,1.0
12009,2023-02-01,0.6788381149737397,0.5727496278483531,33.77049180327869,32.78688524590164,33.278688524590166,media_percentiles_50_50,1.0
12027,2023-02-01,6.903524981695199,4.139420876860678,78.0327868852459,70.81967213114754,74.42622950819671,media_percentiles_50_50,1.0
12032,2023-02-01,2.2937062937062938,1.7502952703835657,56.0655737704918,53.114754098360656,54.59016393442623,media_percentiles_50_50,1.0
12040,2023-02-01,2.014321542459629,3.1888507371808243,53.442622950819676,66.55737704918033,60.0,media_percentiles_50_50,1.0
12084,2023-02-01,0.3522918542294594,0.0831528122635263,15.737704918032787,8.524590163934427,12.131147540983607,media_percentiles_50_50,1.0
12126,2023-02-01,0.5061529214513935,0.2385254132511285,26.557377049180328,16.721311475409838,21.639344262295083,media_percentiles_50_50,1.0
12135,2023-02-01,0.4049988428604489,0.3811372286810267,20.327868852459016,24.59016393442623,22.459016393442624,media_percentiles_50_50,1.0
12138,2023-02-01,14.013339621370342,4.3541139942696425,87.8688524590164,71.14754098360656,79.50819672131148,media_percentiles_50_50,1.0
13005,2023-02-01,0.7759958613554061,0.0360088352797791,35.73770491803279,4.918032786885246,20.32786885245902,media_percentiles_50_50,1.0
13034,2023-02-01,0.916298155451974,0.2419800253156334,40.65573770491803,17.37704918032787,29.01639344262295,media_percentiles_50_50,1.0
13071,2023-02-01,0.2215968267334411,0.044418013229602,7.213114754098361,5.901639344262295,6.557377049180328,media_percentiles_50_50,1.0
13082,2023-02-01,0.6335390039665051,0.0949808266409631,30.81967213114754,8.852459016393443,19.83606557377049,media_percentiles_50_50,1.0
13087,2023-02-01,0.789188122718753,0.0490536939131403,37.049180327868854,6.229508196721311,21.639344262295083,media_percentiles_50_50,1.0
14021,2023-02-01,4.713324252616883,1.2163126205088293,72.45901639344262,43.278688524590166,57.868852459016395,media_percentiles_50_50,1.0
14038,2023-02-01,0.8642234835213604,0.1051861546233281,39.34426229508197,9.836065573770492,24.59016393442623,media_percentiles_50_50,1.0
14056,2023-02-01,0.705147577314395,0.1229098128267715,34.42622950819672,10.491803278688524,22.45901639344262,media_percentiles_50_50,1.0
15002,2023-02-01,2.95548303675882,1.1985159545712505,62.950819672131146,42.950819672131146,52.950819672131146,media_percentiles_50_50,1.0
15005,2023-02-01,1.223296336078291,0.4252966449199569,47.868852459016395,27.21311475409836,37.540983606557376,media_percentiles_50_50,1.0
15019,2023-02-01,2.5464731347084286,0.4265424267902993,59.01639344262295,27.540983606557376,43.278688524590166,media_percentiles_50_50,1.0
15030,2023-02-01,2.760979238082918,17.64415960269902,61.63934426229508,86.88524590163935,74.26229508196721,media_percentiles_50_50,1.0
15031,2023-02-01,0.8100051840331778,0.4074929342625779,38.032786885245905,26.557377049180328,32.295081967213115,media_percentiles_50_50,1.0
15036,2023-02-01,2.300829550790421,1.763912338933087,56.39344262295082,53.442622950819676,54.91803278688525,media_percentiles_50_50,1.0
15054,2023-02-01,0.3841130828916033,0.2235284120330471,17.37704918032787,16.065573770491802,16.721311475409834,media_percentiles_50_50,1.0
15058,2023-02-01,3.3854373297363063,2.9070812580120275,65.57377049180327,64.26229508196721,64.91803278688525,media_percentiles_50_50,1.0
15073,2023-02-01,9.692933777284498,3.8540686210572623,83.93442622950819,69.8360655737705,76.88524590163934,media_percentiles_50_50,1.0
15078,2023-02-01,4.863862514819581,2.181775050225923,73.11475409836065,58.36065573770492,65.73770491803279,media_percentiles_50_50,1.0
16078,2023-02-01,5.4940947824786965,0.3290902040514414,74.75409836065573,22.295081967213115,48.52459016393442,media_percentiles_50_50,1.0
17023,2023-02-01,12.244016037260222,28.69133511437697,86.22950819672131,92.45901639344262,89.34426229508196,media_percentiles_50_50,1.0
17066,2023-02-01,2.9031516948975544,7.319285785859977,62.622950819672134,78.68852459016394,70.65573770491804,media_percentiles_50_50,1.0
17079,2023-02-01,4.045245398773006,10.85595354159436,69.50819672131148,82.62295081967213,76.0655737704918,media_percentiles_50_50,1.0
17095,2023-02-01,37.68136865660867,32.3676878250788,95.40983606557377,93.44262295081967,94.42622950819671,media_percentiles_50_50,1.0
17114,2023-02-01,2.475312705727452,3.2354738101897813,57.704918032786885,67.54098360655738,62.62295081967213,media_percentiles_50_50,1.0
17155,2023-02-01,0.3910715360086637,1.9654116825327603,18.360655737704917,55.08196721311475,36.721311475409834,media_percentiles_50_50,1.0
18017,2023-02-01,42.81267167185497,14.022787682512908,97.37704918032787,84.59016393442623,90.98360655737704,media_percentiles_50_50,1.0
18087,2023-02-01,10.624688306337951,27.81937998055126,84.91803278688525,92.1311475409836,88.52459016393442,media_percentiles_50_50,1.0
18140,2023-02-01,4.038073262186328,2.306887338157642,69.18032786885246,59.34426229508197,64.26229508196721,media_percentiles_50_50,1.0
19046,2023-02-01,0.1690236069637726,0.3038293585226265,3.9344262295081966,20.983606557377048,12.459016393442623,media_percentiles_50_50,1.0
19130,2023-02-01,0.3932142455903831,0.1486285216753604,18.688524590163933,12.459016393442623,15.573770491803277,media_percentiles_50_50,1.0
20030,2023-02-01,0.4406256884776382,0.4843695867326544,22.950819672131146,30.491803278688526,26.721311475409834,media_percentiles_50_50,1.0
20045,2023-02-01,0.9376986649713922,1.4123534818638557,42.950819672131146,47.540983606557376,45.24590163934426,media_percentiles_50_50,1.0
20067,2023-02-01,0.3313705997807856,0.4030146338106613,13.442622950819672,26.229508196721312,19.83606557377049,media_percentiles_50_50,1.0
20069,2023-02-01,6.405535569531056,19.784236497292696,76.39344262295081,88.19672131147541,82.29508196721312,media_percentiles_50_50,1.0
21041,2023-02-01,0.834900232930149,0.7767966982071152,39.01639344262295,36.721311475409834,37.868852459016395,media_percentiles_50_50,1.0
21044,2023-02-01,5.48363585881373,1.2214647311259934,74.42622950819673,43.9344262295082,59.18032786885246,media_percentiles_50_50,1.0
22125,2023-02-01,0.7942958474951973,0.2670102702715112,37.377049180327866,19.34426229508197,28.360655737704917,media_percentiles_50_50,1.0
23005,2023-02-01,0.782385157035878,0.029057712554291,36.721311475409834,3.9344262295081966,20.327868852459016,media_percentiles_50_50,1.0
23050,2023-02-01,0.9741884741884742,0.2569372694232478,43.60655737704918,18.688524590163933,31.147540983606554,media_percentiles_50_50,1.0
23055,2023-02-01,0.4174531726441121,0.1169273207414077,21.9672131147541,10.163934426229508,16.065573770491802,media_percentiles_50_50,1.0
23092,2023-02-01,3.1647441585329785,0.2657676476891072,64.59016393442623,19.016393442622952,41.80327868852459,media_percentiles_50_50,1.0
24089,2023-02-01,3.5537305925907603,11.041303849504455,66.88524590163935,82.95081967213115,74.91803278688525,media_percentiles_50_50,1.0
24115,2023-02-01,2.1282340422152695,0.4732166528931616,55.08196721311475,29.508196721311474,42.295081967213115,media_percentiles_50_50,1.0
24142,2023-02-01,0.4338973999532726,0.2004809664160348,22.62295081967213,15.081967213114755,18.852459016393443,media_percentiles_50_50,1.0
25120,2023-02-01,0.4053279662319873,0.273339477242455,20.65573770491803,20.327868852459016,20.491803278688522,media_percentiles_50_50,1.0
26089,2023-02-01,2.5633703671729213,4.88769060313272,59.67213114754098,73.11475409836065,66.39344262295081,media_percentiles_50_50,1.0
27028,2023-02-01,2.1178243427617245,0.6307129406788039,54.42622950819672,34.75409836065574,44.59016393442623,media_percentiles_50_50,1.0
28005,2023-02-01,0.9338099445738614,2.108930806285511,42.622950819672134,56.721311475409834,49.67213114754098,media_percentiles_50_50,1.0
28006,2023-02-01,1.0048904669391037,2.651744384655861,44.26229508196721,62.622950819672134,53.44262295081967,media_percentiles_50_50,1.0
28007,2023-02-01,0.3376568940223086,1.7264039200006378,13.770491803278688,52.131147540983605,32.950819672131146,media_percentiles_50_50,1.0
28013,2023-02-01,1.318652337311268,0.4230695652000578,49.18032786885246,26.885245901639344,38.0327868852459,media_percentiles_50_50,1.0
28014,2023-02-01,0.1864722834378708,0.13694695682431,5.573770491803279,11.475409836065573,8.524590163934427,media_percentiles_50_50,1.0
28022,2023-02-01,0.3552562478761855,0.484265950114136,16.065573770491802,30.16393442622951,23.114754098360656,media_percentiles_50_50,1.0
28045,2023-02-01,0.217399181129751,0.0655839174449662,6.885245901639344,6.557377049180328,6.721311475409836,media_percentiles_50_50,1.0
28047,2023-02-01,0.3959973803250224,1.0308996571451654,19.34426229508197,40.0,29.672131147540984,media_percentiles_50_50,1.0
28049,2023-02-01,0.4116201619039303,2.743035092143697,21.639344262295083,62.950819672131146,42.295081967213115,media_percentiles_50_50,1.0
28058,2023-02-01,0.1059681247880637,0.5091529667344793,0.9836065573770492,30.81967213114754,15.901639344262295,media_percentiles_50_50,1.0
28061,2023-02-01,0.9922603691208574,0.5366224182012944,43.9344262295082,31.475409836065573,37.704918032786885,media_percentiles_50_50,1.0
28065,2023-02-01,0.4518582671235456,1.0681532557179418,23.934426229508198,41.31147540983606,32.62295081967213,media_percentiles_50_50,1.0
28074,2023-02-01,0.2622400545459313,1.1557146800184173,9.836065573770492,42.622950819672134,26.229508196721312,media_percentiles_50_50,1.0
28079,2023-02-01,4.052178323456986,22.3378322815332,69.8360655737705,90.49180327868852,80.1639344262295,media_percentiles_50_50,1.0
28080,2023-02-01,0.5100071676683023,0.9612175836742156,27.21311475409836,38.68852459016394,32.950819672131146,media_percentiles_50_50,1.0
28092,2023-02-01,0.2366695855915556,1.1137456539261672,7.540983606557377,41.63934426229508,24.59016393442623,media_percentiles_50_50,1.0
28096,2023-02-01,0.2502032901732657,0.0792821516501877,9.180327868852459,7.868852459016393,8.524590163934427,media_percentiles_50_50,1.0
28106,2023-02-01,0.2631499804517157,1.4004983544831258,10.163934426229508,47.21311475409836,28.688524590163937,media_percentiles_50_50,1.0
28113,2023-02-01,0.380379655122446,0.3385781989805956,17.049180327868854,22.62295081967213,19.83606557377049,media_percentiles_50_50,1.0
28115,2023-02-01,1.0249594521535412,2.1116856131746657,45.24590163934426,57.049180327868854,51.14754098360656,media_percentiles_50_50,1.0
28123,2023-02-01,0.3889304412864622,0.5740842652948016,18.0327868852459,33.114754098360656,25.57377049180328,media_percentiles_50_50,1.0
28127,2023-02-01,0.6219032277797035,1.0455345152795117,30.491803278688526,40.98360655737705,35.73770491803279,media_percentiles_50_50,1.0
28130,2023-02-01,0.1539487863704007,0.1543569717472244,3.278688524590164,12.78688524590164,8.032786885245901,media_percentiles_50_50,1.0
28134,2023-02-01,1.0352190135225483,1.6201835045441055,46.557377049180324,50.81967213114754,48.68852459016394,media_percentiles_50_50,1.0
28148,2023-02-01,0.4865261308101749,2.0682589153395923,25.57377049180328,55.73770491803279,40.65573770491804,media_percentiles_50_50,1.0
28161,2023-02-01,0.3071479470231221,0.3894455885657186,13.114754098360656,25.57377049180328,19.34426229508197,media_percentiles_50_50,1.0
28181,2023-02-01,2.1913043478260867,0.9233390726228924,55.40983606557377,38.032786885245905,46.721311475409834,media_percentiles_50_50,1.0
28903,2023-02-01,0.3498338289312576,0.4738490088488443,15.081967213114755,29.83606557377049,22.459016393442624,media_percentiles_50_50,1.0
29007,2023-02-01,4.945734304162659,2.6118482596492156,73.44262295081967,61.967213114754095,67.70491803278688,media_percentiles_50_50,1.0
29015,2023-02-01,2.525620476953713,0.1390310280278658,58.68852459016394,11.80327868852459,35.24590163934426,media_percentiles_50_50,1.0
29025,2023-02-01,40.6063244548225,114.38116379798426,96.72131147540983,99.34426229508196,98.0327868852459,media_percentiles_50_50,1.0
29051,2023-02-01,34.829490094186426,19.516042030447863,94.42622950819673,87.8688524590164,91.14754098360656,media_percentiles_50_50,1.0
29054,2023-02-01,24.63842613145167,204.58406091990625,91.47540983606558,100.0,95.73770491803279,media_percentiles_50_50,1.0
29067,2023-02-01,10.66195530573822,15.805973533370178,85.24590163934427,85.57377049180327,85.40983606557377,media_percentiles_50_50,1.0
29069,2023-02-01,37.90908218433091,50.57450180990896,95.73770491803279,96.72131147540983,96.22950819672131,media_percentiles_50_50,1.0
29070,2023-02-01,38.204403921868014,23.553124580495133,96.06557377049181,91.47540983606558,93.7704918032787,media_percentiles_50_50,1.0
29082,2023-02-01,10.331384015594542,18.821365348567053,84.59016393442623,87.21311475409836,85.90163934426229,media_percentiles_50_50,1.0
29084,2023-02-01,16.17210237330853,1.3541093078533577,89.50819672131148,46.22950819672131,67.8688524590164,media_percentiles_50_50,1.0
29094,2023-02-01,9.229652014008456,4.98986299918788,83.60655737704919,73.77049180327869,78.68852459016394,media_percentiles_50_50,1.0
29901,2023-02-01,28.239202657807308,99.88744974856522,92.1311475409836,98.36065573770492,95.24590163934425,media_percentiles_50_50,1.0
30003,2023-02-01,10.064565134827191,1.4729951374910484,84.26229508196721,48.52459016393443,66.39344262295081,media_percentiles_50_50,1.0
30005,2023-02-01,0.3019814629840414,0.8002793460458935,12.78688524590164,37.377049180327866,25.08196721311475,media_percentiles_50_50,1.0
30015,2023-02-01,2.601335611119739,0.077888770740795,60.32786885245902,7.540983606557377,33.9344262295082,media_percentiles_50_50,1.0
30016,2023-02-01,6.773675762439807,2.636622418529766,77.37704918032787,62.295081967213115,69.8360655737705,media_percentiles_50_50,1.0
30019,2023-02-01,0.1416992574958907,0.0136517286843418,2.9508196721311477,0.6557377049180327,1.8032786885245902,media_percentiles_50_50,1.0
30022,2023-02-01,0.4106929510155316,0.0113441256600439,21.311475409836067,0.32786885245901637,10.819672131147541,media_percentiles_50_50,1.0
30024,2023-02-01,0.6602537405913842,0.0387996561761073,32.78688524590164,5.573770491803279,19.18032786885246,media_percentiles_50_50,1.0
30026,2023-02-01,14.885961348731936,1.6123272671897428,88.19672131147541,50.49180327868852,69.34426229508196,media_percentiles_50_50,1.0
30027,2023-02-01,0.4600783447695665,0.206648777482201,24.262295081967213,15.737704918032787,20.0,media_percentiles_50_50,1.0
30030,2023-02-01,1.7690551753389443,0.9377313822718846,52.78688524590164,38.36065573770492,45.57377049180327,media_percentiles_50_50,1.0
30035,2023-02-01,27.836894526262025,13.016615331623218,91.80327868852459,84.26229508196721,88.0327868852459,media_percentiles_50_50,1.0
30037,2023-02-01,14.908932551169404,3.069509299329988,88.52459016393442,65.24590163934427,76.88524590163934,media_percentiles_50_50,1.0
30039,2023-02-01,0.2715014027572476,0.0313278309152265,10.491803278688524,4.590163934426229,7.5409836065573765,media_percentiles_50_50,1.0
30043,2023-02-01,0.6475042932349877,0.0379988721481809,31.475409836065573,5.245901639344262,18.360655737704917,media_percentiles_50_50,1.0
31201,2023-02-01,2.5077516742644415,20.56544108742329,58.032786885245905,89.50819672131148,73.77049180327869,media_percentiles_50_50,1.0
31232,2023-02-01,1.8258315471937765,0.320847382133228,53.114754098360656,21.639344262295083,37.37704918032787,media_percentiles_50_50,1.0
32054,2023-02-01,2.407673860911271,2.9609005101993637,57.049180327868854,64.59016393442623,60.81967213114754,media_percentiles_50_50,1.0
33004,2023-02-01,1.5625413808628406,4.415607864260736,51.80327868852459,71.47540983606558,61.63934426229508,media_percentiles_50_50,1.0
33024,2023-02-01,4.099689541691979,5.98008123944166,70.1639344262295,75.73770491803279,72.95081967213115,media_percentiles_50_50,1.0
33031,2023-02-01,0.5266206751277055,0.239286091711302,28.524590163934427,17.049180327868854,22.78688524590164,media_percentiles_50_50,1.0
33037,2023-02-01,0.8012156375189944,0.198555599507943,37.704918032786885,14.754098360655737,26.229508196721312,media_percentiles_50_50,1.0
33044,2023-02-01,3.0562909037429224,3.573353254805906,63.60655737704918,69.50819672131148,66.55737704918033,media_percentiles_50_50,1.0
33066,2023-02-01,1.034601678353834,0.2559600859770041,46.22950819672131,18.360655737704917,32.295081967213115,media_percentiles_50_50,1.0
34120,2023-02-01,0.4061259514482975,0.3255993562876718,20.983606557377048,21.9672131147541,21.475409836065573,media_percentiles_50_50,1.0
35002,2023-02-01,7.168458781362007,2.965635975138414,79.34426229508196,64.91803278688525,72.1311475409836,media_percentiles_50_50,1.0
35004,2023-02-01,7.0959183043840435,18.949243089690498,79.01639344262296,87.54098360655738,83.27868852459017,media_percentiles_50_50,1.0
35006,2023-02-01,2.668324654801689,3.1365392879537413,60.65573770491803,65.90163934426229,63.278688524590166,media_percentiles_50_50,1.0
35011,2023-02-01,3.4307968102862088,2.839736644812857,66.22950819672131,63.9344262295082,65.08196721311475,media_percentiles_50_50,1.0
35014,2023-02-01,119.04189147393382,9.748565720709196,100.0,80.65573770491804,90.32786885245902,media_percentiles_50_50,1.0
35016,2023-02-01,6.248230946466787,22.861912408093595,75.73770491803279,90.81967213114754,83.27868852459017,media_percentiles_50_50,1.0
35017,2023-02-01,8.527310440193594,1.272478170074411,81.9672131147541,44.91803278688525,63.442622950819676,media_percentiles_50_50,1.0
35019,2023-02-01,62.694761834100014,10.167888947769873,98.0327868852459,81.63934426229508,89.8360655737705,media_percentiles_50_50,1.0
35022,2023-02-01,3.924574177094758,4.749846313851768,68.52459016393442,72.78688524590164,70.65573770491804,media_percentiles_50_50,1.0
35026,2023-02-01,3.4736112872852165,3.5482625369766634,66.55737704918033,69.18032786885246,67.8688524590164,media_percentiles_50_50,1.0
36008,2023-02-01,11.601447383146192,8.21946263660692,85.90163934426229,79.34426229508196,82.62295081967213,media_percentiles_50_50,1.0
36026,2023-02-01,4.835310162416828,3.2163210393751127,72.78688524590164,67.21311475409836,70.0,media_percentiles_50_50,1.0
36038,2023-02-01,3.6348215908402497,2.532326427892699,67.8688524590164,61.31147540983606,64.59016393442623,media_percentiles_50_50,1.0
36045,2023-02-01,3.1102049279469193,1.7296801537476043,64.26229508196721,52.78688524590164,58.52459016393442,media_percentiles_50_50,1.0
36057,2023-02-01,3.245338019151921,8.697084321585884,64.91803278688525,79.67213114754098,72.29508196721312,media_percentiles_50_50,1.0
36060,2023-02-01,6.925097508556873,5.930062672223867,78.36065573770492,75.40983606557377,76.88524590163934,media_percentiles_50_50,1.0
37274,2023-02-01,4.5431179404532,16.532007518741686,71.80327868852459,86.22950819672131,79.01639344262296,media_percentiles_50_50,1.0
38001,2023-02-01,70.04604620567305,33.165893161429054,99.01639344262296,93.77049180327869,96.39344262295083,media_percentiles_50_50,1.0
38006,2023-02-01,43.61341482011519,45.56455972557755,97.70491803278688,95.73770491803279,96.72131147540983,media_percentiles_50_50,1.0
38011,2023-02-01,10.803652331497874,6.265100061349107,85.57377049180327,77.04918032786885,81.31147540983606,media_percentiles_50_50,1.0
38017,2023-02-01,20.239525317607654,6.8429179353245635,90.1639344262295,78.36065573770492,84.26229508196721,media_percentiles_50_50,1.0
38023,2023-02-01,4.0180087276934495,6.237053970589647,68.85245901639344,76.72131147540983,72.78688524590163,media_percentiles_50_50,1.0
38026,2023-02-01,7.325575917463608,1.5032329590695237,80.0,49.50819672131148,64.75409836065575,media_percentiles_50_50,1.0
38028,2023-02-01,28.75295795649778,100.4998900503981,92.45901639344262,98.68852459016394,95.57377049180329,media_percentiles_50_50,1.0
38031,2023-02-01,7.579218964173408,4.993969765010129,80.65573770491804,74.09836065573771,77.37704918032787,media_percentiles_50_50,1.0
38038,2023-02-01,4.135724348718928,5.756442365238379,70.49180327868852,75.08196721311475,72.78688524590163,media_percentiles_50_50,1.0
39016,2023-02-01,2.701901215855547,2.2171938500762383,61.31147540983606,58.68852459016394,60.0,media_percentiles_50_50,1.0
39020,2023-02-01,6.832204665161775,2.3632834367936284,77.70491803278688,59.67213114754098,68.68852459016392,media_percentiles_50_50,1.0
39075,2023-02-01,6.71583895881338,32.148179289047846,77.04918032786885,93.11475409836065,85.08196721311475,media_percentiles_50_50,1.0
39087,2023-02-01,1.323961760869142,1.9137223081113608,49.50819672131148,54.42622950819672,51.9672131147541,media_percentiles_50_50,1.0
40194,2023-02-01,2.5484699378565407,0.7946510524213117,59.34426229508197,37.049180327868854,48.196721311475414,media_percentiles_50_50,1.0
41004,2023-02-01,0.5094909010150627,0.1364758574444693,26.885245901639344,11.147540983606557,19.01639344262295,media_percentiles_50_50,1.0
41021,2023-02-01,0.7813332386262741,1.8975672565677464,36.39344262295082,54.09836065573771,45.24590163934427,media_percentiles_50_50,1.0
41024,2023-02-01,2.098067747284356,0.0672569195393812,54.09836065573771,6.885245901639344,30.491803278688526,media_percentiles_50_50,1.0
41034,2023-02-01,0.2913847249651957,0.1436187163293936,11.147540983606557,12.131147540983607,11.639344262295083,media_percentiles_50_50,1.0
41038,2023-02-01,0.5036659687295386,0.4380574317490423,26.229508196721312,28.19672131147541,27.213114754098363,media_percentiles_50_50,1.0
41039,2023-02-01,0.65772830761447,0.0265849565407158,32.131147540983605,3.278688524590164,17.704918032786885,media_percentiles_50_50,1.0
41053,2023-02-01,0.216395571103978,0.0159918522616942,6.229508196721311,0.9836065573770492,3.6065573770491803,media_percentiles_50_50,1.0
41059,2023-02-01,1.0306892997623105,2.800383296898738,45.90163934426229,63.278688524590166,54.59016393442623,media_percentiles_50_50,1.0
41065,2023-02-01,0.403981049616218,0.0254416644111779,19.672131147540984,2.622950819672131,11.147540983606557,media_percentiles_50_50,1.0
41069,2023-02-01,0.206729029924027,0.0730812698807862,5.901639344262295,7.213114754098361,6.557377049180328,media_percentiles_50_50,1.0
41081,2023-02-01,0.2738907424929037,0.0794446299815278,10.819672131147541,8.19672131147541,9.508196721311474,media_percentiles_50_50,1.0
41091,2023-02-01,7.527502649756953,36.259338737759165,80.32786885245902,94.09836065573771,87.21311475409837,media_percentiles_50_50,1.0
41095,2023-02-01,0.3867125565567114,0.030754241546554,17.704918032786885,4.262295081967213,10.98360655737705,media_percentiles_50_50,1.0
42173,2023-02-01,2.518954509177973,0.3889586243220288,58.36065573770492,25.24590163934426,41.803278688524586,media_percentiles_50_50,1.0
43038,2023-02-01,30.578693555458138,31.68173003615624,93.77049180327869,92.78688524590164,93.27868852459017,media_percentiles_50_50,1.0
43123,2023-02-01,0.8204352916232635,1.6819904537295671,38.68852459016394,51.80327868852459,45.24590163934427,media_percentiles_50_50,1.0
43148,2023-02-01,4.274493353198999,10.044535734745716,70.81967213114754,81.31147540983606,76.0655737704918,media_percentiles_50_50,1.0
43155,2023-02-01,1.7032824273218048,0.2692459070111692,52.459016393442624,20.0,36.22950819672131,media_percentiles_50_50,1.0
43163,2023-02-01,8.131107800308072,8.724793836544698,81.31147540983606,80.0,80.65573770491804,media_percentiles_50_50,1.0
43905,2023-02-01,63.7572789835892,127.32127640934328,98.36065573770492,99.67213114754098,99.01639344262296,media_percentiles_50_50,1.0
44216,2023-02-01,3.0606336338820417,0.2520363613566786,63.9344262295082,18.0327868852459,40.98360655737705,media_percentiles_50_50,1.0
45081,2023-02-01,0.4468988412551473,0.2467216614405431,23.60655737704918,17.704918032786885,20.65573770491803,media_percentiles_50_50,1.0
45165,2023-02-01,0.4041028322854392,0.1816974420932059,20.0,13.770491803278688,16.885245901639344,media_percentiles_50_50,1.0
45168,2023-02-01,6.390147554316254,2.369264163835304,76.06557377049181,60.0,68.03278688524591,media_percentiles_50_50,1.0
46005,2023-02-01,0.1341156747694886,1.0364079433008304,2.2950819672131146,40.32786885245902,21.311475409836067,media_percentiles_50_50,1.0
46017,2023-02-01,0.667801210658969,0.2803322537061553,33.114754098360656,20.65573770491803,26.885245901639344,media_percentiles_50_50,1.0
46021,2023-02-01,0.1797698945349952,0.371970603150391,4.918032786885246,24.262295081967213,14.59016393442623,media_percentiles_50_50,1.0
46029,2023-02-01,0.2915664407026751,0.1937280248968624,11.80327868852459,14.426229508196721,13.114754098360656,media_percentiles_50_50,1.0
46078,2023-02-01,1.2341947508941615,14.174842600043362,48.19672131147541,84.91803278688525,66.55737704918033,media_percentiles_50_50,1.0
46094,2023-02-01,0.511665984445354,1.148115915596732,27.540983606557376,42.295081967213115,34.91803278688525,media_percentiles_50_50,1.0
46102,2023-02-01,0.3516998827667057,0.4565085633297351,15.40983606557377,28.852459016393443,22.131147540983605,media_percentiles_50_50,1.0
46110,2023-02-01,0.7805131874207292,4.669041818217734,36.0655737704918,72.45901639344262,54.26229508196721,media_percentiles_50_50,1.0
46131,2023-02-01,12.68756081323296,16.2366009499078,86.55737704918033,85.90163934426229,86.22950819672131,media_percentiles_50_50,1.0
46145,2023-02-01,2.128225591912743,0.836311598237446,54.75409836065574,37.704918032786885,46.22950819672131,media_percentiles_50_50,1.0
46159,2023-02-01,0.475089475184493,0.7742349148703191,25.24590163934426,36.39344262295082,30.81967213114754,media_percentiles_50_50,1.0
46169,2023-02-01,0.7668039610901761,17.196125570571418,35.08196721311475,86.55737704918033,60.81967213114754,media_percentiles_50_50,1.0
46181,2023-02-01,30.40143986227404,12.915180951152342,93.44262295081967,83.60655737704919,88.52459016393442,media_percentiles_50_50,1.0
46184,2023-02-01,1.2156711057081284,0.3507923305304654,47.540983606557376,22.950819672131146,35.24590163934426,media_percentiles_50_50,1.0
46190,2023-02-01,1.1974744175919878,2.4567799416128193,47.21311475409836,60.65573770491803,53.9344262295082,media_percentiles_50_50,1.0
46220,2023-02-01,5.361624458133698,2.807488828714678,73.77049180327869,63.60655737704918,68.68852459016394,media_percentiles_50_50,1.0
46235,2023-02-01,5.4475539414654985,1.655708555295889,74.09836065573771,51.47540983606557,62.786885245901644,media_percentiles_50_50,1.0
46244,2023-02-01,0.7675124577581763,0.9670071962877878,35.40983606557377,39.01639344262295,37.213114754098356,media_percentiles_50_50,1.0
46250,2023-02-01,6.493803957691846,37.72656801885449,76.72131147540983,94.75409836065573,85.73770491803279,media_percentiles_50_50,1.0
47186,2023-02-01,0.9144117340541048,1.3781937529100483,40.32786885245902,46.885245901639344,43.606557377049185,media_percentiles_50_50,1.0
48013,2023-02-01,0.5136867893587805,2.081195880129234,27.868852459016395,56.0655737704918,41.9672131147541,media_percentiles_50_50,1.0
48015,2023-02-01,0.3711676935639522,2.1393284184528523,16.721311475409838,57.704918032786885,37.21311475409836,media_percentiles_50_50,1.0
48020,2023-02-01,2.817137441634691,23.58339423454417,61.967213114754095,91.80327868852459,76.88524590163934,media_percentiles_50_50,1.0
48027,2023-02-01,0.3695367353109148,1.0255989368912808,16.39344262295082,39.34426229508197,27.868852459016395,media_percentiles_50_50,1.0
48036,2023-02-01,0.4432019637256238,0.5379942689117708,23.278688524590162,31.80327868852459,27.540983606557376,media_percentiles_50_50,1.0
48044,2023-02-01,1.379690949227373,8.843796322779744,50.49180327868852,80.32786885245902,65.40983606557377,media_percentiles_50_50,1.0
48054,2023-02-01,0.3385552922347727,1.3116686381368765,14.098360655737705,45.57377049180328,29.836065573770494,media_percentiles_50_50,1.0
48078,2023-02-01,0.5601738779717225,7.973977541169103,29.18032786885246,79.01639344262296,54.09836065573771,media_percentiles_50_50,1.0
48082,2023-02-01,0.2171222615454762,1.1280214440231726,6.557377049180328,41.967213114754095,24.26229508196721,media_percentiles_50_50,1.0
48084,2023-02-01,0.3952001149673061,3.0738748006159065,19.016393442622952,65.57377049180327,42.295081967213115,media_percentiles_50_50,1.0
49275,2023-02-01,2.598761369580992,1.0271902528521497,60.0,39.67213114754098,49.83606557377049,media_percentiles_50_50,1.0
50297,2023-02-01,1.0256214899935971,0.718687742675765,45.57377049180328,36.0655737704918,40.81967213114754,media_percentiles_50_50,1.0
51001,2023-02-01,0.5178289719288527,2.164538518588259,28.19672131147541,58.032786885245905,43.114754098360656,media_percentiles_50_50,1.0
52001,2023-02-01,0.6433425740721246,4.035205893499308,31.147540983606557,70.1639344262295,50.65573770491803,media_percentiles_50_50,1.0
01059,2023-08-01,0.574474570707268,0.5307534360568799,28.19672131147541,30.16393442622951,29.18032786885246,media_percentiles_50_50,1.0
02003,2023-08-01,1.1893352424280914,0.1827878483023825,45.90163934426229,13.770491803278688,29.83606557377049,media_percentiles_50_50,1.0
02009,2023-08-01,0.5765587678115477,0.0262956302014686,28.524590163934427,2.622950819672131,15.573770491803279,media_percentiles_50_50,1.0
02037,2023-08-01,0.4587757242102503,0.0179650423954525,20.327868852459016,1.3114754098360655,10.819672131147541,media_percentiles_50_50,1.0
02081,2023-08-01,1.0321965937512407,0.0301486031589358,43.60655737704918,3.278688524590164,23.442622950819672,media_percentiles_50_50,1.0
03009,2023-08-01,1.2606525137411124,0.5771214383184677,46.885245901639344,32.131147540983605,39.50819672131148,media_percentiles_50_50,1.0
03014,2023-08-01,9.785789133135976,16.872722889952627,81.63934426229508,85.57377049180327,83.60655737704917,media_percentiles_50_50,1.0
03031,2023-08-01,39.86619114760443,74.89411855699214,94.42622950819673,97.70491803278688,96.0655737704918,media_percentiles_50_50,1.0
03047,2023-08-01,118.31824862690492,129.65690454402235,99.67213114754098,99.34426229508196,99.50819672131146,media_percentiles_50_50,1.0
03050,2023-08-01,43.11005901376988,23.38289199173021,95.40983606557377,90.1639344262295,92.78688524590163,media_percentiles_50_50,1.0
03059,2023-08-01,0.8280613427842735,0.2391198868354996,35.40983606557377,16.39344262295082,25.901639344262293,media_percentiles_50_50,1.0
03063,2023-08-01,79.93950287142168,54.92425229782943,98.68852459016394,96.39344262295081,97.54098360655738,media_percentiles_50_50,1.0
03065,2023-08-01,3.0760450369922743,2.245014168738425,61.31147540983606,55.40983606557377,58.36065573770492,media_percentiles_50_50,1.0
03066,2023-08-01,0.4525398800769318,0.5263446214227311,19.672131147540984,29.508196721311474,24.59016393442623,media_percentiles_50_50,1.0
03082,2023-08-01,101.64650537634408,43.89540788510171,99.34426229508196,94.75409836065573,97.04918032786884,media_percentiles_50_50,1.0
03093,2023-08-01,0.620852896666796,0.2112931135483272,29.83606557377049,14.754098360655737,22.295081967213115,media_percentiles_50_50,1.0
03099,2023-08-01,32.49281373940254,7.328885915506629,92.78688524590164,77.04918032786885,84.91803278688525,media_percentiles_50_50,1.0
03104,2023-08-01,0.6192133042401368,0.2013786959691328,29.508196721311474,14.426229508196721,21.9672131147541,media_percentiles_50_50,1.0
03121,2023-08-01,43.81743177491009,28.457857957942053,96.06557377049181,92.1311475409836,94.09836065573771,media_percentiles_50_50,1.0
03122,2023-08-01,1.9523428113736483,2.885296917325915,52.459016393442624,60.98360655737705,56.721311475409834,media_percentiles_50_50,1.0
03133,2023-08-01,51.29353791018031,63.8236722560351,97.70491803278688,97.04918032786885,97.37704918032787,media_percentiles_50_50,1.0
03139,2023-08-01,25.711356772781425,15.758730142433263,90.49180327868852,83.27868852459017,86.88524590163934,media_percentiles_50_50,1.0
03140,2023-08-01,1.4058106841611997,0.1391087561564755,47.540983606557376,11.147540983606557,29.34426229508197,media_percentiles_50_50,1.0
04013,2023-08-01,4.631614633708582,3.141438392324708,70.49180327868852,63.278688524590166,66.88524590163934,media_percentiles_50_50,1.0
04066,2023-08-01,29.09489317669974,1.593860697049995,91.47540983606558,49.50819672131148,70.49180327868854,media_percentiles_50_50,1.0
04079,2023-08-01,9.463900103276687,16.852482126360645,80.98360655737704,85.24590163934427,83.11475409836066,media_percentiles_50_50,1.0
04902,2023-08-01,1.7782717421505974,0.7075430645189558,50.81967213114754,34.42622950819672,42.62295081967213,media_percentiles_50_50,1.0
05019,2023-08-01,2.8575881955629447,0.7152009031604594,60.0,34.75409836065574,47.37704918032787,media_percentiles_50_50,1.0
06011,2023-08-01,0.058913632614587,0.0121400248224575,0.32786885245901637,0.0,0.16393442622950818,media_percentiles_50_50,1.0
06015,2023-08-01,0.2396963845795326,0.024988507272783,7.540983606557377,2.2950819672131146,4.918032786885246,media_percentiles_50_50,1.0
06044,2023-08-01,0.1867413632119514,0.0125141036965557,4.590163934426229,0.32786885245901637,2.459016393442623,media_percentiles_50_50,1.0
06083,2023-08-01,3.4140024553909285,0.2348269936349277,64.26229508196721,16.065573770491802,40.1639344262295,media_percentiles_50_50,1.0
06153,2023-08-01,0.6213350937827657,0.1043531485448576,30.16393442622951,8.852459016393443,19.508196721311478,media_percentiles_50_50,1.0
07011,2023-08-01,9.856664534818105,3.607694978314116,81.9672131147541,66.55737704918033,74.26229508196721,media_percentiles_50_50,1.0
07015,2023-08-01,44.1433705435232,7.460221403733268,96.39344262295081,77.37704918032787,86.88524590163934,media_percentiles_50_50,1.0
07026,2023-08-01,10.366182014001078,48.20086291411908,82.62295081967213,96.06557377049181,89.34426229508196,media_percentiles_50_50,1.0
07027,2023-08-01,7.577291262978281,4.491159891127221,77.70491803278688,70.81967213114754,74.26229508196721,media_percentiles_50_50,1.0
07031,2023-08-01,16.08606557377049,1.9184433897879107,88.19672131147541,53.77049180327869,70.98360655737704,media_percentiles_50_50,1.0
07032,2023-08-01,6.253762290147816,1.5940542153080188,73.77049180327869,49.83606557377049,61.803278688524586,media_percentiles_50_50,1.0
07033,2023-08-01,20.239249919172323,3.6080628582397223,89.50819672131148,66.88524590163935,78.19672131147541,media_percentiles_50_50,1.0
07036,2023-08-01,3.3975659229208923,2.471593102968422,63.9344262295082,57.377049180327866,60.65573770491803,media_percentiles_50_50,1.0
07040,2023-08-01,2.5392701074760837,5.149025422068137,57.049180327868854,72.1311475409836,64.59016393442623,media_percentiles_50_50,1.0
07054,2023-08-01,26.09876782768992,7.005606797541081,90.81967213114754,76.39344262295081,83.60655737704917,media_percentiles_50_50,1.0
08015,2023-08-01,0.8541448151639471,9.206120150996844,36.0655737704918,79.34426229508196,57.70491803278688,media_percentiles_50_50,1.0
08019,2023-08-01,4.5364135888808175,74.80453573917522,70.1639344262295,97.37704918032787,83.77049180327869,media_percentiles_50_50,1.0
08056,2023-08-01,3.8581261782629666,20.40480341111517,67.21311475409836,87.21311475409836,77.21311475409836,media_percentiles_50_50,1.0
08073,2023-08-01,0.8637586791136507,11.312658245085029,36.721311475409834,81.63934426229508,59.18032786885246,media_percentiles_50_50,1.0
08077,2023-08-01,1.0656209373201764,11.041310486623283,44.91803278688525,81.31147540983606,63.114754098360656,media_percentiles_50_50,1.0
08089,2023-08-01,1.7229424495198873,2.666929259899455,49.83606557377049,59.67213114754098,54.75409836065573,media_percentiles_50_50,1.0
08096,2023-08-01,0.2535979204970519,1.072228129155376,8.19672131147541,40.98360655737705,24.59016393442623,media_percentiles_50_50,1.0
08101,2023-08-01,2.233517334353537,45.06221586441816,54.75409836065574,95.08196721311475,74.91803278688525,media_percentiles_50_50,1.0
08102,2023-08-01,0.2915168593917014,1.4627459362333963,12.459016393442623,47.540983606557376,30.0,media_percentiles_50_50,1.0
08113,2023-08-01,0.8621017533628308,1.629427458493663,36.39344262295082,50.81967213114754,43.606557377049185,media_percentiles_50_50,1.0
08114,2023-08-01,0.278164116828929,0.6258808508428636,10.491803278688524,32.78688524590164,21.63934426229508,media_percentiles_50_50,1.0
08121,2023-08-01,1.024101024101024,5.926930822835011,42.622950819672134,74.09836065573771,58.36065573770492,media_percentiles_50_50,1.0
08124,2023-08-01,0.1929607903673973,0.9276957591777012,4.918032786885246,38.36065573770492,21.639344262295083,media_percentiles_50_50,1.0
08125,2023-08-01,0.2710688243745087,0.4261870818383242,9.836065573770492,25.57377049180328,17.704918032786885,media_percentiles_50_50,1.0
08163,2023-08-01,9.530103300754757,26.605448095710727,81.31147540983606,90.81967213114754,86.0655737704918,media_percentiles_50_50,1.0
08169,2023-08-01,0.6715916722632639,1.3065616192672616,31.80327868852459,44.91803278688525,38.36065573770492,media_percentiles_50_50,1.0
08172,2023-08-01,1.564292418396079,22.72427222197419,49.18032786885246,89.50819672131148,69.34426229508196,media_percentiles_50_50,1.0
08180,2023-08-01,0.1273268990806998,1.1367734855567675,1.9672131147540983,41.967213114754095,21.967213114754095,media_percentiles_50_50,1.0
08184,2023-08-01,0.5247114087252012,1.3013182355431632,24.59016393442623,44.26229508196721,34.42622950819672,media_percentiles_50_50,1.0
08187,2023-08-01,0.2794319743472286,1.6209152507680666,10.819672131147541,50.16393442622951,30.491803278688526,media_percentiles_50_50,1.0
08194,2023-08-01,4.719841793012525,45.87414085826391,70.81967213114754,95.40983606557377,83.11475409836066,media_percentiles_50_50,1.0
08196,2023-08-01,0.0743218134522482,0.3545943282765839,0.9836065573770492,22.62295081967213,11.803278688524589,media_percentiles_50_50,1.0
08200,2023-08-01,0.1429950309226754,0.5434503695431764,2.622950819672131,31.147540983606557,16.885245901639344,media_percentiles_50_50,1.0
08205,2023-08-01,0.9330462421818928,1.8841555577825568,39.34426229508197,53.114754098360656,46.22950819672131,media_percentiles_50_50,1.0
08211,2023-08-01,0.1737015806843842,0.6680057624219912,3.278688524590164,33.442622950819676,18.36065573770492,media_percentiles_50_50,1.0
08217,2023-08-01,0.2892848877574635,1.7809605944422306,11.475409836065573,52.131147540983605,31.80327868852459,media_percentiles_50_50,1.0
08231,2023-08-01,5.411187315170201,4.207419575659742,72.45901639344262,69.50819672131148,70.98360655737704,media_percentiles_50_50,1.0
08245,2023-08-01,0.2753166141062221,4.651685156301088,10.163934426229508,71.47540983606558,40.81967213114754,media_percentiles_50_50,1.0
08252,2023-08-01,0.3601224416301543,1.4609508033463454,15.40983606557377,47.21311475409836,31.311475409836067,media_percentiles_50_50,1.0
08260,2023-08-01,0.1157050293119407,0.1913574243041217,1.639344262295082,14.098360655737705,7.868852459016393,media_percentiles_50_50,1.0
08263,2023-08-01,0.1760191508836161,0.538987639748686,3.6065573770491803,30.491803278688526,17.049180327868854,media_percentiles_50_50,1.0
08266,2023-08-01,0.4664904369460426,0.8752039269728173,20.65573770491803,37.377049180327866,29.01639344262295,media_percentiles_50_50,1.0
08270,2023-08-01,29.35469737748013,21.332328301062702,91.80327868852459,88.19672131147541,90.0,media_percentiles_50_50,1.0
08279,2023-08-01,0.5060436706809839,1.6256443718115483,22.62295081967213,50.49180327868852,36.557377049180324,media_percentiles_50_50,1.0
08298,2023-08-01,0.8890910594657183,1.392784007818685,38.032786885245905,46.22950819672131,42.131147540983605,media_percentiles_50_50,1.0
08301,2023-08-01,0.2849558318460639,0.933066942884769,11.147540983606557,38.68852459016394,24.91803278688525,media_percentiles_50_50,1.0
08305,2023-08-01,0.6140393967676966,1.2509743919285492,29.18032786885246,43.60655737704918,36.393442622950815,media_percentiles_50_50,1.0
08307,2023-08-01,3.0789787085717606,6.241637042218365,61.63934426229508,75.08196721311475,68.36065573770492,media_percentiles_50_50,1.0
09018,2023-08-01,1.7843335514185452,0.4714232483692478,51.14754098360656,27.540983606557376,39.34426229508197,media_percentiles_50_50,1.0
09059,2023-08-01,1.7598064786100396,2.8674740466242503,50.49180327868852,60.65573770491803,55.57377049180327,media_percentiles_50_50,1.0
09219,2023-08-01,0.0561182973708577,0.0197633585296172,0.0,1.639344262295082,0.819672131147541,media_percentiles_50_50,1.0
10037,2023-08-01,2.3281193161149507,0.1279832571670083,55.40983606557377,9.836065573770492,32.622950819672134,media_percentiles_50_50,1.0
10148,2023-08-01,1.9790926621333604,0.3579067809578306,52.78688524590164,23.60655737704918,38.19672131147541,media_percentiles_50_50,1.0
11004,2023-08-01,1.0271839791651505,1.4437740168114594,42.950819672131146,46.885245901639344,44.91803278688525,media_percentiles_50_50,1.0
11006,2023-08-01,7.398313572190094,0.4350555190078723,76.72131147540983,26.229508196721312,51.47540983606557,media_percentiles_50_50,1.0
11012,2023-08-01,14.37246782516926,91.88854200766976,85.90163934426229,98.0327868852459,91.96721311475409,media_percentiles_50_50,1.0
11015,2023-08-01,21.023796908994576,9.007422919975284,90.1639344262295,79.01639344262296,84.59016393442623,media_percentiles_50_50,1.0
11020,2023-08-01,3.995666671356416,0.7167966638844253,67.54098360655738,35.40983606557377,51.47540983606557,media_percentiles_50_50,1.0
11022,2023-08-01,1.003559500101924,2.4000179146531497,41.63934426229508,56.721311475409834,49.18032786885246,media_percentiles_50_50,1.0
11027,2023-08-01,11.45713872156592,6.348994218898754,85.24590163934427,76.06557377049181,80.65573770491804,media_percentiles_50_50,1.0
11028,2023-08-01,2.3532767596092135,0.506018061429154,56.0655737704918,29.18032786885246,42.62295081967213,media_percentiles_50_50,1.0
11030,2023-08-01,15.939342881213143,5.387561769026976,87.8688524590164,73.11475409836065,80.49180327868852,media_percentiles_50_50,1.0
11031,2023-08-01,1.4585795351709303,4.433192889330715,48.52459016393443,70.49180327868852,59.50819672131148,media_percentiles_50_50,1.0
11032,2023-08-01,10.314447389155504,4.150769999946142,82.29508196721312,68.85245901639344,75.57377049180329,media_percentiles_50_50,1.0
11033,2023-08-01,15.098377221660822,3.635338881023004,86.88524590163935,67.54098360655738,77.21311475409837,media_percentiles_50_50,1.0
12009,2023-08-01,0.6431097931330165,0.5426049105931767,31.147540983606557,30.81967213114754,30.98360655737705,media_percentiles_50_50,1.0
12027,2023-08-01,8.751438234371186,5.247447677232475,80.0,72.45901639344262,76.22950819672131,media_percentiles_50_50,1.0
12032,2023-08-01,3.0489510489510487,2.326612005753764,60.98360655737705,55.73770491803279,58.36065573770492,media_percentiles_50_50,1.0
12040,2023-08-01,2.513646319182015,3.9793264128763526,56.39344262295082,68.19672131147541,62.29508196721312,media_percentiles_50_50,1.0
12084,2023-08-01,0.3522918542294594,0.0831528122635263,14.754098360655737,8.19672131147541,11.475409836065573,media_percentiles_50_50,1.0
12126,2023-08-01,0.5377874790421056,0.253433251579324,25.24590163934426,17.049180327868854,21.147540983606557,media_percentiles_50_50,1.0
12135,2023-08-01,0.5207127979634344,0.4900335797327487,24.262295081967213,27.868852459016395,26.065573770491802,media_percentiles_50_50,1.0
12138,2023-08-01,18.156706865188976,5.6415082762291755,89.18032786885246,73.44262295081967,81.31147540983606,media_percentiles_50_50,1.0
13005,2023-08-01,0.7759958613554061,0.0360088352797791,34.42622950819672,4.262295081967213,19.34426229508197,media_percentiles_50_50,1.0
13034,2023-08-01,1.062374672987796,0.2805565510905895,44.59016393442623,18.688524590163933,31.639344262295083,media_percentiles_50_50,1.0
13071,2023-08-01,0.2659161920801294,0.0533016158755224,9.180327868852459,5.901639344262295,7.540983606557377,media_percentiles_50_50,1.0
13082,2023-08-01,0.5509034817100044,0.0825920231660548,26.229508196721312,7.868852459016393,17.049180327868854,media_percentiles_50_50,1.0
13087,2023-08-01,0.9536023149518268,0.0592732134783778,40.0,6.229508196721311,23.114754098360656,media_percentiles_50_50,1.0
14021,2023-08-01,5.33106006554177,1.3757244973776142,72.1311475409836,45.90163934426229,59.01639344262295,media_percentiles_50_50,1.0
14038,2023-08-01,1.0277252236470231,0.1250862379304443,43.278688524590166,9.508196721311476,26.393442622950822,media_percentiles_50_50,1.0
14056,2023-08-01,0.705147577314395,0.1229098128267715,33.442622950819676,9.180327868852459,21.311475409836067,media_percentiles_50_50,1.0
15002,2023-08-01,2.709192783695585,1.098639625023646,57.704918032786885,41.31147540983606,49.50819672131148,media_percentiles_50_50,1.0
15005,2023-08-01,1.0144408640649245,0.3526850226165496,41.967213114754095,22.295081967213115,32.131147540983605,media_percentiles_50_50,1.0
15019,2023-08-01,3.3740769034886684,0.5651687154971466,63.278688524590166,31.80327868852459,47.540983606557376,media_percentiles_50_50,1.0
15030,2023-08-01,3.233943470668133,20.66665839261964,62.295081967213115,87.54098360655738,74.91803278688525,media_percentiles_50_50,1.0
15031,2023-08-01,0.8748055987558321,0.4400923690035841,37.704918032786885,26.557377049180328,32.131147540983605,media_percentiles_50_50,1.0
15036,2023-08-01,3.4277664736265456,2.6278694029003136,64.59016393442623,58.36065573770492,61.47540983606557,media_percentiles_50_50,1.0
15054,2023-08-01,0.5377583160482446,0.312939776846266,24.918032786885245,20.0,22.459016393442624,media_percentiles_50_50,1.0
15058,2023-08-01,3.5176809754291307,3.020639119653122,64.91803278688525,62.622950819672134,63.77049180327869,media_percentiles_50_50,1.0
15073,2023-08-01,11.024787273399928,4.383635301813222,84.59016393442623,70.1639344262295,77.37704918032787,media_percentiles_50_50,1.0
15078,2023-08-01,5.877167205406994,2.636311519022991,73.44262295081967,58.68852459016394,66.0655737704918,media_percentiles_50_50,1.0
16078,2023-08-01,5.587531768575273,0.3346869762291871,73.11475409836065,21.311475409836067,47.213114754098356,media_percentiles_50_50,1.0
17023,2023-08-01,14.404724749717907,33.75451189926702,86.22950819672131,92.45901639344262,89.34426229508196,media_percentiles_50_50,1.0
17066,2023-08-01,3.091125545646317,7.793196376311343,61.967213114754095,78.36065573770492,70.1639344262295,media_percentiles_50_50,1.0
17079,2023-08-01,4.083588957055214,10.958853575163976,68.52459016393442,80.98360655737704,74.75409836065573,media_percentiles_50_50,1.0
17095,2023-08-01,42.25318222286388,36.29480192901556,95.08196721311475,93.11475409836065,94.09836065573771,media_percentiles_50_50,1.0
17114,2023-08-01,2.738643844634628,3.5796731516993323,58.36065573770492,66.22950819672131,62.295081967213115,media_percentiles_50_50,1.0
17155,2023-08-01,0.2406594067745623,1.2094841123278526,7.868852459016393,42.622950819672134,25.245901639344265,media_percentiles_50_50,1.0
18017,2023-08-01,50.54019410364402,16.553846879271013,97.37704918032787,84.59016393442623,90.98360655737704,media_percentiles_50_50,1.0
18087,2023-08-01,10.65938116611375,27.91021877232449,82.95081967213115,91.47540983606558,87.21311475409837,media_percentiles_50_50,1.0
18140,2023-08-01,5.2766419518485215,3.014462025911877,71.47540983606558,62.295081967213115,66.88524590163935,media_percentiles_50_50,1.0
19046,2023-08-01,0.0845118034818863,0.1519146792613132,1.3114754098360655,12.131147540983607,6.721311475409836,media_percentiles_50_50,1.0
19130,2023-08-01,0.3707448601280755,0.1401354632939112,16.39344262295082,11.475409836065573,13.934426229508196,media_percentiles_50_50,1.0
20030,2023-08-01,0.5140633032239112,0.5650978511880969,23.934426229508198,31.475409836065573,27.704918032786885,media_percentiles_50_50,1.0
20045,2023-08-01,1.1602034329307056,1.747488206373923,45.57377049180328,51.80327868852459,48.68852459016394,media_percentiles_50_50,1.0
20067,2023-08-01,0.5607810150136372,0.6820247649103499,27.21311475409836,33.77049180327869,30.491803278688522,media_percentiles_50_50,1.0
20069,2023-08-01,7.210863449240501,22.27158467561237,75.73770491803279,88.85245901639344,82.29508196721312,media_percentiles_50_50,1.0
21041,2023-08-01,0.9822355681531164,0.9138784684789588,40.98360655737705,38.032786885245905,39.50819672131148,media_percentiles_50_50,1.0
21044,2023-08-01,6.8024849894145,1.5152347297512323,75.08196721311475,48.19672131147541,61.63934426229508,media_percentiles_50_50,1.0
22125,2023-08-01,0.8127678439485739,0.2732198114406162,35.08196721311475,18.0327868852459,26.557377049180324,media_percentiles_50_50,1.0
23005,2023-08-01,0.8662121381468648,0.0321710388993936,37.049180327868854,3.6065573770491803,20.327868852459016,media_percentiles_50_50,1.0
23050,2023-08-01,1.1261261261261262,0.2970100545626534,45.24590163934426,19.016393442622952,32.131147540983605,media_percentiles_50_50,1.0
23055,2023-08-01,0.5445041382314506,0.1525138966192275,25.57377049180328,12.78688524590164,19.18032786885246,media_percentiles_50_50,1.0
23092,2023-08-01,3.2534753031647443,0.2732190770635682,62.622950819672134,17.704918032786885,40.16393442622951,media_percentiles_50_50,1.0
24089,2023-08-01,3.6856556261904174,11.451189839277244,66.55737704918033,81.9672131147541,74.26229508196721,media_percentiles_50_50,1.0
24115,2023-08-01,2.032939980623541,0.4520278475397365,53.114754098360656,27.21311475409836,40.16393442622951,media_percentiles_50_50,1.0
24142,2023-08-01,0.5006508460999299,0.2313241920185017,22.295081967213115,15.737704918032787,19.01639344262295,media_percentiles_50_50,1.0
25120,2023-08-01,0.3633974869666093,0.2450629795966837,16.065573770491802,16.721311475409838,16.393442622950822,media_percentiles_50_50,1.0
26089,2023-08-01,2.8024411786191004,5.343537395134735,59.67213114754098,72.78688524590164,66.22950819672131,media_percentiles_50_50,1.0
27028,2023-08-01,2.229824668580854,0.6640679519647021,54.42622950819672,33.114754098360656,43.77049180327869,media_percentiles_50_50,1.0
28005,2023-08-01,0.9388304281468391,2.120269143953713,39.67213114754098,55.08196721311475,47.377049180327866,media_percentiles_50_50,1.0
28006,2023-08-01,1.0383868158370737,2.74013586414439,43.9344262295082,60.32786885245902,52.131147540983605,media_percentiles_50_50,1.0
28007,2023-08-01,0.2910835293295764,1.4882792413798602,12.131147540983607,47.868852459016395,30.0,media_percentiles_50_50,1.0
28013,2023-08-01,1.2362365662293135,0.3966277173750542,46.22950819672131,24.59016393442623,35.40983606557377,media_percentiles_50_50,1.0
28014,2023-08-01,0.1864722834378708,0.13694695682431,4.262295081967213,10.491803278688524,7.377049180327869,media_percentiles_50_50,1.0
28022,2023-08-01,0.3861480955175929,0.5263760327327565,17.37704918032787,29.83606557377049,23.606557377049178,media_percentiles_50_50,1.0
28045,2023-08-01,0.2355157795572303,0.0710492438987134,6.885245901639344,6.885245901639344,6.885245901639344,media_percentiles_50_50,1.0
28047,2023-08-01,0.3046133694807865,0.7929997362655118,13.442622950819672,35.73770491803279,24.59016393442623,media_percentiles_50_50,1.0
28049,2023-08-01,0.4739868531014956,3.1586464697412264,21.9672131147541,63.9344262295082,42.950819672131146,media_percentiles_50_50,1.0
28058,2023-08-01,0.0741776873516446,0.3564070767141355,0.6557377049180327,23.278688524590162,11.967213114754097,media_percentiles_50_50,1.0
28061,2023-08-01,0.9072094803390696,0.4906262109268977,38.68852459016394,28.19672131147541,33.442622950819676,media_percentiles_50_50,1.0
28065,2023-08-01,0.424961941699525,1.00457270478235,18.0327868852459,40.32786885245902,29.18032786885246,media_percentiles_50_50,1.0
28074,2023-08-01,0.2045472425458264,0.9014574504143656,5.245901639344262,37.704918032786885,21.475409836065573,media_percentiles_50_50,1.0
28079,2023-08-01,4.241552084536927,23.3817644522966,68.85245901639344,89.8360655737705,79.34426229508196,media_percentiles_50_50,1.0
28080,2023-08-01,0.4548712576501075,0.8573021692229492,20.0,36.721311475409834,28.360655737704917,media_percentiles_50_50,1.0
28092,2023-08-01,0.2082692353205689,0.980096175455027,5.901639344262295,39.34426229508197,22.62295081967213,media_percentiles_50_50,1.0
28096,2023-08-01,0.4378557578032151,0.1387437653878285,19.016393442622952,10.819672131147541,14.918032786885247,media_percentiles_50_50,1.0
28106,2023-08-01,0.2330756969715196,1.240441399685054,6.557377049180328,43.278688524590166,24.91803278688525,media_percentiles_50_50,1.0
28113,2023-08-01,0.3441530213012607,0.3063326562205389,14.098360655737705,19.672131147540984,16.885245901639344,media_percentiles_50_50,1.0
28115,2023-08-01,0.9799062894215174,2.0188642675406143,40.65573770491803,54.42622950819672,47.540983606557376,media_percentiles_50_50,1.0
28123,2023-08-01,0.269259536275243,0.3974429528964011,9.508196721311476,24.918032786885245,17.21311475409836,media_percentiles_50_50,1.0
28127,2023-08-01,0.5811226882531656,0.976974874933314,28.852459016393443,39.01639344262295,33.9344262295082,media_percentiles_50_50,1.0
28130,2023-08-01,0.1282906553086673,0.1286308097893536,2.2950819672131146,10.163934426229508,6.229508196721311,media_percentiles_50_50,1.0
28134,2023-08-01,1.0028684193499686,1.5695527700271024,41.31147540983606,49.18032786885246,45.24590163934426,media_percentiles_50_50,1.0
28148,2023-08-01,0.4502182106004604,1.913911235090369,19.34426229508197,53.442622950819676,36.39344262295082,media_percentiles_50_50,1.0
28161,2023-08-01,0.2580042754994225,0.3271342943952036,8.852459016393443,20.983606557377048,14.918032786885245,media_percentiles_50_50,1.0
28181,2023-08-01,2.0521739130434784,0.8647143695992165,53.442622950819676,37.049180327868854,45.24590163934427,media_percentiles_50_50,1.0
28903,2023-08-01,0.291528190776048,0.3948741740407036,12.78688524590164,24.262295081967213,18.524590163934427,media_percentiles_50_50,1.0
29007,2023-08-01,5.518157256033338,2.9141455119234303,72.78688524590164,61.31147540983606,67.04918032786885,media_percentiles_50_50,1.0
29015,2023-08-01,2.768468599737724,0.1523993961074682,59.34426229508197,12.459016393442623,35.90163934426229,media_percentiles_50_50,1.0
29025,2023-08-01,45.263255102175435,127.49895158898116,96.72131147540983,99.01639344262296,97.8688524590164,media_percentiles_50_50,1.0
29051,2023-08-01,38.83078921727834,21.758093856400095,93.77049180327869,88.52459016393442,91.14754098360655,media_percentiles_50_50,1.0
29054,2023-08-01,28.353466202481368,235.4317287115279,91.14754098360656,100.0,95.57377049180329,media_percentiles_50_50,1.0
29067,2023-08-01,11.170154710906164,16.55936126736639,84.91803278688525,84.91803278688525,84.91803278688525,media_percentiles_50_50,1.0
29069,2023-08-01,41.8439489427045,55.824007061064066,94.75409836065573,96.72131147540983,95.73770491803279,media_percentiles_50_50,1.0
29070,2023-08-01,43.39575312735165,26.753606253437095,95.73770491803279,91.14754098360656,93.44262295081967,media_percentiles_50_50,1.0
29082,2023-08-01,11.676413255360623,21.271694044889937,85.57377049180327,87.8688524590164,86.72131147540983,media_percentiles_50_50,1.0
29084,2023-08-01,16.68216868192865,1.3968177646873223,88.52459016393442,46.557377049180324,67.54098360655738,media_percentiles_50_50,1.0
29094,2023-08-01,10.96313995572578,5.927045389898293,84.26229508196721,74.42622950819673,79.34426229508196,media_percentiles_50_50,1.0
29901,2023-08-01,32.37073004514865,114.50145069217128,92.45901639344262,98.68852459016394,95.57377049180329,media_percentiles_50_50,1.0
30003,2023-08-01,10.715642124681244,1.5682832326387173,83.27868852459017,48.85245901639344,66.0655737704918,media_percentiles_50_50,1.0
30005,2023-08-01,0.1858347464517178,0.4924795975667037,3.9344262295081966,28.524590163934427,16.229508196721312,media_percentiles_50_50,1.0
30015,2023-08-01,2.2907283739711137,0.0685886190105508,55.08196721311475,6.557377049180328,30.81967213114754,media_percentiles_50_50,1.0
30016,2023-08-01,7.732171520293511,3.0097125237922717,78.68852459016394,61.967213114754095,70.32786885245902,media_percentiles_50_50,1.0
30019,2023-08-01,0.396757920988494,0.0382248403161571,17.704918032786885,4.918032786885246,11.311475409836065,media_percentiles_50_50,1.0
30022,2023-08-01,0.5600358422939068,0.0154692622636963,26.557377049180328,0.6557377049180327,13.60655737704918,media_percentiles_50_50,1.0
30024,2023-08-01,0.6907269901571403,0.0405904095380815,33.114754098360656,5.245901639344262,19.18032786885246,media_percentiles_50_50,1.0
30026,2023-08-01,17.091288955951484,1.8511905660326675,88.85245901639344,52.459016393442624,70.65573770491804,media_percentiles_50_50,1.0
30027,2023-08-01,0.3812077713804979,0.1712232727709665,16.721311475409838,13.114754098360656,14.918032786885247,media_percentiles_50_50,1.0
30030,2023-08-01,1.581492698917466,0.8383092598141426,49.50819672131148,36.39344262295082,42.950819672131146,media_percentiles_50_50,1.0
30035,2023-08-01,34.44851167674016,16.10822733189662,93.11475409836065,83.60655737704919,88.36065573770492,media_percentiles_50_50,1.0
30037,2023-08-01,15.754284396854269,3.243553641044575,87.54098360655738,64.59016393442623,76.0655737704918,media_percentiles_50_50,1.0
30039,2023-08-01,0.3016682252858306,0.0348087010169184,13.114754098360656,3.9344262295081966,8.524590163934427,media_percentiles_50_50,1.0
30043,2023-08-01,0.8445708172630275,0.049563746280236,35.73770491803279,5.573770491803279,20.655737704918035,media_percentiles_50_50,1.0
31201,2023-08-01,2.736170915912559,22.43864986864208,58.032786885245905,89.18032786885246,73.60655737704919,media_percentiles_50_50,1.0
31232,2023-08-01,1.9316768542774736,0.3394472303728355,51.80327868852459,21.9672131147541,36.885245901639344,media_percentiles_50_50,1.0
32054,2023-08-01,2.6666666666666665,3.2794037523323634,57.377049180327866,64.91803278688525,61.14754098360656,media_percentiles_50_50,1.0
33004,2023-08-01,2.0524907968961044,5.800162872545882,53.77049180327869,73.77049180327869,63.77049180327869,media_percentiles_50_50,1.0
33024,2023-08-01,5.284872518290205,7.70886836138934,71.80327868852459,78.0327868852459,74.91803278688525,media_percentiles_50_50,1.0
33031,2023-08-01,0.7109379114224025,0.3230362238102577,33.77049180327869,20.65573770491803,27.21311475409836,media_percentiles_50_50,1.0
33037,2023-08-01,1.0498687664041997,0.2601763028035115,44.26229508196721,17.37704918032787,30.81967213114754,media_percentiles_50_50,1.0
33044,2023-08-01,3.571034634899625,4.1751811714047955,65.90163934426229,69.18032786885246,67.54098360655738,media_percentiles_50_50,1.0
33066,2023-08-01,1.4369467754914358,0.3555001194125057,48.19672131147541,22.950819672131146,35.57377049180327,media_percentiles_50_50,1.0
34120,2023-08-01,0.4716301371657649,0.3781153814953608,21.639344262295083,23.934426229508198,22.78688524590164,media_percentiles_50_50,1.0
35002,2023-08-01,7.597340930674264,3.143067187326182,78.0327868852459,63.60655737704918,70.81967213114754,media_percentiles_50_50,1.0
35004,2023-08-01,7.543269675747386,20.143869284475333,77.04918032786885,86.55737704918033,81.80327868852459,media_percentiles_50_50,1.0
35006,2023-08-01,2.7460428486308643,3.227894801195112,58.68852459016394,64.26229508196721,61.47540983606557,media_percentiles_50_50,1.0
35011,2023-08-01,3.554429127774,2.9420694968781853,65.57377049180327,61.63934426229508,63.60655737704918,media_percentiles_50_50,1.0
35014,2023-08-01,124.57472765387126,10.201660143640543,100.0,79.67213114754098,89.8360655737705,media_percentiles_50_50,1.0
35016,2023-08-01,6.518052943308282,23.84917534866326,74.42622950819673,90.49180327868852,82.45901639344262,media_percentiles_50_50,1.0
35017,2023-08-01,8.873012214796036,1.3240651229152656,80.65573770491804,45.57377049180328,63.11475409836066,media_percentiles_50_50,1.0
35019,2023-08-01,64.54963644457635,10.468714064567797,98.0327868852459,80.0,89.01639344262296,media_percentiles_50_50,1.0
35022,2023-08-01,3.792433632411433,4.589918828536894,66.88524590163935,71.14754098360656,69.01639344262296,media_percentiles_50_50,1.0
35026,2023-08-01,3.53215529774508,3.608064714566158,65.24590163934427,67.21311475409836,66.22950819672131,media_percentiles_50_50,1.0
36008,2023-08-01,14.958779423284962,10.598085264563906,86.55737704918033,80.32786885245902,83.44262295081967,media_percentiles_50_50,1.0
36026,2023-08-01,6.447080216555771,4.288428052500151,74.09836065573771,69.8360655737705,71.9672131147541,media_percentiles_50_50,1.0
36038,2023-08-01,4.349669837038832,3.0303506253782633,69.18032786885246,62.950819672131146,66.0655737704918,media_percentiles_50_50,1.0
36045,2023-08-01,3.663130248470816,2.0371788477471786,66.22950819672131,54.75409836065574,60.49180327868852,media_percentiles_50_50,1.0
36057,2023-08-01,4.021767261929086,10.77781383399048,67.8688524590164,80.65573770491804,74.26229508196721,media_percentiles_50_50,1.0
36060,2023-08-01,8.782403353763698,7.52050093680498,80.32786885245902,77.70491803278688,79.01639344262296,media_percentiles_50_50,1.0
37274,2023-08-01,4.4389179876905125,16.152833034366875,69.8360655737705,83.93442622950819,76.88524590163934,media_percentiles_50_50,1.0
38001,2023-08-01,71.3217852373074,33.769939024357754,98.36065573770492,92.78688524590164,95.57377049180329,media_percentiles_50_50,1.0
38006,2023-08-01,45.70141585238537,47.745972213784334,97.04918032786885,95.73770491803279,96.39344262295083,media_percentiles_50_50,1.0
38011,2023-08-01,10.873353314281731,6.305520061744907,83.60655737704919,75.40983606557377,79.50819672131148,media_percentiles_50_50,1.0
38017,2023-08-01,20.76735466491937,7.021375327522777,89.8360655737705,76.72131147540983,83.27868852459017,media_percentiles_50_50,1.0
38023,2023-08-01,4.080888363494599,6.334660449002631,68.19672131147541,75.73770491803279,71.9672131147541,media_percentiles_50_50,1.0
38026,2023-08-01,7.56112498233382,1.5515684239913734,77.37704918032787,48.52459016393443,62.950819672131146,media_percentiles_50_50,1.0
38028,2023-08-01,30.017180459658334,104.91871272454188,92.1311475409836,98.36065573770492,95.24590163934425,media_percentiles_50_50,1.0
38031,2023-08-01,7.256699008251135,4.7814604133075695,76.06557377049181,71.80327868852459,73.9344262295082,media_percentiles_50_50,1.0
38038,2023-08-01,4.350629193629265,6.055564659044069,69.50819672131148,74.75409836065573,72.1311475409836,media_percentiles_50_50,1.0
39016,2023-08-01,2.932551319648094,2.406466495814454,60.32786885245902,57.049180327868854,58.68852459016394,media_percentiles_50_50,1.0
39020,2023-08-01,7.915726109857036,2.7380772858005473,79.01639344262296,60.0,69.50819672131148,media_percentiles_50_50,1.0
39075,2023-08-01,8.001111587138011,38.30067567022769,79.67213114754098,93.77049180327869,86.72131147540983,media_percentiles_50_50,1.0
39087,2023-08-01,1.7328323046669651,2.5047247856163395,50.16393442622951,57.704918032786885,53.9344262295082,media_percentiles_50_50,1.0
40194,2023-08-01,2.2152084844445317,0.6907351455662171,54.09836065573771,34.09836065573771,44.09836065573771,media_percentiles_50_50,1.0
41004,2023-08-01,0.5617463780422486,0.1504733812849277,27.540983606557376,11.80327868852459,19.672131147540984,media_percentiles_50_50,1.0
41021,2023-08-01,0.6747877969954186,1.6388080852175992,32.131147540983605,51.14754098360656,41.63934426229508,media_percentiles_50_50,1.0
41024,2023-08-01,2.334946363913234,0.0748504427131823,55.73770491803279,7.540983606557377,31.639344262295083,media_percentiles_50_50,1.0
41034,2023-08-01,0.3561368860685725,0.1755339866248144,15.081967213114755,13.442622950819672,14.262295081967213,media_percentiles_50_50,1.0
41038,2023-08-01,0.5108611968542462,0.4443153950597429,23.278688524590162,26.885245901639344,25.08196721311475,media_percentiles_50_50,1.0
41039,2023-08-01,0.9107007336200356,0.0368099398256066,39.01639344262295,4.590163934426229,21.80327868852459,media_percentiles_50_50,1.0
41053,2023-08-01,0.3606592851732967,0.0266530871028236,15.737704918032787,2.9508196721311477,9.344262295081966,media_percentiles_50_50,1.0
41059,2023-08-01,1.2410340548158432,3.371890092184195,46.557377049180324,65.57377049180327,56.065573770491795,media_percentiles_50_50,1.0
41065,2023-08-01,0.2570788497557751,0.0161901500798405,8.524590163934427,0.9836065573770492,4.754098360655738,media_percentiles_50_50,1.0
41069,2023-08-01,0.206729029924027,0.0730812698807862,5.573770491803279,7.213114754098361,6.39344262295082,media_percentiles_50_50,1.0
41081,2023-08-01,0.3485882177182411,0.1011113472492172,14.426229508196721,8.524590163934427,11.475409836065573,media_percentiles_50_50,1.0
41091,2023-08-01,7.9412302181937795,38.252229175278266,79.34426229508196,93.44262295081967,86.39344262295081,media_percentiles_50_50,1.0
41095,2023-08-01,0.2900344174175335,0.0230656811599155,11.80327868852459,1.9672131147540983,6.885245901639345,media_percentiles_50_50,1.0
42173,2023-08-01,2.7683559457302476,0.427469379205398,59.01639344262295,25.901639344262296,42.459016393442624,media_percentiles_50_50,1.0
43038,2023-08-01,39.209776413853575,40.62415383668421,94.09836065573771,94.09836065573771,94.09836065573771,media_percentiles_50_50,1.0
43123,2023-08-01,0.9679292766341872,1.9843707600180287,40.32786885245902,54.09836065573771,47.21311475409836,media_percentiles_50_50,1.0
43148,2023-08-01,5.243667819068146,12.321977001168602,71.14754098360656,82.95081967213115,77.04918032786885,media_percentiles_50_50,1.0
43155,2023-08-01,1.9342359767891684,0.305753826605904,52.131147540983605,19.34426229508197,35.73770491803279,media_percentiles_50_50,1.0
43163,2023-08-01,10.883563546375091,11.678217837114175,83.93442622950819,82.62295081967213,83.27868852459017,media_percentiles_50_50,1.0
43905,2023-08-01,85.79274748544204,171.32541241796946,99.01639344262296,99.67213114754098,99.34426229508196,media_percentiles_50_50,1.0
44216,2023-08-01,3.3363663936912347,0.2747423398572803,62.950819672131146,18.360655737704917,40.65573770491803,media_percentiles_50_50,1.0
45081,2023-08-01,0.3830561496472691,0.2114757098061798,17.049180327868854,15.081967213114755,16.065573770491802,media_percentiles_50_50,1.0
45165,2023-08-01,0.5110712290668791,0.2297938238237604,23.60655737704918,15.40983606557377,19.508196721311478,media_percentiles_50_50,1.0
45168,2023-08-01,7.029162309747879,2.606190580218835,75.40983606557377,58.032786885245905,66.72131147540983,media_percentiles_50_50,1.0
46005,2023-08-01,0.1676445934618608,1.295509929126038,2.9508196721311477,43.9344262295082,23.442622950819672,media_percentiles_50_50,1.0
46017,2023-08-01,0.7539691088085134,0.3165041574101753,34.09836065573771,20.327868852459016,27.213114754098363,media_percentiles_50_50,1.0
46021,2023-08-01,0.2396931927133269,0.4959608042005213,7.213114754098361,28.852459016393443,18.0327868852459,media_percentiles_50_50,1.0
46029,2023-08-01,0.5102412712296814,0.3390240435695092,22.950819672131146,21.639344262295083,22.295081967213115,media_percentiles_50_50,1.0
46078,2023-08-01,1.536446526623344,17.646232624543778,48.85245901639344,85.90163934426229,67.37704918032787,media_percentiles_50_50,1.0
46094,2023-08-01,0.5457770500750443,1.224656976636514,25.901639344262296,42.950819672131146,34.42622950819672,media_percentiles_50_50,1.0
46102,2023-08-01,0.4689331770222743,0.6086780844396469,20.983606557377048,32.459016393442624,26.721311475409834,media_percentiles_50_50,1.0
46110,2023-08-01,0.682949038993138,4.085411590940517,32.78688524590164,68.52459016393442,50.655737704918025,media_percentiles_50_50,1.0
46131,2023-08-01,15.709018282378246,20.103238512146184,87.21311475409836,86.22950819672131,86.72131147540983,media_percentiles_50_50,1.0
46145,2023-08-01,2.527267890396382,0.9931200229069672,56.721311475409834,40.0,48.36065573770492,media_percentiles_50_50,1.0
46159,2023-08-01,0.6334526335793241,1.032313219827092,30.81967213114754,40.65573770491803,35.73770491803279,media_percentiles_50_50,1.0
46169,2023-08-01,0.8982560687056349,20.1440328112408,38.36065573770492,86.88524590163935,62.622950819672134,media_percentiles_50_50,1.0
46181,2023-08-01,38.5006651537679,16.35590483389177,93.44262295081967,84.26229508196721,88.85245901639344,media_percentiles_50_50,1.0
46184,2023-08-01,1.436702215836879,0.4145727542632773,47.868852459016395,25.24590163934426,36.55737704918033,media_percentiles_50_50,1.0
46190,2023-08-01,1.2927280644458958,2.6522056187865664,47.21311475409836,59.34426229508197,53.278688524590166,media_percentiles_50_50,1.0
46220,2023-08-01,6.716290212183436,3.5168277615016312,74.75409836065573,65.90163934426229,70.327868852459,media_percentiles_50_50,1.0
46235,2023-08-01,7.690664387951292,2.3374709015941963,78.36065573770492,56.0655737704918,67.21311475409836,media_percentiles_50_50,1.0
46244,2023-08-01,0.7789678675754625,0.9814401395159636,34.75409836065574,39.67213114754098,37.213114754098356,media_percentiles_50_50,1.0
46250,2023-08-01,7.294850890127808,42.38035057523178,76.39344262295081,94.42622950819673,85.40983606557377,media_percentiles_50_50,1.0
47186,2023-08-01,0.8707082320588719,1.3123241985430243,37.377049180327866,45.24590163934426,41.31147540983606,media_percentiles_50_50,1.0
48013,2023-08-01,0.6519870788015292,2.6415178478563357,31.475409836065573,59.01639344262295,45.24590163934426,media_percentiles_50_50,1.0
48015,2023-08-01,0.3216786677554252,1.854084629325805,13.770491803278688,52.78688524590164,33.278688524590166,media_percentiles_50_50,1.0
48020,2023-08-01,3.383454301696639,28.324261178103814,63.60655737704918,91.80327868852459,77.70491803278688,media_percentiles_50_50,1.0
48027,2023-08-01,0.4703194813048006,1.30530773786163,21.311475409836067,44.59016393442623,32.950819672131146,media_percentiles_50_50,1.0
48036,2023-08-01,0.6818491749624983,0.8276834906334936,32.459016393442624,36.0655737704918,34.26229508196721,media_percentiles_50_50,1.0
48044,2023-08-01,1.7870282770945023,11.454821903790906,51.47540983606557,82.29508196721312,66.88524590163935,media_percentiles_50_50,1.0
48054,2023-08-01,0.430888553753347,1.6693964485378423,18.360655737704917,51.47540983606557,34.91803278688525,media_percentiles_50_50,1.0
48078,2023-08-01,0.5601738779717225,7.973977541169103,26.885245901639344,78.68852459016394,52.786885245901644,media_percentiles_50_50,1.0
48082,2023-08-01,0.2171222615454762,1.1280214440231726,6.229508196721311,41.63934426229508,23.934426229508198,media_percentiles_50_50,1.0
48084,2023-08-01,0.4311273981461522,3.3533179643082613,18.688524590163933,65.24590163934427,41.9672131147541,media_percentiles_50_50,1.0
49275,2023-08-01,2.970012993806848,1.173931717545314,60.65573770491803,42.295081967213115,51.47540983606557,media_percentiles_50_50,1.0
50297,2023-08-01,1.0226911428793295,0.7166343491252627,42.295081967213115,35.08196721311475,38.68852459016394,media_percentiles_50_50,1.0
51001,2023-08-01,0.565999108852467,2.36589093892205,27.868852459016395,56.39344262295082,42.131147540983605,media_percentiles_50_50,1.0
52001,2023-08-01,0.6316454363617223,3.961838513617502,30.491803278688526,67.8688524590164,49.18032786885246,media_percentiles_50_50,1.0
01059,2024-02-01,0.6861316132233455,0.63907046382359,27.540983606557376,29.508196721311474,28.524590163934427,media_percentiles_50_50,1.0
02003,2024-02-01,1.3782251905109195,0.2129567164687951,45.57377049180328,12.78688524590164,29.18032786885246,media_percentiles_50_50,1.0
02009,2024-02-01,0.7413203739549442,0.0338086674018883,30.491803278688526,2.622950819672131,16.557377049180328,media_percentiles_50_50,1.0
02037,2024-02-01,0.5192782032974166,0.0205314770233743,19.672131147540984,0.9836065573770492,10.327868852459016,media_percentiles_50_50,1.0
02081,2024-02-01,1.1875544295780225,0.0347868497987721,41.63934426229508,3.278688524590164,22.459016393442624,media_percentiles_50_50,1.0
03009,2024-02-01,1.4576293646061087,0.6771558209603354,46.22950819672131,30.491803278688526,38.36065573770492,media_percentiles_50_50,1.0
03014,2024-02-01,10.005017841213204,17.71685267760093,82.62295081967213,84.91803278688525,83.77049180327869,media_percentiles_50_50,1.0
03031,2024-02-01,38.13133680671819,73.93327168230118,94.09836065573771,97.37704918032787,95.73770491803279,media_percentiles_50_50,1.0
03047,2024-02-01,114.87267439692778,130.5893830990954,99.67213114754098,99.34426229508196,99.50819672131146,media_percentiles_50_50,1.0
03050,2024-02-01,38.8235294117647,21.484049254582747,94.42622950819673,86.22950819672131,90.32786885245902,media_percentiles_50_50,1.0
03059,2024-02-01,0.9481772110511688,0.2773790687291795,34.42622950819672,15.40983606557377,24.918032786885245,media_percentiles_50_50,1.0
03063,2024-02-01,76.86080695326147,54.33690767495711,98.68852459016394,95.73770491803279,97.21311475409837,media_percentiles_50_50,1.0
03065,2024-02-01,3.1259254384521733,2.327709097191273,60.32786885245902,54.75409836065574,57.540983606557376,media_percentiles_50_50,1.0
03066,2024-02-01,0.4459474525251774,0.5263446214227311,14.098360655737705,26.229508196721312,20.16393442622951,media_percentiles_50_50,1.0
03082,2024-02-01,98.03856493312536,42.86513550168279,99.34426229508196,94.42622950819673,96.88524590163934,media_percentiles_50_50,1.0
03093,2024-02-01,0.953725250829741,0.3301454899192612,34.75409836065574,17.37704918032787,26.065573770491802,media_percentiles_50_50,1.0
03099,2024-02-01,32.26230291447683,7.389070868900114,93.11475409836065,77.37704918032787,85.24590163934425,media_percentiles_50_50,1.0
03104,2024-02-01,0.7336541847634699,0.2397365428203962,29.18032786885246,13.770491803278688,21.475409836065573,media_percentiles_50_50,1.0
03121,2024-02-01,43.54704844900923,28.835693126967236,96.06557377049181,91.47540983606558,93.7704918032787,media_percentiles_50_50,1.0
03122,2024-02-01,1.5430818497071463,2.293441139412907,47.21311475409836,53.442622950819676,50.32786885245902,media_percentiles_50_50,1.0
03133,2024-02-01,46.98163560224887,62.067824504013174,97.37704918032787,96.72131147540983,97.04918032786885,media_percentiles_50_50,1.0
03139,2024-02-01,23.826949662519315,14.926642020688403,90.49180327868852,83.60655737704919,87.04918032786885,media_percentiles_50_50,1.0
03140,2024-02-01,1.3668750908826524,0.1362106570698822,45.24590163934426,10.491803278688524,27.86885245901639,media_percentiles_50_50,1.0
04013,2024-02-01,4.613297150610584,3.1617275530932205,69.18032786885246,62.295081967213115,65.73770491803279,media_percentiles_50_50,1.0
04066,2024-02-01,27.30076188172693,1.5054981270252563,91.14754098360656,43.9344262295082,67.54098360655738,media_percentiles_50_50,1.0
04079,2024-02-01,8.919087212922603,16.284045229241336,80.65573770491804,84.26229508196721,82.45901639344262,media_percentiles_50_50,1.0
04902,2024-02-01,1.741831696899096,0.6942766320592254,49.83606557377049,31.475409836065573,40.65573770491803,media_percentiles_50_50,1.0
05019,2024-02-01,2.6501006694085456,0.6675208429497621,56.0655737704918,30.16393442622951,43.114754098360656,media_percentiles_50_50,1.0
06011,2024-02-01,0.2041768755104422,0.0424900868786012,1.639344262295082,3.9344262295081966,2.7868852459016393,media_percentiles_50_50,1.0
06015,2024-02-01,0.4516171880188616,0.0472005137374791,14.426229508196721,4.590163934426229,9.508196721311474,media_percentiles_50_50,1.0
06044,2024-02-01,0.2385496183206107,0.0160895618955716,2.9508196721311477,0.6557377049180327,1.8032786885245902,media_percentiles_50_50,1.0
06083,2024-02-01,3.408122692416927,0.2359837768548041,63.9344262295082,13.442622950819672,38.68852459016394,media_percentiles_50_50,1.0
06153,2024-02-01,0.3878374185541421,0.065220717840536,10.491803278688524,5.901639344262295,8.19672131147541,media_percentiles_50_50,1.0
07011,2024-02-01,10.057766727112972,3.7040837754446456,82.95081967213115,65.24590163934427,74.09836065573771,media_percentiles_50_50,1.0
07015,2024-02-01,42.14019598634983,7.234479833879668,95.40983606557377,76.39344262295081,85.90163934426229,media_percentiles_50_50,1.0
07026,2024-02-01,8.284155853826535,39.7947755042356,79.34426229508196,93.44262295081967,86.39344262295081,media_percentiles_50_50,1.0
07027,2024-02-01,7.011835979132776,4.285457911380936,75.40983606557377,68.19672131147541,71.80327868852459,media_percentiles_50_50,1.0
07031,2024-02-01,15.233513730206454,1.8573464665462576,87.21311475409836,48.85245901639344,68.0327868852459,media_percentiles_50_50,1.0
07032,2024-02-01,5.75298333278543,1.4917619661973438,72.45901639344262,43.278688524590166,57.868852459016395,media_percentiles_50_50,1.0
07033,2024-02-01,18.29332105406367,3.3583034484574203,89.50819672131148,63.60655737704918,76.55737704918033,media_percentiles_50_50,1.0
07036,2024-02-01,3.143791012749819,2.324035305776278,60.65573770491803,54.42622950819672,57.540983606557376,media_percentiles_50_50,1.0
07040,2024-02-01,2.3706841613733745,4.899956285372748,54.09836065573771,70.81967213114754,62.459016393442624,media_percentiles_50_50,1.0
07054,2024-02-01,24.672708962739176,6.699599809172652,90.81967213114754,74.75409836065573,82.78688524590163,media_percentiles_50_50,1.0
08015,2024-02-01,1.1053227234095022,11.972726206736828,39.67213114754098,80.65573770491804,60.16393442622951,media_percentiles_50_50,1.0
08019,2024-02-01,5.193395542090761,87.82654428439614,70.81967213114754,97.70491803278688,84.26229508196721,media_percentiles_50_50,1.0
08056,2024-02-01,3.858891288696905,20.71396709916237,65.57377049180327,85.90163934426229,75.73770491803279,media_percentiles_50_50,1.0
08073,2024-02-01,1.1791809060039962,15.66368064704081,41.31147540983606,83.93442622950819,62.62295081967213,media_percentiles_50_50,1.0
08077,2024-02-01,1.3021653750026254,13.691225003412873,43.9344262295082,82.95081967213115,63.44262295081967,media_percentiles_50_50,1.0
08089,2024-02-01,1.895556897952382,2.9596410079372,51.14754098360656,60.0,55.57377049180328,media_percentiles_50_50,1.0
08096,2024-02-01,0.4518471198641342,1.9434134840941188,14.754098360655737,49.50819672131148,32.131147540983605,media_percentiles_50_50,1.0
08101,2024-02-01,3.121506609093798,64.24857531076913,60.0,97.04918032786885,78.52459016393442,media_percentiles_50_50,1.0
08102,2024-02-01,0.458206723580765,2.316014399036211,15.081967213114755,54.09836065573771,34.59016393442623,media_percentiles_50_50,1.0
08113,2024-02-01,0.9600877794541216,1.8450869750590009,35.08196721311475,48.19672131147541,41.63934426229508,media_percentiles_50_50,1.0
08114,2024-02-01,0.4209492405374118,0.9388212762642952,12.131147540983607,34.75409836065574,23.442622950819672,media_percentiles_50_50,1.0
08121,2024-02-01,1.0167073855445454,5.971494212480387,36.39344262295082,73.11475409836065,54.75409836065573,media_percentiles_50_50,1.0
08124,2024-02-01,0.1530134077998584,0.7421566073421609,1.3114754098360655,32.131147540983605,16.721311475409834,media_percentiles_50_50,1.0
08125,2024-02-01,0.4306516297472613,0.6818993309413187,13.114754098360656,30.81967213114754,21.9672131147541,media_percentiles_50_50,1.0
08163,2024-02-01,8.928874554405025,25.537346164861027,80.98360655737704,89.50819672131148,85.24590163934425,media_percentiles_50_50,1.0
08169,2024-02-01,0.967001087876224,1.900453264388744,35.40983606557377,49.18032786885246,42.295081967213115,media_percentiles_50_50,1.0
08172,2024-02-01,1.8652205450588928,27.269126666369026,50.81967213114754,90.49180327868852,70.65573770491804,media_percentiles_50_50,1.0
08180,2024-02-01,0.1520450053215752,1.3641281826681209,0.9836065573770492,41.31147540983606,21.147540983606557,media_percentiles_50_50,1.0
08184,2024-02-01,0.7972329882745425,2.01394488834061,31.147540983606557,50.81967213114754,40.98360655737705,media_percentiles_50_50,1.0
08187,2024-02-01,0.3645741908478375,2.1523628739707115,8.19672131147541,52.459016393442624,30.327868852459016,media_percentiles_50_50,1.0
08194,2024-02-01,6.001558846453625,59.20070691764783,72.78688524590164,96.06557377049181,84.42622950819673,media_percentiles_50_50,1.0
08196,2024-02-01,0.2217131032444017,1.0637829848297518,2.2950819672131146,36.0655737704918,19.18032786885246,media_percentiles_50_50,1.0
08200,2024-02-01,0.2947035871320625,1.1321882698816177,4.262295081967213,37.377049180327866,20.81967213114754,media_percentiles_50_50,1.0
08205,2024-02-01,1.0951014489814543,2.2361406619836934,39.01639344262295,52.78688524590164,45.90163934426229,media_percentiles_50_50,1.0
08211,2024-02-01,0.4081281952141599,1.586513685752229,11.147540983606557,44.91803278688525,28.032786885245905,media_percentiles_50_50,1.0
08217,2024-02-01,0.4845651740159051,3.027633010551792,17.37704918032787,61.31147540983606,39.34426229508197,media_percentiles_50_50,1.0
08231,2024-02-01,4.732106721459481,3.718184741280702,70.1639344262295,65.57377049180327,67.86885245901638,media_percentiles_50_50,1.0
08245,2024-02-01,0.4290322846794221,7.329928125080503,12.78688524590164,77.04918032786885,44.91803278688525,media_percentiles_50_50,1.0
08252,2024-02-01,0.3574087862993299,1.4609508033463454,7.868852459016393,42.950819672131146,25.40983606557377,media_percentiles_50_50,1.0
08260,2024-02-01,0.0770416024653312,0.1275716162027478,0.32786885245901637,9.180327868852459,4.754098360655737,media_percentiles_50_50,1.0
08263,2024-02-01,0.2450294035284234,0.7545826956481605,3.278688524590164,32.78688524590164,18.0327868852459,media_percentiles_50_50,1.0
08266,2024-02-01,0.6712564543889845,1.2641834500718472,27.21311475409836,38.68852459016394,32.950819672131146,media_percentiles_50_50,1.0
08270,2024-02-01,30.211387131615492,22.26476482594924,91.80327868852459,87.21311475409836,89.50819672131146,media_percentiles_50_50,1.0
08279,2024-02-01,0.638368574776571,2.0819655989867196,25.901639344262296,52.131147540983605,39.01639344262295,media_percentiles_50_50,1.0
08298,2024-02-01,0.8277811427417726,1.3280033562922344,31.475409836065573,40.0,35.73770491803279,media_percentiles_50_50,1.0
08301,2024-02-01,0.3563580210251232,1.178610875222866,7.540983606557377,38.032786885245905,22.78688524590164,media_percentiles_50_50,1.0
08305,2024-02-01,0.6264456437933693,1.301013367605691,24.918032786885245,39.01639344262295,31.967213114754095,media_percentiles_50_50,1.0
08307,2024-02-01,2.9679911386293276,6.153311989734142,59.01639344262295,73.44262295081967,66.22950819672131,media_percentiles_50_50,1.0
09018,2024-02-01,1.7181621589596232,0.4557091400902729,49.50819672131148,24.918032786885245,37.21311475409836,media_percentiles_50_50,1.0
09059,2024-02-01,1.9216009551152675,3.157023543188914,51.47540983606557,61.967213114754095,56.721311475409834,media_percentiles_50_50,1.0
09219,2024-02-01,0.0,0.0,0.0,0.0,0.0,media_percentiles_50_50,1.0
10037,2024-02-01,2.4470920044379465,0.1348395030866695,54.75409836065574,10.163934426229508,32.459016393442624,media_percentiles_50_50,1.0
10148,2024-02-01,2.0085867081774587,0.3670838779054673,52.131147540983605,19.672131147540984,35.90163934426229,media_percentiles_50_50,1.0
11004,2024-02-01,1.2242154619212982,1.7393497997807346,41.967213114754095,46.557377049180324,44.26229508196721,media_percentiles_50_50,1.0
11006,2024-02-01,7.440572054370933,0.4388551305275917,76.06557377049181,24.262295081967213,50.16393442622951,media_percentiles_50_50,1.0
11012,2024-02-01,14.795246767766017,93.83266797422904,86.88524590163935,98.0327868852459,92.45901639344262,media_percentiles_50_50,1.0
11015,2024-02-01,19.923380181303873,8.640364398839562,89.8360655737705,79.01639344262296,84.42622950819673,media_percentiles_50_50,1.0
11020,2024-02-01,4.314701808243795,0.7756884085697655,67.54098360655738,33.114754098360656,50.32786885245902,media_percentiles_50_50,1.0
11022,2024-02-01,1.6361001604936347,3.937529391227823,48.52459016393443,66.88524590163935,57.70491803278689,media_percentiles_50_50,1.0
11027,2024-02-01,11.393952867941309,6.324313969262607,83.93442622950819,74.09836065573771,79.01639344262296,media_percentiles_50_50,1.0
11028,2024-02-01,2.538492562454034,0.5469084098274695,55.08196721311475,27.540983606557376,41.31147540983606,media_percentiles_50_50,1.0
11030,2024-02-01,16.174878180833783,5.444512739101257,87.54098360655738,72.45901639344262,80.0,media_percentiles_50_50,1.0
11031,2024-02-01,1.537722248918789,4.659706394624985,46.885245901639344,70.49180327868852,58.68852459016394,media_percentiles_50_50,1.0
11032,2024-02-01,9.617035892151812,3.874051999949733,81.9672131147541,66.55737704918033,74.26229508196721,media_percentiles_50_50,1.0
11033,2024-02-01,13.89295115530857,3.3991849773345018,86.55737704918033,63.9344262295082,75.24590163934427,media_percentiles_50_50,1.0
12009,2024-02-01,0.8772853282801698,0.753617931379412,32.459016393442624,32.459016393442624,32.459016393442624,media_percentiles_50_50,1.0
12027,2024-02-01,8.275070084777248,5.122010680963969,79.01639344262296,71.47540983606558,75.24590163934427,media_percentiles_50_50,1.0
12032,2024-02-01,3.0871719879762773,2.4333373271186156,59.67213114754098,55.73770491803279,57.704918032786885,media_percentiles_50_50,1.0
12040,2024-02-01,2.622256471096968,4.248806756863464,55.40983606557377,67.8688524590164,61.63934426229508,media_percentiles_50_50,1.0
12084,2024-02-01,0.4260758414997869,0.1016312149887544,12.459016393442623,7.213114754098361,9.836065573770492,media_percentiles_50_50,1.0
12126,2024-02-01,0.7213649479362689,0.3428802815484972,28.524590163934427,19.34426229508197,23.934426229508198,media_percentiles_50_50,1.0
12135,2024-02-01,0.571374154842396,0.5444817552586096,22.295081967213115,27.21311475409836,24.75409836065574,media_percentiles_50_50,1.0
12138,2024-02-01,16.348503864191823,5.180976988373732,87.8688524590164,72.1311475409836,80.0,media_percentiles_50_50,1.0
13005,2024-02-01,0.7966350137021222,0.0375092034164366,30.81967213114754,3.6065573770491803,17.21311475409836,media_percentiles_50_50,1.0
13034,2024-02-01,1.0934144831311174,0.2910774217564866,38.68852459016394,16.065573770491802,27.37704918032787,media_percentiles_50_50,1.0
13071,2024-02-01,0.5310321938267507,0.1066032317510449,20.327868852459016,7.868852459016393,14.098360655737704,media_percentiles_50_50,1.0
13082,2024-02-01,0.7392601922076499,0.1114992312741741,30.16393442622951,8.524590163934427,19.34426229508197,media_percentiles_50_50,1.0
13087,2024-02-01,1.0451709834405722,0.0654049252175204,37.049180327868854,6.229508196721311,21.639344262295083,media_percentiles_50_50,1.0
14021,2024-02-01,6.136717769840557,1.578974640385315,73.11475409836065,44.59016393442623,58.85245901639344,media_percentiles_50_50,1.0
14038,2024-02-01,1.0908415726686165,0.1336148450620655,38.36065573770492,9.836065573770492,24.098360655737704,media_percentiles_50_50,1.0
14056,2024-02-01,0.7371665996515212,0.1287626610566178,29.83606557377049,9.508196721311476,19.672131147540984,media_percentiles_50_50,1.0
15002,2024-02-01,2.71242228453005,1.1111241662170963,56.721311475409834,36.721311475409834,46.721311475409834,media_percentiles_50_50,1.0
15005,2024-02-01,0.9695046712497796,0.3423119337160629,35.73770491803279,19.016393442622952,27.377049180327873,media_percentiles_50_50,1.0
15019,2024-02-01,3.228358917550245,0.5438415941576317,62.295081967213115,26.885245901639344,44.59016393442623,media_percentiles_50_50,1.0
15030,2024-02-01,3.398044619896414,21.880824573186047,63.60655737704918,86.88524590163935,75.24590163934427,media_percentiles_50_50,1.0
15031,2024-02-01,1.0616052758565224,0.5378906732266028,37.704918032786885,26.557377049180328,32.131147540983605,media_percentiles_50_50,1.0
15036,2024-02-01,3.5192625120682677,2.7118652285637936,64.59016393442623,57.049180327868854,60.81967213114754,media_percentiles_50_50,1.0
15054,2024-02-01,0.6363752068219423,0.3725473533884119,25.57377049180328,20.0,22.78688524590164,media_percentiles_50_50,1.0
15058,2024-02-01,3.18263637075105,2.7708118240427138,61.63934426229508,57.704918032786885,59.67213114754098,media_percentiles_50_50,1.0
15073,2024-02-01,10.844306738962043,4.324794559507005,83.27868852459017,69.18032786885246,76.22950819672131,media_percentiles_50_50,1.0
15078,2024-02-01,6.218855489471146,2.813580741853847,73.44262295081967,58.36065573770492,65.90163934426229,media_percentiles_50_50,1.0
16078,2024-02-01,6.232570326975987,0.3727450270378571,73.77049180327869,20.327868852459016,47.049180327868854,media_percentiles_50_50,1.0
17023,2024-02-01,13.270771126593678,31.504211105982556,85.90163934426229,92.1311475409836,89.01639344262296,media_percentiles_50_50,1.0
17066,2024-02-01,3.1508951406649617,8.109136769945586,60.98360655737705,78.36065573770492,69.67213114754098,media_percentiles_50_50,1.0
17079,2024-02-01,4.5220121085282905,12.450904061923389,68.85245901639344,81.63934426229508,75.24590163934425,media_percentiles_50_50,1.0
17095,2024-02-01,40.2112676056338,35.40603400022987,94.75409836065573,92.45901639344262,93.60655737704917,media_percentiles_50_50,1.0
17114,2024-02-01,2.627376229972696,3.5108332833974223,55.73770491803279,64.26229508196721,60.0,media_percentiles_50_50,1.0
17155,2024-02-01,0.3244454931571496,1.6630406544507972,6.229508196721311,45.24590163934426,25.737704918032787,media_percentiles_50_50,1.0
18017,2024-02-01,50.74878254183296,16.62582012657219,97.70491803278688,84.59016393442623,91.14754098360655,media_percentiles_50_50,1.0
18087,2024-02-01,11.266903578165754,29.77241400367568,83.60655737704919,91.80327868852459,87.70491803278688,media_percentiles_50_50,1.0
18140,2024-02-01,4.729004561309364,2.733370711598551,69.8360655737705,57.377049180327866,63.606557377049185,media_percentiles_50_50,1.0
19046,2024-02-01,0.2228784755112275,0.405105811363502,2.622950819672131,21.9672131147541,12.295081967213115,media_percentiles_50_50,1.0
19130,2024-02-01,0.506000506000506,0.1953403427733308,19.34426229508197,11.475409836065573,15.40983606557377,media_percentiles_50_50,1.0
20030,2024-02-01,0.3654703603537753,0.403641322277212,8.524590163934427,21.639344262295083,15.081967213114755,media_percentiles_50_50,1.0
20045,2024-02-01,1.131079552595199,1.723550011766061,40.0,46.22950819672131,43.114754098360656,media_percentiles_50_50,1.0
20067,2024-02-01,0.5844683878837162,0.7130258905880931,23.60655737704918,31.80327868852459,27.704918032786885,media_percentiles_50_50,1.0
20069,2024-02-01,6.970115234302698,21.567926967271937,75.08196721311475,86.55737704918033,80.81967213114754,media_percentiles_50_50,1.0
21041,2024-02-01,1.2771302952055272,1.194569712368925,43.278688524590166,38.36065573770492,40.81967213114754,media_percentiles_50_50,1.0
21044,2024-02-01,6.6345200232550186,1.4997731508762198,74.42622950819673,43.60655737704918,59.016393442622956,media_percentiles_50_50,1.0
22125,2024-02-01,1.1516525299795262,0.3912010936536095,40.98360655737705,21.311475409836067,31.14754098360656,media_percentiles_50_50,1.0
23005,2024-02-01,0.9264718268339932,0.0342465897961287,34.09836065573771,2.9508196721311477,18.524590163934427,media_percentiles_50_50,1.0
23050,2024-02-01,1.5703909916662204,0.4148711873256112,47.868852459016395,22.62295081967213,35.24590163934426,media_percentiles_50_50,1.0
23055,2024-02-01,0.705741843252927,0.1982680656049957,28.19672131147541,11.80327868852459,20.0,media_percentiles_50_50,1.0
23092,2024-02-01,3.949634733028449,0.3303467022677688,65.90163934426229,17.704918032786885,41.803278688524586,media_percentiles_50_50,1.0
24089,2024-02-01,4.114755037098239,12.885790803482,66.88524590163935,82.29508196721312,74.59016393442624,media_percentiles_50_50,1.0
24115,2024-02-01,2.111312188462393,0.4696851853342574,53.114754098360656,25.901639344262296,39.50819672131148,media_percentiles_50_50,1.0
24142,2024-02-01,0.7361798955963057,0.3392754816271359,29.508196721311474,18.688524590163933,24.098360655737704,media_percentiles_50_50,1.0
25120,2024-02-01,0.3730853467275579,0.2544884788119408,9.180327868852459,14.754098360655737,11.967213114754099,media_percentiles_50_50,1.0
26089,2024-02-01,3.0165912518853695,5.774059365358861,59.34426229508197,72.78688524590164,66.06557377049181,media_percentiles_50_50,1.0
27028,2024-02-01,2.0707263625580508,0.6246483931722769,52.459016393442624,28.852459016393443,40.65573770491803,media_percentiles_50_50,1.0
28005,2024-02-01,1.2555928690297058,2.8572610923868216,42.622950819672134,59.01639344262295,50.81967213114754,media_percentiles_50_50,1.0
28006,2024-02-01,0.8568627289430104,2.298178466701746,31.80327868852459,53.77049180327869,42.78688524590164,media_percentiles_50_50,1.0
28007,2024-02-01,0.3858891288696904,1.9942941834490129,10.163934426229508,50.16393442622951,30.16393442622951,media_percentiles_50_50,1.0
28013,2024-02-01,1.236113786682078,0.4072044565050557,42.295081967213115,22.295081967213115,32.295081967213115,media_percentiles_50_50,1.0
28014,2024-02-01,0.420076285853511,0.3112430836916136,11.80327868852459,16.721311475409838,14.262295081967213,media_percentiles_50_50,1.0
28022,2024-02-01,0.334148453044548,0.4632109088048257,6.885245901639344,25.57377049180328,16.229508196721312,media_percentiles_50_50,1.0
28045,2024-02-01,0.298093952199758,0.0929105497137021,4.590163934426229,6.557377049180328,5.573770491803279,media_percentiles_50_50,1.0
28047,2024-02-01,0.4947674592941317,1.3084495648380945,18.360655737704917,39.34426229508197,28.852459016393443,media_percentiles_50_50,1.0
28049,2024-02-01,0.6438831104507182,4.322358327014309,26.229508196721312,68.85245901639344,47.540983606557376,media_percentiles_50_50,1.0
28058,2024-02-01,0.0943445673253315,0.4582376700610313,0.6557377049180327,25.24590163934426,12.950819672131146,media_percentiles_50_50,1.0
28061,2024-02-01,1.1330975016581917,0.6286148327500877,40.32786885245902,29.18032786885246,34.75409836065574,media_percentiles_50_50,1.0
28065,2024-02-01,0.5476393584194286,1.3224754594603088,20.983606557377048,39.67213114754098,30.327868852459012,media_percentiles_50_50,1.0
28074,2024-02-01,0.2988396776653407,1.340629028821364,4.918032786885246,40.32786885245902,22.622950819672134,media_percentiles_50_50,1.0
28079,2024-02-01,4.712051231996526,26.63598724134828,69.50819672131148,89.8360655737705,79.672131147541,media_percentiles_50_50,1.0
28080,2024-02-01,0.572558107831777,1.091111851738299,22.950819672131146,36.39344262295082,29.672131147540984,media_percentiles_50_50,1.0
28092,2024-02-01,0.3177481005205461,1.5146940893395873,5.573770491803279,44.26229508196721,24.918032786885245,media_percentiles_50_50,1.0
28096,2024-02-01,0.3671633570969617,0.1189232274752815,8.852459016393443,8.852459016393443,8.852459016393443,media_percentiles_50_50,1.0
28106,2024-02-01,0.3856622636891562,2.0807404123749293,9.836065573770492,51.80327868852459,30.81967213114754,media_percentiles_50_50,1.0
28113,2024-02-01,0.4821170294448512,0.4353148272607658,17.049180327868854,23.60655737704918,20.32786885245902,media_percentiles_50_50,1.0
28115,2024-02-01,1.2978585334198571,2.691819023387486,43.60655737704918,56.721311475409834,50.1639344262295,media_percentiles_50_50,1.0
28123,2024-02-01,0.5591030809522408,0.8390462338924023,21.311475409836067,33.442622950819676,27.377049180327873,media_percentiles_50_50,1.0
28127,2024-02-01,0.6288670250532509,1.0626744253660607,25.24590163934426,35.73770491803279,30.491803278688526,media_percentiles_50_50,1.0
28130,2024-02-01,0.2052334530528476,0.2058092956629658,1.9672131147540983,12.131147540983607,7.049180327868853,media_percentiles_50_50,1.0
28134,2024-02-01,1.26357021764997,2.0252293806801323,42.950819672131146,51.14754098360656,47.049180327868854,media_percentiles_50_50,1.0
28148,2024-02-01,0.6542175700083911,2.839997316585709,26.557377049180328,58.68852459016394,42.622950819672134,media_percentiles_50_50,1.0
28161,2024-02-01,0.4670267163231825,0.607535118162521,15.737704918032787,28.19672131147541,21.9672131147541,media_percentiles_50_50,1.0
28181,2024-02-01,1.6055751033375465,0.6888402605281895,48.19672131147541,31.147540983606557,39.67213114754098,media_percentiles_50_50,1.0
28903,2024-02-01,0.6045492329781607,0.842398237953501,23.934426229508198,33.77049180327869,28.852459016393443,media_percentiles_50_50,1.0
29007,2024-02-01,5.674467167532969,3.0229725227421476,72.1311475409836,60.98360655737705,66.55737704918033,media_percentiles_50_50,1.0
29015,2024-02-01,3.171628342824191,0.1764624586507527,61.31147540983606,11.147540983606557,36.22950819672131,media_percentiles_50_50,1.0
29025,2024-02-01,43.500656759471504,125.52942537673516,95.73770491803279,99.01639344262296,97.37704918032787,media_percentiles_50_50,1.0
29051,2024-02-01,41.153890298802494,23.49058844918137,95.08196721311475,88.52459016393442,91.80327868852459,media_percentiles_50_50,1.0
29054,2024-02-01,27.987747353218648,233.10360284046217,91.47540983606558,100.0,95.73770491803279,media_percentiles_50_50,1.0
29067,2024-02-01,11.895807733458184,17.793096885454144,84.59016393442623,85.24590163934427,84.91803278688525,media_percentiles_50_50,1.0
29069,2024-02-01,43.9874213836478,59.69925158793304,96.39344262295081,96.39344262295081,96.39344262295081,media_percentiles_50_50,1.0
29070,2024-02-01,45.32593084821333,28.43453150183098,96.72131147540983,91.14754098360656,93.9344262295082,media_percentiles_50_50,1.0
29082,2024-02-01,12.368370668198354,22.940758519196823,85.24590163934427,88.19672131147541,86.72131147540983,media_percentiles_50_50,1.0
29084,2024-02-01,16.890376969298377,1.419428124187657,88.85245901639344,42.295081967213115,65.57377049180327,media_percentiles_50_50,1.0
29094,2024-02-01,11.757181067565996,6.401968898704246,84.26229508196721,74.42622950819673,79.34426229508196,media_percentiles_50_50,1.0
29901,2024-02-01,32.763311857668505,116.71112781079214,93.44262295081967,98.68852459016394,96.0655737704918,media_percentiles_50_50,1.0
30003,2024-02-01,12.213699655236924,1.8144441451035285,84.91803278688525,47.540983606557376,66.22950819672131,media_percentiles_50_50,1.0
30005,2024-02-01,0.3214917215881691,0.8618392957417315,5.901639344262295,34.42622950819672,20.163934426229506,media_percentiles_50_50,1.0
30015,2024-02-01,3.3851361747961226,0.102301669032686,63.278688524590166,7.540983606557377,35.40983606557377,media_percentiles_50_50,1.0
30016,2024-02-01,7.553110653071068,2.963299400649567,76.39344262295081,60.65573770491803,68.52459016393442,media_percentiles_50_50,1.0
30019,2024-02-01,0.4807556347388366,0.0464158775267622,16.721311475409838,4.262295081967213,10.491803278688526,media_percentiles_50_50,1.0
30022,2024-02-01,0.4768367384367091,0.0134066939618701,16.39344262295082,0.32786885245901637,8.360655737704917,media_percentiles_50_50,1.0
30024,2024-02-01,0.9050786096365449,0.0531256830719008,33.77049180327869,4.918032786885246,19.34426229508197,media_percentiles_50_50,1.0
30026,2024-02-01,16.52468731302886,1.8229041227486371,88.19672131147541,47.868852459016395,68.03278688524591,media_percentiles_50_50,1.0
30027,2024-02-01,0.5290800459396332,0.2420742821934355,20.0,14.098360655737705,17.049180327868854,media_percentiles_50_50,1.0
30030,2024-02-01,2.07325064209668,1.111720096572933,52.78688524590164,37.049180327868854,44.91803278688525,media_percentiles_50_50,1.0
30035,2024-02-01,30.971231043710972,14.74154906568134,92.45901639344262,83.27868852459017,87.8688524590164,media_percentiles_50_50,1.0
30037,2024-02-01,16.71906972101612,3.53362754390222,88.52459016393442,64.59016393442623,76.55737704918033,media_percentiles_50_50,1.0
30039,2024-02-01,0.2673558506371981,0.0313278309152265,3.9344262295081966,2.2950819672131146,3.1147540983606556,media_percentiles_50_50,1.0
30043,2024-02-01,0.9733848763801208,0.0578243706602753,36.0655737704918,5.245901639344262,20.65573770491803,media_percentiles_50_50,1.0
31201,2024-02-01,3.2246110012176517,26.703189008863575,61.967213114754095,90.1639344262295,76.0655737704918,media_percentiles_50_50,1.0
31232,2024-02-01,2.4298823833527208,0.4370964336307744,54.42622950819672,23.934426229508198,39.18032786885246,media_percentiles_50_50,1.0
32054,2024-02-01,2.917314164227627,3.609703410840659,58.68852459016394,64.91803278688525,61.80327868852459,media_percentiles_50_50,1.0
33004,2024-02-01,2.2162944088333267,6.249207740097821,53.77049180327869,73.77049180327869,63.77049180327869,media_percentiles_50_50,1.0
33024,2024-02-01,5.313504194577768,7.757796298802953,71.47540983606558,78.0327868852459,74.75409836065575,media_percentiles_50_50,1.0
33031,2024-02-01,0.7052923044773001,0.3230362238102577,27.868852459016395,17.049180327868854,22.459016393442624,media_percentiles_50_50,1.0
33037,2024-02-01,1.356138602900476,0.3354904957203175,44.59016393442623,18.360655737704917,31.475409836065573,media_percentiles_50_50,1.0
33044,2024-02-01,4.1760563699596,4.948959921317654,67.21311475409836,71.14754098360656,69.18032786885246,media_percentiles_50_50,1.0
33066,2024-02-01,1.330975605118552,0.331800111451672,44.26229508196721,18.0327868852459,31.147540983606554,media_percentiles_50_50,1.0
34120,2024-02-01,0.5342854908910839,0.4306314067030498,20.65573770491803,22.950819672131146,21.80327868852459,media_percentiles_50_50,1.0
35002,2024-02-01,7.95684016998704,3.3458457155407744,77.70491803278688,63.278688524590166,70.49180327868852,media_percentiles_50_50,1.0
35004,2024-02-01,8.156200032272734,22.90386773449547,78.36065573770492,87.8688524590164,83.11475409836066,media_percentiles_50_50,1.0
35006,2024-02-01,2.7994657900143824,3.3192503144364833,57.377049180327866,62.950819672131146,60.1639344262295,media_percentiles_50_50,1.0
35011,2024-02-01,3.8476807035759,3.2234848400578375,65.24590163934427,62.622950819672134,63.934426229508205,media_percentiles_50_50,1.0
35014,2024-02-01,123.8675782170882,10.350815450568254,100.0,79.67213114754098,89.8360655737705,media_percentiles_50_50,1.0
35016,2024-02-01,6.923634987225184,25.49461358294603,74.75409836065573,89.18032786885246,81.96721311475409,media_percentiles_50_50,1.0
35017,2024-02-01,9.274609077467629,1.423799898407584,81.63934426229508,42.622950819672134,62.131147540983605,media_percentiles_50_50,1.0
35019,2024-02-01,66.338975534038,10.799621693045514,98.0327868852459,80.0,89.01639344262296,media_percentiles_50_50,1.0
35022,2024-02-01,3.4760953591532853,4.286056606438633,64.26229508196721,68.52459016393442,66.39344262295081,media_percentiles_50_50,1.0
35026,2024-02-01,4.092663341985282,4.196119460862852,66.22950819672131,67.54098360655738,66.88524590163934,media_percentiles_50_50,1.0
36008,2024-02-01,13.28891218087894,9.38234481027478,86.22950819672131,79.34426229508196,82.78688524590163,media_percentiles_50_50,1.0
36026,2024-02-01,6.624161629543761,4.398387746154,74.09836065573771,69.50819672131148,71.80327868852459,media_percentiles_50_50,1.0
36038,2024-02-01,4.429625528124511,3.106320418215044,68.19672131147541,61.63934426229508,64.91803278688525,media_percentiles_50_50,1.0
36045,2024-02-01,4.106847045831032,2.2870215366218325,66.55737704918033,53.114754098360656,59.8360655737705,media_percentiles_50_50,1.0
36057,2024-02-01,4.503753695016957,12.08283278256003,68.52459016393442,80.98360655737704,74.75409836065573,media_percentiles_50_50,1.0
36060,2024-02-01,8.05063425227086,6.907046177609408,78.0327868852459,75.73770491803279,76.88524590163934,media_percentiles_50_50,1.0
37274,2024-02-01,5.432606684798365,19.894021280198327,71.80327868852459,85.57377049180327,78.68852459016392,media_percentiles_50_50,1.0
38001,2024-02-01,75.17458307780569,35.86522311139169,98.36065573770492,92.78688524590164,95.57377049180329,media_percentiles_50_50,1.0
38006,2024-02-01,46.32665312153676,49.17982199535845,97.04918032786885,95.40983606557377,96.22950819672131,media_percentiles_50_50,1.0
38011,2024-02-01,12.571627018579614,7.316020071639924,85.57377049180327,76.72131147540983,81.14754098360655,media_percentiles_50_50,1.0
38017,2024-02-01,21.31494671263322,7.495210472324927,90.1639344262295,77.70491803278688,83.93442622950819,media_percentiles_50_50,1.0
38023,2024-02-01,4.342996917470579,6.793410897543653,67.8688524590164,75.40983606557377,71.63934426229508,media_percentiles_50_50,1.0
38026,2024-02-01,8.336268639192204,1.7159090047256622,80.32786885245902,45.90163934426229,63.114754098360656,media_percentiles_50_50,1.0
38028,2024-02-01,31.360550721866336,111.49029516301208,92.78688524590164,98.36065573770492,95.57377049180329,media_percentiles_50_50,1.0
38031,2024-02-01,7.728799104525345,5.135642666145168,76.72131147540983,71.80327868852459,74.26229508196721,media_percentiles_50_50,1.0
38038,2024-02-01,4.802255877440753,6.74686951583944,70.49180327868852,75.08196721311475,72.78688524590163,media_percentiles_50_50,1.0
39016,2024-02-01,2.859772533035303,2.3523885970321063,57.704918032786885,55.08196721311475,56.393442622950815,media_percentiles_50_50,1.0
39020,2024-02-01,8.302968759333373,2.89424138955343,79.67213114754098,59.34426229508197,69.50819672131148,media_percentiles_50_50,1.0
39075,2024-02-01,8.322755182336689,40.15751016364683,80.0,93.77049180327869,86.88524590163934,media_percentiles_50_50,1.0
39087,2024-02-01,1.6839904767435108,2.44843883537777,49.18032786885246,56.0655737704918,52.62295081967213,media_percentiles_50_50,1.0
40194,2024-02-01,2.678311499272198,0.8435526556472386,56.39344262295082,34.09836065573771,45.24590163934427,media_percentiles_50_50,1.0
41004,2024-02-01,0.8580120121681704,0.2309591433675635,32.131147540983605,13.114754098360656,22.62295081967213,media_percentiles_50_50,1.0
41021,2024-02-01,1.0451140916216688,2.5875917135014723,36.721311475409834,56.39344262295082,46.55737704918033,media_percentiles_50_50,1.0
41024,2024-02-01,2.912523852566034,0.0943766451600994,58.36065573770492,6.885245901639344,32.62295081967213,media_percentiles_50_50,1.0
41034,2024-02-01,0.4180736452805917,0.2074492569202353,11.475409836065573,12.459016393442623,11.967213114754099,media_percentiles_50_50,1.0
41038,2024-02-01,0.6551306700847397,0.5757326245844556,26.885245901639344,27.868852459016395,27.37704918032787,media_percentiles_50_50,1.0
41039,2024-02-01,1.518987341772152,0.0613498997093443,46.557377049180324,5.573770491803279,26.065573770491802,media_percentiles_50_50,1.0
41053,2024-02-01,0.3964678320418093,0.029318395813106,10.819672131147541,1.639344262295082,6.229508196721312,media_percentiles_50_50,1.0
41059,2024-02-01,1.440561192534135,3.943396887469652,45.90163934426229,67.21311475409836,56.557377049180324,media_percentiles_50_50,1.0
41065,2024-02-01,0.3305420890260026,0.0208159072455092,6.557377049180328,1.3114754098360655,3.9344262295081966,media_percentiles_50_50,1.0
41069,2024-02-01,0.3096214877312485,0.1096219048211793,5.245901639344262,8.19672131147541,6.721311475409836,media_percentiles_50_50,1.0
41081,2024-02-01,0.4934738088775938,0.144444781784596,17.704918032786885,10.819672131147541,14.262295081967213,media_percentiles_50_50,1.0
41091,2024-02-01,8.976156674734685,43.456278763004825,81.31147540983606,94.75409836065573,88.0327868852459,media_percentiles_50_50,1.0
41095,2024-02-01,0.3833400417840645,0.030754241546554,9.508196721311476,1.9672131147540983,5.7377049180327875,media_percentiles_50_50,1.0
42173,2024-02-01,2.748466257668712,0.4313204546937349,57.049180327868854,23.278688524590162,40.16393442622951,media_percentiles_50_50,1.0
43038,2024-02-01,36.69027653396293,38.38145072480577,93.77049180327869,93.11475409836065,93.44262295081967,media_percentiles_50_50,1.0
43123,2024-02-01,0.891476394068953,1.8520793760168268,33.114754098360656,48.52459016393443,40.81967213114754,media_percentiles_50_50,1.0
43148,2024-02-01,5.256781744373047,12.610906117058072,71.14754098360656,81.9672131147541,76.55737704918033,media_percentiles_50_50,1.0
43155,2024-02-01,1.6730469303842337,0.2692459070111692,48.85245901639344,15.081967213114755,31.967213114754095,media_percentiles_50_50,1.0
43163,2024-02-01,9.915924826904057,10.865348846131752,82.29508196721312,80.32786885245902,81.31147540983608,media_percentiles_50_50,1.0
43905,2024-02-01,78.12398571892243,159.03596902817296,99.01639344262296,99.67213114754098,99.34426229508196,media_percentiles_50_50,1.0
44216,2024-02-01,3.540980034320268,0.2951777205078218,64.91803278688525,16.39344262295082,40.65573770491803,media_percentiles_50_50,1.0
45081,2024-02-01,0.4353369196803383,0.2467216614405431,13.442622950819672,14.426229508196721,13.934426229508198,media_percentiles_50_50,1.0
45165,2024-02-01,0.625457291887937,0.2832342479688211,24.59016393442623,15.737704918032787,20.16393442622951,media_percentiles_50_50,1.0
45168,2024-02-01,7.766451702378476,2.8948100329042266,77.04918032786885,59.67213114754098,68.36065573770492,media_percentiles_50_50,1.0
46005,2024-02-01,0.5662514156285391,4.404733759028529,21.639344262295083,69.8360655737705,45.73770491803279,media_percentiles_50_50,1.0
46017,2024-02-01,0.8872927009612338,0.3798049888922104,32.78688524590164,20.65573770491803,26.721311475409834,media_percentiles_50_50,1.0
46021,2024-02-01,0.4994858234170706,1.053916708926108,18.688524590163933,35.40983606557377,27.049180327868854,media_percentiles_50_50,1.0
46029,2024-02-01,0.5720823798627003,0.3874560497937249,22.62295081967213,20.983606557377048,21.80327868852459,media_percentiles_50_50,1.0
46078,2024-02-01,2.1410641334842744,25.167577677628017,53.442622950819676,88.85245901639344,71.14754098360656,media_percentiles_50_50,1.0
46094,2024-02-01,0.8957600690067016,2.0666086480741175,33.442622950819676,51.47540983606557,42.459016393442624,media_percentiles_50_50,1.0
46102,2024-02-01,0.4942214111922141,0.6594012581429508,18.0327868852459,29.83606557377049,23.934426229508198,media_percentiles_50_50,1.0
46110,2024-02-01,1.1340368561978265,7.0035627273265995,40.65573770491803,76.06557377049181,58.36065573770492,media_percentiles_50_50,1.0
46131,2024-02-01,17.042262313502714,22.36423844260761,89.18032786885246,87.54098360655738,88.36065573770492,media_percentiles_50_50,1.0
46145,2024-02-01,2.863914675093818,1.1368610788540283,58.032786885245905,37.704918032786885,47.868852459016395,media_percentiles_50_50,1.0
46159,2024-02-01,1.0535122238403618,1.7549324737060568,37.377049180327866,46.885245901639344,42.131147540983605,media_percentiles_50_50,1.0
46169,2024-02-01,1.8417004311745715,41.7620192428163,50.16393442622951,94.09836065573771,72.1311475409836,media_percentiles_50_50,1.0
46181,2024-02-01,30.74037210014547,13.34734916830802,92.1311475409836,82.62295081967213,87.37704918032787,media_percentiles_50_50,1.0
46184,2024-02-01,1.5646445237441668,0.4544355190962847,47.540983606557376,24.59016393442623,36.0655737704918,media_percentiles_50_50,1.0
46190,2024-02-01,1.8443773221779691,3.852677635711012,50.49180327868852,66.22950819672131,58.36065573770492,media_percentiles_50_50,1.0
46220,2024-02-01,7.089118343443967,3.7781631577915618,75.73770491803279,65.90163934426229,70.81967213114754,media_percentiles_50_50,1.0
46235,2024-02-01,7.794943820224719,2.4024006488607017,77.37704918032787,55.40983606557377,66.39344262295083,media_percentiles_50_50,1.0
46244,2024-02-01,1.073813492019105,1.3855625499048898,38.032786885245905,41.63934426229508,39.8360655737705,media_percentiles_50_50,1.0
46250,2024-02-01,8.195431189372696,48.68849169106312,78.68852459016394,95.08196721311475,86.88524590163934,media_percentiles_50_50,1.0
47186,2024-02-01,1.0977386583637707,1.672073303162927,39.34426229508197,45.57377049180328,42.459016393442624,media_percentiles_50_50,1.0
48013,2024-02-01,0.7256040163162849,2.9617018294146793,28.852459016393443,60.32786885245902,44.59016393442623,media_percentiles_50_50,1.0
48015,2024-02-01,0.3466376151332079,1.996706523889329,7.213114754098361,50.49180327868852,28.852459016393443,media_percentiles_50_50,1.0
48020,2024-02-01,3.257787519858427,27.42930160202368,62.622950819672134,90.81967213114754,76.72131147540983,media_percentiles_50_50,1.0
48027,2024-02-01,0.5018904540435641,1.3985440048517466,19.016393442622952,41.967213114754095,30.491803278688522,media_percentiles_50_50,1.0
48036,2024-02-01,0.6054734802615646,0.6207626179751201,24.262295081967213,28.524590163934427,26.393442622950822,media_percentiles_50_50,1.0
48044,2024-02-01,1.934694199865756,12.38131485189164,51.80327868852459,81.31147540983606,66.55737704918033,media_percentiles_50_50,1.0
48054,2024-02-01,0.4589541963712021,1.7886390520048312,15.40983606557377,47.21311475409836,31.311475409836067,media_percentiles_50_50,1.0
48078,2024-02-01,0.5807979269981682,8.292936642815867,23.278688524590162,78.68852459016394,50.98360655737705,media_percentiles_50_50,1.0
48082,2024-02-01,0.2594762903539689,1.3536257328278072,3.6065573770491803,40.98360655737705,22.295081967213115,media_percentiles_50_50,1.0
48084,2024-02-01,0.5668130933824571,4.471090619077682,21.9672131147541,70.1639344262295,46.0655737704918,media_percentiles_50_50,1.0
49275,2024-02-01,3.3778106409437703,1.3406833819693642,62.950819672131146,40.65573770491803,51.803278688524586,media_percentiles_50_50,1.0
50297,2024-02-01,1.359561912469832,0.9589347880845206,44.91803278688525,35.08196721311475,40.0,media_percentiles_50_50,1.0
51001,2024-02-01,0.4685866705114804,1.963186098254467,16.065573770491802,49.83606557377049,32.950819672131146,media_percentiles_50_50,1.0
52001,2024-02-01,0.4428336693430912,2.7879604355086127,13.770491803278688,58.032786885245905,35.90163934426229,media_percentiles_50_50,1.0
01059,2024-08-01,0.7714135086522359,0.7185029508525108,26.229508196721312,26.885245901639344,26.557377049180328,media_percentiles_50_50,1.0
02003,2024-08-01,1.6998110682968008,0.2626466169781807,45.57377049180328,13.114754098360656,29.34426229508197,media_percentiles_50_50,1.0
02009,2024-08-01,1.1531650261521351,0.0525912604029373,35.40983606557377,3.9344262295081966,19.672131147540984,media_percentiles_50_50,1.0
02037,2024-08-01,0.7789173049461249,0.0307972155350615,26.885245901639344,1.3114754098360655,14.098360655737705,media_percentiles_50_50,1.0
02081,2024-08-01,1.4646504631462276,0.0429037814184855,43.60655737704918,3.278688524590164,23.442622950819672,media_percentiles_50_50,1.0
03009,2024-08-01,1.590141125024846,0.7387154410476386,44.59016393442623,28.19672131147541,36.39344262295082,media_percentiles_50_50,1.0
03014,2024-08-01,12.042818911685996,21.325384109009757,82.62295081967213,85.24590163934427,83.9344262295082,media_percentiles_50_50,1.0
03031,2024-08-01,42.511016165972435,82.42508054781312,93.77049180327869,97.37704918032787,95.57377049180329,media_percentiles_50_50,1.0
03047,2024-08-01,131.87427761828417,149.91712042242793,99.67213114754098,99.34426229508196,99.50819672131146,media_percentiles_50_50,1.0
03050,2024-08-01,46.40522875816993,25.679587492851432,95.40983606557377,87.21311475409836,91.31147540983606,media_percentiles_50_50,1.0
03059,2024-08-01,1.046264508746117,0.3060734551494395,32.78688524590164,14.098360655737705,23.442622950819672,media_percentiles_50_50,1.0
03063,2024-08-01,91.47458565889822,64.66814899009586,99.01639344262296,95.73770491803279,97.37704918032787,media_percentiles_50_50,1.0
03065,2024-08-01,3.681188509756178,2.741183739455512,60.65573770491803,54.75409836065574,57.704918032786885,media_percentiles_50_50,1.0
03066,2024-08-01,0.7060834664981976,0.8333789839193242,23.60655737704918,30.81967213114754,27.213114754098363,media_percentiles_50_50,1.0
03082,2024-08-01,115.927118250307,50.686499088482734,99.34426229508196,93.77049180327869,96.55737704918033,media_percentiles_50_50,1.0
03093,2024-08-01,1.5641094113607752,0.5414386034675884,44.26229508196721,23.934426229508198,34.09836065573771,media_percentiles_50_50,1.0
03099,2024-08-01,37.02818920210225,8.480607069081952,92.45901639344262,77.70491803278688,85.08196721311475,media_percentiles_50_50,1.0
03104,2024-08-01,0.9390773564972414,0.3068627748101071,30.16393442622951,14.426229508196721,22.295081967213115,media_percentiles_50_50,1.0
03121,2024-08-01,54.80340284261853,36.28935055228217,97.04918032786885,92.1311475409836,94.59016393442623,media_percentiles_50_50,1.0
03122,2024-08-01,2.190180689906917,3.2552067785215453,49.83606557377049,58.032786885245905,53.9344262295082,media_percentiles_50_50,1.0
03133,2024-08-01,57.07625286119637,75.40390623960828,97.37704918032787,97.04918032786885,97.21311475409837,media_percentiles_50_50,1.0
03139,2024-08-01,28.760402266135372,18.01725504431217,90.81967213114754,83.27868852459017,87.04918032786885,media_percentiles_50_50,1.0
03140,2024-08-01,1.861276719499782,0.1854783415419673,46.557377049180324,10.819672131147541,28.688524590163933,media_percentiles_50_50,1.0
04013,2024-08-01,5.19057604539287,3.557366188079217,68.52459016393442,61.31147540983606,64.91803278688525,media_percentiles_50_50,1.0
04066,2024-08-01,30.838069899625104,1.700562668400622,91.14754098360656,44.91803278688525,68.03278688524591,media_percentiles_50_50,1.0
04079,2024-08-01,10.484963920735504,19.14294844710609,80.98360655737704,83.60655737704919,82.29508196721312,media_percentiles_50_50,1.0
04902,2024-08-01,1.9304376768181064,0.7694530826643644,47.540983606557376,28.852459016393443,38.19672131147541,media_percentiles_50_50,1.0
05019,2024-08-01,3.355646951523808,0.8452374310078157,59.67213114754098,31.147540983606557,45.40983606557377,media_percentiles_50_50,1.0
06011,2024-08-01,0.379185625947964,0.0789101613459738,7.213114754098361,6.229508196721311,6.721311475409836,media_percentiles_50_50,1.0
06015,2024-08-01,0.4649000464900046,0.0485887641415226,11.475409836065573,3.6065573770491803,7.5409836065573765,media_percentiles_50_50,1.0
06044,2024-08-01,0.3710771840542833,0.0250282073931115,6.885245901639344,0.9836065573770492,3.9344262295081966,media_percentiles_50_50,1.0
06083,2024-08-01,4.243446881734801,0.2938229378486287,64.26229508196721,13.442622950819672,38.85245901639344,media_percentiles_50_50,1.0
06153,2024-08-01,0.3878374185541421,0.065220717840536,8.19672131147541,4.918032786885246,6.557377049180328,media_percentiles_50_50,1.0
07011,2024-08-01,9.646482585855564,3.5526156656680987,78.36065573770492,60.98360655737705,69.67213114754098,media_percentiles_50_50,1.0
07015,2024-08-01,43.86212078519771,7.53009379440224,94.42622950819673,75.40983606557377,84.91803278688525,media_percentiles_50_50,1.0
07026,2024-08-01,11.020719697674853,52.94046538990444,81.9672131147541,94.42622950819673,88.19672131147541,media_percentiles_50_50,1.0
07027,2024-08-01,7.5447355135468674,4.611152712645887,74.42622950819673,66.22950819672131,70.32786885245902,media_percentiles_50_50,1.0
07031,2024-08-01,16.33593906594508,1.9917596976778944,86.55737704918033,47.21311475409836,66.88524590163935,media_percentiles_50_50,1.0
07032,2024-08-01,6.278970380354384,1.6281516316782438,71.80327868852459,43.60655737704918,57.70491803278688,media_percentiles_50_50,1.0
07033,2024-08-01,19.98869749042426,3.6695420975707513,89.18032786885246,61.967213114754095,75.57377049180327,media_percentiles_50_50,1.0
07036,2024-08-01,3.043988123456174,2.250256407180206,55.73770491803279,50.49180327868852,53.114754098360656,media_percentiles_50_50,1.0
07040,2024-08-01,2.715974425346623,5.6136351578268435,54.09836065573771,69.8360655737705,61.9672131147541,media_percentiles_50_50,1.0
07054,2024-08-01,28.17340430633482,7.650174709210754,90.49180327868852,75.73770491803279,83.11475409836066,media_percentiles_50_50,1.0
08015,2024-08-01,1.3915616756868634,15.073232993341982,42.295081967213115,82.62295081967213,62.459016393442624,media_percentiles_50_50,1.0
08019,2024-08-01,5.787211748045722,97.8686881739601,71.14754098360656,98.0327868852459,84.59016393442623,media_percentiles_50_50,1.0
08056,2024-08-01,4.55003599712023,24.423931355728765,64.91803278688525,86.55737704918033,75.73770491803279,media_percentiles_50_50,1.0
08073,2024-08-01,1.277445981504329,16.968987367627545,40.0,82.95081967213115,61.47540983606557,media_percentiles_50_50,1.0
08077,2024-08-01,1.1551467036313612,12.145441535285611,35.73770491803279,80.32786885245902,58.032786885245905,media_percentiles_50_50,1.0
08089,2024-08-01,2.0621992626075363,3.2198292284151955,48.52459016393443,57.704918032786885,53.114754098360656,media_percentiles_50_50,1.0
08096,2024-08-01,0.4830089901995917,2.0774420002385408,13.442622950819672,48.19672131147541,30.81967213114754,media_percentiles_50_50,1.0
08101,2024-08-01,3.250081252031301,66.89496971716237,57.377049180327866,96.06557377049181,76.72131147540983,media_percentiles_50_50,1.0
08102,2024-08-01,0.5305551536198331,2.68170088309456,15.737704918032787,53.442622950819676,34.59016393442623,media_percentiles_50_50,1.0
08113,2024-08-01,1.0224311417563372,1.9648978175952996,32.459016393442624,46.885245901639344,39.67213114754098,media_percentiles_50_50,1.0
08114,2024-08-01,0.5261865506717648,1.1735265953303693,15.40983606557377,35.40983606557377,25.40983606557377,media_percentiles_50_50,1.0
08121,2024-08-01,1.191216862167863,6.996452174324036,36.39344262295082,74.42622950819673,55.40983606557377,media_percentiles_50_50,1.0
08124,2024-08-01,0.2103934357248054,1.020465335095471,2.2950819672131146,34.09836065573771,18.19672131147541,media_percentiles_50_50,1.0
08125,2024-08-01,0.5113988103248728,0.809755455492816,14.754098360655737,30.16393442622951,22.459016393442624,media_percentiles_50_50,1.0
08163,2024-08-01,9.981327448650484,28.547451606346545,79.34426229508196,89.18032786885246,84.26229508196721,media_percentiles_50_50,1.0
08169,2024-08-01,1.2842983198356095,2.5240394917663007,40.32786885245902,51.80327868852459,46.06557377049181,media_percentiles_50_50,1.0
08172,2024-08-01,2.348796241926013,34.33890024653877,51.47540983606557,91.47540983606558,71.47540983606558,media_percentiles_50_50,1.0
08180,2024-08-01,0.1773858395418377,1.5914828797794744,0.9836065573770492,42.622950819672134,21.803278688524593,media_percentiles_50_50,1.0
08184,2024-08-01,0.7113771279988226,1.797058515750083,24.262295081967213,45.90163934426229,35.08196721311475,media_percentiles_50_50,1.0
08187,2024-08-01,0.4545925095756986,2.683810497173356,11.147540983606557,53.77049180327869,32.459016393442624,media_percentiles_50_50,1.0
08194,2024-08-01,7.1706936866718625,70.73331216134547,73.77049180327869,96.72131147540983,85.24590163934425,media_percentiles_50_50,1.0
08196,2024-08-01,0.1847609193703348,0.8864858206914599,1.9672131147540983,31.80327868852459,16.885245901639344,media_percentiles_50_50,1.0
08200,2024-08-01,0.4243731654701701,1.6303511086295293,9.180327868852459,43.9344262295082,26.557377049180328,media_percentiles_50_50,1.0
08205,2024-08-01,1.064681964287525,2.1740256435952574,33.114754098360656,49.83606557377049,41.47540983606557,media_percentiles_50_50,1.0
08211,2024-08-01,0.3436869012329767,1.3360115248439823,5.573770491803279,38.36065573770492,21.9672131147541,media_percentiles_50_50,1.0
08217,2024-08-01,0.4275575064846222,2.671440891663346,9.508196721311476,52.78688524590164,31.147540983606557,media_percentiles_50_50,1.0
08231,2024-08-01,5.759471996513184,4.525422218006118,70.81967213114754,65.90163934426229,68.36065573770492,media_percentiles_50_50,1.0
08245,2024-08-01,0.4702853889755204,8.034728906338243,12.131147540983607,76.39344262295081,44.26229508196721,media_percentiles_50_50,1.0
08252,2024-08-01,0.387192851824274,1.5826967036252075,7.868852459016393,42.295081967213115,25.081967213114755,media_percentiles_50_50,1.0
08260,2024-08-01,0.1155624036979969,0.1913574243041217,0.32786885245901637,11.147540983606557,5.737704918032787,media_percentiles_50_50,1.0
08263,2024-08-01,0.1750210025203024,0.538987639748686,0.6557377049180327,23.60655737704918,12.131147540983607,media_percentiles_50_50,1.0
08266,2024-08-01,0.774526678141136,1.458673211621362,26.557377049180328,40.0,33.278688524590166,media_percentiles_50_50,1.0
08270,2024-08-01,31.63092115414288,23.3109131221634,91.47540983606558,85.90163934426229,88.68852459016394,media_percentiles_50_50,1.0
08279,2024-08-01,0.7914021372230092,2.5810669412095635,27.868852459016395,52.131147540983605,40.0,media_percentiles_50_50,1.0
08298,2024-08-01,0.9489198465576418,1.522345310871586,30.81967213114754,41.31147540983606,36.0655737704918,media_percentiles_50_50,1.0
08301,2024-08-01,0.4009027736532636,1.3259372346257243,8.524590163934427,38.032786885245905,23.278688524590166,media_percentiles_50_50,1.0
08305,2024-08-01,0.7710100231303006,1.601247221668543,25.901639344262296,42.950819672131146,34.42622950819672,media_percentiles_50_50,1.0
08307,2024-08-01,3.1810048567127724,6.594937252155253,56.721311475409834,73.44262295081967,65.08196721311475,media_percentiles_50_50,1.0
09018,2024-08-01,2.162514441449181,0.5735649521825849,49.18032786885246,24.262295081967213,36.721311475409834,media_percentiles_50_50,1.0
09059,2024-08-01,2.319565649961625,3.8108449870446064,51.14754098360656,63.60655737704918,57.37704918032787,media_percentiles_50_50,1.0
09219,2024-08-01,0.0277638958298628,0.0098816792648086,0.0,0.0,0.0,media_percentiles_50_50,1.0
10037,2024-08-01,2.758163021951245,0.1519801178858224,54.42622950819672,9.508196721311476,31.9672131147541,media_percentiles_50_50,1.0
10148,2024-08-01,2.4354113836651687,0.4450892019603791,52.78688524590164,21.311475409836067,37.049180327868854,media_percentiles_50_50,1.0
11004,2024-08-01,1.48026052585255,2.1031353788198426,43.9344262295082,48.85245901639344,46.393442622950815,media_percentiles_50_50,1.0
11006,2024-08-01,7.794885009340978,0.4597529938860485,74.75409836065573,22.295081967213115,48.52459016393442,media_percentiles_50_50,1.0
11012,2024-08-01,15.381286402077285,97.5493793808865,86.22950819672131,97.70491803278688,91.96721311475409,media_percentiles_50_50,1.0
11015,2024-08-01,23.92142013943025,10.374232939467513,89.8360655737705,79.01639344262296,84.42622950819673,media_percentiles_50_50,1.0
11020,2024-08-01,4.759275204971734,0.8556129192141556,66.22950819672131,31.475409836065573,48.85245901639344,media_percentiles_50_50,1.0
11022,2024-08-01,2.4151954750144133,5.812543387050597,52.459016393442624,70.81967213114754,61.63934426229508,media_percentiles_50_50,1.0
11027,2024-08-01,14.061805246776345,7.805128947431412,84.26229508196721,76.06557377049181,80.1639344262295,media_percentiles_50_50,1.0
11028,2024-08-01,3.3451163673459705,0.7206923905203102,59.01639344262295,27.540983606557376,43.278688524590166,media_percentiles_50_50,1.0
11030,2024-08-01,18.20519761775853,6.127924379992628,87.8688524590164,71.80327868852459,79.8360655737705,media_percentiles_50_50,1.0
11031,2024-08-01,1.9221528111484865,5.824632993281231,47.21311475409836,71.14754098360656,59.18032786885246,media_percentiles_50_50,1.0
11032,2024-08-01,12.164405518346786,4.900214583269752,82.95081967213115,66.88524590163935,74.91803278688525,media_percentiles_50_50,1.0
11033,2024-08-01,16.847031295700496,4.121959046199311,86.88524590163935,64.59016393442623,75.73770491803279,media_percentiles_50_50,1.0
12009,2024-08-01,1.684387830297926,1.4469464282484712,45.24590163934426,39.67213114754098,42.459016393442624,media_percentiles_50_50,1.0
12027,2024-08-01,10.031411490525889,6.209131315291016,79.67213114754098,72.45901639344262,76.0655737704918,media_percentiles_50_50,1.0
12032,2024-08-01,5.199447558696888,4.0982523404102995,68.85245901639344,64.26229508196721,66.55737704918033,media_percentiles_50_50,1.0
12040,2024-08-01,3.29306626602875,5.335710810944816,58.032786885245905,68.85245901639344,63.44262295081967,media_percentiles_50_50,1.0
12084,2024-08-01,0.3486075066816438,0.0831528122635263,5.901639344262295,6.557377049180328,6.229508196721312,media_percentiles_50_50,1.0
12126,2024-08-01,0.7840923347133358,0.3726959582048883,27.21311475409836,18.360655737704917,22.786885245901637,media_percentiles_50_50,1.0
12135,2024-08-01,0.95229025807066,0.9074695920976829,31.475409836065573,32.78688524590164,32.131147540983605,media_percentiles_50_50,1.0
12138,2024-08-01,19.816368320232513,6.279972107119677,88.85245901639344,73.11475409836065,80.98360655737704,media_percentiles_50_50,1.0
13005,2024-08-01,0.7010388120578676,0.0330080990064642,23.278688524590162,1.9672131147540983,12.62295081967213,media_percentiles_50_50,1.0
13034,2024-08-01,1.3173668471459248,0.3506956888632369,40.98360655737705,16.721311475409838,28.852459016393446,media_percentiles_50_50,1.0
13071,2024-08-01,0.5310321938267507,0.1066032317510449,16.065573770491802,7.213114754098361,11.639344262295081,media_percentiles_50_50,1.0
13082,2024-08-01,1.0130602633956685,0.1527952428572015,32.131147540983605,9.836065573770492,20.983606557377048,media_percentiles_50_50,1.0
13087,2024-08-01,1.2411405428356794,0.0776683486958055,38.36065573770492,5.901639344262295,22.131147540983605,media_percentiles_50_50,1.0
14021,2024-08-01,6.592092586683849,1.696142369883872,73.11475409836065,44.59016393442623,58.85245901639344,media_percentiles_50_50,1.0
14038,2024-08-01,1.1140509678317785,0.1364577141059392,34.09836065573771,8.524590163934427,21.311475409836067,media_percentiles_50_50,1.0
14056,2024-08-01,0.770674172362954,0.1346155092864641,25.57377049180328,8.19672131147541,16.885245901639344,media_percentiles_50_50,1.0
15002,2024-08-01,3.047665488236011,1.2484541193450522,56.0655737704918,36.721311475409834,46.393442622950815,media_percentiles_50_50,1.0
15005,2024-08-01,1.2045361067042717,0.4252966449199569,36.721311475409834,20.0,28.360655737704917,media_percentiles_50_50,1.0
15019,2024-08-01,3.829719892388036,0.6451454205203279,61.967213114754095,25.901639344262296,43.9344262295082,media_percentiles_50_50,1.0
15030,2024-08-01,4.104131813641123,26.427489419562367,63.278688524590166,87.8688524590164,75.57377049180329,media_percentiles_50_50,1.0
15031,2024-08-01,1.1902847032330706,0.6030895427086153,36.0655737704918,24.918032786885245,30.491803278688522,media_percentiles_50_50,1.0
15036,2024-08-01,4.827306985580367,3.7198151365255576,66.88524590163935,62.622950819672134,64.75409836065575,media_percentiles_50_50,1.0
15054,2024-08-01,0.6872852233676976,0.4023511416594849,22.295081967213115,19.016393442622952,20.65573770491803,media_percentiles_50_50,1.0
15058,2024-08-01,4.226123705423525,3.679274717171472,63.9344262295082,62.295081967213115,63.114754098360656,media_percentiles_50_50,1.0
15073,2024-08-01,14.422190254878094,5.751682560432785,85.24590163934427,70.49180327868852,77.8688524590164,media_percentiles_50_50,1.0
15078,2024-08-01,6.640813374055618,3.0044860587486153,73.44262295081967,55.73770491803279,64.59016393442623,media_percentiles_50_50,1.0
16078,2024-08-01,6.363585318834341,0.380580508086701,72.1311475409836,18.688524590163933,45.40983606557377,media_percentiles_50_50,1.0
17023,2024-08-01,14.408265794587422,34.20457205792392,84.91803278688525,91.14754098360656,88.03278688524591,media_percentiles_50_50,1.0
17066,2024-08-01,3.21227621483376,8.267106966762707,57.049180327868854,77.04918032786885,67.04918032786885,media_percentiles_50_50,1.0
17079,2024-08-01,4.951790118842963,13.63425444797396,67.21311475409836,81.31147540983606,74.26229508196721,media_percentiles_50_50,1.0
17095,2024-08-01,43.00469483568075,37.86564757059027,94.09836065573771,92.45901639344262,93.27868852459017,media_percentiles_50_50,1.0
17114,2024-08-01,2.653134820462624,3.5452532175483773,53.77049180327869,60.65573770491803,57.213114754098356,media_percentiles_50_50,1.0
17155,2024-08-01,0.3244454931571496,1.6630406544507972,4.590163934426229,44.26229508196721,24.42622950819672,media_percentiles_50_50,1.0
18017,2024-08-01,59.28014353191022,19.42078123010128,97.70491803278688,84.26229508196721,90.98360655737704,media_percentiles_50_50,1.0
18087,2024-08-01,13.054482483015851,34.496031175883566,83.27868852459017,91.80327868852459,87.54098360655738,media_percentiles_50_50,1.0
18140,2024-08-01,5.483632948752348,3.1695468889812983,69.18032786885246,57.049180327868854,63.114754098360656,media_percentiles_50_50,1.0
19046,2024-08-01,0.2507382849501309,0.4557440377839398,2.622950819672131,21.9672131147541,12.295081967213115,media_percentiles_50_50,1.0
19130,2024-08-01,0.594000594000594,0.2293125762991275,18.688524590163933,12.459016393442623,15.573770491803277,media_percentiles_50_50,1.0
20030,2024-08-01,0.4020173963891528,0.4440054545049333,8.852459016393443,20.983606557377048,14.918032786885245,media_percentiles_50_50,1.0
20045,2024-08-01,1.3667211260525325,2.08262293088399,41.967213114754095,48.52459016393443,45.24590163934426,media_percentiles_50_50,1.0
20067,2024-08-01,0.7877617401910958,0.9610348960100384,27.540983606557376,33.442622950819676,30.491803278688526,media_percentiles_50_50,1.0
20069,2024-08-01,7.805682917929273,24.15345994210423,75.08196721311475,86.22950819672131,80.65573770491804,media_percentiles_50_50,1.0
21041,2024-08-01,1.3190034196384954,1.2337359324465946,41.31147540983606,36.39344262295082,38.85245901639344,media_percentiles_50_50,1.0
21044,2024-08-01,7.899866625628398,1.7858123600639524,75.73770491803279,45.57377049180328,60.65573770491804,media_percentiles_50_50,1.0
22125,2024-08-01,1.206493126645218,0.4098297171609242,37.049180327868854,19.672131147540984,28.360655737704917,media_percentiles_50_50,1.0
23005,2024-08-01,1.1229961537381734,0.0415110179347015,34.42622950819672,2.622950819672131,18.524590163934427,media_percentiles_50_50,1.0
23050,2024-08-01,1.766689865624498,0.4667300857413126,46.22950819672131,22.62295081967213,34.42622950819672,media_percentiles_50_50,1.0
23055,2024-08-01,0.741933732650513,0.2084356587129442,24.918032786885245,11.80327868852459,18.360655737704917,media_percentiles_50_50,1.0
23092,2024-08-01,4.127813743541011,0.3452495610166907,63.60655737704918,16.39344262295082,40.0,media_percentiles_50_50,1.0
24089,2024-08-01,4.654663252701586,14.576570511294747,65.90163934426229,81.9672131147541,73.9344262295082,media_percentiles_50_50,1.0
24115,2024-08-01,3.0002857414991904,0.6674473686328922,55.40983606557377,26.229508196721312,40.81967213114754,media_percentiles_50_50,1.0
24142,2024-08-01,0.8031053406505153,0.3701187072296028,28.19672131147541,18.0327868852459,23.114754098360656,media_percentiles_50_50,1.0
25120,2024-08-01,0.4421752257511797,0.3016159748882261,10.491803278688524,13.770491803278688,12.131147540983605,media_percentiles_50_50,1.0
26089,2024-08-01,3.274589187901882,6.2678933900277105,57.704918032786885,72.78688524590164,65.24590163934427,media_percentiles_50_50,1.0
27028,2024-08-01,2.5833819183369857,0.7792943545887144,53.442622950819676,29.508196721311474,41.47540983606557,media_percentiles_50_50,1.0
28005,2024-08-01,1.27552291456986,2.9026144430596283,39.67213114754098,55.40983606557377,47.540983606557376,media_percentiles_50_50,1.0
28006,2024-08-01,0.9392533759567614,2.519157165423068,30.491803278688526,51.47540983606557,40.98360655737705,media_percentiles_50_50,1.0
28007,2024-08-01,0.4492440604751619,2.3217156165525816,10.819672131147541,50.81967213114754,30.81967213114754,media_percentiles_50_50,1.0
28013,2024-08-01,1.3163809156874078,0.4336463043300593,40.65573770491803,20.65573770491803,30.65573770491803,media_percentiles_50_50,1.0
28014,2024-08-01,0.4872884915900727,0.3610419770822718,13.770491803278688,17.37704918032787,15.573770491803279,media_percentiles_50_50,1.0
28022,2024-08-01,0.5619769437567399,0.7790365284444796,16.39344262295082,29.18032786885246,22.786885245901637,media_percentiles_50_50,1.0
28045,2024-08-01,0.3156288905644496,0.0983758761674493,3.9344262295081966,6.885245901639344,5.409836065573771,media_percentiles_50_50,1.0
28047,2024-08-01,0.4797745059821883,1.268799578024819,13.114754098360656,37.704918032786885,25.40983606557377,media_percentiles_50_50,1.0
28049,2024-08-01,0.7429420505200595,4.9873365311703575,25.24590163934426,67.54098360655738,46.393442622950815,media_percentiles_50_50,1.0
28058,2024-08-01,0.1834477697992557,0.8910176917853387,1.639344262295082,32.131147540983605,16.885245901639344,media_percentiles_50_50,1.0
28061,2024-08-01,1.3265531726730049,0.7359393163903466,41.63934426229508,27.868852459016395,34.75409836065574,media_percentiles_50_50,1.0
28065,2024-08-01,0.5844996998515055,1.4114882307701373,17.049180327868854,39.34426229508197,28.19672131147541,media_percentiles_50_50,1.0
28074,2024-08-01,0.3400589435502154,1.5255433776243108,5.245901639344262,41.63934426229508,23.442622950819672,media_percentiles_50_50,1.0
28079,2024-08-01,5.5145633113837595,31.172377118104617,69.8360655737705,90.1639344262295,80.0,media_percentiles_50_50,1.0
28080,2024-08-01,0.5861904437325336,1.1170907053511157,17.37704918032787,35.08196721311475,26.229508196721312,media_percentiles_50_50,1.0
28092,2024-08-01,0.3177481005205461,1.5146940893395873,4.262295081967213,40.32786885245902,22.295081967213115,media_percentiles_50_50,1.0
28096,2024-08-01,0.4283572499464553,0.1387437653878285,9.836065573770492,8.852459016393443,9.344262295081968,media_percentiles_50_50,1.0
28106,2024-08-01,0.2595803697907782,1.4004983544831258,2.9508196721311477,39.01639344262295,20.983606557377048,media_percentiles_50_50,1.0
28113,2024-08-01,0.6963912647536739,0.6287880838211062,22.62295081967213,25.57377049180328,24.098360655737707,media_percentiles_50_50,1.0
28115,2024-08-01,1.2754816621539975,2.6454083505704604,39.34426229508197,52.459016393442624,45.90163934426229,media_percentiles_50_50,1.0
28123,2024-08-01,0.6179560368419504,0.9273668900916026,19.016393442622952,33.114754098360656,26.065573770491802,media_percentiles_50_50,1.0
28127,2024-08-01,0.7100111573181864,1.1997937060584556,23.934426229508198,36.0655737704918,30.0,media_percentiles_50_50,1.0
28130,2024-08-01,0.1795792714212416,0.1800831337050951,1.3114754098360655,10.491803278688524,5.9016393442622945,media_percentiles_50_50,1.0
28134,2024-08-01,1.4636355021112153,2.3458906992878195,43.278688524590166,51.14754098360656,47.21311475409836,media_percentiles_50_50,1.0
28148,2024-08-01,0.8035498414233498,3.488257573632447,28.524590163934427,60.0,44.26229508196721,media_percentiles_50_50,1.0
28161,2024-08-01,0.574802112397763,0.7477355300461798,16.721311475409838,28.524590163934427,22.622950819672134,media_percentiles_50_50,1.0
28181,2024-08-01,1.913025655040481,0.8207458423314598,46.885245901639344,30.491803278688526,38.68852459016394,media_percentiles_50_50,1.0
28903,2024-08-01,0.6423335600392956,0.8950481278255948,20.0,32.459016393442624,26.229508196721312,media_percentiles_50_50,1.0
29007,2024-08-01,6.53698617699798,3.482464346198954,72.78688524590164,59.67213114754098,66.22950819672131,media_percentiles_50_50,1.0
29015,2024-08-01,3.820370503856412,0.2125570524656794,61.63934426229508,12.131147540983607,36.885245901639344,media_percentiles_50_50,1.0
29025,2024-08-01,51.845365338553066,149.6096703868371,96.06557377049181,99.01639344262296,97.54098360655738,media_percentiles_50_50,1.0
29051,2024-08-01,45.961766543812885,26.23491811925927,95.08196721311475,87.54098360655738,91.31147540983606,media_percentiles_50_50,1.0
29054,2024-08-01,36.19888421714672,301.4923003030197,92.1311475409836,100.0,96.0655737704918,media_percentiles_50_50,1.0
29067,2024-08-01,14.395651387590702,21.53222594109306,84.59016393442623,85.57377049180327,85.08196721311475,media_percentiles_50_50,1.0
29069,2024-08-01,51.0251572327044,69.25079041076648,95.73770491803279,96.39344262295081,96.0655737704918,media_percentiles_50_50,1.0
29070,2024-08-01,51.94958307431781,32.58977871586067,96.39344262295081,90.49180327868852,93.44262295081967,media_percentiles_50_50,1.0
29082,2024-08-01,14.72333907715872,27.308735760468046,85.57377049180327,88.19672131147541,86.88524590163934,media_percentiles_50_50,1.0
29084,2024-08-01,18.086155869779677,1.5199186108558096,87.54098360655738,40.65573770491803,64.09836065573771,media_percentiles_50_50,1.0
29094,2024-08-01,13.687638097453192,7.453132931528088,83.60655737704919,75.08196721311475,79.34426229508196,media_percentiles_50_50,1.0
29901,2024-08-01,40.108271185484895,142.87571369264356,93.11475409836065,98.68852459016394,95.90163934426229,media_percentiles_50_50,1.0
30003,2024-08-01,15.046636555576342,2.2352998986723995,85.90163934426229,50.16393442622951,68.0327868852459,media_percentiles_50_50,1.0
30005,2024-08-01,0.2985280271890141,0.8002793460458935,3.278688524590164,29.83606557377049,16.557377049180328,media_percentiles_50_50,1.0
30015,2024-08-01,4.654562240344668,0.1406647949199433,65.57377049180327,9.180327868852459,37.377049180327866,media_percentiles_50_50,1.0
30016,2024-08-01,8.522274851326571,3.3435299863955663,76.39344262295081,58.68852459016394,67.54098360655738,media_percentiles_50_50,1.0
30019,2024-08-01,0.5938746076185628,0.0573372604742356,18.360655737704917,4.262295081967213,11.311475409836065,media_percentiles_50_50,1.0
30022,2024-08-01,0.6602354839892896,0.0185631147164356,20.65573770491803,0.32786885245901637,10.491803278688524,media_percentiles_50_50,1.0
30024,2024-08-01,1.1288059064006346,0.0662578743930449,34.75409836065574,5.245901639344262,20.0,media_percentiles_50_50,1.0
30026,2024-08-01,19.23131713154221,2.1214832463022932,88.52459016393442,49.50819672131148,69.01639344262296,media_percentiles_50_50,1.0
30027,2024-08-01,0.6839327423122088,0.3129252916159044,21.639344262295083,14.754098360655737,18.19672131147541,media_percentiles_50_50,1.0
30030,2024-08-01,2.3492626686359737,1.2597234834134352,51.80327868852459,37.049180327868854,44.42622950819673,media_percentiles_50_50,1.0
30035,2024-08-01,40.95115967885816,19.491751194856786,93.44262295081967,84.59016393442623,89.01639344262296,media_percentiles_50_50,1.0
30037,2024-08-01,19.164545590657283,4.050486498084933,88.19672131147541,63.9344262295082,76.06557377049181,media_percentiles_50_50,1.0
30039,2024-08-01,0.3564744675162641,0.0417704412203021,6.229508196721311,2.9508196721311477,4.590163934426229,media_percentiles_50_50,1.0
30043,2024-08-01,1.2236838445921516,0.0726934945443461,37.377049180327866,5.573770491803279,21.475409836065573,media_percentiles_50_50,1.0
31201,2024-08-01,3.614452032708144,29.93148499351723,60.0,89.50819672131148,74.75409836065575,media_percentiles_50_50,1.0
31232,2024-08-01,2.5332816337081554,0.4556962818703819,53.114754098360656,21.639344262295083,37.37704918032787,media_percentiles_50_50,1.0
32054,2024-08-01,3.346330953084631,4.140542147728991,59.34426229508197,64.91803278688525,62.131147540983605,media_percentiles_50_50,1.0
33004,2024-08-01,2.189751960823347,6.174366928839166,49.50819672131148,72.1311475409836,60.81967213114754,media_percentiles_50_50,1.0
33024,2024-08-01,6.4119511023566345,9.361545358471398,72.45901639344262,78.0327868852459,75.24590163934425,media_percentiles_50_50,1.0
33031,2024-08-01,0.8881458648973408,0.4067863559092134,29.508196721311474,19.34426229508197,24.42622950819672,media_percentiles_50_50,1.0
33037,2024-08-01,1.7436067751577549,0.4313449230689797,45.90163934426229,20.327868852459016,33.114754098360656,media_percentiles_50_50,1.0
33044,2024-08-01,4.97862094920265,5.900062968085542,67.8688524590164,71.47540983606558,69.672131147541,media_percentiles_50_50,1.0
33066,2024-08-01,1.4070313539824693,0.350760117820339,42.622950819672134,17.049180327868854,29.836065573770494,media_percentiles_50_50,1.0
34120,2024-08-01,0.6255049649456592,0.5041538419938144,19.34426229508197,22.950819672131146,21.147540983606557,media_percentiles_50_50,1.0
35002,2024-08-01,8.891166099038548,3.738729113956547,77.04918032786885,62.950819672131146,70.0,media_percentiles_50_50,1.0
35004,2024-08-01,9.12438205049216,25.62267217779889,77.70491803278688,86.88524590163935,82.29508196721312,media_percentiles_50_50,1.0
35006,2024-08-01,3.159030203410725,3.7455760428962153,56.39344262295082,63.278688524590166,59.8360655737705,media_percentiles_50_50,1.0
35011,2024-08-01,4.091977891104529,3.428150544188494,62.950819672131146,59.34426229508197,61.14754098360656,media_percentiles_50_50,1.0
35014,2024-08-01,137.0019870003031,11.44837336947027,100.0,79.34426229508196,89.67213114754098,media_percentiles_50_50,1.0
35016,2024-08-01,7.462490405744988,27.47881851252232,74.09836065573771,88.52459016393442,81.31147540983606,media_percentiles_50_50,1.0
35017,2024-08-01,10.260316322415878,1.5751216267407573,80.32786885245902,41.967213114754095,61.14754098360656,media_percentiles_50_50,1.0
35019,2024-08-01,72.12284721708922,11.74120430862302,98.0327868852459,79.67213114754098,88.85245901639344,media_percentiles_50_50,1.0
35022,2024-08-01,4.280266673584269,5.277607015390854,64.59016393442623,68.52459016393442,66.55737704918033,media_percentiles_50_50,1.0
35026,2024-08-01,4.802317555678692,4.923712621535033,66.55737704918033,67.21311475409836,66.88524590163934,media_percentiles_50_50,1.0
36008,2024-08-01,17.219435501983977,12.157404542891264,87.21311475409836,80.65573770491804,83.9344262295082,media_percentiles_50_50,1.0
36026,2024-08-01,8.528608098037592,5.662924223173275,76.72131147540983,70.1639344262295,73.44262295081967,media_percentiles_50_50,1.0
36038,2024-08-01,4.983328719140075,3.4946104704919247,68.19672131147541,60.32786885245902,64.26229508196721,media_percentiles_50_50,1.0
36045,2024-08-01,5.694367752622861,3.171080281870608,70.49180327868852,57.377049180327866,63.93442622950819,media_percentiles_50_50,1.0
36057,2024-08-01,5.497028679114353,14.747626719499252,69.50819672131148,82.29508196721312,75.90163934426229,media_percentiles_50_50,1.0
36060,2024-08-01,11.17555149492863,9.58807068076043,82.29508196721312,78.68852459016394,80.49180327868854,media_percentiles_50_50,1.0
37274,2024-08-01,5.819170819930142,21.309606021864283,71.47540983606558,84.91803278688525,78.19672131147541,media_percentiles_50_50,1.0
38001,2024-08-01,84.31422975726522,40.225679184408264,98.36065573770492,92.78688524590164,95.57377049180329,media_percentiles_50_50,1.0
38006,2024-08-01,52.36424085703731,55.589253070258145,96.72131147540983,95.08196721311475,95.90163934426229,media_percentiles_50_50,1.0
38011,2024-08-01,13.92602882444869,8.104210079358038,83.93442622950819,76.72131147540983,80.327868852459,media_percentiles_50_50,1.0
38017,2024-08-01,24.0799398001505,8.467495574646223,90.1639344262295,77.37704918032787,83.77049180327869,media_percentiles_50_50,1.0
38023,2024-08-01,4.611314255762583,7.213118754719483,65.24590163934427,74.75409836065573,70.0,media_percentiles_50_50,1.0
38026,2024-08-01,9.43994364212751,1.9430856898583555,78.0327868852459,46.557377049180324,62.29508196721311,media_percentiles_50_50,1.0
38028,2024-08-01,35.37623099722727,125.7664914948612,91.80327868852459,98.36065573770492,95.08196721311475,media_percentiles_50_50,1.0
38031,2024-08-01,7.888705292894835,5.241897341996447,75.40983606557377,68.19672131147541,71.80327868852459,media_percentiles_50_50,1.0
38038,2024-08-01,4.963119621118571,6.972873026714849,67.54098360655738,74.09836065573771,70.81967213114754,media_percentiles_50_50,1.0
39016,2024-08-01,3.7472881467359143,3.082440230593795,60.98360655737705,56.0655737704918,58.52459016393443,media_percentiles_50_50,1.0
39020,2024-08-01,10.363777552117556,3.612596266816692,80.65573770491804,61.63934426229508,71.14754098360656,media_percentiles_50_50,1.0
39075,2024-08-01,10.890230383513018,52.54564476899544,81.63934426229508,94.09836065573771,87.8688524590164,media_percentiles_50_50,1.0
39087,2024-08-01,2.2840330604107386,3.3208710640755963,50.81967213114754,58.36065573770492,54.59016393442623,media_percentiles_50_50,1.0
40194,2024-08-01,3.3187772925764194,1.0452717689541868,58.68852459016394,34.75409836065574,46.721311475409834,media_percentiles_50_50,1.0
41004,2024-08-01,0.8970125581758145,0.2414572862479073,29.83606557377049,12.78688524590164,21.311475409836063,media_percentiles_50_50,1.0
41021,2024-08-01,1.0799512280090575,2.6738447706181883,33.77049180327869,53.114754098360656,43.44262295081967,media_percentiles_50_50,1.0
41024,2024-08-01,3.314251280506177,0.1073941134580442,58.36065573770492,7.540983606557377,32.950819672131146,media_percentiles_50_50,1.0
41034,2024-08-01,0.3859141341051616,0.1914916217725248,7.540983606557377,11.475409836065573,9.508196721311474,media_percentiles_50_50,1.0
41038,2024-08-01,0.8189133376059247,0.7196657807305695,28.852459016393443,27.21311475409836,28.0327868852459,media_percentiles_50_50,1.0
41039,2024-08-01,1.5949367088607596,0.0644173946948115,44.91803278688525,4.590163934426229,24.75409836065574,media_percentiles_50_50,1.0
41053,2024-08-01,0.4325103622274284,0.0319837045233884,10.163934426229508,1.639344262295082,5.9016393442622945,media_percentiles_50_50,1.0
41059,2024-08-01,2.0251367489247984,5.543615914268931,47.868852459016395,69.50819672131148,58.68852459016394,media_percentiles_50_50,1.0
41065,2024-08-01,0.3305420890260026,0.0208159072455092,4.918032786885246,0.6557377049180327,2.7868852459016393,media_percentiles_50_50,1.0
41069,2024-08-01,0.3096214877312485,0.1096219048211793,3.6065573770491803,7.868852459016393,5.737704918032787,media_percentiles_50_50,1.0
41081,2024-08-01,0.5921685706531126,0.1733337381415152,18.0327868852459,10.163934426229508,14.098360655737704,media_percentiles_50_50,1.0
41091,2024-08-01,9.712169521504377,47.01953869722625,79.01639344262296,93.44262295081967,86.22950819672131,media_percentiles_50_50,1.0
41095,2024-08-01,0.4791750522300806,0.0384428019331925,12.78688524590164,2.2950819672131146,7.540983606557377,media_percentiles_50_50,1.0
42173,2024-08-01,3.901840490797546,0.6123210026455701,62.622950819672134,25.24590163934426,43.9344262295082,media_percentiles_50_50,1.0
43038,2024-08-01,39.0784010420907,40.87965165955644,92.78688524590164,93.11475409836065,92.95081967213115,media_percentiles_50_50,1.0
43123,2024-08-01,0.9824433730555808,2.041067067447115,31.80327868852459,47.868852459016395,39.83606557377049,media_percentiles_50_50,1.0
43148,2024-08-01,5.639350766200735,13.528680955765804,70.1639344262295,80.98360655737704,75.57377049180327,media_percentiles_50_50,1.0
43155,2024-08-01,2.2685382106904863,0.365079195947348,50.49180327868852,17.704918032786885,34.09836065573771,media_percentiles_50_50,1.0
43163,2024-08-01,10.73194856577646,11.75950473621242,81.31147540983606,80.0,80.65573770491804,media_percentiles_50_50,1.0
43905,2024-08-01,87.89354105809802,178.92372419123072,98.68852459016394,99.67213114754098,99.18032786885246,media_percentiles_50_50,1.0
44216,2024-08-01,3.8133631138833657,0.3178836990084235,61.31147540983606,15.081967213114755,38.19672131147541,media_percentiles_50_50,1.0
45081,2024-08-01,0.5908143909947449,0.3348365405264514,17.704918032786885,15.737704918032787,16.721311475409834,media_percentiles_50_50,1.0
45165,2024-08-01,0.7316670206990961,0.3313306296993756,24.59016393442623,15.40983606557377,20.0,media_percentiles_50_50,1.0
45168,2024-08-01,8.309641032753161,3.0972744250865163,76.06557377049181,56.39344262295082,66.22950819672131,media_percentiles_50_50,1.0
46005,2024-08-01,0.6994870428352542,5.441141702329359,22.950819672131146,69.18032786885246,46.0655737704918,media_percentiles_50_50,1.0
46017,2024-08-01,1.2253089679940847,0.5244926037082905,37.704918032786885,23.278688524590162,30.491803278688522,media_percentiles_50_50,1.0
46021,2024-08-01,0.4701043043925371,0.9919216084010428,11.80327868852459,33.77049180327869,22.78688524590164,media_percentiles_50_50,1.0
46029,2024-08-01,0.5005720823798627,0.3390240435695092,14.098360655737705,16.065573770491802,15.081967213114755,media_percentiles_50_50,1.0
46078,2024-08-01,2.8547521779790324,33.55677023683735,54.75409836065574,90.81967213114754,72.78688524590164,media_percentiles_50_50,1.0
46094,2024-08-01,1.2275230575277023,2.832019258471939,38.032786885245905,55.08196721311475,46.55737704918033,media_percentiles_50_50,1.0
46102,2024-08-01,0.950425790754258,1.2680793425825976,31.147540983606557,37.377049180327866,34.26229508196721,media_percentiles_50_50,1.0
46110,2024-08-01,1.0710348086312804,6.614475909141788,33.442622950819676,73.77049180327869,53.606557377049185,media_percentiles_50_50,1.0
46131,2024-08-01,21.324676946126473,27.983970153826963,89.50819672131148,88.85245901639344,89.18032786885246,media_percentiles_50_50,1.0
46145,2024-08-01,2.9955889130291657,1.1891305537438688,55.08196721311475,35.73770491803279,45.40983606557377,media_percentiles_50_50,1.0
46159,2024-08-01,1.270411799336907,2.116242100645539,39.01639344262295,49.18032786885246,44.09836065573771,media_percentiles_50_50,1.0
46169,2024-08-01,2.361709964682686,53.55364820549384,52.131147540983605,94.75409836065573,73.44262295081967,media_percentiles_50_50,1.0
46181,2024-08-01,44.1773217977184,19.181620099909654,94.75409836065573,83.93442622950819,89.34426229508196,media_percentiles_50_50,1.0
46184,2024-08-01,2.0312928904748833,0.58996891952851,48.19672131147541,24.59016393442623,36.393442622950815,media_percentiles_50_50,1.0
46190,2024-08-01,2.151773542540964,4.4947905749961805,48.85245901639344,65.57377049180327,57.213114754098356,media_percentiles_50_50,1.0
46220,2024-08-01,8.924443448169578,4.756304212476729,77.37704918032787,66.55737704918033,71.9672131147541,media_percentiles_50_50,1.0
46235,2024-08-01,10.217696629213483,3.1490927424255144,80.0,56.721311475409834,68.36065573770492,media_percentiles_50_50,1.0
46244,2024-08-01,1.24159685014709,1.6020566983275288,38.68852459016394,43.278688524590166,40.98360655737705,media_percentiles_50_50,1.0
46250,2024-08-01,9.65678226716452,57.370277696545934,78.68852459016394,95.40983606557377,87.04918032786885,media_percentiles_50_50,1.0
47186,2024-08-01,1.150962350890499,1.7531435239223412,35.08196721311475,45.24590163934426,40.1639344262295,media_percentiles_50_50,1.0
48013,2024-08-01,0.8236586131157829,3.361931806362609,29.18032786885246,59.01639344262295,44.09836065573771,media_percentiles_50_50,1.0
48015,2024-08-01,0.4704367633950678,2.709815996706946,12.459016393442623,54.09836065573771,33.278688524590166,media_percentiles_50_50,1.0
48020,2024-08-01,3.654237852962891,30.767258939836086,60.32786885245902,89.8360655737705,75.08196721311475,media_percentiles_50_50,1.0
48027,2024-08-01,0.5018904540435641,1.3985440048517466,14.426229508196721,38.68852459016394,26.557377049180328,media_percentiles_50_50,1.0
48036,2024-08-01,0.6862032776297732,0.7035309670384695,21.9672131147541,26.557377049180328,24.262295081967213,media_percentiles_50_50,1.0
48044,2024-08-01,2.211079085560864,14.15007411644759,50.16393442622951,81.63934426229508,65.90163934426229,media_percentiles_50_50,1.0
48054,2024-08-01,0.5201480892206958,2.0271242589388088,15.081967213114755,47.540983606557376,31.311475409836063,media_percentiles_50_50,1.0
48078,2024-08-01,0.6701514542286556,9.568773049402925,21.311475409836067,78.36065573770492,49.83606557377049,media_percentiles_50_50,1.0
48082,2024-08-01,0.3675914113347893,1.9176364548393936,6.557377049180328,46.22950819672131,26.393442622950822,media_percentiles_50_50,1.0
48084,2024-08-01,0.6376647300552643,5.0299769464623925,19.672131147540984,67.8688524590164,43.77049180327869,media_percentiles_50_50,1.0
49275,2024-08-01,3.8315463986824856,1.5207751795473383,62.295081967213115,40.98360655737705,51.63934426229508,media_percentiles_50_50,1.0
50297,2024-08-01,1.451266838043279,1.0236166849253394,42.950819672131146,34.42622950819672,38.68852459016394,media_percentiles_50_50,1.0
51001,2024-08-01,0.6488123130158959,2.7182576745061855,20.327868852459016,54.42622950819672,37.377049180327866,media_percentiles_50_50,1.0
52001,2024-08-01,0.6642505040146368,4.181940653262919,20.983606557377048,65.24590163934427,43.114754098360656,media_percentiles_50_50,1.0
01059,2024-11-01,0.6977609626000124,0.649902166600261,24.59016393442623,27.21311475409836,25.901639344262293,media_percentiles_50_50,1.0
02003,2024-11-01,1.808920562545582,0.2795056903652936,47.21311475409836,14.426229508196721,30.81967213114754,media_percentiles_50_50,1.0
02009,2024-11-01,1.1943494913718546,0.0544695197030422,36.721311475409834,4.262295081967213,20.491803278688522,media_percentiles_50_50,1.0
02037,2024-11-01,0.8113721926522134,0.0320804328490224,30.16393442622951,1.639344262295082,15.901639344262296,media_percentiles_50_50,1.0
02081,2024-11-01,1.385480167841026,0.0405846580985674,42.622950819672134,2.9508196721311477,22.78688524590164,media_percentiles_50_50,1.0
03009,2024-11-01,1.6563970052342143,0.7694952510912904,45.90163934426229,30.81967213114754,38.36065573770492,media_percentiles_50_50,1.0
03014,2024-11-01,11.147970561998216,19.74078959535417,82.95081967213115,84.91803278688525,83.9344262295082,media_percentiles_50_50,1.0
03031,2024-11-01,39.832313193951485,77.23131365759176,94.42622950819673,97.37704918032787,95.90163934426229,media_percentiles_50_50,1.0
03047,2024-11-01,115.65564296633237,131.4794762653015,99.67213114754098,98.68852459016394,99.18032786885246,media_percentiles_50_50,1.0
03050,2024-11-01,43.071895424836605,23.83499740533675,95.40983606557377,87.54098360655738,91.47540983606558,media_percentiles_50_50,1.0
03059,2024-11-01,0.784698381559588,0.2295550913620796,28.19672131147541,11.80327868852459,20.0,media_percentiles_50_50,1.0
03063,2024-11-01,78.79936943462145,55.70737846165919,98.68852459016394,95.73770491803279,97.21311475409837,media_percentiles_50_50,1.0
03065,2024-11-01,3.4179526833602054,2.545166131270984,62.295081967213115,52.78688524590164,57.540983606557376,media_percentiles_50_50,1.0
03066,2024-11-01,0.5574343156564718,0.6579307767784138,17.049180327868854,27.868852459016395,22.459016393442624,media_percentiles_50_50,1.0
03082,2024-11-01,106.30247917427236,46.47834428296885,99.34426229508196,94.09836065573771,96.72131147540983,media_percentiles_50_50,1.0
03093,2024-11-01,1.4115133712280166,0.4886153250805066,43.278688524590166,22.62295081967213,32.950819672131146,media_percentiles_50_50,1.0
03099,2024-11-01,36.84902054467272,8.439571873586395,93.11475409836065,77.70491803278688,85.40983606557376,media_percentiles_50_50,1.0
03104,2024-11-01,0.8803850217161638,0.2876838513844755,31.475409836065573,14.754098360655737,23.114754098360656,media_percentiles_50_50,1.0
03121,2024-11-01,51.0426392779334,33.79907330188893,96.72131147540983,92.45901639344262,94.59016393442623,media_percentiles_50_50,1.0
03122,2024-11-01,1.559674127660987,2.3181017968259487,44.91803278688525,52.131147540983605,48.52459016393443,media_percentiles_50_50,1.0
03133,2024-11-01,54.21769353290507,71.62744004279922,97.37704918032787,96.72131147540983,97.04918032786885,media_percentiles_50_50,1.0
03139,2024-11-01,26.78159984820146,16.777613556814725,90.81967213114754,82.95081967213115,86.88524590163934,media_percentiles_50_50,1.0
03140,2024-11-01,1.628617129562309,0.1622935488492214,45.57377049180328,10.819672131147541,28.19672131147541,media_percentiles_50_50,1.0
04013,2024-11-01,4.721845318860244,3.2361211425777667,67.8688524590164,60.65573770491803,64.26229508196721,media_percentiles_50_50,1.0
04066,2024-11-01,29.81013423630427,1.643877246120601,91.47540983606558,44.59016393442623,68.03278688524591,media_percentiles_50_50,1.0
04079,2024-11-01,9.560089374015604,17.45435648801638,80.98360655737704,83.27868852459017,82.1311475409836,media_percentiles_50_50,1.0
04902,2024-11-01,1.9082487380041049,0.7606087943578774,48.52459016393443,29.83606557377049,39.18032786885246,media_percentiles_50_50,1.0
05019,2024-11-01,3.0975202629450536,0.7802191670841375,57.377049180327866,31.147540983606557,44.26229508196721,media_percentiles_50_50,1.0
06011,2024-11-01,0.4083537510208844,0.0849801737572025,9.180327868852459,6.229508196721311,7.704918032786885,media_percentiles_50_50,1.0
06015,2024-11-01,0.4184100418410041,0.0437298877273703,10.163934426229508,3.278688524590164,6.721311475409836,media_percentiles_50_50,1.0
06044,2024-11-01,0.2915606446140797,0.0196650200945876,3.278688524590164,0.9836065573770492,2.1311475409836067,media_percentiles_50_50,1.0
06083,2024-11-01,4.276859849307516,0.2961365042883817,64.59016393442623,15.40983606557377,40.0,media_percentiles_50_50,1.0
06153,2024-11-01,0.3878374185541421,0.065220717840536,7.868852459016393,4.918032786885246,6.39344262295082,media_percentiles_50_50,1.0
07011,2024-11-01,8.730440634873156,3.215254875711244,79.67213114754098,60.32786885245902,70.0,media_percentiles_50_50,1.0
07015,2024-11-01,34.03149556995711,5.8424068197824655,92.1311475409836,73.44262295081967,82.78688524590163,media_percentiles_50_50,1.0
07026,2024-11-01,6.8879498110467825,33.08779086869028,73.77049180327869,91.80327868852459,82.78688524590163,media_percentiles_50_50,1.0
07027,2024-11-01,7.404498793964212,4.525443554418269,74.75409836065573,68.52459016393442,71.63934426229508,media_percentiles_50_50,1.0
07031,2024-11-01,15.283623972740028,1.8634561588704228,86.55737704918033,46.885245901639344,66.72131147540983,media_percentiles_50_50,1.0
07032,2024-11-01,5.292744666162596,1.3724210089015565,70.49180327868852,40.65573770491803,55.57377049180327,media_percentiles_50_50,1.0
07033,2024-11-01,18.5444879335245,3.4044128779556915,89.18032786885246,62.295081967213115,75.73770491803279,media_percentiles_50_50,1.0
07036,2024-11-01,2.8194316225454727,2.084253885339043,55.73770491803279,48.85245901639344,52.295081967213115,media_percentiles_50_50,1.0
07040,2024-11-01,2.3312886278999168,4.818529836837717,53.114754098360656,68.85245901639344,60.983606557377044,media_percentiles_50_50,1.0
07054,2024-11-01,24.265093751498583,6.588916430401092,90.49180327868852,74.42622950819673,82.45901639344262,media_percentiles_50_50,1.0
08015,2024-11-01,1.3827543233090984,14.97783278452336,42.295081967213115,82.62295081967213,62.459016393442624,media_percentiles_50_50,1.0
08019,2024-11-01,5.726714152384633,96.8456013088512,72.1311475409836,98.0327868852459,85.08196721311475,media_percentiles_50_50,1.0
08056,2024-11-01,4.1180705543556515,22.10520369537477,63.9344262295082,86.55737704918033,75.24590163934427,media_percentiles_50_50,1.0
08073,2024-11-01,1.3538743735601435,17.98422592808389,41.31147540983606,83.60655737704919,62.459016393442624,media_percentiles_50_50,1.0
08077,2024-11-01,1.1971520383088652,12.587093954750545,37.049180327868854,80.98360655737704,59.01639344262295,media_percentiles_50_50,1.0
08089,2024-11-01,1.9580477846980648,3.0572115906164483,49.50819672131148,58.36065573770492,53.9344262295082,media_percentiles_50_50,1.0
08096,2024-11-01,0.5141708605350493,2.211470516382963,14.754098360655737,50.81967213114754,32.78688524590164,media_percentiles_50_50,1.0
08101,2024-11-01,3.1786508948437997,65.42475060249946,59.67213114754098,96.39344262295081,78.0327868852459,media_percentiles_50_50,1.0
08102,2024-11-01,0.4340905802344089,2.194118904350095,11.80327868852459,50.16393442622951,30.98360655737705,media_percentiles_50_50,1.0
08113,2024-11-01,1.0099624692958942,1.94093564908804,33.114754098360656,47.540983606557376,40.32786885245902,media_percentiles_50_50,1.0
08114,2024-11-01,0.5261865506717648,1.1735265953303693,15.40983606557377,36.0655737704918,25.737704918032787,media_percentiles_50_50,1.0
08121,2024-11-01,1.160867387972503,6.818198615742531,36.0655737704918,75.40983606557377,55.73770491803279,media_percentiles_50_50,1.0
08124,2024-11-01,0.2295201116997877,1.1132349110132411,2.2950819672131146,35.40983606557377,18.852459016393443,media_percentiles_50_50,1.0
08125,2024-11-01,0.4575673566064651,0.7245180391251512,12.459016393442623,29.18032786885246,20.81967213114754,media_percentiles_50_50,1.0
08163,2024-11-01,7.9782719402478355,22.81854124997088,76.72131147540983,87.21311475409836,81.96721311475409,media_percentiles_50_50,1.0
08169,2024-11-01,1.5109391998065995,2.969458225607412,44.26229508196721,57.377049180327866,50.81967213114754,media_percentiles_50_50,1.0
08172,2024-11-01,2.037926151082864,29.794045802143938,50.16393442622951,90.49180327868852,70.32786885245902,media_percentiles_50_50,1.0
08180,2024-11-01,0.1520450053215752,1.3641281826681209,1.3114754098360655,40.32786885245902,20.81967213114754,media_percentiles_50_50,1.0
08184,2024-11-01,0.6255212677231026,1.5801721431595557,21.9672131147541,43.60655737704918,32.78688524590164,media_percentiles_50_50,1.0
08187,2024-11-01,0.4320879298937334,2.550948591372695,11.475409836065573,53.114754098360656,32.295081967213115,media_percentiles_50_50,1.0
08194,2024-11-01,7.430501428942582,73.2961133266116,75.08196721311475,97.04918032786885,86.0655737704918,media_percentiles_50_50,1.0
08196,2024-11-01,0.1478087354962678,0.7091886565531679,0.9836065573770492,28.852459016393443,14.918032786885245,media_percentiles_50_50,1.0
08200,2024-11-01,0.353644304558475,1.358625923857941,6.557377049180328,40.0,23.278688524590166,media_percentiles_50_50,1.0
08205,2024-11-01,1.0748217925188348,2.194730649724736,34.09836065573771,50.49180327868852,42.295081967213115,media_percentiles_50_50,1.0
08211,2024-11-01,0.3436869012329767,1.3360115248439823,5.901639344262295,39.01639344262295,22.45901639344262,media_percentiles_50_50,1.0
08217,2024-11-01,0.4275575064846222,2.671440891663346,10.819672131147541,54.75409836065574,32.786885245901644,media_percentiles_50_50,1.0
08231,2024-11-01,5.759471996513184,4.525422218006118,72.45901639344262,68.19672131147541,70.32786885245902,media_percentiles_50_50,1.0
08245,2024-11-01,0.5197891141308384,8.880489843847531,15.081967213114755,78.68852459016394,46.885245901639344,media_percentiles_50_50,1.0
08252,2024-11-01,0.4169769173492181,1.7044426039040697,9.836065573770492,45.24590163934426,27.540983606557376,media_percentiles_50_50,1.0
08260,2024-11-01,0.0770416024653312,0.1275716162027478,0.32786885245901637,8.19672131147541,4.2622950819672125,media_percentiles_50_50,1.0
08263,2024-11-01,0.1750210025203024,0.538987639748686,1.9672131147540983,23.60655737704918,12.78688524590164,media_percentiles_50_50,1.0
08266,2024-11-01,0.7573149741824441,1.4262582513631097,26.885245901639344,41.31147540983606,34.09836065573771,media_percentiles_50_50,1.0
08270,2024-11-01,29.316463508717792,21.605236552249007,91.14754098360656,86.22950819672131,88.68852459016394,media_percentiles_50_50,1.0
08279,2024-11-01,0.7870297497245395,2.5668069028603395,28.524590163934427,53.442622950819676,40.98360655737705,media_percentiles_50_50,1.0
08298,2024-11-01,1.0094891984655765,1.6195162881612617,32.78688524590164,44.26229508196721,38.52459016393442,media_percentiles_50_50,1.0
08301,2024-11-01,0.3860545227772168,1.276828448158105,6.885245901639344,38.032786885245905,22.459016393442624,media_percentiles_50_50,1.0
08305,2024-11-01,0.7469159599074788,1.551208245991401,26.229508196721312,42.622950819672134,34.42622950819673,media_percentiles_50_50,1.0
08307,2024-11-01,3.1526030276349797,6.536053883832438,59.01639344262295,74.09836065573771,66.55737704918033,media_percentiles_50_50,1.0
09018,2024-11-01,1.8662795864561423,0.4949944107877102,48.19672131147541,23.278688524590162,35.73770491803278,media_percentiles_50_50,1.0
09059,2024-11-01,2.1944910315813413,3.605358247547103,51.80327868852459,62.950819672131146,57.37704918032787,media_percentiles_50_50,1.0
09219,2024-11-01,0.0277638958298628,0.0098816792648086,0.0,0.0,0.0,media_percentiles_50_50,1.0
10037,2024-11-01,2.8411152932881243,0.1565509484989299,56.0655737704918,10.491803278688524,33.278688524590166,media_percentiles_50_50,1.0
10148,2024-11-01,2.3349820482562955,0.4267350080651058,53.442622950819676,20.65573770491803,37.049180327868854,media_percentiles_50_50,1.0
11004,2024-11-01,1.3602394021347757,1.9326108886452609,41.63934426229508,47.21311475409836,44.42622950819673,media_percentiles_50_50,1.0
11006,2024-11-01,7.633833666172776,0.45025396508675,76.06557377049181,21.9672131147541,49.016393442622956,media_percentiles_50_50,1.0
11012,2024-11-01,13.190399769190543,83.65459673753632,84.91803278688525,97.70491803278688,91.31147540983606,media_percentiles_50_50,1.0
11015,2024-11-01,19.912243579749205,8.635534681456196,89.8360655737705,78.36065573770492,84.09836065573771,media_percentiles_50_50,1.0
11020,2024-11-01,4.618883606005016,0.8303736000632955,67.21311475409836,31.475409836065573,49.34426229508196,media_percentiles_50_50,1.0
11022,2024-11-01,2.056811630334855,4.950036948972121,50.49180327868852,69.18032786885246,59.83606557377049,media_percentiles_50_50,1.0
11027,2024-11-01,11.960871498443751,6.638987152123478,83.27868852459017,74.75409836065573,79.01639344262296,media_percentiles_50_50,1.0
11028,2024-11-01,2.775734858010486,0.5980213453253638,55.08196721311475,26.229508196721312,40.65573770491803,media_percentiles_50_50,1.0
11030,2024-11-01,16.479426096372496,5.547024485234963,87.54098360655738,72.45901639344262,80.0,media_percentiles_50_50,1.0
11031,2024-11-01,1.7299375300336377,5.242169693953108,46.557377049180324,71.14754098360656,58.85245901639344,media_percentiles_50_50,1.0
11032,2024-11-01,11.10538668498483,4.47360766660862,82.62295081967213,67.54098360655738,75.08196721311475,media_percentiles_50_50,1.0
11033,2024-11-01,16.203568294823047,3.9645231104069767,87.21311475409836,64.91803278688525,76.0655737704918,media_percentiles_50_50,1.0
12009,2024-11-01,1.017650980804997,0.8741968004001179,33.442622950819676,33.114754098360656,33.278688524590166,media_percentiles_50_50,1.0
12027,2024-11-01,8.106191103455265,5.017479850740215,77.04918032786885,70.1639344262295,73.60655737704917,media_percentiles_50_50,1.0
12032,2024-11-01,3.1413329000460366,2.476027455664556,58.68852459016394,52.459016393442624,55.57377049180328,media_percentiles_50_50,1.0
12040,2024-11-01,2.7719413013710024,4.491339066451865,54.75409836065574,67.8688524590164,61.31147540983606,media_percentiles_50_50,1.0
12084,2024-11-01,0.3873416740907154,0.0923920136261404,7.540983606557377,6.557377049180328,7.049180327868853,media_percentiles_50_50,1.0
12126,2024-11-01,0.7213649479362689,0.3428802815484972,25.24590163934426,17.049180327868854,21.147540983606557,media_percentiles_50_50,1.0
12135,2024-11-01,0.95229025807066,0.9074695920976829,32.131147540983605,33.77049180327869,32.950819672131146,media_percentiles_50_50,1.0
12138,2024-11-01,17.999867890877866,5.704307997300373,87.8688524590164,73.11475409836065,80.49180327868852,media_percentiles_50_50,1.0
13005,2024-11-01,0.7647696131540374,0.0360088352797791,27.868852459016395,1.9672131147540983,14.918032786885247,media_percentiles_50_50,1.0
13034,2024-11-01,1.1988038309027915,0.3191330768655456,37.377049180327866,15.737704918032787,26.557377049180324,media_percentiles_50_50,1.0
13071,2024-11-01,0.6195375594645426,0.1243704370428857,20.983606557377048,7.868852459016393,14.42622950819672,media_percentiles_50_50,1.0
13082,2024-11-01,0.9035402349204612,0.1362768382239906,31.80327868852459,9.836065573770492,20.81967213114754,media_percentiles_50_50,1.0
13087,2024-11-01,1.3064637293007153,0.0817561565219005,40.32786885245902,5.901639344262295,23.114754098360656,media_percentiles_50_50,1.0
14021,2024-11-01,6.821328889040336,1.7551247643253225,73.44262295081967,45.57377049180328,59.50819672131148,media_percentiles_50_50,1.0
14038,2024-11-01,1.0908415726686165,0.1336148450620655,34.75409836065574,9.180327868852459,21.9672131147541,media_percentiles_50_50,1.0
14056,2024-11-01,0.8041817450743868,0.1404683575163103,29.83606557377049,10.163934426229508,20.0,media_percentiles_50_50,1.0
15002,2024-11-01,3.017188833353651,1.2359695781516018,56.721311475409834,37.704918032786885,47.213114754098356,media_percentiles_50_50,1.0
15005,2024-11-01,1.233915036136083,0.4356697338204437,37.704918032786885,21.311475409836067,29.508196721311478,media_percentiles_50_50,1.0
15019,2024-11-01,3.3866118056654533,0.5705004958320254,60.98360655737705,24.918032786885245,42.950819672131146,media_percentiles_50_50,1.0
15030,2024-11-01,3.2094872442941336,20.66665839261964,60.0,85.57377049180327,72.78688524590163,media_percentiles_50_50,1.0
15031,2024-11-01,1.1581148463889337,0.5867898253381122,35.73770491803279,25.57377049180328,30.655737704918035,media_percentiles_50_50,1.0
15036,2024-11-01,4.360148245040332,3.3598330265392136,65.24590163934427,61.967213114754095,63.606557377049185,media_percentiles_50_50,1.0
15054,2024-11-01,0.6618302150948199,0.3874492475239484,23.278688524590162,19.34426229508197,21.311475409836063,media_percentiles_50_50,1.0
15058,2024-11-01,3.1043748206506145,2.7026771070580566,57.704918032786885,55.08196721311475,56.393442622950815,media_percentiles_50_50,1.0
15073,2024-11-01,12.504149607170522,4.986752910451955,83.60655737704919,69.50819672131148,76.55737704918033,media_percentiles_50_50,1.0
15078,2024-11-01,4.973075068316991,2.2499555205454835,68.85245901639344,51.47540983606557,60.1639344262295,media_percentiles_50_50,1.0
16078,2024-11-01,5.876958206217597,0.3514772927624239,72.78688524590164,17.37704918032787,45.08196721311476,media_percentiles_50_50,1.0
17023,2024-11-01,13.010095265178444,30.885378387829327,84.26229508196721,90.81967213114754,87.54098360655738,media_percentiles_50_50,1.0
17066,2024-11-01,3.0895140664961636,7.951166573128464,57.049180327868854,76.72131147540983,66.88524590163934,media_percentiles_50_50,1.0
17079,2024-11-01,4.774273114582555,13.145479288518288,68.19672131147541,81.31147540983606,74.75409836065575,media_percentiles_50_50,1.0
17095,2024-11-01,38.028169014084504,33.483814991460825,93.44262295081967,92.1311475409836,92.78688524590163,media_percentiles_50_50,1.0
17114,2024-11-01,2.627376229972696,3.5108332833974223,54.09836065573771,62.622950819672134,58.36065573770492,media_percentiles_50_50,1.0
17155,2024-11-01,0.2359603586597451,1.2094841123278526,2.622950819672131,37.049180327868854,19.836065573770494,media_percentiles_50_50,1.0
18017,2024-11-01,58.071839185676104,19.0249283699448,97.70491803278688,84.59016393442623,91.14754098360655,media_percentiles_50_50,1.0
18087,2024-11-01,13.14472084119338,34.73448300428829,84.59016393442623,93.11475409836065,88.85245901639344,media_percentiles_50_50,1.0
18140,2024-11-01,5.550711027636169,3.2083181047486535,71.47540983606558,60.0,65.73770491803279,media_percentiles_50_50,1.0
19046,2024-11-01,0.3343177132668412,0.607658717045253,5.245901639344262,26.557377049180328,15.901639344262295,media_percentiles_50_50,1.0
19130,2024-11-01,0.627000627000627,0.2420521638713013,22.295081967213115,12.78688524590164,17.540983606557376,media_percentiles_50_50,1.0
20030,2024-11-01,0.3289233243183977,0.3632771900494908,4.918032786885246,17.704918032786885,11.311475409836065,media_percentiles_50_50,1.0
20045,2024-11-01,1.1939173055171548,1.8193027901975087,36.39344262295082,46.557377049180324,41.47540983606557,media_percentiles_50_50,1.0
20067,2024-11-01,0.686115064037406,0.8370303932990658,23.934426229508198,31.80327868852459,27.868852459016395,media_percentiles_50_50,1.0
20069,2024-11-01,7.245112193470938,22.4188618703813,74.42622950819673,86.88524590163935,80.65573770491804,media_percentiles_50_50,1.0
21041,2024-11-01,1.2631725870612045,1.1815143056763684,39.01639344262295,36.39344262295082,37.704918032786885,media_percentiles_50_50,1.0
21044,2024-11-01,7.113299818747649,1.6080042030013078,74.09836065573771,43.9344262295082,59.016393442622956,media_percentiles_50_50,1.0
22125,2024-11-01,1.2978941210880377,0.4408774230064488,40.0,21.639344262295083,30.81967213114754,media_percentiles_50_50,1.0
23005,2024-11-01,1.0668463460512647,0.0394354670379664,33.77049180327869,2.622950819672131,18.19672131147541,media_percentiles_50_50,1.0
23050,2024-11-01,1.8469939504256117,0.4879450896386449,47.868852459016395,22.295081967213115,35.08196721311475,media_percentiles_50_50,1.0
23055,2024-11-01,0.832413456144478,0.2338546414828155,30.81967213114754,12.131147540983607,21.475409836065573,media_percentiles_50_50,1.0
23092,2024-11-01,4.573261269822415,0.3825067078889954,66.88524590163935,19.016393442622952,42.95081967213115,media_percentiles_50_50,1.0
24089,2024-11-01,4.540137267573604,14.21792027024356,66.55737704918033,82.29508196721312,74.42622950819673,media_percentiles_50_50,1.0
24115,2024-11-01,2.778042353239991,0.6180068228082335,55.40983606557377,26.885245901639344,41.14754098360656,media_percentiles_50_50,1.0
24142,2024-11-01,0.8031053406505153,0.3701187072296028,29.508196721311474,18.360655737704917,23.934426229508198,media_percentiles_50_50,1.0
25120,2024-11-01,0.4007212983370066,0.273339477242455,8.852459016393443,14.098360655737705,11.475409836065573,media_percentiles_50_50,1.0
26089,2024-11-01,3.320896509750999,6.356530266250325,60.65573770491803,73.77049180327869,67.21311475409836,media_percentiles_50_50,1.0
27028,2024-11-01,2.301923966144629,0.694390689497337,52.78688524590164,28.524590163934427,40.65573770491803,media_percentiles_50_50,1.0
28005,2024-11-01,1.2705404031848213,2.8912761053914267,39.34426229508197,56.39344262295082,47.868852459016395,media_percentiles_50_50,1.0
28006,2024-11-01,0.8156674054361349,2.1876891173410855,30.491803278688526,49.50819672131148,40.0,media_percentiles_50_50,1.0
28007,2024-11-01,0.4204463642908567,2.1728876924145957,10.491803278688524,49.18032786885246,29.83606557377049,media_percentiles_50_50,1.0
28013,2024-11-01,1.252167212483144,0.4124928260700564,38.68852459016394,20.0,29.34426229508197,media_percentiles_50_50,1.0
28014,2024-11-01,0.4368793372876514,0.3236928070392781,12.131147540983607,16.065573770491802,14.098360655737704,media_percentiles_50_50,1.0
28022,2024-11-01,0.6075426418991783,0.8422016523724104,20.327868852459016,32.131147540983605,26.229508196721312,media_percentiles_50_50,1.0
28045,2024-11-01,0.3156288905644496,0.0983758761674493,4.262295081967213,6.885245901639344,5.573770491803279,media_percentiles_50_50,1.0
28047,2024-11-01,0.5097604126060752,1.34809955165137,14.426229508196721,39.67213114754098,27.04918032786885,media_percentiles_50_50,1.0
28049,2024-11-01,0.6067360079247152,4.0729915004557915,20.0,65.90163934426229,42.950819672131146,media_percentiles_50_50,1.0
28058,2024-11-01,0.1572409455422192,0.7637294501017189,1.639344262295082,30.491803278688526,16.065573770491802,media_percentiles_50_50,1.0
28061,2024-11-01,1.3265531726730049,0.7359393163903466,40.65573770491803,29.508196721311474,35.08196721311475,media_percentiles_50_50,1.0
28065,2024-11-01,0.5529051214811538,1.3351915696474272,16.721311475409838,38.68852459016394,27.704918032786885,media_percentiles_50_50,1.0
28074,2024-11-01,0.2988396776653407,1.340629028821364,3.9344262295081966,39.34426229508197,21.639344262295083,media_percentiles_50_50,1.0
28079,2024-11-01,5.055650495745837,28.578263578077653,69.50819672131148,89.8360655737705,79.672131147541,media_percentiles_50_50,1.0
28080,2024-11-01,0.6270874514348034,1.1950272661895656,22.62295081967213,36.721311475409834,29.67213114754098,media_percentiles_50_50,1.0
28092,2024-11-01,0.3270936328887975,1.559243915496634,4.590163934426229,43.278688524590166,23.934426229508198,media_percentiles_50_50,1.0
28096,2024-11-01,0.3977603035217085,0.128833496431555,8.524590163934427,8.852459016393443,8.688524590163935,media_percentiles_50_50,1.0
28106,2024-11-01,0.2744135337788227,1.4805268318821614,2.9508196721311477,41.63934426229508,22.295081967213115,media_percentiles_50_50,1.0
28113,2024-11-01,0.624966519650733,0.5642969983009927,21.639344262295083,24.59016393442623,23.114754098360656,media_percentiles_50_50,1.0
28115,2024-11-01,1.2866700977869274,2.668613686978973,39.67213114754098,54.42622950819672,47.049180327868854,media_percentiles_50_50,1.0
28123,2024-11-01,0.5983383848787138,0.8979266713585358,19.672131147540984,33.442622950819676,26.55737704918033,media_percentiles_50_50,1.0
28127,2024-11-01,0.7607262399837712,1.2854932564912025,27.21311475409836,38.36065573770492,32.78688524590164,media_percentiles_50_50,1.0
28130,2024-11-01,0.1282709081580297,0.1286308097893536,0.6557377049180327,8.524590163934427,4.59016393442623,media_percentiles_50_50,1.0
28134,2024-11-01,1.4004569912287168,2.244629230253813,42.950819672131146,51.14754098360656,47.049180327868854,media_percentiles_50_50,1.0
28148,2024-11-01,0.760883478161933,3.303040357333379,27.540983606557376,61.63934426229508,44.59016393442623,media_percentiles_50_50,1.0
28161,2024-11-01,0.4311015842983223,0.5608016475346348,11.147540983606557,24.262295081967213,17.704918032786885,media_percentiles_50_50,1.0
28181,2024-11-01,1.7763809653947324,0.762121139307784,46.885245901639344,30.16393442622951,38.52459016393443,media_percentiles_50_50,1.0
28903,2024-11-01,0.6234413965087282,0.8687231828895479,21.311475409836067,32.78688524590164,27.049180327868854,media_percentiles_50_50,1.0
29007,2024-11-01,5.946841591574551,3.1680752038337707,73.11475409836065,59.67213114754098,66.39344262295081,media_percentiles_50_50,1.0
29015,2024-11-01,3.411903217280569,0.1898308267303552,61.63934426229508,11.475409836065573,36.55737704918033,media_percentiles_50_50,1.0
29025,2024-11-01,47.84042032606176,138.05263921686534,96.06557377049181,99.34426229508196,97.70491803278688,media_percentiles_50_50,1.0
29051,2024-11-01,43.041332432122225,24.567938027885692,95.08196721311475,88.19672131147541,91.63934426229508,media_percentiles_50_50,1.0
29054,2024-11-01,34.75465588930689,289.4636499691798,92.45901639344262,100.0,96.22950819672131,media_percentiles_50_50,1.0
29067,2024-11-01,13.854779197379472,20.723218978412564,85.24590163934427,85.90163934426229,85.57377049180329,media_percentiles_50_50,1.0
29069,2024-11-01,47.471698113207545,64.42807420442072,95.73770491803279,96.06557377049181,95.90163934426229,media_percentiles_50_50,1.0
29070,2024-11-01,49.82744206983773,31.25848591913271,96.39344262295081,91.14754098360656,93.77049180327869,media_percentiles_50_50,1.0
29082,2024-11-01,13.995787861382349,25.95927937698588,85.57377049180327,88.85245901639344,87.21311475409836,media_percentiles_50_50,1.0
29084,2024-11-01,18.086155869779677,1.5199186108558096,88.19672131147541,42.295081967213115,65.24590163934427,media_percentiles_50_50,1.0
29094,2024-11-01,12.513082916618211,6.813569273002739,83.93442622950819,75.08196721311475,79.50819672131146,media_percentiles_50_50,1.0
29901,2024-11-01,38.26145799557329,136.29690227129512,93.77049180327869,99.01639344262296,96.39344262295083,media_percentiles_50_50,1.0
30003,2024-11-01,14.75265253761659,2.191626188396385,86.22950819672131,49.83606557377049,68.0327868852459,media_percentiles_50_50,1.0
30005,2024-11-01,0.344455415987324,0.9233992454375692,6.229508196721311,34.09836065573771,20.16393442622951,media_percentiles_50_50,1.0
30015,2024-11-01,4.462224957685798,0.1348522000885406,66.22950819672131,9.508196721311476,37.868852459016395,media_percentiles_50_50,1.0
30016,2024-11-01,8.262921051793409,3.241778139505792,77.37704918032787,60.98360655737705,69.18032786885246,media_percentiles_50_50,1.0
30019,2024-11-01,0.5373151211786997,0.0518765690004989,16.39344262295082,3.9344262295081966,10.163934426229508,media_percentiles_50_50,1.0
30022,2024-11-01,0.6602354839892896,0.0185631147164356,22.950819672131146,0.6557377049180327,11.803278688524589,media_percentiles_50_50,1.0
30024,2024-11-01,1.2406695547826794,0.0728239700536169,38.36065573770492,5.573770491803279,21.9672131147541,media_percentiles_50_50,1.0
30026,2024-11-01,18.46206444628052,2.0366239164502016,88.85245901639344,48.19672131147541,68.52459016393442,media_percentiles_50_50,1.0
30027,2024-11-01,0.7355503077697341,0.3365422947567274,25.901639344262296,16.39344262295082,21.147540983606557,media_percentiles_50_50,1.0
30030,2024-11-01,2.2586633011459765,1.211142219030675,52.459016393442624,37.377049180327866,44.91803278688525,media_percentiles_50_50,1.0
30035,2024-11-01,38.80463871543265,18.47005967545313,94.09836065573771,84.26229508196721,89.18032786885246,media_percentiles_50_50,1.0
30037,2024-11-01,19.189499426061783,4.055760569045981,89.50819672131148,65.57377049180327,77.54098360655738,media_percentiles_50_50,1.0
30039,2024-11-01,0.3861806731426195,0.0452513113219939,7.213114754098361,3.6065573770491803,5.409836065573771,media_percentiles_50_50,1.0
30043,2024-11-01,1.1124398587201378,0.0660849950403147,35.08196721311475,5.245901639344262,20.163934426229506,media_percentiles_50_50,1.0
31201,2024-11-01,3.402686534120716,28.177842730248575,61.31147540983606,89.50819672131148,75.40983606557377,media_percentiles_50_50,1.0
31232,2024-11-01,2.404032570763862,0.4324464715708726,53.77049180327869,20.983606557377048,37.377049180327866,media_percentiles_50_50,1.0
32054,2024-11-01,3.15565682470374,3.904613820223066,59.34426229508197,64.59016393442623,61.9672131147541,media_percentiles_50_50,1.0
33004,2024-11-01,1.937598704728537,5.463379221881928,48.85245901639344,72.1311475409836,60.49180327868852,media_percentiles_50_50,1.0
33024,2024-11-01,5.62628229713175,8.21445704799668,71.80327868852459,77.04918032786885,74.42622950819671,media_percentiles_50_50,1.0
33031,2024-11-01,0.5746826184629852,0.2632147008824322,18.360655737704917,13.442622950819672,15.901639344262295,media_percentiles_50_50,1.0
33037,2024-11-01,1.6882541791210008,0.4176514334477422,46.22950819672131,20.327868852459016,33.278688524590166,media_percentiles_50_50,1.0
33044,2024-11-01,4.439043633214385,5.2606208066992215,65.90163934426229,71.80327868852459,68.85245901639344,media_percentiles_50_50,1.0
33066,2024-11-01,1.5021010400623658,0.3744601257811727,43.9344262295082,18.688524590163933,31.311475409836063,media_percentiles_50_50,1.0
34120,2024-11-01,0.6124736115092914,0.4936506369522767,20.65573770491803,22.950819672131146,21.80327868852459,media_percentiles_50_50,1.0
35002,2024-11-01,8.58977063805419,3.611992533822427,78.68852459016394,63.278688524590166,70.98360655737704,media_percentiles_50_50,1.0
35004,2024-11-01,8.919010107233493,25.045956083764832,80.32786885245902,88.52459016393442,84.42622950819671,media_percentiles_50_50,1.0
35006,2024-11-01,3.2874460653379907,3.8978352316318334,60.32786885245902,64.26229508196721,62.295081967213115,media_percentiles_50_50,1.0
35011,2024-11-01,4.366812227074236,3.6583994613354824,65.57377049180327,63.60655737704918,64.59016393442623,media_percentiles_50_50,1.0
35014,2024-11-01,134.74556292728926,11.259818547505052,100.0,80.0,90.0,media_percentiles_50_50,1.0
35016,2024-11-01,7.633347001861023,28.107956660924557,75.73770491803279,89.18032786885246,82.45901639344262,media_percentiles_50_50,1.0
35017,2024-11-01,10.125901698104752,1.5544868456044156,82.29508196721312,42.950819672131146,62.622950819672134,media_percentiles_50_50,1.0
35019,2024-11-01,71.56848251903318,11.650956773583642,98.36065573770492,80.32786885245902,89.34426229508196,media_percentiles_50_50,1.0
35022,2024-11-01,4.163532127941062,5.133672278607467,64.26229508196721,70.81967213114754,67.54098360655738,media_percentiles_50_50,1.0
35026,2024-11-01,4.880087880467011,5.0034488583210255,68.52459016393442,69.8360655737705,69.18032786885246,media_percentiles_50_50,1.0
36008,2024-11-01,15.609792618102867,11.020951509534036,86.88524590163935,79.67213114754098,83.27868852459017,media_percentiles_50_50,1.0
36026,2024-11-01,8.363004057298998,5.552964529519425,78.0327868852459,72.78688524590164,75.40983606557377,media_percentiles_50_50,1.0
36038,2024-11-01,4.357403372774655,3.0556738896571902,64.91803278688525,58.032786885245905,61.47540983606558,media_percentiles_50_50,1.0
36045,2024-11-01,5.521811154058531,3.074986939995741,71.14754098360656,59.01639344262295,65.08196721311475,media_percentiles_50_50,1.0
36057,2024-11-01,5.078628600196614,13.625127903596772,69.8360655737705,81.9672131147541,75.90163934426229,media_percentiles_50_50,1.0
36060,2024-11-01,9.24233998040306,7.929470776268696,80.65573770491804,76.39344262295081,78.52459016393442,media_percentiles_50_50,1.0
37274,2024-11-01,5.501635994643325,20.146804269781533,70.81967213114754,85.24590163934427,78.03278688524591,media_percentiles_50_50,1.0
38001,2024-11-01,83.3844388613029,39.78208300382,99.01639344262296,93.44262295081967,96.22950819672131,media_percentiles_50_50,1.0
38006,2024-11-01,51.27909124492058,54.437271194463555,97.04918032786885,95.40983606557377,96.22950819672131,media_percentiles_50_50,1.0
38011,2024-11-01,14.273311338774093,8.306310081337042,85.90163934426229,77.37704918032787,81.63934426229508,media_percentiles_50_50,1.0
38017,2024-11-01,24.02743993140017,8.449034465108477,90.1639344262295,78.0327868852459,84.09836065573771,media_percentiles_50_50,1.0
38023,2024-11-01,4.6737136367607235,7.310725233132466,67.54098360655738,76.06557377049181,71.80327868852459,media_percentiles_50_50,1.0
38026,2024-11-01,9.839145238933895,2.0252559802255,81.9672131147541,47.868852459016395,64.91803278688525,media_percentiles_50_50,1.0
38028,2024-11-01,35.248749083723744,125.31327891289774,92.78688524590164,98.36065573770492,95.57377049180329,media_percentiles_50_50,1.0
38031,2024-11-01,7.91535632428975,5.259606454638327,76.39344262295081,71.47540983606558,73.9344262295082,media_percentiles_50_50,1.0
38038,2024-11-01,5.053014066114999,7.099169106321696,69.18032786885246,75.73770491803279,72.45901639344262,media_percentiles_50_50,1.0
39016,2024-11-01,3.122740122279929,2.5687001921614954,58.032786885245905,53.77049180327869,55.90163934426229,media_percentiles_50_50,1.0
39020,2024-11-01,8.332835553431694,2.904652329803622,77.70491803278688,57.049180327868854,67.37704918032787,media_percentiles_50_50,1.0
39075,2024-11-01,8.678870310911483,41.87577491875111,79.01639344262296,93.77049180327869,86.39344262295083,media_percentiles_50_50,1.0
39087,2024-11-01,1.993689874765306,2.8987264372863253,49.83606557377049,56.721311475409834,53.278688524590166,media_percentiles_50_50,1.0
40194,2024-11-01,3.1246967491508975,0.9841447649217784,58.36065573770492,34.75409836065574,46.55737704918033,media_percentiles_50_50,1.0
41004,2024-11-01,0.9620134681885546,0.2589541910484803,32.459016393442624,13.114754098360656,22.78688524590164,media_percentiles_50_50,1.0
41021,2024-11-01,1.114788364396447,2.760097827734904,35.40983606557377,55.73770491803279,45.57377049180328,media_percentiles_50_50,1.0
41024,2024-11-01,3.4146831374912123,0.1106484805325304,61.967213114754095,7.213114754098361,34.59016393442623,media_percentiles_50_50,1.0
41034,2024-11-01,0.482392667631452,0.2393645272156561,13.770491803278688,12.459016393442623,13.114754098360656,media_percentiles_50_50,1.0
41038,2024-11-01,0.7548244677063306,0.663344110934264,26.557377049180328,28.19672131147541,27.37704918032787,media_percentiles_50_50,1.0
41039,2024-11-01,1.5696202531645569,0.0633948963663225,45.24590163934426,4.590163934426229,24.918032786885245,media_percentiles_50_50,1.0
41053,2024-11-01,0.3964678320418093,0.029318395813106,8.19672131147541,1.3114754098360655,4.754098360655737,media_percentiles_50_50,1.0
41059,2024-11-01,1.8372374629420851,5.02925979851202,47.540983606557376,70.49180327868852,59.01639344262295,media_percentiles_50_50,1.0
41065,2024-11-01,0.2938151902453357,0.0185030286626748,3.6065573770491803,0.32786885245901637,1.9672131147540983,media_percentiles_50_50,1.0
41069,2024-11-01,0.3354232783755193,0.1187570635562776,5.573770491803279,7.540983606557377,6.557377049180328,media_percentiles_50_50,1.0
41081,2024-11-01,0.5921685706531126,0.1733337381415152,19.34426229508197,11.147540983606557,15.245901639344263,media_percentiles_50_50,1.0
41091,2024-11-01,9.712169521504377,47.01953869722625,81.31147540983606,94.42622950819673,87.8688524590164,media_percentiles_50_50,1.0
41095,2024-11-01,0.4600080501408775,0.0369050898558648,12.78688524590164,2.2950819672131146,7.540983606557377,media_percentiles_50_50,1.0
42173,2024-11-01,3.558282208588957,0.5584059458088533,63.60655737704918,23.934426229508198,43.77049180327869,media_percentiles_50_50,1.0
43038,2024-11-01,32.45678308773644,33.95282179502048,91.80327868852459,92.78688524590164,92.29508196721312,media_percentiles_50_50,1.0
43123,2024-11-01,0.8641863003729646,1.79538306858774,31.147540983606557,46.22950819672131,38.68852459016394,media_percentiles_50_50,1.0
43148,2024-11-01,5.193020240735099,12.457943643940116,70.1639344262295,80.65573770491804,75.40983606557377,media_percentiles_50_50,1.0
43155,2024-11-01,2.126754572522331,0.3422617462006388,51.47540983606557,16.721311475409838,34.09836065573771,media_percentiles_50_50,1.0
43163,2024-11-01,8.704253214638971,9.537662827527123,79.34426229508196,79.01639344262296,79.18032786885246,media_percentiles_50_50,1.0
43905,2024-11-01,71.2106458941902,144.96257417856728,98.0327868852459,99.67213114754098,98.85245901639344,media_percentiles_50_50,1.0
44216,2024-11-01,3.4865034184076484,0.2906365248077015,62.622950819672134,15.081967213114755,38.852459016393446,media_percentiles_50_50,1.0
45081,2024-11-01,0.4664324139432196,0.2643446372577248,13.114754098360656,13.770491803278688,13.442622950819672,media_percentiles_50_50,1.0
45165,2024-11-01,0.8024735065732022,0.3633948841864119,29.18032786885246,18.0327868852459,23.606557377049178,media_percentiles_50_50,1.0
45168,2024-11-01,8.471442109886047,3.1575829674386875,78.36065573770492,59.34426229508197,68.85245901639344,media_percentiles_50_50,1.0
46005,2024-11-01,0.5662514156285391,4.404733759028529,17.704918032786885,67.21311475409836,42.459016393442624,media_percentiles_50_50,1.0
46017,2024-11-01,1.5210732016478292,0.6510942666723607,44.59016393442623,27.540983606557376,36.0655737704918,media_percentiles_50_50,1.0
46021,2024-11-01,0.4113412663434699,0.8679314073509123,9.508196721311476,32.459016393442624,20.98360655737705,media_percentiles_50_50,1.0
46029,2024-11-01,0.5720823798627003,0.3874560497937249,18.0327868852459,19.672131147540984,18.852459016393443,media_percentiles_50_50,1.0
46078,2024-11-01,2.707092582566324,31.82107522458714,54.42622950819672,91.47540983606558,72.95081967213115,media_percentiles_50_50,1.0
46094,2024-11-01,1.3270519540840024,3.061642441591285,40.98360655737705,58.68852459016394,49.8360655737705,media_percentiles_50_50,1.0
46102,2024-11-01,0.722323600973236,0.9637403003627742,25.57377049180328,34.42622950819672,30.0,media_percentiles_50_50,1.0
46110,2024-11-01,0.6930225232320051,4.279955000032922,24.262295081967213,66.88524590163935,45.57377049180328,media_percentiles_50_50,1.0
46131,2024-11-01,18.403146263811724,24.1501007065228,88.52459016393442,87.8688524590164,88.19672131147541,media_percentiles_50_50,1.0
46145,2024-11-01,2.863914675093818,1.1368610788540283,56.39344262295082,35.73770491803279,46.06557377049181,media_percentiles_50_50,1.0
46159,2024-11-01,1.2394261456945437,2.064626439654184,38.032786885245905,48.52459016393443,43.278688524590166,media_percentiles_50_50,1.0
46169,2024-11-01,2.231707581305657,50.605740964824456,52.131147540983605,94.75409836065573,73.44262295081967,media_percentiles_50_50,1.0
46181,2024-11-01,41.57415205573846,18.0513339935025,94.75409836065573,83.93442622950819,89.34426229508196,media_percentiles_50_50,1.0
46184,2024-11-01,2.0587427944002195,0.5979414724951115,50.81967213114754,25.901639344262296,38.36065573770492,media_percentiles_50_50,1.0
46190,2024-11-01,1.9512977466520545,4.076021266766722,49.18032786885246,66.22950819672131,57.704918032786885,media_percentiles_50_50,1.0
46220,2024-11-01,7.45338134132844,3.972298023606938,75.40983606557377,65.24590163934427,70.32786885245902,media_percentiles_50_50,1.0
46235,2024-11-01,9.831460674157304,3.030054872436921,81.63934426229508,57.704918032786885,69.67213114754098,media_percentiles_50_50,1.0
46244,2024-11-01,1.3758235366494782,1.77525201706564,41.967213114754095,45.90163934426229,43.93442622950819,media_percentiles_50_50,1.0
46250,2024-11-01,8.826221505470079,52.43597347139166,80.0,95.08196721311475,87.54098360655738,media_percentiles_50_50,1.0
47186,2024-11-01,1.0844327352320886,1.651805747973073,34.42622950819672,44.91803278688525,39.67213114754098,media_percentiles_50_50,1.0
48013,2024-11-01,0.7942422340759335,3.24186281327823,28.852459016393443,61.31147540983606,45.08196721311475,media_percentiles_50_50,1.0
48015,2024-11-01,0.4704367633950678,2.709815996706946,13.442622950819672,55.40983606557377,34.42622950819672,media_percentiles_50_50,1.0
48020,2024-11-01,3.519214913427313,29.630418397247805,63.278688524590166,90.1639344262295,76.72131147540983,media_percentiles_50_50,1.0
48027,2024-11-01,0.5353498176464684,1.491780271841863,16.065573770491802,41.967213114754095,29.01639344262295,media_percentiles_50_50,1.0
48036,2024-11-01,0.5651085815774602,0.5793784434434455,17.37704918032787,25.24590163934426,21.311475409836063,media_percentiles_50_50,1.0
48044,2024-11-01,2.105789605296061,13.47626106328342,51.14754098360656,81.63934426229508,66.39344262295083,media_percentiles_50_50,1.0
48054,2024-11-01,0.5813419820701894,2.265609465872786,18.688524590163933,51.80327868852459,35.24590163934426,media_percentiles_50_50,1.0
48078,2024-11-01,0.7148282178438994,10.206691252696451,24.918032786885245,79.34426229508196,52.131147540983605,media_percentiles_50_50,1.0
48082,2024-11-01,0.4973295565117737,2.5944493212532973,14.098360655737705,54.09836065573771,34.09836065573771,media_percentiles_50_50,1.0
48084,2024-11-01,0.5313872750460535,4.1916474553853265,15.737704918032787,66.55737704918033,41.14754098360656,media_percentiles_50_50,1.0
49275,2024-11-01,3.4954458373945485,1.3873738480080984,62.950819672131146,40.98360655737705,51.9672131147541,media_percentiles_50_50,1.0
50297,2024-11-01,1.4221541632580577,1.0030827494203176,43.60655737704918,35.08196721311475,39.34426229508196,media_percentiles_50_50,1.0
51001,2024-11-01,0.684857441516779,2.869271989756529,23.60655737704918,56.0655737704918,39.83606557377049,media_percentiles_50_50,1.0
52001,2024-11-01,0.5826758807145938,3.66836899409028,19.016393442622952,63.9344262295082,41.47540983606557,media_percentiles_50_50,1.0
01059,2025-05-01,0.5792120414731166,0.5451957064257745,20.65573770491803,24.59016393442623,22.62295081967213,media_percentiles_50_50,1.0
02003,2025-05-01,1.6761687571265678,0.260871977674274,46.557377049180324,13.442622950819672,30.0,media_percentiles_50_50,1.0
02009,2025-05-01,1.1375177737152142,0.0525912604029373,36.721311475409834,4.262295081967213,20.491803278688522,media_percentiles_50_50,1.0
02037,2025-05-01,0.8107406926968478,0.0320804328490224,30.16393442622951,1.3114754098360655,15.737704918032788,media_percentiles_50_50,1.0
02081,2025-05-01,1.220472440944882,0.0359464114587311,39.67213114754098,2.2950819672131146,20.983606557377048,media_percentiles_50_50,1.0
03009,2025-05-01,1.3177588338647752,0.6232911533839451,42.622950819672134,27.868852459016395,35.24590163934427,media_percentiles_50_50,1.0
03014,2025-05-01,10.12503379107151,18.30428802690004,81.9672131147541,84.26229508196721,83.11475409836066,media_percentiles_50_50,1.0
03031,2025-05-01,36.791806225509845,73.88133401339897,93.11475409836065,97.37704918032787,95.24590163934425,media_percentiles_50_50,1.0
03047,2025-05-01,115.2954808806489,134.95507815239202,99.67213114754098,98.68852459016394,99.18032786885246,media_percentiles_50_50,1.0
03050,2025-05-01,41.82182755657405,23.762660539159707,95.08196721311475,87.21311475409836,91.14754098360655,media_percentiles_50_50,1.0
03059,2025-05-01,0.7761715339089938,0.2295550913620796,29.18032786885246,11.80327868852459,20.491803278688526,media_percentiles_50_50,1.0
03063,2025-05-01,79.26197075813039,56.41520403281301,98.36065573770492,95.73770491803279,97.04918032786885,media_percentiles_50_50,1.0
03065,2025-05-01,3.3637811180296224,2.5298522556315675,60.65573770491803,54.42622950819672,57.540983606557376,media_percentiles_50_50,1.0
03066,2025-05-01,0.4708268443736192,0.5702066732079586,13.442622950819672,25.57377049180328,19.508196721311478,media_percentiles_50_50,1.0
03082,2025-05-01,102.31055414137458,45.49160453546904,99.34426229508196,94.42622950819673,96.88524590163934,media_percentiles_50_50,1.0
03093,2025-05-01,1.2779072389686537,0.4489978662901953,41.31147540983606,22.295081967213115,31.80327868852459,media_percentiles_50_50,1.0
03099,2025-05-01,34.83916745506149,8.05931239532756,92.1311475409836,77.37704918032787,84.75409836065575,media_percentiles_50_50,1.0
03104,2025-05-01,0.7642113926282993,0.249326004533212,28.524590163934427,13.114754098360656,20.81967213114754,media_percentiles_50_50,1.0
03121,2025-05-01,49.0317056586668,33.438412458728536,95.73770491803279,92.1311475409836,93.9344262295082,media_percentiles_50_50,1.0
03122,2025-05-01,1.5270469898916128,2.268780481999865,45.57377049180328,51.14754098360656,48.36065573770492,media_percentiles_50_50,1.0
03133,2025-05-01,50.003552109445565,68.659221223905,96.72131147540983,97.04918032786885,96.88524590163934,media_percentiles_50_50,1.0
03139,2025-05-01,27.1302304467409,17.25309248352607,90.81967213114754,83.27868852459017,87.04918032786885,media_percentiles_50_50,1.0
03140,2025-05-01,1.526849504494123,0.1535992515894417,45.24590163934426,10.491803278688524,27.86885245901639,media_percentiles_50_50,1.0
04013,2025-05-01,5.193022757801701,3.6080890900004983,70.1639344262295,63.60655737704918,66.88524590163934,media_percentiles_50_50,1.0
04066,2025-05-01,31.843692787898796,1.768918618797117,91.14754098360656,45.24590163934426,68.19672131147541,media_percentiles_50_50,1.0
04079,2025-05-01,10.05933117583603,18.7082614081325,81.63934426229508,84.59016393442623,83.11475409836066,media_percentiles_50_50,1.0
04902,2025-05-01,1.990376202974628,0.8048302358903122,50.16393442622951,31.80327868852459,40.98360655737705,media_percentiles_50_50,1.0
05019,2025-05-01,3.1299169303128225,0.8018919217253636,58.68852459016394,31.475409836065573,45.08196721311475,media_percentiles_50_50,1.0
06011,2025-05-01,0.3180385694046896,0.0667701365235163,5.901639344262295,6.557377049180328,6.229508196721312,media_percentiles_50_50,1.0
06015,2025-05-01,0.5725356003967805,0.0596947673738706,19.672131147540984,5.245901639344262,12.459016393442623,media_percentiles_50_50,1.0
06044,2025-05-01,0.3685568367293213,0.0250282073931115,9.508196721311476,0.9836065573770492,5.245901639344263,media_percentiles_50_50,1.0
06083,2025-05-01,3.868825238688253,0.2695304902312224,63.60655737704918,14.426229508196721,39.01639344262295,media_percentiles_50_50,1.0
06153,2025-05-01,0.4656035385868932,0.0782648614086432,12.459016393442623,7.213114754098361,9.836065573770492,media_percentiles_50_50,1.0
07011,2025-05-01,8.012194895246594,2.9673979688041676,77.04918032786885,58.68852459016394,67.8688524590164,media_percentiles_50_50,1.0
07015,2025-05-01,39.09839351238013,6.815245489865839,94.09836065573771,74.75409836065573,84.42622950819671,media_percentiles_50_50,1.0
07026,2025-05-01,5.6923938775141405,28.16933546929037,72.1311475409836,90.1639344262295,81.14754098360655,media_percentiles_50_50,1.0
07027,2025-05-01,6.866692405272738,4.2683160797354125,74.42622950819673,67.54098360655738,70.98360655737704,media_percentiles_50_50,1.0
07031,2025-05-01,15.480717001629548,1.915388543625828,86.55737704918033,46.557377049180324,66.55737704918033,media_percentiles_50_50,1.0
07032,2025-05-01,5.674036392095481,1.4832376121047877,71.80327868852459,42.295081967213115,57.049180327868854,media_percentiles_50_50,1.0
07033,2025-05-01,18.472931458914005,3.4889468320358556,88.85245901639344,62.950819672131146,75.90163934426229,media_percentiles_50_50,1.0
07036,2025-05-01,2.96868042155262,2.2133669578821693,57.377049180327866,49.83606557377049,53.60655737704918,media_percentiles_50_50,1.0
07040,2025-05-01,2.194182885373494,4.5694607001423275,52.78688524590164,67.8688524590164,60.32786885245902,media_percentiles_50_50,1.0
07054,2025-05-01,22.646484145106996,6.263377081072974,90.49180327868852,73.11475409836065,81.80327868852459,media_percentiles_50_50,1.0
08015,2025-05-01,1.369082067184355,15.12093309775129,44.26229508196721,82.62295081967213,63.44262295081967,media_percentiles_50_50,1.0
08019,2025-05-01,5.531721497832413,95.14707845512672,71.47540983606558,98.0327868852459,84.75409836065575,media_percentiles_50_50,1.0
08056,2025-05-01,4.210856873688568,22.80082199348097,65.57377049180327,86.22950819672131,75.90163934426229,media_percentiles_50_50,1.0
08073,2025-05-01,1.2901547101488555,17.25905552775793,41.967213114754095,83.60655737704919,62.786885245901644,media_percentiles_50_50,1.0
08077,2025-05-01,1.182057609755086,12.587093954750545,38.36065573770492,80.65573770491804,59.50819672131148,media_percentiles_50_50,1.0
08089,2025-05-01,1.9484692079679953,3.0572115906164483,49.50819672131148,59.67213114754098,54.59016393442623,media_percentiles_50_50,1.0
08096,2025-05-01,0.4591297959933273,2.0104277421663297,11.80327868852459,48.52459016393443,30.16393442622951,media_percentiles_50_50,1.0
08101,2025-05-01,3.1397879175158026,66.82145876142923,59.01639344262295,96.39344262295081,77.70491803278688,media_percentiles_50_50,1.0
08102,2025-05-01,0.4752287038137103,2.4379098937223276,14.098360655737705,53.114754098360656,33.60655737704918,media_percentiles_50_50,1.0
08113,2025-05-01,0.9879714476251636,1.91697348058078,33.77049180327869,46.885245901639344,40.32786885245902,media_percentiles_50_50,1.0
08114,2025-05-01,0.5141388174807198,1.1735265953303693,16.065573770491802,37.704918032786885,26.885245901639344,media_percentiles_50_50,1.0
08121,2025-05-01,1.146693195021377,6.729071836451779,37.049180327868854,74.09836065573771,55.57377049180328,media_percentiles_50_50,1.0
08124,2025-05-01,0.3208152481600302,1.577082790602092,6.229508196721311,44.26229508196721,25.24590163934426,media_percentiles_50_50,1.0
08125,2025-05-01,0.5072076882007475,0.809755455492816,15.737704918032787,32.459016393442624,24.098360655737707,media_percentiles_50_50,1.0
08163,2025-05-01,8.868074930251096,25.92574686698819,80.0,88.85245901639344,84.42622950819671,media_percentiles_50_50,1.0
08169,2025-05-01,1.236093943139679,2.4349557449980783,40.32786885245902,52.459016393442624,46.39344262295082,media_percentiles_50_50,1.0
08172,2025-05-01,1.9367333763718528,28.78407814783397,48.85245901639344,90.81967213114754,69.8360655737705,media_percentiles_50_50,1.0
08180,2025-05-01,0.225580870742161,2.0461922740021814,2.9508196721311477,48.85245901639344,25.901639344262293,media_percentiles_50_50,1.0
08184,2025-05-01,0.6036970406771066,1.549188375646623,21.639344262295083,43.278688524590166,32.459016393442624,media_percentiles_50_50,1.0
08187,2025-05-01,0.4082212204039615,2.4446590667321657,10.491803278688524,53.442622950819676,31.9672131147541,media_percentiles_50_50,1.0
08194,2025-05-01,6.459324059710602,65.09514959775996,73.77049180327869,96.06557377049181,84.91803278688525,media_percentiles_50_50,1.0
08196,2025-05-01,0.1107256219089097,0.5318914924148759,0.6557377049180327,24.262295081967213,12.459016393442623,media_percentiles_50_50,1.0
08200,2025-05-01,0.3153837168555075,1.2227633314721469,5.573770491803279,39.01639344262295,22.295081967213115,media_percentiles_50_50,1.0
08205,2025-05-01,1.1736729840890767,2.381075704890044,38.032786885245905,51.47540983606557,44.75409836065574,media_percentiles_50_50,1.0
08211,2025-05-01,0.3420191958273658,1.3360115248439823,7.540983606557377,40.65573770491803,24.098360655737704,media_percentiles_50_50,1.0
08217,2025-05-01,0.5566998830930245,3.5619211888844613,18.0327868852459,63.278688524590166,40.65573770491803,media_percentiles_50_50,1.0
08231,2025-05-01,5.778932884879988,4.623269184881925,72.45901639344262,68.19672131147541,70.32786885245902,media_percentiles_50_50,1.0
08245,2025-05-01,0.6129971527895404,10.712971875117658,23.278688524590162,79.01639344262296,51.14754098360656,media_percentiles_50_50,1.0
08252,2025-05-01,0.2942301468208432,1.2174590027886212,4.918032786885246,38.68852459016394,21.803278688524593,media_percentiles_50_50,1.0
08260,2025-05-01,0.0,0.0,0.0,0.0,0.0,media_percentiles_50_50,1.0
08263,2025-05-01,0.2435121408195923,0.7545826956481605,3.278688524590164,29.508196721311474,16.39344262295082,media_percentiles_50_50,1.0
08266,2025-05-01,0.7005194095133953,1.3290133705883522,26.229508196721312,40.32786885245902,33.278688524590166,media_percentiles_50_50,1.0
08270,2025-05-01,32.19969946947162,23.879471978801533,91.47540983606558,87.54098360655738,89.50819672131148,media_percentiles_50_50,1.0
08279,2025-05-01,0.7287692373644274,2.424206519368098,27.540983606557376,52.131147540983605,39.83606557377049,media_percentiles_50_50,1.0
08298,2025-05-01,0.9055831167808488,1.4899549851083609,31.475409836065573,42.622950819672134,37.049180327868854,media_percentiles_50_50,1.0
08301,2025-05-01,0.4290765975705387,1.4241548075609634,11.475409836065573,41.31147540983606,26.39344262295082,media_percentiles_50_50,1.0
08305,2025-05-01,0.5398174008965663,1.1508964405742652,17.049180327868854,37.377049180327866,27.21311475409836,media_percentiles_50_50,1.0
08307,2025-05-01,3.196493627950475,6.74214567296229,59.34426229508197,74.42622950819673,66.88524590163935,media_percentiles_50_50,1.0
09018,2025-05-01,1.6786429496996114,0.4478520859507854,46.885245901639344,21.9672131147541,34.42622950819672,media_percentiles_50_50,1.0
09059,2025-05-01,2.378778142298283,3.9416092758157446,53.77049180327869,65.57377049180327,59.67213114754098,media_percentiles_50_50,1.0
09219,2025-05-01,0.109223963737644,0.0395267170592344,0.32786885245901637,2.622950819672131,1.4754098360655736,media_percentiles_50_50,1.0
10037,2025-05-01,2.855635223639694,0.1576936561522067,56.0655737704918,10.819672131147541,33.44262295081967,media_percentiles_50_50,1.0
10148,2025-05-01,2.043257251071464,0.376260974853104,50.81967213114754,20.65573770491803,35.73770491803279,media_percentiles_50_50,1.0
11004,2025-05-01,1.3587278515510826,1.9553474873352048,43.9344262295082,47.540983606557376,45.73770491803279,media_percentiles_50_50,1.0
11006,2025-05-01,8.411424185243227,0.4996489148431023,79.01639344262296,23.60655737704918,51.31147540983607,media_percentiles_50_50,1.0
11012,2025-05-01,13.997271487039564,88.0002900745512,85.24590163934427,97.70491803278688,91.47540983606558,media_percentiles_50_50,1.0
11015,2025-05-01,22.09896108469801,9.698072505796445,89.8360655737705,78.68852459016394,84.26229508196721,media_percentiles_50_50,1.0
11020,2025-05-01,5.064736886450659,0.9102981107076856,69.50819672131148,34.42622950819672,51.9672131147541,media_percentiles_50_50,1.0
11022,2025-05-01,2.5426750802338023,6.150045906298696,54.42622950819672,72.78688524590164,63.606557377049185,media_percentiles_50_50,1.0
11027,2025-05-01,13.61368258448818,7.558326451069945,84.26229508196721,76.06557377049181,80.1639344262295,media_percentiles_50_50,1.0
11028,2025-05-01,3.480142027417876,0.7564714453688363,62.295081967213115,29.83606557377049,46.0655737704918,media_percentiles_50_50,1.0
11030,2025-05-01,18.368670832052988,6.127924379992628,88.52459016393442,72.45901639344262,80.49180327868852,media_percentiles_50_50,1.0
11031,2025-05-01,2.2070325055175815,6.66596887008852,53.114754098360656,73.77049180327869,63.44262295081967,media_percentiles_50_50,1.0
11032,2025-05-01,12.39787465005999,5.003983833268405,82.95081967213115,69.50819672131148,76.22950819672131,media_percentiles_50_50,1.0
11033,2025-05-01,16.38006412124745,4.021772541604189,87.21311475409836,66.22950819672131,76.72131147540983,media_percentiles_50_50,1.0
12009,2025-05-01,1.0974313248053773,0.9646309521656474,35.73770491803279,35.73770491803279,35.73770491803279,media_percentiles_50_50,1.0
12027,2025-05-01,8.284922101927647,5.247447677232475,78.36065573770492,70.1639344262295,74.26229508196721,media_percentiles_50_50,1.0
12032,2025-05-01,3.1122247131742053,2.518717584210497,58.36065573770492,54.09836065573771,56.22950819672131,media_percentiles_50_50,1.0
12040,2025-05-01,2.57469612598048,4.248806756863464,54.75409836065574,67.21311475409836,60.983606557377044,media_percentiles_50_50,1.0
12084,2025-05-01,0.2672775868652157,0.0646744095382983,3.9344262295081966,5.901639344262295,4.918032786885246,media_percentiles_50_50,1.0
12126,2025-05-01,0.7443706966069102,0.3577881198766928,28.19672131147541,18.688524590163933,23.442622950819672,media_percentiles_50_50,1.0
12135,2025-05-01,0.8018947093597897,0.7804238492040072,29.83606557377049,30.491803278688526,30.16393442622951,media_percentiles_50_50,1.0
12138,2025-05-01,18.998329457237386,6.070639703549021,89.50819672131148,72.1311475409836,80.81967213114754,media_percentiles_50_50,1.0
13005,2025-05-01,0.908692110045748,0.0435106759630665,31.80327868852459,3.278688524590164,17.540983606557376,media_percentiles_50_50,1.0
13034,2025-05-01,1.207079785349725,0.3226400337541779,39.01639344262295,16.39344262295082,27.704918032786885,media_percentiles_50_50,1.0
13071,2025-05-01,0.5706134094151213,0.1154868343969653,19.34426229508197,7.540983606557377,13.442622950819672,media_percentiles_50_50,1.0
13082,2025-05-01,0.9174311926605504,0.1404064393822933,32.131147540983605,9.836065573770492,20.983606557377048,media_percentiles_50_50,1.0
13087,2025-05-01,1.0720550971346892,0.0674488291305679,35.40983606557377,6.885245901639344,21.147540983606557,media_percentiles_50_50,1.0
14021,2025-05-01,7.44287915065798,1.9177248787314831,75.73770491803279,47.21311475409836,61.47540983606558,media_percentiles_50_50,1.0
14038,2025-05-01,1.1288241798746774,0.1393005831498129,36.39344262295082,9.508196721311476,22.95081967213115,media_percentiles_50_50,1.0
14056,2025-05-01,0.8343623802689984,0.1463212057461566,30.81967213114754,10.163934426229508,20.491803278688526,media_percentiles_50_50,1.0
15002,2025-05-01,2.824858757062147,1.1735468721843492,55.73770491803279,38.032786885245905,46.88524590163935,media_percentiles_50_50,1.0
15005,2025-05-01,1.0173531378077494,0.3630581115170364,34.09836065573771,19.34426229508197,26.721311475409838,media_percentiles_50_50,1.0
15019,2025-05-01,3.393524283935242,0.5811640565017829,61.63934426229508,26.885245901639344,44.26229508196721,media_percentiles_50_50,1.0
15030,2025-05-01,2.925941091582751,19.01332572121007,56.721311475409834,84.91803278688525,70.81967213114754,media_percentiles_50_50,1.0
15031,2025-05-01,1.183848467396173,0.6030895427086153,38.68852459016394,27.21311475409836,32.950819672131146,media_percentiles_50_50,1.0
15036,2025-05-01,4.272375596190595,3.299836008208156,65.90163934426229,60.98360655737705,63.44262295081967,media_percentiles_50_50,1.0
15054,2025-05-01,0.5756764197932571,0.342743565117339,20.327868852459016,17.37704918032787,18.852459016393443,media_percentiles_50_50,1.0
15058,2025-05-01,3.376897893949939,2.975215974996684,60.98360655737705,59.01639344262295,60.0,media_percentiles_50_50,1.0
15073,2025-05-01,12.434506678473914,4.957332539298846,83.27868852459017,69.18032786885246,76.22950819672131,media_percentiles_50_50,1.0
15078,2025-05-01,4.942306739959392,2.268136979297366,69.18032786885246,50.81967213114754,60.0,media_percentiles_50_50,1.0
16078,2025-05-01,5.932835820895522,0.3559547105046203,73.11475409836065,18.360655737704917,45.73770491803278,media_percentiles_50_50,1.0
17023,2025-05-01,13.630295791470528,32.74187654228901,84.59016393442623,91.47540983606558,88.03278688524591,media_percentiles_50_50,1.0
17066,2025-05-01,2.938276077200185,7.687882911766595,57.049180327868854,76.39344262295081,66.72131147540983,media_percentiles_50_50,1.0
17079,2025-05-01,4.941748108884104,13.814329506720783,68.85245901639344,81.9672131147541,75.40983606557377,media_percentiles_50_50,1.0
17095,2025-05-01,40.95348837209303,36.3981470370139,94.42622950819673,92.78688524590164,93.60655737704919,media_percentiles_50_50,1.0
17114,2025-05-01,2.505124117513095,3.407573480944557,54.09836065573771,62.295081967213115,58.196721311475414,media_percentiles_50_50,1.0
17155,2025-05-01,0.2029514945927923,1.058298598286871,1.639344262295082,36.0655737704918,18.852459016393443,media_percentiles_50_50,1.0
18017,2025-05-01,59.3958756898054,19.62470543078795,97.70491803278688,85.57377049180327,91.63934426229508,media_percentiles_50_50,1.0
18087,2025-05-01,13.60829148413292,36.15383912574499,83.93442622950819,92.45901639344262,88.19672131147541,media_percentiles_50_50,1.0
18140,2025-05-01,5.512679162072767,3.198625300806815,71.14754098360656,60.32786885245902,65.73770491803279,media_percentiles_50_50,1.0
19046,2025-05-01,0.2505288943324796,0.4557440377839398,3.6065573770491803,22.62295081967213,13.114754098360656,media_percentiles_50_50,1.0
19130,2025-05-01,0.6786306741064696,0.2675313390156488,25.57377049180328,14.098360655737705,19.836065573770494,media_percentiles_50_50,1.0
20030,2025-05-01,0.2183088342308252,0.2421847933663272,2.622950819672131,12.78688524590164,7.704918032786885,media_percentiles_50_50,1.0
20045,2025-05-01,0.9399232396020992,1.4362916764717175,32.78688524590164,41.63934426229508,37.213114754098356,media_percentiles_50_50,1.0
20067,2025-05-01,0.6605187612732769,0.8060292676213227,24.918032786885245,32.131147540983605,28.524590163934427,media_percentiles_50_50,1.0
20069,2025-05-01,7.3578207788650944,22.86069345468809,74.75409836065573,86.55737704918033,80.65573770491804,media_percentiles_50_50,1.0
21041,2025-05-01,1.2568515867751282,1.17498660233009,40.65573770491803,38.36065573770492,39.50819672131148,media_percentiles_50_50,1.0
21044,2025-05-01,7.379452100953601,1.693042886813877,75.08196721311475,44.59016393442623,59.83606557377049,media_percentiles_50_50,1.0
22125,2025-05-01,1.1721426768132146,0.4036201759918194,37.704918032786885,20.983606557377048,29.34426229508197,media_percentiles_50_50,1.0
23005,2025-05-01,1.3198539736029204,0.0487754460732742,42.950819672131146,3.9344262295081966,23.442622950819672,media_percentiles_50_50,1.0
23050,2025-05-01,2.084911123980933,0.5515901013306421,51.14754098360656,24.918032786885245,38.032786885245905,media_percentiles_50_50,1.0
23055,2025-05-01,0.9346970323369224,0.264357420806661,32.459016393442624,13.770491803278688,23.114754098360656,media_percentiles_50_50,1.0
23092,2025-05-01,4.43610813385733,0.3700876589315605,66.88524590163935,20.327868852459016,43.606557377049185,media_percentiles_50_50,1.0
24089,2025-05-01,4.5850007290637205,14.499716888212353,67.54098360655738,82.29508196721312,74.91803278688525,media_percentiles_50_50,1.0
24115,2025-05-01,2.5796853733421963,0.5756292121013832,55.08196721311475,25.901639344262296,40.49180327868852,media_percentiles_50_50,1.0
24142,2025-05-01,0.7347047822602191,0.3392754816271359,27.868852459016395,17.049180327868854,22.459016393442624,media_percentiles_50_50,1.0
25120,2025-05-01,0.3486798025515157,0.2403502299890552,7.868852459016393,12.459016393442623,10.163934426229508,media_percentiles_50_50,1.0
26089,2025-05-01,3.3782451528097273,6.508479196917663,61.31147540983606,73.44262295081967,67.37704918032787,media_percentiles_50_50,1.0
27028,2025-05-01,2.097001288157934,0.6367774881853309,51.80327868852459,28.524590163934427,40.16393442622951,media_percentiles_50_50,1.0
28005,2025-05-01,1.225345458840203,2.823246079382217,40.0,56.721311475409834,48.36065573770492,media_percentiles_50_50,1.0
28006,2025-05-01,0.6486030711355418,1.767829589770574,24.262295081967213,44.91803278688525,34.59016393442623,media_percentiles_50_50,1.0
28007,2025-05-01,0.4268178170829563,2.2324188620697902,11.147540983606557,50.49180327868852,30.81967213114754,media_percentiles_50_50,1.0
28013,2025-05-01,1.0469543147208122,0.3490323912900477,35.08196721311475,18.0327868852459,26.557377049180324,media_percentiles_50_50,1.0
28014,2025-05-01,0.380674953243185,0.2863436369962845,9.836065573770492,15.081967213114755,12.459016393442624,media_percentiles_50_50,1.0
28022,2025-05-01,0.5727290539420338,0.8000915697537898,20.0,30.81967213114754,25.40983606557377,media_percentiles_50_50,1.0
28045,2025-05-01,0.2043248765537204,0.0655839174449662,1.9672131147540983,6.229508196721311,4.098360655737705,media_percentiles_50_50,1.0
28047,2025-05-01,0.3567500074322918,0.9515996835186142,8.524590163934427,35.40983606557377,21.9672131147541,media_percentiles_50_50,1.0
28049,2025-05-01,0.4968203497615262,3.324891020780238,15.081967213114755,61.31147540983606,38.19672131147541,media_percentiles_50_50,1.0
28058,2025-05-01,0.1315263368336875,0.6364412084180991,0.9836065573770492,28.19672131147541,14.59016393442623,media_percentiles_50_50,1.0
28061,2025-05-01,1.3330431470700257,0.7512713854818122,43.278688524590166,29.18032786885246,36.22950819672131,media_percentiles_50_50,1.0
28065,2025-05-01,0.5019716618884484,1.2334626881504804,15.40983606557377,39.67213114754098,27.540983606557376,media_percentiles_50_50,1.0
28074,2025-05-01,0.2707756444971236,1.2250575608195224,4.262295081967213,39.34426229508197,21.803278688524593,media_percentiles_50_50,1.0
28079,2025-05-01,4.346499445352222,25.216504194573325,66.55737704918033,88.19672131147541,77.37704918032787,media_percentiles_50_50,1.0
28080,2025-05-01,0.4617996604414261,0.8832810228357658,12.131147540983607,34.09836065573771,23.114754098360656,media_percentiles_50_50,1.0
28092,2025-05-01,0.2886177537159536,1.381044610868447,4.590163934426229,40.98360655737705,22.78688524590164,media_percentiles_50_50,1.0
28096,2025-05-01,0.4200294020581441,0.1387437653878285,10.819672131147541,9.180327868852459,10.0,media_percentiles_50_50,1.0
28106,2025-05-01,0.3346160281077464,1.8406549801778225,6.885245901639344,45.90163934426229,26.39344262295082,media_percentiles_50_50,1.0
28113,2025-05-01,0.5472101110306967,0.4998059127808792,17.37704918032787,23.934426229508198,20.65573770491803,media_percentiles_50_50,1.0
28115,2025-05-01,1.169655787011251,2.436560322893845,37.377049180327866,52.78688524590164,45.08196721311475,media_percentiles_50_50,1.0
28123,2025-05-01,0.5622988327451817,0.8537663432589356,18.360655737704917,33.114754098360656,25.737704918032787,media_percentiles_50_50,1.0
28127,2025-05-01,0.6765148378888698,1.1483739757988076,25.24590163934426,37.049180327868854,31.147540983606557,media_percentiles_50_50,1.0
28130,2025-05-01,0.1792160577587752,0.1800831337050951,1.3114754098360655,11.475409836065573,6.393442622950819,media_percentiles_50_50,1.0
28134,2025-05-01,1.6186902012537117,2.6496751063898394,46.22950819672131,55.40983606557377,50.81967213114754,media_percentiles_50_50,1.0
28148,2025-05-01,0.6270640859495841,2.7782582444860195,23.60655737704918,56.0655737704918,39.83606557377049,media_percentiles_50_50,1.0
28161,2025-05-01,0.3489508211975992,0.4673347062788623,8.19672131147541,23.278688524590162,15.737704918032787,media_percentiles_50_50,1.0
28181,2025-05-01,1.925183390314336,0.8500581938432976,48.52459016393443,32.78688524590164,40.65573770491803,media_percentiles_50_50,1.0
28903,2025-05-01,0.6044841735052755,0.8687231828895479,21.9672131147541,33.77049180327869,27.868852459016395,media_percentiles_50_50,1.0
29007,2025-05-01,6.257489016109706,3.409913005653143,73.44262295081967,62.622950819672134,68.0327868852459,media_percentiles_50_50,1.0
29015,2025-05-01,4.181700876962412,0.2339464413930434,65.24590163934427,12.131147540983607,38.68852459016394,media_percentiles_50_50,1.0
29025,2025-05-01,51.48203936786744,149.86979649034132,97.37704918032787,99.34426229508196,98.36065573770492,media_percentiles_50_50,1.0
29051,2025-05-01,44.93789326936361,26.04565400408148,95.40983606557377,89.18032786885246,92.29508196721312,media_percentiles_50_50,1.0
29054,2025-05-01,37.76507727875509,312.16287721207124,93.44262295081967,100.0,96.72131147540983,media_percentiles_50_50,1.0
29067,2025-05-01,14.350744412524223,21.734477681763185,85.57377049180327,85.90163934426229,85.73770491803279,media_percentiles_50_50,1.0
29069,2025-05-01,49.65391210744371,67.72288563034897,96.06557377049181,96.72131147540983,96.39344262295083,media_percentiles_50_50,1.0
29070,2025-05-01,51.48048452220727,32.91924006454587,97.04918032786885,91.80327868852459,94.42622950819671,media_percentiles_50_50,1.0
29082,2025-05-01,14.698593052960687,27.379759780651316,86.22950819672131,89.8360655737705,88.03278688524591,media_percentiles_50_50,1.0
29084,2025-05-01,18.621365566808233,1.5751883785232936,89.18032786885246,43.60655737704918,66.39344262295081,media_percentiles_50_50,1.0
29094,2025-05-01,13.248419486798069,7.218837333850485,83.60655737704919,75.73770491803279,79.672131147541,media_percentiles_50_50,1.0
29901,2025-05-01,41.48382845686888,148.60078622725212,94.75409836065573,99.01639344262296,96.88524590163934,media_percentiles_50_50,1.0
30003,2025-05-01,13.726164343709502,2.0606050575683397,84.91803278688525,49.18032786885246,67.04918032786885,media_percentiles_50_50,1.0
30005,2025-05-01,0.2962895432582733,0.8002793460458935,5.245901639344262,31.147540983606557,18.19672131147541,media_percentiles_50_50,1.0
30015,2025-05-01,3.9041567786878977,0.1185769345606133,63.9344262295082,8.19672131147541,36.0655737704918,media_percentiles_50_50,1.0
30016,2025-05-01,7.498731332463389,2.9543738000452016,76.06557377049181,58.36065573770492,67.21311475409837,media_percentiles_50_50,1.0
30019,2025-05-01,0.3372965680074205,0.0327641488424203,7.213114754098361,1.639344262295082,4.426229508196721,media_percentiles_50_50,1.0
30022,2025-05-01,0.6890549067962574,0.0195943988673487,25.901639344262296,0.32786885245901637,13.114754098360656,media_percentiles_50_50,1.0
30024,2025-05-01,0.9598965332578888,0.0567071897958492,33.442622950819676,4.918032786885246,19.180327868852462,media_percentiles_50_50,1.0
30026,2025-05-01,17.969477277215155,2.002051596880831,87.8688524590164,48.19672131147541,68.0327868852459,media_percentiles_50_50,1.0
30027,2025-05-01,0.6117922965153331,0.2834040376898757,22.950819672131146,14.754098360655737,18.852459016393443,media_percentiles_50_50,1.0
30030,2025-05-01,2.090090841772614,1.1320564398029258,51.47540983606557,36.721311475409834,44.09836065573771,media_percentiles_50_50,1.0
30035,2025-05-01,36.414412441134594,17.647398971517717,92.78688524590164,83.93442622950819,88.36065573770492,media_percentiles_50_50,1.0
30037,2025-05-01,17.189421152872537,3.760412595227288,87.54098360655738,64.59016393442623,76.0655737704918,media_percentiles_50_50,1.0
30039,2025-05-01,0.3597337969902272,0.0417704412203021,8.852459016393443,2.9508196721311477,5.901639344262295,media_percentiles_50_50,1.0
30043,2025-05-01,1.0424382081035857,0.0627807452882989,34.75409836065574,5.573770491803279,20.16393442622951,media_percentiles_50_50,1.0
31201,2025-05-01,3.252125838139784,27.10174406869736,59.67213114754098,89.50819672131148,74.59016393442623,media_percentiles_50_50,1.0
31232,2025-05-01,2.339151222270776,0.4231465474510689,53.442622950819676,21.311475409836067,37.37704918032787,media_percentiles_50_50,1.0
32054,2025-05-01,3.0916431090395107,3.85742815472188,58.032786885245905,65.24590163934427,61.63934426229508,media_percentiles_50_50,1.0
33004,2025-05-01,1.9068554100401232,5.388538410623272,48.19672131147541,71.14754098360656,59.67213114754098,media_percentiles_50_50,1.0
33024,2025-05-01,5.3910053576589325,7.910016548534196,70.49180327868852,76.72131147540983,73.60655737704917,media_percentiles_50_50,1.0
33031,2025-05-01,0.7769605304050554,0.3589291375669531,29.508196721311474,19.016393442622952,24.262295081967213,media_percentiles_50_50,1.0
33037,2025-05-01,1.842025678387815,0.4587319023114546,47.540983606557376,22.950819672131146,35.24590163934426,media_percentiles_50_50,1.0
33044,2025-05-01,4.322046006572368,5.201512707747545,66.22950819672131,69.8360655737705,68.03278688524591,media_percentiles_50_50,1.0
33066,2025-05-01,1.451488246715301,0.3649801225968392,44.59016393442623,20.0,32.295081967213115,media_percentiles_50_50,1.0
34120,2025-05-01,0.7099888983554076,0.577676277284579,26.885245901639344,26.229508196721312,26.557377049180328,media_percentiles_50_50,1.0
35002,2025-05-01,8.698224852071005,3.7260554559431354,79.34426229508196,64.26229508196721,71.80327868852459,media_percentiles_50_50,1.0
35004,2025-05-01,8.021352614706755,23.398195815096095,77.37704918032787,86.88524590163935,82.13114754098362,media_percentiles_50_50,1.0
35006,2025-05-01,3.313621533442088,3.9587389071260817,60.32786885245902,65.90163934426229,63.114754098360656,media_percentiles_50_50,1.0
35011,2025-05-01,4.041938915058502,3.402567331172162,64.59016393442623,61.967213114754095,63.278688524590166,media_percentiles_50_50,1.0
35014,2025-05-01,133.76856971554193,11.302032313616667,100.0,80.32786885245902,90.1639344262295,media_percentiles_50_50,1.0
35016,2025-05-01,7.659714875297223,28.311216678100664,76.39344262295081,90.49180327868852,83.44262295081967,media_percentiles_50_50,1.0
35017,2025-05-01,9.447453954496208,1.4994607625741707,80.65573770491804,42.950819672131146,61.80327868852459,media_percentiles_50_50,1.0
35019,2025-05-01,69.14589895194415,11.292974884594113,98.0327868852459,80.0,89.01639344262296,media_percentiles_50_50,1.0
35022,2025-05-01,3.7539448233737143,4.717860816788793,63.278688524590166,68.52459016393442,65.90163934426229,media_percentiles_50_50,1.0
35026,2025-05-01,4.646340526841256,4.824042325552543,67.8688524590164,68.85245901639344,68.36065573770492,media_percentiles_50_50,1.0
36008,2025-05-01,15.83617236344577,11.179526351397836,86.88524590163935,79.67213114754098,83.27868852459017,media_percentiles_50_50,1.0
36026,2025-05-01,8.044683422950273,5.305555218798263,77.70491803278688,70.49180327868852,74.09836065573771,media_percentiles_50_50,1.0
36038,2025-05-01,4.104853809592395,2.886852127797677,64.91803278688525,57.377049180327866,61.14754098360656,media_percentiles_50_50,1.0
36045,2025-05-01,5.853016554685877,3.2479549553705014,72.78688524590164,60.65573770491803,66.72131147540983,media_percentiles_50_50,1.0
36057,2025-05-01,4.706457626600654,12.648645193827948,68.19672131147541,80.98360655737704,74.59016393442623,media_percentiles_50_50,1.0
36060,2025-05-01,10.161528716216216,8.747410455196126,82.29508196721312,78.36065573770492,80.32786885245902,media_percentiles_50_50,1.0
37274,2025-05-01,5.167339675586887,19.08511571353207,69.8360655737705,85.24590163934427,77.54098360655738,media_percentiles_50_50,1.0
38001,2025-05-01,81.8256332340417,38.63062057761216,99.01639344262296,93.44262295081967,96.22950819672131,media_percentiles_50_50,1.0
38006,2025-05-01,49.912863212329,53.70196361416913,96.39344262295081,95.40983606557377,95.90163934426229,media_percentiles_50_50,1.0
38011,2025-05-01,14.67801398890535,8.609460084305546,85.90163934426229,77.70491803278688,81.80327868852459,media_percentiles_50_50,1.0
38017,2025-05-01,22.28009259259259,8.05519746163656,90.1639344262295,77.04918032786885,83.60655737704917,media_percentiles_50_50,1.0
38023,2025-05-01,4.506293914641111,7.086230332782605,67.21311475409836,75.40983606557377,71.31147540983606,media_percentiles_50_50,1.0
38026,2025-05-01,9.526273698075927,1.9575863293349105,80.98360655737704,47.868852459016395,64.42622950819671,media_percentiles_50_50,1.0
38028,2025-05-01,34.39637730031795,121.34766882071744,91.80327868852459,98.36065573770492,95.08196721311475,media_percentiles_50_50,1.0
38031,2025-05-01,8.239364090104841,5.5252431442665255,78.0327868852459,71.47540983606558,74.75409836065575,media_percentiles_50_50,1.0
38038,2025-05-01,4.920809409455692,6.932990054207424,68.52459016393442,75.08196721311475,71.80327868852459,media_percentiles_50_50,1.0
39016,2025-05-01,3.0087974621447495,2.487583343987975,57.704918032786885,53.77049180327869,55.73770491803279,media_percentiles_50_50,1.0
39020,2025-05-01,7.414050822122571,2.581913182047664,75.40983606557377,54.75409836065574,65.08196721311475,media_percentiles_50_50,1.0
39075,2025-05-01,9.086504204075815,44.176032574777814,80.32786885245902,94.09836065573771,87.21311475409837,media_percentiles_50_50,1.0
39087,2025-05-01,1.9885705459881071,2.8987264372863253,49.83606557377049,57.704918032786885,53.77049180327869,media_percentiles_50_50,1.0
40194,2025-05-01,2.883054892601432,0.9230177608893696,56.39344262295082,35.08196721311475,45.73770491803279,media_percentiles_50_50,1.0
41004,2025-05-01,1.213310271833131,0.3289418102507723,39.34426229508197,16.721311475409838,28.032786885245905,media_percentiles_50_50,1.0
41021,2025-05-01,1.615731032348998,4.05389368448564,45.90163934426229,66.55737704918033,56.22950819672131,media_percentiles_50_50,1.0
41024,2025-05-01,3.6044973544973544,0.1182420037063315,62.622950819672134,7.868852459016393,35.24590163934426,media_percentiles_50_50,1.0
41034,2025-05-01,0.6074557196751711,0.3031950678064977,22.295081967213115,15.737704918032787,19.01639344262295,media_percentiles_50_50,1.0
41038,2025-05-01,0.7718269143061627,0.6883759641770665,28.852459016393443,28.852459016393443,28.852459016393443,media_percentiles_50_50,1.0
41039,2025-05-01,1.3363927481782194,0.0541924114099208,43.60655737704918,4.590163934426229,24.098360655737704,media_percentiles_50_50,1.0
41053,2025-05-01,0.4678278393551173,0.0346490132336707,13.114754098360656,1.9672131147540983,7.540983606557377,media_percentiles_50_50,1.0
41059,2025-05-01,1.93681404502572,5.315013196154748,49.18032786885246,70.81967213114754,60.0,media_percentiles_50_50,1.0
41065,2025-05-01,0.330760749724366,0.0208159072455092,6.557377049180328,0.6557377049180327,3.6065573770491803,media_percentiles_50_50,1.0
41069,2025-05-01,0.3611877918526354,0.1278922222913759,9.180327868852459,8.852459016393443,9.01639344262295,media_percentiles_50_50,1.0
41081,2025-05-01,0.5647775267655437,0.1661114990522854,18.688524590163933,11.147540983606557,14.918032786885245,media_percentiles_50_50,1.0
41091,2025-05-01,10.352135046263324,50.258865910154825,82.62295081967213,95.08196721311475,88.85245901639344,media_percentiles_50_50,1.0
41095,2025-05-01,0.5915691849703262,0.0476690743971587,20.983606557377048,3.6065573770491803,12.295081967213115,media_percentiles_50_50,1.0
42173,2025-05-01,3.92443631931749,0.6200231536222439,64.26229508196721,27.540983606557376,45.90163934426229,media_percentiles_50_50,1.0
43038,2025-05-01,34.96031531774742,36.76329784661499,92.45901639344262,93.11475409836065,92.78688524590163,media_percentiles_50_50,1.0
43123,2025-05-01,0.8870888253689483,1.8709781451598555,31.147540983606557,46.22950819672131,38.68852459016394,media_percentiles_50_50,1.0
43148,2025-05-01,5.478631943139179,13.375718482647848,70.81967213114754,81.63934426229508,76.22950819672131,media_percentiles_50_50,1.0
43155,2025-05-01,2.1112870516987527,0.3468252361499807,52.131147540983605,17.704918032786885,34.91803278688525,media_percentiles_50_50,1.0
43163,2025-05-01,9.91904310407702,11.055018277360984,81.31147540983606,79.34426229508196,80.327868852459,media_percentiles_50_50,1.0
43905,2025-05-01,79.45127179194056,165.31283527564966,98.68852459016394,99.67213114754098,99.18032786885246,media_percentiles_50_50,1.0
44216,2025-05-01,3.464738780521075,0.2883659269576413,61.967213114754095,15.40983606557377,38.68852459016394,media_percentiles_50_50,1.0
45081,2025-05-01,0.2102038977808474,0.1233608307202715,2.2950819672131146,8.524590163934427,5.409836065573771,media_percentiles_50_50,1.0
45165,2025-05-01,0.7159648222617329,0.3206425448703635,27.21311475409836,16.065573770491802,21.639344262295083,media_percentiles_50_50,1.0
45168,2025-05-01,8.347092276646487,3.136044202312912,78.68852459016394,60.0,69.34426229508196,media_percentiles_50_50,1.0
46005,2025-05-01,0.5303984618444606,4.145631773203322,16.721311475409838,66.88524590163935,41.80327868852459,media_percentiles_50_50,1.0
46017,2025-05-01,1.2646156397711252,0.5516215314863057,40.98360655737705,25.24590163934426,33.114754098360656,media_percentiles_50_50,1.0
46021,2025-05-01,0.4042737510828761,0.8679314073509123,10.163934426229508,33.442622950819676,21.803278688524593,media_percentiles_50_50,1.0
46029,2025-05-01,0.5299229845262489,0.3632400466816171,16.39344262295082,19.672131147540984,18.0327868852459,media_percentiles_50_50,1.0
46078,2025-05-01,2.1308021986004504,25.45686017966971,52.459016393442624,88.52459016393442,70.49180327868852,media_percentiles_50_50,1.0
46094,2025-05-01,0.9475885505162724,2.2196907701536817,33.114754098360656,50.16393442622951,41.63934426229508,media_percentiles_50_50,1.0
46102,2025-05-01,0.556235398820781,0.7608476055495585,17.704918032786885,30.16393442622951,23.934426229508198,media_percentiles_50_50,1.0
46110,2025-05-01,0.4673916430374225,2.9181511363860833,12.78688524590164,58.032786885245905,35.40983606557377,media_percentiles_50_50,1.0
46131,2025-05-01,18.006856318036927,24.52693402826637,88.19672131147541,87.8688524590164,88.03278688524591,media_percentiles_50_50,1.0
46145,2025-05-01,2.612229102167183,1.0584568665192675,55.40983606557377,36.39344262295082,45.90163934426229,media_percentiles_50_50,1.0
46159,2025-05-01,1.2879879787788648,2.1678577616368937,41.63934426229508,49.50819672131148,45.57377049180328,media_percentiles_50_50,1.0
46169,2025-05-01,1.8691985811083496,43.23597286315099,47.868852459016395,93.77049180327869,70.81967213114754,media_percentiles_50_50,1.0
46181,2025-05-01,37.96665796442024,16.921047887095348,93.77049180327869,82.95081967213115,88.36065573770492,media_percentiles_50_50,1.0
46184,2025-05-01,1.5130228034151083,0.4464629661296832,44.91803278688525,21.639344262295083,33.278688524590166,media_percentiles_50_50,1.0
46190,2025-05-01,1.7758718215183047,3.768923774065121,47.21311475409836,64.91803278688525,56.06557377049181,media_percentiles_50_50,1.0
46220,2025-05-01,6.777943612986266,3.69602917610044,74.09836065573771,63.9344262295082,69.01639344262296,media_percentiles_50_50,1.0
46235,2025-05-01,8.83743234911283,2.7919791324597343,79.67213114754098,56.39344262295082,68.0327868852459,media_percentiles_50_50,1.0
46244,2025-05-01,1.1217666725321134,1.4721602092739454,36.0655737704918,41.967213114754095,39.01639344262295,media_percentiles_50_50,1.0
46250,2025-05-01,7.793841996593688,47.1348332178367,76.72131147540983,94.75409836065573,85.73770491803279,media_percentiles_50_50,1.0
47186,2025-05-01,1.027711870567786,1.5758024160111217,34.42622950819672,43.9344262295082,39.18032786885246,media_percentiles_50_50,1.0
48013,2025-05-01,0.8253549026081215,3.401954804057402,30.491803278688526,61.63934426229508,46.0655737704918,media_percentiles_50_50,1.0
48015,2025-05-01,0.4965983016338084,2.8524378912704695,14.754098360655737,57.049180327868854,35.90163934426229,media_percentiles_50_50,1.0
48020,2025-05-01,3.6340438135815263,30.864011326439343,62.950819672131146,91.14754098360656,77.04918032786885,media_percentiles_50_50,1.0
48027,2025-05-01,0.6293057763646,1.7714890728122124,23.934426229508198,45.57377049180328,34.75409836065574,media_percentiles_50_50,1.0
48036,2025-05-01,0.5650629641588634,0.5793784434434455,19.016393442622952,26.557377049180328,22.78688524590164,media_percentiles_50_50,1.0
48044,2025-05-01,2.0329496250924066,12.97090127341029,50.49180327868852,81.31147540983606,65.90163934426229,media_percentiles_50_50,1.0
48054,2025-05-01,0.6107243190423842,2.384852069339775,22.62295081967213,51.80327868852459,37.21311475409836,media_percentiles_50_50,1.0
48078,2025-05-01,0.6021006623107286,8.61189574446263,21.311475409836067,78.0327868852459,49.67213114754098,media_percentiles_50_50,1.0
48082,2025-05-01,0.4952413763403815,2.5944493212532973,14.426229508196721,55.08196721311475,34.75409836065574,media_percentiles_50_50,1.0
48084,2025-05-01,0.7014590347923682,5.588863273847102,26.557377049180328,71.80327868852459,49.18032786885246,media_percentiles_50_50,1.0
49275,2025-05-01,3.3102064699490095,1.3206731822384783,60.0,40.0,50.0,media_percentiles_50_50,1.0
50297,2025-05-01,1.2913167246436614,0.918893613849728,42.295081967213115,34.75409836065574,38.52459016393443,media_percentiles_50_50,1.0
51001,2025-05-01,0.6579340869669239,2.768595779589633,24.59016393442623,55.73770491803279,40.16393442622951,media_percentiles_50_50,1.0
52001,2025-05-01,0.472459091956672,3.0080625751540295,13.770491803278688,59.34426229508197,36.55737704918033,media_percentiles_50_50,1.0
01059,2025-11-01,0.3490615614175735,0.3285616508923542,13.770491803278688,21.639344262295083,17.704918032786885,media_percentiles_50_50,1.0
02003,2025-11-01,1.1801596351197263,0.1836751679543358,45.24590163934426,13.770491803278688,29.508196721311474,media_percentiles_50_50,1.0
02009,2025-11-01,1.3812715823684745,0.0638608162035668,48.52459016393443,7.540983606557377,28.0327868852459,media_percentiles_50_50,1.0
02037,2025-11-01,0.5837332987417304,0.0230979116512961,28.852459016393443,2.622950819672131,15.737704918032787,media_percentiles_50_50,1.0
02081,2025-11-01,0.5511811023622047,0.0162338632394269,27.540983606557376,0.9836065573770492,14.262295081967212,media_percentiles_50_50,1.0
03009,2025-11-01,0.7646254961931411,0.3616627680129064,33.77049180327869,23.60655737704918,28.688524590163937,media_percentiles_50_50,1.0
03014,2025-11-01,7.662040134235885,13.85162680784291,80.0,84.26229508196721,82.1311475409836,media_percentiles_50_50,1.0
03031,2025-11-01,27.105668136614636,54.43067700951995,92.45901639344262,96.39344262295081,94.42622950819671,media_percentiles_50_50,1.0
03047,2025-11-01,107.11181923522597,125.37598026845966,99.67213114754098,98.68852459016394,99.18032786885246,media_percentiles_50_50,1.0
03050,2025-11-01,32.01884210191285,18.192721843527146,93.11475409836065,87.54098360655738,90.327868852459,media_percentiles_50_50,1.0
03059,2025-11-01,0.2587238446363313,0.0765183637873598,6.557377049180328,8.524590163934427,7.540983606557377,media_percentiles_50_50,1.0
03063,2025-11-01,59.01271661623749,42.00267059463841,98.0327868852459,94.75409836065573,96.39344262295081,media_percentiles_50_50,1.0
03065,2025-11-01,2.2072268353172584,1.6600241193127234,57.377049180327866,51.47540983606557,54.42622950819672,media_percentiles_50_50,1.0
03066,2025-11-01,0.3621744956720147,0.4386205178522758,15.081967213114755,27.21311475409836,21.147540983606557,media_percentiles_50_50,1.0
03082,2025-11-01,74.30977090268259,33.041270662603836,99.01639344262296,93.11475409836065,96.0655737704918,media_percentiles_50_50,1.0
03093,2025-11-01,0.9396376757122452,0.3301454899192612,38.68852459016394,21.9672131147541,30.32786885245902,media_percentiles_50_50,1.0
03099,2025-11-01,21.475875118259225,4.967994334662202,91.14754098360656,71.80327868852459,81.47540983606558,media_percentiles_50_50,1.0
03104,2025-11-01,0.3527129504438304,0.1150735405537902,14.098360655737705,9.508196721311476,11.80327868852459,media_percentiles_50_50,1.0
03121,2025-11-01,40.167216500037775,27.39304975432563,95.40983606557377,91.47540983606558,93.44262295081967,media_percentiles_50_50,1.0
03122,2025-11-01,0.912908526565638,1.3563361577173103,38.36065573770492,45.57377049180328,41.9672131147541,media_percentiles_50_50,1.0
03133,2025-11-01,37.012980422802514,50.82203771130131,94.75409836065573,95.73770491803279,95.24590163934425,media_percentiles_50_50,1.0
03139,2025-11-01,20.93513845496542,13.313409947917757,90.81967213114754,83.93442622950819,87.37704918032787,media_percentiles_50_50,1.0
03140,2025-11-01,0.7778289928554967,0.0782486753380174,34.09836065573771,9.180327868852459,21.639344262295083,media_percentiles_50_50,1.0
04013,2025-11-01,4.448381256448693,3.090715490403426,69.8360655737705,63.60655737704918,66.72131147540983,media_percentiles_50_50,1.0
04066,2025-11-01,28.482247366367535,1.5821901689335198,92.78688524590164,49.18032786885246,70.98360655737704,media_percentiles_50_50,1.0
04079,2025-11-01,9.06148867313916,16.852482126360645,82.62295081967213,85.57377049180327,84.09836065573771,media_percentiles_50_50,1.0
04902,2025-11-01,1.552930883639545,0.6279444697605733,50.49180327868852,32.459016393442624,41.47540983606557,media_percentiles_50_50,1.0
05019,2025-11-01,3.3836939787165647,0.8669101856490418,63.278688524590166,37.377049180327866,50.32786885245902,media_percentiles_50_50,1.0
06011,2025-11-01,0.2891259721860815,0.0607001241122875,8.524590163934427,6.229508196721311,7.3770491803278695,media_percentiles_50_50,1.0
06015,2025-11-01,0.4926469119693227,0.0513652649496096,23.934426229508198,5.245901639344262,14.59016393442623,media_percentiles_50_50,1.0
06044,2025-11-01,0.3159058600537039,0.0214527491940955,10.163934426229508,2.2950819672131146,6.229508196721311,media_percentiles_50_50,1.0
06083,2025-11-01,4.400166044001661,0.3065475532672701,69.50819672131148,21.311475409836067,45.40983606557377,media_percentiles_50_50,1.0
06153,2025-11-01,0.6984053078803399,0.1173972921129648,31.475409836065573,10.819672131147541,21.147540983606557,media_percentiles_50_50,1.0
07011,2025-11-01,5.539754243117134,2.0517043960641344,73.77049180327869,55.40983606557377,64.59016393442623,media_percentiles_50_50,1.0
07015,2025-11-01,33.23980142456292,5.794033626242409,93.44262295081967,75.08196721311475,84.26229508196721,media_percentiles_50_50,1.0
07026,2025-11-01,2.0962466342591757,10.373469569643438,55.73770491803279,80.32786885245902,68.03278688524591,media_percentiles_50_50,1.0
07027,2025-11-01,6.011802989355248,3.736919298724176,76.06557377049181,67.54098360655738,71.80327868852459,media_percentiles_50_50,1.0
07031,2025-11-01,11.15994271887808,1.3807904652613625,83.93442622950819,46.22950819672131,65.08196721311475,media_percentiles_50_50,1.0
07032,2025-11-01,4.010956759929564,1.048495553384419,67.54098360655738,40.32786885245902,53.9344262295082,media_percentiles_50_50,1.0
07033,2025-11-01,14.87193050271601,2.808832746936355,88.19672131147541,61.63934426229508,74.91803278688525,media_percentiles_50_50,1.0
07036,2025-11-01,2.127554302112711,1.5862463198155543,56.39344262295082,49.50819672131148,52.950819672131146,media_percentiles_50_50,1.0
07040,2025-11-01,1.0349919270629688,2.1554059906331737,41.63934426229508,57.049180327868854,49.34426229508197,media_percentiles_50_50,1.0
07054,2025-11-01,15.796040396431176,4.368738067983332,88.85245901639344,69.8360655737705,79.34426229508196,media_percentiles_50_50,1.0
08015,2025-11-01,1.2049649739572086,13.308329130197508,45.90163934426229,83.60655737704919,64.75409836065575,media_percentiles_50_50,1.0
08019,2025-11-01,4.929405439555014,84.78708233562604,71.80327868852459,97.70491803278688,84.75409836065573,media_percentiles_50_50,1.0
08056,2025-11-01,3.254492770172859,17.622330218690376,62.295081967213115,86.22950819672131,74.26229508196721,media_percentiles_50_50,1.0
08073,2025-11-01,1.07332198575409,14.358373926454076,42.622950819672134,84.59016393442623,63.606557377049185,media_percentiles_50_50,1.0
08077,2025-11-01,1.1613197569523652,12.36626774501808,44.91803278688525,82.29508196721312,63.606557377049185,media_percentiles_50_50,1.0
08089,2025-11-01,1.4509877080612732,2.2766469291824616,49.50819672131148,58.032786885245905,53.77049180327869,media_percentiles_50_50,1.0
08096,2025-11-01,0.2754778775959964,1.2062566452997978,8.19672131147541,41.967213114754095,25.08196721311475,media_percentiles_50_50,1.0
08101,2025-11-01,3.0465268902628577,64.8366629566343,61.967213114754095,97.04918032786885,79.50819672131148,media_percentiles_50_50,1.0
08102,2025-11-01,0.4752287038137103,2.4379098937223276,22.62295081967213,59.67213114754098,41.147540983606554,media_percentiles_50_50,1.0
08113,2025-11-01,1.0003210907204785,1.94093564908804,40.0,54.42622950819672,47.213114754098356,media_percentiles_50_50,1.0
08114,2025-11-01,0.3427592116538132,0.7823510635535794,12.78688524590164,35.08196721311475,23.934426229508198,media_percentiles_50_50,1.0
08121,2025-11-01,1.0251892803171252,6.0160576021257635,40.98360655737705,75.40983606557377,58.196721311475414,media_percentiles_50_50,1.0
08124,2025-11-01,0.3208152481600302,1.577082790602092,10.819672131147541,48.85245901639344,29.83606557377049,media_percentiles_50_50,1.0
08125,2025-11-01,0.3737319807794981,0.5966619145736539,16.39344262295082,31.475409836065573,23.934426229508198,media_percentiles_50_50,1.0
08163,2025-11-01,6.144546299986715,17.96353247338133,76.72131147540983,86.88524590163935,81.80327868852459,media_percentiles_50_50,1.0
08169,2025-11-01,1.2662425758991829,2.4943449095102266,46.557377049180324,60.32786885245902,53.44262295081967,media_percentiles_50_50,1.0
08172,2025-11-01,1.630933369576297,24.239223703439137,51.47540983606557,89.8360655737705,70.65573770491804,media_percentiles_50_50,1.0
08180,2025-11-01,0.1754517883550141,1.5914828797794744,3.6065573770491803,49.83606557377049,26.721311475409834,media_percentiles_50_50,1.0
08184,2025-11-01,0.4829576325416853,1.2393507005172983,23.278688524590162,42.950819672131146,33.114754098360656,media_percentiles_50_50,1.0
08187,2025-11-01,0.3194774768378829,1.913211443529521,10.491803278688524,54.09836065573771,32.295081967213115,media_percentiles_50_50,1.0
08194,2025-11-01,5.976146275716502,60.225827383754286,75.40983606557377,96.72131147540983,86.0655737704918,media_percentiles_50_50,1.0
08196,2025-11-01,0.0,0.0,0.16393442622950818,0.16393442622950818,0.16393442622950818,media_percentiles_50_50,1.0
08200,2025-11-01,0.3621072304637309,1.4039134546532055,14.754098360655737,46.885245901639344,30.81967213114754,media_percentiles_50_50,1.0
08205,2025-11-01,0.8981149791290326,1.8220405393941208,38.032786885245905,52.78688524590164,45.40983606557377,media_percentiles_50_50,1.0
08211,2025-11-01,0.235138197131314,0.918507923330238,5.573770491803279,39.01639344262295,22.295081967213115,media_percentiles_50_50,1.0
08217,2025-11-01,0.3896899181651171,2.493344832219123,17.37704918032787,60.0,38.68852459016394,media_percentiles_50_50,1.0
08231,2025-11-01,4.188961932426235,3.3512586154964223,68.85245901639344,64.91803278688525,66.88524590163934,media_percentiles_50_50,1.0
08245,2025-11-01,0.5162081286648761,9.02145000009908,25.24590163934426,80.0,52.62295081967213,media_percentiles_50_50,1.0
08252,2025-11-01,0.3236531615029276,1.3392049030674833,11.475409836065573,44.91803278688525,28.19672131147541,media_percentiles_50_50,1.0
08260,2025-11-01,0.0,0.0,0.16393442622950818,0.16393442622950818,0.16393442622950818,media_percentiles_50_50,1.0
08263,2025-11-01,0.2435121408195923,0.7545826956481605,6.229508196721311,34.75409836065574,20.491803278688526,media_percentiles_50_50,1.0
08266,2025-11-01,0.5809185347184254,1.102108648780585,28.524590163934427,40.98360655737705,34.75409836065574,media_percentiles_50_50,1.0
08270,2025-11-01,24.47177159679843,18.148398703889168,91.47540983606558,87.21311475409836,89.34426229508196,media_percentiles_50_50,1.0
08279,2025-11-01,0.6344579242937368,2.110485675685168,30.491803278688526,56.0655737704918,43.278688524590166,media_percentiles_50_50,1.0
08298,2025-11-01,0.7874635798094338,1.2956130305290092,35.08196721311475,44.59016393442623,39.83606557377049,media_percentiles_50_50,1.0
08301,2025-11-01,0.3846893633391037,1.276828448158105,16.721311475409838,43.60655737704918,30.16393442622951,media_percentiles_50_50,1.0
08305,2025-11-01,0.3989954702278968,0.8506625865114134,18.688524590163933,36.721311475409834,27.704918032786885,media_percentiles_50_50,1.0
08307,2025-11-01,2.3589843804525343,4.975644623277847,58.36065573770492,72.1311475409836,65.24590163934425,media_percentiles_50_50,1.0
09018,2025-11-01,1.0307456708681824,0.2749968948820612,41.31147540983606,20.327868852459016,30.81967213114754,media_percentiles_50_50,1.0
09059,2025-11-01,2.1025693058702832,3.48393426511676,56.0655737704918,65.57377049180327,60.81967213114754,media_percentiles_50_50,1.0
09219,2025-11-01,0.054611981868822,0.0197633585296172,0.6557377049180327,1.9672131147540983,1.3114754098360655,media_percentiles_50_50,1.0
10037,2025-11-01,4.0247902246226115,0.2222566385623493,67.8688524590164,16.065573770491802,41.9672131147541,media_percentiles_50_50,1.0
10148,2025-11-01,2.2675171932622344,0.4175579111174691,57.704918032786885,25.901639344262296,41.80327868852459,media_percentiles_50_50,1.0
11004,2025-11-01,1.3745270126156302,1.978084086025149,47.868852459016395,54.75409836065574,51.31147540983606,media_percentiles_50_50,1.0
11006,2025-11-01,8.123580772059999,0.4825506630043649,80.65573770491804,28.524590163934427,54.59016393442623,media_percentiles_50_50,1.0
11012,2025-11-01,13.688040018190089,86.0561641079919,86.88524590163935,98.0327868852459,92.45901639344262,media_percentiles_50_50,1.0
11015,2025-11-01,16.981422785701707,7.45225392253183,89.8360655737705,78.0327868852459,83.9344262295082,media_percentiles_50_50,1.0
11020,2025-11-01,4.746435492477789,0.8530889872990696,71.47540983606558,37.049180327868854,54.26229508196722,media_percentiles_50_50,1.0
11022,2025-11-01,2.3256174514333554,5.625041987468319,58.032786885245905,74.75409836065573,66.39344262295081,media_percentiles_50_50,1.0
11027,2025-11-01,10.913172488136649,6.059001285674029,83.60655737704919,75.73770491803279,79.672131147541,media_percentiles_50_50,1.0
11028,2025-11-01,2.374961788981118,0.5162406485287329,59.01639344262295,29.83606557377049,44.42622950819672,media_percentiles_50_50,1.0
11030,2025-11-01,16.4225477141589,5.478683321145826,89.50819672131148,73.77049180327869,81.63934426229508,media_percentiles_50_50,1.0
11031,2025-11-01,1.6606312541515782,5.015656188658838,52.131147540983605,72.45901639344262,62.295081967213115,media_percentiles_50_50,1.0
11032,2025-11-01,11.62657830086271,4.692676083272445,84.26229508196721,71.14754098360656,77.70491803278688,media_percentiles_50_50,1.0
11033,2025-11-01,14.893617021276595,3.6568074177219585,88.52459016393442,67.21311475409836,77.86885245901638,media_percentiles_50_50,1.0
12009,2025-11-01,0.788778764703865,0.6933284968690591,35.40983606557377,33.77049180327869,34.59016393442623,media_percentiles_50_50,1.0
12027,2025-11-01,6.073409030895168,3.8467345522341647,76.39344262295081,67.8688524590164,72.1311475409836,media_percentiles_50_50,1.0
12032,2025-11-01,2.0044837135698272,1.6222248847457437,55.08196721311475,50.81967213114754,52.950819672131146,media_percentiles_50_50,1.0
12040,2025-11-01,2.090239561049692,3.4493484030350325,55.40983606557377,65.24590163934427,60.32786885245902,media_percentiles_50_50,1.0
12084,2025-11-01,0.1145475372279496,0.0277176040878421,1.9672131147540983,2.9508196721311477,2.459016393442623,media_percentiles_50_50,1.0
12126,2025-11-01,0.4032007939954097,0.1938018982665419,19.016393442622952,14.426229508196721,16.721311475409838,media_percentiles_50_50,1.0
12135,2025-11-01,0.4848665684501053,0.471884187890795,23.60655737704918,28.19672131147541,25.901639344262296,media_percentiles_50_50,1.0
12138,2025-11-01,15.98480133643421,5.107710647124003,89.18032786885246,73.11475409836065,81.14754098360655,media_percentiles_50_50,1.0
13005,2025-11-01,0.8773578993545152,0.042010307826409,37.377049180327866,3.9344262295081966,20.65573770491803,media_percentiles_50_50,1.0
13034,2025-11-01,0.8003463794166655,0.2139243702065745,36.0655737704918,15.40983606557377,25.737704918032787,media_percentiles_50_50,1.0
13071,2025-11-01,0.3072533743004499,0.0621852185214428,9.180327868852459,6.885245901639344,8.032786885245901,media_percentiles_50_50,1.0
13082,2025-11-01,0.7555315704263357,0.1156288324324768,33.442622950819676,10.163934426229508,21.803278688524593,media_percentiles_50_50,1.0
13087,2025-11-01,0.7796764342797738,0.0490536939131403,34.42622950819672,4.918032786885246,19.672131147540984,media_percentiles_50_50,1.0
14021,2025-11-01,7.235616929920622,1.86432189998044,78.68852459016394,53.442622950819676,66.06557377049181,media_percentiles_50_50,1.0
14038,2025-11-01,1.1518614080353853,0.1421434521936867,44.59016393442623,11.80327868852459,28.19672131147541,media_percentiles_50_50,1.0
14056,2025-11-01,0.8343623802689984,0.1463212057461566,36.721311475409834,12.131147540983607,24.42622950819672,media_percentiles_50_50,1.0
15002,2025-11-01,2.1336699122490685,0.8864024247349871,56.721311475409834,37.704918032786885,47.213114754098356,media_percentiles_50_50,1.0
15005,2025-11-01,0.6394791151934425,0.2282079558107086,30.81967213114754,16.39344262295082,23.606557377049178,media_percentiles_50_50,1.0
15019,2025-11-01,2.428393524283935,0.4158788661205419,59.34426229508197,25.57377049180328,42.459016393442624,media_percentiles_50_50,1.0
15030,2025-11-01,1.7293265962479576,11.237495500986933,53.114754098360656,80.98360655737704,67.04918032786885,media_percentiles_50_50,1.0
15031,2025-11-01,0.4159467588148717,0.2118963258165405,20.327868852459016,15.081967213114755,17.704918032786885,media_percentiles_50_50,1.0
15036,2025-11-01,2.9984308729628535,2.315884907578815,61.63934426229508,58.68852459016394,60.16393442622951,media_percentiles_50_50,1.0
15054,2025-11-01,0.4505293720121142,0.2682340944396565,20.983606557377048,19.34426229508197,20.16393442622951,media_percentiles_50_50,1.0
15058,2025-11-01,1.7786714097904262,1.5670984906471084,53.77049180327869,48.52459016393443,51.14754098360656,media_percentiles_50_50,1.0
15073,2025-11-01,8.818537377315327,3.515734352796511,81.9672131147541,66.22950819672131,74.09836065573771,media_percentiles_50_50,1.0
15078,2025-11-01,3.704253949388402,1.699966393301032,66.22950819672131,52.131147540983605,59.18032786885246,media_percentiles_50_50,1.0
16078,2025-11-01,5.970149253731344,0.3581934193757186,75.08196721311475,22.950819672131146,49.01639344262295,media_percentiles_50_50,1.0
17023,2025-11-01,11.803555118386848,28.3537899953843,84.91803278688525,91.80327868852459,88.36065573770492,media_percentiles_50_50,1.0
17066,2025-11-01,2.8577753627563443,7.477255982677099,60.98360655737705,78.36065573770492,69.67213114754098,media_percentiles_50_50,1.0
17079,2025-11-01,4.720887858207719,13.196929305303096,71.14754098360656,83.27868852459017,77.21311475409837,media_percentiles_50_50,1.0
17095,2025-11-01,34.44186046511628,30.61082098910709,94.42622950819673,92.78688524590164,93.60655737704919,media_percentiles_50_50,1.0
17114,2025-11-01,1.9737341531921355,2.6847548637744993,54.75409836065574,61.31147540983606,58.0327868852459,media_percentiles_50_50,1.0
17155,2025-11-01,0.1739584239366791,0.9071130842458892,3.278688524590164,38.68852459016394,20.98360655737705,media_percentiles_50_50,1.0
18017,2025-11-01,53.07871042695323,17.53748125905378,97.70491803278688,85.90163934426229,91.80327868852459,media_percentiles_50_50,1.0
18087,2025-11-01,12.9415535847847,34.38248268616703,85.90163934426229,94.09836065573771,90.0,media_percentiles_50_50,1.0
18140,2025-11-01,5.061641776084995,2.936919594377166,72.1311475409836,62.295081967213115,67.21311475409836,media_percentiles_50_50,1.0
19046,2025-11-01,0.0835096314441598,0.1519146792613132,1.3114754098360655,12.459016393442623,6.885245901639344,media_percentiles_50_50,1.0
19130,2025-11-01,0.4524204494043131,0.1783542260104325,21.311475409836067,13.442622950819672,17.37704918032787,media_percentiles_50_50,1.0
20030,2025-11-01,0.1091544171154126,0.1210923966831636,1.639344262295082,11.147540983606557,6.39344262295082,media_percentiles_50_50,1.0
20045,2025-11-01,0.8459309156418893,1.2926625088245458,37.049180327868854,44.26229508196721,40.65573770491803,media_percentiles_50_50,1.0
20067,2025-11-01,0.4826867870843178,0.5890213878771203,22.950819672131146,31.147540983606557,27.049180327868854,media_percentiles_50_50,1.0
20069,2025-11-01,6.799532301728587,21.12609538296515,77.70491803278688,88.52459016393442,83.11475409836065,media_percentiles_50_50,1.0
21041,2025-11-01,1.082288866389694,1.0117940186731331,42.950819672131146,40.0,41.47540983606557,media_percentiles_50_50,1.0
21044,2025-11-01,6.334872123193045,1.453388414251182,77.04918032786885,47.540983606557376,62.295081967213115,media_percentiles_50_50,1.0
22125,2025-11-01,1.11804378403722,0.3849915524845046,43.60655737704918,24.918032786885245,34.26229508196721,media_percentiles_50_50,1.0
23005,2025-11-01,1.3198539736029204,0.0487754460732742,46.885245901639344,4.590163934426229,25.737704918032787,media_percentiles_50_50,1.0
23050,2025-11-01,1.853254332427496,0.4903023122939041,54.09836065573771,28.852459016393443,41.47540983606557,media_percentiles_50_50,1.0
23055,2025-11-01,0.7010227742526918,0.1982680656049957,31.80327868852459,14.754098360655737,23.278688524590162,media_percentiles_50_50,1.0
23092,2025-11-01,4.346790520423961,0.3626362295570995,69.18032786885246,23.934426229508198,46.55737704918033,media_percentiles_50_50,1.0
24089,2025-11-01,3.9936490449265265,12.629612059874008,66.88524590163935,82.62295081967213,74.75409836065575,media_percentiles_50_50,1.0
24115,2025-11-01,1.6142816446681227,0.3602096910082275,51.14754098360656,23.278688524590162,37.21311475409836,media_percentiles_50_50,1.0
24142,2025-11-01,0.5009350788137857,0.2313241920185017,24.59016393442623,16.721311475409838,20.65573770491803,media_percentiles_50_50,1.0
25120,2025-11-01,0.3691903791721931,0.2544884788119408,16.065573770491802,18.0327868852459,17.049180327868854,media_percentiles_50_50,1.0
26089,2025-11-01,3.581991455800197,6.901013934474954,65.24590163934427,77.04918032786885,71.14754098360656,media_percentiles_50_50,1.0
27028,2025-11-01,1.7275296326253458,0.5245833593145821,52.78688524590164,30.16393442622951,41.47540983606557,media_percentiles_50_50,1.0
28005,2025-11-01,1.126924136845006,2.596479326018183,43.9344262295082,60.65573770491803,52.295081967213115,media_percentiles_50_50,1.0
28006,2025-11-01,0.5188824569084335,1.4142636718164592,25.57377049180328,47.21311475409836,36.39344262295082,media_percentiles_50_50,1.0
28007,2025-11-01,0.2390179775664555,1.2501545627590824,5.901639344262295,43.278688524590166,24.59016393442623,media_percentiles_50_50,1.0
28013,2025-11-01,0.8883248730964467,0.2961486956400405,37.704918032786885,20.65573770491803,29.18032786885246,media_percentiles_50_50,1.0
28014,2025-11-01,0.3310216984723348,0.2489944669532909,12.131147540983607,17.37704918032787,14.754098360655739,media_percentiles_50_50,1.0
28022,2025-11-01,0.3617236130160213,0.5053209914234462,14.426229508196721,29.508196721311474,21.9672131147541,media_percentiles_50_50,1.0
28045,2025-11-01,0.1702707304614336,0.0546532645374718,2.9508196721311477,5.901639344262295,4.426229508196721,media_percentiles_50_50,1.0
28047,2025-11-01,0.3121562565032553,0.8326497230787874,9.508196721311476,35.73770491803279,22.622950819672134,media_percentiles_50_50,1.0
28049,2025-11-01,0.322933227344992,2.1611791635071547,11.147540983606557,57.377049180327866,34.26229508196721,media_percentiles_50_50,1.0
28058,2025-11-01,0.12626528336034,0.6109835600813751,2.2950819672131146,31.80327868852459,17.049180327868854,media_percentiles_50_50,1.0
28061,2025-11-01,1.0065836008487947,0.5672865563842255,40.32786885245902,30.491803278688526,35.40983606557377,media_percentiles_50_50,1.0
28065,2025-11-01,0.3622475910535195,0.8901277130982848,15.40983606557377,38.032786885245905,26.721311475409838,media_percentiles_50_50,1.0
28074,2025-11-01,0.1992500025544872,0.9014574504143656,4.918032786885246,38.36065573770492,21.639344262295083,media_percentiles_50_50,1.0
28079,2025-11-01,3.603642139543107,20.906768370740263,65.57377049180327,88.19672131147541,76.88524590163934,media_percentiles_50_50,1.0
28080,2025-11-01,0.3259762308998302,0.6234924867075994,11.80327868852459,32.131147540983605,21.9672131147541,media_percentiles_50_50,1.0
28092,2025-11-01,0.2699972534762146,1.291944958554354,7.213114754098361,43.9344262295082,25.57377049180328,media_percentiles_50_50,1.0
28096,2025-11-01,0.3900273019111338,0.128833496431555,17.704918032786885,11.475409836065573,14.59016393442623,media_percentiles_50_50,1.0
28106,2025-11-01,0.2691476747823177,1.4805268318821614,6.885245901639344,47.868852459016395,27.37704918032787,media_percentiles_50_50,1.0
28113,2025-11-01,0.4059945985066459,0.3708237417406523,19.34426229508197,24.262295081967213,21.803278688524593,media_percentiles_50_50,1.0
28115,2025-11-01,0.5681185251197505,1.1834721568341533,27.868852459016395,41.63934426229508,34.75409836065574,media_percentiles_50_50,1.0
28123,2025-11-01,0.6107728700508008,0.9273668900916026,29.508196721311474,39.34426229508197,34.42622950819672,media_percentiles_50_50,1.0
28127,2025-11-01,0.494764582933651,0.8398555942409189,24.262295081967213,36.0655737704918,30.16393442622951,media_percentiles_50_50,1.0
28130,2025-11-01,0.0768068818966179,0.0771784858736122,0.9836065573770492,8.852459016393443,4.918032786885246,media_percentiles_50_50,1.0
28134,2025-11-01,1.4331078851864072,2.3458906992878195,48.85245901639344,59.01639344262295,53.93442622950819,media_percentiles_50_50,1.0
28148,2025-11-01,0.5434555411563061,2.4078238118878836,26.557377049180328,59.34426229508197,42.950819672131146,media_percentiles_50_50,1.0
28161,2025-11-01,0.3140557390778393,0.4206012356509761,9.836065573770492,26.229508196721312,18.0327868852459,media_percentiles_50_50,1.0
28181,2025-11-01,0.9957845122315532,0.4396852726775677,39.67213114754098,27.540983606557376,33.60655737704918,media_percentiles_50_50,1.0
28903,2025-11-01,0.4579425556858147,0.6581236234011726,21.639344262295083,32.78688524590164,27.21311475409836,media_percentiles_50_50,1.0
29007,2025-11-01,5.969023210402521,3.252718434470551,74.75409836065573,64.59016393442623,69.67213114754098,media_percentiles_50_50,1.0
29015,2025-11-01,3.847164806805419,0.2152307260815999,66.55737704918033,15.737704918032787,41.14754098360656,media_percentiles_50_50,1.0
29025,2025-11-01,49.592790216753045,144.3699874448242,97.04918032786885,99.34426229508196,98.19672131147541,media_percentiles_50_50,1.0
29051,2025-11-01,45.64122530488188,26.453299790618253,96.06557377049181,90.49180327868852,93.27868852459017,media_percentiles_50_50,1.0
29054,2025-11-01,37.060942836018825,306.34256253440674,95.08196721311475,100.0,97.54098360655738,media_percentiles_50_50,1.0
29067,2025-11-01,14.419184626658632,21.83813169885662,87.8688524590164,89.18032786885246,88.52459016393442,media_percentiles_50_50,1.0
29069,2025-11-01,49.52874469603094,67.55217001242524,96.72131147540983,97.37704918032787,97.04918032786885,media_percentiles_50_50,1.0
29070,2025-11-01,52.50042059219381,33.57143906092269,97.37704918032787,93.44262295081967,95.40983606557377,media_percentiles_50_50,1.0
29082,2025-11-01,13.955084454951004,25.994791387077516,87.21311475409836,90.1639344262295,88.68852459016392,media_percentiles_50_50,1.0
29084,2025-11-01,19.03715363369071,1.6103600488571472,90.49180327868852,50.49180327868852,70.49180327868852,media_percentiles_50_50,1.0
29094,2025-11-01,12.911398289326888,7.03520024377885,85.57377049180327,77.37704918032787,81.47540983606558,media_percentiles_50_50,1.0
29901,2025-11-01,43.740974919037136,156.68619568402386,95.73770491803279,99.67213114754098,97.70491803278688,media_percentiles_50_50,1.0
30003,2025-11-01,9.3094602099918,1.3975587288324771,82.95081967213115,46.557377049180324,64.75409836065573,media_percentiles_50_50,1.0
30005,2025-11-01,0.1595405232929164,0.4309196478708657,2.622950819672131,26.557377049180328,14.59016393442623,media_percentiles_50_50,1.0
30015,2025-11-01,2.373114904692643,0.0720761759093924,58.68852459016394,8.19672131147541,33.442622950819676,media_percentiles_50_50,1.0
30016,2025-11-01,5.15622734522256,2.0314666975537397,72.78688524590164,55.08196721311475,63.9344262295082,media_percentiles_50_50,1.0
30019,2025-11-01,0.1967563313376619,0.0191124201580785,4.590163934426229,1.639344262295082,3.1147540983606556,media_percentiles_50_50,1.0
30022,2025-11-01,0.5439907158917822,0.0154692622636963,26.885245901639344,0.6557377049180327,13.770491803278688,media_percentiles_50_50,1.0
30024,2025-11-01,0.6567713122290818,0.0387996561761073,31.147540983606557,3.6065573770491803,17.37704918032787,media_percentiles_50_50,1.0
30026,2025-11-01,12.271150102964825,1.3671780920614778,85.24590163934427,45.90163934426229,65.57377049180329,media_percentiles_50_50,1.0
30027,2025-11-01,0.3441331667898748,0.159414771200555,13.114754098360656,13.114754098360656,13.114754098360656,media_percentiles_50_50,1.0
30030,2025-11-01,1.466401059646854,0.7942471828158251,49.83606557377049,35.40983606557377,42.62295081967213,media_percentiles_50_50,1.0
30035,2025-11-01,24.58657321213449,11.915311486032262,91.80327868852459,81.9672131147541,86.88524590163934,media_percentiles_50_50,1.0
30037,2025-11-01,14.055305094144025,3.074783370291036,87.54098360655738,62.622950819672134,75.08196721311475,media_percentiles_50_50,1.0
30039,2025-11-01,0.5396006954853408,0.0626556618304531,26.229508196721312,7.213114754098361,16.721311475409838,media_percentiles_50_50,1.0
30043,2025-11-01,1.0150056236798068,0.0611286204122911,40.65573770491803,6.557377049180328,23.606557377049178,media_percentiles_50_50,1.0
31201,2025-11-01,2.845610108372311,23.71402606011019,60.65573770491803,89.50819672131148,75.08196721311475,media_percentiles_50_50,1.0
31232,2025-11-01,2.4419710562167443,0.4417463956906763,59.67213114754098,27.868852459016395,43.77049180327869,media_percentiles_50_50,1.0
32054,2025-11-01,2.533823710160822,3.1614395885794004,60.0,64.26229508196721,62.131147540983605,media_percentiles_50_50,1.0
33004,2025-11-01,1.642014380867884,4.640130298036706,51.80327868852459,70.81967213114754,61.31147540983606,media_percentiles_50_50,1.0
33024,2025-11-01,4.453600302340919,6.534597863462613,70.1639344262295,76.39344262295081,73.27868852459017,media_percentiles_50_50,1.0
33031,2025-11-01,0.4143789495493629,0.1914288733690416,20.0,14.098360655737705,17.049180327868854,media_percentiles_50_50,1.0
33037,2025-11-01,1.0997168229180987,0.273869792424749,43.278688524590166,20.0,31.639344262295083,media_percentiles_50_50,1.0
33044,2025-11-01,3.518359765680811,4.234289270356473,64.59016393442623,69.50819672131148,67.04918032786885,media_percentiles_50_50,1.0
33066,2025-11-01,1.0556278157929462,0.2654400891613376,41.967213114754095,18.360655737704917,30.163934426229506,media_percentiles_50_50,1.0
34120,2025-11-01,0.6196266749283557,0.5041538419938144,29.83606557377049,29.18032786885246,29.508196721311474,media_percentiles_50_50,1.0
35002,2025-11-01,9.053254437869825,3.87813935210408,82.29508196721312,68.19672131147541,75.24590163934427,media_percentiles_50_50,1.0
35004,2025-11-01,7.272881331996441,21.214913459110015,79.01639344262296,88.85245901639344,83.9344262295082,media_percentiles_50_50,1.0
35006,2025-11-01,3.313621533442088,3.9587389071260817,62.950819672131146,69.18032786885246,66.0655737704918,media_percentiles_50_50,1.0
35011,2025-11-01,4.16350098769184,3.50490018323749,68.52459016393442,65.90163934426229,67.21311475409836,media_percentiles_50_50,1.0
35014,2025-11-01,134.801145826394,11.389274096914008,100.0,81.31147540983606,90.65573770491804,media_percentiles_50_50,1.0
35016,2025-11-01,7.843024291116302,28.98875006868769,80.32786885245902,92.1311475409836,86.22950819672131,media_percentiles_50_50,1.0
35017,2025-11-01,8.537378114842904,1.3550172946197785,81.63934426229508,45.24590163934426,63.44262295081967,media_percentiles_50_50,1.0
35019,2025-11-01,72.05614190197271,11.768278569134834,98.68852459016394,81.63934426229508,90.1639344262295,media_percentiles_50_50,1.0
35022,2025-11-01,3.486714852896264,4.382013097627557,64.26229508196721,70.1639344262295,67.21311475409836,media_percentiles_50_50,1.0
35026,2025-11-01,4.617540895476538,4.794141236757795,70.81967213114754,71.47540983606558,71.14754098360656,media_percentiles_50_50,1.0
36008,2025-11-01,11.718018793755382,8.272320917228186,84.59016393442623,79.34426229508196,81.96721311475409,media_percentiles_50_50,1.0
36026,2025-11-01,6.002250844066525,3.9585489715386,75.73770491803279,68.85245901639344,72.29508196721312,media_percentiles_50_50,1.0
36038,2025-11-01,2.964616640261174,2.084948758964989,61.31147540983606,55.73770491803279,58.52459016393443,media_percentiles_50_50,1.0
36045,2025-11-01,5.541317448223315,3.074986939995741,74.09836065573771,62.950819672131146,68.52459016393442,media_percentiles_50_50,1.0
36057,2025-11-01,4.006940836499835,10.768687827357128,67.21311475409836,80.65573770491804,73.9344262295082,media_percentiles_50_50,1.0
36060,2025-11-01,6.387246621621622,5.498372286123279,77.37704918032787,74.09836065573771,75.73770491803279,media_percentiles_50_50,1.0
37274,2025-11-01,4.154404216001643,15.343927467700617,68.19672131147541,85.24590163934427,76.72131147540983,media_percentiles_50_50,1.0
38001,2025-11-01,81.68569200935607,38.56455306135433,99.34426229508196,94.42622950819673,96.88524590163934,media_percentiles_50_50,1.0
38006,2025-11-01,48.306812616040006,51.973990800477246,96.39344262295081,96.06557377049181,96.22950819672131,media_percentiles_50_50,1.0
38011,2025-11-01,13.334252144850636,7.8212700765874335,86.55737704918033,78.68852459016394,82.62295081967213,media_percentiles_50_50,1.0
38017,2025-11-01,18.603622004357295,6.725997574918838,90.1639344262295,76.72131147540983,83.44262295081967,media_percentiles_50_50,1.0
38023,2025-11-01,3.4573081411227253,5.436680847603182,63.9344262295082,73.44262295081967,68.68852459016394,media_percentiles_50_50,1.0
38026,2025-11-01,8.256103871665804,1.6965748187569225,80.98360655737704,51.80327868852459,66.39344262295081,media_percentiles_50_50,1.0
38028,2025-11-01,33.36866107845971,117.72196816500971,93.77049180327869,98.36065573770492,96.0655737704918,media_percentiles_50_50,1.0
38031,2025-11-01,7.526342197691922,5.047097102935768,79.67213114754098,72.78688524590164,76.22950819672131,media_percentiles_50_50,1.0
38038,2025-11-01,4.595271682463896,6.474335870372033,70.49180327868852,76.06557377049181,73.27868852459017,media_percentiles_50_50,1.0
39016,2025-11-01,1.9622592144422275,1.6223369634704183,54.42622950819672,51.14754098360656,52.786885245901644,media_percentiles_50_50,1.0
39020,2025-11-01,5.112107623318385,1.7802707827828654,72.45901639344262,52.459016393442624,62.459016393442624,media_percentiles_50_50,1.0
39075,2025-11-01,6.931737209633747,33.700160358174294,78.0327868852459,93.77049180327869,85.90163934426229,media_percentiles_50_50,1.0
39087,2025-11-01,1.0618580585373387,1.547863631560659,42.295081967213115,48.19672131147541,45.24590163934426,media_percentiles_50_50,1.0
40194,2025-11-01,2.1766109785202863,0.6968478459694579,57.049180327868854,34.09836065573771,45.57377049180328,media_percentiles_50_50,1.0
41004,2025-11-01,0.98097426233317,0.2659529529687095,39.34426229508197,18.688524590163933,29.01639344262295,media_percentiles_50_50,1.0
41021,2025-11-01,1.546976520334147,3.8813875702522087,50.16393442622951,68.52459016393442,59.34426229508196,media_percentiles_50_50,1.0
41024,2025-11-01,3.5714285714285716,0.1171572146815027,64.91803278688525,10.491803278688524,37.704918032786885,media_percentiles_50_50,1.0
41034,2025-11-01,0.6074557196751711,0.3031950678064977,29.18032786885246,20.983606557377048,25.08196721311475,media_percentiles_50_50,1.0
41038,2025-11-01,0.7437604810586659,0.663344110934264,32.459016393442624,33.114754098360656,32.786885245901644,media_percentiles_50_50,1.0
41039,2025-11-01,1.3363927481782194,0.0541924114099208,47.21311475409836,5.573770491803279,26.393442622950822,media_percentiles_50_50,1.0
41053,2025-11-01,0.3958543256081762,0.029318395813106,18.360655737704917,3.278688524590164,10.819672131147541,media_percentiles_50_50,1.0
41059,2025-11-01,1.686902555344982,4.6292050418122,52.459016393442624,70.49180327868852,61.47540983606557,media_percentiles_50_50,1.0
41065,2025-11-01,0.2940095553105475,0.0185030286626748,8.852459016393443,1.3114754098360655,5.081967213114754,media_percentiles_50_50,1.0
41069,2025-11-01,0.1805938959263177,0.0639461111456879,3.9344262295081966,7.868852459016393,5.9016393442622945,media_percentiles_50_50,1.0
41081,2025-11-01,0.3928887142716825,0.1155558254276768,18.0327868852459,9.836065573770492,13.934426229508198,media_percentiles_50_50,1.0
41091,2025-11-01,10.2796106309189,49.90676512614085,83.27868852459017,95.40983606557377,89.34426229508196,media_percentiles_50_50,1.0
41095,2025-11-01,0.5724863080357995,0.046131362319831,28.19672131147541,4.262295081967213,16.229508196721312,media_percentiles_50_50,1.0
42173,2025-11-01,3.680682510664229,0.5815123987388747,65.90163934426229,30.81967213114754,48.36065573770492,media_percentiles_50_50,1.0
43038,2025-11-01,25.5925705955402,26.912437342541324,92.1311475409836,91.14754098360656,91.63934426229508,media_percentiles_50_50,1.0
43123,2025-11-01,0.4659456456483364,0.9827359954375,22.295081967213115,39.67213114754098,30.983606557377048,media_percentiles_50_50,1.0
43148,2025-11-01,5.1932140147164265,12.67888943844383,73.11475409836065,82.95081967213115,78.0327868852459,media_percentiles_50_50,1.0
43155,2025-11-01,1.444564824846515,0.2373014773657762,49.18032786885246,17.049180327868854,33.114754098360656,media_percentiles_50_50,1.0
43163,2025-11-01,7.39065956774366,8.237072441955243,79.34426229508196,79.01639344262296,79.18032786885246,media_percentiles_50_50,1.0
43905,2025-11-01,68.49576069353148,142.51789995586583,98.36065573770492,99.01639344262296,98.68852459016394,media_percentiles_50_50,1.0
44216,2025-11-01,3.273768926476606,0.2724717420072201,62.622950819672134,19.672131147540984,41.14754098360656,media_percentiles_50_50,1.0
45081,2025-11-01,0.270262154289661,0.1586067823546348,7.540983606557377,12.78688524590164,10.16393442622951,media_percentiles_50_50,1.0
45165,2025-11-01,0.7517630633748195,0.3366746721138816,33.114754098360656,22.295081967213115,27.704918032786885,media_percentiles_50_50,1.0
45168,2025-11-01,8.266831773986425,3.105889931136826,81.31147540983606,63.9344262295082,72.62295081967213,media_percentiles_50_50,1.0
46005,2025-11-01,0.464098654113903,3.6274278015529062,21.9672131147541,66.88524590163935,44.42622950819673,media_percentiles_50_50,1.0
46017,2025-11-01,0.8085247532962933,0.3526760611141954,36.39344262295082,22.62295081967213,29.508196721311478,media_percentiles_50_50,1.0
46021,2025-11-01,0.202136875541438,0.4339657036754561,5.245901639344262,26.885245901639344,16.065573770491802,media_percentiles_50_50,1.0
46029,2025-11-01,0.3886101886525825,0.2663760342331859,17.049180327868854,19.016393442622952,18.032786885245905,media_percentiles_50_50,1.0
46078,2025-11-01,1.5738879876026053,18.803362632710584,50.81967213114754,87.8688524590164,69.34426229508196,media_percentiles_50_50,1.0
46094,2025-11-01,0.7842112142203633,1.836985464954771,34.75409836065574,53.114754098360656,43.9344262295082,media_percentiles_50_50,1.0
46102,2025-11-01,0.185411799606927,0.2536158685165195,4.262295081967213,17.704918032786885,10.98360655737705,media_percentiles_50_50,1.0
46110,2025-11-01,0.3427538715607764,2.139977500016461,12.459016393442623,56.39344262295082,34.42622950819672,media_percentiles_50_50,1.0
46131,2025-11-01,13.183376435917484,17.95692698395454,86.22950819672131,86.55737704918033,86.39344262295083,media_percentiles_50_50,1.0
46145,2025-11-01,1.773735810113519,0.7187052797353053,53.442622950819676,34.42622950819672,43.9344262295082,media_percentiles_50_50,1.0
46159,2025-11-01,0.9506577938605908,1.600085490731993,39.01639344262295,50.16393442622951,44.59016393442623,media_percentiles_50_50,1.0
46169,2025-11-01,1.1470082202255782,26.531165166024472,44.26229508196721,90.81967213114754,67.54098360655738,media_percentiles_50_50,1.0
46181,2025-11-01,33.789579681497784,15.05940018242474,94.09836065573771,84.91803278688525,89.50819672131148,media_percentiles_50_50,1.0
46184,2025-11-01,1.3779314816816168,0.4066002012966758,48.19672131147541,25.24590163934426,36.721311475409834,media_percentiles_50_50,1.0
46190,2025-11-01,1.2628421841907944,2.68012357266853,46.22950819672131,60.98360655737705,53.606557377049185,media_percentiles_50_50,1.0
46220,2025-11-01,5.25804110583177,2.8672226335809476,73.44262295081967,61.967213114754095,67.70491803278688,media_percentiles_50_50,1.0
46235,2025-11-01,5.925875179831472,1.8721410461842405,74.42622950819673,53.77049180327869,64.09836065573771,media_percentiles_50_50,1.0
46244,2025-11-01,0.5278901988386415,0.6927812749524449,25.901639344262296,33.442622950819676,29.672131147540988,media_percentiles_50_50,1.0
46250,2025-11-01,6.96010428262876,42.09263604315281,78.36065573770492,95.08196721311475,86.72131147540983,media_percentiles_50_50,1.0
47186,2025-11-01,0.7996986259723609,1.226187088986146,35.73770491803279,42.622950819672134,39.18032786885246,media_percentiles_50_50,1.0
48013,2025-11-01,0.7476744411861806,3.081770822499058,32.78688524590164,63.278688524590166,48.0327868852459,media_percentiles_50_50,1.0
48015,2025-11-01,0.6207478770422605,3.5655473640880873,30.16393442622951,66.55737704918033,48.36065573770492,media_percentiles_50_50,1.0
48020,2025-11-01,3.414748066210228,29.001527884326627,63.60655737704918,92.45901639344262,78.0327868852459,media_percentiles_50_50,1.0
48027,2025-11-01,0.4305776364599894,1.2120714708715137,20.65573770491803,42.295081967213115,31.475409836065573,media_percentiles_50_50,1.0
48036,2025-11-01,0.363254762673555,0.3724575707850721,15.737704918032787,24.59016393442623,20.16393442622951,media_percentiles_50_50,1.0
48044,2025-11-01,1.37290104551695,8.759569691134223,47.540983606557376,79.67213114754098,63.60655737704918,media_percentiles_50_50,1.0
48054,2025-11-01,0.2748259435690729,1.0731834312028987,7.868852459016393,40.65573770491803,24.262295081967213,media_percentiles_50_50,1.0
48078,2025-11-01,0.5129005641906206,7.336059337875575,24.918032786885245,77.70491803278688,51.31147540983606,media_percentiles_50_50,1.0
48082,2025-11-01,0.409112441324663,2.143240743644028,19.672131147540984,56.721311475409834,38.19672131147541,media_percentiles_50_50,1.0
48084,2025-11-01,0.7014590347923682,5.588863273847102,32.131147540983605,74.42622950819673,53.278688524590166,media_percentiles_50_50,1.0
49275,2025-11-01,2.8420964640976343,1.1339113180835418,60.32786885245902,41.31147540983606,50.81967213114754,media_percentiles_50_50,1.0
50297,2025-11-01,1.1831058259305056,0.841891355705896,45.57377049180328,36.39344262295082,40.98360655737705,media_percentiles_50_50,1.0
51001,2025-11-01,0.5502721454632454,2.3155528338386024,27.21311475409836,58.36065573770492,42.78688524590164,media_percentiles_50_50,1.0
52001,2025-11-01,0.3457017746024429,2.201021396454168,13.442622950819672,57.704918032786885,35.57377049180328,media_percentiles_50_50,1.0
01059,2026-05-01,0.3950916574286821,0.3718884619990382,17.049180327868854,21.9672131147541,19.508196721311478,media_percentiles_50_50,1.0
02003,2026-05-01,1.2314709236031929,0.1916610448219156,44.59016393442623,13.442622950819672,29.01639344262295,media_percentiles_50_50,1.0
02009,2026-05-01,1.4218972171440178,0.0657390755036717,48.19672131147541,5.901639344262295,27.04918032786885,media_percentiles_50_50,1.0
02037,2026-05-01,0.7458814372811,0.0295139982211006,32.131147540983605,2.9508196721311477,17.540983606557376,media_percentiles_50_50,1.0
02081,2026-05-01,0.5905511811023622,0.017393424899386,26.885245901639344,1.3114754098360655,14.098360655737705,media_percentiles_50_50,1.0
03009,2026-05-01,0.9923862822932258,0.4693921031656871,40.32786885245902,27.540983606557376,33.9344262295082,media_percentiles_50_50,1.0
03014,2026-05-01,7.793108532825808,14.08857552016524,79.34426229508196,84.26229508196721,81.80327868852459,media_percentiles_50_50,1.0
03031,2026-05-01,33.15788793047707,66.58409153263794,93.11475409836065,97.37704918032787,95.24590163934425,media_percentiles_50_50,1.0
03047,2026-05-01,106.5686558516802,124.7401994354553,99.67213114754098,98.68852459016394,99.18032786885246,media_percentiles_50_50,1.0
03050,2026-05-01,34.40593271587256,19.54903808434676,94.09836065573771,87.21311475409836,90.65573770491804,media_percentiles_50_50,1.0
03059,2026-05-01,0.5174476892726626,0.1530367275747197,22.950819672131146,12.131147540983607,17.540983606557376,media_percentiles_50_50,1.0
03063,2026-05-01,61.9115126637185,44.06590683395912,98.0327868852459,95.08196721311475,96.55737704918033,media_percentiles_50_50,1.0
03065,2026-05-01,2.1868649641427447,1.6447102436733072,56.0655737704918,50.16393442622951,53.114754098360656,media_percentiles_50_50,1.0
03066,2026-05-01,0.3802832204556155,0.4605515437448896,16.39344262295082,26.885245901639344,21.639344262295083,media_percentiles_50_50,1.0
03082,2026-05-01,78.51967887213628,34.91317400712553,99.34426229508196,92.78688524590164,96.0655737704918,media_percentiles_50_50,1.0
03093,2026-05-01,1.2779072389686537,0.4489978662901953,45.90163934426229,25.901639344262296,35.90163934426229,media_percentiles_50_50,1.0
03099,2026-05-01,24.716177861873227,5.717570572381058,90.81967213114754,73.77049180327869,82.29508196721312,media_percentiles_50_50,1.0
03104,2026-05-01,0.3233202045735112,0.1054840788409743,11.80327868852459,8.852459016393443,10.327868852459016,media_percentiles_50_50,1.0
03121,2026-05-01,38.983605731698106,26.585856438680928,94.75409836065573,91.14754098360656,92.95081967213115,media_percentiles_50_50,1.0
03122,2026-05-01,0.962703537105582,1.4303181299564367,39.34426229508197,45.24590163934426,42.295081967213115,media_percentiles_50_50,1.0
03133,2026-05-01,39.44871261404808,54.16650961991451,95.08196721311475,96.06557377049181,95.57377049180329,media_percentiles_50_50,1.0
03139,2026-05-01,24.780367967101924,15.758730142433263,91.14754098360656,85.24590163934427,88.19672131147541,media_percentiles_50_50,1.0
03140,2026-05-01,1.0659138050241992,0.1072296662039498,42.295081967213115,9.508196721311476,25.901639344262296,media_percentiles_50_50,1.0
04013,2026-05-01,4.672260400646329,3.2462657229620233,70.1639344262295,63.60655737704918,66.88524590163934,media_percentiles_50_50,1.0
04066,2026-05-01,31.963744410096343,1.7755874920065315,92.78688524590164,51.80327868852459,72.29508196721312,media_percentiles_50_50,1.0
04079,2026-05-01,9.34915498022294,17.38748155894352,81.9672131147541,85.57377049180327,83.77049180327869,media_percentiles_50_50,1.0
04902,2026-05-01,1.7825896762904636,0.7208094969786862,53.114754098360656,34.09836065573771,43.606557377049185,media_percentiles_50_50,1.0
05019,2026-05-01,3.468286328184479,0.8885829402902677,63.60655737704918,38.36065573770492,50.983606557377044,media_percentiles_50_50,1.0
06011,2026-05-01,0.3180385694046896,0.0667701365235163,11.147540983606557,6.557377049180328,8.852459016393443,media_percentiles_50_50,1.0
06015,2026-05-01,0.6524242888242382,0.0680242697981317,28.852459016393443,6.885245901639344,17.868852459016395,media_percentiles_50_50,1.0
06044,2026-05-01,0.2106039067024693,0.0143018327960637,5.901639344262295,0.6557377049180327,3.278688524590164,media_percentiles_50_50,1.0
06083,2026-05-01,4.483188044831881,0.3123314693666525,69.18032786885246,19.672131147540984,44.42622950819672,media_percentiles_50_50,1.0
06153,2026-05-01,0.7760058976448221,0.130441435681072,34.09836065573771,11.475409836065573,22.78688524590164,media_percentiles_50_50,1.0
07011,2026-05-01,5.911549829903519,2.189402677679177,74.42622950819673,57.049180327868854,65.73770491803279,media_percentiles_50_50,1.0
07015,2026-05-01,39.46840985476859,6.879743081252581,95.40983606557377,76.06557377049181,85.73770491803279,media_percentiles_50_50,1.0
07026,2026-05-01,1.8432513508141024,9.121499104341645,53.77049180327869,80.0,66.88524590163934,media_percentiles_50_50,1.0
07027,2026-05-01,6.259996690750648,3.89119578353389,75.40983606557377,66.88524590163935,71.14754098360656,media_percentiles_50_50,1.0
07031,2026-05-01,13.307984790874524,1.646562081362554,86.22950819672131,50.49180327868852,68.36065573770492,media_percentiles_50_50,1.0
07032,2026-05-01,5.608817582990935,1.4661889039196752,73.44262295081967,46.22950819672131,59.83606557377049,media_percentiles_50_50,1.0
07033,2026-05-01,17.292942445018614,3.266084589460878,88.85245901639344,64.26229508196721,76.55737704918033,media_percentiles_50_50,1.0
07036,2026-05-01,2.5975953688585425,1.9366960881468984,58.68852459016394,55.08196721311475,56.885245901639344,media_percentiles_50_50,1.0
07040,2026-05-01,1.2373903483552828,2.5769076065792165,44.91803278688525,59.67213114754098,52.295081967213115,media_percentiles_50_50,1.0
07054,2026-05-01,18.15014477741943,5.0198167666395666,90.1639344262295,71.80327868852459,80.98360655737704,media_percentiles_50_50,1.0
08015,2026-05-01,0.9847025593628802,10.875623805322697,39.67213114754098,81.31147540983606,60.49180327868852,media_percentiles_50_50,1.0
08019,2026-05-01,4.753272747537174,81.75755326904145,70.49180327868852,97.70491803278688,84.09836065573771,media_percentiles_50_50,1.0
08056,2026-05-01,3.368685498950854,18.240657594784775,62.950819672131146,86.88524590163935,74.91803278688525,media_percentiles_50_50,1.0
08073,2026-05-01,0.9432223511172306,12.617964965671764,38.68852459016394,82.95081967213115,60.81967213114754,media_percentiles_50_50,1.0
08077,2026-05-01,1.0161547873333194,10.82048427689082,40.98360655737705,80.98360655737704,60.983606557377044,media_percentiles_50_50,1.0
08089,2026-05-01,1.368074124743486,2.1465528189434635,47.21311475409836,56.721311475409834,51.9672131147541,media_percentiles_50_50,1.0
08096,2026-05-01,0.1989562449304418,0.8711853549387429,4.262295081967213,37.049180327868854,20.65573770491803,media_percentiles_50_50,1.0
08101,2026-05-01,3.0741597872266935,65.42475060249946,61.31147540983606,97.04918032786885,79.18032786885246,media_percentiles_50_50,1.0
08102,2026-05-01,0.4514672686230248,2.316014399036211,20.0,59.01639344262295,39.50819672131148,media_percentiles_50_50,1.0
08113,2026-05-01,0.9262232321485908,1.7971626380444814,38.36065573770492,52.131147540983605,45.24590163934426,media_percentiles_50_50,1.0
08114,2026-05-01,0.4113110539845758,0.9388212762642952,17.37704918032787,39.67213114754098,28.524590163934427,media_percentiles_50_50,1.0
08121,2026-05-01,0.9872193069720464,5.793240653898883,40.0,74.09836065573771,57.049180327868854,media_percentiles_50_50,1.0
08124,2026-05-01,0.1887148518588413,0.9276957591777012,3.9344262295081966,39.01639344262295,21.475409836065573,media_percentiles_50_50,1.0
08125,2026-05-01,0.3203416978109984,0.5114244982059891,11.475409836065573,29.18032786885246,20.327868852459016,media_percentiles_50_50,1.0
08163,2026-05-01,8.40308223727913,24.566344409543117,80.32786885245902,90.1639344262295,85.24590163934425,media_percentiles_50_50,1.0
08169,2026-05-01,1.1305737284814137,2.2270936692055594,43.278688524590166,57.377049180327866,50.32786885245902,media_percentiles_50_50,1.0
08172,2026-05-01,1.7668444837076551,26.25915901205906,52.459016393442624,90.81967213114754,71.63934426229508,media_percentiles_50_50,1.0
08180,2026-05-01,0.1503872471614407,1.3641281826681209,2.9508196721311477,44.91803278688525,23.934426229508198,media_percentiles_50_50,1.0
08184,2026-05-01,0.374292165219806,0.9604967929009062,16.065573770491802,40.0,28.0327868852459,media_percentiles_50_50,1.0
08187,2026-05-01,0.3061659153029711,1.8334943000491244,10.163934426229508,53.114754098360656,31.639344262295083,media_percentiles_50_50,1.0
08194,2026-05-01,5.950715866032602,59.969547267227675,75.08196721311475,96.72131147540983,85.90163934426229,media_percentiles_50_50,1.0
08196,2026-05-01,0.0,0.0,0.16393442622950818,0.16393442622950818,0.16393442622950818,media_percentiles_50_50,1.0
08200,2026-05-01,0.210255811237005,0.8151755543147646,5.573770491803279,36.39344262295082,20.98360655737705,media_percentiles_50_50,1.0
08205,2026-05-01,0.8879091270934754,1.801335533264642,37.049180327868854,52.459016393442624,44.75409836065574,media_percentiles_50_50,1.0
08211,2026-05-01,0.2778905966097347,1.0855093639357356,7.868852459016393,40.98360655737705,24.426229508196723,media_percentiles_50_50,1.0
08217,2026-05-01,0.3340199298558147,2.1371527133306767,13.114754098360656,56.39344262295082,34.75409836065574,media_percentiles_50_50,1.0
08231,2026-05-01,4.892218315242317,3.913878675032318,71.47540983606558,67.54098360655738,69.50819672131148,media_percentiles_50_50,1.0
08245,2026-05-01,0.4597478645921553,8.034728906338243,20.327868852459016,79.01639344262296,49.67213114754099,media_percentiles_50_50,1.0
08252,2026-05-01,0.3530761761850119,1.4609508033463454,15.081967213114755,45.90163934426229,30.491803278688522,media_percentiles_50_50,1.0
08260,2026-05-01,0.0,0.0,0.16393442622950818,0.16393442622950818,0.16393442622950818,media_percentiles_50_50,1.0
08263,2026-05-01,0.2087246921310791,0.6467851676984232,5.245901639344262,32.131147540983605,18.688524590163933,media_percentiles_50_50,1.0
08266,2026-05-01,0.4271459814106069,0.8103740064563123,18.0327868852459,36.0655737704918,27.049180327868854,media_percentiles_50_50,1.0
08270,2026-05-01,28.489067435370604,21.127647112672975,91.80327868852459,87.8688524590164,89.8360655737705,media_percentiles_50_50,1.0
08279,2026-05-01,0.5915891456252411,1.9678852921929268,27.21311475409836,55.40983606557377,41.31147540983606,media_percentiles_50_50,1.0
08298,2026-05-01,0.9449562957713206,1.554735636634811,39.01639344262295,48.52459016393443,43.77049180327869,media_percentiles_50_50,1.0
08301,2026-05-01,0.3403021291076686,1.1295020887552467,14.098360655737705,41.967213114754095,28.0327868852459,media_percentiles_50_50,1.0
08305,2026-05-01,0.5398174008965663,1.1508964405742652,24.59016393442623,42.295081967213115,33.44262295081967,media_percentiles_50_50,1.0
08307,2026-05-01,2.973157828617691,6.271078726379772,60.98360655737705,75.40983606557377,68.19672131147541,media_percentiles_50_50,1.0
09018,2026-05-01,1.4430439392154553,0.3849956528348857,48.52459016393443,23.60655737704918,36.0655737704918,media_percentiles_50_50,1.0
09059,2026-05-01,2.4407842076188544,4.044352645564496,58.032786885245905,67.8688524590164,62.950819672131146,media_percentiles_50_50,1.0
09219,2026-05-01,0.109223963737644,0.0395267170592344,1.3114754098360655,3.278688524590164,2.2950819672131146,media_percentiles_50_50,1.0
10037,2026-05-01,3.99375071132218,0.220542577082434,66.88524590163935,15.737704918032787,41.31147540983607,media_percentiles_50_50,1.0
10148,2026-05-01,2.417023821389415,0.4450892019603791,57.704918032786885,25.57377049180328,41.63934426229508,media_percentiles_50_50,1.0
11004,2026-05-01,1.042744630260133,1.50061551353632,41.967213114754095,46.557377049180324,44.26229508196721,media_percentiles_50_50,1.0
11006,2026-05-01,8.891163207215275,0.5281460012409979,81.63934426229508,29.508196721311474,55.57377049180328,media_percentiles_50_50,1.0
11012,2026-05-01,13.37880854934061,84.11203814143262,86.55737704918033,98.0327868852459,92.29508196721312,media_percentiles_50_50,1.0
11015,2026-05-01,18.015935904208487,7.906247356568118,89.50819672131148,78.68852459016394,84.09836065573771,media_percentiles_50_50,1.0
11020,2026-05-01,4.933671606579477,0.8867414128335497,71.80327868852459,38.032786885245905,54.91803278688525,media_percentiles_50_50,1.0
11022,2026-05-01,2.077551589947131,5.025037508805032,55.40983606557377,72.1311475409836,63.77049180327869,media_percentiles_50_50,1.0
11027,2026-05-01,11.257682006601248,6.250273220354167,83.27868852459017,75.08196721311475,79.18032786885246,media_percentiles_50_50,1.0
11028,2026-05-01,2.3044183695064313,0.5009067678793645,57.049180327868854,28.852459016393443,42.950819672131146,media_percentiles_50_50,1.0
11030,2026-05-01,16.081122605756427,5.364781380997264,88.19672131147541,72.78688524590164,80.49180327868854,media_percentiles_50_50,1.0
11031,2026-05-01,1.810623754526559,5.468683199247378,53.442622950819676,73.44262295081967,63.44262295081967,media_percentiles_50_50,1.0
11032,2026-05-01,12.126492601268351,4.8944496249364935,83.93442622950819,71.14754098360656,77.54098360655738,media_percentiles_50_50,1.0
11033,2026-05-01,14.368988633051588,3.52799619752823,87.54098360655738,64.91803278688525,76.22950819672131,media_percentiles_50_50,1.0
12009,2026-05-01,0.7544840358036969,0.6631837796138826,33.114754098360656,32.78688524590164,32.950819672131146,media_percentiles_50_50,1.0
12027,2026-05-01,6.56852389754423,4.160327042905428,76.72131147540983,68.52459016393442,72.62295081967213,media_percentiles_50_50,1.0
12032,2026-05-01,1.9253593564552287,1.5581896919268328,54.42622950819672,49.50819672131148,51.9672131147541,media_percentiles_50_50,1.0
12040,2026-05-01,2.139229550761794,3.530192506231166,55.73770491803279,65.24590163934427,60.49180327868853,media_percentiles_50_50,1.0
12084,2026-05-01,0.572737686139748,0.1385880204392106,25.57377049180328,11.80327868852459,18.688524590163937,media_percentiles_50_50,1.0
12126,2026-05-01,0.4652316853793189,0.223617574922933,20.983606557377048,16.065573770491802,18.524590163934427,media_percentiles_50_50,1.0
12135,2026-05-01,0.4475691401077896,0.4355854042068877,19.672131147540984,24.918032786885245,22.295081967213115,media_percentiles_50_50,1.0
12138,2026-05-01,18.14668020570605,5.798507578907167,89.8360655737705,74.42622950819673,82.13114754098362,media_percentiles_50_50,1.0
13005,2026-05-01,0.5326815817509557,0.0255062583231769,23.278688524590162,1.9672131147540983,12.62295081967213,media_percentiles_50_50,1.0
13034,2026-05-01,0.760985082068305,0.2034034995406774,33.77049180327869,14.426229508196721,24.098360655737704,media_percentiles_50_50,1.0
13071,2026-05-01,0.3292000438933392,0.066627019844403,12.131147540983607,6.229508196721311,9.180327868852459,media_percentiles_50_50,1.0
13082,2026-05-01,0.8364813815434431,0.128017635907385,35.40983606557377,10.819672131147541,23.114754098360656,media_percentiles_50_50,1.0
13087,2026-05-01,0.7796764342797738,0.0490536939131403,34.42622950819672,4.262295081967213,19.34426229508197,media_percentiles_50_50,1.0
14021,2026-05-01,7.359355569166806,1.896204275354197,78.36065573770492,54.09836065573771,66.22950819672131,media_percentiles_50_50,1.0
14038,2026-05-01,1.244010320678216,0.1535149283691816,45.24590163934426,12.459016393442623,28.852459016393443,media_percentiles_50_50,1.0
14056,2026-05-01,0.6674899042151987,0.1170569645969253,29.508196721311474,10.163934426229508,19.83606557377049,media_percentiles_50_50,1.0
15002,2026-05-01,2.193773290058901,0.9113715071218882,56.39344262295082,38.68852459016394,47.540983606557376,media_percentiles_50_50,1.0
15005,2026-05-01,0.8429497427549923,0.3008195781141159,35.73770491803279,19.016393442622952,27.377049180327873,media_percentiles_50_50,1.0
15019,2026-05-01,2.895392278953923,0.495855571143723,60.32786885245902,28.19672131147541,44.26229508196722,media_percentiles_50_50,1.0
15030,2026-05-01,1.7690812306444623,11.495828730894676,52.78688524590164,81.9672131147541,67.37704918032787,media_percentiles_50_50,1.0
15031,2026-05-01,0.5759262814359762,0.2933949126690561,26.229508196721312,18.688524590163933,22.459016393442624,media_percentiles_50_50,1.0
15036,2026-05-01,3.5266518557646,2.723864632230005,63.9344262295082,60.98360655737705,62.459016393442624,media_percentiles_50_50,1.0
15054,2026-05-01,0.6007058293494857,0.3576454592528754,28.19672131147541,21.311475409836067,24.75409836065574,media_percentiles_50_50,1.0
15058,2026-05-01,1.7271157167530224,1.521675345990671,51.80327868852459,47.540983606557376,49.67213114754098,media_percentiles_50_50,1.0
15073,2026-05-01,9.777876171500258,3.898199177786926,82.29508196721312,67.21311475409836,74.75409836065575,media_percentiles_50_50,1.0
15078,2026-05-01,4.159857376318526,1.909053168947683,67.8688524590164,54.42622950819672,61.14754098360656,media_percentiles_50_50,1.0
16078,2026-05-01,6.567164179104478,0.3940127613132904,76.39344262295081,24.262295081967213,50.32786885245901,media_percentiles_50_50,1.0
17023,2026-05-01,12.529567437176516,30.09777311017976,84.59016393442623,92.1311475409836,88.36065573770492,media_percentiles_50_50,1.0
17066,2026-05-01,2.918150898589225,7.635226179494221,60.65573770491803,78.0327868852459,69.34426229508196,media_percentiles_50_50,1.0
17079,2026-05-01,4.812912962656212,13.454179389227134,71.14754098360656,83.93442622950819,77.54098360655738,media_percentiles_50_50,1.0
17095,2026-05-01,39.83720930232558,35.40603400022987,95.73770491803279,93.77049180327869,94.75409836065575,media_percentiles_50_50,1.0
17114,2026-05-01,2.3532984134213923,3.2010538760388263,57.377049180327866,62.622950819672134,60.0,media_percentiles_50_50,1.0
17155,2026-05-01,0.2899307065611319,1.5118551404098155,9.180327868852459,47.21311475409836,28.19672131147541,media_percentiles_50_50,1.0
18017,2026-05-01,54.85768225384839,18.12526277868007,97.70491803278688,86.55737704918033,92.1311475409836,media_percentiles_50_50,1.0
18087,2026-05-01,13.240730847312747,35.17732211418278,85.90163934426229,93.11475409836065,89.50819672131146,media_percentiles_50_50,1.0
18140,2026-05-01,4.527078948247636,2.6267498682383237,69.50819672131148,60.32786885245902,64.91803278688525,media_percentiles_50_50,1.0
19046,2026-05-01,0.1391827190735998,0.2531911321021887,1.9672131147540983,17.37704918032787,9.672131147540984,media_percentiles_50_50,1.0
19130,2026-05-01,0.5170519421763577,0.20383340115478,22.62295081967213,14.754098360655737,18.688524590163933,media_percentiles_50_50,1.0
20030,2026-05-01,0.072769611410275,0.0807282644554424,0.6557377049180327,7.868852459016393,4.262295081967213,media_percentiles_50_50,1.0
20045,2026-05-01,0.8459309156418893,1.2926625088245458,36.0655737704918,43.9344262295082,40.0,media_percentiles_50_50,1.0
20067,2026-05-01,0.5334959225668775,0.6510236392326068,23.60655737704918,32.459016393442624,28.032786885245905,media_percentiles_50_50,1.0
20069,2026-05-01,7.110277774851737,22.091579215339237,77.70491803278688,88.52459016393442,83.11475409836065,media_percentiles_50_50,1.0
21041,2026-05-01,1.159096463359285,1.0835987554821942,43.60655737704918,40.65573770491803,42.131147540983605,media_percentiles_50_50,1.0
21044,2026-05-01,6.570745021397041,1.507503940313726,77.04918032786885,46.885245901639344,61.9672131147541,media_percentiles_50_50,1.0
22125,2026-05-01,1.11804378403722,0.3849915524845046,42.950819672131146,23.278688524590162,33.114754098360656,media_percentiles_50_50,1.0
23005,2026-05-01,1.3479359730412803,0.0498132215216418,46.885245901639344,4.590163934426229,25.737704918032787,media_percentiles_50_50,1.0
23050,2026-05-01,1.853254332427496,0.4903023122939041,54.09836065573771,27.868852459016395,40.98360655737705,media_percentiles_50_50,1.0
23055,2026-05-01,0.7549476030413603,0.2135194552669185,33.442622950819676,15.081967213114755,24.262295081967217,media_percentiles_50_50,1.0
23092,2026-05-01,4.287245444801715,0.3576686099741256,68.52459016393442,21.639344262295083,45.08196721311475,media_percentiles_50_50,1.0
24089,2026-05-01,4.0827568329472,12.9114086778428,67.21311475409836,83.60655737704919,75.40983606557377,media_percentiles_50_50,1.0
24115,2026-05-01,1.7250656791061312,0.3849299639205569,51.47540983606557,22.950819672131146,37.213114754098356,media_percentiles_50_50,1.0
24142,2026-05-01,0.5677264226556238,0.2621674176209687,25.24590163934426,17.704918032786885,21.475409836065573,media_percentiles_50_50,1.0
25120,2026-05-01,0.3350060848043975,0.2309247307737982,13.442622950819672,16.721311475409838,15.081967213114755,media_percentiles_50_50,1.0
26089,2026-05-01,3.581991455800197,6.901013934474954,64.91803278688525,76.39344262295081,70.65573770491804,media_percentiles_50_50,1.0
27028,2026-05-01,2.0570584064787356,0.6246483931722769,55.08196721311475,31.475409836065573,43.278688524590166,media_percentiles_50_50,1.0
28005,2026-05-01,1.1859769300421243,2.7325393780366034,43.9344262295082,61.31147540983606,52.62295081967213,media_percentiles_50_50,1.0
28006,2026-05-01,0.445914611405685,1.2153828429672695,19.34426229508197,42.950819672131146,31.147540983606557,media_percentiles_50_50,1.0
28007,2026-05-01,0.22763616911091,1.190623393103888,6.229508196721311,42.622950819672134,24.426229508196723,media_percentiles_50_50,1.0
28013,2026-05-01,0.8248730964467005,0.2749952173800376,35.08196721311475,18.0327868852459,26.557377049180324,media_percentiles_50_50,1.0
28014,2026-05-01,0.2317151889306344,0.1742961268673036,6.557377049180328,13.114754098360656,9.836065573770492,media_percentiles_50_50,1.0
28022,2026-05-01,0.3165081613890186,0.4421558674955154,10.819672131147541,25.24590163934426,18.0327868852459,media_percentiles_50_50,1.0
28045,2026-05-01,0.0851353652307168,0.0273266322687359,0.9836065573770492,2.622950819672131,1.80327868852459,media_percentiles_50_50,1.0
28047,2026-05-01,0.2972916728602431,0.7929997362655118,9.836065573770492,35.73770491803279,22.78688524590164,media_percentiles_50_50,1.0
28049,2026-05-01,0.3353537360890302,2.244301439026661,13.770491803278688,57.704918032786885,35.73770491803279,media_percentiles_50_50,1.0
28058,2026-05-01,0.1420484437803826,0.687356505091547,2.2950819672131146,33.442622950819676,17.868852459016395,media_percentiles_50_50,1.0
28061,2026-05-01,1.2514282605147178,0.7052751782074155,45.57377049180328,33.77049180327869,39.67213114754098,media_percentiles_50_50,1.0
28065,2026-05-01,0.3570726254670406,0.8774116029111665,15.40983606557377,37.377049180327866,26.39344262295082,media_percentiles_50_50,1.0
28074,2026-05-01,0.2758846189215976,1.2481718544198908,7.540983606557377,43.60655737704918,25.573770491803277,media_percentiles_50_50,1.0
28079,2026-05-01,3.09005825940406,17.92717749982919,61.63934426229508,85.90163934426229,73.77049180327869,media_percentiles_50_50,1.0
28080,2026-05-01,0.3123938879456706,0.5975136330947828,10.491803278688524,30.491803278688526,20.491803278688526,media_percentiles_50_50,1.0
28092,2026-05-01,0.2560318782964104,1.2251202193187838,6.885245901639344,43.278688524590166,25.081967213114755,media_percentiles_50_50,1.0
28096,2026-05-01,0.3600252017641235,0.1189232274752815,15.737704918032787,10.491803278688524,13.114754098360656,media_percentiles_50_50,1.0
28106,2026-05-01,0.203679321456889,1.1203986835865003,4.590163934426229,41.63934426229508,23.114754098360656,media_percentiles_50_50,1.0
28113,2026-05-01,0.5119062328996841,0.4675603700208225,22.295081967213115,27.21311475409836,24.75409836065574,media_percentiles_50_50,1.0
28115,2026-05-01,0.7463517879024173,1.5547575393703583,32.459016393442624,48.85245901639344,40.65573770491803,media_percentiles_50_50,1.0
28123,2026-05-01,0.4750455655950673,0.7212853589601353,21.311475409836067,34.42622950819672,27.868852459016395,media_percentiles_50_50,1.0
28127,2026-05-01,0.4644728737744479,0.7884358639812709,20.65573770491803,35.40983606557377,28.0327868852459,media_percentiles_50_50,1.0
28130,2026-05-01,0.1280114698276965,0.1286308097893536,1.639344262295082,11.147540983606557,6.39344262295082,media_percentiles_50_50,1.0
28134,2026-05-01,1.391867370504784,2.278383053265149,47.540983606557376,58.032786885245905,52.786885245901644,media_percentiles_50_50,1.0
28148,2026-05-01,0.445912238897482,1.9756503071900584,19.016393442622952,55.73770491803279,37.37704918032787,media_percentiles_50_50,1.0
28161,2026-05-01,0.2907923509979993,0.3894455885657186,9.508196721311476,23.934426229508198,16.721311475409838,media_percentiles_50_50,1.0
28181,2026-05-01,0.8630132439340127,0.381060569653892,36.721311475409834,22.62295081967213,29.67213114754098,media_percentiles_50_50,1.0
28903,2026-05-01,0.4396248534583822,0.6317986784651257,18.360655737704917,31.80327868852459,25.08196721311475,media_percentiles_50_50,1.0
29007,2026-05-01,5.480850308436516,2.986696852469242,73.11475409836065,61.967213114754095,67.54098360655738,media_percentiles_50_50,1.0
29015,2026-05-01,4.277282611292982,0.2392937886248844,68.19672131147541,17.049180327868854,42.622950819672134,media_percentiles_50_50,1.0
29025,2026-05-01,45.08667568740586,131.2521996538273,96.72131147540983,99.01639344262296,97.8688524590164,media_percentiles_50_50,1.0
29051,2026-05-01,42.22504113236458,24.4733059702968,96.06557377049181,89.8360655737705,92.95081967213116,media_percentiles_50_50,1.0
29054,2026-05-01,34.06837145438969,281.6062251543327,93.77049180327869,100.0,96.88524590163934,media_percentiles_50_50,1.0
29067,2026-05-01,13.834938896242964,20.953280333424832,86.88524590163935,87.54098360655738,87.21311475409837,media_percentiles_50_50,1.0
29069,2026-05-01,43.7272351770493,59.63950112165973,96.39344262295081,96.39344262295081,96.39344262295081,media_percentiles_50_50,1.0
29070,2026-05-01,46.948603633916555,30.02132493631481,97.37704918032787,91.80327868852459,94.59016393442623,media_percentiles_50_50,1.0
29082,2026-05-01,12.544324551035192,23.366902640296455,84.91803278688525,88.85245901639344,86.88524590163934,media_percentiles_50_50,1.0
29084,2026-05-01,18.26497579519468,1.545041232522848,90.49180327868852,47.868852459016395,69.18032786885246,media_percentiles_50_50,1.0
29094,2026-05-01,13.167069542580885,7.174511139695263,85.57377049180327,77.70491803278688,81.63934426229508,media_percentiles_50_50,1.0
29901,2026-05-01,38.14717716496797,136.64844181289388,94.42622950819673,99.34426229508196,96.88524590163934,media_percentiles_50_50,1.0
30003,2026-05-01,11.26656264050144,1.6913636888711228,83.60655737704919,50.81967213114754,67.21311475409837,media_percentiles_50_50,1.0
30005,2026-05-01,0.2734980399307138,0.7387193963500555,7.213114754098361,34.75409836065574,20.98360655737705,media_percentiles_50_50,1.0
30015,2026-05-01,2.794151420041338,0.0848638845384782,59.67213114754098,8.19672131147541,33.9344262295082,media_percentiles_50_50,1.0
30016,2026-05-01,5.921958822676526,2.333151997981316,74.75409836065573,59.34426229508197,67.04918032786885,media_percentiles_50_50,1.0
30019,2026-05-01,0.2810804733395171,0.0273034573686836,8.524590163934427,2.2950819672131146,5.409836065573771,media_percentiles_50_50,1.0
30022,2026-05-01,0.5802567636179009,0.0165005464146094,26.557377049180328,0.9836065573770492,13.770491803278688,media_percentiles_50_50,1.0
30024,2026-05-01,0.676979660297669,0.0399934917507568,30.491803278688526,3.6065573770491803,17.049180327868854,media_percentiles_50_50,1.0
30026,2026-05-01,13.96372253095997,1.5557543806216816,87.21311475409836,49.18032786885246,68.19672131147541,media_percentiles_50_50,1.0
30027,2026-05-01,0.3441331667898748,0.159414771200555,14.754098360655737,12.78688524590164,13.770491803278688,media_percentiles_50_50,1.0
30030,2026-05-01,1.62075906592547,0.8778521494280173,49.83606557377049,37.704918032786885,43.77049180327869,media_percentiles_50_50,1.0
30035,2026-05-01,25.736502026065057,12.472597769343349,91.47540983606558,82.62295081967213,87.04918032786885,media_percentiles_50_50,1.0
30037,2026-05-01,16.41794643072398,3.591642324473749,88.52459016393442,65.90163934426229,77.21311475409836,media_percentiles_50_50,1.0
30039,2026-05-01,0.5396006954853408,0.0626556618304531,24.262295081967213,5.573770491803279,14.918032786885245,media_percentiles_50_50,1.0
30043,2026-05-01,1.0150056236798068,0.0611286204122911,40.65573770491803,5.245901639344262,22.950819672131146,media_percentiles_50_50,1.0
31201,2026-05-01,2.8790878743531616,23.99301460199384,60.0,89.18032786885246,74.59016393442623,media_percentiles_50_50,1.0
31232,2026-05-01,2.750430558054649,0.4975459404094986,59.01639344262295,28.524590163934427,43.77049180327869,media_percentiles_50_50,1.0
32054,2026-05-01,2.486550879747374,3.102457506702919,58.36065573770492,62.295081967213115,60.32786885245902,media_percentiles_50_50,1.0
33004,2026-05-01,1.7611928439953917,4.976913948700661,52.131147540983605,71.47540983606558,61.80327868852459,media_percentiles_50_50,1.0
33024,2026-05-01,4.76112844301837,6.985822175165938,70.81967213114754,77.04918032786885,73.9344262295082,media_percentiles_50_50,1.0
33031,2026-05-01,0.4920750025898684,0.2273217871257369,21.639344262295083,16.39344262295082,19.01639344262295,media_percentiles_50_50,1.0
33037,2026-05-01,1.3471531080746708,0.3354904957203175,46.557377049180324,20.0,33.278688524590166,media_percentiles_50_50,1.0
33044,2026-05-01,3.772860408629804,4.540576692196979,65.90163934426229,69.50819672131148,67.70491803278688,media_percentiles_50_50,1.0
33066,2026-05-01,1.394936756583536,0.350760117820339,47.868852459016395,20.65573770491803,34.26229508196721,media_percentiles_50_50,1.0
34120,2026-05-01,0.6841711202333927,0.5566698672015035,30.81967213114754,29.83606557377049,30.327868852459016,media_percentiles_50_50,1.0
35002,2026-05-01,9.792899408284024,4.19498080243938,82.62295081967213,68.85245901639344,75.73770491803279,media_percentiles_50_50,1.0
35004,2026-05-01,8.45913770459392,24.675210023314367,80.65573770491804,90.49180327868852,85.57377049180329,media_percentiles_50_50,1.0
35006,2026-05-01,3.211663947797716,3.836931556137586,61.967213114754095,66.55737704918033,64.26229508196721,media_percentiles_50_50,1.0
35011,2026-05-01,3.8595958061084943,3.24906805307417,66.55737704918033,63.9344262295082,65.24590163934427,media_percentiles_50_50,1.0
35014,2026-05-01,132.53614016387982,11.197905023874682,100.0,81.63934426229508,90.81967213114754,media_percentiles_50_50,1.0
35016,2026-05-01,7.295714749599338,26.965828945363572,78.0327868852459,91.47540983606558,84.75409836065575,media_percentiles_50_50,1.0
35017,2026-05-01,8.559046587215601,1.3584564248091684,80.98360655737704,44.59016393442623,62.78688524590164,media_percentiles_50_50,1.0
35019,2026-05-01,70.93256709215156,11.5847752478881,98.36065573770492,82.29508196721312,90.32786885245902,media_percentiles_50_50,1.0
35022,2026-05-01,3.2958363025552275,4.142121869655246,62.622950819672134,68.19672131147541,65.40983606557377,media_percentiles_50_50,1.0
35026,2026-05-01,4.550341755625528,4.724372029570052,69.8360655737705,70.49180327868852,70.1639344262295,media_percentiles_50_50,1.0
36008,2026-05-01,12.653962786866837,8.933049424994016,85.24590163934427,79.67213114754098,82.45901639344262,media_percentiles_50_50,1.0
36026,2026-05-01,6.460756116877162,4.2609381290866875,76.06557377049181,69.18032786885246,72.62295081967213,media_percentiles_50_50,1.0
36038,2026-05-01,3.2406740602045225,2.279093785103429,62.295081967213115,58.36065573770492,60.32786885245902,media_percentiles_50_50,1.0
36045,2026-05-01,5.783750086583085,3.2095176186205547,74.09836065573771,62.950819672131146,68.52459016393442,media_percentiles_50_50,1.0
36057,2026-05-01,3.7998023695282335,10.212001422722564,66.22950819672131,80.32786885245902,73.27868852459017,media_percentiles_50_50,1.0
36060,2026-05-01,8.05004222972973,6.9297667242462815,80.0,76.72131147540983,78.36065573770492,media_percentiles_50_50,1.0
37274,2026-05-01,4.092806789405243,15.11642277707573,67.54098360655738,84.91803278688525,76.22950819672131,media_percentiles_50_50,1.0
38001,2026-05-01,75.60824453729434,35.69533521244299,99.01639344262296,94.09836065573771,96.55737704918033,media_percentiles_50_50,1.0
38006,2026-05-01,45.18583486154933,48.61608618379939,97.04918032786885,95.40983606557377,96.22950819672131,media_percentiles_50_50,1.0
38011,2026-05-01,12.197222892188954,7.154340070056722,84.26229508196721,77.37704918032787,80.81967213114754,media_percentiles_50_50,1.0
38017,2026-05-01,17.83769063180828,6.449080931852647,89.18032786885246,75.73770491803279,82.45901639344262,media_percentiles_50_50,1.0
38023,2026-05-01,3.4448941083000224,5.4171595519205855,63.278688524590166,73.11475409836065,68.19672131147541,media_percentiles_50_50,1.0
38026,2026-05-01,6.962412381803641,1.4307297616867494,77.37704918032787,45.57377049180328,61.47540983606558,media_percentiles_50_50,1.0
38028,2026-05-01,31.50592542634165,111.1503857265395,92.1311475409836,98.36065573770492,95.24590163934425,media_percentiles_50_50,1.0
38031,2026-05-01,7.631975070641984,5.1179335535032875,79.01639344262296,72.45901639344262,75.73770491803279,media_percentiles_50_50,1.0
38038,2026-05-01,4.415990035714791,6.22174371115834,68.85245901639344,74.75409836065573,71.80327868852459,media_percentiles_50_50,1.0
39016,2026-05-01,2.256598096608562,1.865687507990981,56.721311475409834,53.442622950819676,55.08196721311475,media_percentiles_50_50,1.0
39020,2026-05-01,5.411061285500748,1.8843801852847872,72.78688524590164,53.77049180327869,63.278688524590166,media_percentiles_50_50,1.0
39075,2026-05-01,7.376371668804333,35.86184827588613,78.68852459016394,94.42622950819673,86.55737704918033,media_percentiles_50_50,1.0
39087,2026-05-01,1.2163101397791336,1.773007432514937,44.26229508196721,51.47540983606557,47.868852459016395,media_percentiles_50_50,1.0
40194,2026-05-01,1.928400954653938,0.6173827407273268,54.75409836065574,31.147540983606557,42.950819672131146,media_percentiles_50_50,1.0
41004,2026-05-01,1.0326044866664943,0.2799504768091679,41.31147540983606,18.360655737704917,29.83606557377049,media_percentiles_50_50,1.0
41021,2026-05-01,1.4438447523118705,3.622628398902062,48.85245901639344,66.22950819672131,57.540983606557376,media_percentiles_50_50,1.0
41024,2026-05-01,3.5383597883597884,0.116072425656674,64.26229508196721,9.836065573770492,37.049180327868854,media_percentiles_50_50,1.0
41034,2026-05-01,0.7033697806765138,0.3510679732496289,31.80327868852459,20.983606557377048,26.39344262295082,media_percentiles_50_50,1.0
41038,2026-05-01,0.6876276145636722,0.6132804044486592,31.475409836065573,30.81967213114754,31.147540983606557,media_percentiles_50_50,1.0
41039,2026-05-01,1.6894021533573715,0.0685073880087678,51.14754098360656,7.213114754098361,29.180327868852462,media_percentiles_50_50,1.0
41053,2026-05-01,0.575788109975529,0.0426449393645178,25.901639344262296,3.9344262295081966,14.918032786885247,media_percentiles_50_50,1.0
41059,2026-05-01,1.686902555344982,4.6292050418122,50.81967213114754,69.8360655737705,60.32786885245902,media_percentiles_50_50,1.0
41065,2026-05-01,0.330760749724366,0.0208159072455092,12.459016393442623,1.639344262295082,7.049180327868852,media_percentiles_50_50,1.0
41069,2026-05-01,0.2063930239157916,0.0730812698807862,4.918032786885246,7.540983606557377,6.229508196721312,media_percentiles_50_50,1.0
41081,2026-05-01,0.3437776249877222,0.1011113472492172,14.426229508196721,8.524590163934427,11.475409836065573,media_percentiles_50_50,1.0
41091,2026-05-01,10.062037384885622,48.85046277409892,82.95081967213115,95.73770491803279,89.34426229508196,media_percentiles_50_50,1.0
41095,2026-05-01,0.6679006927084328,0.0538199227064695,29.83606557377049,4.918032786885246,17.37704918032787,media_percentiles_50_50,1.0
42173,2026-05-01,3.729433272394881,0.5892145497155485,65.24590163934427,30.16393442622951,47.70491803278689,media_percentiles_50_50,1.0
43038,2026-05-01,33.50251066357108,35.23031090938163,93.44262295081967,93.44262295081967,93.44262295081967,media_percentiles_50_50,1.0
43123,2026-05-01,0.5017876183905162,1.0583310720096153,21.9672131147541,40.32786885245902,31.14754098360656,media_percentiles_50_50,1.0
43148,2026-05-01,5.1932140147164265,12.67888943844383,72.1311475409836,83.27868852459017,77.70491803278688,media_percentiles_50_50,1.0
43155,2026-05-01,1.3056643609189655,0.2144840276190669,46.22950819672131,15.40983606557377,30.81967213114754,media_percentiles_50_50,1.0
43163,2026-05-01,7.828264410570588,8.724793836544698,79.67213114754098,79.34426229508196,79.50819672131146,media_percentiles_50_50,1.0
43905,2026-05-01,74.21167952748404,154.41090968792696,98.68852459016394,99.67213114754098,99.18032786885246,media_percentiles_50_50,1.0
44216,2026-05-01,3.737552857727459,0.311071905458243,65.57377049180327,19.34426229508197,42.459016393442624,media_percentiles_50_50,1.0
45081,2026-05-01,0.1801747695264406,0.1057378549030899,3.6065573770491803,9.180327868852459,6.393442622950819,media_percentiles_50_50,1.0
45165,2026-05-01,0.7517630633748195,0.3366746721138816,32.78688524590164,20.327868852459016,26.557377049180324,media_percentiles_50_50,1.0
45168,2026-05-01,8.599339570720968,3.230814768866324,81.31147540983606,63.278688524590166,72.29508196721312,media_percentiles_50_50,1.0
46005,2026-05-01,0.5966982695750183,4.663835744853737,27.868852459016395,70.1639344262295,49.01639344262295,media_percentiles_50_50,1.0
46017,2026-05-01,0.9121817729496642,0.3978909407442204,37.704918032786885,24.59016393442623,31.147540983606557,media_percentiles_50_50,1.0
46021,2026-05-01,0.1732601790355183,0.371970603150391,3.278688524590164,22.295081967213115,12.78688524590164,media_percentiles_50_50,1.0
46029,2026-05-01,0.2826255917473327,0.1937280248968624,8.852459016393443,13.770491803278688,11.311475409836065,media_percentiles_50_50,1.0
46078,2026-05-01,1.5012470035594083,17.93551512658548,49.18032786885246,86.22950819672131,67.70491803278688,media_percentiles_50_50,1.0
46094,2026-05-01,0.6861848124428179,1.6073622818354247,31.147540983606557,49.83606557377049,40.49180327868852,media_percentiles_50_50,1.0
46102,2026-05-01,0.1483294396855415,0.2028926948132156,2.622950819672131,14.098360655737705,8.360655737704919,media_percentiles_50_50,1.0
46110,2026-05-01,0.2804349858224535,1.75089068183165,8.19672131147541,51.14754098360656,29.672131147540984,media_percentiles_50_50,1.0
46131,2026-05-01,15.889817766283755,21.643339914054692,87.8688524590164,88.19672131147541,88.03278688524591,media_percentiles_50_50,1.0
46145,2026-05-01,1.644736842105263,0.6664358048454648,50.16393442622951,33.114754098360656,41.63934426229508,media_percentiles_50_50,1.0
46159,2026-05-01,0.9199914134134748,1.5484698297406383,38.032786885245905,48.19672131147541,43.114754098360656,media_percentiles_50_50,1.0
46169,2026-05-01,1.0408037553898766,24.074575798799984,41.63934426229508,89.50819672131148,65.57377049180329,media_percentiles_50_50,1.0
46181,2026-05-01,31.626449856412933,14.09533262107746,92.45901639344262,84.59016393442623,88.52459016393442,media_percentiles_50_50,1.0
46184,2026-05-01,1.540041067761807,0.4544355190962847,49.50819672131148,26.229508196721312,37.868852459016395,media_percentiles_50_50,1.0
46190,2026-05-01,0.9076678198871336,1.926338817855506,37.377049180327866,54.75409836065574,46.0655737704918,media_percentiles_50_50,1.0
46220,2026-05-01,5.3401979981103915,2.91202298723065,72.45901639344262,61.63934426229508,67.04918032786885,media_percentiles_50_50,1.0
46235,2026-05-01,5.754607111050216,1.8180329234621528,73.77049180327869,52.78688524590164,63.278688524590166,media_percentiles_50_50,1.0
46244,2026-05-01,0.659862748548302,0.8659765936905561,29.18032786885246,36.721311475409834,32.950819672131146,media_percentiles_50_50,1.0
46250,2026-05-01,6.414190429975547,38.79111178754667,75.73770491803279,94.75409836065573,85.24590163934425,media_percentiles_50_50,1.0
47186,2026-05-01,0.8558758021770309,1.3123241985430243,36.39344262295082,44.26229508196721,40.32786885245902,media_percentiles_50_50,1.0
48013,2026-05-01,0.8156448449303789,3.361931806362609,34.75409836065574,64.59016393442623,49.67213114754098,media_percentiles_50_50,1.0
48015,2026-05-01,0.6207478770422605,3.5655473640880873,28.524590163934427,65.57377049180327,47.049180327868854,media_percentiles_50_50,1.0
48020,2026-05-01,3.579931875918479,30.404437490073867,64.59016393442623,92.45901639344262,78.52459016393442,media_percentiles_50_50,1.0
48027,2026-05-01,0.3312135665076841,0.9323626699011645,12.78688524590164,39.34426229508197,26.065573770491802,media_percentiles_50_50,1.0
48036,2026-05-01,0.4439780432676784,0.4552259198484214,18.688524590163933,26.557377049180328,22.62295081967213,media_percentiles_50_50,1.0
48044,2026-05-01,1.6765233921216602,10.696782218981214,50.49180327868852,80.65573770491804,65.57377049180329,media_percentiles_50_50,1.0
48054,2026-05-01,0.6717967509466227,2.623337276273753,30.16393442622951,60.0,45.08196721311475,media_percentiles_50_50,1.0
48078,2026-05-01,0.5352005887206476,7.6550184395223395,23.934426229508198,78.36065573770492,51.14754098360656,media_percentiles_50_50,1.0
48082,2026-05-01,0.3875802075707334,2.0304385992417107,16.721311475409838,56.0655737704918,36.39344262295082,media_percentiles_50_50,1.0
48084,2026-05-01,0.5962401795735129,4.750533782770037,27.540983606557376,70.81967213114754,49.18032786885246,media_percentiles_50_50,1.0
49275,2026-05-01,2.7919418206135584,1.113901118352656,59.34426229508197,41.31147540983606,50.32786885245902,media_percentiles_50_50,1.0
50297,2026-05-01,1.0864374230800862,0.7731026717640729,42.622950819672134,35.08196721311475,38.85245901639344,media_percentiles_50_50,1.0
51001,2026-05-01,0.5502721454632454,2.3155528338386024,24.918032786885245,58.68852459016394,41.80327868852459,media_percentiles_50_50,1.0
52001,2026-05-01,0.4148421295229315,2.6412256757450017,17.704918032786885,60.65573770491803,39.18032786885246,media_percentiles_50_50,1.0
