cod_ine,anio_base,horizonte_climatico,escenario_climatico,tipo_valor_climatico,proyeccion_duracion_max_ola_calor_dias,proyeccion_grados_dia_refrigeracion,proyeccion_racha_seca_max_dias,tendencia_asequibilidad,tendencia_turismo,tendencia_especulacion,tendencia_gentrificacion,percentil_proyeccion_duracion_max_ola_calor_dias,percentil_proyeccion_grados_dia_refrigeracion,percentil_proyeccion_racha_seca_max_dias,percentil_tendencia_asequibilidad,percentil_tendencia_turismo,percentil_tendencia_especulacion,percentil_tendencia_gentrificacion,score_riesgo_climatico,n_tendencias_validas,score_tendencia_presion,elegible_score,score_riesgo_futuro,metodo,version_metodologia
01059,2023,2041-2060,SSP2-4.5,ANOMALY,5.309523807253156,56.13098573684693,6.985000051770892,-1.467988754210161,-0.4644808743169418,,2.2692529383755655,4.966887417218543,16.556291390728475,4.635761589403973,18.360655737704917,36.39344262295082,,71.37809187279152,8.719646799116997,3,42.04406341114909,True,22.049413443929836,anomalias_climaticas_60_tendencias_activas_40_percentiles_v2,2.0
02003,2023,2041-2060,SSP2-4.5,ANOMALY,27.551350566436504,202.30068638242523,19.720574707820496,-1.4485910436633964,0.5737704918032774,,2.62302916348395,89.0728476821192,80.79470198675497,58.609271523178805,19.016393442622952,61.63934426229508,,75.97173144876325,76.15894039735099,3,52.20915638456043,True,66.57902679223477,anomalias_climaticas_60_tendencias_activas_40_percentiles_v2,2.0
02009,2023,2041-2060,SSP2-4.5,ANOMALY,25.9914286340986,139.27914470490956,23.55904769897461,-0.2654521230377291,3.9071038251366126,,-4.462530653227519,81.12582781456953,45.6953642384106,93.04635761589404,42.295081967213115,96.39344262295081,,11.307420494699647,73.28918322295806,3,49.998648361621186,True,63.97296927842331,anomalias_climaticas_60_tendencias_activas_40_percentiles_v2,2.0
02037,2023,2041-2060,SSP2-4.5,ANOMALY,25.152333347532483,194.8928668721517,23.043888812594943,-1.048369344841565,3.360655737704917,,-5.663138726704969,76.49006622516556,76.82119205298014,89.73509933774834,27.21311475409836,94.42622950819673,,7.067137809187279,81.01545253863135,3,42.90216069049412,True,65.77013579937646,anomalias_climaticas_60_tendencias_activas_40_percentiles_v2,2.0
02081,2023,2041-2060,SSP2-4.5,ANOMALY,28.096157357427806,212.82414754231772,16.524629518720836,-0.1673265728872256,6.188524590163934,,-4.358068315665477,91.05960264900662,87.74834437086092,41.05960264900662,45.24590163934426,99.50819672131148,,12.36749116607774,73.28918322295804,3,52.37386317557783,True,64.92305520400596,anomalias_climaticas_60_tendencias_activas_40_percentiles_v2,2.0
03009,2023,2041-2060,SSP2-4.5,ANOMALY,23.964999922116597,112.89611549377442,20.203889179229737,0.5700333848223618,-1.2568306010928971,,2.6824772295037698,70.19867549668874,32.11920529801324,62.913907284768214,67.21311475409836,24.262295081967213,,77.3851590106007,55.07726269315673,3,56.28685628222209,True,55.561100128782876,anomalias_climaticas_60_tendencias_activas_40_percentiles_v2,2.0
03014,2023,2041-2060,SSP2-4.5,ANOMALY,26.120444377263382,180.459715423584,20.136666514078776,0.4132349576755897,-1.01092896174863,,2.5929725462382485,82.11920529801324,70.19867549668874,61.920529801324506,63.278688524590166,28.524590163934427,,75.26501766784452,71.41280353200882,3,55.6894321187897,True,65.12345496672117,anomalias_climaticas_60_tendencias_activas_40_percentiles_v2,2.0
03031,2023,2041-2060,SSP2-4.5,ANOMALY,25.372777716318765,146.3988127814399,21.333703189425997,-0.0458365635025573,0.2459016393442633,,-5.241460541813902,77.81456953642385,50.33112582781457,75.82781456953643,50.16393442622951,55.08196721311475,,7.773851590106007,67.99116997792494,3,37.67325107648342,True,55.86400241734833,anomalias_climaticas_60_tendencias_activas_40_percentiles_v2,2.0
03047,2023,2041-2060,SSP2-4.5,ANOMALY,25.57166670163472,135.02041123708088,20.712500349680585,-0.4990698755958599,-2.3684757858670005e-15,,0.3466021589810495,78.80794701986756,43.37748344370861,69.5364238410596,36.721311475409834,43.278688524590166,,53.003533568904594,63.90728476821192,3,44.33451118963487,True,56.0781753367811,anomalias_climaticas_60_tendencias_activas_40_percentiles_v2,2.0
03050,2023,2041-2060,SSP2-4.5,ANOMALY,24.42249965667725,152.19684162139893,22.386666679382323,1.912568306010925,0.6557377049180199,,,72.51655629139073,54.63576158940398,84.76821192052981,91.47540983606558,64.26229508196721,,,70.6401766004415,2,77.8688524590164,True,73.53164694387146,anomalias_climaticas_60_tendencias_activas_40_percentiles_v2,2.0
03059,2023,2041-2060,SSP2-4.5,ANOMALY,27.10638879140218,196.86651369730632,20.86944446563721,-0.1375423546232633,-3.360655737704919,,1.527175623108261,87.74834437086092,77.81456953642385,71.19205298013244,46.557377049180324,7.213114754098361,,63.60424028268551,78.91832229580574,3,39.1249106953214,True,63.000957655612,anomalias_climaticas_60_tendencias_activas_40_percentiles_v2,2.0
03063,2023,2041-2060,SSP2-4.5,ANOMALY,30.238333225250244,158.54789752960204,19.71916618347168,-0.8776794258422861,0.0956284153005491,,-5.431191472654518,96.02649006622516,59.93377483443709,58.27814569536424,29.18032786885246,46.885245901639344,,7.420494699646643,71.41280353200882,3,27.828689490046145,True,53.97915791522375,anomalias_climaticas_60_tendencias_activas_40_percentiles_v2,2.0
03065,2023,2041-2060,SSP2-4.5,ANOMALY,28.02469707402316,194.6813405123624,21.008030527288263,0.2270752476394619,-1.1748633879781398,,-0.4258939038278934,90.72847682119205,76.49006622516556,72.8476821192053,58.68852459016394,26.229508196721312,,43.109540636042404,80.02207505518764,3,42.67585780764255,True,65.08358815616961,anomalias_climaticas_60_tendencias_activas_40_percentiles_v2,2.0
03066,2023,2041-2060,SSP2-4.5,ANOMALY,25.49499931335449,174.19472885131836,22.436666107177736,0.7054961765888947,-1.1338797814207642,,-2.5285292243526563,78.47682119205298,68.87417218543047,85.76158940397352,71.14754098360656,26.557377049180328,,22.261484098939928,77.70419426048566,3,39.98880071057561,True,62.61803684052164,anomalias_climaticas_60_tendencias_activas_40_percentiles_v2,2.0
03082,2023,2041-2060,SSP2-4.5,ANOMALY,29.321666606267293,153.60664965311688,19.526111475626628,-0.2007680099651509,0.0409836065573756,,3.836653152359128,94.70198675496688,54.966887417218544,55.629139072847686,44.26229508196721,44.91803278688525,,83.74558303886926,68.43267108167771,3,57.6419703025739,True,64.11639077003619,anomalias_climaticas_60_tendencias_activas_40_percentiles_v2,2.0
03093,2023,2041-2060,SSP2-4.5,ANOMALY,25.4599999109904,183.6376871744791,21.231665992736815,0.7497502790998283,0.0683060109289623,,-7.773851590106013,78.1456953642384,72.8476821192053,75.16556291390728,72.78688524590164,45.57377049180328,,2.1201413427561837,75.38631346578366,3,40.160265693487034,True,61.295894356865006,anomalias_climaticas_60_tendencias_activas_40_percentiles_v2,2.0
03099,2023,2041-2060,SSP2-4.5,ANOMALY,28.712681144216788,201.45296380416207,22.140362333214803,-1.1536812836702786,-0.1366120218579235,,-0.942285041224963,92.71523178807946,80.4635761589404,82.45033112582782,24.262295081967213,40.32786885245902,,37.80918727915194,85.20971302428256,3,34.13311707119272,True,64.77907464304663,anomalias_climaticas_60_tendencias_activas_40_percentiles_v2,2.0
03104,2023,2041-2060,SSP2-4.5,ANOMALY,23.516999931335448,136.41733596801757,22.34266662597656,-0.8399693972698308,-2.349726775956285,,1.5910558911812736,67.21854304635761,44.03973509933775,83.7748344370861,30.16393442622951,12.78688524590164,,64.31095406360424,65.01103752759381,3,35.75392457857846,True,53.30819234798767,anomalias_climaticas_60_tendencias_activas_40_percentiles_v2,2.0
03121,2023,2041-2060,SSP2-4.5,ANOMALY,28.485833168029785,173.022385597229,20.837499809265136,-1.3345882184887097,0.8743169398907138,,-1.0918390178620443,92.3841059602649,68.54304635761589,70.52980132450331,20.327868852459016,69.50819672131148,,33.92226148409894,77.15231788079471,3,41.25277568595648,True,62.792501002859424,anomalias_climaticas_60_tendencias_activas_40_percentiles_v2,2.0
03122,2023,2041-2060,SSP2-4.5,ANOMALY,24.943333315849305,165.60798759460448,20.9524995803833,1.2020196987061316,0.6284153005464432,,1.7122076591289428,75.49668874172185,64.23841059602648,72.51655629139073,80.98360655737704,62.295081967213115,,66.43109540636043,70.75055187637969,3,69.90326131031686,True,70.41163564995455,anomalias_climaticas_60_tendencias_activas_40_percentiles_v2,2.0
03133,2023,2041-2060,SSP2-4.5,ANOMALY,23.80000001192093,108.47466254234314,20.91083354949951,-0.4351429949868877,0.3551912568305866,,-0.2583684790455578,68.54304635761589,30.794701986754966,72.18543046357615,38.36065573770492,58.032786885245905,,44.87632508833922,57.17439293598233,3,47.08992257043002,True,53.140604789761404,anomalias_climaticas_60_tendencias_activas_40_percentiles_v2,2.0
03139,2023,2041-2060,SSP2-4.5,ANOMALY,24.9299999554952,145.23894653320312,22.92944450378418,-2.000714437428799,-0.1639344262295097,,-0.9422850412249666,75.16556291390728,50.0,88.0794701986755,12.459016393442623,40.0,,37.45583038869258,71.08167770419426,3,29.971615594045073,True,54.63765286013459,anomalias_climaticas_60_tendencias_activas_40_percentiles_v2,2.0
03140,2023,2041-2060,SSP2-4.5,ANOMALY,25.28602561217088,181.8480264516977,21.73384609222412,-0.5182416536020877,1.4480874316939896,,-0.9474117163170576,77.1523178807947,71.52317880794702,79.47019867549669,36.39344262295082,77.54098360655738,,36.39575971731449,76.0485651214128,3,50.11006198227423,True,65.67316386575737,anomalias_climaticas_60_tendencias_activas_40_percentiles_v2,2.0
04013,2023,2041-2060,SSP2-4.5,ANOMALY,29.427129620975915,152.04556838141548,19.682962799072264,-1.827999154780944,3.060109289617482,,2.4212300895244745,95.03311258278146,54.3046357615894,57.615894039735096,14.426229508196721,93.11475409836065,,74.20494699646643,68.98454746136865,3,60.5819768676746,True,65.62351922389104,anomalias_climaticas_60_tendencias_activas_40_percentiles_v2,2.0
04066,2023,2041-2060,SSP2-4.5,ANOMALY,30.378253943579537,164.0671559833345,21.353253882271904,-4.726775956284154,1.4754098360655754,,,96.6887417218543,63.57615894039735,76.15894039735099,0.4918032786885246,79.01639344262296,,,78.80794701986754,2,39.75409836065574,True,63.186407556182814,anomalias_climaticas_60_tendencias_activas_40_percentiles_v2,2.0
04079,2023,2041-2060,SSP2-4.5,ANOMALY,24.715555556615193,118.486683400472,20.18666674296061,-1.4240003429964037,0.7377049180327901,,0.4089671551873953,73.84105960264901,34.437086092715234,62.58278145695364,19.34426229508197,65.90163934426229,,53.35689045936396,56.95364238410596,3,46.200930699569405,True,52.65255771029134,anomalias_climaticas_60_tendencias_activas_40_percentiles_v2,2.0
04902,2023,2041-2060,SSP2-4.5,ANOMALY,27.754814942677815,132.68404210408528,18.6407413482666,-1.1105837437559378,0.628415300546448,,-9.069493521790337,90.06622516556291,41.390728476821195,51.65562913907285,25.57377049180328,63.278688524590166,,0.35335689045936397,61.03752759381899,3,29.73527196895094,True,48.51662534387177,anomalias_climaticas_60_tendencias_activas_40_percentiles_v2,2.0
05019,2023,2041-2060,SSP2-4.5,ANOMALY,21.927407370673286,91.07427535586888,16.979999817742243,0.5397489203428815,0.8333333333333339,,-0.2392652540834463,51.324503311258276,24.834437086092716,43.04635761589404,66.55737704918033,67.8688524590164,,45.58303886925795,39.735099337748345,3,60.00308945915157,True,47.84229538630964,anomalias_climaticas_60_tendencias_activas_40_percentiles_v2,2.0
06011,2023,2041-2060,SSP2-4.5,ANOMALY,18.868541818857192,227.8981563568115,22.984999895095825,-0.1332329259109109,-0.8196721311475409,,-4.770318021201415,32.450331125827816,95.03311258278146,88.41059602649007,46.885245901639344,31.475409836065573,,8.8339222614841,71.96467991169978,3,29.06485933306301,True,54.80475168024507,anomalias_climaticas_60_tendencias_activas_40_percentiles_v2,2.0
06015,2023,2041-2060,SSP2-4.5,ANOMALY,18.06341175584232,205.38429641723633,22.502882425644817,-0.3331976901910648,-1.5573770491803276,,2.877394347960468,29.47019867549669,83.11258278145695,86.42384105960265,40.32786885245902,19.672131147540984,,78.79858657243817,66.3355408388521,3,46.26619552414606,True,58.30780271296968,anomalias_climaticas_60_tendencias_activas_40_percentiles_v2,2.0
06044,2023,2041-2060,SSP2-4.5,ANOMALY,19.60213542729616,220.8859858751297,22.11343768835068,-1.2154589954233246,0.9836065573770492,,1.8303211452647223,34.10596026490066,92.05298013245033,81.78807947019868,21.639344262295083,71.47540983606558,,67.13780918727915,69.31567328918322,3,53.41752109521327,True,62.95641241159524,anomalias_climaticas_60_tendencias_activas_40_percentiles_v2,2.0
06083,2023,2041-2060,SSP2-4.5,ANOMALY,18.525166663169863,211.10331513977053,23.183366626739502,-0.0280947691594732,0.6830601092896155,,-2.155181512299945,30.4635761589404,87.08609271523179,91.3907284768212,50.49180327868852,64.91803278688525,,23.32155477031802,69.6467991169978,3,46.24379694529727,True,60.285598248317584,anomalias_climaticas_60_tendencias_activas_40_percentiles_v2,2.0
06153,2023,2041-2060,SSP2-4.5,ANOMALY,19.836333656311034,227.8490249633789,23.025000076293946,-0.8743169398907114,6.079234972677597,,,35.09933774834437,94.70198675496688,89.0728476821192,29.508196721311474,99.50819672131148,,,72.95805739514348,2,64.50819672131148,True,69.57811312561068,anomalias_climaticas_60_tendencias_activas_40_percentiles_v2,2.0
07011,2023,2041-2060,SSP2-4.5,ANOMALY,29.52380941935948,143.25371649605887,17.639524378095352,0.0120334844785485,-1.284153005464482,,-1.0600706713780923,95.69536423841059,48.675496688741724,47.35099337748344,52.78688524590164,23.60655737704918,,34.45229681978799,63.907284768211916,3,36.948579814246266,True,53.12380278662566,anomalias_climaticas_60_tendencias_activas_40_percentiles_v2,2.0
07015,2023,2041-2060,SSP2-4.5,ANOMALY,31.208749961853027,183.17975368499756,21.762083339691163,0.692167577413481,-0.3005464480874238,,6.478954893550345,98.01324503311258,72.51655629139073,79.80132450331126,70.81967213114754,38.032786885245905,,96.46643109540636,83.44370860927152,3,68.43963003726661,True,77.44207718046955,anomalias_climaticas_60_tendencias_activas_40_percentiles_v2,2.0
07026,2023,2041-2060,SSP2-4.5,ANOMALY,36.88066635131836,169.87855621337889,21.86633327484131,0.1960944917725507,-1.6393442622950851,,-7.054311847542941,99.50331125827815,67.21854304635761,80.79470198675497,58.032786885245905,17.704918032786885,,3.5335689045936394,82.50551876379691,3,26.423757940875475,True,60.072814434628334,anomalias_climaticas_60_tendencias_activas_40_percentiles_v2,2.0
07027,2023,2041-2060,SSP2-4.5,ANOMALY,31.131666564941405,195.55993461608887,19.342500019073487,1.8255250090818609,-1.9945355191256835,,-3.239104829210838,97.68211920529801,77.1523178807947,54.63576158940398,90.49180327868852,15.40983606557377,,18.021201413427562,76.49006622516556,3,41.30761358589662,True,62.41708516945798,anomalias_climaticas_60_tendencias_activas_40_percentiles_v2,2.0
07031,2023,2041-2060,SSP2-4.5,ANOMALY,32.238461487109845,186.21515966562123,19.07000034038837,1.2909806964950126,-0.7103825136612063,,-4.759427198387787,98.67549668874172,73.50993377483444,53.64238410596027,83.27868852459017,32.78688524590164,,9.540636042402827,75.27593818984548,3,41.868736604298206,True,61.913057555626565,anomalias_climaticas_60_tendencias_activas_40_percentiles_v2,2.0
07032,2023,2041-2060,SSP2-4.5,ANOMALY,30.53750004768371,149.58593101501464,20.720833110809327,2.249397000841796,-2.0218579234972744,,4.609650624987819,97.01986754966887,52.64900662251656,69.86754966887418,93.11475409836065,14.754098360655737,,88.69257950530036,73.17880794701988,3,65.52047732143892,True,70.11547569678748,anomalias_climaticas_60_tendencias_activas_40_percentiles_v2,2.0
07033,2023,2041-2060,SSP2-4.5,ANOMALY,29.15106059854681,163.03896921331233,18.533181519941852,0.4229574634178761,-0.8196721311475414,,-3.7467943095339535,94.03973509933775,62.58278145695364,50.99337748344371,63.9344262295082,31.147540983606557,,15.901060070671377,69.20529801324503,3,36.99434242792871,True,56.320915779118494,anomalias_climaticas_60_tendencias_activas_40_percentiles_v2,2.0
07036,2023,2041-2060,SSP2-4.5,ANOMALY,31.972777875264484,189.3213722229004,17.432222239176433,0.98360655737705,-1.816939890710382,,-3.459671064338181,98.34437086092716,74.50331125827815,46.688741721854306,77.37704918032787,16.721311475409838,,17.6678445229682,73.17880794701988,3,37.2554017262353,True,58.809445458706044,anomalias_climaticas_60_tendencias_activas_40_percentiles_v2,2.0
07040,2023,2041-2060,SSP2-4.5,ANOMALY,32.43083324432373,177.31806893348693,16.90729191303253,1.7172565602734244,-2.4043715846994544,,-6.093471411302633,99.50331125827815,69.5364238410596,42.384105960264904,89.50819672131148,12.459016393442623,,5.30035335689046,70.47461368653421,3,35.755855490548186,True,56.58711040813981,anomalias_climaticas_60_tendencias_activas_40_percentiles_v2,2.0
07054,2023,2041-2060,SSP2-4.5,ANOMALY,35.92499992847443,170.7814717769623,21.15541603565216,0.0,-0.751366120218582,,-1.9214995005581983,99.50331125827815,67.88079470198676,74.50331125827815,51.967213114754095,32.131147540983605,,26.148409893992934,80.62913907284768,3,36.74892351657688,True,63.077052850339356,anomalias_climaticas_60_tendencias_activas_40_percentiles_v2,2.0
08015,2023,2041-2060,SSP2-4.5,ANOMALY,20.96500039100647,123.3608829498291,10.823333358764648,0.4679648208601605,-1.803278688524596,,1.948317860776541,41.05960264900662,37.41721854304636,30.4635761589404,65.24590163934427,17.049180327868854,,67.84452296819788,36.31346578366446,3,50.04653497847033,True,41.80669346158682,anomalias_climaticas_60_tendencias_activas_40_percentiles_v2,2.0
08019,2023,2041-2060,SSP2-4.5,ANOMALY,21.4880556901296,103.52268079121907,9.147777779897051,-0.1013513097129378,-2.8825136612021858,,-8.68644847915075,46.026490066225165,29.47019867549669,21.192052980132452,47.868852459016395,9.836065573770492,,1.0600706713780919,32.22958057395144,3,19.58832956805499,True,27.173080171592858,anomalias_climaticas_60_tendencias_activas_40_percentiles_v2,2.0
08056,2023,2041-2060,SSP2-4.5,ANOMALY,23.48500003814697,120.51039123535156,11.051666641235352,1.159745711647691,-1.37978142076503,,0.0454407950208211,66.55629139072848,35.76158940397351,31.456953642384107,80.0,22.295081967213115,,49.82332155477032,44.5916114790287,3,50.70613450732782,True,47.03742069034835,anomalias_climaticas_60_tendencias_activas_40_percentiles_v2,2.0
08073,2023,2041-2060,SSP2-4.5,ANOMALY,24.550833201408388,147.39122505187987,8.974166870117188,0.8270599456811624,-1.0792349726775967,,-3.931336770356637,73.50993377483444,51.324503311258276,17.549668874172184,74.09836065573771,27.868852459016395,,14.840989399293287,47.46136865342163,3,38.93606750468246,True,44.051248193925964,anomalias_climaticas_60_tendencias_activas_40_percentiles_v2,2.0
08077,2023,2041-2060,SSP2-4.5,ANOMALY,22.82833364009857,124.25465106964111,8.677500152587891,1.53972171158845,-1.475409836065571,,-2.73809373034268,59.93377483443709,38.41059602649007,13.57615894039735,87.8688524590164,20.983606557377048,,20.848056537102472,37.30684326710817,3,43.23350518449863,True,39.67750803406435,anomalias_climaticas_60_tendencias_activas_40_percentiles_v2,2.0
08089,2023,2041-2060,SSP2-4.5,ANOMALY,24.348333263397215,124.72237930297852,10.174999809265136,0.9335792680443646,-3.196721311475404,,-4.822139961219813,72.18543046357615,38.741721854304636,28.14569536423841,75.73770491803279,8.524590163934427,,8.480565371024735,46.35761589403973,3,30.91428681766398,True,40.18028426348943,anomalias_climaticas_60_tendencias_activas_40_percentiles_v2,2.0
08096,2023,2041-2060,SSP2-4.5,ANOMALY,20.620000028610228,157.90523681640624,9.626666259765624,0.6749215207534007,-3.606557377049181,,-1.5312131919905667,38.741721854304636,58.94039735099338,24.503311258278146,70.1639344262295,6.557377049180328,,30.3886925795053,40.728476821192054,3,35.703334684971715,True,38.71841996670392,anomalias_climaticas_60_tendencias_activas_40_percentiles_v2,2.0
08101,2023,2041-2060,SSP2-4.5,ANOMALY,24.43375004529953,117.202992105484,9.136250162124634,0.9537331776630918,-2.431693989071036,,-4.692380730922764,72.8476821192053,33.443708609271525,20.52980132450331,76.72131147540983,11.80327868852459,,10.954063604240282,42.273730684326715,3,33.15955125605823,True,38.628058913019316,anomalias_climaticas_60_tendencias_activas_40_percentiles_v2,2.0
08102,2023,2041-2060,SSP2-4.5,ANOMALY,20.99499988555908,144.16864395141602,7.950000381469726,1.4306245925056809,-2.418032786885246,,3.5934271756550693,41.390728476821195,49.00662251655629,9.933774834437086,85.90163934426229,12.131147540983607,,82.3321554770318,33.443708609271525,3,60.12164745409257,True,44.114884147199945,anomalias_climaticas_60_tendencias_activas_40_percentiles_v2,2.0
08113,2023,2041-2060,SSP2-4.5,ANOMALY,21.3225004196167,181.6492092132568,7.98000020980835,1.2432109223180023,-1.1885245901639343,,4.225092844683874,44.70198675496689,71.19205298013244,10.596026490066226,81.63934426229508,25.57377049180328,,86.92579505300354,42.16335540838852,3,64.71296993570064,True,51.18320121931337,anomalias_climaticas_60_tendencias_activas_40_percentiles_v2,2.0
08114,2023,2041-2060,SSP2-4.5,ANOMALY,23.13833351135254,196.9356834411621,9.205000686645509,2.605006005684002,2.1857923497267744,,1.1501502254077256,65.23178807947019,78.1456953642384,21.85430463576159,96.72131147540983,86.22950819672131,,60.07067137809187,55.07726269315673,3,81.00716368340768,True,65.44922308925712,anomalias_climaticas_60_tendencias_activas_40_percentiles_v2,2.0
08121,2023,2041-2060,SSP2-4.5,ANOMALY,17.74499981403351,87.45989351272583,8.829167079925536,0.6622984038400881,-1.4617486338797805,,4.140991357594078,29.13907284768212,23.841059602649008,14.56953642384106,69.8360655737705,21.311475409836067,,86.21908127208481,22.516556291390728,3,59.12220741856379,True,37.15881674225996,anomalias_climaticas_60_tendencias_activas_40_percentiles_v2,2.0
08124,2023,2041-2060,SSP2-4.5,ANOMALY,21.47749993801117,166.22761754989625,8.464999914169312,1.0101165408081818,3.688524590163936,,-1.0188034837527624,45.6953642384106,64.56953642384106,11.920529801324504,77.70491803278688,95.08196721311475,,35.68904593639576,40.728476821192054,3,69.49197706076579,True,52.23387691702155,anomalias_climaticas_60_tendencias_activas_40_percentiles_v2,2.0
08125,2023,2041-2060,SSP2-4.5,ANOMALY,20.808333301544188,138.4424041748047,10.130000877380372,0.5034455878349995,-1.2295081967213108,,-5.738527528056876,39.40397350993378,45.033112582781456,27.814569536423843,65.57377049180327,24.918032786885245,,6.360424028268551,37.41721854304636,3,32.284075768985694,True,35.36396143342209,anomalias_climaticas_60_tendencias_activas_40_percentiles_v2,2.0
08163,2023,2041-2060,SSP2-4.5,ANOMALY,18.51333327293396,94.44593734741213,10.255000114440918,-2.0218579234972696,-0.997267759562843,,,30.132450331125828,25.827814569536425,28.47682119205298,12.131147540983607,28.852459016393443,,,28.14569536423841,2,20.491803278688526,True,25.084138530018457,anomalias_climaticas_60_tendencias_activas_40_percentiles_v2,2.0
08169,2023,2041-2060,SSP2-4.5,ANOMALY,25.168332862854005,146.7885856628418,10.64833335876465,-0.1549556855702919,-5.683060109289615,,-1.700361080538336,76.82119205298014,50.99337748344371,29.47019867549669,46.22950819672131,1.639344262295082,,28.975265017667844,52.42825607064018,3,25.614705825561412,True,41.702835972608675,anomalias_climaticas_60_tendencias_activas_40_percentiles_v2,2.0
08172,2023,2041-2060,SSP2-4.5,ANOMALY,18.82000014781952,68.33538417816162,9.85083303451538,0.7182992527370686,-2.814207650273218,,-4.742124652281781,31.788079470198674,19.205298013245034,25.827814569536425,72.1311475409836,10.163934426229508,,10.247349823321555,25.607064017660047,3,30.847477263511554,True,27.703229316000648,anomalias_climaticas_60_tendencias_activas_40_percentiles_v2,2.0
08180,2023,2041-2060,SSP2-4.5,ANOMALY,21.038333237171173,154.13226928710938,9.044166946411131,0.9046296995794604,-6.721311475409838,,2.376637875315822,41.72185430463576,56.29139072847682,19.205298013245034,75.08196721311475,0.4918032786885246,,73.4982332155477,39.0728476821192,3,49.69066790245032,True,43.31997577025165,anomalias_climaticas_60_tendencias_activas_40_percentiles_v2,2.0
08184,2023,2041-2060,SSP2-4.5,ANOMALY,21.49583327770233,171.3341812133789,8.77583417892456,1.2770248199268075,1.1934897514720433e-15,,-6.795259867185092,46.688741721854306,68.21192052980132,13.907284768211921,82.62295081967213,43.9344262295082,,4.240282685512367,42.93598233995585,3,43.599219911564234,True,43.20127736859921,anomalias_climaticas_60_tendencias_activas_40_percentiles_v2,2.0
08187,2023,2041-2060,SSP2-4.5,ANOMALY,20.524999856948853,157.91061401367188,8.494999980926513,2.030189309778791,-4.535519125683063,,-2.76796230859835,37.74834437086093,59.271523178807946,12.251655629139073,92.1311475409836,3.278688524590164,,20.49469964664311,36.423841059602644,3,38.63484523740563,True,37.30824273072384,anomalias_climaticas_60_tendencias_activas_40_percentiles_v2,2.0
08194,2023,2041-2060,SSP2-4.5,ANOMALY,19.595000505447388,57.79168834686279,8.888332557678222,0.350637522768673,0.1912568306010934,,-2.027459506042267,33.77483443708609,16.887417218543046,15.562913907284768,61.31147540983606,51.80327868852459,,25.441696113074205,22.075055187637968,3,46.185483403811624,True,31.71922647410743,anomalias_climaticas_60_tendencias_activas_40_percentiles_v2,2.0
08196,2023,2041-2060,SSP2-4.5,ANOMALY,22.362083387374877,181.36302967071532,9.245416736602785,-0.9016393442622952,-6.256830601092901,,,55.29801324503311,70.86092715231788,22.185430463576157,28.524590163934427,0.4918032786885246,,,49.44812362030905,2,14.508196721311476,True,35.47215286071002,anomalias_climaticas_60_tendencias_activas_40_percentiles_v2,2.0
08200,2023,2041-2060,SSP2-4.5,ANOMALY,23.972777764002483,140.83949699401856,9.331481403774683,0.4167455807108181,-2.4863387978142084,,-3.833832775133677,70.52980132450331,47.019867549668874,23.178807947019866,63.60655737704918,10.819672131147541,,15.547703180212014,46.909492273730685,3,29.99131089613624,True,40.14221972269291,anomalias_climaticas_60_tendencias_activas_40_percentiles_v2,2.0
08205,2023,2041-2060,SSP2-4.5,ANOMALY,21.488333320617677,170.72847900390624,9.701666641235352,1.1986978258342054,-4.672131147540988,,-1.7876684292743192,46.35761589403973,67.54966887417218,24.834437086092716,80.65573770491804,2.2950819672131146,,27.56183745583039,46.24724061810155,3,36.83755237598718,True,42.4833653212558,anomalias_climaticas_60_tendencias_activas_40_percentiles_v2,2.0
08211,2023,2041-2060,SSP2-4.5,ANOMALY,22.544166803359985,158.5231780052185,9.42541708946228,1.2037558684188303,-2.1721311475409837,,-3.040523336662943,58.609271523178805,59.602649006622514,23.841059602649008,81.31147540983606,14.098360655737705,,19.081272084805654,47.35099337748344,3,38.163702716793146,True,43.67607711320733,anomalias_climaticas_60_tendencias_activas_40_percentiles_v2,2.0
08217,2023,2041-2060,SSP2-4.5,ANOMALY,24.272500109672546,149.84559936523436,8.890833425521851,0.8894261035984987,-11.229508196721312,,0.1392169536008765,71.52317880794702,52.980132450331126,15.894039735099337,74.75409836065573,0.4918032786885246,,51.236749116607776,46.79911699779249,3,42.16088358531734,True,44.94382363280243,anomalias_climaticas_60_tendencias_activas_40_percentiles_v2,2.0
08231,2023,2041-2060,SSP2-4.5,ANOMALY,19.89250020980835,112.33964347839355,9.06333351135254,-0.7697174586386646,-1.3387978142076506,,5.704447969915977,35.43046357615894,31.788079470198674,19.867549668874172,31.147540983606557,22.62295081967213,,92.226148409894,29.02869757174393,3,48.66554673772422,True,36.88343723813605,anomalias_climaticas_60_tendencias_activas_40_percentiles_v2,2.0
08245,2023,2041-2060,SSP2-4.5,ANOMALY,20.23333364725113,100.80463409423828,9.856666564941406,0.6460923887969312,-3.6885245901639343,,-2.147991460524511,35.76158940397351,28.47682119205298,26.158940397350992,69.18032786885246,6.229508196721311,,23.674911660777386,30.132450331125824,3,33.02824924211705,True,31.290769895522317,anomalias_climaticas_60_tendencias_activas_40_percentiles_v2,2.0
08252,2023,2041-2060,SSP2-4.5,ANOMALY,21.19666633605957,162.9228202819824,8.905000114440918,0.952572942345324,0.027322404371584,,-4.767299292947099,42.384105960264904,62.25165562913907,16.556291390728475,76.39344262295081,44.26229508196721,,9.187279151943462,40.397350993377486,3,43.28100561895383,True,41.55081284360802,anomalias_climaticas_60_tendencias_activas_40_percentiles_v2,2.0
08260,2023,2041-2060,SSP2-4.5,ANOMALY,21.72333350181579,161.22401962280273,7.90333366394043,0.1092896174863362,-3.0874316939890702,,,48.01324503311258,60.59602649006622,9.602649006622517,55.40983606557377,8.852459016393443,,,39.40397350993377,2,32.131147540983605,True,36.4948431223537,anomalias_climaticas_60_tendencias_activas_40_percentiles_v2,2.0
08263,2023,2041-2060,SSP2-4.5,ANOMALY,22.25333333015442,162.09205198287964,9.052916860580444,-0.018263431502262,-1.8306010928961751,,-9.215504240358817,54.3046357615894,61.258278145695364,19.5364238410596,51.14754098360656,16.229508196721312,,0.35335689045936397,45.033112582781456,3,22.576802023595747,True,36.050588359107174,anomalias_climaticas_60_tendencias_activas_40_percentiles_v2,2.0
08266,2023,2041-2060,SSP2-4.5,ANOMALY,20.87500023841858,154.05866661071778,8.946666717529297,0.6386491339859859,-4.043715846994536,,-1.8916896801613872,40.06622516556291,55.96026490066225,16.887417218543046,68.85245901639344,4.918032786885246,,26.501766784452297,37.63796909492274,3,33.42408619591033,True,35.952415935317774,anomalias_climaticas_60_tendencias_activas_40_percentiles_v2,2.0
08270,2023,2041-2060,SSP2-4.5,ANOMALY,20.47666659355163,97.1157834370931,8.870000076293945,-0.2185792349726796,-1.5573770491803152,,,37.086092715231786,26.821192052980134,14.900662251655628,43.278688524590166,20.327868852459016,,,26.269315673289185,2,31.803278688524593,True,28.482900879383347,anomalias_climaticas_60_tendencias_activas_40_percentiles_v2,2.0
08279,2023,2041-2060,SSP2-4.5,ANOMALY,19.541111103693645,120.96927820841472,7.742221895853679,2.790116148756753,0.9016393442622928,,-3.6791820906046184,33.443708609271525,36.42384105960265,8.940397350993377,97.37704918032787,69.8360655737705,,16.25441696113074,26.269315673289185,3,61.155843905076374,True,40.22392696600406,anomalias_climaticas_60_tendencias_activas_40_percentiles_v2,2.0
08298,2023,2041-2060,SSP2-4.5,ANOMALY,19.674166774749757,118.80306034088134,7.537499713897705,2.4529340207379944,1.1475409836065502,,4.5130049689493426,34.437086092715234,34.7682119205298,7.6158940397351,95.08196721311475,74.09836065573771,,87.98586572438163,25.60706401766004,3,85.72206453107803,True,49.653064223027236,anomalias_climaticas_60_tendencias_activas_40_percentiles_v2,2.0
08301,2023,2041-2060,SSP2-4.5,ANOMALY,23.9333336353302,144.46988983154296,9.868333625793458,0.3139169863969319,-4.262295081967217,,-3.6513545347467655,69.5364238410596,49.66887417218543,26.821192052980134,60.32786885245902,3.9344262295081966,,16.607773851590107,48.675496688741724,3,26.956689644519106,True,39.987973871052674,anomalias_climaticas_60_tendencias_activas_40_percentiles_v2,2.0
08305,2023,2041-2060,SSP2-4.5,ANOMALY,20.527916657924653,161.61953830718994,8.883333539962768,2.370401808247153,2.527322404371584,,-3.9335756593251183,38.079470198675494,60.9271523178808,15.2317880794702,94.42622950819673,89.18032786885246,,14.487632508833922,38.079470198675494,3,66.03139662862769,True,49.260240770656374,anomalias_climaticas_60_tendencias_activas_40_percentiles_v2,2.0
08307,2023,2041-2060,SSP2-4.5,ANOMALY,22.87333297729492,134.417813873291,8.986667060852051,-0.3044428415798844,-1.3114754098360728,,-0.2571974743671485,60.264900662251655,42.384105960264904,18.211920529801326,41.31147540983606,22.950819672131146,,45.22968197879859,40.2869757174393,3,36.49732568692193,True,38.771115705232354,anomalias_climaticas_60_tendencias_activas_40_percentiles_v2,2.0
09018,2023,2041-2060,SSP2-4.5,ANOMALY,15.633333301544187,107.74117075602214,13.343333435058591,-0.6776141070352253,1.3934426229508183,,-0.4444110300812814,22.8476821192053,30.4635761589404,34.437086092715234,33.77049180327869,76.39344262295081,,42.75618374558304,29.24944812362031,3,50.97337272393751,True,37.93901796374719,anomalias_climaticas_60_tendencias_activas_40_percentiles_v2,2.0
09059,2023,2041-2060,SSP2-4.5,ANOMALY,10.211666555404662,68.5036226272583,11.133000144958498,0.0476086203031407,1.7486338797814214,,-0.4254066110317502,14.56953642384106,19.5364238410596,32.11920529801324,53.77049180327869,82.62295081967213,,43.46289752650177,22.075055187637968,3,59.952113383150866,True,37.22587846584313,anomalias_climaticas_60_tendencias_activas_40_percentiles_v2,2.0
09219,2023,2041-2060,SSP2-4.5,ANOMALY,7.428333330154419,80.845252494812,8.974333114624024,-0.5981448318182494,-0.4234972677595628,,3.886925795052995,8.278145695364238,21.85430463576159,17.880794701986755,35.40983606557377,37.21311475409836,,84.09893992932862,16.004415011037526,3,52.240630249666914,True,30.498901106489285,anomalias_climaticas_60_tendencias_activas_40_percentiles_v2,2.0
10037,2023,2041-2060,SSP2-4.5,ANOMALY,20.310040610011033,220.71881750153335,23.161056837221473,-1.249695881364769,-1.5573770491803258,,3.129129357329518,36.42384105960265,91.72185430463576,91.05960264900662,20.983606557377048,20.0,,80.56537102473499,73.06843267108168,3,40.51632586070401,True,60.04758994693061,anomalias_climaticas_60_tendencias_activas_40_percentiles_v2,2.0
10148,2023,2041-2060,SSP2-4.5,ANOMALY,25.098703845342,237.5125480651855,24.72611124250624,-1.207066480477453,1.9125683060109275,,-1.1788061856453496,76.15894039735099,97.68211920529801,94.03973509933775,22.295081967213115,83.93442622950819,,33.56890459363957,89.29359823399558,3,46.5994709301203,True,72.21594731244546,anomalias_climaticas_60_tendencias_activas_40_percentiles_v2,2.0
11004,2023,2041-2060,SSP2-4.5,ANOMALY,22.49222189585368,60.55253995259602,23.029999923706058,-0.3410948658224529,2.923497267759564,,9.454021975439217,57.28476821192053,17.880794701986755,89.40397350993378,39.67213114754098,92.78688524590164,,99.64664310954063,54.85651214128035,3,77.36855316766109,True,63.86132855183264,anomalias_climaticas_60_tendencias_activas_40_percentiles_v2,2.0
11006,2023,2041-2060,SSP2-4.5,ANOMALY,18.525302969325672,182.2131634452126,20.501969892328436,-3.1578699247314077,1.4480874316939905,,-0.9422850412249772,30.794701986754966,72.18543046357615,66.88741721854305,2.622950819672131,78.0327868852459,,37.102473498233216,56.622516556291394,3,39.25273706771708,True,49.67460476086167,anomalias_climaticas_60_tendencias_activas_40_percentiles_v2,2.0
11012,2023,2041-2060,SSP2-4.5,ANOMALY,,,,-0.2491862659422228,-0.0273224043715885,,1.9994124214113629,,,,42.622950819672134,42.131147540983605,,68.19787985865725,,3,50.983992739771,False,,anomalias_climaticas_60_tendencias_activas_40_percentiles_v2,2.0
11015,2023,2041-2060,SSP2-4.5,ANOMALY,12.382381091799054,121.96987915039062,23.542857360839843,-0.986872263599886,0.8606557377049147,,-0.5249506008354482,15.894039735099337,36.75496688741722,92.71523178807946,27.868852459016395,68.52459016393442,,41.696113074204945,48.45474613686534,3,46.02985189905192,True,47.48478844173997,anomalias_climaticas_60_tendencias_activas_40_percentiles_v2,2.0
11020,2023,2041-2060,SSP2-4.5,ANOMALY,16.89144609114703,167.29028693367454,20.294583228055167,0.1390826648064183,1.3934426229508223,,8.00942285041225,26.821192052980134,65.89403973509934,63.90728476821192,56.39344262295082,77.04918032786885,,98.58657243816255,52.2075055187638,3,77.34306512966073,True,62.26172936312257,anomalias_climaticas_60_tendencias_activas_40_percentiles_v2,2.0
11022,2023,2041-2060,SSP2-4.5,ANOMALY,27.370555480321247,78.62501312891644,24.926666005452475,-2.8948765154112035,1.5846994535519123,,-0.6700264534939843,88.74172185430463,20.52980132450331,94.37086092715232,5.245901639344262,80.0,,40.28268551236749,67.88079470198676,3,41.84286238390392,True,57.46562177475362,anomalias_climaticas_60_tendencias_activas_40_percentiles_v2,2.0
11027,2023,2041-2060,SSP2-4.5,ANOMALY,8.615833266576132,117.55439027150472,21.698611068725587,-0.7656258399560931,0.9562841530054628,,6.263731214862705,11.258278145695364,34.10596026490066,78.80794701986756,31.80327868852459,71.14754098360656,,95.0530035335689,41.39072847682119,3,66.0012744019,True,51.234946846852715,anomalias_climaticas_60_tendencias_activas_40_percentiles_v2,2.0
11028,2023,2041-2060,SSP2-4.5,ANOMALY,11.77000000660236,132.7987753061148,23.23141012925368,-0.7898974685744079,2.131147540983614,,4.713095924283053,15.562913907284768,42.05298013245033,91.72185430463576,30.81967213114754,85.90163934426229,,89.39929328621908,49.779249448123615,3,68.7068682538763,True,57.35029697042469,anomalias_climaticas_60_tendencias_activas_40_percentiles_v2,2.0
11030,2023,2041-2060,SSP2-4.5,ANOMALY,6.475833487510681,90.16301259994506,22.52791757583618,0.2584247200041822,0.819672131147539,,5.404306159282136,6.953642384105961,24.503311258278146,86.75496688741723,59.34426229508197,67.21311475409836,,91.1660777385159,39.40397350993378,3,72.57448492923207,True,52.67217807765309,anomalias_climaticas_60_tendencias_activas_40_percentiles_v2,2.0
11031,2023,2041-2060,SSP2-4.5,ANOMALY,,,,-0.9959234622088048,3.9617486338797834,,6.36566974166128,,,,27.540983606557376,96.72131147540983,,95.40636042402826,,3,73.22288516866516,False,,anomalias_climaticas_60_tendencias_activas_40_percentiles_v2,2.0
11032,2023,2041-2060,SSP2-4.5,ANOMALY,8.534999895095826,124.95561970302036,20.42785720825195,-1.4657163520620884,2.4316939890710403,,-0.8752654398385626,10.596026490066226,39.40397350993378,65.23178807947019,18.688524590163933,88.52459016393442,,38.16254416961131,38.41059602649006,3,48.45855297456989,True,42.429778805721995,anomalias_climaticas_60_tendencias_activas_40_percentiles_v2,2.0
11033,2023,2041-2060,SSP2-4.5,ANOMALY,29.18619050979614,99.55647859573364,23.459999683925084,-2.9757349248200464,0.3278688524590194,,3.8869257950530023,94.37086092715232,27.814569536423843,92.3841059602649,4.262295081967213,57.540983606557376,,84.45229681978799,71.52317880794702,3,48.75185850277086,True,62.41465068587655,anomalias_climaticas_60_tendencias_activas_40_percentiles_v2,2.0
12009,2023,2041-2060,SSP2-4.5,ANOMALY,25.75166697502136,135.19159030914307,15.072499847412107,-0.4918032786885196,0.8743169398907066,,,80.13245033112582,43.70860927152318,36.09271523178808,37.049180327868854,69.18032786885246,,,53.311258278145694,2,53.114754098360656,True,53.23265660623168,anomalias_climaticas_60_tendencias_activas_40_percentiles_v2,2.0
12027,2023,2041-2060,SSP2-4.5,ANOMALY,25.744444576899213,131.01284001668293,12.102777735392252,-0.3278688524590194,1.1202185792349746,,,79.80132450331126,40.06622516556291,34.10596026490066,40.65573770491803,73.77049180327869,,,51.324503311258276,2,57.213114754098356,True,53.67994788839431,anomalias_climaticas_60_tendencias_activas_40_percentiles_v2,2.0
12032,2023,2041-2060,SSP2-4.5,ANOMALY,25.67999997138977,115.6061357498169,15.718333339691162,-0.1576431695795825,1.939890710382508,,-1.5312131919905738,79.13907284768212,32.78145695364238,38.741721854304636,45.90163934426229,84.26229508196721,,30.035335689045937,50.220750551876385,3,53.39975670509182,True,51.49235301316256,anomalias_climaticas_60_tendencias_activas_40_percentiles_v2,2.0
12040,2023,2041-2060,SSP2-4.5,ANOMALY,23.68055559794108,120.56026611328124,15.825555737813314,0.1625000344805706,0.3278688524590182,,2.471827515057349,67.88079470198676,36.09271523178808,39.0728476821192,57.377049180327866,57.049180327868854,,74.5583038869258,47.682119205298015,3,62.99484446504084,True,53.807209309195144,anomalias_climaticas_60_tendencias_activas_40_percentiles_v2,2.0
12084,2023,2041-2060,SSP2-4.5,ANOMALY,23.06400008201599,148.32462448120117,14.68300033569336,-0.0546448087431675,1.762295081967213,,,63.90728476821192,51.98675496688742,35.43046357615894,49.50819672131148,82.95081967213115,,,50.44150110375276,2,66.22950819672131,True,56.756703940940184,anomalias_climaticas_60_tendencias_activas_40_percentiles_v2,2.0
12126,2023,2041-2060,SSP2-4.5,ANOMALY,21.527222204208375,124.80654589335124,14.42888921101888,-0.2981810809245111,0.2732240437158471,,-7.413382164864552,47.019867549668874,39.0728476821192,35.09933774834437,41.967213114754095,55.73770491803279,,2.4734982332155475,40.39735099337748,3,33.39280542200081,True,37.595532764826814,anomalias_climaticas_60_tendencias_activas_40_percentiles_v2,2.0
12135,2023,2041-2060,SSP2-4.5,ANOMALY,26.438333320617676,132.79339981079102,15.6375,0.4362478615495977,1.8579234972677596,,-5.675151130380061,83.7748344370861,41.72185430463576,38.41059602649007,64.26229508196721,83.60655737704919,,6.713780918727915,54.63576158940398,3,51.527544459248105,True,53.39247473734163,anomalias_climaticas_60_tendencias_activas_40_percentiles_v2,2.0
12138,2023,2041-2060,SSP2-4.5,ANOMALY,26.911110790570575,148.11028480529785,11.072222232818604,-0.4757818447439964,1.22950819672131,,-2.9542099567556477,86.75496688741723,51.65562913907285,31.788079470198674,37.377049180327866,74.75409836065573,,19.434628975265017,56.73289183222959,3,43.855258838749535,True,51.58183863483757,anomalias_climaticas_60_tendencias_activas_40_percentiles_v2,2.0
13005,2023,2041-2060,SSP2-4.5,ANOMALY,24.523782040522647,231.7785880455604,16.782628037379336,-0.5942188495626418,2.2677595628415306,,-1.203195526930583,73.17880794701986,96.35761589403974,42.05298013245033,35.73770491803279,87.21311475409836,,32.86219081272085,70.52980132450331,3,51.937670161617326,True,63.092948859348915,anomalias_climaticas_60_tendencias_activas_40_percentiles_v2,2.0
13034,2023,2041-2060,SSP2-4.5,ANOMALY,25.722500034740996,225.8743215833391,20.619642748151502,-0.8916084619957504,1.092896174863386,,2.603605409785395,79.47019867549669,94.37086092715232,68.21192052980132,28.852459016393443,72.78688524590164,,75.61837455830388,80.68432671081678,3,59.08590627353299,True,72.04495853590326,anomalias_climaticas_60_tendencias_activas_40_percentiles_v2,2.0
13071,2023,2041-2060,SSP2-4.5,ANOMALY,24.112407398223876,213.2687323676215,21.719444953070745,-0.1939743815735362,0.7923497267759568,,-2.5897359040715577,70.86092715231788,88.0794701986755,79.13907284768212,44.59016393442623,66.88524590163935,,21.908127208480565,79.3598233995585,3,44.46117901484871,True,65.40036564567458,anomalias_climaticas_60_tendencias_activas_40_percentiles_v2,2.0
13082,2023,2041-2060,SSP2-4.5,ANOMALY,25.905555476082696,237.6858797709147,17.38833359612359,-1.0946822684353703,0.1639344262295047,,-7.832422586520947,80.79470198675497,98.01324503311258,45.6953642384106,25.901639344262296,50.49180327868852,,1.7667844522968197,74.83443708609272,3,26.053409025082544,True,55.32202586168865,anomalias_climaticas_60_tendencias_activas_40_percentiles_v2,2.0
13087,2023,2041-2060,SSP2-4.5,ANOMALY,27.014679397069493,242.2602224790133,19.052948746314417,-0.7097261796624943,3.907103825136612,,-4.252893824549032,87.08609271523179,99.50331125827815,52.64900662251656,32.78688524590164,96.06557377049181,,12.720848056537102,79.74613686534217,3,47.19110235764352,True,66.7241230622627,anomalias_climaticas_60_tendencias_activas_40_percentiles_v2,2.0
14021,2023,2041-2060,SSP2-4.5,ANOMALY,18.661730788304254,236.24237961402304,22.126154063298152,-3.1055882357215805,1.6939890710382493,,0.412249705535924,31.456953642384107,97.35099337748345,82.11920529801324,3.278688524590164,80.98360655737704,,53.71024734982332,70.30905077262693,3,45.990847477263515,True,60.58176945448157,anomalias_climaticas_60_tendencias_activas_40_percentiles_v2,2.0
14038,2023,2041-2060,SSP2-4.5,ANOMALY,22.910512869174664,221.2048200754019,22.38217940697303,-3.96581989948046,4.098360655737708,,2.37428811462779,60.9271523178808,92.3841059602649,84.43708609271523,0.4918032786885246,97.04918032786885,,73.14487632508833,79.24944812362031,3,56.89528664388191,True,70.30778353172495,anomalias_climaticas_60_tendencias_activas_40_percentiles_v2,2.0
14056,2023,2041-2060,SSP2-4.5,ANOMALY,22.197666463851927,235.4852145385742,23.000667266845703,-2.928941861130413,5.300546448087431,,-0.6683331395574132,53.64238410596027,96.6887417218543,88.74172185430463,4.918032786885246,98.0327868852459,,40.63604240282685,79.69094922737305,3,47.86228735831933,True,66.95948447975157,anomalias_climaticas_60_tendencias_activas_40_percentiles_v2,2.0
15002,2023,2041-2060,SSP2-4.5,ANOMALY,9.705833387374875,31.61947636604309,10.36583333015442,-0.0546448087431699,0.6284153005464468,,,13.57615894039735,10.927152317880795,28.807947019867548,49.01639344262295,62.950819672131146,,,17.770419426048566,2,55.983606557377044,True,33.055694278579956,anomalias_climaticas_60_tendencias_activas_40_percentiles_v2,2.0
15005,2023,2041-2060,SSP2-4.5,ANOMALY,8.619999917348226,10.846590344111124,9.713888867696124,-0.0740022012396437,-0.5737704918032793,,2.102304629946257,11.589403973509933,1.6556291390728477,25.165562913907284,48.52459016393443,34.75409836065574,,69.6113074204947,12.803532008830024,3,50.96333198169496,True,28.067451997976,anomalias_climaticas_60_tendencias_activas_40_percentiles_v2,2.0
15019,2023,2041-2060,SSP2-4.5,ANOMALY,8.041666666666668,13.556164447466532,9.38166661262512,-1.4727461752830249,2.5409836065573783,,6.378059690925355,9.602649006622517,2.6490066225165565,23.509933774834437,18.0327868852459,89.50819672131148,,95.75971731448763,11.920529801324504,3,67.766900307015,True,34.259078003600706,anomalias_climaticas_60_tendencias_activas_40_percentiles_v2,2.0
15030,2023,2041-2060,SSP2-4.5,ANOMALY,15.835000038146973,14.661813592910766,9.141666316986084,-1.136326641373795,1.2704918032786892,,5.291857344223675,24.172185430463575,3.642384105960265,20.86092715231788,24.918032786885245,75.40983606557377,,90.81272084805654,16.225165562913904,3,63.71352990017186,True,35.22051129781709,anomalias_climaticas_60_tendencias_activas_40_percentiles_v2,2.0
15031,2023,2041-2060,SSP2-4.5,ANOMALY,14.322500133514405,17.89206657409668,8.360000085830688,0.9387005511987252,-1.7759562841530054,,5.814877033089398,19.205298013245034,5.629139072847682,11.589403973509933,76.06557377049181,17.37704918032787,,92.57950530035336,12.141280353200884,3,62.00737608372435,True,32.08771864541027,anomalias_climaticas_60_tendencias_activas_40_percentiles_v2,2.0
15036,2023,2041-2060,SSP2-4.5,ANOMALY,15.649999856948853,7.708178234100342,6.744999837875366,0.8020622139836661,2.6775956284152924,,0.962532071997964,23.178807947019866,0.4966887417218543,3.3112582781456954,73.77049180327869,90.81967213114754,,57.95053003533569,8.995584988962472,3,74.18023132325398,True,35.06944352267908,anomalias_climaticas_60_tendencias_activas_40_percentiles_v2,2.0
15054,2023,2041-2060,SSP2-4.5,ANOMALY,14.809999990463258,11.365405178070068,6.570000028610229,0.2683967637915359,-2.0218579234972673,,7.891637220259128,20.86092715231788,1.9867549668874172,2.3178807947019866,59.67213114754098,15.081967213114755,,97.87985865724382,8.388520971302428,3,57.54465233929985,True,28.050973518501397,anomalias_climaticas_60_tendencias_activas_40_percentiles_v2,2.0
15058,2023,2041-2060,SSP2-4.5,ANOMALY,17.610833382606508,14.752652162313462,7.612499713897705,2.6886686799811312,-1.0928961748633816,,1.8366834656008135,28.807947019867548,3.9735099337748343,8.609271523178808,97.04918032786885,27.540983606557376,,67.49116607773851,13.796909492273732,3,64.02711000405492,True,33.88898969698621,anomalias_climaticas_60_tendencias_activas_40_percentiles_v2,2.0
15073,2023,2041-2060,SSP2-4.5,ANOMALY,8.174999888737997,26.138798189163207,11.49444440205892,0.628083113259251,2.295081967213119,,1.1484098939929304,9.933774834437086,9.933774834437086,32.78145695364238,68.52459016393442,87.54098360655738,,59.71731448763251,17.549668874172184,3,71.92762941937477,True,39.30085309225322,anomalias_climaticas_60_tendencias_activas_40_percentiles_v2,2.0
15078,2023,2041-2060,SSP2-4.5,ANOMALY,9.511363636363637,34.07428520376032,9.59803026372736,-1.112188338523611,-3.0054644808743234,,1.705767634053565,12.251655629139073,11.920529801324504,24.172185430463575,25.24590163934426,9.180327868852459,,65.7243816254417,16.11479028697572,3,33.38353704454614,True,23.022288990003887,anomalias_climaticas_60_tendencias_activas_40_percentiles_v2,2.0
16078,2023,2041-2060,SSP2-4.5,ANOMALY,21.285849072798243,96.79003627705124,12.052672965571563,-1.1777628829284486,0.1092896174863362,,2.0203159328037117,43.37748344370861,26.490066225165563,33.77483443708609,23.60655737704918,47.540983606557376,,68.55123674911661,34.54746136865342,3,46.56625924424105,True,39.354980518888475,anomalias_climaticas_60_tendencias_activas_40_percentiles_v2,2.0
17023,2023,2041-2060,SSP2-4.5,ANOMALY,21.07916688919067,93.52755279541016,10.929999923706054,-1.0614837145182443,-0.4644808743169477,,0.1846563644554152,42.05298013245033,25.496688741721854,30.794701986754966,26.557377049180328,36.0655737704918,,51.9434628975265,32.78145695364238,3,38.18880457239954,True,34.94439600114525,anomalias_climaticas_60_tendencias_activas_40_percentiles_v2,2.0
17066,2023,2041-2060,SSP2-4.5,ANOMALY,24.803333234786987,160.93842449188233,7.797500610351563,-1.8914908954761749,0.1775956284153027,,-9.738208735418365,74.17218543046357,60.264900662251655,9.271523178807946,13.114754098360656,51.14754098360656,,0.35335689045936397,47.902869757174386,3,21.538550657475525,True,37.35714211729484,anomalias_climaticas_60_tendencias_activas_40_percentiles_v2,2.0
17079,2023,2041-2060,SSP2-4.5,ANOMALY,20.825833201408383,141.82613143920898,9.295000171661377,-0.0162196605456757,-0.6557377049180364,,-1.3616154493996888,39.735099337748345,47.682119205298015,22.516556291390728,51.47540983606557,33.77049180327869,,32.50883392226148,36.64459161147903,3,39.25157852053525,True,37.68738637510152,anomalias_climaticas_60_tendencias_activas_40_percentiles_v2,2.0
17095,2023,2041-2060,SSP2-4.5,ANOMALY,20.241666388511657,91.3389615058899,10.50666675567627,-0.7546001011608034,-0.6830601092896156,,-1.7351216484922225,36.09271523178808,25.165562913907284,29.13907284768212,32.131147540983605,33.114754098360656,,28.62190812720848,30.132450331125824,3,31.289269922184246,True,30.595178167549193,anomalias_climaticas_60_tendencias_activas_40_percentiles_v2,2.0
17114,2023,2041-2060,SSP2-4.5,ANOMALY,16.109166622161865,97.45866947174072,7.409166240692139,2.4929708575553793,0.2459016393442574,,-4.4479906784705605,25.165562913907284,27.1523178807947,7.28476821192053,95.40983606557377,53.77049180327869,,11.66077738515901,19.867549668874172,3,53.61370175133715,True,33.366010501859364,anomalias_climaticas_60_tendencias_activas_40_percentiles_v2,2.0
17155,2023,2041-2060,SSP2-4.5,ANOMALY,21.30166697502136,155.9074668884277,9.823333358764648,-0.323184240531244,-3.224043715846997,,-7.357933151827609,43.70860927152318,57.615894039735096,25.496688741721854,40.98360655737705,7.868852459016393,,2.8268551236749118,42.27373068432671,3,17.226438046689452,True,32.25481362927181,anomalias_climaticas_60_tendencias_activas_40_percentiles_v2,2.0
18017,2023,2041-2060,SSP2-4.5,ANOMALY,21.692500042915345,89.92678585052491,20.417499923706053,-0.0546448087431699,0.6284153005464503,,,47.682119205298015,24.172185430463575,64.90066225165563,49.01639344262295,63.60655737704918,,,45.58498896247241,2,56.31147540983606,True,49.87558354141787,anomalias_climaticas_60_tendencias_activas_40_percentiles_v2,2.0
18087,2023,2041-2060,SSP2-4.5,ANOMALY,31.101111157735183,186.70897699991863,19.603334299723308,-1.1469037826565498,-0.0819672131147513,,1.01412626438786,97.35099337748345,73.84105960264901,56.29139072847682,24.59016393442623,40.98360655737705,,58.303886925795055,75.82781456953643,3,41.29255247253278,True,62.01370973073497,anomalias_climaticas_60_tendencias_activas_40_percentiles_v2,2.0
18140,2023,2041-2060,SSP2-4.5,ANOMALY,22.63555541038513,85.08507849375407,21.76694424947103,-2.734752334520502,5.409836065573774,,2.335663985164018,59.602649006622514,22.8476821192053,80.13245033112582,5.573770491803279,98.36065573770492,,72.08480565371025,54.194260485651206,3,58.67307729440614,True,55.98578720915318,anomalias_climaticas_60_tendencias_activas_40_percentiles_v2,2.0
19046,2023,2041-2060,SSP2-4.5,ANOMALY,21.646667003631592,179.58449630737306,16.20833377838135,-0.2459016393442633,-1.9398907103825147,,,47.35099337748344,69.86754966887418,40.397350993377486,42.950819672131146,15.737704918032787,,,52.53863134657837,2,29.34426229508197,True,43.26088372597981,anomalias_climaticas_60_tendencias_activas_40_percentiles_v2,2.0
19130,2023,2041-2060,SSP2-4.5,ANOMALY,21.310454507307572,149.48934607072312,15.327272831309926,1.0460248439854265,-0.3551912568306014,,-0.5578986030371027,44.03973509933775,52.317880794701985,36.42384105960265,78.0327868852459,37.704918032786885,,40.98939929328622,44.26048565121412,3,52.242368070439674,True,47.453238618904344,anomalias_climaticas_60_tendencias_activas_40_percentiles_v2,2.0
20030,2023,2041-2060,SSP2-4.5,ANOMALY,3.1183332920074465,32.728183555603025,6.663333511352539,-1.8712854080982453,5.710382513661202,,8.821500061145542,0.4966887417218543,11.589403973509933,2.980132450331126,13.442622950819672,99.50819672131148,,99.64664310954063,5.022075055187638,3,70.86582092722392,True,31.359573404002152,anomalias_climaticas_60_tendencias_activas_40_percentiles_v2,2.0
20045,2023,2041-2060,SSP2-4.5,ANOMALY,3.0250001192092895,25.42510004043579,3.1449997186660767,-1.0595674017689611,3.770491803278688,,7.914084071907159,0.4966887417218543,8.609271523178808,0.4966887417218543,26.885245901639344,95.40983606557377,,98.23321554770318,3.200883002207506,3,73.5094325049721,True,31.32430280331334,anomalias_climaticas_60_tendencias_activas_40_percentiles_v2,2.0
20067,2023,2041-2060,SSP2-4.5,ANOMALY,2.9433332443237306,27.20901699066162,3.0183329582214355,-0.2097791379066909,1.4617486338797794,,4.770318021201414,0.4966887417218543,10.264900662251655,0.4966887417218543,43.9344262295082,78.36065573770492,,89.75265017667844,3.752759381898455,3,70.68257738129718,True,30.524686581657946,anomalias_climaticas_60_tendencias_activas_40_percentiles_v2,2.0
20069,2023,2041-2060,SSP2-4.5,ANOMALY,3.629999995231629,18.69701156616211,2.979999828338623,0.0057302307040712,0.2185792349726749,,5.635226900643897,1.9867549668874172,5.960264900662252,0.4966887417218543,52.459016393442624,52.78688524590164,,91.87279151943463,2.814569536423841,3,65.7062310529263,True,27.971234143024823,anomalias_climaticas_60_tendencias_activas_40_percentiles_v2,2.0
21041,2023,2041-2060,SSP2-4.5,ANOMALY,8.812083399295807,140.73160371780395,21.46833324432373,-0.1028511900922583,2.6502732240437155,,4.0483500357218745,11.920529801324504,46.35761589403973,78.1456953642384,47.540983606557376,90.49180327868852,,85.15901060070671,45.47461368653421,3,74.39726582865087,True,57.043674543380874,anomalias_climaticas_60_tendencias_activas_40_percentiles_v2,2.0
21044,2023,2041-2060,SSP2-4.5,ANOMALY,10.17999999182565,151.98479494367328,22.410476248604912,-1.202185792349726,-0.1912568306010911,,,14.23841059602649,53.973509933774835,85.09933774834437,22.950819672131146,39.18032786885246,,,51.1037527593819,2,31.065573770491802,True,43.08848116382586,anomalias_climaticas_60_tendencias_activas_40_percentiles_v2,2.0
22125,2023,2041-2060,SSP2-4.5,ANOMALY,18.36452383995056,163.56384195600236,7.564285673413957,2.5550849568986997,-0.6693989071038271,,3.2041993950024192,29.801324503311257,63.24503311258278,8.278145695364238,96.06557377049181,33.442622950819676,,81.62544169611307,33.77483443708609,3,70.37787947247485,True,48.4160524512416,anomalias_climaticas_60_tendencias_activas_40_percentiles_v2,2.0
23005,2023,2041-2060,SSP2-4.5,ANOMALY,23.516121215820313,239.9146860296076,22.4818183482777,-2.464549598173067,2.2540983606557377,,-2.0311263009519394,66.88741721854305,99.50331125827815,86.09271523178808,8.19672131147541,86.88524590163935,,25.08833922261484,84.16114790286976,3,40.05676881190987,True,66.5193962664858,anomalias_climaticas_60_tendencias_activas_40_percentiles_v2,2.0
23050,2023,2041-2060,SSP2-4.5,ANOMALY,23.85925936963823,218.5447035047743,23.055832947625056,-2.580223229856994,2.9234972677595623,,6.595995288574805,69.20529801324503,91.05960264900662,90.39735099337749,7.213114754098361,92.45901639344262,,96.81978798586573,83.5540838852097,3,65.49730637780225,True,76.33137288224673,anomalias_climaticas_60_tendencias_activas_40_percentiles_v2,2.0
23055,2023,2041-2060,SSP2-4.5,ANOMALY,23.85309530666896,239.29806714739115,23.290714699881416,-2.1195620691652675,3.224043715846994,,1.531213191990581,68.87417218543047,98.67549668874172,92.05298013245033,11.475409836065573,93.77049180327869,,63.957597173144876,86.53421633554085,3,56.40116627082971,True,74.48099630965639,anomalias_climaticas_60_tendencias_activas_40_percentiles_v2,2.0
23092,2023,2041-2060,SSP2-4.5,ANOMALY,27.212380930355614,228.800656073434,23.047738048008508,-3.082057322340007,2.049180327868856,,6.776473270261027,88.0794701986755,95.36423841059603,90.06622516556291,3.6065573770491803,85.24590163934427,,97.52650176678445,91.16997792494482,3,62.1263202610593,True,79.55251485939061,anomalias_climaticas_60_tendencias_activas_40_percentiles_v2,2.0
24089,2023,2041-2060,SSP2-4.5,ANOMALY,15.675,82.56019477844238,16.70749988555908,-0.8198134281252657,0.3688524590163927,,1.0412676028752188,23.509933774834437,22.516556291390728,41.72185430463576,30.491803278688526,58.36065573770492,,59.01060070671378,29.24944812362031,3,49.287686574369076,True,37.26474350391982,anomalias_climaticas_60_tendencias_activas_40_percentiles_v2,2.0
24115,2023,2041-2060,SSP2-4.5,ANOMALY,14.52089751316951,65.05955194693345,13.677051192063551,0.1279452376755401,0.4371584699453568,,-1.0600706713780923,20.198675496688743,18.874172185430464,34.7682119205298,55.73770491803279,59.34426229508197,,34.45229681978799,24.61368653421634,3,49.84475467763425,True,34.706113791583505,anomalias_climaticas_60_tendencias_activas_40_percentiles_v2,2.0
24142,2023,2041-2060,SSP2-4.5,ANOMALY,15.619444481531778,75.75663356781006,15.409444363911948,-0.4667979686806068,-3.224043715846995,,-4.745598057073467,22.185430463576157,19.867549668874172,36.75496688741722,37.704918032786885,8.19672131147541,,9.89399293286219,26.269315673289185,3,18.598544092374826,True,23.20100704092344,anomalias_climaticas_60_tendencias_activas_40_percentiles_v2,2.0
25120,2023,2041-2060,SSP2-4.5,ANOMALY,21.383518642849392,214.64306115044488,9.042037052578396,0.5436900330295487,-4.644808743169397,,-0.4922510564822211,45.033112582781456,89.73509933774834,18.874172185430464,66.88524590163935,2.622950819672131,,42.04946996466431,51.21412803532008,3,37.18588889532526,True,45.60283237932215,anomalias_climaticas_60_tendencias_activas_40_percentiles_v2,2.0
26089,2023,2041-2060,SSP2-4.5,ANOMALY,7.550555578867595,112.91673698425294,7.365555381774902,0.6876203481968337,-1.639344262295081,,4.100966348772117,8.609271523178808,32.450331125827816,6.622516556291391,70.49180327868852,18.360655737704917,,85.51236749116607,15.894039735099335,3,58.12160883585317,True,32.78506737540087,anomalias_climaticas_60_tendencias_activas_40_percentiles_v2,2.0
27028,2023,2041-2060,SSP2-4.5,ANOMALY,9.626666657129922,41.39420778910319,11.4544442431132,1.101082826365129,0.9289617486338784,,6.097433817992233,12.913907284768213,13.907284768211921,32.450331125827816,79.34426229508196,70.81967213114754,,93.63957597173145,19.757174392935983,3,81.26783679932032,True,44.36143935548972,anomalias_climaticas_60_tendencias_activas_40_percentiles_v2,2.0
28005,2023,2041-2060,SSP2-4.5,ANOMALY,22.03099986076355,193.37046829223632,15.003333282470702,1.3114754098360648,-0.9289617486338811,,0.4684687727356523,52.317880794701985,75.49668874172185,35.76158940397351,83.93442622950819,29.672131147540984,,54.77031802120141,54.52538631346579,3,56.125625132750194,True,55.16548184117955,anomalias_climaticas_60_tendencias_activas_40_percentiles_v2,2.0
28006,2023,2041-2060,SSP2-4.5,ANOMALY,21.217777903874715,197.17001444498695,17.273332595825195,1.9287879665566072,2.773224043715847,,2.379012274163756,42.71523178807947,78.47682119205298,44.370860927152314,91.80327868852459,91.63934426229508,,73.85159010600707,55.187637969094915,3,85.7647376856089,True,67.41847785570052,anomalias_climaticas_60_tendencias_activas_40_percentiles_v2,2.0
28007,2023,2041-2060,SSP2-4.5,ANOMALY,22.353333568573,198.360147857666,19.74499969482422,1.6742626826338027,0.3278688524590165,,-0.2248508187911232,54.966887417218544,79.47019867549669,58.94039735099338,88.85245901639344,56.721311475409834,,46.64310954063604,64.45916114790286,3,64.07229334414643,True,64.3044140264003,anomalias_climaticas_60_tendencias_activas_40_percentiles_v2,2.0
28013,2023,2041-2060,SSP2-4.5,ANOMALY,23.03041657209396,230.61335144042968,20.307917070388793,2.085888417787894,1.9398907103825136,,-1.019973435581278,63.24503311258278,96.02649006622516,64.23841059602648,92.45901639344262,84.59016393442623,,35.3356890459364,74.50331125827815,3,70.79495645793507,True,73.01996933814092,anomalias_climaticas_60_tendencias_activas_40_percentiles_v2,2.0
28014,2023,2041-2060,SSP2-4.5,ANOMALY,22.98166666030884,210.06493453979493,15.4316668510437,1.4720559517187772,-0.2732240437158458,,-5.93983645106408,62.58278145695364,86.09271523178808,37.086092715231786,87.21311475409836,38.68852459016394,,5.6537102473498235,61.9205298013245,3,43.85178319720404,True,54.693031159676316,anomalias_climaticas_60_tendencias_activas_40_percentiles_v2,2.0
28022,2023,2041-2060,SSP2-4.5,ANOMALY,21.917499828338624,200.4986545562744,20.01333351135254,2.9323279131440976,-1.20218579234973,,0.4594474935050812,50.66225165562914,80.13245033112582,60.9271523178808,98.0327868852459,25.24590163934426,,54.063604240282686,63.90728476821192,3,59.11409758829095,True,61.990009896243535,anomalias_climaticas_60_tendencias_activas_40_percentiles_v2,2.0
28045,2023,2041-2060,SSP2-4.5,ANOMALY,21.730333275794983,176.69192600250244,17.360666961669924,2.292253463900797,-1.6393442622950838,,2.6998805436516897,48.34437086092715,69.20529801324503,45.36423841059602,93.44262295081967,18.0327868852459,,77.73851590106007,54.304635761589395,3,63.071308579041876,True,57.81130488857038,anomalias_climaticas_60_tendencias_activas_40_percentiles_v2,2.0
28047,2023,2041-2060,SSP2-4.5,ANOMALY,21.418333578109745,141.02312164306642,17.4100004196167,1.8908700913747212,-1.8306010928961751,,0.8004387253461829,45.36423841059602,47.35099337748344,46.35761589403973,91.14754098360656,16.229508196721312,,56.890459363957596,46.35761589403973,3,54.75583618142849,True,49.716904008995236,anomalias_climaticas_60_tendencias_activas_40_percentiles_v2,2.0
28049,2023,2041-2060,SSP2-4.5,ANOMALY,23.411666870117188,223.93552169799804,20.499999809265137,1.2439900364942376,-4.508196721311475,,-1.413427561837466,65.89403973509934,94.03973509933775,66.55629139072848,81.9672131147541,3.6065573770491803,,31.448763250883392,75.49668874172185,3,39.00751124756223,True,60.901017744058,anomalias_climaticas_60_tendencias_activas_40_percentiles_v2,2.0
28058,2023,2041-2060,SSP2-4.5,ANOMALY,23.416666555404664,219.4538272857666,20.61333284378052,1.4246104179684915,-1.4207650273224064,,-0.6971071515090728,66.2251655629139,91.3907284768212,67.88079470198676,85.57377049180327,21.9672131147541,,39.92932862190813,75.1655629139073,3,49.156770742821834,True,64.76204604547311,anomalias_climaticas_60_tendencias_activas_40_percentiles_v2,2.0
28061,2023,2041-2060,SSP2-4.5,ANOMALY,22.534999799728393,166.33891096115113,17.640833377838135,3.2436541512427293,-0.7377049180327866,,1.2836702774720454,58.27814569536424,64.90066225165563,47.682119205298015,99.50819672131148,32.459016393442624,,60.7773851590106,56.95364238410596,3,64.24819942458824,True,59.87146520029887,anomalias_climaticas_60_tendencias_activas_40_percentiles_v2,2.0
28065,2023,2041-2060,SSP2-4.5,ANOMALY,22.956666593551635,221.63675216674807,19.57700107574463,1.1881258761216469,-2.1584699453551925,,-0.3554452881571184,62.25165562913907,92.71523178807946,55.96026490066225,80.32786885245902,14.426229508196721,,44.169611307420496,70.30905077262693,3,46.30790322269208,True,60.70859175265299,anomalias_climaticas_60_tendencias_activas_40_percentiles_v2,2.0
28074,2023,2041-2060,SSP2-4.5,ANOMALY,23.53833332061767,222.49445419311525,20.549999046325684,0.7260142919115433,-3.9071038251366135,,-0.9464715905752412,67.54966887417218,93.04635761589404,67.21854304635761,72.45901639344262,5.573770491803279,,36.74911660777385,75.93818984547461,3,38.260634497673244,True,60.86716770635407,anomalias_climaticas_60_tendencias_activas_40_percentiles_v2,2.0
28079,2023,2041-2060,SSP2-4.5,ANOMALY,21.860740787011604,200.26534929628724,18.67857996622721,0.0989414477043445,-0.8606557377049207,,1.594933286991446,49.66887417218543,79.80132450331126,51.98675496688742,54.75409836065574,30.491803278688526,,64.66431095406361,60.48565121412804,3,49.9700708644693,True,56.27941907426454,anomalias_climaticas_60_tendencias_activas_40_percentiles_v2,2.0
28080,2023,2041-2060,SSP2-4.5,ANOMALY,21.88916668891907,206.1507709503174,20.182499408721924,1.8041922035643696,-1.598360655737705,,-0.3160902894437072,50.33112582781457,84.43708609271523,62.25165562913907,90.1639344262295,18.688524590163933,,44.522968197879855,65.67328918322296,3,51.12514240475776,True,59.85403047183688,anomalias_climaticas_60_tendencias_activas_40_percentiles_v2,2.0
28092,2023,2041-2060,SSP2-4.5,ANOMALY,21.924166679382324,207.52509269714355,20.668333339691163,2.3031435246867087,-2.6502732240437146,,1.707891637220257,50.99337748344371,84.76821192052981,68.54304635761589,93.77049180327869,10.491803278688524,,66.07773851590106,68.10154525386314,3,56.780011199289426,True,63.57293163203365,anomalias_climaticas_60_tendencias_activas_40_percentiles_v2,2.0
28096,2023,2041-2060,SSP2-4.5,ANOMALY,22.635333442687987,214.3172134399414,20.898000297546385,1.448087431693994,1.2841530054644794,,,59.271523178807946,89.0728476821192,71.8543046357616,86.22950819672131,75.73770491803279,,,73.39955849889624,2,80.98360655737704,True,76.43317772228856,anomalias_climaticas_60_tendencias_activas_40_percentiles_v2,2.0
28106,2023,2041-2060,SSP2-4.5,ANOMALY,22.49166612625122,196.0603576660156,20.484998321533205,2.962449004718692,0.1092896174863383,,0.0598674006688474,56.95364238410596,77.48344370860927,65.89403973509934,98.36065573770492,48.19672131147541,,50.53003533568904,66.77704194260485,3,65.6958041282898,True,66.34454681687883,anomalias_climaticas_60_tendencias_activas_40_percentiles_v2,2.0
28113,2023,2041-2060,SSP2-4.5,ANOMALY,22.916666920979814,205.99869028727213,19.345556831359865,0.9564772442024356,-3.90710382513661,,-0.5262762198330861,61.920529801324506,84.10596026490066,54.966887417218544,77.04918032786885,5.901639344262295,,41.342756183745585,66.99779249448123,3,41.43119195195891,True,56.7711522774723,anomalias_climaticas_60_tendencias_activas_40_percentiles_v2,2.0
28115,2023,2041-2060,SSP2-4.5,ANOMALY,20.918333435058592,193.39985275268555,19.7,4.942854660256038,0.2322404371584703,,-1.7667844522968252,40.728476821192054,75.82781456953643,57.94701986754967,99.50819672131148,53.278688524590166,,27.915194346289752,58.167770419426056,3,60.23402653073047,True,58.99427286394782,anomalias_climaticas_60_tendencias_activas_40_percentiles_v2,2.0
28123,2023,2041-2060,SSP2-4.5,ANOMALY,22.52033363342285,222.4990338134766,17.65466636657715,1.3633298453668186,-5.846994535519125,,2.6609420317387986,57.94701986754967,93.37748344370861,48.01324503311258,84.59016393442623,1.3114754098360655,,77.03180212014134,66.4459161147903,3,54.31114715480121,True,61.59200853079466,anomalias_climaticas_60_tendencias_activas_40_percentiles_v2,2.0
28127,2023,2041-2060,SSP2-4.5,ANOMALY,22.152500104904178,198.0318519592285,18.565832996368407,4.230458011259007,-1.4754098360655754,,-0.3585082714471473,53.311258278145694,79.13907284768212,51.324503311258276,99.50819672131148,20.65573770491803,,43.81625441696113,61.25827814569536,3,54.66006294773021,True,58.61899206650929,anomalias_climaticas_60_tendencias_activas_40_percentiles_v2,2.0
28130,2023,2041-2060,SSP2-4.5,ANOMALY,21.956666564941408,215.6132522583008,17.43416633605957,0.3562532584139504,-6.748633879781421,,-4.130990853359971,51.65562913907285,90.39735099337749,47.019867549668874,61.63934426229508,0.4918032786885246,,13.074204946996467,63.0242825607064,3,25.06845082932669,True,47.841949868154515,anomalias_climaticas_60_tendencias_activas_40_percentiles_v2,2.0
28134,2023,2041-2060,SSP2-4.5,ANOMALY,21.24000005722046,197.4879264831543,16.57333278656006,1.4642038729822966,1.6939890710382524,,4.912746744187984,43.04635761589404,78.80794701986756,41.390728476821195,86.88524590163935,81.63934426229508,,90.10600706713781,54.4150110375276,3,86.21019907702407,True,67.13308625332618,anomalias_climaticas_60_tendencias_activas_40_percentiles_v2,2.0
28148,2023,2041-2060,SSP2-4.5,ANOMALY,21.73166651725769,209.55998916625975,16.203332901000977,2.566811168136601,0.2732240437158459,,-3.1674679951340963,48.675496688741724,85.76158940397352,40.06622516556291,96.39344262295081,55.40983606557377,,18.72791519434629,58.167770419426056,3,56.843731294290286,True,57.63815476937175,anomalias_climaticas_60_tendencias_activas_40_percentiles_v2,2.0
28161,2023,2041-2060,SSP2-4.5,ANOMALY,22.905833315849303,207.91650390625,19.436667060852052,3.1786768706462905,-0.4644808743169412,,2.1975647576196735,60.59602649006622,85.43046357615894,55.29801324503311,98.68852459016394,36.721311475409834,,71.02473498233215,67.10816777041943,3,68.8115236826353,True,67.78951013530578,anomalias_climaticas_60_tendencias_activas_40_percentiles_v2,2.0
28181,2023,2041-2060,SSP2-4.5,ANOMALY,21.992777760823568,204.66060206095375,20.294444783528647,2.1452494271108775,0.5327868852459036,,4.319791503955035,51.98675496688742,82.78145695364239,63.57615894039735,92.78688524590164,60.65573770491803,,87.27915194346289,66.11479028697572,3,80.24059163142752,True,71.76511082475645,anomalias_climaticas_60_tendencias_activas_40_percentiles_v2,2.0
28903,2023,2041-2060,SSP2-4.5,ANOMALY,21.758333563804623,194.0123878479004,17.99500036239624,1.450790708451601,-4.01639344262295,,0.8130129071429977,49.00662251655629,76.15894039735099,49.33774834437086,86.55737704918033,5.245901639344262,,57.24381625441696,58.16777041942604,3,49.682364980980516,True,54.773608244047836,anomalias_climaticas_60_tendencias_activas_40_percentiles_v2,2.0
29007,2023,2041-2060,SSP2-4.5,ANOMALY,28.22066662788391,132.38356979370116,20.055666580200192,0.0947691594740197,0.0819672131147536,,-0.22630288285157,91.3907284768212,40.728476821192054,61.258278145695364,54.42622950819672,46.22950819672131,,46.28975265017668,64.45916114790286,3,48.981830118364904,True,58.26822873608768,anomalias_climaticas_60_tendencias_activas_40_percentiles_v2,2.0
29015,2023,2041-2060,SSP2-4.5,ANOMALY,26.178240720431013,166.77446853849622,19.815833038753933,-1.1744436889862586,-1.4480874316939905,,-0.968416716548558,82.45033112582782,65.23178807947019,59.602649006622514,23.934426229508198,21.639344262295083,,36.042402826855124,69.09492273730685,3,27.20539110621947,True,52.3391100848719,anomalias_climaticas_60_tendencias_activas_40_percentiles_v2,2.0
29025,2023,2041-2060,SSP2-4.5,ANOMALY,25.367916560173036,95.82851791381836,20.492499542236327,0.1588657823089878,0.0273224043715861,,-1.6860371741387083,77.48344370860927,26.158940397350992,66.2251655629139,57.049180327868854,44.59016393442623,,29.328621908127207,56.622516556291394,3,43.6559887234741,True,51.43590542316448,anomalias_climaticas_60_tendencias_activas_40_percentiles_v2,2.0
29051,2023,2041-2060,SSP2-4.5,ANOMALY,26.543666782379148,123.9597708129883,19.11300003051758,0.2533742686670919,0.3005464480874297,,-0.824499411071848,84.76821192052981,38.079470198675494,53.973509933774835,59.01639344262295,56.39344262295082,,38.869257950530034,58.94039735099338,3,51.4263646720346,True,55.93478427940987,anomalias_climaticas_60_tendencias_activas_40_percentiles_v2,2.0
29054,2023,2041-2060,SSP2-4.5,ANOMALY,22.915000009536744,87.45878467559814,21.37111028035482,0.1048469627689034,0.1092896174863445,,-3.974068198288186,61.258278145695364,23.509933774834437,76.49006622516556,55.08196721311475,48.52459016393443,,13.780918727915195,53.752759381898464,3,39.12915870165479,True,47.903319109801,anomalias_climaticas_60_tendencias_activas_40_percentiles_v2,2.0
29067,2023,2041-2060,SSP2-4.5,ANOMALY,27.359814874331157,138.66928787231444,19.190833176506892,1.3755667211958564,0.2732240437158495,,2.1319842695038176,88.41059602649007,45.36423841059602,54.3046357615894,84.91803278688525,56.0655737704918,,70.6713780918728,62.69315673289183,3,70.55166154974995,True,65.83655865963507,anomalias_climaticas_60_tendencias_activas_40_percentiles_v2,2.0
29069,2023,2041-2060,SSP2-4.5,ANOMALY,25.00166675567627,118.95821830749512,19.06166679382324,-0.2185792349726772,-0.027322404371579,,1.3563664140078742,75.82781456953643,35.09933774834437,52.980132450331126,43.60655737704918,42.622950819672134,,61.83745583038869,54.63576158940398,3,49.355654675703335,True,52.523718823923716,anomalias_climaticas_60_tendencias_activas_40_percentiles_v2,2.0
29070,2023,2041-2060,SSP2-4.5,ANOMALY,26.477291560173036,117.51205582618714,19.654583358764647,0.0285141262643882,0.3278688524590194,,2.3415398476212888,84.10596026490066,33.77483443708609,56.62251655629139,53.114754098360656,57.540983606557376,,72.43816254416961,58.16777041942604,3,61.031300083029215,True,59.31318228486731,anomalias_climaticas_60_tendencias_activas_40_percentiles_v2,2.0
29082,2023,2041-2060,SSP2-4.5,ANOMALY,26.074999713897704,123.18842926025393,21.44999961853027,2.5482245264438355,0.4644808743169383,,8.129847047549084,81.78807947019868,37.086092715231786,77.81456953642385,95.73770491803279,59.67213114754098,,98.93992932862191,65.56291390728477,3,84.78325513139856,True,73.25105039693028,anomalias_climaticas_60_tendencias_activas_40_percentiles_v2,2.0
29084,2023,2041-2060,SSP2-4.5,ANOMALY,23.356666798061795,134.87693488862777,22.338981331719292,-2.156958493198463,1.2568306010928936,,-1.4855468956664335,65.56291390728477,42.71523178807947,83.44370860927152,11.147540983606557,75.08196721311475,,30.742049469964666,63.90728476821192,3,38.99051922222866,True,53.94057854981862,anomalias_climaticas_60_tendencias_activas_40_percentiles_v2,2.0
29094,2023,2041-2060,SSP2-4.5,ANOMALY,24.898055617014567,102.62997884750366,21.035833168029782,-0.6330967349921981,0.6284153005464457,,-1.736813548812151,74.50331125827815,29.13907284768212,73.50993377483444,34.75409836065574,62.622950819672134,,28.268551236749115,59.05077262693157,3,41.88186680569233,True,52.18321029843588,anomalias_climaticas_60_tendencias_activas_40_percentiles_v2,2.0
29901,2023,2041-2060,SSP2-4.5,ANOMALY,26.378332805633544,100.47458915710448,21.60333404541016,0.6124406721428259,0.2049180327868782,,1.4134275618374517,83.44370860927152,28.14569536423841,78.47682119205298,68.19672131147541,52.459016393442624,,62.19081272084806,63.35540838852097,3,60.94885014192204,True,62.3927850898814,anomalias_climaticas_60_tendencias_activas_40_percentiles_v2,2.0
30003,2023,2041-2060,SSP2-4.5,ANOMALY,24.29303024465387,142.70993319424716,21.2765155098655,-1.4152136554094483,1.475409836065571,,6.042423935390992,71.8543046357616,48.34437086092715,75.49668874172185,19.672131147540984,78.68852459016394,,93.28621908127208,65.2317880794702,3,63.88229160632566,True,64.69198949021239,anomalias_climaticas_60_tendencias_activas_40_percentiles_v2,2.0
30005,2023,2041-2060,SSP2-4.5,ANOMALY,30.364999771118164,251.4648147583008,21.441666412353516,-0.6264494126089346,-1.2295081967213115,,-1.195587471661792,96.35761589403974,99.50331125827815,77.48344370860927,35.08196721311475,24.59016393442623,,33.21554770318021,91.11479028697572,3,30.96255961690706,True,67.05389801894826,anomalias_climaticas_60_tendencias_activas_40_percentiles_v2,2.0
30015,2023,2041-2060,SSP2-4.5,ANOMALY,29.016036025897876,151.0283734295819,21.77022531870249,0.1518926370687819,0.1229508196721305,,-0.4485966664708058,93.70860927152317,53.311258278145694,80.4635761589404,56.721311475409834,48.85245901639344,,42.40282685512368,75.82781456953643,3,49.32553244897565,True,65.22690172131212,anomalias_climaticas_60_tendencias_activas_40_percentiles_v2,2.0
30016,2023,2041-2060,SSP2-4.5,ANOMALY,29.513466659545895,167.25581525421143,22.342666702270503,-1.0677218256513228,0.5737704918032804,,4.026715239829994,95.36423841059603,65.56291390728477,84.10596026490066,26.229508196721312,61.967213114754095,,84.80565371024736,81.67770419426049,3,57.66745834057426,True,72.07360585278599,anomalias_climaticas_60_tendencias_activas_40_percentiles_v2,2.0
30019,2023,2041-2060,SSP2-4.5,ANOMALY,24.92395837903023,210.83050308227536,20.790416884422303,-1.504228697213692,2.7595628415300544,,2.8855368533927734,74.83443708609272,86.75496688741723,70.19867549668874,17.049180327868854,91.14754098360656,,79.15194346289752,77.2626931567329,3,62.44955492479098,True,71.33743786395613,anomalias_climaticas_60_tendencias_activas_40_percentiles_v2,2.0
30022,2023,2041-2060,SSP2-4.5,ANOMALY,26.22308946469935,185.82441604428175,22.547154459139197,-0.089186505402993,-2.4590163934426243,,-4.371851740470646,82.78145695364239,73.17880794701986,87.41721854304636,48.19672131147541,11.147540983606557,,12.014134275618375,81.12582781456955,3,23.786132190233445,True,58.1899495648351,anomalias_climaticas_60_tendencias_activas_40_percentiles_v2,2.0
30024,2023,2041-2060,SSP2-4.5,ANOMALY,26.498223652337725,167.80529586390446,22.21133788259406,0.32786885245901,-0.4234972677595628,,-0.1600589078789287,84.43708609271523,66.2251655629139,82.78145695364239,60.65573770491803,37.21311475409836,,47.34982332155477,77.81456953642383,3,48.40622526019039,True,66.05123182593046,anomalias_climaticas_60_tendencias_activas_40_percentiles_v2,2.0
30026,2023,2041-2060,SSP2-4.5,ANOMALY,28.25375001827876,189.18196042378744,22.531389172871908,-2.244243961799506,0.8469945355191275,,1.6480242365514168,91.72185430463576,74.17218543046357,87.08609271523179,10.491803278688524,68.19672131147541,,65.01766784452296,84.32671081677704,3,47.90206414489563,True,69.75685214802448,anomalias_climaticas_60_tendencias_activas_40_percentiles_v2,2.0
30027,2023,2041-2060,SSP2-4.5,ANOMALY,27.84805547396342,236.1299263000488,20.886666933695476,0.3612477470981905,-4.2622950819672125,,-3.966980583653065,90.39735099337749,97.01986754966887,71.52317880794702,61.967213114754095,4.262295081967213,,14.134275618374557,86.31346578366447,3,26.78792793836529,True,62.503250645544796,anomalias_climaticas_60_tendencias_activas_40_percentiles_v2,2.0
30030,2023,2041-2060,SSP2-4.5,ANOMALY,28.939634213796477,216.69061089492425,23.657073337275808,0.5756790399161149,-0.5191256830601105,,3.0174119121765868,93.37748344370861,90.72847682119205,93.37748344370861,67.54098360655738,35.08196721311475,,80.21201413427562,92.4944812362031,3,60.944988317982585,True,79.87468406891489,anomalias_climaticas_60_tendencias_activas_40_percentiles_v2,2.0
30035,2023,2041-2060,SSP2-4.5,ANOMALY,28.439444859822594,156.79910799662272,22.751110712687172,-0.8734864716727287,0.1366120218579283,,-6.994252729535795,92.05298013245033,58.27814569536424,87.74834437086092,29.83606557377049,49.50819672131148,,3.8869257950530036,79.3598233995585,3,27.74372936337832,True,58.71338578508642,anomalias_climaticas_60_tendencias_activas_40_percentiles_v2,2.0
30037,2023,2041-2060,SSP2-4.5,ANOMALY,32.935740831163194,203.783965894911,22.26759202745226,-1.748515793095101,-0.1912568306010911,,-3.5128825394412977,99.50331125827815,81.78807947019868,83.11258278145695,15.40983606557377,39.18032786885246,,17.314487632508833,88.13465783664458,3,23.968217188978354,True,62.46808157757809,anomalias_climaticas_60_tendencias_activas_40_percentiles_v2,2.0
30039,2023,2041-2060,SSP2-4.5,ANOMALY,26.795757454091852,168.28952220569957,22.422424108331853,0.0880321254451867,-0.9426229508196722,,-8.250786846627664,85.43046357615894,66.55629139072848,85.43046357615894,54.09836065573771,29.18032786885246,,1.4134275618374559,79.13907284768213,3,28.23070536214254,True,58.7757258534663,anomalias_climaticas_60_tendencias_activas_40_percentiles_v2,2.0
30043,2023,2041-2060,SSP2-4.5,ANOMALY,26.83294874704801,181.03125277299148,23.135705272968,-0.9639112552858756,1.4480874316939896,,-2.104987792117196,86.09271523178808,70.52980132450331,90.72847682119205,28.19672131147541,77.54098360655738,,24.381625441696112,82.4503311258278,3,43.37311011990963,True,66.81944272346054,anomalias_climaticas_60_tendencias_activas_40_percentiles_v2,2.0
31201,2023,2041-2060,SSP2-4.5,ANOMALY,6.043333530426025,79.52117385864258,7.208333301544189,1.286856282222093,0.8606557377049182,,1.491396349261711,5.629139072847682,21.192052980132452,5.960264900662252,82.95081967213115,68.85245901639344,,62.897526501766784,10.927152317880795,3,71.56693506343045,True,35.18306541610066,anomalias_climaticas_60_tendencias_activas_40_percentiles_v2,2.0
31232,2023,2041-2060,SSP2-4.5,ANOMALY,9.567638878027598,156.96879698435467,8.891805696487427,1.0725662325298335,-0.0136612021857924,,5.246472696288501,12.582781456953642,58.609271523178805,16.225165562913908,78.68852459016394,42.950819672131146,,90.45936395759718,29.139072847682115,3,70.69956940663076,True,45.763271471261575,anomalias_climaticas_60_tendencias_activas_40_percentiles_v2,2.0
32054,2023,2041-2060,SSP2-4.5,ANOMALY,12.894166707992554,99.13657960891724,15.46916651725769,-2.0528911709255606,1.639344262295083,,0.4680657287912257,16.887417218543046,27.483443708609272,37.74834437086093,11.80327868852459,80.65573770491804,,54.41696113074205,27.37306843267108,3,48.95865917472823,True,36.00730472949394,anomalias_climaticas_60_tendencias_activas_40_percentiles_v2,2.0
33004,2023,2041-2060,SSP2-4.5,ANOMALY,11.088333463668825,5.615541863441467,8.95166654586792,-3.4617927022739288,3.36065573770492,,-1.934271208774173,14.900662251655628,0.4966887417218543,17.218543046357617,1.9672131147540983,94.75409836065573,,25.795053003533567,10.871964679911699,3,40.8387881596478,True,22.858694071806138,anomalias_climaticas_60_tendencias_activas_40_percentiles_v2,2.0
33024,2023,2041-2060,SSP2-4.5,ANOMALY,8.536874991655349,8.286931498348713,7.974791657924652,-1.4879318520954654,2.076502732240428,,2.552598076659419,10.927152317880795,0.4966887417218543,10.264900662251655,17.37704918032787,85.57377049180327,,74.91166077738517,7.229580573951435,3,59.287493483172106,True,28.052745737639707,anomalias_climaticas_60_tendencias_activas_40_percentiles_v2,2.0
33031,2023,2041-2060,SSP2-4.5,ANOMALY,5.044000024795532,16.777988023757935,7.56300006866455,-0.7678271447604696,3.8524590163934422,,-3.2077090310829064,4.635761589403973,4.635761589403973,7.947019867549669,31.475409836065573,95.73770491803279,,18.374558303886925,5.739514348785872,3,48.529224352661764,True,22.85539835033623,anomalias_climaticas_60_tendencias_activas_40_percentiles_v2,2.0
33037,2023,2041-2060,SSP2-4.5,ANOMALY,4.709047630855015,17.717153787612915,8.186190618787494,-0.6720905925205867,3.142076502732243,,-2.657881294037681,3.642384105960265,5.298013245033113,10.927152317880795,34.09836065573771,93.44262295081967,,21.554770318021202,6.622516556291391,3,49.698584641526196,True,23.852943790385314,anomalias_climaticas_60_tendencias_activas_40_percentiles_v2,2.0
33044,2023,2041-2060,SSP2-4.5,ANOMALY,6.583333308046514,16.954376654191453,8.586969618363813,-2.274768536005977,2.4043715846994527,,3.7199932057461544,7.6158940397351,4.966887417218543,12.913907284768213,10.163934426229508,88.19672131147541,,83.03886925795052,8.498896247240618,3,60.466508331885144,True,29.285941081098432,anomalias_climaticas_60_tendencias_activas_40_percentiles_v2,2.0
33066,2023,2041-2060,SSP2-4.5,ANOMALY,6.170909077470953,14.616027593612673,8.21378790248524,-1.5846608353125209,0.2459016393442616,,2.635471065122649,6.622516556291391,3.3112582781456954,11.258278145695364,16.065573770491802,54.75409836065574,,76.67844522968198,7.064017660044151,3,49.16603912027651,True,23.904826244137094,anomalias_climaticas_60_tendencias_activas_40_percentiles_v2,2.0
34120,2023,2041-2060,SSP2-4.5,ANOMALY,14.430416643619536,106.01866159439086,15.599583530426026,-2.329071886913587,3.333333333333334,,0.2422556299983256,19.5364238410596,29.801324503311257,38.079470198675494,9.180327868852459,94.09836065573771,,52.65017667844523,29.139072847682115,3,51.9762884010118,True,38.27395906901399,anomalias_climaticas_60_tendencias_activas_40_percentiles_v2,2.0
35002,2023,2041-2060,SSP2-4.5,ANOMALY,21.31199994087219,132.582936668396,30.779500579833982,0.5330627591581719,-0.8196721311475486,,-1.0598595860193925,44.370860927152314,41.05960264900662,97.68211920529801,66.22950819672131,30.81967213114754,,34.98233215547703,61.03752759381897,3,44.0105041611153,True,54.226718220737496,anomalias_climaticas_60_tendencias_activas_40_percentiles_v2,2.0
35004,2023,2041-2060,SSP2-4.5,ANOMALY,17.5383332490921,62.59759960174561,32.41000061035156,0.7815015496417884,0.2459016393442586,,-2.2733023875276657,28.47682119205298,18.211920529801326,99.50331125827815,73.44262295081967,54.26229508196721,,22.614840989399294,48.730684326710815,3,50.10658634072872,True,49.28104513231797,anomalias_climaticas_60_tendencias_activas_40_percentiles_v2,2.0
35006,2023,2041-2060,SSP2-4.5,ANOMALY,12.789999953905742,14.782193676630657,28.232776641845703,1.0645117689084564,-0.8743169398907114,,-2.723908072704724,16.556291390728475,4.304635761589404,96.6887417218543,78.36065573770492,30.16393442622951,,21.20141342756184,39.18322295805739,3,43.24200119716542,True,40.806734253700604,anomalias_climaticas_60_tendencias_activas_40_percentiles_v2,2.0
35011,2023,2041-2060,SSP2-4.5,ANOMALY,17.008055671056113,79.03780708312988,32.292222595214845,0.7584629137904553,2.2404371584699456,,0.7941905979924826,27.1523178807947,20.86092715231788,98.67549668874172,73.11475409836065,86.55737704918033,,56.53710247349823,48.896247240618095,3,72.0697445403464,True,58.16564616050942,anomalias_climaticas_60_tendencias_activas_40_percentiles_v2,2.0
35014,2023,2041-2060,SSP2-4.5,ANOMALY,18.632312946416896,39.03911335614263,41.5914968685228,-0.3005464480874321,0.1366120218579235,,,31.125827814569536,13.245033112582782,99.50331125827815,41.63934426229508,49.18032786885246,,,47.95805739514349,2,45.40983606557377,True,46.9387688633156,anomalias_climaticas_60_tendencias_activas_40_percentiles_v2,2.0
35016,2023,2041-2060,SSP2-4.5,ANOMALY,16.379090909524397,26.01603125225414,32.09222167332967,-1.563698115471001,0.2459016393442586,,-0.7065069953106242,25.496688741721854,9.602649006622517,98.34437086092716,16.721311475409838,54.26229508196721,,39.57597173144876,44.48123620309051,3,36.85319276294194,True,41.430018827031084,anomalias_climaticas_60_tendencias_activas_40_percentiles_v2,2.0
35017,2023,2041-2060,SSP2-4.5,ANOMALY,19.262283140339264,53.858244027176944,40.27577649469245,3.401739045097283,0.5191256830601058,,-4.042581036791996,33.11258278145695,15.894039735099337,99.50331125827815,99.50819672131148,60.32786885245902,,13.42756183745583,49.50331125827815,3,57.75454247040878,True,52.8038037431304,anomalias_climaticas_60_tendencias_activas_40_percentiles_v2,2.0
35019,2023,2041-2060,SSP2-4.5,ANOMALY,16.401340535412665,101.40524065598198,26.517138058206307,0.0306190953039973,0.1639344262295026,,0.2244331392515732,26.158940397350992,28.807947019867548,95.36423841059603,53.442622950819676,50.16393442622951,,52.29681978798587,50.11037527593819,3,51.967792388345025,True,50.85334212090092,anomalias_climaticas_60_tendencias_activas_40_percentiles_v2,2.0
35022,2023,2041-2060,SSP2-4.5,ANOMALY,19.790757604078813,136.510216106068,26.762272574684836,1.666628923418103,-0.8196721311475391,,-7.138273575068288,34.7682119205298,44.370860927152314,96.35761589403974,88.19672131147541,31.80327868852459,,3.1802120141342756,58.49889624724062,3,41.06007067137809,True,51.52336601689561,anomalias_climaticas_60_tendencias_activas_40_percentiles_v2,2.0
35026,2023,2041-2060,SSP2-4.5,ANOMALY,19.21809514250074,53.37640719413757,31.098928342546735,1.085811233215337,-0.5191256830601058,,1.304015037011201,32.78145695364238,15.562913907284768,98.01324503311258,79.01639344262296,35.40983606557377,,61.130742049469966,48.785871964679906,3,58.51899051922223,True,52.679119386496836,anomalias_climaticas_60_tendencias_activas_40_percentiles_v2,2.0
36008,2023,2041-2060,SSP2-4.5,ANOMALY,6.498333311080932,42.50984230041504,10.69666624069214,-0.4644808743169406,1.12021857923497,,,7.28476821192053,14.23841059602649,29.801324503311257,38.032786885245905,73.44262295081967,,,17.108167770419424,2,55.73770491803279,True,32.55998262946477,anomalias_climaticas_60_tendencias_activas_40_percentiles_v2,2.0
36026,2023,2041-2060,SSP2-4.5,ANOMALY,8.343333208560944,48.96740808486938,9.887499952316285,-1.2199657354095397,2.459016393442627,,4.215401309925203,10.264900662251655,15.2317880794702,27.1523178807947,21.311475409836067,88.85245901639344,,86.57243816254417,17.549668874172184,3,65.57879086292456,True,36.76131766967313,anomalias_climaticas_60_tendencias_activas_40_percentiles_v2,2.0
36038,2023,2041-2060,SSP2-4.5,ANOMALY,9.700333309173583,58.00313129425049,10.115666675567628,1.2941964865892692,0.1912568306010982,,11.949126905971028,13.245033112582782,17.218543046357617,27.483443708609272,83.60655737704919,52.131147540983605,,99.64664310954063,19.315673289183223,3,78.46144934252447,True,42.973983710519725,anomalias_climaticas_60_tendencias_activas_40_percentiles_v2,2.0
36045,2023,2041-2060,SSP2-4.5,ANOMALY,7.592500042915344,55.07568597793579,11.882500076293946,0.3646219130571969,2.9234972677595588,,-0.117785630153115,8.940397350993377,16.225165562913908,33.443708609271525,62.622950819672134,92.1311475409836,,48.409893992932865,19.536423841059605,3,67.72133078452954,True,38.81038661844758,anomalias_climaticas_60_tendencias_activas_40_percentiles_v2,2.0
36057,2023,2041-2060,SSP2-4.5,ANOMALY,6.077000122070313,43.128813343048094,10.998999900817871,-0.3546477843430752,1.6939890710382506,,4.345887929177193,6.291390728476821,14.56953642384106,31.125827814569536,39.34426229508197,81.31147540983606,,87.63250883392226,17.328918322295806,3,69.42941551294676,True,38.169117198556194,anomalias_climaticas_60_tendencias_activas_40_percentiles_v2,2.0
36060,2023,2041-2060,SSP2-4.5,ANOMALY,10.135833144187927,48.28071541786194,9.135833358764648,-0.0189302041762916,2.3497267759562845,,1.308514678149154,13.907284768211921,14.900662251655628,20.198675496688743,50.81967213114754,87.8688524590164,,61.48409893992933,16.335540838852097,3,66.72420784336443,True,36.49100764065703,anomalias_climaticas_60_tendencias_activas_40_percentiles_v2,2.0
37274,2023,2041-2060,SSP2-4.5,ANOMALY,17.40666650136312,111.99771219889324,17.307221539815266,-2.5876274555962153,-1.2841530054644772,,5.522343869676317,28.14569536423841,31.456953642384107,44.70198675496689,6.885245901639344,23.934426229508198,,91.51943462897526,34.7682119205298,3,40.77970225337427,True,37.17280805366759,anomalias_climaticas_60_tendencias_activas_40_percentiles_v2,2.0
38001,2023,2041-2060,SSP2-4.5,ANOMALY,11.411666665758403,58.38827832085745,24.7238094329834,0.3278688524590158,0.0956284153005514,,-3.6091818947450873,15.2317880794702,17.549668874172184,93.70860927152317,60.98360655737705,47.21311475409836,,16.96113074204947,42.16335540838852,3,41.71928401784163,True,41.98572685216976,anomalias_climaticas_60_tendencias_activas_40_percentiles_v2,2.0
38006,2023,2041-2060,SSP2-4.5,ANOMALY,23.959500036239625,82.30295043945313,21.373331909179687,0.2871468533297943,0.6557377049180555,,-5.168497953267915,69.86754966887418,22.185430463576157,76.82119205298014,60.0,64.59016393442623,,8.12720848056537,56.29139072847682,3,44.23912413833053,True,51.4704840924183,anomalias_climaticas_60_tendencias_activas_40_percentiles_v2,2.0
38011,2023,2041-2060,SSP2-4.5,ANOMALY,20.572083401679993,64.7152776479721,33.03875079154968,-0.6830601092896178,0.6830601092896178,,,38.41059602649007,18.543046357615893,99.50331125827815,33.442622950819676,65.24590163934427,,,52.152317880794705,2,49.344262295081975,True,51.02909564650961,anomalias_climaticas_60_tendencias_activas_40_percentiles_v2,2.0
38017,2023,2041-2060,SSP2-4.5,ANOMALY,20.4018939148296,77.53783280632713,19.904015385020863,1.3919479828925336,0.2322404371584703,,-1.4028242944160467,36.75496688741722,20.198675496688743,60.264900662251655,85.24590163934427,53.278688524590166,,31.802120141342755,39.0728476821192,3,56.77557010175906,True,46.15393664997515,anomalias_climaticas_60_tendencias_activas_40_percentiles_v2,2.0
38023,2023,2041-2060,SSP2-4.5,ANOMALY,21.76783332109451,24.421203120946885,29.015416564941404,0.9072317221014884,0.1912568306010911,,0.042217071739472,49.33774834437086,7.947019867549669,97.01986754966887,75.40983606557377,51.47540983606557,,49.46996466431096,51.434878587196465,3,58.7850701886501,True,54.37495522777792,anomalias_climaticas_60_tendencias_activas_40_percentiles_v2,2.0
38026,2023,2041-2060,SSP2-4.5,ANOMALY,15.86016128447748,27.567435868712323,26.61763473018523,-1.6822105080229353,1.7213114754098355,,-1.816917224987442,24.503311258278146,10.596026490066226,95.69536423841059,15.737704918032787,82.29508196721312,,27.208480565371026,43.598233995584984,3,41.747089150205646,True,42.85777605743325,anomalias_climaticas_60_tendencias_activas_40_percentiles_v2,2.0
38028,2023,2041-2060,SSP2-4.5,ANOMALY,16.38666663169861,12.662707972526553,26.69999771118164,0.4608314506941632,0.1639344262294836,,-0.2206388744070485,25.827814569536425,2.3178807947019866,96.02649006622516,64.91803278688525,49.83606557377049,,46.996466431095406,41.39072847682119,3,53.91685493058372,True,46.4011790583262,anomalias_climaticas_60_tendencias_activas_40_percentiles_v2,2.0
38031,2023,2041-2060,SSP2-4.5,ANOMALY,13.981666592189246,18.81091649362019,25.76309585571289,-2.501027697083461,0.5601092896174908,,2.3342717200321865,18.211920529801326,6.291390728476821,94.70198675496688,7.868852459016393,61.31147540983606,,71.73144876325088,39.735099337748345,3,46.97059221070111,True,42.629296486929455,anomalias_climaticas_60_tendencias_activas_40_percentiles_v2,2.0
38038,2023,2041-2060,SSP2-4.5,ANOMALY,25.995237929480417,40.560281356175736,30.40238109770275,0.0,0.5464480874316967,,2.8532032826057177,81.45695364238411,13.57615894039735,97.35099337748345,51.967213114754095,60.98360655737705,,78.4452296819788,64.1280353200883,3,63.79868311803665,True,63.99629443926764,anomalias_climaticas_60_tendencias_activas_40_percentiles_v2,2.0
39016,2023,2041-2060,SSP2-4.5,ANOMALY,7.936666703224182,10.146709096431731,7.065000009536743,-1.8060012744019012,2.0491803278688514,,-2.8631529467066215,9.271523178807946,1.3245033112582782,5.298013245033113,14.754098360655737,84.91803278688525,,20.141342756183747,5.298013245033112,3,39.93782463457491,True,19.15393780084983,anomalias_climaticas_60_tendencias_activas_40_percentiles_v2,2.0
39020,2023,2041-2060,SSP2-4.5,ANOMALY,3.5372221867243447,13.97949916521708,6.661666679382324,-1.2144470833574676,1.3387978142076566,,4.534746760895171,0.4966887417218543,2.980132450331126,2.6490066225165565,21.9672131147541,76.06557377049181,,88.33922261484099,2.041942604856512,3,62.12400316669564,True,26.074766829592164,anomalias_climaticas_60_tendencias_activas_40_percentiles_v2,2.0
39075,2023,2041-2060,SSP2-4.5,ANOMALY,7.390000033378601,4.0522173047065735,6.274166440963745,-2.326282568865015,1.5027322404371597,,-0.7067137809187258,7.947019867549669,0.4966887417218543,0.4966887417218543,9.508196721311476,79.50819672131148,,39.2226148409894,2.980132450331126,3,42.74633609453745,True,18.886613908013654,anomalias_climaticas_60_tendencias_activas_40_percentiles_v2,2.0
39087,2023,2041-2060,SSP2-4.5,ANOMALY,5.824999880790711,20.661451053619384,7.006666660308838,-1.9843982312846384,1.775956284153003,,-1.825160781921241,5.298013245033113,6.622516556291391,4.966887417218543,12.78688524590164,83.27868852459017,,26.85512367491166,5.629139072847682,3,40.97356581513449,True,19.766909769762407,anomalias_climaticas_60_tendencias_activas_40_percentiles_v2,2.0
40194,2023,2041-2060,SSP2-4.5,ANOMALY,20.894285685675484,110.601358631679,15.462619154793876,-2.4397983691891225,-2.978142076502733,,3.7543115141650194,40.397350993377486,31.125827814569536,37.41721854304636,8.524590163934427,9.508196721311476,,83.39222614840989,36.31346578366446,3,33.80833767788527,True,35.31141454135279,anomalias_climaticas_60_tendencias_activas_40_percentiles_v2,2.0
41004,2023,2041-2060,SSP2-4.5,ANOMALY,15.39226199558803,212.6950560433524,21.43678569793701,-1.4805545866759695,0.1639344262295085,,0.0592622144542804,21.52317880794702,87.41721854304636,77.1523178807947,17.704918032786885,50.81967213114754,,50.17667844522968,62.030905077262695,3,39.56708953638803,True,53.045378860912834,anomalias_climaticas_60_tendencias_activas_40_percentiles_v2,2.0
41021,2023,2041-2060,SSP2-4.5,ANOMALY,13.825833296775818,202.76640853881835,20.69208354949951,-2.191375596486031,-3.2650273224043707,,6.239222829386764,17.880794701986755,81.12582781456953,69.20529801324503,10.819672131147541,7.540983606557377,,94.69964664310955,56.07064017660044,3,37.68676746027149,True,48.717091090068855,anomalias_climaticas_60_tendencias_activas_40_percentiles_v2,2.0
41024,2023,2041-2060,SSP2-4.5,ANOMALY,15.62283961596312,215.5206103854709,21.107222041377316,-3.794876314707092,0.7923497267759558,,-1.4167694929196784,22.516556291390728,90.06622516556291,74.17218543046357,0.4918032786885246,66.55737704918033,,31.09540636042403,62.251655629139066,3,32.71486222943096,True,50.436938269255826,anomalias_climaticas_60_tendencias_activas_40_percentiles_v2,2.0
41034,2023,2041-2060,SSP2-4.5,ANOMALY,14.546666741371157,213.8344955444336,20.435000038146978,-2.5965547892030565,0.7103825136612019,,2.366781110860501,20.52980132450331,88.41059602649007,65.56291390728477,6.557377049180328,65.57377049180327,,72.79151943462898,58.16777041942604,3,48.307555658537524,True,54.22368451507064,anomalias_climaticas_60_tendencias_activas_40_percentiles_v2,2.0
41038,2023,2041-2060,SSP2-4.5,ANOMALY,14.461111044883728,214.3499496459961,21.19750010172526,0.5330368767211311,0.7650273224043704,,1.4960705941416066,19.867549668874172,89.40397350993378,74.83443708609272,65.90163934426229,66.22950819672131,,63.25088339222615,61.36865342163355,3,65.12734364440324,True,62.87212951074143,anomalias_climaticas_60_tendencias_activas_40_percentiles_v2,2.0
41039,2023,2041-2060,SSP2-4.5,ANOMALY,17.396860477536222,223.24398289170375,21.038604816170626,-3.207003417714187,1.0655737704918031,,0.0,27.814569536423843,93.70860927152317,73.84105960264901,2.2950819672131146,72.1311475409836,,49.11660777385159,65.12141280353201,3,41.18094576068277,True,55.54522598639231,anomalias_climaticas_60_tendencias_activas_40_percentiles_v2,2.0
41053,2023,2041-2060,SSP2-4.5,ANOMALY,12.73429819408216,182.029367988988,20.566491277594317,-3.0054644808743163,1.024590163934426,,,16.225165562913908,71.8543046357616,67.54966887417218,3.9344262295081966,71.80327868852459,,,51.87637969094923,2,37.86885245901639,True,46.273368798176094,anomalias_climaticas_60_tendencias_activas_40_percentiles_v2,2.0
41059,2023,2041-2060,SSP2-4.5,ANOMALY,13.68833339214325,207.55150833129883,20.224166488647462,1.3250893773473322,-1.17486338797814,,2.1201413427561846,17.549668874172184,85.09933774834437,63.24503311258278,84.26229508196721,25.901639344262296,,70.14134275618375,55.29801324503311,3,60.10175906080442,True,57.21951157134163,anomalias_climaticas_60_tendencias_activas_40_percentiles_v2,2.0
41065,2023,2041-2060,SSP2-4.5,ANOMALY,18.827708333730698,202.80562416712445,22.096596749623615,-3.5700631408214107,-4.603825136612023,,-1.3817498090369582,32.11920529801324,81.45695364238411,81.45695364238411,1.3114754098360655,2.9508196721311477,,32.15547703180212,65.01103752759381,3,12.139257371256443,True,43.86232546505886,anomalias_climaticas_60_tendencias_activas_40_percentiles_v2,2.0
41069,2023,2041-2060,SSP2-4.5,ANOMALY,15.18125002384186,214.12670364379883,19.99833393096924,-4.419664407499662,-0.6557377049180326,,-2.0551339731088354,21.192052980132452,88.74172185430463,60.59602649006622,0.4918032786885246,34.09836065573771,,24.73498233215548,56.843267108167765,3,19.775048755527237,True,42.01597976711155,anomalias_climaticas_60_tendencias_activas_40_percentiles_v2,2.0
41081,2023,2041-2060,SSP2-4.5,ANOMALY,15.437777908643085,228.80668436686196,20.684166653951007,-3.5664530201585833,0.1092896174863377,,2.0293656561606332,21.85430463576159,95.69536423841059,68.87417218543047,1.639344262295082,47.868852459016395,,68.90459363957598,62.14128035320088,3,39.47093012029582,True,53.07314026003885,anomalias_climaticas_60_tendencias_activas_40_percentiles_v2,2.0
41091,2023,2041-2060,SSP2-4.5,ANOMALY,14.06366654396057,210.4917755126953,21.021333160400392,-0.1700383676316708,-0.2732240437158495,,6.478209658421676,18.543046357615893,86.42384105960265,73.17880794701986,44.91803278688525,38.36065573770492,,96.113074204947,59.381898454746135,3,59.797254243179054,True,59.5480407701193,anomalias_climaticas_60_tendencias_activas_40_percentiles_v2,2.0
41095,2023,2041-2060,SSP2-4.5,ANOMALY,16.055585555772524,205.54334725044868,19.675720709723397,-1.5787618992450132,1.5027322404371597,,-0.0082261002409055,24.834437086092716,83.44370860927152,57.28476821192053,16.39344262295082,79.50819672131148,,48.763250883392224,55.18763796909493,3,48.22163007588484,True,52.401234811810895,anomalias_climaticas_60_tendencias_activas_40_percentiles_v2,2.0
42173,2023,2041-2060,SSP2-4.5,ANOMALY,13.261354196071624,79.91312736272812,11.708645689487458,-3.1216324587123765,-0.0546448087431663,,3.668801535538712,17.218543046357617,21.52317880794702,33.11258278145695,2.9508196721311477,41.63934426229508,,82.68551236749117,23.951434878587197,3,42.425225433972464,True,31.340951100741304,anomalias_climaticas_60_tendencias_activas_40_percentiles_v2,2.0
43038,2023,2041-2060,SSP2-4.5,ANOMALY,28.7616667509079,162.69169921875,9.192500400543214,-2.679970239305725,-0.4918032786885161,,1.6551247887237668,93.04635761589404,61.58940397350993,21.52317880794702,5.901639344262295,35.73770491803279,,65.37102473498233,58.719646799116994,3,35.67012299909247,True,49.49983727910718,anomalias_climaticas_60_tendencias_activas_40_percentiles_v2,2.0
43123,2023,2041-2060,SSP2-4.5,ANOMALY,22.498333120346068,153.63258514404296,8.99166660308838,0.3847566695378835,-2.3087431693989062,,2.632798470717717,57.615894039735096,55.29801324503311,18.543046357615893,62.950819672131146,13.114754098360656,,76.32508833922262,43.818984547461376,3,50.7968873699048,True,46.61014567643875,anomalias_climaticas_60_tendencias_activas_40_percentiles_v2,2.0
43148,2023,2041-2060,SSP2-4.5,ANOMALY,26.894999957084657,141.96733837127687,8.611666870117187,1.7309274170190592,0.0683060109289653,,5.823051227094556,86.42384105960265,48.01324503311258,13.245033112582782,89.8360655737705,45.90163934426229,,92.93286219081273,49.22737306843266,3,76.22352236961517,True,60.02583278890566,anomalias_climaticas_60_tendencias_activas_40_percentiles_v2,2.0
43155,2023,2041-2060,SSP2-4.5,ANOMALY,25.766296270158556,169.8002443101671,8.565740542941622,0.7065049411489686,-1.3114754098360637,,-4.7209626787582835,80.4635761589404,66.88741721854305,12.582781456953642,71.47540983606558,23.278688524590162,,10.60070671378092,53.31125827814571,3,35.118268358145556,True,46.03406231014565,anomalias_climaticas_60_tendencias_activas_40_percentiles_v2,2.0
43163,2023,2041-2060,SSP2-4.5,ANOMALY,23.716666889190673,154.53738250732422,9.30000057220459,-0.7137800970632462,-0.0273224043715885,,4.6186489943029905,68.21192052980132,56.62251655629139,22.8476821192053,32.459016393442624,42.131147540983605,,89.04593639575971,49.22737306843266,3,54.54536677672865,True,51.35457055175105,anomalias_climaticas_60_tendencias_activas_40_percentiles_v2,2.0
43905,2023,2041-2060,SSP2-4.5,ANOMALY,27.628333568573,131.43831367492675,8.823333358764648,-1.857923497267758,0.0,,,89.73509933774834,40.397350993377486,14.23841059602649,13.770491803278688,43.60655737704918,,,48.12362030905077,2,28.688524590163933,True,40.34958202149603,anomalias_climaticas_60_tendencias_activas_40_percentiles_v2,2.0
44216,2023,2041-2060,SSP2-4.5,ANOMALY,20.479385920574792,106.59989082938746,9.857982374492444,0.714099519202918,-0.9289617486338811,,2.992908939183492,37.41721854304636,30.132450331125828,26.490066225165563,71.80327868852459,29.672131147540984,,79.50530035335689,31.346578366445915,3,60.326903396474144,True,42.93870837845721,anomalias_climaticas_60_tendencias_activas_40_percentiles_v2,2.0
45081,2023,2041-2060,SSP2-4.5,ANOMALY,22.91666684150696,204.33072204589843,19.75166702270508,-2.322404371584702,-3.5519125683060064,,,61.58940397350993,82.45033112582782,59.271523178807946,9.836065573770492,6.885245901639344,,,67.77041942604856,2,8.360655737704917,True,44.0065139507111,anomalias_climaticas_60_tendencias_activas_40_percentiles_v2,2.0
45165,2023,2041-2060,SSP2-4.5,ANOMALY,27.61083341042201,240.40293229420976,22.06027776400248,0.1731062580856945,1.1748633879781416,,0.741367491235286,89.40397350993378,99.50331125827815,81.12582781456953,57.704918032786885,74.42622950819673,,56.18374558303887,90.01103752759381,3,62.77163104134083,True,79.11527493309262,anomalias_climaticas_60_tendencias_activas_40_percentiles_v2,2.0
45168,2023,2041-2060,SSP2-4.5,ANOMALY,24.26583334604899,237.99670588175456,20.36194477081299,-0.1310316862654232,0.0819672131147548,,3.1802120141342733,71.19205298013244,98.34437086092716,64.56953642384106,47.21311475409836,46.557377049180324,,80.91872791519435,78.03532008830022,3,58.22973990615768,True,70.1130880154432,anomalias_climaticas_60_tendencias_activas_40_percentiles_v2,2.0
46005,2023,2041-2060,SSP2-4.5,ANOMALY,22.4819442431132,156.11660849253337,17.355833053588867,1.2724345631228162,-2.4590163934426217,,-1.5830934054096415,56.62251655629139,57.94701986754967,45.033112582781456,82.29508196721312,11.475409836065573,,29.681978798586574,53.20088300220751,3,41.15082353395509,True,48.38085921490654,anomalias_climaticas_60_tendencias_activas_40_percentiles_v2,2.0
46017,2023,2041-2060,SSP2-4.5,ANOMALY,26.61694443225861,203.9276264190674,19.06916691462199,0.2098915690220973,0.4098360655737713,,-6.373511320507791,85.09933774834437,82.11920529801324,53.311258278145694,58.36065573770492,59.01639344262295,,4.593639575971731,73.50993377483444,3,40.65689625209987,True,60.36871876574061,anomalias_climaticas_60_tendencias_activas_40_percentiles_v2,2.0
46021,2023,2041-2060,SSP2-4.5,ANOMALY,22.25999975204468,153.87418441772462,17.133333206176758,-0.3998989117697026,5.437158469945355,,2.1201413427561846,54.63576158940398,55.629139072847686,43.37748344370861,38.68852459016394,98.68852459016394,,70.14134275618375,51.214128035320094,3,69.17279731217054,True,58.397595746060276,anomalias_climaticas_60_tendencias_activas_40_percentiles_v2,2.0
46029,2023,2041-2060,SSP2-4.5,ANOMALY,26.365833640098572,193.1301300048828,19.66666660308838,-0.3399152781560872,5.0,,-6.21486270873535,83.11258278145695,75.16556291390728,56.95364238410596,40.0,97.70491803278688,,4.946996466431095,71.7439293598234,3,47.550638166405996,True,62.06661288245644,anomalias_climaticas_60_tendencias_activas_40_percentiles_v2,2.0
46078,2023,2041-2060,SSP2-4.5,ANOMALY,22.440416300296786,134.96200037002563,18.10166645050049,2.4435143200403067,-1.5846994535519108,,-5.782564385301036,56.29139072847682,43.04635761589404,50.0,94.75409836065573,19.016393442622952,,6.007067137809187,49.779249448123615,3,39.92585298036263,True,45.83789086101922,anomalias_climaticas_60_tendencias_activas_40_percentiles_v2,2.0
46094,2023,2041-2060,SSP2-4.5,ANOMALY,22.98833336830139,144.1955593585968,18.03979151248932,1.502732240437158,0.9016393442622944,,,62.913907284768214,49.33774834437086,49.66887417218543,87.54098360655738,70.1639344262295,,,53.973509933774835,2,78.85245901639344,True,63.92508956682227,anomalias_climaticas_60_tendencias_activas_40_percentiles_v2,2.0
46102,2023,2041-2060,SSP2-4.5,ANOMALY,21.86499981880188,163.37777976989747,15.873333549499511,0.456086200292539,2.568306010928958,,1.8001248656407067,50.0,62.913907284768214,39.40397350993378,64.59016393442623,89.8360655737705,,66.7844522968198,50.77262693156732,3,73.73689393500551,True,59.9583337329426,anomalias_climaticas_60_tendencias_activas_40_percentiles_v2,2.0
46110,2023,2041-2060,SSP2-4.5,ANOMALY,22.427499628067014,146.71029415130616,17.70083293914795,2.3056596673161924,-0.5737704918032817,,6.69437453926129,55.96026490066225,50.66225165562914,48.34437086092715,94.09836065573771,34.42622950819672,,97.17314487632508,51.65562913907285,3,75.23257834675316,True,61.086408822144975,anomalias_climaticas_60_tendencias_activas_40_percentiles_v2,2.0
46131,2023,2041-2060,SSP2-4.5,ANOMALY,23.097777827580767,151.2429951985677,16.916666666666664,0.6607100627712512,-0.0956284153005455,,-2.127092625847183,64.90066225165563,53.64238410596027,42.71523178807947,69.50819672131148,40.65573770491803,,24.02826855123675,53.752759381898464,3,44.730734325822084,True,50.14394935946791,anomalias_climaticas_60_tendencias_activas_40_percentiles_v2,2.0
46145,2023,2041-2060,SSP2-4.5,ANOMALY,26.79666690826416,205.8203155517578,19.88749990463257,-0.0525415975211167,1.393442622950822,,0.6143721722780426,85.76158940397352,83.7748344370861,59.93377483443709,49.83606557377049,76.72131147540983,,55.477031802120145,76.49006622516556,3,60.678136283766825,True,70.16529424860607,anomalias_climaticas_60_tendencias_activas_40_percentiles_v2,2.0
46159,2023,2041-2060,SSP2-4.5,ANOMALY,22.101110808054607,154.71904493967693,17.189166609446207,0.6116551020299146,1.0928961748633883,,2.0445727843425323,52.980132450331126,56.95364238410596,44.03973509933775,67.8688524590164,73.11475409836065,,69.25795053003533,51.324503311258276,3,70.08051902913746,True,58.826909598409955,anomalias_climaticas_60_tendencias_activas_40_percentiles_v2,2.0
46169,2023,2041-2060,SSP2-4.5,ANOMALY,22.24999942779541,140.72961921691893,17.941666030883788,1.6686941242348765,-2.2677595628415297,,-3.922799674456456,53.973509933774835,46.026490066225165,49.00662251655629,88.52459016393442,13.770491803278688,,15.19434628975265,49.66887417218543,3,39.16314275232192,True,45.46658160424003,anomalias_climaticas_60_tendencias_activas_40_percentiles_v2,2.0
46181,2023,2041-2060,SSP2-4.5,ANOMALY,27.07999994754791,162.90759830474855,18.514166831970215,1.1238919872199564,0.0546448087431699,,-0.2355712603062443,87.41721854304636,61.920529801324506,50.66225165562914,79.67213114754098,45.24590163934426,,45.936395759717314,66.66666666666667,3,56.95147618220085,True,62.78059047288034,anomalias_climaticas_60_tendencias_activas_40_percentiles_v2,2.0
46184,2023,2041-2060,SSP2-4.5,ANOMALY,23.092666692733765,140.81178283691406,20.10566680908203,0.1311475409836077,4.12568306010929,,-2.899531363556624,64.56953642384106,46.688741721854306,61.58940397350993,56.0655737704918,97.37704918032787,,19.78798586572438,57.61589403973509,3,57.74353627218135,True,57.66695093271359,anomalias_climaticas_60_tendencias_activas_40_percentiles_v2,2.0
46190,2023,2041-2060,SSP2-4.5,ANOMALY,22.0466667175293,155.8943832397461,17.166666984558105,1.705848157191026,0.9153005464480888,,1.2327384947925235,52.64900662251656,57.28476821192053,43.70860927152318,89.18032786885246,70.49180327868852,,60.42402826855124,51.214128035320094,3,73.36538647203075,True,60.07463141000436,anomalias_climaticas_60_tendencias_activas_40_percentiles_v2,2.0
46220,2023,2041-2060,SSP2-4.5,ANOMALY,23.076000089645383,117.05066452026368,16.456999893188474,0.8577730604801723,1.0792349726775932,,-2.2340425531914914,64.23841059602648,33.11258278145695,40.728476821192054,74.42622950819673,72.45901639344262,,22.968197879858657,46.026490066225165,3,56.61781459383266,True,50.263019877268164,anomalias_climaticas_60_tendencias_activas_40_percentiles_v2,2.0
46235,2023,2041-2060,SSP2-4.5,ANOMALY,23.061250340938567,137.9834500312805,18.212916326522823,-1.842352664668899,1.6939890710382528,,0.5706340863451681,63.57615894039735,44.70198675496689,50.33112582781457,14.098360655737705,81.9672131147541,,55.12367491166078,52.86975717439293,3,50.3964162273842,True,51.88042079558944,anomalias_climaticas_60_tendencias_activas_40_percentiles_v2,2.0
46244,2023,2041-2060,SSP2-4.5,ANOMALY,22.40222199757894,164.98912569681804,17.404444440205893,1.8567929794532283,-2.295081967213117,,3.3823262450869844,55.629139072847686,63.90728476821192,46.026490066225165,90.81967213114754,13.442622950819672,,81.97879858657244,55.18763796909493,3,62.08036455617988,True,57.94472860392891,anomalias_climaticas_60_tendencias_activas_40_percentiles_v2,2.0
46250,2023,2041-2060,SSP2-4.5,ANOMALY,22.60592596795824,127.00065752665202,17.90166634453667,2.875756507432871,-1.1202185792349724,,1.0337945200170535,58.94039735099338,39.735099337748345,48.675496688741724,97.70491803278688,26.885245901639344,,58.657243816254415,49.11699779249449,3,61.08246925022687,True,53.90318637558744,anomalias_climaticas_60_tendencias_activas_40_percentiles_v2,2.0
47186,2023,2041-2060,SSP2-4.5,ANOMALY,15.738125079870224,119.88003988265991,15.967499947547912,-0.1577599396776462,-1.0928961748633883,,0.6249182044235031,23.841059602649008,35.43046357615894,39.735099337748345,45.57377049180328,27.21311475409836,,55.830388692579504,33.00220750551876,3,42.87242464616039,True,36.95029436177541,anomalias_climaticas_60_tendencias_activas_40_percentiles_v2,2.0
48013,2023,2041-2060,SSP2-4.5,ANOMALY,3.558333396911621,25.924613380432127,6.77833366394043,-0.6928981057753567,1.612021857923499,,1.1335566131970154,1.3245033112582782,9.271523178807946,3.642384105960265,33.114754098360656,80.32786885245902,,59.36395759717315,4.746136865342163,3,57.602193515997605,True,25.888559525604343,anomalias_climaticas_60_tendencias_activas_40_percentiles_v2,2.0
48015,2023,2041-2060,SSP2-4.5,ANOMALY,4.511666631698608,36.97281942367554,7.324999904632568,-1.20528730773689,2.5683060109289624,,2.7431103759951263,2.3178807947019866,12.582781456953642,6.291390728476821,22.62295081967213,90.1639344262295,,78.09187279151944,7.06401766004415,3,63.62625267914035,True,29.688911667682632,anomalias_climaticas_60_tendencias_activas_40_percentiles_v2,2.0
48020,2023,2041-2060,SSP2-4.5,ANOMALY,4.538333320617676,31.90469748179118,7.113333384195964,-0.5627256812265294,0.3825136612021845,,3.000251018556064,2.6490066225165565,11.258278145695364,5.629139072847682,36.0655737704918,58.68852459016394,,79.85865724381625,6.512141280353201,3,58.204251868157336,True,27.188985515474855,anomalias_climaticas_60_tendencias_activas_40_percentiles_v2,2.0
48027,2023,2041-2060,SSP2-4.5,ANOMALY,3.5887499153614044,34.205999159812926,6.560416674613952,-2.669072728318402,2.773224043715847,,-0.8336883609419535,1.6556291390728477,12.251655629139073,1.9867549668874172,6.229508196721311,91.63934426229508,,38.51590106007067,5.298013245033112,3,45.46158450636236,True,21.36344174956481,anomalias_climaticas_60_tendencias_activas_40_percentiles_v2,2.0
48036,2023,2041-2060,SSP2-4.5,ANOMALY,4.809999918937683,37.53392457962036,7.379999828338623,-2.3380889826523124,6.229508196721311,,6.183745583038871,3.9735099337748343,12.913907284768213,6.953642384105961,8.852459016393443,99.50819672131148,,94.34628975265018,7.9470198675496695,3,67.56898183011837,True,31.795804652577154,anomalias_climaticas_60_tendencias_activas_40_percentiles_v2,2.0
48044,2023,2041-2060,SSP2-4.5,ANOMALY,,,,-0.6670485927492802,0.6284153005464528,,3.2001595805311744,,,,34.42622950819672,63.9344262295082,,81.2720848056537,,3,59.87758018111955,False,,anomalias_climaticas_60_tendencias_activas_40_percentiles_v2,2.0
48054,2023,2041-2060,SSP2-4.5,ANOMALY,6.058333325386047,25.885939025878905,6.951666831970215,-0.3650902593936221,-1.0655737704918014,,1.447201219229031,5.960264900662252,8.940397350993377,4.304635761589404,39.01639344262295,28.19672131147541,,62.54416961130742,6.401766004415012,3,43.25242812180193,True,21.14203085136978,anomalias_climaticas_60_tendencias_activas_40_percentiles_v2,2.0
48078,2023,2041-2060,SSP2-4.5,ANOMALY,4.669999980926514,22.13160171508789,6.386666679382325,-1.1828769597933713,-1.5573770491803285,,4.135755984218015,3.1456953642384105,7.119205298013245,1.490066225165563,23.278688524590162,19.34426229508197,,85.86572438162544,3.9183222958057393,3,42.82955840043252,True,19.482816737656453,anomalias_climaticas_60_tendencias_activas_40_percentiles_v2,2.0
48082,2023,2041-2060,SSP2-4.5,ANOMALY,4.669999980926514,22.13160171508789,6.386666679382325,-1.3714793643991463,-4.972677595628413,,0.8255822966321755,3.1456953642384105,7.119205298013245,1.490066225165563,20.0,1.9672131147540983,,57.59717314487632,3.9183222958057393,3,26.521462086543476,True,12.959578212100833,anomalias_climaticas_60_tendencias_activas_40_percentiles_v2,2.0
48084,2023,2041-2060,SSP2-4.5,ANOMALY,4.867083346843719,25.391146993637086,6.800416755676269,-1.794184914811865,0.4918032786885256,,6.1248527679623095,4.304635761589404,8.278145695364238,3.9735099337748343,15.081967213114755,60.0,,93.99293286219081,5.518763796909492,3,56.35830002510185,True,25.854578288186435,anomalias_climaticas_60_tendencias_activas_40_percentiles_v2,2.0
49275,2023,2041-2060,SSP2-4.5,ANOMALY,16.839166665077208,123.71839186350503,18.978889687856036,-2.521904060725669,-0.0683060109289623,,-0.1275437256399726,26.490066225165563,37.74834437086093,52.317880794701985,7.540983606557377,41.31147540983606,,48.0565371024735,38.85209713024282,3,32.30299870628898,True,36.23245776066128,anomalias_climaticas_60_tendencias_activas_40_percentiles_v2,2.0
50297,2023,2041-2060,SSP2-4.5,ANOMALY,14.135388915538789,191.26419373830157,10.74419438680013,0.3645739826182316,-0.1912568306010905,,0.1003710880605908,18.874172185430464,74.83443708609272,30.132450331125828,62.295081967213115,39.67213114754098,,50.88339222614841,41.280353200883006,3,50.95020178030083,True,45.14829263265014,anomalias_climaticas_60_tendencias_activas_40_percentiles_v2,2.0
51001,2023,2041-2060,SSP2-4.5,ANOMALY,17.18083336353302,23.612648916244503,26.44166679382324,-2.9454782648860256,-4.071038251366116,,-0.1534590557729807,27.483443708609272,7.6158940397351,95.03311258278146,4.590163934426229,4.590163934426229,,47.70318021201413,43.377483443708606,3,18.961169360288864,True,33.61095781034071,anomalias_climaticas_60_tendencias_activas_40_percentiles_v2,2.0
52001,2023,2041-2060,SSP2-4.5,ANOMALY,20.636666679382323,85.72331924438477,20.838333129882812,-1.2849895970405831,0.8196721311475391,,0.1499674963151775,39.0728476821192,23.178807947019866,70.86092715231788,20.65573770491803,67.54098360655738,,51.590106007067135,44.370860927152314,3,46.59560910618085,True,45.260760198763734,anomalias_climaticas_60_tendencias_activas_40_percentiles_v2,2.0
