cod_ine,fecha,plazas,plazas_por_vivienda,viviendas_turisticas,fuente
01059,2020-08-01,513,3.38,152,"INE, Viviendas turísticas en España, tabla 39363"
02003,2020-08-01,538,3.74,144,"INE, Viviendas turísticas en España, tabla 39363"
02009,2020-08-01,19,3.8,5,"INE, Viviendas turísticas en España, tabla 39363"
02037,2020-08-01,26,5.2,5,"INE, Viviendas turísticas en España, tabla 39363"
02081,2020-08-01,54,6.75,8,"INE, Viviendas turísticas en España, tabla 39363"
03009,2020-08-01,306,3.48,88,"INE, Viviendas turísticas en España, tabla 39363"
03014,2020-08-01,16490,4.32,3815,"INE, Viviendas turísticas en España, tabla 39363"
03031,2020-08-01,12202,4.85,2514,"INE, Viviendas turísticas en España, tabla 39363"
03047,2020-08-01,16968,5.81,2918,"INE, Viviendas turísticas en España, tabla 39363"
03050,2020-08-01,6578,5.79,1137,"INE, Viviendas turísticas en España, tabla 39363"
03059,2020-08-01,240,6.49,37,"INE, Viviendas turísticas en España, tabla 39363"
03063,2020-08-01,17879,5.23,3416,"INE, Viviendas turísticas en España, tabla 39363"
03065,2020-08-01,3570,4.79,746,"INE, Viviendas turísticas en España, tabla 39363"
03066,2020-08-01,142,5.07,28,"INE, Viviendas turísticas en España, tabla 39363"
03082,2020-08-01,17774,6.29,2826,"INE, Viviendas turísticas en España, tabla 39363"
03093,2020-08-01,84,6.0,14,"INE, Viviendas turísticas en España, tabla 39363"
03099,2020-08-01,13787,5.32,2593,"INE, Viviendas turísticas en España, tabla 39363"
03104,2020-08-01,104,4.16,25,"INE, Viviendas turísticas en España, tabla 39363"
03121,2020-08-01,6581,5.32,1237,"INE, Viviendas turísticas en España, tabla 39363"
03122,2020-08-01,529,5.51,96,"INE, Viviendas turísticas en España, tabla 39363"
03133,2020-08-01,18279,4.76,3839,"INE, Viviendas turísticas en España, tabla 39363"
03139,2020-08-01,3508,4.62,759,"INE, Viviendas turísticas en España, tabla 39363"
03140,2020-08-01,149,4.66,32,"INE, Viviendas turísticas en España, tabla 39363"
04013,2020-08-01,2473,4.28,578,"INE, Viviendas turísticas en España, tabla 39363"
04066,2020-08-01,3534,5.0,707,"INE, Viviendas turísticas en España, tabla 39363"
04079,2020-08-01,3356,4.5,745,"INE, Viviendas turísticas en España, tabla 39363"
04902,2020-08-01,633,4.91,129,"INE, Viviendas turísticas en España, tabla 39363"
05019,2020-08-01,646,5.01,129,"INE, Viviendas turísticas en España, tabla 39363"
06011,2020-08-01,11,2.75,4,"INE, Viviendas turísticas en España, tabla 39363"
06015,2020-08-01,193,3.33,58,"INE, Viviendas turísticas en España, tabla 39363"
06044,2020-08-01,4,4.0,1,"INE, Viviendas turísticas en España, tabla 39363"
06083,2020-08-01,789,4.56,173,"INE, Viviendas turísticas en España, tabla 39363"
06153,2020-08-01,8,4.0,2,"INE, Viviendas turísticas en España, tabla 39363"
07011,2020-08-01,4213,6.32,667,"INE, Viviendas turísticas en España, tabla 39363"
07015,2020-08-01,7529,5.73,1314,"INE, Viviendas turísticas en España, tabla 39363"
07026,2020-08-01,3843,4.34,886,"INE, Viviendas turísticas en España, tabla 39363"
07027,2020-08-01,2114,6.59,321,"INE, Viviendas turísticas en España, tabla 39363"
07031,2020-08-01,4825,6.53,739,"INE, Viviendas turísticas en España, tabla 39363"
07032,2020-08-01,1329,5.99,222,"INE, Viviendas turísticas en España, tabla 39363"
07033,2020-08-01,6723,6.29,1068,"INE, Viviendas turísticas en España, tabla 39363"
07036,2020-08-01,1039,7.02,148,"INE, Viviendas turísticas en España, tabla 39363"
07040,2020-08-01,7657,4.5,1702,"INE, Viviendas turísticas en España, tabla 39363"
07054,2020-08-01,9064,7.18,1263,"INE, Viviendas turísticas en España, tabla 39363"
08015,2020-08-01,851,3.62,235,"INE, Viviendas turísticas en España, tabla 39363"
08019,2020-08-01,61689,3.57,17280,"INE, Viviendas turísticas en España, tabla 39363"
08056,2020-08-01,1540,4.65,331,"INE, Viviendas turísticas en España, tabla 39363"
08073,2020-08-01,280,3.37,83,"INE, Viviendas turísticas en España, tabla 39363"
08077,2020-08-01,197,2.94,67,"INE, Viviendas turísticas en España, tabla 39363"
08089,2020-08-01,544,5.33,102,"INE, Viviendas turísticas en España, tabla 39363"
08096,2020-08-01,68,2.96,23,"INE, Viviendas turísticas en España, tabla 39363"
08101,2020-08-01,3104,3.37,921,"INE, Viviendas turísticas en España, tabla 39363"
08102,2020-08-01,62,3.44,18,"INE, Viviendas turísticas en España, tabla 39363"
08113,2020-08-01,249,3.36,74,"INE, Viviendas turísticas en España, tabla 39363"
08114,2020-08-01,12,2.0,6,"INE, Viviendas turísticas en España, tabla 39363"
08121,2020-08-01,676,4.31,157,"INE, Viviendas turísticas en España, tabla 39363"
08124,2020-08-01,15,5.0,3,"INE, Viviendas turísticas en España, tabla 39363"
08125,2020-08-01,39,3.25,12,"INE, Viviendas turísticas en España, tabla 39363"
08163,2020-08-01,1677,5.38,312,"INE, Viviendas turísticas en España, tabla 39363"
08169,2020-08-01,258,2.87,90,"INE, Viviendas turísticas en España, tabla 39363"
08172,2020-08-01,302,4.38,69,"INE, Viviendas turísticas en España, tabla 39363"
08180,2020-08-01,29,2.23,13,"INE, Viviendas turísticas en España, tabla 39363"
08184,2020-08-01,145,3.54,41,"INE, Viviendas turísticas en España, tabla 39363"
08187,2020-08-01,327,3.11,105,"INE, Viviendas turísticas en España, tabla 39363"
08194,2020-08-01,822,5.2,158,"INE, Viviendas turísticas en España, tabla 39363"
08196,2020-08-01,14,1.75,8,"INE, Viviendas turísticas en España, tabla 39363"
08200,2020-08-01,80,3.48,23,"INE, Viviendas turísticas en España, tabla 39363"
08205,2020-08-01,599,3.92,153,"INE, Viviendas turísticas en España, tabla 39363"
08211,2020-08-01,34,3.09,11,"INE, Viviendas turísticas en España, tabla 39363"
08217,2020-08-01,71,2.73,26,"INE, Viviendas turísticas en España, tabla 39363"
08231,2020-08-01,1399,7.07,198,"INE, Viviendas turísticas en España, tabla 39363"
08245,2020-08-01,136,2.31,59,"INE, Viviendas turísticas en España, tabla 39363"
08252,2020-08-01,57,4.75,12,"INE, Viviendas turísticas en España, tabla 39363"
08260,2020-08-01,19,3.17,6,"INE, Viviendas turísticas en España, tabla 39363"
08263,2020-08-01,32,2.91,11,"INE, Viviendas turísticas en España, tabla 39363"
08266,2020-08-01,175,4.07,43,"INE, Viviendas turísticas en España, tabla 39363"
08270,2020-08-01,6906,5.03,1374,"INE, Viviendas turísticas en España, tabla 39363"
08279,2020-08-01,333,3.4,98,"INE, Viviendas turísticas en España, tabla 39363"
08298,2020-08-01,130,3.61,36,"INE, Viviendas turísticas en España, tabla 39363"
08301,2020-08-01,131,3.97,33,"INE, Viviendas turísticas en España, tabla 39363"
08305,2020-08-01,58,3.22,18,"INE, Viviendas turísticas en España, tabla 39363"
08307,2020-08-01,1206,5.09,237,"INE, Viviendas turísticas en España, tabla 39363"
09018,2020-08-01,189,4.11,46,"INE, Viviendas turísticas en España, tabla 39363"
09059,2020-08-01,974,4.45,219,"INE, Viviendas turísticas en España, tabla 39363"
09219,2020-08-01,9,4.5,2,"INE, Viviendas turísticas en España, tabla 39363"
10037,2020-08-01,949,4.0,237,"INE, Viviendas turísticas en España, tabla 39363"
10148,2020-08-01,227,4.2,54,"INE, Viviendas turísticas en España, tabla 39363"
11004,2020-08-01,351,3.9,90,"INE, Viviendas turísticas en España, tabla 39363"
11006,2020-08-01,866,5.15,168,"INE, Viviendas turísticas en España, tabla 39363"
11012,2020-08-01,6455,4.26,1517,"INE, Viviendas turísticas en España, tabla 39363"
11015,2020-08-01,7684,5.88,1306,"INE, Viviendas turísticas en España, tabla 39363"
11020,2020-08-01,3024,4.47,677,"INE, Viviendas turísticas en España, tabla 39363"
11022,2020-08-01,183,3.98,46,"INE, Viviendas turísticas en España, tabla 39363"
11027,2020-08-01,4507,5.52,816,"INE, Viviendas turísticas en España, tabla 39363"
11028,2020-08-01,273,4.27,64,"INE, Viviendas turísticas en España, tabla 39363"
11030,2020-08-01,1971,5.16,382,"INE, Viviendas turísticas en España, tabla 39363"
11031,2020-08-01,301,4.18,72,"INE, Viviendas turísticas en España, tabla 39363"
11032,2020-08-01,2361,5.31,445,"INE, Viviendas turísticas en España, tabla 39363"
11033,2020-08-01,2928,6.81,430,"INE, Viviendas turísticas en España, tabla 39363"
12009,2020-08-01,57,4.07,14,"INE, Viviendas turísticas en España, tabla 39363"
12027,2020-08-01,923,5.24,176,"INE, Viviendas turísticas en España, tabla 39363"
12032,2020-08-01,376,5.3,71,"INE, Viviendas turísticas en España, tabla 39363"
12040,2020-08-01,1400,3.89,360,"INE, Viviendas turísticas en España, tabla 39363"
12084,2020-08-01,25,5.0,5,"INE, Viviendas turísticas en España, tabla 39363"
12126,2020-08-01,71,5.07,14,"INE, Viviendas turísticas en España, tabla 39363"
12135,2020-08-01,81,4.26,19,"INE, Viviendas turísticas en España, tabla 39363"
12138,2020-08-01,2040,5.43,376,"INE, Viviendas turísticas en España, tabla 39363"
13005,2020-08-01,68,5.67,12,"INE, Viviendas turísticas en España, tabla 39363"
13034,2020-08-01,224,3.61,62,"INE, Viviendas turísticas en España, tabla 39363"
13071,2020-08-01,25,3.57,7,"INE, Viviendas turísticas en España, tabla 39363"
13082,2020-08-01,101,7.21,14,"INE, Viviendas turísticas en España, tabla 39363"
13087,2020-08-01,67,4.79,14,"INE, Viviendas turísticas en España, tabla 39363"
14021,2020-08-01,6375,4.67,1364,"INE, Viviendas turísticas en España, tabla 39363"
14038,2020-08-01,116,5.8,20,"INE, Viviendas turísticas en España, tabla 39363"
14056,2020-08-01,90,10.0,9,"INE, Viviendas turísticas en España, tabla 39363"
15002,2020-08-01,408,4.98,82,"INE, Viviendas turísticas en España, tabla 39363"
15005,2020-08-01,174,4.97,35,"INE, Viviendas turísticas en España, tabla 39363"
15019,2020-08-01,425,6.44,66,"INE, Viviendas turísticas en España, tabla 39363"
15030,2020-08-01,2393,4.3,556,"INE, Viviendas turísticas en España, tabla 39363"
15031,2020-08-01,117,4.03,29,"INE, Viviendas turísticas en España, tabla 39363"
15036,2020-08-01,621,4.63,134,"INE, Viviendas turísticas en España, tabla 39363"
15054,2020-08-01,104,4.95,21,"INE, Viviendas turísticas en España, tabla 39363"
15058,2020-08-01,791,5.04,157,"INE, Viviendas turísticas en España, tabla 39363"
15073,2020-08-01,977,5.31,184,"INE, Viviendas turísticas en España, tabla 39363"
15078,2020-08-01,3425,4.51,759,"INE, Viviendas turísticas en España, tabla 39363"
16078,2020-08-01,1293,5.07,255,"INE, Viviendas turísticas en España, tabla 39363"
17023,2020-08-01,3480,5.62,619,"INE, Viviendas turísticas en España, tabla 39363"
17066,2020-08-01,579,4.6,126,"INE, Viviendas turísticas en España, tabla 39363"
17079,2020-08-01,2010,4.25,473,"INE, Viviendas turísticas en España, tabla 39363"
17095,2020-08-01,13013,6.46,2015,"INE, Viviendas turísticas en España, tabla 39363"
17114,2020-08-01,402,4.67,86,"INE, Viviendas turísticas en España, tabla 39363"
17155,2020-08-01,35,2.69,13,"INE, Viviendas turísticas en España, tabla 39363"
18017,2020-08-01,5710,5.38,1062,"INE, Viviendas turísticas en España, tabla 39363"
18087,2020-08-01,11147,4.53,2463,"INE, Viviendas turísticas en España, tabla 39363"
18140,2020-08-01,784,5.23,150,"INE, Viviendas turísticas en España, tabla 39363"
19046,2020-08-01,12,1.5,8,"INE, Viviendas turísticas en España, tabla 39363"
19130,2020-08-01,189,5.4,35,"INE, Viviendas turísticas en España, tabla 39363"
20030,2020-08-01,24,4.0,6,"INE, Viviendas turísticas en España, tabla 39363"
20045,2020-08-01,178,4.05,44,"INE, Viviendas turísticas en España, tabla 39363"
20067,2020-08-01,63,3.5,18,"INE, Viviendas turísticas en España, tabla 39363"
20069,2020-08-01,5925,4.21,1409,"INE, Viviendas turísticas en España, tabla 39363"
21041,2020-08-01,342,3.68,93,"INE, Viviendas turísticas en España, tabla 39363"
21044,2020-08-01,1029,5.65,182,"INE, Viviendas turísticas en España, tabla 39363"
22125,2020-08-01,181,4.31,42,"INE, Viviendas turísticas en España, tabla 39363"
23005,2020-08-01,79,4.39,18,"INE, Viviendas turísticas en España, tabla 39363"
23050,2020-08-01,323,4.25,76,"INE, Viviendas turísticas en España, tabla 39363"
23055,2020-08-01,65,4.64,14,"INE, Viviendas turísticas en España, tabla 39363"
23092,2020-08-01,332,4.96,67,"INE, Viviendas turísticas en España, tabla 39363"
24089,2020-08-01,1946,4.8,405,"INE, Viviendas turísticas en España, tabla 39363"
24115,2020-08-01,436,4.11,106,"INE, Viviendas turísticas en España, tabla 39363"
24142,2020-08-01,116,5.8,20,"INE, Viviendas turísticas en España, tabla 39363"
25120,2020-08-01,350,4.27,82,"INE, Viviendas turísticas en España, tabla 39363"
26089,2020-08-01,2407,5.21,462,"INE, Viviendas turísticas en España, tabla 39363"
27028,2020-08-01,815,4.85,168,"INE, Viviendas turísticas en España, tabla 39363"
28005,2020-08-01,712,3.65,195,"INE, Viviendas turísticas en España, tabla 39363"
28006,2020-08-01,245,2.95,83,"INE, Viviendas turísticas en España, tabla 39363"
28007,2020-08-01,115,2.45,47,"INE, Viviendas turísticas en España, tabla 39363"
28013,2020-08-01,197,3.72,53,"INE, Viviendas turísticas en España, tabla 39363"
28014,2020-08-01,38,2.71,14,"INE, Viviendas turísticas en España, tabla 39363"
28022,2020-08-01,134,5.15,26,"INE, Viviendas turísticas en España, tabla 39363"
28045,2020-08-01,81,4.26,19,"INE, Viviendas turísticas en España, tabla 39363"
28047,2020-08-01,108,4.5,24,"INE, Viviendas turísticas en España, tabla 39363"
28049,2020-08-01,167,2.78,60,"INE, Viviendas turísticas en España, tabla 39363"
28058,2020-08-01,44,1.91,23,"INE, Viviendas turísticas en España, tabla 39363"
28061,2020-08-01,108,3.48,31,"INE, Viviendas turísticas en España, tabla 39363"
28065,2020-08-01,213,2.13,100,"INE, Viviendas turísticas en España, tabla 39363"
28074,2020-08-01,148,2.24,66,"INE, Viviendas turísticas en España, tabla 39363"
28079,2020-08-01,58461,3.46,16894,"INE, Viviendas turísticas en España, tabla 39363"
28080,2020-08-01,115,3.03,38,"INE, Viviendas turísticas en España, tabla 39363"
28092,2020-08-01,154,2.48,62,"INE, Viviendas turísticas en España, tabla 39363"
28096,2020-08-01,47,5.22,9,"INE, Viviendas turísticas en España, tabla 39363"
28106,2020-08-01,63,1.97,32,"INE, Viviendas turísticas en España, tabla 39363"
28113,2020-08-01,70,2.69,26,"INE, Viviendas turísticas en España, tabla 39363"
28115,2020-08-01,274,3.38,81,"INE, Viviendas turísticas en España, tabla 39363"
28123,2020-08-01,221,3.16,70,"INE, Viviendas turísticas en España, tabla 39363"
28127,2020-08-01,243,3.68,66,"INE, Viviendas turísticas en España, tabla 39363"
28130,2020-08-01,46,2.88,16,"INE, Viviendas turísticas en España, tabla 39363"
28134,2020-08-01,206,2.86,72,"INE, Viviendas turísticas en España, tabla 39363"
28148,2020-08-01,130,2.2,59,"INE, Viviendas turísticas en España, tabla 39363"
28161,2020-08-01,42,1.91,22,"INE, Viviendas turísticas en España, tabla 39363"
28181,2020-08-01,244,4.88,50,"INE, Viviendas turísticas en España, tabla 39363"
28903,2020-08-01,47,1.88,25,"INE, Viviendas turísticas en España, tabla 39363"
29007,2020-08-01,1502,7.05,213,"INE, Viviendas turísticas en España, tabla 39363"
29015,2020-08-01,703,5.33,132,"INE, Viviendas turísticas en España, tabla 39363"
29025,2020-08-01,14651,4.78,3064,"INE, Viviendas turísticas en España, tabla 39363"
29051,2020-08-01,13534,5.28,2561,"INE, Viviendas turísticas en España, tabla 39363"
29054,2020-08-01,8988,4.82,1865,"INE, Viviendas turísticas en España, tabla 39363"
29067,2020-08-01,26223,4.45,5899,"INE, Viviendas turísticas en España, tabla 39363"
29069,2020-08-01,37220,5.94,6266,"INE, Viviendas turísticas en España, tabla 39363"
29070,2020-08-01,19160,5.45,3516,"INE, Viviendas turísticas en España, tabla 39363"
29082,2020-08-01,2724,5.28,516,"INE, Viviendas turísticas en España, tabla 39363"
29084,2020-08-01,2136,4.77,448,"INE, Viviendas turísticas en España, tabla 39363"
29094,2020-08-01,3988,5.31,751,"INE, Viviendas turísticas en España, tabla 39363"
29901,2020-08-01,8697,4.25,2048,"INE, Viviendas turísticas en España, tabla 39363"
30003,2020-08-01,1676,5.3,316,"INE, Viviendas turísticas en España, tabla 39363"
30005,2020-08-01,67,6.09,11,"INE, Viviendas turísticas en España, tabla 39363"
30015,2020-08-01,255,5.54,46,"INE, Viviendas turísticas en España, tabla 39363"
30016,2020-08-01,7868,5.38,1462,"INE, Viviendas turísticas en España, tabla 39363"
30019,2020-08-01,16,5.33,3,"INE, Viviendas turísticas en España, tabla 39363"
30022,2020-08-01,185,6.61,28,"INE, Viviendas turísticas en España, tabla 39363"
30024,2020-08-01,368,5.58,66,"INE, Viviendas turísticas en España, tabla 39363"
30026,2020-08-01,2551,5.43,470,"INE, Viviendas turísticas en España, tabla 39363"
30027,2020-08-01,144,3.35,43,"INE, Viviendas turísticas en España, tabla 39363"
30030,2020-08-01,3680,4.38,840,"INE, Viviendas turísticas en España, tabla 39363"
30035,2020-08-01,5261,5.35,984,"INE, Viviendas turísticas en España, tabla 39363"
30037,2020-08-01,2807,4.9,573,"INE, Viviendas turísticas en España, tabla 39363"
30039,2020-08-01,73,6.08,12,"INE, Viviendas turísticas en España, tabla 39363"
30043,2020-08-01,101,5.61,18,"INE, Viviendas turísticas en España, tabla 39363"
31201,2020-08-01,1767,3.94,449,"INE, Viviendas turísticas en España, tabla 39363"
31232,2020-08-01,346,5.24,66,"INE, Viviendas turísticas en España, tabla 39363"
32054,2020-08-01,861,4.37,197,"INE, Viviendas turísticas en España, tabla 39363"
33004,2020-08-01,331,4.41,75,"INE, Viviendas turísticas en España, tabla 39363"
33024,2020-08-01,3948,4.47,883,"INE, Viviendas turísticas en España, tabla 39363"
33031,2020-08-01,73,4.56,16,"INE, Viviendas turísticas en España, tabla 39363"
33037,2020-08-01,88,4.19,21,"INE, Viviendas turísticas en España, tabla 39363"
33044,2020-08-01,2056,4.1,502,"INE, Viviendas turísticas en España, tabla 39363"
33066,2020-08-01,308,5.4,57,"INE, Viviendas turísticas en España, tabla 39363"
34120,2020-08-01,78,4.11,19,"INE, Viviendas turísticas en España, tabla 39363"
35002,2020-08-01,1119,4.44,252,"INE, Viviendas turísticas en España, tabla 39363"
35004,2020-08-01,1545,3.85,401,"INE, Viviendas turísticas en España, tabla 39363"
35006,2020-08-01,498,4.88,102,"INE, Viviendas turísticas en España, tabla 39363"
35011,2020-08-01,392,4.9,80,"INE, Viviendas turísticas en España, tabla 39363"
35014,2020-08-01,11455,4.41,2598,"INE, Viviendas turísticas en España, tabla 39363"
35016,2020-08-01,8030,3.57,2250,"INE, Viviendas turísticas en España, tabla 39363"
35017,2020-08-01,1496,4.27,350,"INE, Viviendas turísticas en España, tabla 39363"
35019,2020-08-01,12805,4.26,3003,"INE, Viviendas turísticas en España, tabla 39363"
35022,2020-08-01,1300,3.87,336,"INE, Viviendas turísticas en España, tabla 39363"
35026,2020-08-01,1557,4.36,357,"INE, Viviendas turísticas en España, tabla 39363"
36008,2020-08-01,1289,5.12,252,"INE, Viviendas turísticas en España, tabla 39363"
36026,2020-08-01,548,5.96,92,"INE, Viviendas turísticas en España, tabla 39363"
36038,2020-08-01,1392,4.42,315,"INE, Viviendas turísticas en España, tabla 39363"
36045,2020-08-01,343,5.12,67,"INE, Viviendas turísticas en España, tabla 39363"
36057,2020-08-01,3090,4.08,758,"INE, Viviendas turísticas en España, tabla 39363"
36060,2020-08-01,1067,5.34,200,"INE, Viviendas turísticas en España, tabla 39363"
37274,2020-08-01,3089,3.75,824,"INE, Viviendas turísticas en España, tabla 39363"
38001,2020-08-01,15638,4.87,3213,"INE, Viviendas turísticas en España, tabla 39363"
38006,2020-08-01,12938,4.12,3138,"INE, Viviendas turísticas en España, tabla 39363"
38011,2020-08-01,1038,4.05,256,"INE, Viviendas turísticas en España, tabla 39363"
38017,2020-08-01,4126,4.28,963,"INE, Viviendas turísticas en España, tabla 39363"
38023,2020-08-01,2078,3.66,568,"INE, Viviendas turísticas en España, tabla 39363"
38026,2020-08-01,1091,4.49,243,"INE, Viviendas turísticas en España, tabla 39363"
38028,2020-08-01,2879,3.51,821,"INE, Viviendas turísticas en España, tabla 39363"
38031,2020-08-01,817,3.76,217,"INE, Viviendas turísticas en España, tabla 39363"
38038,2020-08-01,2876,3.71,776,"INE, Viviendas turísticas en España, tabla 39363"
39016,2020-08-01,324,4.76,68,"INE, Viviendas turísticas en España, tabla 39363"
39020,2020-08-01,965,4.57,211,"INE, Viviendas turísticas en España, tabla 39363"
39075,2020-08-01,4073,4.1,993,"INE, Viviendas turísticas en España, tabla 39363"
39087,2020-08-01,276,3.94,70,"INE, Viviendas turísticas en España, tabla 39363"
40194,2020-08-01,821,4.51,182,"INE, Viviendas turísticas en España, tabla 39363"
41004,2020-08-01,206,5.15,40,"INE, Viviendas turísticas en España, tabla 39363"
41021,2020-08-01,132,4.71,28,"INE, Viviendas turísticas en España, tabla 39363"
41024,2020-08-01,286,5.84,49,"INE, Viviendas turísticas en España, tabla 39363"
41034,2020-08-01,54,6.0,9,"INE, Viviendas turísticas en España, tabla 39363"
41038,2020-08-01,272,4.53,60,"INE, Viviendas turísticas en España, tabla 39363"
41039,2020-08-01,83,3.95,21,"INE, Viviendas turísticas en España, tabla 39363"
41053,2020-08-01,25,3.13,8,"INE, Viviendas turísticas en España, tabla 39363"
41059,2020-08-01,308,4.28,72,"INE, Viviendas turísticas en España, tabla 39363"
41065,2020-08-01,114,7.13,16,"INE, Viviendas turísticas en España, tabla 39363"
41069,2020-08-01,83,7.55,11,"INE, Viviendas turísticas en España, tabla 39363"
41081,2020-08-01,57,5.18,11,"INE, Viviendas turísticas en España, tabla 39363"
41091,2020-08-01,23349,4.21,5540,"INE, Viviendas turísticas en España, tabla 39363"
41095,2020-08-01,83,6.92,12,"INE, Viviendas turísticas en España, tabla 39363"
42173,2020-08-01,491,4.72,104,"INE, Viviendas turísticas en España, tabla 39363"
43038,2020-08-01,8507,5.73,1484,"INE, Viviendas turísticas en España, tabla 39363"
43123,2020-08-01,774,5.53,140,"INE, Viviendas turísticas en España, tabla 39363"
43148,2020-08-01,3200,4.71,679,"INE, Viviendas turísticas en España, tabla 39363"
43155,2020-08-01,364,5.13,71,"INE, Viviendas turísticas en España, tabla 39363"
43163,2020-08-01,2655,6.51,408,"INE, Viviendas turísticas en España, tabla 39363"
43905,2020-08-01,14353,5.5,2611,"INE, Viviendas turísticas en España, tabla 39363"
44216,2020-08-01,718,5.93,121,"INE, Viviendas turísticas en España, tabla 39363"
45081,2020-08-01,69,3.83,18,"INE, Viviendas turísticas en España, tabla 39363"
45165,2020-08-01,147,4.2,35,"INE, Viviendas turísticas en España, tabla 39363"
45168,2020-08-01,2541,4.79,531,"INE, Viviendas turísticas en España, tabla 39363"
46005,2020-08-01,26,3.25,8,"INE, Viviendas turísticas en España, tabla 39363"
46017,2020-08-01,175,5.65,31,"INE, Viviendas turísticas en España, tabla 39363"
46021,2020-08-01,9,4.5,2,"INE, Viviendas turísticas en España, tabla 39363"
46029,2020-08-01,14,3.5,4,"INE, Viviendas turísticas en España, tabla 39363"
46078,2020-08-01,242,3.51,69,"INE, Viviendas turísticas en España, tabla 39363"
46094,2020-08-01,39,2.79,14,"INE, Viviendas turísticas en España, tabla 39363"
46102,2020-08-01,21,2.63,8,"INE, Viviendas turísticas en España, tabla 39363"
46110,2020-08-01,78,3.9,20,"INE, Viviendas turísticas en España, tabla 39363"
46131,2020-08-01,6172,5.6,1102,"INE, Viviendas turísticas en España, tabla 39363"
46145,2020-08-01,290,4.6,63,"INE, Viviendas turísticas en España, tabla 39363"
46159,2020-08-01,60,3.16,19,"INE, Viviendas turísticas en España, tabla 39363"
46169,2020-08-01,186,3.32,56,"INE, Viviendas turísticas en España, tabla 39363"
46181,2020-08-01,4391,5.41,811,"INE, Viviendas turísticas en España, tabla 39363"
46184,2020-08-01,144,5.33,27,"INE, Viviendas turísticas en España, tabla 39363"
46190,2020-08-01,304,3.9,78,"INE, Viviendas turísticas en España, tabla 39363"
46220,2020-08-01,1831,5.23,350,"INE, Viviendas turísticas en España, tabla 39363"
46235,2020-08-01,814,5.9,138,"INE, Viviendas turísticas en España, tabla 39363"
46244,2020-08-01,316,4.45,71,"INE, Viviendas turísticas en España, tabla 39363"
46250,2020-08-01,27077,3.92,6899,"INE, Viviendas turísticas en España, tabla 39363"
47186,2020-08-01,895,3.52,254,"INE, Viviendas turísticas en España, tabla 39363"
48013,2020-08-01,164,2.88,57,"INE, Viviendas turísticas en España, tabla 39363"
48015,2020-08-01,24,3.0,8,"INE, Viviendas turísticas en España, tabla 39363"
48020,2020-08-01,3358,3.34,1005,"INE, Viviendas turísticas en España, tabla 39363"
48027,2020-08-01,39,3.55,11,"INE, Viviendas turísticas en España, tabla 39363"
48036,2020-08-01,6,2.0,3,"INE, Viviendas turísticas en España, tabla 39363"
48044,2020-08-01,491,4.13,119,"INE, Viviendas turísticas en España, tabla 39363"
48054,2020-08-01,49,3.27,15,"INE, Viviendas turísticas en España, tabla 39363"
48078,2020-08-01,133,4.16,32,"INE, Viviendas turísticas en España, tabla 39363"
48082,2020-08-01,81,3.86,21,"INE, Viviendas turísticas en España, tabla 39363"
48084,2020-08-01,38,3.45,11,"INE, Viviendas turísticas en España, tabla 39363"
49275,2020-08-01,798,4.75,168,"INE, Viviendas turísticas en España, tabla 39363"
50297,2020-08-01,2768,3.91,708,"INE, Viviendas turísticas en España, tabla 39363"
51001,2020-08-01,253,3.83,66,"INE, Viviendas turísticas en España, tabla 39363"
52001,2020-08-01,158,3.67,43,"INE, Viviendas turísticas en España, tabla 39363"
01059,2021-02-01,445,3.3,135,"INE, Viviendas turísticas en España, tabla 39363"
02003,2021-02-01,521,3.7,141,"INE, Viviendas turísticas en España, tabla 39363"
02009,2021-02-01,19,3.8,5,"INE, Viviendas turísticas en España, tabla 39363"
02037,2021-02-01,33,4.71,7,"INE, Viviendas turísticas en España, tabla 39363"
02081,2021-02-01,89,7.42,12,"INE, Viviendas turísticas en España, tabla 39363"
03009,2021-02-01,335,3.38,99,"INE, Viviendas turísticas en España, tabla 39363"
03014,2021-02-01,14583,4.23,3451,"INE, Viviendas turísticas en España, tabla 39363"
03031,2021-02-01,11600,4.75,2444,"INE, Viviendas turísticas en España, tabla 39363"
03047,2021-02-01,15121,5.77,2622,"INE, Viviendas turísticas en España, tabla 39363"
03050,2021-02-01,6075,5.75,1056,"INE, Viviendas turísticas en España, tabla 39363"
03059,2021-02-01,188,6.27,30,"INE, Viviendas turísticas en España, tabla 39363"
03063,2021-02-01,16136,5.24,3077,"INE, Viviendas turísticas en España, tabla 39363"
03065,2021-02-01,3430,4.68,733,"INE, Viviendas turísticas en España, tabla 39363"
03066,2021-02-01,123,4.39,28,"INE, Viviendas turísticas en España, tabla 39363"
03082,2021-02-01,17139,6.26,2740,"INE, Viviendas turísticas en España, tabla 39363"
03093,2021-02-01,78,6.5,12,"INE, Viviendas turísticas en España, tabla 39363"
03099,2021-02-01,12958,5.32,2434,"INE, Viviendas turísticas en España, tabla 39363"
03104,2021-02-01,95,3.96,24,"INE, Viviendas turísticas en España, tabla 39363"
03121,2021-02-01,6188,5.29,1170,"INE, Viviendas turísticas en España, tabla 39363"
03122,2021-02-01,404,4.87,83,"INE, Viviendas turísticas en España, tabla 39363"
03133,2021-02-01,16917,4.74,3571,"INE, Viviendas turísticas en España, tabla 39363"
03139,2021-02-01,3333,4.67,713,"INE, Viviendas turísticas en España, tabla 39363"
03140,2021-02-01,221,5.39,41,"INE, Viviendas turísticas en España, tabla 39363"
04013,2021-02-01,2220,4.32,514,"INE, Viviendas turísticas en España, tabla 39363"
04066,2021-02-01,3244,4.92,660,"INE, Viviendas turísticas en España, tabla 39363"
04079,2021-02-01,2798,4.47,626,"INE, Viviendas turísticas en España, tabla 39363"
04902,2021-02-01,577,4.85,119,"INE, Viviendas turísticas en España, tabla 39363"
05019,2021-02-01,597,4.85,123,"INE, Viviendas turísticas en España, tabla 39363"
06011,2021-02-01,2,2.0,1,"INE, Viviendas turísticas en España, tabla 39363"
06015,2021-02-01,155,2.87,54,"INE, Viviendas turísticas en España, tabla 39363"
06044,2021-02-01,15,5.0,3,"INE, Viviendas turísticas en España, tabla 39363"
06083,2021-02-01,584,4.53,129,"INE, Viviendas turísticas en España, tabla 39363"
06153,2021-02-01,13,4.33,3,"INE, Viviendas turísticas en España, tabla 39363"
07011,2021-02-01,3992,6.32,632,"INE, Viviendas turísticas en España, tabla 39363"
07015,2021-02-01,6604,5.79,1140,"INE, Viviendas turísticas en España, tabla 39363"
07026,2021-02-01,2985,4.52,660,"INE, Viviendas turísticas en España, tabla 39363"
07027,2021-02-01,1997,6.44,310,"INE, Viviendas turísticas en España, tabla 39363"
07031,2021-02-01,4421,6.44,687,"INE, Viviendas turísticas en España, tabla 39363"
07032,2021-02-01,1280,6.46,198,"INE, Viviendas turísticas en España, tabla 39363"
07033,2021-02-01,6382,6.31,1011,"INE, Viviendas turísticas en España, tabla 39363"
07036,2021-02-01,961,6.96,138,"INE, Viviendas turísticas en España, tabla 39363"
07040,2021-02-01,6506,4.43,1467,"INE, Viviendas turísticas en España, tabla 39363"
07054,2021-02-01,8222,7.31,1125,"INE, Viviendas turísticas en España, tabla 39363"
08015,2021-02-01,788,3.67,215,"INE, Viviendas turísticas en España, tabla 39363"
08019,2021-02-01,52883,3.59,14728,"INE, Viviendas turísticas en España, tabla 39363"
08056,2021-02-01,1312,4.64,283,"INE, Viviendas turísticas en España, tabla 39363"
08073,2021-02-01,235,3.18,74,"INE, Viviendas turísticas en España, tabla 39363"
08077,2021-02-01,189,2.95,64,"INE, Viviendas turísticas en España, tabla 39363"
08089,2021-02-01,365,5.0,73,"INE, Viviendas turísticas en España, tabla 39363"
08096,2021-02-01,63,3.0,21,"INE, Viviendas turísticas en España, tabla 39363"
08101,2021-02-01,2740,3.31,827,"INE, Viviendas turísticas en España, tabla 39363"
08102,2021-02-01,54,3.86,14,"INE, Viviendas turísticas en España, tabla 39363"
08113,2021-02-01,252,3.5,72,"INE, Viviendas turísticas en España, tabla 39363"
08114,2021-02-01,21,2.33,9,"INE, Viviendas turísticas en España, tabla 39363"
08121,2021-02-01,598,4.3,139,"INE, Viviendas turísticas en España, tabla 39363"
08124,2021-02-01,23,3.29,7,"INE, Viviendas turísticas en España, tabla 39363"
08125,2021-02-01,41,3.15,13,"INE, Viviendas turísticas en España, tabla 39363"
08163,2021-02-01,1442,5.28,273,"INE, Viviendas turísticas en España, tabla 39363"
08169,2021-02-01,194,2.62,74,"INE, Viviendas turísticas en España, tabla 39363"
08172,2021-02-01,278,4.34,64,"INE, Viviendas turísticas en España, tabla 39363"
08180,2021-02-01,33,2.2,15,"INE, Viviendas turísticas en España, tabla 39363"
08184,2021-02-01,159,3.53,45,"INE, Viviendas turísticas en España, tabla 39363"
08187,2021-02-01,260,3.25,80,"INE, Viviendas turísticas en España, tabla 39363"
08194,2021-02-01,719,5.25,137,"INE, Viviendas turísticas en España, tabla 39363"
08196,2021-02-01,9,1.8,5,"INE, Viviendas turísticas en España, tabla 39363"
08200,2021-02-01,81,3.38,24,"INE, Viviendas turísticas en España, tabla 39363"
08205,2021-02-01,482,3.77,128,"INE, Viviendas turísticas en España, tabla 39363"
08211,2021-02-01,41,3.15,13,"INE, Viviendas turísticas en España, tabla 39363"
08217,2021-02-01,55,2.5,22,"INE, Viviendas turísticas en España, tabla 39363"
08231,2021-02-01,1347,7.24,186,"INE, Viviendas turísticas en España, tabla 39363"
08245,2021-02-01,131,2.3,57,"INE, Viviendas turísticas en España, tabla 39363"
08252,2021-02-01,59,4.21,14,"INE, Viviendas turísticas en España, tabla 39363"
08260,2021-02-01,22,3.67,6,"INE, Viviendas turísticas en España, tabla 39363"
08263,2021-02-01,29,2.64,11,"INE, Viviendas turísticas en España, tabla 39363"
08266,2021-02-01,154,4.05,38,"INE, Viviendas turísticas en España, tabla 39363"
08270,2021-02-01,6287,5.07,1239,"INE, Viviendas turísticas en España, tabla 39363"
08279,2021-02-01,302,3.36,90,"INE, Viviendas turísticas en España, tabla 39363"
08298,2021-02-01,192,4.36,44,"INE, Viviendas turísticas en España, tabla 39363"
08301,2021-02-01,110,4.23,26,"INE, Viviendas turísticas en España, tabla 39363"
08305,2021-02-01,60,3.53,17,"INE, Viviendas turísticas en España, tabla 39363"
08307,2021-02-01,1014,5.02,202,"INE, Viviendas turísticas en España, tabla 39363"
09018,2021-02-01,160,4.1,39,"INE, Viviendas turísticas en España, tabla 39363"
09059,2021-02-01,883,4.35,203,"INE, Viviendas turísticas en España, tabla 39363"
09219,2021-02-01,17,4.25,4,"INE, Viviendas turísticas en España, tabla 39363"
10037,2021-02-01,912,3.98,229,"INE, Viviendas turísticas en España, tabla 39363"
10148,2021-02-01,229,4.49,51,"INE, Viviendas turísticas en España, tabla 39363"
11004,2021-02-01,391,4.03,97,"INE, Viviendas turísticas en España, tabla 39363"
11006,2021-02-01,805,5.37,150,"INE, Viviendas turísticas en España, tabla 39363"
11012,2021-02-01,5657,4.26,1328,"INE, Viviendas turísticas en España, tabla 39363"
11015,2021-02-01,6858,5.83,1177,"INE, Viviendas turísticas en España, tabla 39363"
11020,2021-02-01,2535,4.46,568,"INE, Viviendas turísticas en España, tabla 39363"
11022,2021-02-01,171,4.17,41,"INE, Viviendas turísticas en España, tabla 39363"
11027,2021-02-01,3921,5.48,715,"INE, Viviendas turísticas en España, tabla 39363"
11028,2021-02-01,229,4.24,54,"INE, Viviendas turísticas en España, tabla 39363"
11030,2021-02-01,1814,5.21,348,"INE, Viviendas turísticas en España, tabla 39363"
11031,2021-02-01,228,4.07,56,"INE, Viviendas turísticas en España, tabla 39363"
11032,2021-02-01,2024,5.3,382,"INE, Viviendas turísticas en España, tabla 39363"
11033,2021-02-01,2911,6.77,430,"INE, Viviendas turísticas en España, tabla 39363"
12009,2021-02-01,65,4.33,15,"INE, Viviendas turísticas en España, tabla 39363"
12027,2021-02-01,804,5.29,152,"INE, Viviendas turísticas en España, tabla 39363"
12032,2021-02-01,330,5.16,64,"INE, Viviendas turísticas en España, tabla 39363"
12040,2021-02-01,1176,4.0,294,"INE, Viviendas turísticas en España, tabla 39363"
12084,2021-02-01,29,5.8,5,"INE, Viviendas turísticas en España, tabla 39363"
12126,2021-02-01,71,5.07,14,"INE, Viviendas turísticas en España, tabla 39363"
12135,2021-02-01,84,4.0,21,"INE, Viviendas turísticas en España, tabla 39363"
12138,2021-02-01,1706,5.4,316,"INE, Viviendas turísticas en España, tabla 39363"
13005,2021-02-01,54,4.91,11,"INE, Viviendas turísticas en España, tabla 39363"
13034,2021-02-01,215,3.91,55,"INE, Viviendas turísticas en España, tabla 39363"
13071,2021-02-01,34,3.78,9,"INE, Viviendas turísticas en España, tabla 39363"
13082,2021-02-01,124,6.2,20,"INE, Viviendas turísticas en España, tabla 39363"
13087,2021-02-01,59,4.92,12,"INE, Viviendas turísticas en España, tabla 39363"
14021,2021-02-01,5518,4.67,1182,"INE, Viviendas turísticas en España, tabla 39363"
14038,2021-02-01,76,5.43,14,"INE, Viviendas turísticas en España, tabla 39363"
14056,2021-02-01,99,8.25,12,"INE, Viviendas turísticas en España, tabla 39363"
15002,2021-02-01,453,4.72,96,"INE, Viviendas turísticas en España, tabla 39363"
15005,2021-02-01,171,5.03,34,"INE, Viviendas turísticas en España, tabla 39363"
15019,2021-02-01,470,6.53,72,"INE, Viviendas turísticas en España, tabla 39363"
15030,2021-02-01,1986,4.19,474,"INE, Viviendas turísticas en España, tabla 39363"
15031,2021-02-01,130,4.19,31,"INE, Viviendas turísticas en España, tabla 39363"
15036,2021-02-01,573,4.62,124,"INE, Viviendas turísticas en España, tabla 39363"
15054,2021-02-01,95,5.28,18,"INE, Viviendas turísticas en España, tabla 39363"
15058,2021-02-01,701,4.83,145,"INE, Viviendas turísticas en España, tabla 39363"
15073,2021-02-01,921,5.32,173,"INE, Viviendas turísticas en España, tabla 39363"
15078,2021-02-01,2916,4.43,658,"INE, Viviendas turísticas en España, tabla 39363"
16078,2021-02-01,1211,4.94,245,"INE, Viviendas turísticas en España, tabla 39363"
17023,2021-02-01,3163,5.87,539,"INE, Viviendas turísticas en España, tabla 39363"
17066,2021-02-01,593,4.63,128,"INE, Viviendas turísticas en España, tabla 39363"
17079,2021-02-01,1756,4.28,410,"INE, Viviendas turísticas en España, tabla 39363"
17095,2021-02-01,11844,6.47,1831,"INE, Viviendas turísticas en España, tabla 39363"
17114,2021-02-01,440,4.89,90,"INE, Viviendas turísticas en España, tabla 39363"
17155,2021-02-01,35,2.69,13,"INE, Viviendas turísticas en España, tabla 39363"
18017,2021-02-01,5224,5.37,972,"INE, Viviendas turísticas en España, tabla 39363"
18087,2021-02-01,9378,4.5,2082,"INE, Viviendas turísticas en España, tabla 39363"
18140,2021-02-01,713,5.32,134,"INE, Viviendas turísticas en España, tabla 39363"
19046,2021-02-01,17,1.89,9,"INE, Viviendas turísticas en España, tabla 39363"
19130,2021-02-01,175,5.0,35,"INE, Viviendas turísticas en España, tabla 39363"
20030,2021-02-01,21,3.5,6,"INE, Viviendas turísticas en España, tabla 39363"
20045,2021-02-01,166,3.86,43,"INE, Viviendas turísticas en España, tabla 39363"
20067,2021-02-01,51,3.19,16,"INE, Viviendas turísticas en España, tabla 39363"
20069,2021-02-01,5120,4.2,1218,"INE, Viviendas turísticas en España, tabla 39363"
21041,2021-02-01,297,3.58,83,"INE, Viviendas turísticas en España, tabla 39363"
21044,2021-02-01,871,5.66,154,"INE, Viviendas turísticas en España, tabla 39363"
22125,2021-02-01,154,4.28,36,"INE, Viviendas turísticas en España, tabla 39363"
23005,2021-02-01,47,3.92,12,"INE, Viviendas turísticas en España, tabla 39363"
23050,2021-02-01,294,4.32,68,"INE, Viviendas turísticas en España, tabla 39363"
23055,2021-02-01,63,4.2,15,"INE, Viviendas turísticas en España, tabla 39363"
23092,2021-02-01,299,4.82,62,"INE, Viviendas turísticas en España, tabla 39363"
24089,2021-02-01,1665,4.77,349,"INE, Viviendas turísticas en España, tabla 39363"
24115,2021-02-01,415,4.23,98,"INE, Viviendas turísticas en España, tabla 39363"
24142,2021-02-01,89,6.36,14,"INE, Viviendas turísticas en España, tabla 39363"
25120,2021-02-01,341,4.16,82,"INE, Viviendas turísticas en España, tabla 39363"
26089,2021-02-01,2013,5.22,386,"INE, Viviendas turísticas en España, tabla 39363"
27028,2021-02-01,679,4.75,143,"INE, Viviendas turísticas en España, tabla 39363"
28005,2021-02-01,662,3.72,178,"INE, Viviendas turísticas en España, tabla 39363"
28006,2021-02-01,254,3.14,81,"INE, Viviendas turísticas en España, tabla 39363"
28007,2021-02-01,118,2.36,50,"INE, Viviendas turísticas en España, tabla 39363"
28013,2021-02-01,184,3.68,50,"INE, Viviendas turísticas en España, tabla 39363"
28014,2021-02-01,40,2.67,15,"INE, Viviendas turísticas en España, tabla 39363"
28022,2021-02-01,120,5.22,23,"INE, Viviendas turísticas en España, tabla 39363"
28045,2021-02-01,75,3.26,23,"INE, Viviendas turísticas en España, tabla 39363"
28047,2021-02-01,86,4.1,21,"INE, Viviendas turísticas en España, tabla 39363"
28049,2021-02-01,156,2.84,55,"INE, Viviendas turísticas en España, tabla 39363"
28058,2021-02-01,44,1.83,24,"INE, Viviendas turísticas en España, tabla 39363"
28061,2021-02-01,130,3.51,37,"INE, Viviendas turísticas en España, tabla 39363"
28065,2021-02-01,218,2.18,100,"INE, Viviendas turísticas en España, tabla 39363"
28074,2021-02-01,115,1.89,61,"INE, Viviendas turísticas en España, tabla 39363"
28079,2021-02-01,51540,3.39,15203,"INE, Viviendas turísticas en España, tabla 39363"
28080,2021-02-01,108,3.09,35,"INE, Viviendas turísticas en España, tabla 39363"
28092,2021-02-01,168,2.51,67,"INE, Viviendas turísticas en España, tabla 39363"
28096,2021-02-01,46,5.11,9,"INE, Viviendas turísticas en España, tabla 39363"
28106,2021-02-01,53,1.96,27,"INE, Viviendas turísticas en España, tabla 39363"
28113,2021-02-01,70,2.8,25,"INE, Viviendas turísticas en España, tabla 39363"
28115,2021-02-01,258,3.23,80,"INE, Viviendas turísticas en España, tabla 39363"
28123,2021-02-01,211,3.3,64,"INE, Viviendas turísticas en España, tabla 39363"
28127,2021-02-01,224,3.93,57,"INE, Viviendas turísticas en España, tabla 39363"
28130,2021-02-01,43,2.87,15,"INE, Viviendas turísticas en España, tabla 39363"
28134,2021-02-01,207,2.92,71,"INE, Viviendas turísticas en España, tabla 39363"
28148,2021-02-01,114,2.0,57,"INE, Viviendas turísticas en España, tabla 39363"
28161,2021-02-01,34,1.79,19,"INE, Viviendas turísticas en España, tabla 39363"
28181,2021-02-01,227,4.73,48,"INE, Viviendas turísticas en España, tabla 39363"
28903,2021-02-01,55,2.39,23,"INE, Viviendas turísticas en España, tabla 39363"
29007,2021-02-01,1324,6.72,197,"INE, Viviendas turísticas en España, tabla 39363"
29015,2021-02-01,638,5.5,116,"INE, Viviendas turísticas en España, tabla 39363"
29025,2021-02-01,13318,4.79,2780,"INE, Viviendas turísticas en España, tabla 39363"
29051,2021-02-01,12799,5.28,2424,"INE, Viviendas turísticas en España, tabla 39363"
29054,2021-02-01,8183,4.82,1696,"INE, Viviendas turísticas en España, tabla 39363"
29067,2021-02-01,21680,4.4,4932,"INE, Viviendas turísticas en España, tabla 39363"
29069,2021-02-01,35381,6.03,5871,"INE, Viviendas turísticas en España, tabla 39363"
29070,2021-02-01,17499,5.45,3210,"INE, Viviendas turísticas en España, tabla 39363"
29082,2021-02-01,2515,5.37,468,"INE, Viviendas turísticas en España, tabla 39363"
29084,2021-02-01,2016,4.93,409,"INE, Viviendas turísticas en España, tabla 39363"
29094,2021-02-01,3736,5.3,705,"INE, Viviendas turísticas en España, tabla 39363"
29901,2021-02-01,7777,4.22,1844,"INE, Viviendas turísticas en España, tabla 39363"
30003,2021-02-01,1569,5.3,296,"INE, Viviendas turísticas en España, tabla 39363"
30005,2021-02-01,58,6.44,9,"INE, Viviendas turísticas en España, tabla 39363"
30015,2021-02-01,203,5.08,40,"INE, Viviendas turísticas en España, tabla 39363"
30016,2021-02-01,7456,5.36,1392,"INE, Viviendas turísticas en España, tabla 39363"
30019,2021-02-01,18,9.0,2,"INE, Viviendas turísticas en España, tabla 39363"
30022,2021-02-01,182,7.58,24,"INE, Viviendas turísticas en España, tabla 39363"
30024,2021-02-01,355,5.46,65,"INE, Viviendas turísticas en España, tabla 39363"
30026,2021-02-01,2447,5.46,448,"INE, Viviendas turísticas en España, tabla 39363"
30027,2021-02-01,146,3.65,40,"INE, Viviendas turísticas en España, tabla 39363"
30030,2021-02-01,3428,4.36,786,"INE, Viviendas turísticas en España, tabla 39363"
30035,2021-02-01,4611,5.37,859,"INE, Viviendas turísticas en España, tabla 39363"
30037,2021-02-01,2616,4.94,530,"INE, Viviendas turísticas en España, tabla 39363"
30039,2021-02-01,66,6.0,11,"INE, Viviendas turísticas en España, tabla 39363"
30043,2021-02-01,105,5.0,21,"INE, Viviendas turísticas en España, tabla 39363"
31201,2021-02-01,1548,3.84,403,"INE, Viviendas turísticas en España, tabla 39363"
31232,2021-02-01,372,4.83,77,"INE, Viviendas turísticas en España, tabla 39363"
32054,2021-02-01,743,4.25,175,"INE, Viviendas turísticas en España, tabla 39363"
33004,2021-02-01,315,4.44,71,"INE, Viviendas turísticas en España, tabla 39363"
33024,2021-02-01,3393,4.49,755,"INE, Viviendas turísticas en España, tabla 39363"
33031,2021-02-01,53,4.82,11,"INE, Viviendas turísticas en España, tabla 39363"
33037,2021-02-01,79,4.16,19,"INE, Viviendas turísticas en España, tabla 39363"
33044,2021-02-01,1971,4.01,491,"INE, Viviendas turísticas en España, tabla 39363"
33066,2021-02-01,242,5.76,42,"INE, Viviendas turísticas en España, tabla 39363"
34120,2021-02-01,101,4.04,25,"INE, Viviendas turísticas en España, tabla 39363"
35002,2021-02-01,980,4.32,227,"INE, Viviendas turísticas en España, tabla 39363"
35004,2021-02-01,1424,3.85,370,"INE, Viviendas turísticas en España, tabla 39363"
35006,2021-02-01,531,4.83,110,"INE, Viviendas turísticas en España, tabla 39363"
35011,2021-02-01,397,5.16,77,"INE, Viviendas turísticas en España, tabla 39363"
35014,2021-02-01,11694,4.39,2662,"INE, Viviendas turísticas en España, tabla 39363"
35016,2021-02-01,7484,3.56,2101,"INE, Viviendas turísticas en España, tabla 39363"
35017,2021-02-01,1529,4.38,349,"INE, Viviendas turísticas en España, tabla 39363"
35019,2021-02-01,13421,4.24,3166,"INE, Viviendas turísticas en España, tabla 39363"
35022,2021-02-01,1222,3.85,317,"INE, Viviendas turísticas en España, tabla 39363"
35026,2021-02-01,1472,4.27,345,"INE, Viviendas turísticas en España, tabla 39363"
36008,2021-02-01,1149,5.15,223,"INE, Viviendas turísticas en España, tabla 39363"
36026,2021-02-01,507,5.76,88,"INE, Viviendas turísticas en España, tabla 39363"
36038,2021-02-01,1174,4.57,257,"INE, Viviendas turísticas en España, tabla 39363"
36045,2021-02-01,312,5.47,57,"INE, Viviendas turísticas en España, tabla 39363"
36057,2021-02-01,2766,3.99,693,"INE, Viviendas turísticas en España, tabla 39363"
36060,2021-02-01,935,5.37,174,"INE, Viviendas turísticas en España, tabla 39363"
37274,2021-02-01,2711,3.77,719,"INE, Viviendas turísticas en España, tabla 39363"
38001,2021-02-01,15270,4.85,3148,"INE, Viviendas turísticas en España, tabla 39363"
38006,2021-02-01,12930,4.1,3156,"INE, Viviendas turísticas en España, tabla 39363"
38011,2021-02-01,982,4.11,239,"INE, Viviendas turísticas en España, tabla 39363"
38017,2021-02-01,3928,4.24,927,"INE, Viviendas turísticas en España, tabla 39363"
38023,2021-02-01,1912,3.59,532,"INE, Viviendas turísticas en España, tabla 39363"
38026,2021-02-01,1190,4.65,256,"INE, Viviendas turísticas en España, tabla 39363"
38028,2021-02-01,2827,3.47,815,"INE, Viviendas turísticas en España, tabla 39363"
38031,2021-02-01,775,3.62,214,"INE, Viviendas turísticas en España, tabla 39363"
38038,2021-02-01,2706,3.74,724,"INE, Viviendas turísticas en España, tabla 39363"
39016,2021-02-01,291,4.55,64,"INE, Viviendas turísticas en España, tabla 39363"
39020,2021-02-01,813,4.57,178,"INE, Viviendas turísticas en España, tabla 39363"
39075,2021-02-01,3519,4.11,856,"INE, Viviendas turísticas en España, tabla 39363"
39087,2021-02-01,257,4.36,59,"INE, Viviendas turísticas en España, tabla 39363"
40194,2021-02-01,590,4.65,127,"INE, Viviendas turísticas en España, tabla 39363"
41004,2021-02-01,240,5.45,44,"INE, Viviendas turísticas en España, tabla 39363"
41021,2021-02-01,94,4.48,21,"INE, Viviendas turísticas en España, tabla 39363"
41024,2021-02-01,247,5.74,43,"INE, Viviendas turísticas en España, tabla 39363"
41034,2021-02-01,52,5.78,9,"INE, Viviendas turísticas en España, tabla 39363"
41038,2021-02-01,251,4.48,56,"INE, Viviendas turísticas en España, tabla 39363"
41039,2021-02-01,67,3.94,17,"INE, Viviendas turísticas en España, tabla 39363"
41053,2021-02-01,13,2.6,5,"INE, Viviendas turísticas en España, tabla 39363"
41059,2021-02-01,290,3.72,78,"INE, Viviendas turísticas en España, tabla 39363"
41065,2021-02-01,98,7.54,13,"INE, Viviendas turísticas en España, tabla 39363"
41069,2021-02-01,85,7.08,12,"INE, Viviendas turísticas en España, tabla 39363"
41081,2021-02-01,48,4.8,10,"INE, Viviendas turísticas en España, tabla 39363"
41091,2021-02-01,19458,4.13,4712,"INE, Viviendas turísticas en España, tabla 39363"
41095,2021-02-01,110,6.88,16,"INE, Viviendas turísticas en España, tabla 39363"
42173,2021-02-01,419,4.66,90,"INE, Viviendas turísticas en España, tabla 39363"
43038,2021-02-01,6889,5.78,1191,"INE, Viviendas turísticas en España, tabla 39363"
43123,2021-02-01,612,5.46,112,"INE, Viviendas turísticas en España, tabla 39363"
43148,2021-02-01,2615,4.56,574,"INE, Viviendas turísticas en España, tabla 39363"
43155,2021-02-01,332,4.96,67,"INE, Viviendas turísticas en España, tabla 39363"
43163,2021-02-01,2354,6.65,354,"INE, Viviendas turísticas en España, tabla 39363"
43905,2021-02-01,11299,5.43,2081,"INE, Viviendas turísticas en España, tabla 39363"
44216,2021-02-01,650,5.8,112,"INE, Viviendas turísticas en España, tabla 39363"
45081,2021-02-01,59,3.28,18,"INE, Viviendas turísticas en España, tabla 39363"
45165,2021-02-01,137,4.28,32,"INE, Viviendas turísticas en España, tabla 39363"
45168,2021-02-01,2359,4.85,486,"INE, Viviendas turísticas en España, tabla 39363"
46005,2021-02-01,18,3.0,6,"INE, Viviendas turísticas en España, tabla 39363"
46017,2021-02-01,187,5.5,34,"INE, Viviendas turísticas en España, tabla 39363"
46021,2021-02-01,1,1.0,1,"INE, Viviendas turísticas en España, tabla 39363"
46029,2021-02-01,20,4.0,5,"INE, Viviendas turísticas en España, tabla 39363"
46078,2021-02-01,223,3.43,65,"INE, Viviendas turísticas en España, tabla 39363"
46094,2021-02-01,40,2.67,15,"INE, Viviendas turísticas en España, tabla 39363"
46102,2021-02-01,17,3.4,5,"INE, Viviendas turísticas en España, tabla 39363"
46110,2021-02-01,66,3.47,19,"INE, Viviendas turísticas en España, tabla 39363"
46131,2021-02-01,5268,5.57,945,"INE, Viviendas turísticas en España, tabla 39363"
46145,2021-02-01,234,4.11,57,"INE, Viviendas turísticas en España, tabla 39363"
46159,2021-02-01,55,3.06,18,"INE, Viviendas turísticas en España, tabla 39363"
46169,2021-02-01,146,3.32,44,"INE, Viviendas turísticas en España, tabla 39363"
46181,2021-02-01,3760,5.47,687,"INE, Viviendas turísticas en España, tabla 39363"
46184,2021-02-01,126,5.25,24,"INE, Viviendas turísticas en España, tabla 39363"
46190,2021-02-01,296,3.7,80,"INE, Viviendas turísticas en España, tabla 39363"
46220,2021-02-01,1525,5.19,294,"INE, Viviendas turísticas en España, tabla 39363"
46235,2021-02-01,699,5.73,122,"INE, Viviendas turísticas en España, tabla 39363"
46244,2021-02-01,208,4.08,51,"INE, Viviendas turísticas en España, tabla 39363"
46250,2021-02-01,22716,3.8,5973,"INE, Viviendas turísticas en España, tabla 39363"
47186,2021-02-01,844,3.43,246,"INE, Viviendas turísticas en España, tabla 39363"
48013,2021-02-01,171,2.85,60,"INE, Viviendas turísticas en España, tabla 39363"
48015,2021-02-01,22,2.75,8,"INE, Viviendas turísticas en España, tabla 39363"
48020,2021-02-01,2899,3.31,877,"INE, Viviendas turísticas en España, tabla 39363"
48027,2021-02-01,33,3.0,11,"INE, Viviendas turísticas en España, tabla 39363"
48036,2021-02-01,3,1.5,2,"INE, Viviendas turísticas en España, tabla 39363"
48044,2021-02-01,428,4.04,106,"INE, Viviendas turísticas en España, tabla 39363"
48054,2021-02-01,45,3.0,15,"INE, Viviendas turísticas en España, tabla 39363"
48078,2021-02-01,108,4.32,25,"INE, Viviendas turísticas en España, tabla 39363"
48082,2021-02-01,86,3.74,23,"INE, Viviendas turísticas en España, tabla 39363"
48084,2021-02-01,31,3.44,9,"INE, Viviendas turísticas en España, tabla 39363"
49275,2021-02-01,660,4.71,140,"INE, Viviendas turísticas en España, tabla 39363"
50297,2021-02-01,2614,3.97,659,"INE, Viviendas turísticas en España, tabla 39363"
51001,2021-02-01,186,3.8,49,"INE, Viviendas turísticas en España, tabla 39363"
52001,2021-02-01,149,3.47,43,"INE, Viviendas turísticas en España, tabla 39363"
01059,2021-08-01,485,3.28,148,"INE, Viviendas turísticas en España, tabla 39363"
02003,2021-08-01,553,4.13,134,"INE, Viviendas turísticas en España, tabla 39363"
02009,2021-08-01,36,4.0,9,"INE, Viviendas turísticas en España, tabla 39363"
02037,2021-08-01,29,4.83,6,"INE, Viviendas turísticas en España, tabla 39363"
02081,2021-08-01,41,6.83,6,"INE, Viviendas turísticas en España, tabla 39363"
03009,2021-08-01,327,3.3,99,"INE, Viviendas turísticas en España, tabla 39363"
03014,2021-08-01,14286,4.33,3301,"INE, Viviendas turísticas en España, tabla 39363"
03031,2021-08-01,12384,4.77,2596,"INE, Viviendas turísticas en España, tabla 39363"
03047,2021-08-01,16089,5.8,2776,"INE, Viviendas turísticas en España, tabla 39363"
03050,2021-08-01,6151,5.75,1069,"INE, Viviendas turísticas en España, tabla 39363"
03059,2021-08-01,205,6.83,30,"INE, Viviendas turísticas en España, tabla 39363"
03063,2021-08-01,16997,5.25,3240,"INE, Viviendas turísticas en España, tabla 39363"
03065,2021-08-01,3379,4.77,709,"INE, Viviendas turísticas en España, tabla 39363"
03066,2021-08-01,88,4.0,22,"INE, Viviendas turísticas en España, tabla 39363"
03082,2021-08-01,17260,6.22,2773,"INE, Viviendas turísticas en España, tabla 39363"
03093,2021-08-01,89,6.85,13,"INE, Viviendas turísticas en España, tabla 39363"
03099,2021-08-01,12532,5.35,2344,"INE, Viviendas turísticas en España, tabla 39363"
03104,2021-08-01,122,4.36,28,"INE, Viviendas turísticas en España, tabla 39363"
03121,2021-08-01,6460,5.3,1219,"INE, Viviendas turísticas en España, tabla 39363"
03122,2021-08-01,511,5.38,95,"INE, Viviendas turísticas en España, tabla 39363"
03133,2021-08-01,16527,4.75,3476,"INE, Viviendas turísticas en España, tabla 39363"
03139,2021-08-01,3595,4.7,765,"INE, Viviendas turísticas en España, tabla 39363"
03140,2021-08-01,114,4.96,23,"INE, Viviendas turísticas en España, tabla 39363"
04013,2021-08-01,2512,4.26,589,"INE, Viviendas turísticas en España, tabla 39363"
04066,2021-08-01,3576,4.95,723,"INE, Viviendas turísticas en España, tabla 39363"
04079,2021-08-01,3276,4.47,733,"INE, Viviendas turísticas en España, tabla 39363"
04902,2021-08-01,550,4.58,120,"INE, Viviendas turísticas en España, tabla 39363"
05019,2021-08-01,713,4.72,151,"INE, Viviendas turísticas en España, tabla 39363"
06011,2021-08-01,4,2.0,2,"INE, Viviendas turísticas en España, tabla 39363"
06015,2021-08-01,142,3.55,40,"INE, Viviendas turísticas en España, tabla 39363"
06044,2021-08-01,13,6.5,2,"INE, Viviendas turísticas en España, tabla 39363"
06083,2021-08-01,597,4.42,135,"INE, Viviendas turísticas en España, tabla 39363"
06153,2021-08-01,8,4.0,2,"INE, Viviendas turísticas en España, tabla 39363"
07011,2021-08-01,4024,6.15,654,"INE, Viviendas turísticas en España, tabla 39363"
07015,2021-08-01,8035,5.61,1433,"INE, Viviendas turísticas en España, tabla 39363"
07026,2021-08-01,3295,4.32,762,"INE, Viviendas turísticas en España, tabla 39363"
07027,2021-08-01,2052,6.37,322,"INE, Viviendas turísticas en España, tabla 39363"
07031,2021-08-01,4411,6.36,694,"INE, Viviendas turísticas en España, tabla 39363"
07032,2021-08-01,1424,6.3,226,"INE, Viviendas turísticas en España, tabla 39363"
07033,2021-08-01,6359,6.25,1017,"INE, Viviendas turísticas en España, tabla 39363"
07036,2021-08-01,964,6.99,138,"INE, Viviendas turísticas en España, tabla 39363"
07040,2021-08-01,6357,4.32,1471,"INE, Viviendas turísticas en España, tabla 39363"
07054,2021-08-01,7852,7.22,1087,"INE, Viviendas turísticas en España, tabla 39363"
08015,2021-08-01,727,3.64,200,"INE, Viviendas turísticas en España, tabla 39363"
08019,2021-08-01,48706,3.77,12930,"INE, Viviendas turísticas en España, tabla 39363"
08056,2021-08-01,1347,4.54,297,"INE, Viviendas turísticas en España, tabla 39363"
08073,2021-08-01,290,3.72,78,"INE, Viviendas turísticas en España, tabla 39363"
08077,2021-08-01,160,2.76,58,"INE, Viviendas turísticas en España, tabla 39363"
08089,2021-08-01,398,5.1,78,"INE, Viviendas turísticas en España, tabla 39363"
08096,2021-08-01,54,2.84,19,"INE, Viviendas turísticas en España, tabla 39363"
08101,2021-08-01,2754,3.53,781,"INE, Viviendas turísticas en España, tabla 39363"
08102,2021-08-01,51,3.64,14,"INE, Viviendas turísticas en España, tabla 39363"
08113,2021-08-01,260,3.51,74,"INE, Viviendas turísticas en España, tabla 39363"
08114,2021-08-01,14,2.8,5,"INE, Viviendas turísticas en España, tabla 39363"
08121,2021-08-01,615,4.39,140,"INE, Viviendas turísticas en España, tabla 39363"
08124,2021-08-01,30,4.29,7,"INE, Viviendas turísticas en España, tabla 39363"
08125,2021-08-01,28,3.11,9,"INE, Viviendas turísticas en España, tabla 39363"
08163,2021-08-01,1505,5.36,281,"INE, Viviendas turísticas en España, tabla 39363"
08169,2021-08-01,171,2.55,67,"INE, Viviendas turísticas en España, tabla 39363"
08172,2021-08-01,224,4.39,51,"INE, Viviendas turísticas en España, tabla 39363"
08180,2021-08-01,23,1.92,12,"INE, Viviendas turísticas en España, tabla 39363"
08184,2021-08-01,153,3.73,41,"INE, Viviendas turísticas en España, tabla 39363"
08187,2021-08-01,267,2.97,90,"INE, Viviendas turísticas en España, tabla 39363"
08194,2021-08-01,680,5.11,133,"INE, Viviendas turísticas en España, tabla 39363"
08196,2021-08-01,9,2.25,4,"INE, Viviendas turísticas en España, tabla 39363"
08200,2021-08-01,68,3.58,19,"INE, Viviendas turísticas en España, tabla 39363"
08205,2021-08-01,383,3.65,105,"INE, Viviendas turísticas en España, tabla 39363"
08211,2021-08-01,51,3.64,14,"INE, Viviendas turísticas en España, tabla 39363"
08217,2021-08-01,39,2.79,14,"INE, Viviendas turísticas en España, tabla 39363"
08231,2021-08-01,1385,7.18,193,"INE, Viviendas turísticas en España, tabla 39363"
08245,2021-08-01,107,2.28,47,"INE, Viviendas turísticas en España, tabla 39363"
08252,2021-08-01,66,4.71,14,"INE, Viviendas turísticas en España, tabla 39363"
08260,2021-08-01,17,3.4,5,"INE, Viviendas turísticas en España, tabla 39363"
08263,2021-08-01,18,4.5,4,"INE, Viviendas turísticas en España, tabla 39363"
08266,2021-08-01,119,3.5,34,"INE, Viviendas turísticas en España, tabla 39363"
08270,2021-08-01,6068,5.1,1190,"INE, Viviendas turísticas en España, tabla 39363"
08279,2021-08-01,290,3.15,92,"INE, Viviendas turísticas en España, tabla 39363"
08298,2021-08-01,173,4.02,43,"INE, Viviendas turísticas en España, tabla 39363"
08301,2021-08-01,100,4.55,22,"INE, Viviendas turísticas en España, tabla 39363"
08305,2021-08-01,74,3.36,22,"INE, Viviendas turísticas en España, tabla 39363"
08307,2021-08-01,1048,5.04,208,"INE, Viviendas turísticas en España, tabla 39363"
09018,2021-08-01,153,4.37,35,"INE, Viviendas turísticas en España, tabla 39363"
09059,2021-08-01,973,4.42,220,"INE, Viviendas turísticas en España, tabla 39363"
09219,2021-08-01,5,2.5,2,"INE, Viviendas turísticas en España, tabla 39363"
10037,2021-08-01,983,3.98,247,"INE, Viviendas turísticas en España, tabla 39363"
10148,2021-08-01,238,4.49,53,"INE, Viviendas turísticas en España, tabla 39363"
11004,2021-08-01,398,3.98,100,"INE, Viviendas turísticas en España, tabla 39363"
11006,2021-08-01,861,5.63,153,"INE, Viviendas turísticas en España, tabla 39363"
11012,2021-08-01,6333,4.3,1474,"INE, Viviendas turísticas en España, tabla 39363"
11015,2021-08-01,7490,5.82,1286,"INE, Viviendas turísticas en España, tabla 39363"
11020,2021-08-01,2694,4.45,605,"INE, Viviendas turísticas en España, tabla 39363"
11022,2021-08-01,200,4.0,50,"INE, Viviendas turísticas en España, tabla 39363"
11027,2021-08-01,4323,5.55,779,"INE, Viviendas turísticas en España, tabla 39363"
11028,2021-08-01,282,4.55,62,"INE, Viviendas turísticas en España, tabla 39363"
11030,2021-08-01,1894,5.23,362,"INE, Viviendas turísticas en España, tabla 39363"
11031,2021-08-01,328,4.1,80,"INE, Viviendas turísticas en España, tabla 39363"
11032,2021-08-01,2409,5.17,466,"INE, Viviendas turísticas en España, tabla 39363"
11033,2021-08-01,2785,6.51,428,"INE, Viviendas turísticas en España, tabla 39363"
12009,2021-08-01,77,4.53,17,"INE, Viviendas turísticas en España, tabla 39363"
12027,2021-08-01,918,5.04,182,"INE, Viviendas turísticas en España, tabla 39363"
12032,2021-08-01,369,5.35,69,"INE, Viviendas turísticas en España, tabla 39363"
12040,2021-08-01,1407,4.04,348,"INE, Viviendas turísticas en España, tabla 39363"
12084,2021-08-01,28,4.0,7,"INE, Viviendas turísticas en España, tabla 39363"
12126,2021-08-01,69,5.31,13,"INE, Viviendas turísticas en España, tabla 39363"
12135,2021-08-01,72,3.6,20,"INE, Viviendas turísticas en España, tabla 39363"
12138,2021-08-01,2042,5.55,368,"INE, Viviendas turísticas en España, tabla 39363"
13005,2021-08-01,94,5.53,17,"INE, Viviendas turísticas en España, tabla 39363"
13034,2021-08-01,201,3.53,57,"INE, Viviendas turísticas en España, tabla 39363"
13071,2021-08-01,38,3.8,10,"INE, Viviendas turísticas en España, tabla 39363"
13082,2021-08-01,122,6.1,20,"INE, Viviendas turísticas en España, tabla 39363"
13087,2021-08-01,61,4.69,13,"INE, Viviendas turísticas en España, tabla 39363"
14021,2021-08-01,5565,4.74,1174,"INE, Viviendas turísticas en España, tabla 39363"
14038,2021-08-01,104,5.78,18,"INE, Viviendas turísticas en España, tabla 39363"
14056,2021-08-01,113,8.69,13,"INE, Viviendas turísticas en España, tabla 39363"
15002,2021-08-01,464,4.64,100,"INE, Viviendas turísticas en España, tabla 39363"
15005,2021-08-01,132,5.08,26,"INE, Viviendas turísticas en España, tabla 39363"
15019,2021-08-01,498,6.38,78,"INE, Viviendas turísticas en España, tabla 39363"
15030,2021-08-01,2503,4.29,583,"INE, Viviendas turísticas en España, tabla 39363"
15031,2021-08-01,128,4.27,30,"INE, Viviendas turísticas en España, tabla 39363"
15036,2021-08-01,668,4.61,145,"INE, Viviendas turísticas en España, tabla 39363"
15054,2021-08-01,102,5.67,18,"INE, Viviendas turísticas en España, tabla 39363"
15058,2021-08-01,742,4.79,155,"INE, Viviendas turísticas en España, tabla 39363"
15073,2021-08-01,1137,5.26,216,"INE, Viviendas turísticas en España, tabla 39363"
15078,2021-08-01,3166,4.53,699,"INE, Viviendas turísticas en España, tabla 39363"
16078,2021-08-01,1386,4.9,283,"INE, Viviendas turísticas en España, tabla 39363"
17023,2021-08-01,3458,5.77,599,"INE, Viviendas turísticas en España, tabla 39363"
17066,2021-08-01,629,4.53,139,"INE, Viviendas turísticas en España, tabla 39363"
17079,2021-08-01,1826,4.28,427,"INE, Viviendas turísticas en España, tabla 39363"
17095,2021-08-01,13153,6.39,2058,"INE, Viviendas turísticas en España, tabla 39363"
17114,2021-08-01,440,4.89,90,"INE, Viviendas turísticas en España, tabla 39363"
17155,2021-08-01,34,3.09,11,"INE, Viviendas turísticas en España, tabla 39363"
18017,2021-08-01,5606,5.34,1049,"INE, Viviendas turísticas en España, tabla 39363"
18087,2021-08-01,9751,4.55,2145,"INE, Viviendas turísticas en España, tabla 39363"
18140,2021-08-01,720,5.29,136,"INE, Viviendas turísticas en España, tabla 39363"
19046,2021-08-01,17,1.89,9,"INE, Viviendas turísticas en España, tabla 39363"
19130,2021-08-01,141,4.7,30,"INE, Viviendas turísticas en España, tabla 39363"
20030,2021-08-01,27,3.0,9,"INE, Viviendas turísticas en España, tabla 39363"
20045,2021-08-01,191,4.34,44,"INE, Viviendas turísticas en España, tabla 39363"
20067,2021-08-01,52,3.06,17,"INE, Viviendas turísticas en España, tabla 39363"
20069,2021-08-01,5653,4.2,1347,"INE, Viviendas turísticas en España, tabla 39363"
21041,2021-08-01,365,3.8,96,"INE, Viviendas turísticas en España, tabla 39363"
21044,2021-08-01,983,5.72,172,"INE, Viviendas turísticas en España, tabla 39363"
22125,2021-08-01,134,4.19,32,"INE, Viviendas turísticas en España, tabla 39363"
23005,2021-08-01,73,4.06,18,"INE, Viviendas turísticas en España, tabla 39363"
23050,2021-08-01,296,4.0,74,"INE, Viviendas turísticas en España, tabla 39363"
23055,2021-08-01,75,3.57,21,"INE, Viviendas turísticas en España, tabla 39363"
23092,2021-08-01,349,4.65,75,"INE, Viviendas turísticas en España, tabla 39363"
24089,2021-08-01,1732,4.69,369,"INE, Viviendas turísticas en España, tabla 39363"
24115,2021-08-01,522,4.42,118,"INE, Viviendas turísticas en España, tabla 39363"
24142,2021-08-01,111,6.94,16,"INE, Viviendas turísticas en España, tabla 39363"
25120,2021-08-01,323,4.14,78,"INE, Viviendas turísticas en España, tabla 39363"
26089,2021-08-01,2033,5.15,395,"INE, Viviendas turísticas en España, tabla 39363"
27028,2021-08-01,814,4.87,167,"INE, Viviendas turísticas en España, tabla 39363"
28005,2021-08-01,703,3.72,189,"INE, Viviendas turísticas en España, tabla 39363"
28006,2021-08-01,266,3.02,88,"INE, Viviendas turísticas en España, tabla 39363"
28007,2021-08-01,124,2.48,50,"INE, Viviendas turísticas en España, tabla 39363"
28013,2021-08-01,194,3.53,55,"INE, Viviendas turísticas en España, tabla 39363"
28014,2021-08-01,24,1.71,14,"INE, Viviendas turísticas en España, tabla 39363"
28022,2021-08-01,120,4.8,25,"INE, Viviendas turísticas en España, tabla 39363"
28045,2021-08-01,79,4.65,17,"INE, Viviendas turísticas en España, tabla 39363"
28047,2021-08-01,133,3.91,34,"INE, Viviendas turísticas en España, tabla 39363"
28049,2021-08-01,134,2.63,51,"INE, Viviendas turísticas en España, tabla 39363"
28058,2021-08-01,47,2.35,20,"INE, Viviendas turísticas en España, tabla 39363"
28061,2021-08-01,137,3.7,37,"INE, Viviendas turísticas en España, tabla 39363"
28065,2021-08-01,187,1.91,98,"INE, Viviendas turísticas en España, tabla 39363"
28074,2021-08-01,134,2.03,66,"INE, Viviendas turísticas en España, tabla 39363"
28079,2021-08-01,49186,3.35,14686,"INE, Viviendas turísticas en España, tabla 39363"
28080,2021-08-01,117,3.25,36,"INE, Viviendas turísticas en España, tabla 39363"
28092,2021-08-01,175,2.46,71,"INE, Viviendas turísticas en España, tabla 39363"
28096,2021-08-01,48,4.8,10,"INE, Viviendas turísticas en España, tabla 39363"
28106,2021-08-01,54,1.93,28,"INE, Viviendas turísticas en España, tabla 39363"
28113,2021-08-01,82,2.83,29,"INE, Viviendas turísticas en España, tabla 39363"
28115,2021-08-01,204,2.79,73,"INE, Viviendas turísticas en España, tabla 39363"
28123,2021-08-01,166,3.19,52,"INE, Viviendas turísticas en España, tabla 39363"
28127,2021-08-01,193,3.06,63,"INE, Viviendas turísticas en España, tabla 39363"
28130,2021-08-01,41,2.73,15,"INE, Viviendas turísticas en España, tabla 39363"
28134,2021-08-01,196,2.88,68,"INE, Viviendas turísticas en España, tabla 39363"
28148,2021-08-01,113,2.13,53,"INE, Viviendas turísticas en España, tabla 39363"
28161,2021-08-01,31,2.07,15,"INE, Viviendas turísticas en España, tabla 39363"
28181,2021-08-01,151,3.21,47,"INE, Viviendas turísticas en España, tabla 39363"
28903,2021-08-01,48,2.29,21,"INE, Viviendas turísticas en España, tabla 39363"
29007,2021-08-01,1529,7.32,209,"INE, Viviendas turísticas en España, tabla 39363"
29015,2021-08-01,661,5.55,119,"INE, Viviendas turísticas en España, tabla 39363"
29025,2021-08-01,13719,4.78,2873,"INE, Viviendas turísticas en España, tabla 39363"
29051,2021-08-01,12736,5.32,2395,"INE, Viviendas turísticas en España, tabla 39363"
29054,2021-08-01,8591,4.82,1784,"INE, Viviendas turísticas en España, tabla 39363"
29067,2021-08-01,22242,4.4,5054,"INE, Viviendas turísticas en España, tabla 39363"
29069,2021-08-01,34618,5.98,5787,"INE, Viviendas turísticas en España, tabla 39363"
29070,2021-08-01,16854,5.51,3059,"INE, Viviendas turísticas en España, tabla 39363"
29082,2021-08-01,2671,5.36,498,"INE, Viviendas turísticas en España, tabla 39363"
29084,2021-08-01,2150,4.78,450,"INE, Viviendas turísticas en España, tabla 39363"
29094,2021-08-01,3911,5.3,738,"INE, Viviendas turísticas en España, tabla 39363"
29901,2021-08-01,8121,4.26,1905,"INE, Viviendas turísticas en España, tabla 39363"
30003,2021-08-01,1725,5.24,329,"INE, Viviendas turísticas en España, tabla 39363"
30005,2021-08-01,56,7.0,8,"INE, Viviendas turísticas en España, tabla 39363"
30015,2021-08-01,228,5.7,40,"INE, Viviendas turísticas en España, tabla 39363"
30016,2021-08-01,7297,5.43,1345,"INE, Viviendas turísticas en España, tabla 39363"
30019,2021-08-01,26,8.67,3,"INE, Viviendas turísticas en España, tabla 39363"
30022,2021-08-01,116,8.29,14,"INE, Viviendas turísticas en España, tabla 39363"
30024,2021-08-01,341,5.59,61,"INE, Viviendas turísticas en España, tabla 39363"
30026,2021-08-01,2695,5.44,495,"INE, Viviendas turísticas en España, tabla 39363"
30027,2021-08-01,159,3.7,43,"INE, Viviendas turísticas en España, tabla 39363"
30030,2021-08-01,3447,4.32,797,"INE, Viviendas turísticas en España, tabla 39363"
30035,2021-08-01,5022,5.32,944,"INE, Viviendas turísticas en España, tabla 39363"
30037,2021-08-01,2381,4.89,487,"INE, Viviendas turísticas en España, tabla 39363"
30039,2021-08-01,71,6.45,11,"INE, Viviendas turísticas en España, tabla 39363"
30043,2021-08-01,115,5.75,20,"INE, Viviendas turísticas en España, tabla 39363"
31201,2021-08-01,1581,3.98,397,"INE, Viviendas turísticas en España, tabla 39363"
31232,2021-08-01,336,5.6,60,"INE, Viviendas turísticas en España, tabla 39363"
32054,2021-08-01,867,4.49,193,"INE, Viviendas turísticas en España, tabla 39363"
33004,2021-08-01,384,4.47,86,"INE, Viviendas turísticas en España, tabla 39363"
33024,2021-08-01,4193,4.43,946,"INE, Viviendas turísticas en España, tabla 39363"
33031,2021-08-01,81,5.06,16,"INE, Viviendas turísticas en España, tabla 39363"
33037,2021-08-01,112,4.87,23,"INE, Viviendas turísticas en España, tabla 39363"
33044,2021-08-01,2212,4.08,542,"INE, Viviendas turísticas en España, tabla 39363"
33066,2021-08-01,299,5.98,50,"INE, Viviendas turísticas en España, tabla 39363"
34120,2021-08-01,125,4.31,29,"INE, Viviendas turísticas en España, tabla 39363"
35002,2021-08-01,971,4.47,217,"INE, Viviendas turísticas en España, tabla 39363"
35004,2021-08-01,1530,3.8,403,"INE, Viviendas turísticas en España, tabla 39363"
35006,2021-08-01,534,4.94,108,"INE, Viviendas turísticas en España, tabla 39363"
35011,2021-08-01,424,5.05,84,"INE, Viviendas turísticas en España, tabla 39363"
35014,2021-08-01,12558,4.35,2886,"INE, Viviendas turísticas en España, tabla 39363"
35016,2021-08-01,7671,3.54,2170,"INE, Viviendas turísticas en España, tabla 39363"
35017,2021-08-01,1511,4.28,353,"INE, Viviendas turísticas en España, tabla 39363"
35019,2021-08-01,13171,4.21,3127,"INE, Viviendas turísticas en España, tabla 39363"
35022,2021-08-01,1290,3.97,325,"INE, Viviendas turísticas en España, tabla 39363"
35026,2021-08-01,1484,4.3,345,"INE, Viviendas turísticas en España, tabla 39363"
36008,2021-08-01,1452,5.17,281,"INE, Viviendas turísticas en España, tabla 39363"
36026,2021-08-01,642,5.84,110,"INE, Viviendas turísticas en España, tabla 39363"
36038,2021-08-01,1437,4.71,305,"INE, Viviendas turísticas en España, tabla 39363"
36045,2021-08-01,383,5.63,68,"INE, Viviendas turísticas en España, tabla 39363"
36057,2021-08-01,3282,4.13,795,"INE, Viviendas turísticas en España, tabla 39363"
36060,2021-08-01,1178,5.35,220,"INE, Viviendas turísticas en España, tabla 39363"
37274,2021-08-01,2689,3.7,726,"INE, Viviendas turísticas en España, tabla 39363"
38001,2021-08-01,16242,4.81,3378,"INE, Viviendas turísticas en España, tabla 39363"
38006,2021-08-01,13781,4.03,3420,"INE, Viviendas turísticas en España, tabla 39363"
38011,2021-08-01,917,4.13,222,"INE, Viviendas turísticas en España, tabla 39363"
38017,2021-08-01,4115,4.26,967,"INE, Viviendas turísticas en España, tabla 39363"
38023,2021-08-01,2083,3.57,583,"INE, Viviendas turísticas en España, tabla 39363"
38026,2021-08-01,1231,4.61,267,"INE, Viviendas turísticas en España, tabla 39363"
38028,2021-08-01,2932,3.46,847,"INE, Viviendas turísticas en España, tabla 39363"
38031,2021-08-01,797,3.61,221,"INE, Viviendas turísticas en España, tabla 39363"
38038,2021-08-01,2815,3.69,763,"INE, Viviendas turísticas en España, tabla 39363"
39016,2021-08-01,355,4.67,76,"INE, Viviendas turísticas en España, tabla 39363"
39020,2021-08-01,1014,4.57,222,"INE, Viviendas turísticas en España, tabla 39363"
39075,2021-08-01,4472,4.23,1056,"INE, Viviendas turísticas en España, tabla 39363"
39087,2021-08-01,357,4.2,85,"INE, Viviendas turísticas en España, tabla 39363"
40194,2021-08-01,550,4.74,116,"INE, Viviendas turísticas en España, tabla 39363"
41004,2021-08-01,260,5.91,44,"INE, Viviendas turísticas en España, tabla 39363"
41021,2021-08-01,66,4.13,16,"INE, Viviendas turísticas en España, tabla 39363"
41024,2021-08-01,268,5.96,45,"INE, Viviendas turísticas en España, tabla 39363"
41034,2021-08-01,47,6.71,7,"INE, Viviendas turísticas en España, tabla 39363"
41038,2021-08-01,261,4.28,61,"INE, Viviendas turísticas en España, tabla 39363"
41039,2021-08-01,69,3.63,19,"INE, Viviendas turísticas en España, tabla 39363"
41053,2021-08-01,22,2.75,8,"INE, Viviendas turísticas en España, tabla 39363"
41059,2021-08-01,254,3.79,67,"INE, Viviendas turísticas en España, tabla 39363"
41065,2021-08-01,106,7.07,15,"INE, Viviendas turísticas en España, tabla 39363"
41069,2021-08-01,81,6.75,12,"INE, Viviendas turísticas en España, tabla 39363"
41081,2021-08-01,52,5.2,10,"INE, Viviendas turísticas en España, tabla 39363"
41091,2021-08-01,19123,4.13,4634,"INE, Viviendas turísticas en España, tabla 39363"
41095,2021-08-01,120,6.0,20,"INE, Viviendas turísticas en España, tabla 39363"
42173,2021-08-01,477,4.5,106,"INE, Viviendas turísticas en España, tabla 39363"
43038,2021-08-01,7711,5.77,1336,"INE, Viviendas turísticas en España, tabla 39363"
43123,2021-08-01,613,5.62,109,"INE, Viviendas turísticas en España, tabla 39363"
43148,2021-08-01,2802,4.66,601,"INE, Viviendas turísticas en España, tabla 39363"
43155,2021-08-01,325,5.42,60,"INE, Viviendas turísticas en España, tabla 39363"
43163,2021-08-01,2467,6.58,375,"INE, Viviendas turísticas en España, tabla 39363"
43905,2021-08-01,13105,5.45,2405,"INE, Viviendas turísticas en España, tabla 39363"
44216,2021-08-01,689,5.89,117,"INE, Viviendas turísticas en España, tabla 39363"
45081,2021-08-01,52,3.06,17,"INE, Viviendas turísticas en España, tabla 39363"
45165,2021-08-01,121,4.48,27,"INE, Viviendas turísticas en España, tabla 39363"
45168,2021-08-01,2289,4.72,485,"INE, Viviendas turísticas en España, tabla 39363"
46005,2021-08-01,12,2.4,5,"INE, Viviendas turísticas en España, tabla 39363"
46017,2021-08-01,142,5.68,25,"INE, Viviendas turísticas en España, tabla 39363"
46021,2021-08-01,1,1.0,1,"INE, Viviendas turísticas en España, tabla 39363"
46029,2021-08-01,20,4.0,5,"INE, Viviendas turísticas en España, tabla 39363"
46078,2021-08-01,256,3.41,75,"INE, Viviendas turísticas en España, tabla 39363"
46094,2021-08-01,40,2.86,14,"INE, Viviendas turísticas en España, tabla 39363"
46102,2021-08-01,23,2.88,8,"INE, Viviendas turísticas en España, tabla 39363"
46110,2021-08-01,69,3.14,22,"INE, Viviendas turísticas en España, tabla 39363"
46131,2021-08-01,5633,5.56,1013,"INE, Viviendas turísticas en España, tabla 39363"
46145,2021-08-01,269,5.27,51,"INE, Viviendas turísticas en España, tabla 39363"
46159,2021-08-01,61,3.81,16,"INE, Viviendas turísticas en España, tabla 39363"
46169,2021-08-01,132,3.14,42,"INE, Viviendas turísticas en España, tabla 39363"
46181,2021-08-01,4138,5.42,763,"INE, Viviendas turísticas en España, tabla 39363"
46184,2021-08-01,130,5.42,24,"INE, Viviendas turísticas en España, tabla 39363"
46190,2021-08-01,321,4.22,76,"INE, Viviendas turísticas en España, tabla 39363"
46220,2021-08-01,1916,5.34,359,"INE, Viviendas turísticas en España, tabla 39363"
46235,2021-08-01,842,5.93,142,"INE, Viviendas turísticas en España, tabla 39363"
46244,2021-08-01,214,4.2,51,"INE, Viviendas turísticas en España, tabla 39363"
46250,2021-08-01,21814,3.88,5616,"INE, Viviendas turísticas en España, tabla 39363"
47186,2021-08-01,903,3.38,267,"INE, Viviendas turísticas en España, tabla 39363"
48013,2021-08-01,142,2.9,49,"INE, Viviendas turísticas en España, tabla 39363"
48015,2021-08-01,19,2.71,7,"INE, Viviendas turísticas en España, tabla 39363"
48020,2021-08-01,3081,3.38,911,"INE, Viviendas turísticas en España, tabla 39363"
48027,2021-08-01,31,3.1,10,"INE, Viviendas turísticas en España, tabla 39363"
48036,2021-08-01,4,2.0,2,"INE, Viviendas turísticas en España, tabla 39363"
48044,2021-08-01,443,4.1,108,"INE, Viviendas turísticas en España, tabla 39363"
48054,2021-08-01,53,3.79,14,"INE, Viviendas turísticas en España, tabla 39363"
48078,2021-08-01,102,4.25,24,"INE, Viviendas turísticas en España, tabla 39363"
48082,2021-08-01,57,4.38,13,"INE, Viviendas turísticas en España, tabla 39363"
48084,2021-08-01,29,3.22,9,"INE, Viviendas turísticas en España, tabla 39363"
49275,2021-08-01,762,4.7,162,"INE, Viviendas turísticas en España, tabla 39363"
50297,2021-08-01,2444,3.82,639,"INE, Viviendas turísticas en España, tabla 39363"
51001,2021-08-01,211,3.77,56,"INE, Viviendas turísticas en España, tabla 39363"
52001,2021-08-01,163,3.54,46,"INE, Viviendas turísticas en España, tabla 39363"
01059,2022-02-01,428,3.32,129,"INE, Viviendas turísticas en España, tabla 39363"
02003,2022-02-01,543,4.08,133,"INE, Viviendas turísticas en España, tabla 39363"
02009,2022-02-01,36,4.5,8,"INE, Viviendas turísticas en España, tabla 39363"
02037,2022-02-01,24,4.0,6,"INE, Viviendas turísticas en España, tabla 39363"
02081,2022-02-01,51,6.38,8,"INE, Viviendas turísticas en España, tabla 39363"
03009,2022-02-01,262,3.36,78,"INE, Viviendas turísticas en España, tabla 39363"
03014,2022-02-01,13155,4.3,3060,"INE, Viviendas turísticas en España, tabla 39363"
03031,2022-02-01,11803,4.8,2461,"INE, Viviendas turísticas en España, tabla 39363"
03047,2022-02-01,15179,5.63,2698,"INE, Viviendas turísticas en España, tabla 39363"
03050,2022-02-01,5596,5.69,983,"INE, Viviendas turísticas en España, tabla 39363"
03059,2022-02-01,192,6.62,29,"INE, Viviendas turísticas en España, tabla 39363"
03063,2022-02-01,15742,5.22,3015,"INE, Viviendas turísticas en España, tabla 39363"
03065,2022-02-01,3227,4.79,673,"INE, Viviendas turísticas en España, tabla 39363"
03066,2022-02-01,90,3.21,28,"INE, Viviendas turísticas en España, tabla 39363"
03082,2022-02-01,16286,6.25,2606,"INE, Viviendas turísticas en España, tabla 39363"
03093,2022-02-01,75,6.25,12,"INE, Viviendas turísticas en España, tabla 39363"
03099,2022-02-01,12097,5.35,2263,"INE, Viviendas turísticas en España, tabla 39363"
03104,2022-02-01,102,4.64,22,"INE, Viviendas turísticas en España, tabla 39363"
03121,2022-02-01,6067,5.34,1136,"INE, Viviendas turísticas en España, tabla 39363"
03122,2022-02-01,374,5.12,73,"INE, Viviendas turísticas en España, tabla 39363"
03133,2022-02-01,16100,4.74,3397,"INE, Viviendas turísticas en España, tabla 39363"
03139,2022-02-01,3510,4.58,766,"INE, Viviendas turísticas en España, tabla 39363"
03140,2022-02-01,145,5.0,29,"INE, Viviendas turísticas en España, tabla 39363"
04013,2022-02-01,2371,4.29,553,"INE, Viviendas turísticas en España, tabla 39363"
04066,2022-02-01,3511,4.98,705,"INE, Viviendas turísticas en España, tabla 39363"
04079,2022-02-01,2827,4.54,623,"INE, Viviendas turísticas en España, tabla 39363"
04902,2022-02-01,505,4.63,109,"INE, Viviendas turísticas en España, tabla 39363"
05019,2022-02-01,642,4.86,132,"INE, Viviendas turísticas en España, tabla 39363"
06011,2022-02-01,6,3.0,2,"INE, Viviendas turísticas en España, tabla 39363"
06015,2022-02-01,117,3.9,30,"INE, Viviendas turísticas en España, tabla 39363"
06044,2022-02-01,17,3.4,5,"INE, Viviendas turísticas en España, tabla 39363"
06083,2022-02-01,643,4.4,146,"INE, Viviendas turísticas en España, tabla 39363"
06153,2022-02-01,24,3.0,8,"INE, Viviendas turísticas en España, tabla 39363"
07011,2022-02-01,3656,6.27,583,"INE, Viviendas turísticas en España, tabla 39363"
07015,2022-02-01,6847,5.59,1225,"INE, Viviendas turísticas en España, tabla 39363"
07026,2022-02-01,2389,4.41,542,"INE, Viviendas turísticas en España, tabla 39363"
07027,2022-02-01,1795,6.39,281,"INE, Viviendas turísticas en España, tabla 39363"
07031,2022-02-01,4090,6.44,635,"INE, Viviendas turísticas en España, tabla 39363"
07032,2022-02-01,1057,6.22,170,"INE, Viviendas turísticas en España, tabla 39363"
07033,2022-02-01,5962,6.38,935,"INE, Viviendas turísticas en España, tabla 39363"
07036,2022-02-01,871,7.2,121,"INE, Viviendas turísticas en España, tabla 39363"
07040,2022-02-01,6417,4.31,1490,"INE, Viviendas turísticas en España, tabla 39363"
07054,2022-02-01,7183,7.39,972,"INE, Viviendas turísticas en España, tabla 39363"
08015,2022-02-01,684,3.51,195,"INE, Viviendas turísticas en España, tabla 39363"
08019,2022-02-01,46722,3.92,11918,"INE, Viviendas turísticas en España, tabla 39363"
08056,2022-02-01,1219,4.51,270,"INE, Viviendas turísticas en España, tabla 39363"
08073,2022-02-01,285,3.65,78,"INE, Viviendas turísticas en España, tabla 39363"
08077,2022-02-01,147,2.77,53,"INE, Viviendas turísticas en España, tabla 39363"
08089,2022-02-01,345,5.0,69,"INE, Viviendas turísticas en España, tabla 39363"
08096,2022-02-01,42,2.8,15,"INE, Viviendas turísticas en España, tabla 39363"
08101,2022-02-01,2749,3.68,747,"INE, Viviendas turísticas en España, tabla 39363"
08102,2022-02-01,49,3.5,14,"INE, Viviendas turísticas en España, tabla 39363"
08113,2022-02-01,272,3.44,79,"INE, Viviendas turísticas en España, tabla 39363"
08114,2022-02-01,17,2.43,7,"INE, Viviendas turísticas en España, tabla 39363"
08121,2022-02-01,534,4.56,117,"INE, Viviendas turísticas en España, tabla 39363"
08124,2022-02-01,26,5.2,5,"INE, Viviendas turísticas en España, tabla 39363"
08125,2022-02-01,34,3.4,10,"INE, Viviendas turísticas en España, tabla 39363"
08163,2022-02-01,1069,5.19,206,"INE, Viviendas turísticas en España, tabla 39363"
08169,2022-02-01,149,2.44,61,"INE, Viviendas turísticas en España, tabla 39363"
08172,2022-02-01,213,4.53,47,"INE, Viviendas turísticas en España, tabla 39363"
08180,2022-02-01,16,2.29,7,"INE, Viviendas turísticas en España, tabla 39363"
08184,2022-02-01,179,3.51,51,"INE, Viviendas turísticas en España, tabla 39363"
08187,2022-02-01,249,3.19,78,"INE, Viviendas turísticas en España, tabla 39363"
08194,2022-02-01,747,5.22,143,"INE, Viviendas turísticas en España, tabla 39363"
08196,2022-02-01,8,2.0,4,"INE, Viviendas turísticas en España, tabla 39363"
08200,2022-02-01,58,3.41,17,"INE, Viviendas turísticas en España, tabla 39363"
08205,2022-02-01,394,3.79,104,"INE, Viviendas turísticas en España, tabla 39363"
08211,2022-02-01,34,3.4,10,"INE, Viviendas turísticas en España, tabla 39363"
08217,2022-02-01,27,2.45,11,"INE, Viviendas turísticas en España, tabla 39363"
08231,2022-02-01,1224,7.33,167,"INE, Viviendas turísticas en España, tabla 39363"
08245,2022-02-01,99,2.36,42,"INE, Viviendas turísticas en España, tabla 39363"
08252,2022-02-01,58,5.27,11,"INE, Viviendas turísticas en España, tabla 39363"
08260,2022-02-01,17,3.4,5,"INE, Viviendas turísticas en España, tabla 39363"
08263,2022-02-01,13,4.33,3,"INE, Viviendas turísticas en España, tabla 39363"
08266,2022-02-01,110,3.14,35,"INE, Viviendas turísticas en España, tabla 39363"
08270,2022-02-01,5623,5.03,1118,"INE, Viviendas turísticas en España, tabla 39363"
08279,2022-02-01,328,3.09,106,"INE, Viviendas turísticas en España, tabla 39363"
08298,2022-02-01,165,4.02,41,"INE, Viviendas turísticas en España, tabla 39363"
08301,2022-02-01,111,4.63,24,"INE, Viviendas turísticas en España, tabla 39363"
08305,2022-02-01,63,3.15,20,"INE, Viviendas turísticas en España, tabla 39363"
08307,2022-02-01,882,4.93,179,"INE, Viviendas turísticas en España, tabla 39363"
09018,2022-02-01,132,4.26,31,"INE, Viviendas turísticas en España, tabla 39363"
09059,2022-02-01,997,4.41,226,"INE, Viviendas turísticas en España, tabla 39363"
09219,2022-02-01,4,4.0,1,"INE, Viviendas turísticas en España, tabla 39363"
10037,2022-02-01,970,4.2,231,"INE, Viviendas turísticas en España, tabla 39363"
10148,2022-02-01,220,4.15,53,"INE, Viviendas turísticas en España, tabla 39363"
11004,2022-02-01,401,4.31,93,"INE, Viviendas turísticas en España, tabla 39363"
11006,2022-02-01,837,5.54,151,"INE, Viviendas turísticas en España, tabla 39363"
11012,2022-02-01,5549,4.29,1294,"INE, Viviendas turísticas en España, tabla 39363"
11015,2022-02-01,6916,5.85,1183,"INE, Viviendas turísticas en España, tabla 39363"
11020,2022-02-01,2762,4.34,637,"INE, Viviendas turísticas en España, tabla 39363"
11022,2022-02-01,146,3.74,39,"INE, Viviendas turísticas en España, tabla 39363"
11027,2022-02-01,3651,5.54,659,"INE, Viviendas turísticas en España, tabla 39363"
11028,2022-02-01,230,4.42,52,"INE, Viviendas turísticas en España, tabla 39363"
11030,2022-02-01,1872,5.21,359,"INE, Viviendas turísticas en España, tabla 39363"
11031,2022-02-01,286,4.21,68,"INE, Viviendas turísticas en España, tabla 39363"
11032,2022-02-01,2219,5.18,428,"INE, Viviendas turísticas en España, tabla 39363"
11033,2022-02-01,2495,6.58,379,"INE, Viviendas turísticas en España, tabla 39363"
12009,2022-02-01,85,4.47,19,"INE, Viviendas turísticas en España, tabla 39363"
12027,2022-02-01,805,4.94,163,"INE, Viviendas turísticas en España, tabla 39363"
12032,2022-02-01,301,5.57,54,"INE, Viviendas turísticas en España, tabla 39363"
12040,2022-02-01,1248,3.95,316,"INE, Viviendas turísticas en España, tabla 39363"
12084,2022-02-01,27,4.5,6,"INE, Viviendas turísticas en España, tabla 39363"
12126,2022-02-01,77,5.92,13,"INE, Viviendas turísticas en España, tabla 39363"
12135,2022-02-01,51,3.64,14,"INE, Viviendas turísticas en España, tabla 39363"
12138,2022-02-01,1917,5.56,345,"INE, Viviendas turísticas en España, tabla 39363"
13005,2022-02-01,107,5.35,20,"INE, Viviendas turísticas en España, tabla 39363"
13034,2022-02-01,209,3.54,59,"INE, Viviendas turísticas en España, tabla 39363"
13071,2022-02-01,25,3.57,7,"INE, Viviendas turísticas en España, tabla 39363"
13082,2022-02-01,125,6.58,19,"INE, Viviendas turísticas en España, tabla 39363"
13087,2022-02-01,71,4.73,15,"INE, Viviendas turísticas en España, tabla 39363"
14021,2022-02-01,5618,4.76,1180,"INE, Viviendas turísticas en España, tabla 39363"
14038,2022-02-01,115,5.23,22,"INE, Viviendas turísticas en España, tabla 39363"
14056,2022-02-01,104,6.93,15,"INE, Viviendas turísticas en España, tabla 39363"
15002,2022-02-01,478,4.88,98,"INE, Viviendas turísticas en España, tabla 39363"
15005,2022-02-01,134,4.96,27,"INE, Viviendas turísticas en España, tabla 39363"
15019,2022-02-01,460,6.05,76,"INE, Viviendas turísticas en España, tabla 39363"
15030,2022-02-01,2307,4.19,551,"INE, Viviendas turísticas en España, tabla 39363"
15031,2022-02-01,104,3.71,28,"INE, Viviendas turísticas en España, tabla 39363"
15036,2022-02-01,671,4.69,143,"INE, Viviendas turísticas en España, tabla 39363"
15054,2022-02-01,78,6.5,12,"INE, Viviendas turísticas en España, tabla 39363"
15058,2022-02-01,652,4.69,139,"INE, Viviendas turísticas en España, tabla 39363"
15073,2022-02-01,1078,5.31,203,"INE, Viviendas turísticas en España, tabla 39363"
15078,2022-02-01,2678,4.47,599,"INE, Viviendas turísticas en España, tabla 39363"
16078,2022-02-01,1290,4.96,260,"INE, Viviendas turísticas en España, tabla 39363"
17023,2022-02-01,2913,5.87,496,"INE, Viviendas turísticas en España, tabla 39363"
17066,2022-02-01,602,4.6,131,"INE, Viviendas turísticas en España, tabla 39363"
17079,2022-02-01,1766,4.25,416,"INE, Viviendas turísticas en España, tabla 39363"
17095,2022-02-01,11047,6.3,1754,"INE, Viviendas turísticas en España, tabla 39363"
17114,2022-02-01,459,4.94,93,"INE, Viviendas turísticas en España, tabla 39363"
17155,2022-02-01,32,3.2,10,"INE, Viviendas turísticas en España, tabla 39363"
18017,2022-02-01,5557,5.37,1035,"INE, Viviendas turísticas en España, tabla 39363"
18087,2022-02-01,9605,4.42,2175,"INE, Viviendas turísticas en España, tabla 39363"
18140,2022-02-01,932,5.45,171,"INE, Viviendas turísticas en España, tabla 39363"
19046,2022-02-01,17,1.89,9,"INE, Viviendas turísticas en España, tabla 39363"
19130,2022-02-01,182,5.06,36,"INE, Viviendas turísticas en España, tabla 39363"
20030,2022-02-01,25,3.13,8,"INE, Viviendas turísticas en España, tabla 39363"
20045,2022-02-01,186,3.96,47,"INE, Viviendas turísticas en España, tabla 39363"
20067,2022-02-01,54,3.18,17,"INE, Viviendas turísticas en España, tabla 39363"
20069,2022-02-01,5166,4.23,1221,"INE, Viviendas turísticas en España, tabla 39363"
21041,2022-02-01,285,3.31,86,"INE, Viviendas turísticas en España, tabla 39363"
21044,2022-02-01,858,5.61,153,"INE, Viviendas turísticas en España, tabla 39363"
22125,2022-02-01,108,4.15,26,"INE, Viviendas turísticas en España, tabla 39363"
23005,2022-02-01,78,4.33,18,"INE, Viviendas turísticas en España, tabla 39363"
23050,2022-02-01,283,4.16,68,"INE, Viviendas turísticas en España, tabla 39363"
23055,2022-02-01,71,3.74,19,"INE, Viviendas turísticas en España, tabla 39363"
23092,2022-02-01,384,4.57,84,"INE, Viviendas turísticas en España, tabla 39363"
24089,2022-02-01,1691,4.66,363,"INE, Viviendas turísticas en España, tabla 39363"
24115,2022-02-01,481,4.58,105,"INE, Viviendas turísticas en España, tabla 39363"
24142,2022-02-01,95,8.64,11,"INE, Viviendas turísticas en España, tabla 39363"
25120,2022-02-01,275,4.58,60,"INE, Viviendas turísticas en España, tabla 39363"
26089,2022-02-01,1995,5.39,370,"INE, Viviendas turísticas en España, tabla 39363"
27028,2022-02-01,815,4.79,170,"INE, Viviendas turísticas en España, tabla 39363"
28005,2022-02-01,615,3.55,173,"INE, Viviendas turísticas en España, tabla 39363"
28006,2022-02-01,254,3.06,83,"INE, Viviendas turísticas en España, tabla 39363"
28007,2022-02-01,108,2.16,50,"INE, Viviendas turísticas en España, tabla 39363"
28013,2022-02-01,324,4.56,71,"INE, Viviendas turísticas en España, tabla 39363"
28014,2022-02-01,27,2.25,12,"INE, Viviendas turísticas en España, tabla 39363"
28022,2022-02-01,107,4.86,22,"INE, Viviendas turísticas en España, tabla 39363"
28045,2022-02-01,45,4.09,11,"INE, Viviendas turísticas en España, tabla 39363"
28047,2022-02-01,87,3.63,24,"INE, Viviendas turísticas en España, tabla 39363"
28049,2022-02-01,97,3.03,32,"INE, Viviendas turísticas en España, tabla 39363"
28058,2022-02-01,31,1.72,18,"INE, Viviendas turísticas en España, tabla 39363"
28061,2022-02-01,127,3.74,34,"INE, Viviendas turísticas en España, tabla 39363"
28065,2022-02-01,171,2.06,83,"INE, Viviendas turísticas en España, tabla 39363"
28074,2022-02-01,110,2.12,52,"INE, Viviendas turísticas en España, tabla 39363"
28079,2022-02-01,43649,3.44,12691,"INE, Viviendas turísticas en España, tabla 39363"
28080,2022-02-01,117,3.44,34,"INE, Viviendas turísticas en España, tabla 39363"
28092,2022-02-01,136,2.52,54,"INE, Viviendas turísticas en España, tabla 39363"
28096,2022-02-01,50,5.0,10,"INE, Viviendas turísticas en España, tabla 39363"
28106,2022-02-01,51,1.89,27,"INE, Viviendas turísticas en España, tabla 39363"
28113,2022-02-01,69,3.14,22,"INE, Viviendas turísticas en España, tabla 39363"
28115,2022-02-01,194,2.43,80,"INE, Viviendas turísticas en España, tabla 39363"
28123,2022-02-01,139,2.96,47,"INE, Viviendas turísticas en España, tabla 39363"
28127,2022-02-01,181,3.69,49,"INE, Viviendas turísticas en España, tabla 39363"
28130,2022-02-01,41,2.73,15,"INE, Viviendas turísticas en España, tabla 39363"
28134,2022-02-01,241,3.21,75,"INE, Viviendas turísticas en España, tabla 39363"
28148,2022-02-01,86,2.0,43,"INE, Viviendas turísticas en España, tabla 39363"
28161,2022-02-01,40,2.11,19,"INE, Viviendas turísticas en España, tabla 39363"
28181,2022-02-01,154,3.28,47,"INE, Viviendas turísticas en España, tabla 39363"
28903,2022-02-01,27,1.59,17,"INE, Viviendas turísticas en España, tabla 39363"
29007,2022-02-01,1381,7.19,192,"INE, Viviendas turísticas en España, tabla 39363"
29015,2022-02-01,588,5.71,103,"INE, Viviendas turísticas en España, tabla 39363"
29025,2022-02-01,13212,4.76,2775,"INE, Viviendas turísticas en España, tabla 39363"
29051,2022-02-01,12353,5.29,2336,"INE, Viviendas turísticas en España, tabla 39363"
29054,2022-02-01,8343,4.82,1730,"INE, Viviendas turísticas en España, tabla 39363"
29067,2022-02-01,21904,4.36,5029,"INE, Viviendas turísticas en España, tabla 39363"
29069,2022-02-01,32182,5.97,5387,"INE, Viviendas turísticas en España, tabla 39363"
29070,2022-02-01,16445,5.48,2999,"INE, Viviendas turísticas en España, tabla 39363"
29082,2022-02-01,2569,5.44,472,"INE, Viviendas turísticas en España, tabla 39363"
29084,2022-02-01,2222,4.73,470,"INE, Viviendas turísticas en España, tabla 39363"
29094,2022-02-01,3679,5.34,689,"INE, Viviendas turísticas en España, tabla 39363"
29901,2022-02-01,7575,4.25,1783,"INE, Viviendas turísticas en España, tabla 39363"
30003,2022-02-01,1649,5.29,312,"INE, Viviendas turísticas en España, tabla 39363"
30005,2022-02-01,56,7.0,8,"INE, Viviendas turísticas en España, tabla 39363"
30015,2022-02-01,306,5.88,52,"INE, Viviendas turísticas en España, tabla 39363"
30016,2022-02-01,7088,5.42,1308,"INE, Viviendas turísticas en España, tabla 39363"
30019,2022-02-01,36,7.2,5,"INE, Viviendas turísticas en España, tabla 39363"
30022,2022-02-01,97,8.08,12,"INE, Viviendas turísticas en España, tabla 39363"
30024,2022-02-01,363,5.58,65,"INE, Viviendas turísticas en España, tabla 39363"
30026,2022-02-01,2400,5.32,451,"INE, Viviendas turísticas en España, tabla 39363"
30027,2022-02-01,153,3.92,39,"INE, Viviendas turísticas en España, tabla 39363"
30030,2022-02-01,3226,4.32,747,"INE, Viviendas turísticas en España, tabla 39363"
30035,2022-02-01,4614,5.31,869,"INE, Viviendas turísticas en España, tabla 39363"
30037,2022-02-01,2420,4.86,498,"INE, Viviendas turísticas en España, tabla 39363"
30039,2022-02-01,42,6.0,7,"INE, Viviendas turísticas en España, tabla 39363"
30043,2022-02-01,98,5.16,19,"INE, Viviendas turísticas en España, tabla 39363"
31201,2022-02-01,1454,3.97,366,"INE, Viviendas turísticas en España, tabla 39363"
31232,2022-02-01,290,5.18,56,"INE, Viviendas turísticas en España, tabla 39363"
32054,2022-02-01,876,4.52,194,"INE, Viviendas turísticas en España, tabla 39363"
33004,2022-02-01,381,4.65,82,"INE, Viviendas turísticas en España, tabla 39363"
33024,2022-02-01,3821,4.57,836,"INE, Viviendas turísticas en España, tabla 39363"
33031,2022-02-01,75,5.0,15,"INE, Viviendas turísticas en España, tabla 39363"
33037,2022-02-01,71,4.18,17,"INE, Viviendas turísticas en España, tabla 39363"
33044,2022-02-01,2193,4.09,536,"INE, Viviendas turísticas en España, tabla 39363"
33066,2022-02-01,241,5.6,43,"INE, Viviendas turísticas en España, tabla 39363"
34120,2022-02-01,123,5.13,24,"INE, Viviendas turísticas en España, tabla 39363"
35002,2022-02-01,991,4.4,225,"INE, Viviendas turísticas en España, tabla 39363"
35004,2022-02-01,1492,3.71,402,"INE, Viviendas turísticas en España, tabla 39363"
35006,2022-02-01,489,4.84,101,"INE, Viviendas turísticas en España, tabla 39363"
35011,2022-02-01,456,5.12,89,"INE, Viviendas turísticas en España, tabla 39363"
35014,2022-02-01,12735,4.37,2917,"INE, Viviendas turísticas en España, tabla 39363"
35016,2022-02-01,7327,3.54,2071,"INE, Viviendas turísticas en España, tabla 39363"
35017,2022-02-01,1507,4.17,361,"INE, Viviendas turísticas en España, tabla 39363"
35019,2022-02-01,13485,4.22,3194,"INE, Viviendas turísticas en España, tabla 39363"
35022,2022-02-01,1253,4.0,313,"INE, Viviendas turísticas en España, tabla 39363"
35026,2022-02-01,1439,4.22,341,"INE, Viviendas turísticas en España, tabla 39363"
36008,2022-02-01,1476,5.35,276,"INE, Viviendas turísticas en España, tabla 39363"
36026,2022-02-01,627,5.97,105,"INE, Viviendas turísticas en España, tabla 39363"
36038,2022-02-01,1248,4.67,267,"INE, Viviendas turísticas en España, tabla 39363"
36045,2022-02-01,378,5.18,73,"INE, Viviendas turísticas en España, tabla 39363"
36057,2022-02-01,3342,4.22,792,"INE, Viviendas turísticas en España, tabla 39363"
36060,2022-02-01,967,5.31,182,"INE, Viviendas turísticas en España, tabla 39363"
37274,2022-02-01,2504,3.82,656,"INE, Viviendas turísticas en España, tabla 39363"
38001,2022-02-01,15697,4.88,3217,"INE, Viviendas turísticas en España, tabla 39363"
38006,2022-02-01,13266,4.08,3252,"INE, Viviendas turísticas en España, tabla 39363"
38011,2022-02-01,989,4.24,233,"INE, Viviendas turísticas en España, tabla 39363"
38017,2022-02-01,4251,4.18,1017,"INE, Viviendas turísticas en España, tabla 39363"
38023,2022-02-01,1902,3.49,545,"INE, Viviendas turísticas en España, tabla 39363"
38026,2022-02-01,1246,4.58,272,"INE, Viviendas turísticas en España, tabla 39363"
38028,2022-02-01,2851,3.39,840,"INE, Viviendas turísticas en España, tabla 39363"
38031,2022-02-01,847,3.54,239,"INE, Viviendas turísticas en España, tabla 39363"
38038,2022-02-01,2771,3.68,753,"INE, Viviendas turísticas en España, tabla 39363"
39016,2022-02-01,319,4.62,69,"INE, Viviendas turísticas en España, tabla 39363"
39020,2022-02-01,871,4.42,197,"INE, Viviendas turísticas en España, tabla 39363"
39075,2022-02-01,3915,4.19,935,"INE, Viviendas turísticas en España, tabla 39363"
39087,2022-02-01,254,4.54,56,"INE, Viviendas turísticas en España, tabla 39363"
40194,2022-02-01,497,4.69,106,"INE, Viviendas turísticas en España, tabla 39363"
41004,2022-02-01,288,6.55,44,"INE, Viviendas turísticas en España, tabla 39363"
41021,2022-02-01,69,4.31,16,"INE, Viviendas turísticas en España, tabla 39363"
41024,2022-02-01,279,5.94,47,"INE, Viviendas turísticas en España, tabla 39363"
41034,2022-02-01,42,7.0,6,"INE, Viviendas turísticas en España, tabla 39363"
41038,2022-02-01,223,4.13,54,"INE, Viviendas turísticas en España, tabla 39363"
41039,2022-02-01,56,4.0,14,"INE, Viviendas turísticas en España, tabla 39363"
41053,2022-02-01,15,3.0,5,"INE, Viviendas turísticas en España, tabla 39363"
41059,2022-02-01,213,4.1,52,"INE, Viviendas turísticas en España, tabla 39363"
41065,2022-02-01,100,7.69,13,"INE, Viviendas turísticas en España, tabla 39363"
41069,2022-02-01,81,6.75,12,"INE, Viviendas turísticas en España, tabla 39363"
41081,2022-02-01,47,5.22,9,"INE, Viviendas turísticas en España, tabla 39363"
41091,2022-02-01,19421,4.12,4713,"INE, Viviendas turísticas en España, tabla 39363"
41095,2022-02-01,115,6.05,19,"INE, Viviendas turísticas en España, tabla 39363"
42173,2022-02-01,501,4.73,106,"INE, Viviendas turísticas en España, tabla 39363"
43038,2022-02-01,6733,5.83,1155,"INE, Viviendas turísticas en España, tabla 39363"
43123,2022-02-01,535,5.3,101,"INE, Viviendas turísticas en España, tabla 39363"
43148,2022-02-01,2595,4.58,567,"INE, Viviendas turísticas en España, tabla 39363"
43155,2022-02-01,351,5.66,62,"INE, Viviendas turísticas en España, tabla 39363"
43163,2022-02-01,1991,6.49,307,"INE, Viviendas turísticas en España, tabla 39363"
43905,2022-02-01,10715,5.47,1959,"INE, Viviendas turísticas en España, tabla 39363"
44216,2022-02-01,617,5.82,106,"INE, Viviendas turísticas en España, tabla 39363"
45081,2022-02-01,35,2.5,14,"INE, Viviendas turísticas en España, tabla 39363"
45165,2022-02-01,120,4.44,27,"INE, Viviendas turísticas en España, tabla 39363"
45168,2022-02-01,2311,4.7,492,"INE, Viviendas turísticas en España, tabla 39363"
46005,2022-02-01,13,2.6,5,"INE, Viviendas turísticas en España, tabla 39363"
46017,2022-02-01,143,5.96,24,"INE, Viviendas turísticas en España, tabla 39363"
46021,2022-02-01,3,1.5,2,"INE, Viviendas turísticas en España, tabla 39363"
46029,2022-02-01,28,4.0,7,"INE, Viviendas turísticas en España, tabla 39363"
46078,2022-02-01,167,3.41,49,"INE, Viviendas turísticas en España, tabla 39363"
46094,2022-02-01,26,2.6,10,"INE, Viviendas turísticas en España, tabla 39363"
46102,2022-02-01,22,3.14,7,"INE, Viviendas turísticas en España, tabla 39363"
46110,2022-02-01,47,3.62,13,"INE, Viviendas turísticas en España, tabla 39363"
46131,2022-02-01,4839,5.53,875,"INE, Viviendas turísticas en España, tabla 39363"
46145,2022-02-01,254,4.88,52,"INE, Viviendas turísticas en España, tabla 39363"
46159,2022-02-01,65,3.61,18,"INE, Viviendas turísticas en España, tabla 39363"
46169,2022-02-01,102,3.4,30,"INE, Viviendas turísticas en España, tabla 39363"
46181,2022-02-01,3841,5.36,716,"INE, Viviendas turísticas en España, tabla 39363"
46184,2022-02-01,117,5.32,22,"INE, Viviendas turísticas en España, tabla 39363"
46190,2022-02-01,259,4.05,64,"INE, Viviendas turísticas en España, tabla 39363"
46220,2022-02-01,1687,5.46,309,"INE, Viviendas turísticas en España, tabla 39363"
46235,2022-02-01,742,5.94,125,"INE, Viviendas turísticas en España, tabla 39363"
46244,2022-02-01,215,4.67,46,"INE, Viviendas turísticas en España, tabla 39363"
46250,2022-02-01,19825,3.87,5125,"INE, Viviendas turísticas en España, tabla 39363"
47186,2022-02-01,861,3.4,253,"INE, Viviendas turísticas en España, tabla 39363"
48013,2022-02-01,140,2.98,47,"INE, Viviendas turísticas en España, tabla 39363"
48015,2022-02-01,18,3.0,6,"INE, Viviendas turísticas en España, tabla 39363"
48020,2022-02-01,2869,3.35,857,"INE, Viviendas turísticas en España, tabla 39363"
48027,2022-02-01,34,4.25,8,"INE, Viviendas turísticas en España, tabla 39363"
48036,2022-02-01,4,2.0,2,"INE, Viviendas turísticas en España, tabla 39363"
48044,2022-02-01,450,3.95,114,"INE, Viviendas turísticas en España, tabla 39363"
48054,2022-02-01,33,3.0,11,"INE, Viviendas turísticas en España, tabla 39363"
48078,2022-02-01,84,4.0,21,"INE, Viviendas turísticas en España, tabla 39363"
48082,2022-02-01,58,3.87,15,"INE, Viviendas turísticas en España, tabla 39363"
48084,2022-02-01,27,3.0,9,"INE, Viviendas turísticas en España, tabla 39363"
49275,2022-02-01,716,4.74,151,"INE, Viviendas turísticas en España, tabla 39363"
50297,2022-02-01,2290,3.87,591,"INE, Viviendas turísticas en España, tabla 39363"
51001,2022-02-01,183,3.89,47,"INE, Viviendas turísticas en España, tabla 39363"
52001,2022-02-01,163,3.62,45,"INE, Viviendas turísticas en España, tabla 39363"
01059,2022-08-01,533,3.48,153,"INE, Viviendas turísticas en España, tabla 39363"
02003,2022-08-01,595,4.19,142,"INE, Viviendas turísticas en España, tabla 39363"
02009,2022-08-01,46,5.11,9,"INE, Viviendas turísticas en España, tabla 39363"
02037,2022-08-01,51,4.64,11,"INE, Viviendas turísticas en España, tabla 39363"
02081,2022-08-01,99,5.21,19,"INE, Viviendas turísticas en España, tabla 39363"
03009,2022-08-01,191,3.24,59,"INE, Viviendas turísticas en España, tabla 39363"
03014,2022-08-01,13765,4.27,3224,"INE, Viviendas turísticas en España, tabla 39363"
03031,2022-08-01,12266,4.75,2583,"INE, Viviendas turísticas en España, tabla 39363"
03047,2022-08-01,15932,5.56,2866,"INE, Viviendas turísticas en España, tabla 39363"
03050,2022-08-01,6328,5.64,1121,"INE, Viviendas turísticas en España, tabla 39363"
03059,2022-08-01,169,6.76,25,"INE, Viviendas turísticas en España, tabla 39363"
03063,2022-08-01,17596,5.19,3388,"INE, Viviendas turísticas en España, tabla 39363"
03065,2022-08-01,3528,4.98,709,"INE, Viviendas turísticas en España, tabla 39363"
03066,2022-08-01,80,3.08,26,"INE, Viviendas turísticas en España, tabla 39363"
03082,2022-08-01,16641,6.19,2688,"INE, Viviendas turísticas en España, tabla 39363"
03093,2022-08-01,77,5.5,14,"INE, Viviendas turísticas en España, tabla 39363"
03099,2022-08-01,12793,5.31,2411,"INE, Viviendas turísticas en España, tabla 39363"
03104,2022-08-01,119,4.76,25,"INE, Viviendas turísticas en España, tabla 39363"
03121,2022-08-01,7086,5.3,1336,"INE, Viviendas turísticas en España, tabla 39363"
03122,2022-08-01,498,4.79,104,"INE, Viviendas turísticas en España, tabla 39363"
03133,2022-08-01,17349,4.72,3679,"INE, Viviendas turísticas en España, tabla 39363"
03139,2022-08-01,3628,4.62,785,"INE, Viviendas turísticas en España, tabla 39363"
03140,2022-08-01,180,5.45,33,"INE, Viviendas turísticas en España, tabla 39363"
04013,2022-08-01,3060,4.24,722,"INE, Viviendas turísticas en España, tabla 39363"
04066,2022-08-01,4118,4.95,832,"INE, Viviendas turísticas en España, tabla 39363"
04079,2022-08-01,3776,4.52,836,"INE, Viviendas turísticas en España, tabla 39363"
04902,2022-08-01,623,4.51,138,"INE, Viviendas turísticas en España, tabla 39363"
05019,2022-08-01,732,5.3,138,"INE, Viviendas turísticas en España, tabla 39363"
06011,2022-08-01,6,3.0,2,"INE, Viviendas turísticas en España, tabla 39363"
06015,2022-08-01,126,3.71,34,"INE, Viviendas turísticas en España, tabla 39363"
06044,2022-08-01,21,3.5,6,"INE, Viviendas turísticas en España, tabla 39363"
06083,2022-08-01,897,4.29,209,"INE, Viviendas turísticas en España, tabla 39363"
06153,2022-08-01,35,3.5,10,"INE, Viviendas turísticas en España, tabla 39363"
07011,2022-08-01,3637,6.38,570,"INE, Viviendas turísticas en España, tabla 39363"
07015,2022-08-01,7415,5.36,1384,"INE, Viviendas turísticas en España, tabla 39363"
07026,2022-08-01,2637,4.27,617,"INE, Viviendas turísticas en España, tabla 39363"
07027,2022-08-01,1830,6.4,286,"INE, Viviendas turísticas en España, tabla 39363"
07031,2022-08-01,4195,6.47,648,"INE, Viviendas turísticas en España, tabla 39363"
07032,2022-08-01,1116,5.78,193,"INE, Viviendas turísticas en España, tabla 39363"
07033,2022-08-01,5944,6.29,945,"INE, Viviendas turísticas en España, tabla 39363"
07036,2022-08-01,866,6.77,128,"INE, Viviendas turísticas en España, tabla 39363"
07040,2022-08-01,5754,4.14,1390,"INE, Viviendas turísticas en España, tabla 39363"
07054,2022-08-01,7682,7.26,1058,"INE, Viviendas turísticas en España, tabla 39363"
08015,2022-08-01,783,4.19,187,"INE, Viviendas turísticas en España, tabla 39363"
08019,2022-08-01,36115,4.48,8066,"INE, Viviendas turísticas en España, tabla 39363"
08056,2022-08-01,1154,4.69,246,"INE, Viviendas turísticas en España, tabla 39363"
08073,2022-08-01,267,3.93,68,"INE, Viviendas turísticas en España, tabla 39363"
08077,2022-08-01,142,2.9,49,"INE, Viviendas turísticas en España, tabla 39363"
08089,2022-08-01,323,5.05,64,"INE, Viviendas turísticas en España, tabla 39363"
08096,2022-08-01,23,2.88,8,"INE, Viviendas turísticas en España, tabla 39363"
08101,2022-08-01,2343,3.77,621,"INE, Viviendas turísticas en España, tabla 39363"
08102,2022-08-01,50,3.85,13,"INE, Viviendas turísticas en España, tabla 39363"
08113,2022-08-01,241,3.95,61,"INE, Viviendas turísticas en España, tabla 39363"
08114,2022-08-01,10,1.67,6,"INE, Viviendas turísticas en España, tabla 39363"
08121,2022-08-01,583,4.9,119,"INE, Viviendas turísticas en España, tabla 39363"
08124,2022-08-01,32,5.33,6,"INE, Viviendas turísticas en España, tabla 39363"
08125,2022-08-01,27,3.38,8,"INE, Viviendas turísticas en España, tabla 39363"
08163,2022-08-01,1108,5.15,215,"INE, Viviendas turísticas en España, tabla 39363"
08169,2022-08-01,127,2.54,50,"INE, Viviendas turísticas en España, tabla 39363"
08172,2022-08-01,208,5.2,40,"INE, Viviendas turísticas en España, tabla 39363"
08180,2022-08-01,10,3.33,3,"INE, Viviendas turísticas en España, tabla 39363"
08184,2022-08-01,160,3.9,41,"INE, Viviendas turísticas en España, tabla 39363"
08187,2022-08-01,201,3.14,64,"INE, Viviendas turísticas en España, tabla 39363"
08194,2022-08-01,741,5.33,139,"INE, Viviendas turísticas en España, tabla 39363"
08196,2022-08-01,3,1.5,2,"INE, Viviendas turísticas en España, tabla 39363"
08200,2022-08-01,47,4.27,11,"INE, Viviendas turísticas en España, tabla 39363"
08205,2022-08-01,317,3.73,85,"INE, Viviendas turísticas en España, tabla 39363"
08211,2022-08-01,17,3.4,5,"INE, Viviendas turísticas en España, tabla 39363"
08217,2022-08-01,15,2.5,6,"INE, Viviendas turísticas en España, tabla 39363"
08231,2022-08-01,1246,7.84,159,"INE, Viviendas turísticas en España, tabla 39363"
08245,2022-08-01,87,2.23,39,"INE, Viviendas turísticas en España, tabla 39363"
08252,2022-08-01,56,5.09,11,"INE, Viviendas turísticas en España, tabla 39363"
08260,2022-08-01,11,3.67,3,"INE, Viviendas turísticas en España, tabla 39363"
08263,2022-08-01,18,4.5,4,"INE, Viviendas turísticas en España, tabla 39363"
08266,2022-08-01,107,3.34,32,"INE, Viviendas turísticas en España, tabla 39363"
08270,2022-08-01,5213,5.08,1027,"INE, Viviendas turísticas en España, tabla 39363"
08279,2022-08-01,299,3.29,91,"INE, Viviendas turísticas en España, tabla 39363"
08298,2022-08-01,170,3.78,45,"INE, Viviendas turísticas en España, tabla 39363"
08301,2022-08-01,100,6.67,15,"INE, Viviendas turísticas en España, tabla 39363"
08305,2022-08-01,75,3.95,19,"INE, Viviendas turísticas en España, tabla 39363"
08307,2022-08-01,952,5.04,189,"INE, Viviendas turísticas en España, tabla 39363"
09018,2022-08-01,195,4.53,43,"INE, Viviendas turísticas en España, tabla 39363"
09059,2022-08-01,1232,4.53,272,"INE, Viviendas turísticas en España, tabla 39363"
09219,2022-08-01,4,4.0,1,"INE, Viviendas turísticas en España, tabla 39363"
10037,2022-08-01,974,4.18,233,"INE, Viviendas turísticas en España, tabla 39363"
10148,2022-08-01,286,3.92,73,"INE, Viviendas turísticas en España, tabla 39363"
11004,2022-08-01,479,4.24,113,"INE, Viviendas turísticas en España, tabla 39363"
11006,2022-08-01,1030,5.6,184,"INE, Viviendas turísticas en España, tabla 39363"
11012,2022-08-01,6412,4.29,1493,"INE, Viviendas turísticas en España, tabla 39363"
11015,2022-08-01,8776,5.81,1511,"INE, Viviendas turísticas en España, tabla 39363"
11020,2022-08-01,3229,4.35,742,"INE, Viviendas turísticas en España, tabla 39363"
11022,2022-08-01,160,3.9,41,"INE, Viviendas turísticas en España, tabla 39363"
11027,2022-08-01,4830,5.55,871,"INE, Viviendas turísticas en España, tabla 39363"
11028,2022-08-01,363,4.71,77,"INE, Viviendas turísticas en España, tabla 39363"
11030,2022-08-01,2134,5.22,409,"INE, Viviendas turísticas en España, tabla 39363"
11031,2022-08-01,458,4.53,101,"INE, Viviendas turísticas en España, tabla 39363"
11032,2022-08-01,2976,4.97,599,"INE, Viviendas turísticas en España, tabla 39363"
11033,2022-08-01,2885,6.14,470,"INE, Viviendas turísticas en España, tabla 39363"
12009,2022-08-01,90,5.0,18,"INE, Viviendas turísticas en España, tabla 39363"
12027,2022-08-01,1060,5.0,212,"INE, Viviendas turísticas en España, tabla 39363"
12032,2022-08-01,411,5.27,78,"INE, Viviendas turísticas en España, tabla 39363"
12040,2022-08-01,1651,4.17,396,"INE, Viviendas turísticas en España, tabla 39363"
12084,2022-08-01,28,4.67,6,"INE, Viviendas turísticas en España, tabla 39363"
12126,2022-08-01,77,6.42,12,"INE, Viviendas turísticas en España, tabla 39363"
12135,2022-08-01,98,4.9,20,"INE, Viviendas turísticas en España, tabla 39363"
12138,2022-08-01,2352,5.38,437,"INE, Viviendas turísticas en España, tabla 39363"
13005,2022-08-01,91,4.79,19,"INE, Viviendas turísticas en España, tabla 39363"
13034,2022-08-01,244,3.54,69,"INE, Viviendas turísticas en España, tabla 39363"
13071,2022-08-01,43,4.3,10,"INE, Viviendas turísticas en España, tabla 39363"
13082,2022-08-01,100,5.26,19,"INE, Viviendas turísticas en España, tabla 39363"
13087,2022-08-01,83,4.61,18,"INE, Viviendas turísticas en España, tabla 39363"
14021,2022-08-01,6597,4.69,1406,"INE, Viviendas turísticas en España, tabla 39363"
14038,2022-08-01,151,5.39,28,"INE, Viviendas turísticas en España, tabla 39363"
14056,2022-08-01,118,5.9,20,"INE, Viviendas turísticas en España, tabla 39363"
15002,2022-08-01,544,5.04,108,"INE, Viviendas turísticas en España, tabla 39363"
15005,2022-08-01,149,4.97,30,"INE, Viviendas turísticas en España, tabla 39363"
15019,2022-08-01,565,6.08,93,"INE, Viviendas turísticas en España, tabla 39363"
15030,2022-08-01,3105,4.25,731,"INE, Viviendas turísticas en España, tabla 39363"
15031,2022-08-01,111,4.11,27,"INE, Viviendas turísticas en España, tabla 39363"
15036,2022-08-01,742,4.98,149,"INE, Viviendas turísticas en España, tabla 39363"
15054,2022-08-01,88,6.29,14,"INE, Viviendas turísticas en España, tabla 39363"
15058,2022-08-01,744,4.8,155,"INE, Viviendas turísticas en España, tabla 39363"
15073,2022-08-01,1351,5.14,263,"INE, Viviendas turísticas en España, tabla 39363"
15078,2022-08-01,2872,4.57,628,"INE, Viviendas turísticas en España, tabla 39363"
16078,2022-08-01,1499,5.0,300,"INE, Viviendas turísticas en España, tabla 39363"
17023,2022-08-01,3244,5.74,565,"INE, Viviendas turísticas en España, tabla 39363"
17066,2022-08-01,622,4.51,138,"INE, Viviendas turísticas en España, tabla 39363"
17079,2022-08-01,1730,4.23,409,"INE, Viviendas turísticas en España, tabla 39363"
17095,2022-08-01,11536,6.33,1823,"INE, Viviendas turísticas en España, tabla 39363"
17114,2022-08-01,512,5.12,100,"INE, Viviendas turísticas en España, tabla 39363"
17155,2022-08-01,42,3.0,14,"INE, Viviendas turísticas en España, tabla 39363"
18017,2022-08-01,6221,5.36,1160,"INE, Viviendas turísticas en España, tabla 39363"
18087,2022-08-01,10242,4.46,2294,"INE, Viviendas turísticas en España, tabla 39363"
18140,2022-08-01,1082,5.55,195,"INE, Viviendas turísticas en España, tabla 39363"
19046,2022-08-01,16,2.0,8,"INE, Viviendas turísticas en España, tabla 39363"
19130,2022-08-01,181,5.32,34,"INE, Viviendas turísticas en España, tabla 39363"
20030,2022-08-01,33,3.0,11,"INE, Viviendas turísticas en España, tabla 39363"
20045,2022-08-01,214,4.12,52,"INE, Viviendas turísticas en España, tabla 39363"
20067,2022-08-01,62,3.44,18,"INE, Viviendas turísticas en España, tabla 39363"
20069,2022-08-01,5591,3.73,1498,"INE, Viviendas turísticas en España, tabla 39363"
21041,2022-08-01,401,3.58,112,"INE, Viviendas turísticas en España, tabla 39363"
21044,2022-08-01,997,5.7,175,"INE, Viviendas turísticas en España, tabla 39363"
22125,2022-08-01,150,3.85,39,"INE, Viviendas turísticas en España, tabla 39363"
23005,2022-08-01,102,4.43,23,"INE, Viviendas turísticas en España, tabla 39363"
23050,2022-08-01,382,3.94,97,"INE, Viviendas turísticas en España, tabla 39363"
23055,2022-08-01,68,3.4,20,"INE, Viviendas turísticas en España, tabla 39363"
23092,2022-08-01,441,4.32,102,"INE, Viviendas turísticas en España, tabla 39363"
24089,2022-08-01,1931,4.72,409,"INE, Viviendas turísticas en España, tabla 39363"
24115,2022-08-01,557,4.35,128,"INE, Viviendas turísticas en España, tabla 39363"
24142,2022-08-01,96,8.0,12,"INE, Viviendas turísticas en España, tabla 39363"
25120,2022-08-01,265,4.49,59,"INE, Viviendas turísticas en España, tabla 39363"
26089,2022-08-01,2028,5.24,387,"INE, Viviendas turísticas en España, tabla 39363"
27028,2022-08-01,974,4.53,215,"INE, Viviendas turísticas en España, tabla 39363"
28005,2022-08-01,636,3.49,182,"INE, Viviendas turísticas en España, tabla 39363"
28006,2022-08-01,284,3.3,86,"INE, Viviendas turísticas en España, tabla 39363"
28007,2022-08-01,88,2.2,40,"INE, Viviendas turísticas en España, tabla 39363"
28013,2022-08-01,298,4.58,65,"INE, Viviendas turísticas en España, tabla 39363"
28014,2022-08-01,24,1.71,14,"INE, Viviendas turísticas en España, tabla 39363"
28022,2022-08-01,89,4.94,18,"INE, Viviendas turísticas en España, tabla 39363"
28045,2022-08-01,66,4.4,15,"INE, Viviendas turísticas en España, tabla 39363"
28047,2022-08-01,108,3.6,30,"INE, Viviendas turísticas en España, tabla 39363"
28049,2022-08-01,78,2.79,28,"INE, Viviendas turísticas en España, tabla 39363"
28058,2022-08-01,41,2.05,20,"INE, Viviendas turísticas en España, tabla 39363"
28061,2022-08-01,132,3.77,35,"INE, Viviendas turísticas en España, tabla 39363"
28065,2022-08-01,188,2.14,88,"INE, Viviendas turísticas en España, tabla 39363"
28074,2022-08-01,93,2.45,38,"INE, Viviendas turísticas en España, tabla 39363"
28079,2022-08-01,45379,3.47,13087,"INE, Viviendas turísticas en España, tabla 39363"
28080,2022-08-01,104,3.71,28,"INE, Viviendas turísticas en España, tabla 39363"
28092,2022-08-01,128,2.67,48,"INE, Viviendas turísticas en España, tabla 39363"
28096,2022-08-01,50,6.25,8,"INE, Viviendas turísticas en España, tabla 39363"
28106,2022-08-01,54,1.74,31,"INE, Viviendas turísticas en España, tabla 39363"
28113,2022-08-01,69,3.0,23,"INE, Viviendas turísticas en España, tabla 39363"
28115,2022-08-01,299,3.11,96,"INE, Viviendas turísticas en España, tabla 39363"
28123,2022-08-01,126,3.0,42,"INE, Viviendas turísticas en España, tabla 39363"
28127,2022-08-01,181,3.62,50,"INE, Viviendas turísticas en España, tabla 39363"
28130,2022-08-01,11,2.2,5,"INE, Viviendas turísticas en España, tabla 39363"
28134,2022-08-01,315,3.75,84,"INE, Viviendas turísticas en España, tabla 39363"
28148,2022-08-01,116,2.27,51,"INE, Viviendas turísticas en España, tabla 39363"
28161,2022-08-01,49,2.58,19,"INE, Viviendas turísticas en España, tabla 39363"
28181,2022-08-01,236,3.93,60,"INE, Viviendas turísticas en España, tabla 39363"
28903,2022-08-01,35,2.06,17,"INE, Viviendas turísticas en España, tabla 39363"
29007,2022-08-01,1548,7.37,210,"INE, Viviendas turísticas en España, tabla 39363"
29015,2022-08-01,636,5.89,108,"INE, Viviendas turísticas en España, tabla 39363"
29025,2022-08-01,14917,4.77,3126,"INE, Viviendas turísticas en España, tabla 39363"
29051,2022-08-01,13963,5.24,2664,"INE, Viviendas turísticas en España, tabla 39363"
29054,2022-08-01,9883,4.82,2052,"INE, Viviendas turísticas en España, tabla 39363"
29067,2022-08-01,25043,4.21,5952,"INE, Viviendas turísticas en España, tabla 39363"
29069,2022-08-01,34956,5.84,5983,"INE, Viviendas turísticas en España, tabla 39363"
29070,2022-08-01,18860,5.47,3446,"INE, Viviendas turísticas en España, tabla 39363"
29082,2022-08-01,2949,5.5,536,"INE, Viviendas turísticas en España, tabla 39363"
29084,2022-08-01,2499,4.79,522,"INE, Viviendas turísticas en España, tabla 39363"
29094,2022-08-01,4259,5.32,800,"INE, Viviendas turísticas en España, tabla 39363"
29901,2022-08-01,8579,4.18,2050,"INE, Viviendas turísticas en España, tabla 39363"
30003,2022-08-01,1968,5.36,367,"INE, Viviendas turísticas en España, tabla 39363"
30005,2022-08-01,43,6.14,7,"INE, Viviendas turísticas en España, tabla 39363"
30015,2022-08-01,308,5.5,56,"INE, Viviendas turísticas en España, tabla 39363"
30016,2022-08-01,7952,5.33,1493,"INE, Viviendas turísticas en España, tabla 39363"
30019,2022-08-01,32,5.33,6,"INE, Viviendas turísticas en España, tabla 39363"
30022,2022-08-01,111,8.54,13,"INE, Viviendas turísticas en España, tabla 39363"
30024,2022-08-01,356,5.93,60,"INE, Viviendas turísticas en España, tabla 39363"
30026,2022-08-01,2516,5.2,484,"INE, Viviendas turísticas en España, tabla 39363"
30027,2022-08-01,136,4.12,33,"INE, Viviendas turísticas en España, tabla 39363"
30030,2022-08-01,3482,4.37,796,"INE, Viviendas turísticas en España, tabla 39363"
30035,2022-08-01,5142,5.29,972,"INE, Viviendas turísticas en España, tabla 39363"
30037,2022-08-01,2744,4.86,565,"INE, Viviendas turísticas en España, tabla 39363"
30039,2022-08-01,46,6.57,7,"INE, Viviendas turísticas en España, tabla 39363"
30043,2022-08-01,126,6.3,20,"INE, Viviendas turísticas en España, tabla 39363"
31201,2022-08-01,2065,3.96,522,"INE, Viviendas turísticas en España, tabla 39363"
31232,2022-08-01,378,5.18,73,"INE, Viviendas turísticas en España, tabla 39363"
32054,2022-08-01,1081,4.52,239,"INE, Viviendas turísticas en España, tabla 39363"
33004,2022-08-01,486,4.42,110,"INE, Viviendas turísticas en España, tabla 39363"
33024,2022-08-01,5142,4.56,1127,"INE, Viviendas turísticas en España, tabla 39363"
33031,2022-08-01,118,4.54,26,"INE, Viviendas turísticas en España, tabla 39363"
33037,2022-08-01,110,4.78,23,"INE, Viviendas turísticas en España, tabla 39363"
33044,2022-08-01,2695,4.13,652,"INE, Viviendas turísticas en España, tabla 39363"
33066,2022-08-01,307,6.14,50,"INE, Viviendas turísticas en España, tabla 39363"
34120,2022-08-01,109,4.36,25,"INE, Viviendas turísticas en España, tabla 39363"
35002,2022-08-01,1040,4.6,226,"INE, Viviendas turísticas en España, tabla 39363"
35004,2022-08-01,1604,3.7,433,"INE, Viviendas turísticas en España, tabla 39363"
35006,2022-08-01,520,5.05,103,"INE, Viviendas turísticas en España, tabla 39363"
35011,2022-08-01,570,5.53,103,"INE, Viviendas turísticas en España, tabla 39363"
35014,2022-08-01,13832,4.24,3260,"INE, Viviendas turísticas en España, tabla 39363"
35016,2022-08-01,7748,3.47,2234,"INE, Viviendas turísticas en España, tabla 39363"
35017,2022-08-01,1614,4.07,397,"INE, Viviendas turísticas en España, tabla 39363"
35019,2022-08-01,13724,4.18,3280,"INE, Viviendas turísticas en España, tabla 39363"
35022,2022-08-01,1264,3.95,320,"INE, Viviendas turísticas en España, tabla 39363"
35026,2022-08-01,1502,4.28,351,"INE, Viviendas turísticas en España, tabla 39363"
36008,2022-08-01,1874,5.29,354,"INE, Viviendas turísticas en España, tabla 39363"
36026,2022-08-01,751,5.82,129,"INE, Viviendas turísticas en España, tabla 39363"
36038,2022-08-01,1586,4.75,334,"INE, Viviendas turísticas en España, tabla 39363"
36045,2022-08-01,441,5.13,86,"INE, Viviendas turísticas en España, tabla 39363"
36057,2022-08-01,3923,4.18,939,"INE, Viviendas turísticas en España, tabla 39363"
36060,2022-08-01,1532,5.36,286,"INE, Viviendas turísticas en España, tabla 39363"
37274,2022-08-01,2695,3.98,677,"INE, Viviendas turísticas en España, tabla 39363"
38001,2022-08-01,16128,4.8,3362,"INE, Viviendas turísticas en España, tabla 39363"
38006,2022-08-01,14389,4.04,3559,"INE, Viviendas turísticas en España, tabla 39363"
38011,2022-08-01,1182,4.21,281,"INE, Viviendas turísticas en España, tabla 39363"
38017,2022-08-01,4460,4.18,1068,"INE, Viviendas turísticas en España, tabla 39363"
38023,2022-08-01,2270,3.59,632,"INE, Viviendas turísticas en España, tabla 39363"
38026,2022-08-01,1297,4.41,294,"INE, Viviendas turísticas en España, tabla 39363"
38028,2022-08-01,2798,3.4,822,"INE, Viviendas turísticas en España, tabla 39363"
38031,2022-08-01,973,3.48,280,"INE, Viviendas turísticas en España, tabla 39363"
38038,2022-08-01,3052,3.58,852,"INE, Viviendas turísticas en España, tabla 39363"
39016,2022-08-01,425,4.52,94,"INE, Viviendas turísticas en España, tabla 39363"
39020,2022-08-01,1184,4.47,265,"INE, Viviendas turísticas en España, tabla 39363"
39075,2022-08-01,5521,4.14,1333,"INE, Viviendas turísticas en España, tabla 39363"
39087,2022-08-01,416,4.08,102,"INE, Viviendas turísticas en España, tabla 39363"
40194,2022-08-01,587,4.66,126,"INE, Viviendas turísticas en España, tabla 39363"
41004,2022-08-01,279,5.81,48,"INE, Viviendas turísticas en España, tabla 39363"
41021,2022-08-01,91,4.55,20,"INE, Viviendas turísticas en España, tabla 39363"
41024,2022-08-01,347,6.09,57,"INE, Viviendas turísticas en España, tabla 39363"
41034,2022-08-01,47,6.71,7,"INE, Viviendas turísticas en España, tabla 39363"
41038,2022-08-01,258,4.16,62,"INE, Viviendas turísticas en España, tabla 39363"
41039,2022-08-01,83,4.61,18,"INE, Viviendas turísticas en España, tabla 39363"
41053,2022-08-01,30,3.33,9,"INE, Viviendas turísticas en España, tabla 39363"
41059,2022-08-01,235,3.67,64,"INE, Viviendas turísticas en España, tabla 39363"
41065,2022-08-01,50,6.25,8,"INE, Viviendas turísticas en España, tabla 39363"
41069,2022-08-01,80,7.27,11,"INE, Viviendas turísticas en España, tabla 39363"
41081,2022-08-01,46,5.11,9,"INE, Viviendas turísticas en España, tabla 39363"
41091,2022-08-01,20603,4.15,4966,"INE, Viviendas turísticas en España, tabla 39363"
41095,2022-08-01,127,6.05,21,"INE, Viviendas turísticas en España, tabla 39363"
42173,2022-08-01,558,4.77,117,"INE, Viviendas turísticas en España, tabla 39363"
43038,2022-08-01,7694,5.75,1338,"INE, Viviendas turísticas en España, tabla 39363"
43123,2022-08-01,498,4.93,101,"INE, Viviendas turísticas en España, tabla 39363"
43148,2022-08-01,2948,4.7,627,"INE, Viviendas turísticas en España, tabla 39363"
43155,2022-08-01,356,5.48,65,"INE, Viviendas turísticas en España, tabla 39363"
43163,2022-08-01,2306,6.41,360,"INE, Viviendas turísticas en España, tabla 39363"
43905,2022-08-01,12344,5.4,2286,"INE, Viviendas turísticas en España, tabla 39363"
44216,2022-08-01,645,5.66,114,"INE, Viviendas turísticas en España, tabla 39363"
45081,2022-08-01,38,2.53,15,"INE, Viviendas turísticas en España, tabla 39363"
45165,2022-08-01,135,4.82,28,"INE, Viviendas turísticas en España, tabla 39363"
45168,2022-08-01,2501,4.67,535,"INE, Viviendas turísticas en España, tabla 39363"
46005,2022-08-01,17,4.25,4,"INE, Viviendas turísticas en España, tabla 39363"
46017,2022-08-01,187,5.67,33,"INE, Viviendas turísticas en España, tabla 39363"
46021,2022-08-01,9,2.25,4,"INE, Viviendas turísticas en España, tabla 39363"
46029,2022-08-01,28,4.0,7,"INE, Viviendas turísticas en España, tabla 39363"
46078,2022-08-01,198,4.21,47,"INE, Viviendas turísticas en España, tabla 39363"
46094,2022-08-01,59,3.28,18,"INE, Viviendas turísticas en España, tabla 39363"
46102,2022-08-01,35,3.89,9,"INE, Viviendas turísticas en España, tabla 39363"
46110,2022-08-01,51,2.83,18,"INE, Viviendas turísticas en España, tabla 39363"
46131,2022-08-01,6097,5.64,1081,"INE, Viviendas turísticas en España, tabla 39363"
46145,2022-08-01,280,4.59,61,"INE, Viviendas turísticas en España, tabla 39363"
46159,2022-08-01,75,3.75,20,"INE, Viviendas turísticas en España, tabla 39363"
46169,2022-08-01,125,3.68,34,"INE, Viviendas turísticas en España, tabla 39363"
46181,2022-08-01,4097,5.43,755,"INE, Viviendas turísticas en España, tabla 39363"
46184,2022-08-01,209,4.45,47,"INE, Viviendas turísticas en España, tabla 39363"
46190,2022-08-01,279,3.67,76,"INE, Viviendas turísticas en España, tabla 39363"
46220,2022-08-01,2066,5.34,387,"INE, Viviendas turísticas en España, tabla 39363"
46235,2022-08-01,818,5.88,139,"INE, Viviendas turísticas en España, tabla 39363"
46244,2022-08-01,171,4.5,38,"INE, Viviendas turísticas en España, tabla 39363"
46250,2022-08-01,20380,3.81,5349,"INE, Viviendas turísticas en España, tabla 39363"
47186,2022-08-01,865,3.47,249,"INE, Viviendas turísticas en España, tabla 39363"
48013,2022-08-01,169,3.25,52,"INE, Viviendas turísticas en España, tabla 39363"
48015,2022-08-01,23,3.29,7,"INE, Viviendas turísticas en España, tabla 39363"
48020,2022-08-01,3330,3.43,972,"INE, Viviendas turísticas en España, tabla 39363"
48027,2022-08-01,54,4.15,13,"INE, Viviendas turísticas en España, tabla 39363"
48036,2022-08-01,11,2.75,4,"INE, Viviendas turísticas en España, tabla 39363"
48044,2022-08-01,490,4.02,122,"INE, Viviendas turísticas en España, tabla 39363"
48054,2022-08-01,42,3.5,12,"INE, Viviendas turísticas en España, tabla 39363"
48078,2022-08-01,105,4.04,26,"INE, Viviendas turísticas en España, tabla 39363"
48082,2022-08-01,49,3.77,13,"INE, Viviendas turísticas en España, tabla 39363"
48084,2022-08-01,33,3.0,11,"INE, Viviendas turísticas en España, tabla 39363"
49275,2022-08-01,761,4.7,162,"INE, Viviendas turísticas en España, tabla 39363"
50297,2022-08-01,2438,3.8,641,"INE, Viviendas turísticas en España, tabla 39363"
51001,2022-08-01,196,3.84,51,"INE, Viviendas turísticas en España, tabla 39363"
52001,2022-08-01,145,3.54,41,"INE, Viviendas turísticas en España, tabla 39363"
01059,2023-02-01,576,3.35,172,"INE, Viviendas turísticas en España, tabla 39363"
02003,2023-02-01,694,3.92,177,"INE, Viviendas turísticas en España, tabla 39363"
02009,2023-02-01,55,4.58,12,"INE, Viviendas turísticas en España, tabla 39363"
02037,2023-02-01,55,4.23,13,"INE, Viviendas turísticas en España, tabla 39363"
02081,2023-02-01,106,4.82,22,"INE, Viviendas turísticas en España, tabla 39363"
03009,2023-02-01,240,3.16,76,"INE, Viviendas turísticas en España, tabla 39363"
03014,2023-02-01,13243,4.2,3153,"INE, Viviendas turísticas en España, tabla 39363"
03031,2023-02-01,11867,4.75,2497,"INE, Viviendas turísticas en España, tabla 39363"
03047,2023-02-01,14770,5.49,2689,"INE, Viviendas turísticas en España, tabla 39363"
03050,2023-02-01,6204,5.63,1102,"INE, Viviendas turísticas en España, tabla 39363"
03059,2023-02-01,180,6.43,28,"INE, Viviendas turísticas en España, tabla 39363"
03063,2023-02-01,16323,5.21,3135,"INE, Viviendas turísticas en España, tabla 39363"
03065,2023-02-01,3458,5.05,685,"INE, Viviendas turísticas en España, tabla 39363"
03066,2023-02-01,58,3.22,18,"INE, Viviendas turísticas en España, tabla 39363"
03082,2023-02-01,15862,6.18,2568,"INE, Viviendas turísticas en España, tabla 39363"
03093,2023-02-01,89,7.42,12,"INE, Viviendas turísticas en España, tabla 39363"
03099,2023-02-01,13087,5.3,2471,"INE, Viviendas turísticas en España, tabla 39363"
03104,2023-02-01,104,4.95,21,"INE, Viviendas turísticas en España, tabla 39363"
03121,2023-02-01,7088,5.28,1343,"INE, Viviendas turísticas en España, tabla 39363"
03122,2023-02-01,406,4.51,90,"INE, Viviendas turísticas en España, tabla 39363"
03133,2023-02-01,17679,4.73,3740,"INE, Viviendas turísticas en España, tabla 39363"
03139,2023-02-01,3460,4.54,762,"INE, Viviendas turísticas en España, tabla 39363"
03140,2023-02-01,210,6.36,33,"INE, Viviendas turísticas en España, tabla 39363"
04013,2023-02-01,3031,4.25,714,"INE, Viviendas turísticas en España, tabla 39363"
04066,2023-02-01,3972,4.93,806,"INE, Viviendas turísticas en España, tabla 39363"
04079,2023-02-01,3369,4.5,749,"INE, Viviendas turísticas en España, tabla 39363"
04902,2023-02-01,557,4.57,122,"INE, Viviendas turísticas en España, tabla 39363"
05019,2023-02-01,707,5.05,140,"INE, Viviendas turísticas en España, tabla 39363"
06011,2023-02-01,8,2.67,3,"INE, Viviendas turísticas en España, tabla 39363"
06015,2023-02-01,153,3.92,39,"INE, Viviendas turísticas en España, tabla 39363"
06044,2023-02-01,31,3.44,9,"INE, Viviendas turísticas en España, tabla 39363"
06083,2023-02-01,811,4.12,197,"INE, Viviendas turísticas en España, tabla 39363"
06153,2023-02-01,44,2.75,16,"INE, Viviendas turísticas en España, tabla 39363"
07011,2023-02-01,3182,6.53,487,"INE, Viviendas turísticas en España, tabla 39363"
07015,2023-02-01,6870,5.6,1227,"INE, Viviendas turísticas en España, tabla 39363"
07026,2023-02-01,1991,4.49,443,"INE, Viviendas turísticas en España, tabla 39363"
07027,2023-02-01,1680,6.29,267,"INE, Viviendas turísticas en España, tabla 39363"
07031,2023-02-01,4078,6.49,628,"INE, Viviendas turísticas en España, tabla 39363"
07032,2023-02-01,1022,6.08,168,"INE, Viviendas turísticas en España, tabla 39363"
07033,2023-02-01,5908,6.41,921,"INE, Viviendas turísticas en España, tabla 39363"
07036,2023-02-01,907,6.72,135,"INE, Viviendas turísticas en España, tabla 39363"
07040,2023-02-01,5395,4.22,1279,"INE, Viviendas turísticas en España, tabla 39363"
07054,2023-02-01,6909,7.34,941,"INE, Viviendas turísticas en España, tabla 39363"
08015,2023-02-01,880,4.21,209,"INE, Viviendas turísticas en España, tabla 39363"
08019,2023-02-01,34875,4.64,7509,"INE, Viviendas turísticas en España, tabla 39363"
08056,2023-02-01,1210,4.64,261,"INE, Viviendas turísticas en España, tabla 39363"
08073,2023-02-01,283,3.82,74,"INE, Viviendas turísticas en España, tabla 39363"
08077,2023-02-01,137,2.85,48,"INE, Viviendas turísticas en España, tabla 39363"
08089,2023-02-01,312,5.11,61,"INE, Viviendas turísticas en España, tabla 39363"
08096,2023-02-01,30,3.0,10,"INE, Viviendas turísticas en España, tabla 39363"
08101,2023-02-01,2421,3.72,651,"INE, Viviendas turísticas en España, tabla 39363"
08102,2023-02-01,41,3.42,12,"INE, Viviendas turísticas en España, tabla 39363"
08113,2023-02-01,194,3.73,52,"INE, Viviendas turísticas en España, tabla 39363"
08114,2023-02-01,14,2.0,7,"INE, Viviendas turísticas en España, tabla 39363"
08121,2023-02-01,593,4.9,121,"INE, Viviendas turísticas en España, tabla 39363"
08124,2023-02-01,26,5.2,5,"INE, Viviendas turísticas en España, tabla 39363"
08125,2023-02-01,39,4.33,9,"INE, Viviendas turísticas en España, tabla 39363"
08163,2023-02-01,1068,5.16,207,"INE, Viviendas turísticas en España, tabla 39363"
08169,2023-02-01,130,2.6,50,"INE, Viviendas turísticas en España, tabla 39363"
08172,2023-02-01,195,4.53,43,"INE, Viviendas turísticas en España, tabla 39363"
08180,2023-02-01,15,2.14,7,"INE, Viviendas turísticas en España, tabla 39363"
08184,2023-02-01,196,3.77,52,"INE, Viviendas turísticas en España, tabla 39363"
08187,2023-02-01,206,3.17,65,"INE, Viviendas turísticas en España, tabla 39363"
08194,2023-02-01,870,5.15,169,"INE, Viviendas turísticas en España, tabla 39363"
08196,2023-02-01,6,2.0,3,"INE, Viviendas turísticas en España, tabla 39363"
08200,2023-02-01,44,4.4,10,"INE, Viviendas turísticas en España, tabla 39363"
08205,2023-02-01,354,3.89,91,"INE, Viviendas turísticas en España, tabla 39363"
08211,2023-02-01,24,3.0,8,"INE, Viviendas turísticas en España, tabla 39363"
08217,2023-02-01,42,3.5,12,"INE, Viviendas turísticas en España, tabla 39363"
08231,2023-02-01,1082,7.46,145,"INE, Viviendas turísticas en España, tabla 39363"
08245,2023-02-01,83,2.86,29,"INE, Viviendas turísticas en España, tabla 39363"
08252,2023-02-01,52,5.2,10,"INE, Viviendas turísticas en España, tabla 39363"
08260,2023-02-01,11,3.67,3,"INE, Viviendas turísticas en España, tabla 39363"
08263,2023-02-01,18,4.5,4,"INE, Viviendas turísticas en España, tabla 39363"
08266,2023-02-01,103,3.22,32,"INE, Viviendas turísticas en España, tabla 39363"
08270,2023-02-01,4829,5.17,934,"INE, Viviendas turísticas en España, tabla 39363"
08279,2023-02-01,330,3.14,105,"INE, Viviendas turísticas en España, tabla 39363"
08298,2023-02-01,147,3.5,42,"INE, Viviendas turísticas en España, tabla 39363"
08301,2023-02-01,82,6.83,12,"INE, Viviendas turísticas en España, tabla 39363"
08305,2023-02-01,85,3.4,25,"INE, Viviendas turísticas en España, tabla 39363"
08307,2023-02-01,908,4.91,185,"INE, Viviendas turísticas en España, tabla 39363"
09018,2023-02-01,200,4.44,45,"INE, Viviendas turísticas en España, tabla 39363"
09059,2023-02-01,1223,4.45,275,"INE, Viviendas turísticas en España, tabla 39363"
09219,2023-02-01,4,4.0,1,"INE, Viviendas turísticas en España, tabla 39363"
10037,2023-02-01,915,4.18,219,"INE, Viviendas turísticas en España, tabla 39363"
10148,2023-02-01,315,3.89,81,"INE, Viviendas turísticas en España, tabla 39363"
11004,2023-02-01,481,4.22,114,"INE, Viviendas turísticas en España, tabla 39363"
11006,2023-02-01,1019,5.36,190,"INE, Viviendas turísticas en España, tabla 39363"
11012,2023-02-01,6142,4.28,1436,"INE, Viviendas turísticas en España, tabla 39363"
11015,2023-02-01,7954,5.87,1355,"INE, Viviendas turísticas en España, tabla 39363"
11020,2023-02-01,3270,4.27,765,"INE, Viviendas turísticas en España, tabla 39363"
11022,2023-02-01,162,3.68,44,"INE, Viviendas turísticas en España, tabla 39363"
11027,2023-02-01,4365,5.44,802,"INE, Viviendas turísticas en España, tabla 39363"
11028,2023-02-01,270,4.5,60,"INE, Viviendas turísticas en España, tabla 39363"
11030,2023-02-01,2049,5.14,399,"INE, Viviendas turísticas en España, tabla 39363"
11031,2023-02-01,446,4.51,99,"INE, Viviendas turísticas en España, tabla 39363"
11032,2023-02-01,3035,5.05,601,"INE, Viviendas turísticas en España, tabla 39363"
11033,2023-02-01,2879,6.51,442,"INE, Viviendas turísticas en España, tabla 39363"
12009,2023-02-01,100,5.26,19,"INE, Viviendas turísticas en España, tabla 39363"
12027,2023-02-01,965,4.87,198,"INE, Viviendas turísticas en España, tabla 39363"
12032,2023-02-01,432,5.27,82,"INE, Viviendas turísticas en España, tabla 39363"
12040,2023-02-01,1458,4.11,355,"INE, Viviendas turísticas en España, tabla 39363"
12084,2023-02-01,36,4.0,9,"INE, Viviendas turísticas en España, tabla 39363"
12126,2023-02-01,89,5.56,16,"INE, Viviendas turísticas en España, tabla 39363"
12135,2023-02-01,96,4.57,21,"INE, Viviendas turísticas en España, tabla 39363"
12138,2023-02-01,2265,5.44,416,"INE, Viviendas turísticas en España, tabla 39363"
13005,2023-02-01,98,4.08,24,"INE, Viviendas turísticas en España, tabla 39363"
13034,2023-02-01,267,3.87,69,"INE, Viviendas turísticas en España, tabla 39363"
13071,2023-02-01,47,4.7,10,"INE, Viviendas turísticas en España, tabla 39363"
13082,2023-02-01,105,4.57,23,"INE, Viviendas turísticas en España, tabla 39363"
13087,2023-02-01,109,4.54,24,"INE, Viviendas turísticas en España, tabla 39363"
14021,2023-02-01,7089,4.65,1526,"INE, Viviendas turísticas en España, tabla 39363"
14038,2023-02-01,200,5.41,37,"INE, Viviendas turísticas en España, tabla 39363"
14056,2023-02-01,127,6.05,21,"INE, Viviendas turísticas en España, tabla 39363"
15002,2023-02-01,472,4.92,96,"INE, Viviendas turísticas en España, tabla 39363"
15005,2023-02-01,200,4.88,41,"INE, Viviendas turísticas en España, tabla 39363"
15019,2023-02-01,494,6.18,80,"INE, Viviendas turísticas en España, tabla 39363"
15030,2023-02-01,2819,4.13,683,"INE, Viviendas turísticas en España, tabla 39363"
15031,2023-02-01,96,3.84,25,"INE, Viviendas turísticas en España, tabla 39363"
15036,2023-02-01,723,4.92,147,"INE, Viviendas turísticas en España, tabla 39363"
15054,2023-02-01,90,6.0,15,"INE, Viviendas turísticas en España, tabla 39363"
15058,2023-02-01,605,4.73,128,"INE, Viviendas turísticas en España, tabla 39363"
15073,2023-02-01,1324,5.05,262,"INE, Viviendas turísticas en España, tabla 39363"
15078,2023-02-01,2137,4.45,480,"INE, Viviendas turísticas en España, tabla 39363"
16078,2023-02-01,1420,4.83,294,"INE, Viviendas turísticas en España, tabla 39363"
17023,2023-02-01,2936,5.76,510,"INE, Viviendas turísticas en España, tabla 39363"
17066,2023-02-01,615,4.42,139,"INE, Viviendas turísticas en España, tabla 39363"
17079,2023-02-01,1755,4.16,422,"INE, Viviendas turísticas en España, tabla 39363"
17095,2023-02-01,9758,6.23,1566,"INE, Viviendas turísticas en España, tabla 39363"
17114,2023-02-01,480,5.11,94,"INE, Viviendas turísticas en España, tabla 39363"
17155,2023-02-01,50,3.85,13,"INE, Viviendas turísticas en España, tabla 39363"
18017,2023-02-01,6301,5.39,1169,"INE, Viviendas turísticas en España, tabla 39363"
18087,2023-02-01,10824,4.42,2450,"INE, Viviendas turísticas en España, tabla 39363"
18140,2023-02-01,1324,5.56,238,"INE, Viviendas turísticas en España, tabla 39363"
19046,2023-02-01,15,2.5,6,"INE, Viviendas turísticas en España, tabla 39363"
19130,2023-02-01,173,4.94,35,"INE, Viviendas turísticas en España, tabla 39363"
20030,2023-02-01,35,2.92,12,"INE, Viviendas turísticas en España, tabla 39363"
20045,2023-02-01,232,3.93,59,"INE, Viviendas turísticas en España, tabla 39363"
20067,2023-02-01,47,3.62,13,"INE, Viviendas turísticas en España, tabla 39363"
20069,2023-02-01,5001,4.14,1209,"INE, Viviendas turísticas en España, tabla 39363"
21041,2023-02-01,411,3.45,119,"INE, Viviendas turísticas en España, tabla 39363"
21044,2023-02-01,875,5.54,158,"INE, Viviendas turísticas en España, tabla 39363"
22125,2023-02-01,166,3.86,43,"INE, Viviendas turísticas en España, tabla 39363"
23005,2023-02-01,135,4.82,28,"INE, Viviendas turísticas en España, tabla 39363"
23050,2023-02-01,446,4.09,109,"INE, Viviendas turísticas en España, tabla 39363"
23055,2023-02-01,93,4.04,23,"INE, Viviendas turísticas en España, tabla 39363"
23092,2023-02-01,473,4.42,107,"INE, Viviendas turísticas en España, tabla 39363"
24089,2023-02-01,1966,4.56,431,"INE, Viviendas turísticas en España, tabla 39363"
24115,2023-02-01,604,4.51,134,"INE, Viviendas turísticas en España, tabla 39363"
24142,2023-02-01,104,8.0,13,"INE, Viviendas turísticas en España, tabla 39363"
25120,2023-02-01,264,4.55,58,"INE, Viviendas turísticas en España, tabla 39363"
26089,2023-02-01,2051,5.31,386,"INE, Viviendas turísticas en España, tabla 39363"
27028,2023-02-01,894,4.3,208,"INE, Viviendas turísticas en España, tabla 39363"
28005,2023-02-01,635,3.41,186,"INE, Viviendas turísticas en España, tabla 39363"
28006,2023-02-01,327,2.73,120,"INE, Viviendas turísticas en España, tabla 39363"
28007,2023-02-01,149,2.57,58,"INE, Viviendas turísticas en España, tabla 39363"
28013,2023-02-01,408,5.1,80,"INE, Viviendas turísticas en España, tabla 39363"
28014,2023-02-01,21,1.91,11,"INE, Viviendas turísticas en España, tabla 39363"
28022,2023-02-01,100,4.35,23,"INE, Viviendas turísticas en España, tabla 39363"
28045,2023-02-01,55,4.58,12,"INE, Viviendas turísticas en España, tabla 39363"
28047,2023-02-01,98,3.77,26,"INE, Viviendas turísticas en España, tabla 39363"
28049,2023-02-01,97,2.94,33,"INE, Viviendas turísticas en España, tabla 39363"
28058,2023-02-01,47,2.35,20,"INE, Viviendas turísticas en España, tabla 39363"
28061,2023-02-01,139,3.97,35,"INE, Viviendas turísticas en España, tabla 39363"
28065,2023-02-01,185,2.2,84,"INE, Viviendas turísticas en España, tabla 39363"
28074,2023-02-01,114,2.28,50,"INE, Viviendas turísticas en España, tabla 39363"
28079,2023-02-01,47589,3.52,13502,"INE, Viviendas turísticas en España, tabla 39363"
28080,2023-02-01,118,3.19,37,"INE, Viviendas turísticas en España, tabla 39363"
28092,2023-02-01,142,2.84,50,"INE, Viviendas turísticas en España, tabla 39363"
28096,2023-02-01,50,6.25,8,"INE, Viviendas turísticas en España, tabla 39363"
28106,2023-02-01,62,1.77,35,"INE, Viviendas turísticas en España, tabla 39363"
28113,2023-02-01,62,2.95,21,"INE, Viviendas turísticas en España, tabla 39363"
28115,2023-02-01,237,2.6,91,"INE, Viviendas turísticas en España, tabla 39363"
28123,2023-02-01,129,3.31,39,"INE, Viviendas turísticas en España, tabla 39363"
28127,2023-02-01,227,3.72,61,"INE, Viviendas turísticas en España, tabla 39363"
28130,2023-02-01,13,2.17,6,"INE, Viviendas turísticas en España, tabla 39363"
28134,2023-02-01,322,3.35,96,"INE, Viviendas turísticas en España, tabla 39363"
28148,2023-02-01,167,2.49,67,"INE, Viviendas turísticas en España, tabla 39363"
28161,2023-02-01,84,3.36,25,"INE, Viviendas turísticas en España, tabla 39363"
28181,2023-02-01,247,3.92,63,"INE, Viviendas turísticas en España, tabla 39363"
28903,2023-02-01,33,1.83,18,"INE, Viviendas turísticas en España, tabla 39363"
29007,2023-02-01,1535,7.11,216,"INE, Viviendas turísticas en España, tabla 39363"
29015,2023-02-01,598,5.75,104,"INE, Viviendas turísticas en España, tabla 39363"
29025,2023-02-01,14597,4.74,3078,"INE, Viviendas turísticas en España, tabla 39363"
29051,2023-02-01,14197,5.3,2681,"INE, Viviendas turísticas en España, tabla 39363"
29054,2023-02-01,10289,4.88,2109,"INE, Viviendas turísticas en España, tabla 39363"
29067,2023-02-01,26081,4.17,6252,"INE, Viviendas turísticas en España, tabla 39363"
29069,2023-02-01,33931,5.73,5925,"INE, Viviendas turísticas en España, tabla 39363"
29070,2023-02-01,19118,5.46,3503,"INE, Viviendas turísticas en España, tabla 39363"
29082,2023-02-01,2884,5.44,530,"INE, Viviendas turísticas en España, tabla 39363"
29084,2023-02-01,2558,4.75,539,"INE, Viviendas turísticas en España, tabla 39363"
29094,2023-02-01,4234,5.37,788,"INE, Viviendas turísticas en España, tabla 39363"
29901,2023-02-01,8289,4.17,1989,"INE, Viviendas turísticas en España, tabla 39363"
30003,2023-02-01,1961,5.29,371,"INE, Viviendas turísticas en España, tabla 39363"
30005,2023-02-01,75,5.77,13,"INE, Viviendas turísticas en España, tabla 39363"
30015,2023-02-01,360,5.37,67,"INE, Viviendas turísticas en España, tabla 39363"
30016,2023-02-01,7897,5.35,1477,"INE, Viviendas turísticas en España, tabla 39363"
30019,2023-02-01,25,5.0,5,"INE, Viviendas turísticas en España, tabla 39363"
30022,2023-02-01,104,9.45,11,"INE, Viviendas turísticas en España, tabla 39363"
30024,2023-02-01,399,6.14,65,"INE, Viviendas turísticas en España, tabla 39363"
30026,2023-02-01,2652,5.17,513,"INE, Viviendas turísticas en España, tabla 39363"
30027,2023-02-01,159,4.54,35,"INE, Viviendas turísticas en España, tabla 39363"
30030,2023-02-01,3597,4.33,830,"INE, Viviendas turísticas en España, tabla 39363"
30035,2023-02-01,5153,5.25,981,"INE, Viviendas turísticas en España, tabla 39363"
30037,2023-02-01,2785,4.79,582,"INE, Viviendas turísticas en España, tabla 39363"
30039,2023-02-01,58,6.44,9,"INE, Viviendas turísticas en España, tabla 39363"
30043,2023-02-01,143,6.22,23,"INE, Viviendas turísticas en España, tabla 39363"
31201,2023-02-01,2054,3.98,516,"INE, Viviendas turísticas en España, tabla 39363"
31232,2023-02-01,355,5.14,69,"INE, Viviendas turísticas en España, tabla 39363"
32054,2023-02-01,1169,4.66,251,"INE, Viviendas turísticas en España, tabla 39363"
33004,2023-02-01,521,4.42,118,"INE, Viviendas turísticas en España, tabla 39363"
33024,2023-02-01,5039,4.58,1100,"INE, Viviendas turísticas en España, tabla 39363"
33031,2023-02-01,95,4.75,20,"INE, Viviendas turísticas en España, tabla 39363"
33037,2023-02-01,139,4.79,29,"INE, Viviendas turísticas en España, tabla 39363"
33044,2023-02-01,2799,4.21,665,"INE, Viviendas turísticas en España, tabla 39363"
33066,2023-02-01,320,5.93,54,"INE, Viviendas turísticas en España, tabla 39363"
34120,2023-02-01,142,4.58,31,"INE, Viviendas turísticas en España, tabla 39363"
35002,2023-02-01,1038,4.44,234,"INE, Viviendas turísticas en España, tabla 39363"
35004,2023-02-01,1663,3.62,460,"INE, Viviendas turísticas en España, tabla 39363"
35006,2023-02-01,573,5.56,103,"INE, Viviendas turísticas en España, tabla 39363"
35011,2023-02-01,558,5.03,111,"INE, Viviendas turísticas en España, tabla 39363"
35014,2023-02-01,14708,4.25,3464,"INE, Viviendas turísticas en España, tabla 39363"
35016,2023-02-01,8058,3.41,2362,"INE, Viviendas turísticas en España, tabla 39363"
35017,2023-02-01,1474,3.98,370,"INE, Viviendas turísticas en España, tabla 39363"
35019,2023-02-01,14182,4.2,3380,"INE, Viviendas turísticas en España, tabla 39363"
35022,2023-02-01,1184,3.99,297,"INE, Viviendas turísticas en España, tabla 39363"
35026,2023-02-01,1545,4.34,356,"INE, Viviendas turísticas en España, tabla 39363"
36008,2023-02-01,1622,5.22,311,"INE, Viviendas turísticas en España, tabla 39363"
36026,2023-02-01,679,5.8,117,"INE, Viviendas turísticas en España, tabla 39363"
36038,2023-02-01,1455,4.85,300,"INE, Viviendas turísticas en España, tabla 39363"
36045,2023-02-01,450,5.0,90,"INE, Viviendas turísticas en España, tabla 39363"
36057,2023-02-01,3914,4.11,953,"INE, Viviendas turísticas en España, tabla 39363"
36060,2023-02-01,1361,5.21,261,"INE, Viviendas turísticas en España, tabla 39363"
37274,2023-02-01,2666,4.08,654,"INE, Viviendas turísticas en España, tabla 39363"
38001,2023-02-01,17090,4.86,3514,"INE, Viviendas turísticas en España, tabla 39363"
38006,2023-02-01,14871,4.0,3718,"INE, Viviendas turísticas en España, tabla 39363"
38011,2023-02-01,1295,4.18,310,"INE, Viviendas turísticas en España, tabla 39363"
38017,2023-02-01,4596,4.13,1112,"INE, Viviendas turísticas en España, tabla 39363"
38023,2023-02-01,2307,3.61,639,"INE, Viviendas turísticas en España, tabla 39363"
38026,2023-02-01,1359,4.37,311,"INE, Viviendas turísticas en España, tabla 39363"
38028,2023-02-01,3005,3.39,887,"INE, Viviendas turísticas en España, tabla 39363"
38031,2023-02-01,987,3.5,282,"INE, Viviendas turísticas en España, tabla 39363"
38038,2023-02-01,3214,3.71,866,"INE, Viviendas turísticas en España, tabla 39363"
39016,2023-02-01,396,4.83,82,"INE, Viviendas turísticas en España, tabla 39363"
39020,2023-02-01,1045,4.6,227,"INE, Viviendas turísticas en España, tabla 39363"
39075,2023-02-01,4739,4.09,1160,"INE, Viviendas turísticas en España, tabla 39363"
39087,2023-02-01,278,4.09,68,"INE, Viviendas turísticas en España, tabla 39363"
40194,2023-02-01,584,4.49,130,"INE, Viviendas turísticas en España, tabla 39363"
41004,2023-02-01,233,5.97,39,"INE, Viviendas turísticas en España, tabla 39363"
41021,2023-02-01,106,4.82,22,"INE, Viviendas turísticas en España, tabla 39363"
41024,2023-02-01,344,5.55,62,"INE, Viviendas turísticas en España, tabla 39363"
41034,2023-02-01,51,5.67,9,"INE, Viviendas turísticas en España, tabla 39363"
41038,2023-02-01,266,3.8,70,"INE, Viviendas turísticas en España, tabla 39363"
41039,2023-02-01,112,4.31,26,"INE, Viviendas turísticas en España, tabla 39363"
41053,2023-02-01,19,3.17,6,"INE, Viviendas turísticas en España, tabla 39363"
41059,2023-02-01,190,3.88,49,"INE, Viviendas turísticas en España, tabla 39363"
41065,2023-02-01,74,6.73,11,"INE, Viviendas turísticas en España, tabla 39363"
41069,2023-02-01,64,8.0,8,"INE, Viviendas turísticas en España, tabla 39363"
41081,2023-02-01,56,5.09,11,"INE, Viviendas turísticas en España, tabla 39363"
41091,2023-02-01,21170,4.11,5149,"INE, Viviendas turísticas en España, tabla 39363"
41095,2023-02-01,116,5.8,20,"INE, Viviendas turísticas en España, tabla 39363"
42173,2023-02-01,467,4.62,101,"INE, Viviendas turísticas en España, tabla 39363"
43038,2023-02-01,6449,5.78,1116,"INE, Viviendas turísticas en España, tabla 39363"
43123,2023-02-01,464,5.21,89,"INE, Viviendas turísticas en España, tabla 39363"
43148,2023-02-01,2690,4.55,591,"INE, Viviendas turísticas en España, tabla 39363"
43155,2023-02-01,304,5.15,59,"INE, Viviendas turísticas en España, tabla 39363"
43163,2023-02-01,2009,6.24,322,"INE, Viviendas turísticas en España, tabla 39363"
43905,2023-02-01,10431,5.41,1927,"INE, Viviendas turísticas en España, tabla 39363"
44216,2023-02-01,612,5.51,111,"INE, Viviendas turísticas en España, tabla 39363"
45081,2023-02-01,33,2.36,14,"INE, Viviendas turísticas en España, tabla 39363"
45165,2023-02-01,150,4.41,34,"INE, Viviendas turísticas en España, tabla 39363"
45168,2023-02-01,2590,4.71,550,"INE, Viviendas turísticas en España, tabla 39363"
46005,2023-02-01,10,2.5,4,"INE, Viviendas turísticas en España, tabla 39363"
46017,2023-02-01,185,5.97,31,"INE, Viviendas turísticas en España, tabla 39363"
46021,2023-02-01,13,2.17,6,"INE, Viviendas turísticas en España, tabla 39363"
46029,2023-02-01,38,4.75,8,"INE, Viviendas turísticas en España, tabla 39363"
46078,2023-02-01,173,3.53,49,"INE, Viviendas turísticas en España, tabla 39363"
46094,2023-02-01,51,3.4,15,"INE, Viviendas turísticas en España, tabla 39363"
46102,2023-02-01,37,4.11,9,"INE, Viviendas turísticas en España, tabla 39363"
46110,2023-02-01,72,3.0,24,"INE, Viviendas turísticas en España, tabla 39363"
46131,2023-02-01,5483,5.53,991,"INE, Viviendas turísticas en España, tabla 39363"
46145,2023-02-01,321,5.02,64,"INE, Viviendas turísticas en España, tabla 39363"
46159,2023-02-01,72,4.8,15,"INE, Viviendas turísticas en España, tabla 39363"
46169,2023-02-01,112,3.2,35,"INE, Viviendas turísticas en España, tabla 39363"
46181,2023-02-01,4184,5.38,777,"INE, Viviendas turísticas en España, tabla 39363"
46184,2023-02-01,204,4.64,44,"INE, Viviendas turísticas en España, tabla 39363"
46190,2023-02-01,365,4.15,88,"INE, Viviendas turísticas en España, tabla 39363"
46220,2023-02-01,1993,5.3,376,"INE, Viviendas turísticas en España, tabla 39363"
46235,2023-02-01,884,5.78,153,"INE, Viviendas turísticas en España, tabla 39363"
46244,2023-02-01,305,4.55,67,"INE, Viviendas turísticas en España, tabla 39363"
46250,2023-02-01,19793,3.77,5245,"INE, Viviendas turísticas en España, tabla 39363"
47186,2023-02-01,956,3.51,272,"INE, Viviendas turísticas en España, tabla 39363"
48013,2023-02-01,167,3.21,52,"INE, Viviendas turísticas en España, tabla 39363"
48015,2023-02-01,46,3.07,15,"INE, Viviendas turísticas en España, tabla 39363"
48020,2023-02-01,3307,3.39,975,"INE, Viviendas turísticas en España, tabla 39363"
48027,2023-02-01,42,3.82,11,"INE, Viviendas turísticas en España, tabla 39363"
48036,2023-02-01,38,2.92,13,"INE, Viviendas turísticas en España, tabla 39363"
48044,2023-02-01,441,4.2,105,"INE, Viviendas turísticas en España, tabla 39363"
48054,2023-02-01,39,3.55,11,"INE, Viviendas turísticas en España, tabla 39363"
48078,2023-02-01,100,4.0,25,"INE, Viviendas turísticas en España, tabla 39363"
48082,2023-02-01,37,3.7,10,"INE, Viviendas turísticas en España, tabla 39363"
48084,2023-02-01,30,2.73,11,"INE, Viviendas turísticas en España, tabla 39363"
49275,2023-02-01,746,4.84,154,"INE, Viviendas turísticas en España, tabla 39363"
50297,2023-02-01,2685,3.84,700,"INE, Viviendas turísticas en España, tabla 39363"
51001,2023-02-01,167,3.88,43,"INE, Viviendas turísticas en España, tabla 39363"
52001,2023-02-01,201,3.65,55,"INE, Viviendas turísticas en España, tabla 39363"
01059,2023-08-01,528,3.59,147,"INE, Viviendas turísticas en España, tabla 39363"
02003,2023-08-01,879,4.27,206,"INE, Viviendas turísticas en España, tabla 39363"
02009,2023-08-01,63,4.5,14,"INE, Viviendas turísticas en España, tabla 39363"
02037,2023-08-01,57,4.07,14,"INE, Viviendas turísticas en España, tabla 39363"
02081,2023-08-01,122,4.69,26,"INE, Viviendas turísticas en España, tabla 39363"
03009,2023-08-01,277,3.69,75,"INE, Viviendas turísticas en España, tabla 39363"
03014,2023-08-01,14927,4.37,3418,"INE, Viviendas turísticas en España, tabla 39363"
03031,2023-08-01,13693,4.75,2884,"INE, Viviendas turísticas en España, tabla 39363"
03047,2023-08-01,16708,5.46,3059,"INE, Viviendas turísticas en España, tabla 39363"
03050,2023-08-01,7275,5.63,1293,"INE, Viviendas turísticas en España, tabla 39363"
03059,2023-08-01,166,6.64,25,"INE, Viviendas turísticas en España, tabla 39363"
03063,2023-08-01,18924,5.19,3647,"INE, Viviendas turísticas en España, tabla 39363"
03065,2023-08-01,3745,5.11,733,"INE, Viviendas turísticas en España, tabla 39363"
03066,2023-08-01,87,3.63,24,"INE, Viviendas turísticas en España, tabla 39363"
03082,2023-08-01,18781,6.21,3025,"INE, Viviendas turísticas en España, tabla 39363"
03093,2023-08-01,104,6.5,16,"INE, Viviendas turísticas en España, tabla 39363"
03099,2023-08-01,14210,5.3,2679,"INE, Viviendas turísticas en España, tabla 39363"
03104,2023-08-01,101,4.81,21,"INE, Viviendas turísticas en España, tabla 39363"
03121,2023-08-01,8685,5.24,1657,"INE, Viviendas turísticas en España, tabla 39363"
03122,2023-08-01,634,5.42,117,"INE, Viviendas turísticas en España, tabla 39363"
03133,2023-08-01,21594,4.71,4580,"INE, Viviendas turísticas en España, tabla 39363"
03139,2023-08-01,4263,4.59,928,"INE, Viviendas turísticas en España, tabla 39363"
03140,2023-08-01,284,5.92,48,"INE, Viviendas turísticas en España, tabla 39363"
04013,2023-08-01,4088,4.4,929,"INE, Viviendas turísticas en España, tabla 39363"
04066,2023-08-01,4692,4.91,956,"INE, Viviendas turísticas en España, tabla 39363"
04079,2023-08-01,4478,4.44,1008,"INE, Viviendas turísticas en España, tabla 39363"
04902,2023-08-01,746,4.66,160,"INE, Viviendas turísticas en España, tabla 39363"
05019,2023-08-01,816,4.95,165,"INE, Viviendas turísticas en España, tabla 39363"
06011,2023-08-01,9,4.5,2,"INE, Viviendas turísticas en España, tabla 39363"
06015,2023-08-01,165,4.58,36,"INE, Viviendas turísticas en España, tabla 39363"
06044,2023-08-01,27,3.86,7,"INE, Viviendas turísticas en España, tabla 39363"
06083,2023-08-01,909,4.48,203,"INE, Viviendas turísticas en España, tabla 39363"
06153,2023-08-01,44,2.75,16,"INE, Viviendas turísticas en España, tabla 39363"
07011,2023-08-01,3363,6.42,524,"INE, Viviendas turísticas en España, tabla 39363"
07015,2023-08-01,7641,5.51,1388,"INE, Viviendas turísticas en España, tabla 39363"
07026,2023-08-01,2479,4.6,539,"INE, Viviendas turísticas en España, tabla 39363"
07027,2023-08-01,1717,6.55,262,"INE, Viviendas turísticas en España, tabla 39363"
07031,2023-08-01,4125,6.57,628,"INE, Viviendas turísticas en España, tabla 39363"
07032,2023-08-01,1132,6.05,187,"INE, Viviendas turísticas en España, tabla 39363"
07033,2023-08-01,6140,6.54,939,"INE, Viviendas turísticas en España, tabla 39363"
07036,2023-08-01,912,6.81,134,"INE, Viviendas turísticas en España, tabla 39363"
07040,2023-08-01,5008,4.66,1075,"INE, Viviendas turísticas en España, tabla 39363"
07054,2023-08-01,8009,7.44,1076,"INE, Viviendas turísticas en España, tabla 39363"
08015,2023-08-01,888,4.6,193,"INE, Viviendas turísticas en España, tabla 39363"
08019,2023-08-01,36122,4.8,7531,"INE, Viviendas turísticas en España, tabla 39363"
08056,2023-08-01,1248,4.73,264,"INE, Viviendas turísticas en España, tabla 39363"
08073,2023-08-01,302,3.87,78,"INE, Viviendas turísticas en España, tabla 39363"
08077,2023-08-01,136,2.72,50,"INE, Viviendas turísticas en España, tabla 39363"
08089,2023-08-01,409,4.99,82,"INE, Viviendas turísticas en España, tabla 39363"
08096,2023-08-01,73,4.56,16,"INE, Viviendas turísticas en España, tabla 39363"
08101,2023-08-01,2351,3.84,613,"INE, Viviendas turísticas en España, tabla 39363"
08102,2023-08-01,35,2.92,12,"INE, Viviendas turísticas en España, tabla 39363"
08113,2023-08-01,270,3.97,68,"INE, Viviendas turísticas en España, tabla 39363"
08114,2023-08-01,18,2.25,8,"INE, Viviendas turísticas en España, tabla 39363"
08121,2023-08-01,667,5.02,133,"INE, Viviendas turísticas en España, tabla 39363"
08124,2023-08-01,49,4.9,10,"INE, Viviendas turísticas en España, tabla 39363"
08125,2023-08-01,41,4.1,10,"INE, Viviendas turísticas en España, tabla 39363"
08163,2023-08-01,1403,5.12,274,"INE, Viviendas turísticas en España, tabla 39363"
08169,2023-08-01,128,2.91,44,"INE, Viviendas turísticas en España, tabla 39363"
08172,2023-08-01,206,4.58,45,"INE, Viviendas turísticas en España, tabla 39363"
08180,2023-08-01,18,3.6,5,"INE, Viviendas turísticas en España, tabla 39363"
08184,2023-08-01,184,4.38,42,"INE, Viviendas turísticas en España, tabla 39363"
08187,2023-08-01,193,3.16,61,"INE, Viviendas turísticas en España, tabla 39363"
08194,2023-08-01,900,5.03,179,"INE, Viviendas turísticas en España, tabla 39363"
08196,2023-08-01,4,2.0,2,"INE, Viviendas turísticas en España, tabla 39363"
08200,2023-08-01,61,5.08,12,"INE, Viviendas turísticas en España, tabla 39363"
08205,2023-08-01,390,4.29,91,"INE, Viviendas turísticas en España, tabla 39363"
08211,2023-08-01,29,3.63,8,"INE, Viviendas turísticas en España, tabla 39363"
08217,2023-08-01,44,4.4,10,"INE, Viviendas turísticas en España, tabla 39363"
08231,2023-08-01,1219,7.09,172,"INE, Viviendas turísticas en España, tabla 39363"
08245,2023-08-01,109,3.3,33,"INE, Viviendas turísticas en España, tabla 39363"
08252,2023-08-01,61,5.08,12,"INE, Viviendas turísticas en España, tabla 39363"
08260,2023-08-01,11,3.67,3,"INE, Viviendas turísticas en España, tabla 39363"
08263,2023-08-01,22,4.4,5,"INE, Viviendas turísticas en España, tabla 39363"
08266,2023-08-01,99,3.67,27,"INE, Viviendas turísticas en España, tabla 39363"
08270,2023-08-01,4892,5.22,938,"INE, Viviendas turísticas en España, tabla 39363"
08279,2023-08-01,395,3.46,114,"INE, Viviendas turísticas en España, tabla 39363"
08298,2023-08-01,156,3.63,43,"INE, Viviendas turísticas en España, tabla 39363"
08301,2023-08-01,115,6.05,19,"INE, Viviendas turísticas en España, tabla 39363"
08305,2023-08-01,86,3.44,25,"INE, Viviendas turísticas en España, tabla 39363"
08307,2023-08-01,1055,4.98,212,"INE, Viviendas turísticas en España, tabla 39363"
09018,2023-08-01,304,5.07,60,"INE, Viviendas turísticas en España, tabla 39363"
09059,2023-08-01,1403,4.57,307,"INE, Viviendas turísticas en España, tabla 39363"
09219,2023-08-01,5,2.5,2,"INE, Viviendas turísticas en España, tabla 39363"
10037,2023-08-01,930,4.15,224,"INE, Viviendas turísticas en España, tabla 39363"
10148,2023-08-01,305,3.91,78,"INE, Viviendas turísticas en España, tabla 39363"
11004,2023-08-01,528,4.16,127,"INE, Viviendas turísticas en España, tabla 39363"
11006,2023-08-01,1206,5.27,229,"INE, Viviendas turísticas en España, tabla 39363"
11012,2023-08-01,6936,4.32,1607,"INE, Viviendas turísticas en España, tabla 39363"
11015,2023-08-01,11011,5.9,1865,"INE, Viviendas turísticas en España, tabla 39363"
11020,2023-08-01,3695,4.34,852,"INE, Viviendas turísticas en España, tabla 39363"
11022,2023-08-01,234,3.66,64,"INE, Viviendas turísticas en España, tabla 39363"
11027,2023-08-01,5499,5.34,1029,"INE, Viviendas turísticas en España, tabla 39363"
11028,2023-08-01,479,4.84,99,"INE, Viviendas turísticas en España, tabla 39363"
11030,2023-08-01,2395,5.06,473,"INE, Viviendas turísticas en España, tabla 39363"
11031,2023-08-01,614,4.48,137,"INE, Viviendas turísticas en España, tabla 39363"
11032,2023-08-01,3686,5.12,720,"INE, Viviendas turísticas en España, tabla 39363"
11033,2023-08-01,3222,6.34,508,"INE, Viviendas turísticas en España, tabla 39363"
12009,2023-08-01,93,5.17,18,"INE, Viviendas turísticas en España, tabla 39363"
12027,2023-08-01,1233,4.91,251,"INE, Viviendas turísticas en España, tabla 39363"
12032,2023-08-01,599,5.5,109,"INE, Viviendas turísticas en España, tabla 39363"
12040,2023-08-01,1933,4.36,443,"INE, Viviendas turísticas en España, tabla 39363"
12084,2023-08-01,41,4.56,9,"INE, Viviendas turísticas en España, tabla 39363"
12126,2023-08-01,97,5.71,17,"INE, Viviendas turísticas en España, tabla 39363"
12135,2023-08-01,135,5.0,27,"INE, Viviendas turísticas en España, tabla 39363"
12138,2023-08-01,2963,5.5,539,"INE, Viviendas turísticas en España, tabla 39363"
13005,2023-08-01,109,4.54,24,"INE, Viviendas turísticas en España, tabla 39363"
13034,2023-08-01,322,4.03,80,"INE, Viviendas turísticas en España, tabla 39363"
13071,2023-08-01,53,4.42,12,"INE, Viviendas turísticas en España, tabla 39363"
13082,2023-08-01,103,5.15,20,"INE, Viviendas turísticas en España, tabla 39363"
13087,2023-08-01,137,4.72,29,"INE, Viviendas turísticas en España, tabla 39363"
14021,2023-08-01,8071,4.68,1726,"INE, Viviendas turísticas en España, tabla 39363"
14038,2023-08-01,235,5.34,44,"INE, Viviendas turísticas en España, tabla 39363"
14056,2023-08-01,126,6.0,21,"INE, Viviendas turísticas en España, tabla 39363"
15002,2023-08-01,442,5.02,88,"INE, Viviendas turísticas en España, tabla 39363"
15005,2023-08-01,184,5.41,34,"INE, Viviendas turísticas en España, tabla 39363"
15019,2023-08-01,610,5.75,106,"INE, Viviendas turísticas en España, tabla 39363"
15030,2023-08-01,3506,4.38,800,"INE, Viviendas turísticas en España, tabla 39363"
15031,2023-08-01,125,4.63,27,"INE, Viviendas turísticas en España, tabla 39363"
15036,2023-08-01,1057,4.83,219,"INE, Viviendas turísticas en España, tabla 39363"
15054,2023-08-01,120,5.71,21,"INE, Viviendas turísticas en España, tabla 39363"
15058,2023-08-01,630,4.74,133,"INE, Viviendas turísticas en España, tabla 39363"
15073,2023-08-01,1508,5.06,298,"INE, Viviendas turísticas en España, tabla 39363"
15078,2023-08-01,2689,4.64,580,"INE, Viviendas turísticas en España, tabla 39363"
16078,2023-08-01,1410,4.72,299,"INE, Viviendas turísticas en España, tabla 39363"
17023,2023-08-01,3347,5.58,600,"INE, Viviendas turísticas en España, tabla 39363"
17066,2023-08-01,664,4.49,148,"INE, Viviendas turísticas en España, tabla 39363"
17079,2023-08-01,1820,4.27,426,"INE, Viviendas turísticas en España, tabla 39363"
17095,2023-08-01,10802,6.15,1756,"INE, Viviendas turísticas en España, tabla 39363"
17114,2023-08-01,524,5.04,104,"INE, Viviendas turísticas en España, tabla 39363"
17155,2023-08-01,38,4.75,8,"INE, Viviendas turísticas en España, tabla 39363"
18017,2023-08-01,7307,5.29,1380,"INE, Viviendas turísticas en España, tabla 39363"
18087,2023-08-01,11073,4.5,2458,"INE, Viviendas turísticas en España, tabla 39363"
18140,2023-08-01,1698,5.46,311,"INE, Viviendas turísticas en España, tabla 39363"
19046,2023-08-01,9,3.0,3,"INE, Viviendas turísticas en España, tabla 39363"
19130,2023-08-01,176,5.33,33,"INE, Viviendas turísticas en España, tabla 39363"
20030,2023-08-01,44,3.14,14,"INE, Viviendas turísticas en España, tabla 39363"
20045,2023-08-01,315,4.32,73,"INE, Viviendas turísticas en España, tabla 39363"
20067,2023-08-01,81,3.68,22,"INE, Viviendas turísticas en España, tabla 39363"
20069,2023-08-01,5651,4.15,1361,"INE, Viviendas turísticas en España, tabla 39363"
21041,2023-08-01,521,3.72,140,"INE, Viviendas turísticas en España, tabla 39363"
21044,2023-08-01,1082,5.52,196,"INE, Viviendas turísticas en España, tabla 39363"
22125,2023-08-01,171,3.89,44,"INE, Viviendas turísticas en España, tabla 39363"
23005,2023-08-01,144,4.65,31,"INE, Viviendas turísticas en España, tabla 39363"
23050,2023-08-01,515,4.09,126,"INE, Viviendas turísticas en España, tabla 39363"
23055,2023-08-01,123,4.1,30,"INE, Viviendas turísticas en España, tabla 39363"
23092,2023-08-01,508,4.62,110,"INE, Viviendas turísticas en España, tabla 39363"
24089,2023-08-01,2079,4.65,447,"INE, Viviendas turísticas en España, tabla 39363"
24115,2023-08-01,592,4.63,128,"INE, Viviendas turísticas en España, tabla 39363"
24142,2023-08-01,121,8.07,15,"INE, Viviendas turísticas en España, tabla 39363"
25120,2023-08-01,228,4.38,52,"INE, Viviendas turísticas en España, tabla 39363"
26089,2023-08-01,2274,5.39,422,"INE, Viviendas turísticas en España, tabla 39363"
27028,2023-08-01,987,4.51,219,"INE, Viviendas turísticas en España, tabla 39363"
28005,2023-08-01,713,3.81,187,"INE, Viviendas turísticas en España, tabla 39363"
28006,2023-08-01,326,2.63,124,"INE, Viviendas turísticas en España, tabla 39363"
28007,2023-08-01,147,2.94,50,"INE, Viviendas turísticas en España, tabla 39363"
28013,2023-08-01,398,5.31,75,"INE, Viviendas turísticas en España, tabla 39363"
28014,2023-08-01,28,2.55,11,"INE, Viviendas turísticas en España, tabla 39363"
28022,2023-08-01,107,4.28,25,"INE, Viviendas turísticas en España, tabla 39363"
28045,2023-08-01,65,5.0,13,"INE, Viviendas turísticas en España, tabla 39363"
28047,2023-08-01,85,4.25,20,"INE, Viviendas turísticas en España, tabla 39363"
28049,2023-08-01,126,3.32,38,"INE, Viviendas turísticas en España, tabla 39363"
28058,2023-08-01,38,2.71,14,"INE, Viviendas turísticas en España, tabla 39363"
28061,2023-08-01,140,4.38,32,"INE, Viviendas turísticas en España, tabla 39363"
28065,2023-08-01,192,2.43,79,"INE, Viviendas turísticas en España, tabla 39363"
28074,2023-08-01,87,2.23,39,"INE, Viviendas turísticas en España, tabla 39363"
28079,2023-08-01,51265,3.63,14133,"INE, Viviendas turísticas en España, tabla 39363"
28080,2023-08-01,113,3.42,33,"INE, Viviendas turísticas en España, tabla 39363"
28092,2023-08-01,122,2.77,44,"INE, Viviendas turísticas en España, tabla 39363"
28096,2023-08-01,77,5.5,14,"INE, Viviendas turísticas en España, tabla 39363"
28106,2023-08-01,70,2.26,31,"INE, Viviendas turísticas en España, tabla 39363"
28113,2023-08-01,60,3.16,19,"INE, Viviendas turísticas en España, tabla 39363"
28115,2023-08-01,242,2.78,87,"INE, Viviendas turísticas en España, tabla 39363"
28123,2023-08-01,113,4.19,27,"INE, Viviendas turísticas en España, tabla 39363"
28127,2023-08-01,239,4.19,57,"INE, Viviendas turísticas en España, tabla 39363"
28130,2023-08-01,14,2.8,5,"INE, Viviendas turísticas en España, tabla 39363"
28134,2023-08-01,327,3.52,93,"INE, Viviendas turísticas en España, tabla 39363"
28148,2023-08-01,172,2.77,62,"INE, Viviendas turísticas en España, tabla 39363"
28161,2023-08-01,78,3.71,21,"INE, Viviendas turísticas en España, tabla 39363"
28181,2023-08-01,249,4.22,59,"INE, Viviendas turísticas en España, tabla 39363"
28903,2023-08-01,32,2.13,15,"INE, Viviendas turísticas en España, tabla 39363"
29007,2023-08-01,1736,7.2,241,"INE, Viviendas turísticas en España, tabla 39363"
29015,2023-08-01,621,5.45,114,"INE, Viviendas turísticas en España, tabla 39363"
29025,2023-08-01,16209,4.72,3431,"INE, Viviendas turísticas en España, tabla 39363"
29051,2023-08-01,15603,5.22,2989,"INE, Viviendas turísticas en España, tabla 39363"
29054,2023-08-01,11724,4.83,2427,"INE, Viviendas turísticas en España, tabla 39363"
29067,2023-08-01,28228,4.31,6550,"INE, Viviendas turísticas en España, tabla 39363"
29069,2023-08-01,37184,5.69,6540,"INE, Viviendas turísticas en España, tabla 39363"
29070,2023-08-01,21268,5.35,3979,"INE, Viviendas turísticas en España, tabla 39363"
29082,2023-08-01,3184,5.32,599,"INE, Viviendas turísticas en España, tabla 39363"
29084,2023-08-01,2659,4.78,556,"INE, Viviendas turísticas en España, tabla 39363"
29094,2023-08-01,4991,5.33,936,"INE, Viviendas turísticas en España, tabla 39363"
29901,2023-08-01,9427,4.13,2280,"INE, Viviendas turísticas en España, tabla 39363"
30003,2023-08-01,2106,5.33,395,"INE, Viviendas turísticas en España, tabla 39363"
30005,2023-08-01,43,5.38,8,"INE, Viviendas turísticas en España, tabla 39363"
30015,2023-08-01,308,5.22,59,"INE, Viviendas turísticas en España, tabla 39363"
30016,2023-08-01,9027,5.35,1686,"INE, Viviendas turísticas en España, tabla 39363"
30019,2023-08-01,76,5.43,14,"INE, Viviendas turísticas en España, tabla 39363"
30022,2023-08-01,100,6.67,15,"INE, Viviendas turísticas en España, tabla 39363"
30024,2023-08-01,429,6.31,68,"INE, Viviendas turísticas en España, tabla 39363"
30026,2023-08-01,3083,5.23,589,"INE, Viviendas turísticas en España, tabla 39363"
30027,2023-08-01,124,4.28,29,"INE, Viviendas turísticas en España, tabla 39363"
30030,2023-08-01,3317,4.47,742,"INE, Viviendas turísticas en España, tabla 39363"
30035,2023-08-01,6209,5.11,1214,"INE, Viviendas turísticas en España, tabla 39363"
30037,2023-08-01,2974,4.84,615,"INE, Viviendas turísticas en España, tabla 39363"
30039,2023-08-01,81,8.1,10,"INE, Viviendas turísticas en España, tabla 39363"
30043,2023-08-01,169,5.63,30,"INE, Viviendas turísticas en España, tabla 39363"
31201,2023-08-01,2375,4.22,563,"INE, Viviendas turísticas en España, tabla 39363"
31232,2023-08-01,395,5.41,73,"INE, Viviendas turísticas en España, tabla 39363"
32054,2023-08-01,1296,4.66,278,"INE, Viviendas turísticas en España, tabla 39363"
33004,2023-08-01,722,4.66,155,"INE, Viviendas turísticas en España, tabla 39363"
33024,2023-08-01,6561,4.63,1418,"INE, Viviendas turísticas en España, tabla 39363"
33031,2023-08-01,129,4.78,27,"INE, Viviendas turísticas en España, tabla 39363"
33037,2023-08-01,179,4.71,38,"INE, Viviendas turísticas en España, tabla 39363"
33044,2023-08-01,3341,4.3,777,"INE, Viviendas turísticas en España, tabla 39363"
33066,2023-08-01,447,5.96,75,"INE, Viviendas turísticas en España, tabla 39363"
34120,2023-08-01,160,4.44,36,"INE, Viviendas turísticas en España, tabla 39363"
35002,2023-08-01,1040,4.19,248,"INE, Viviendas turísticas en España, tabla 39363"
35004,2023-08-01,1804,3.69,489,"INE, Viviendas turísticas en España, tabla 39363"
35006,2023-08-01,615,5.8,106,"INE, Viviendas turísticas en España, tabla 39363"
35011,2023-08-01,547,4.76,115,"INE, Viviendas turísticas en España, tabla 39363"
35014,2023-08-01,15532,4.28,3625,"INE, Viviendas turísticas en España, tabla 39363"
35016,2023-08-01,8592,3.49,2464,"INE, Viviendas turísticas en España, tabla 39363"
35017,2023-08-01,1555,4.04,385,"INE, Viviendas turísticas en España, tabla 39363"
35019,2023-08-01,14638,4.21,3480,"INE, Viviendas turísticas en España, tabla 39363"
35022,2023-08-01,1179,4.11,287,"INE, Viviendas turísticas en España, tabla 39363"
35026,2023-08-01,1562,4.31,362,"INE, Viviendas turísticas en España, tabla 39363"
36008,2023-08-01,2050,5.11,401,"INE, Viviendas turísticas en España, tabla 39363"
36026,2023-08-01,901,5.78,156,"INE, Viviendas turísticas en España, tabla 39363"
36038,2023-08-01,1772,4.94,359,"INE, Viviendas turísticas en España, tabla 39363"
36045,2023-08-01,564,5.32,106,"INE, Viviendas turísticas en España, tabla 39363"
36057,2023-08-01,5016,4.25,1181,"INE, Viviendas turísticas en España, tabla 39363"
36060,2023-08-01,1722,5.2,331,"INE, Viviendas turísticas en España, tabla 39363"
37274,2023-08-01,2765,4.33,639,"INE, Viviendas turísticas en España, tabla 39363"
38001,2023-08-01,17236,4.82,3578,"INE, Viviendas turísticas en España, tabla 39363"
38006,2023-08-01,15634,4.01,3896,"INE, Viviendas turísticas en España, tabla 39363"
38011,2023-08-01,1303,4.18,312,"INE, Viviendas turísticas en España, tabla 39363"
38017,2023-08-01,4801,4.21,1141,"INE, Viviendas turísticas en España, tabla 39363"
38023,2023-08-01,2411,3.71,649,"INE, Viviendas turísticas en España, tabla 39363"
38026,2023-08-01,1414,4.4,321,"INE, Viviendas turísticas en España, tabla 39363"
38028,2023-08-01,3233,3.49,926,"INE, Viviendas turísticas en España, tabla 39363"
38031,2023-08-01,1000,3.7,270,"INE, Viviendas turísticas en España, tabla 39363"
38038,2023-08-01,3418,3.75,911,"INE, Viviendas turísticas en España, tabla 39363"
39016,2023-08-01,447,5.02,89,"INE, Viviendas turísticas en España, tabla 39363"
39020,2023-08-01,1213,4.61,263,"INE, Viviendas turísticas en España, tabla 39363"
39075,2023-08-01,5909,4.28,1382,"INE, Viviendas turísticas en España, tabla 39363"
39087,2023-08-01,376,4.22,89,"INE, Viviendas turísticas en España, tabla 39363"
40194,2023-08-01,547,4.84,113,"INE, Viviendas turísticas en España, tabla 39363"
41004,2023-08-01,270,6.28,43,"INE, Viviendas turísticas en España, tabla 39363"
41021,2023-08-01,94,4.95,19,"INE, Viviendas turísticas en España, tabla 39363"
41024,2023-08-01,373,5.41,69,"INE, Viviendas turísticas en España, tabla 39363"
41034,2023-08-01,56,5.09,11,"INE, Viviendas turísticas en España, tabla 39363"
41038,2023-08-01,317,4.46,71,"INE, Viviendas turísticas en España, tabla 39363"
41039,2023-08-01,165,4.58,36,"INE, Viviendas turísticas en España, tabla 39363"
41053,2023-08-01,34,3.4,10,"INE, Viviendas turísticas en España, tabla 39363"
41059,2023-08-01,256,4.34,59,"INE, Viviendas turísticas en España, tabla 39363"
41065,2023-08-01,34,4.86,7,"INE, Viviendas turísticas en España, tabla 39363"
41069,2023-08-01,64,8.0,8,"INE, Viviendas turísticas en España, tabla 39363"
41081,2023-08-01,74,5.29,14,"INE, Viviendas turísticas en España, tabla 39363"
41091,2023-08-01,22622,4.16,5432,"INE, Viviendas turísticas en España, tabla 39363"
41095,2023-08-01,86,5.73,15,"INE, Viviendas turísticas en España, tabla 39363"
42173,2023-08-01,567,5.11,111,"INE, Viviendas turísticas en España, tabla 39363"
43038,2023-08-01,8198,5.73,1431,"INE, Viviendas turísticas en España, tabla 39363"
43123,2023-08-01,615,5.86,105,"INE, Viviendas turísticas en España, tabla 39363"
43148,2023-08-01,3308,4.56,725,"INE, Viviendas turísticas en España, tabla 39363"
43155,2023-08-01,337,5.03,67,"INE, Viviendas turísticas en España, tabla 39363"
43163,2023-08-01,2622,6.08,431,"INE, Viviendas turísticas en España, tabla 39363"
43905,2023-08-01,13842,5.34,2593,"INE, Viviendas turísticas en España, tabla 39363"
44216,2023-08-01,687,5.68,121,"INE, Viviendas turísticas en España, tabla 39363"
45081,2023-08-01,35,2.92,12,"INE, Viviendas turísticas en España, tabla 39363"
45165,2023-08-01,204,4.74,43,"INE, Viviendas turísticas en España, tabla 39363"
45168,2023-08-01,2789,4.61,605,"INE, Viviendas turísticas en España, tabla 39363"
46005,2023-08-01,18,3.6,5,"INE, Viviendas turísticas en España, tabla 39363"
46017,2023-08-01,195,5.57,35,"INE, Viviendas turísticas en España, tabla 39363"
46021,2023-08-01,26,3.25,8,"INE, Viviendas turísticas en España, tabla 39363"
46029,2023-08-01,63,4.5,14,"INE, Viviendas turísticas en España, tabla 39363"
46078,2023-08-01,241,3.95,61,"INE, Viviendas turísticas en España, tabla 39363"
46094,2023-08-01,50,3.13,16,"INE, Viviendas turísticas en España, tabla 39363"
46102,2023-08-01,55,4.58,12,"INE, Viviendas turísticas en España, tabla 39363"
46110,2023-08-01,73,3.48,21,"INE, Viviendas turísticas en España, tabla 39363"
46131,2023-08-01,6932,5.65,1227,"INE, Viviendas turísticas en España, tabla 39363"
46145,2023-08-01,368,4.84,76,"INE, Viviendas turísticas en España, tabla 39363"
46159,2023-08-01,93,4.65,20,"INE, Viviendas turísticas en España, tabla 39363"
46169,2023-08-01,170,4.15,41,"INE, Viviendas turísticas en España, tabla 39363"
46181,2023-08-01,5206,5.29,984,"INE, Viviendas turísticas en España, tabla 39363"
46184,2023-08-01,248,4.77,52,"INE, Viviendas turísticas en España, tabla 39363"
46190,2023-08-01,416,4.38,95,"INE, Viviendas turísticas en España, tabla 39363"
46220,2023-08-01,2546,5.41,471,"INE, Viviendas turísticas en España, tabla 39363"
46235,2023-08-01,1196,5.54,216,"INE, Viviendas turísticas en España, tabla 39363"
46244,2023-08-01,343,5.04,68,"INE, Viviendas turísticas en España, tabla 39363"
46250,2023-08-01,23310,3.96,5892,"INE, Viviendas turísticas en España, tabla 39363"
47186,2023-08-01,911,3.52,259,"INE, Viviendas turísticas en España, tabla 39363"
48013,2023-08-01,228,3.45,66,"INE, Viviendas turísticas en España, tabla 39363"
48015,2023-08-01,46,3.54,13,"INE, Viviendas turísticas en España, tabla 39363"
48020,2023-08-01,4242,3.62,1171,"INE, Viviendas turísticas en España, tabla 39363"
48027,2023-08-01,55,3.93,14,"INE, Viviendas turísticas en España, tabla 39363"
48036,2023-08-01,66,3.3,20,"INE, Viviendas turísticas en España, tabla 39363"
48044,2023-08-01,580,4.26,136,"INE, Viviendas turísticas en España, tabla 39363"
48054,2023-08-01,51,3.64,14,"INE, Viviendas turísticas en España, tabla 39363"
48078,2023-08-01,101,4.04,25,"INE, Viviendas turísticas en España, tabla 39363"
48082,2023-08-01,38,3.8,10,"INE, Viviendas turísticas en España, tabla 39363"
48084,2023-08-01,41,3.42,12,"INE, Viviendas turísticas en España, tabla 39363"
49275,2023-08-01,840,4.77,176,"INE, Viviendas turísticas en España, tabla 39363"
50297,2023-08-01,2938,4.21,698,"INE, Viviendas turísticas en España, tabla 39363"
51001,2023-08-01,182,3.87,47,"INE, Viviendas turísticas en España, tabla 39363"
52001,2023-08-01,218,4.04,54,"INE, Viviendas turísticas en España, tabla 39363"
01059,2024-02-01,598,3.38,177,"INE, Viviendas turísticas en España, tabla 39363"
02003,2024-02-01,902,3.76,240,"INE, Viviendas turísticas en España, tabla 39363"
02009,2024-02-01,79,4.39,18,"INE, Viviendas turísticas en España, tabla 39363"
02037,2024-02-01,76,4.75,16,"INE, Viviendas turísticas en España, tabla 39363"
02081,2024-02-01,165,5.5,30,"INE, Viviendas turísticas en España, tabla 39363"
03009,2024-02-01,325,3.69,88,"INE, Viviendas turísticas en España, tabla 39363"
03014,2024-02-01,14827,4.13,3589,"INE, Viviendas turísticas en España, tabla 39363"
03031,2024-02-01,13455,4.73,2847,"INE, Viviendas turísticas en España, tabla 39363"
03047,2024-02-01,16630,5.4,3081,"INE, Viviendas turísticas en España, tabla 39363"
03050,2024-02-01,6620,5.57,1188,"INE, Viviendas turísticas en España, tabla 39363"
03059,2024-02-01,205,7.07,29,"INE, Viviendas turísticas en España, tabla 39363"
03063,2024-02-01,18574,5.15,3608,"INE, Viviendas turísticas en España, tabla 39363"
03065,2024-02-01,3624,4.77,760,"INE, Viviendas turísticas en España, tabla 39363"
03066,2024-02-01,91,3.79,24,"INE, Viviendas turísticas en España, tabla 39363"
03082,2024-02-01,18259,6.18,2954,"INE, Viviendas turísticas en España, tabla 39363"
03093,2024-02-01,118,4.72,25,"INE, Viviendas turísticas en España, tabla 39363"
03099,2024-02-01,14219,5.26,2701,"INE, Viviendas turísticas en España, tabla 39363"
03104,2024-02-01,100,4.0,25,"INE, Viviendas turísticas en España, tabla 39363"
03121,2024-02-01,8769,5.22,1679,"INE, Viviendas turísticas en España, tabla 39363"
03122,2024-02-01,458,4.92,93,"INE, Viviendas turísticas en España, tabla 39363"
03133,2024-02-01,21022,4.72,4454,"INE, Viviendas turísticas en España, tabla 39363"
03139,2024-02-01,4005,4.56,879,"INE, Viviendas turísticas en España, tabla 39363"
03140,2024-02-01,269,5.72,47,"INE, Viviendas turísticas en España, tabla 39363"
04013,2024-02-01,4029,4.31,935,"INE, Viviendas turísticas en España, tabla 39363"
04066,2024-02-01,4399,4.87,903,"INE, Viviendas turísticas en España, tabla 39363"
04079,2024-02-01,4271,4.39,974,"INE, Viviendas turísticas en España, tabla 39363"
04902,2024-02-01,721,4.59,157,"INE, Viviendas turísticas en España, tabla 39363"
05019,2024-02-01,783,5.08,154,"INE, Viviendas turísticas en España, tabla 39363"
06011,2024-02-01,22,3.14,7,"INE, Viviendas turísticas en España, tabla 39363"
06015,2024-02-01,231,3.4,68,"INE, Viviendas turísticas en España, tabla 39363"
06044,2024-02-01,44,4.89,9,"INE, Viviendas turísticas en España, tabla 39363"
06083,2024-02-01,861,4.22,204,"INE, Viviendas turísticas en España, tabla 39363"
06153,2024-02-01,34,3.4,10,"INE, Viviendas turísticas en España, tabla 39363"
07011,2024-02-01,3465,6.44,538,"INE, Viviendas turísticas en España, tabla 39363"
07015,2024-02-01,7382,5.48,1346,"INE, Viviendas turísticas en España, tabla 39363"
07026,2024-02-01,1896,4.26,445,"INE, Viviendas turísticas en España, tabla 39363"
07027,2024-02-01,1611,6.44,250,"INE, Viviendas turísticas en España, tabla 39363"
07031,2024-02-01,3972,6.53,608,"INE, Viviendas turísticas en España, tabla 39363"
07032,2024-02-01,1087,6.21,175,"INE, Viviendas turísticas en España, tabla 39363"
07033,2024-02-01,5523,6.32,874,"INE, Viviendas turísticas en España, tabla 39363"
07036,2024-02-01,863,6.85,126,"INE, Viviendas turísticas en España, tabla 39363"
07040,2024-02-01,4573,4.47,1023,"INE, Viviendas turísticas en España, tabla 39363"
07054,2024-02-01,7168,6.97,1029,"INE, Viviendas turísticas en España, tabla 39363"
08015,2024-02-01,1002,3.99,251,"INE, Viviendas turísticas en España, tabla 39363"
08019,2024-02-01,38835,4.39,8842,"INE, Viviendas turísticas en España, tabla 39363"
08056,2024-02-01,1234,4.6,268,"INE, Viviendas turísticas en España, tabla 39363"
08073,2024-02-01,363,3.36,108,"INE, Viviendas turísticas en España, tabla 39363"
08077,2024-02-01,156,2.52,62,"INE, Viviendas turísticas en España, tabla 39363"
08089,2024-02-01,447,4.91,91,"INE, Viviendas turísticas en España, tabla 39363"
08096,2024-02-01,100,3.45,29,"INE, Viviendas turísticas en España, tabla 39363"
08101,2024-02-01,3094,3.54,874,"INE, Viviendas turísticas en España, tabla 39363"
08102,2024-02-01,67,3.53,19,"INE, Viviendas turísticas en España, tabla 39363"
08113,2024-02-01,285,3.7,77,"INE, Viviendas turísticas en España, tabla 39363"
08114,2024-02-01,35,2.92,12,"INE, Viviendas turísticas en España, tabla 39363"
08121,2024-02-01,657,4.9,134,"INE, Viviendas turísticas en España, tabla 39363"
08124,2024-02-01,38,4.75,8,"INE, Viviendas turísticas en España, tabla 39363"
08125,2024-02-01,59,3.69,16,"INE, Viviendas turísticas en España, tabla 39363"
08163,2024-02-01,1347,5.12,263,"INE, Viviendas turísticas en España, tabla 39363"
08169,2024-02-01,180,2.81,64,"INE, Viviendas turísticas en España, tabla 39363"
08172,2024-02-01,244,4.52,54,"INE, Viviendas turísticas en España, tabla 39363"
08180,2024-02-01,27,4.5,6,"INE, Viviendas turísticas en España, tabla 39363"
08184,2024-02-01,249,3.83,65,"INE, Viviendas turísticas en España, tabla 39363"
08187,2024-02-01,265,3.27,81,"INE, Viviendas turísticas en España, tabla 39363"
08194,2024-02-01,1076,4.66,231,"INE, Viviendas turísticas en España, tabla 39363"
08196,2024-02-01,15,2.5,6,"INE, Viviendas turísticas en España, tabla 39363"
08200,2024-02-01,89,3.56,25,"INE, Viviendas turísticas en España, tabla 39363"
08205,2024-02-01,428,3.96,108,"INE, Viviendas turísticas en España, tabla 39363"
08211,2024-02-01,53,2.79,19,"INE, Viviendas turísticas en España, tabla 39363"
08217,2024-02-01,54,3.18,17,"INE, Viviendas turísticas en España, tabla 39363"
08231,2024-02-01,1067,7.02,152,"INE, Viviendas turísticas en España, tabla 39363"
08245,2024-02-01,168,3.23,52,"INE, Viviendas turísticas en España, tabla 39363"
08252,2024-02-01,56,4.67,12,"INE, Viviendas turísticas en España, tabla 39363"
08260,2024-02-01,7,3.5,2,"INE, Viviendas turísticas en España, tabla 39363"
08263,2024-02-01,27,3.86,7,"INE, Viviendas turísticas en España, tabla 39363"
08266,2024-02-01,129,3.31,39,"INE, Viviendas turísticas en España, tabla 39363"
08270,2024-02-01,5058,5.17,979,"INE, Viviendas turísticas en España, tabla 39363"
08279,2024-02-01,505,3.46,146,"INE, Viviendas turísticas en España, tabla 39363"
08298,2024-02-01,156,3.8,41,"INE, Viviendas turísticas en España, tabla 39363"
08301,2024-02-01,110,4.58,24,"INE, Viviendas turísticas en España, tabla 39363"
08305,2024-02-01,102,3.92,26,"INE, Viviendas turísticas en España, tabla 39363"
08307,2024-02-01,1037,4.96,209,"INE, Viviendas turísticas en España, tabla 39363"
09018,2024-02-01,291,5.02,58,"INE, Viviendas turísticas en España, tabla 39363"
09059,2024-02-01,1538,4.55,338,"INE, Viviendas turísticas en España, tabla 39363"
09219,2024-02-01,0,,0,"INE, Viviendas turísticas en España, tabla 39363"
10037,2024-02-01,965,4.09,236,"INE, Viviendas turísticas en España, tabla 39363"
10148,2024-02-01,326,4.08,80,"INE, Viviendas turísticas en España, tabla 39363"
11004,2024-02-01,613,4.01,153,"INE, Viviendas turísticas en España, tabla 39363"
11006,2024-02-01,1188,5.14,231,"INE, Viviendas turísticas en España, tabla 39363"
11012,2024-02-01,6999,4.27,1641,"INE, Viviendas turísticas en España, tabla 39363"
11015,2024-02-01,10428,5.83,1789,"INE, Viviendas turísticas en España, tabla 39363"
11020,2024-02-01,3925,4.26,922,"INE, Viviendas turísticas en España, tabla 39363"
11022,2024-02-01,497,4.73,105,"INE, Viviendas turísticas en España, tabla 39363"
11027,2024-02-01,5418,5.29,1025,"INE, Viviendas turísticas en España, tabla 39363"
11028,2024-02-01,496,4.64,107,"INE, Viviendas turísticas en España, tabla 39363"
11030,2024-02-01,2432,5.09,478,"INE, Viviendas turísticas en España, tabla 39363"
11031,2024-02-01,653,4.53,144,"INE, Viviendas turísticas en España, tabla 39363"
11032,2024-02-01,3434,5.11,672,"INE, Viviendas turísticas en España, tabla 39363"
11033,2024-02-01,2960,6.23,475,"INE, Viviendas turísticas en España, tabla 39363"
12009,2024-02-01,125,5.0,25,"INE, Viviendas turísticas en España, tabla 39363"
12027,2024-02-01,1162,4.74,245,"INE, Viviendas turísticas en España, tabla 39363"
12032,2024-02-01,609,5.34,114,"INE, Viviendas turísticas en España, tabla 39363"
12040,2024-02-01,1994,4.22,473,"INE, Viviendas turísticas en España, tabla 39363"
12084,2024-02-01,52,4.73,11,"INE, Viviendas turísticas en España, tabla 39363"
12126,2024-02-01,114,4.96,23,"INE, Viviendas turísticas en España, tabla 39363"
12135,2024-02-01,130,4.33,30,"INE, Viviendas turísticas en España, tabla 39363"
12138,2024-02-01,2747,5.55,495,"INE, Viviendas turísticas en España, tabla 39363"
13005,2024-02-01,119,4.76,25,"INE, Viviendas turísticas en España, tabla 39363"
13034,2024-02-01,322,3.88,83,"INE, Viviendas turísticas en España, tabla 39363"
13071,2024-02-01,97,4.04,24,"INE, Viviendas turísticas en España, tabla 39363"
13082,2024-02-01,126,4.67,27,"INE, Viviendas turísticas en España, tabla 39363"
13087,2024-02-01,143,4.47,32,"INE, Viviendas turísticas en España, tabla 39363"
14021,2024-02-01,8992,4.54,1981,"INE, Viviendas turísticas en España, tabla 39363"
14038,2024-02-01,240,5.11,47,"INE, Viviendas turísticas en España, tabla 39363"
14056,2024-02-01,110,5.0,22,"INE, Viviendas turísticas en España, tabla 39363"
15002,2024-02-01,460,5.17,89,"INE, Viviendas turísticas en España, tabla 39363"
15005,2024-02-01,184,5.58,33,"INE, Viviendas turísticas en España, tabla 39363"
15019,2024-02-01,589,5.77,102,"INE, Viviendas turísticas en España, tabla 39363"
15030,2024-02-01,3522,4.16,847,"INE, Viviendas turísticas en España, tabla 39363"
15031,2024-02-01,128,3.88,33,"INE, Viviendas turísticas en España, tabla 39363"
15036,2024-02-01,1071,4.74,226,"INE, Viviendas turísticas en España, tabla 39363"
15054,2024-02-01,136,5.44,25,"INE, Viviendas turísticas en España, tabla 39363"
15058,2024-02-01,565,4.63,122,"INE, Viviendas turísticas en España, tabla 39363"
15073,2024-02-01,1516,5.16,294,"INE, Viviendas turísticas en España, tabla 39363"
15078,2024-02-01,2760,4.46,619,"INE, Viviendas turísticas en España, tabla 39363"
16078,2024-02-01,1539,4.62,333,"INE, Viviendas turísticas en España, tabla 39363"
17023,2024-02-01,3105,5.54,560,"INE, Viviendas turísticas en España, tabla 39363"
17066,2024-02-01,677,4.4,154,"INE, Viviendas turísticas en España, tabla 39363"
17079,2024-02-01,1997,4.13,484,"INE, Viviendas turísticas en España, tabla 39363"
17095,2024-02-01,10713,6.25,1713,"INE, Viviendas turísticas en España, tabla 39363"
17114,2024-02-01,512,5.02,102,"INE, Viviendas turísticas en España, tabla 39363"
17155,2024-02-01,41,3.73,11,"INE, Viviendas turísticas en España, tabla 39363"
18017,2024-02-01,7331,5.29,1386,"INE, Viviendas turísticas en España, tabla 39363"
18087,2024-02-01,11663,4.45,2622,"INE, Viviendas turísticas en España, tabla 39363"
18140,2024-02-01,1573,5.58,282,"INE, Viviendas turísticas en España, tabla 39363"
19046,2024-02-01,19,2.38,8,"INE, Viviendas turísticas en España, tabla 39363"
19130,2024-02-01,207,4.5,46,"INE, Viviendas turísticas en España, tabla 39363"
20030,2024-02-01,32,3.2,10,"INE, Viviendas turísticas en España, tabla 39363"
20045,2024-02-01,292,4.06,72,"INE, Viviendas turísticas en España, tabla 39363"
20067,2024-02-01,88,3.83,23,"INE, Viviendas turísticas en España, tabla 39363"
20069,2024-02-01,5435,4.12,1318,"INE, Viviendas turísticas en España, tabla 39363"
21041,2024-02-01,654,3.57,183,"INE, Viviendas turísticas en España, tabla 39363"
21044,2024-02-01,1064,5.48,194,"INE, Viviendas turísticas en España, tabla 39363"
22125,2024-02-01,236,3.75,63,"INE, Viviendas turísticas en España, tabla 39363"
23005,2024-02-01,152,4.61,33,"INE, Viviendas turísticas en España, tabla 39363"
23050,2024-02-01,696,3.95,176,"INE, Viviendas turísticas en España, tabla 39363"
23055,2024-02-01,147,3.77,39,"INE, Viviendas turísticas en España, tabla 39363"
23092,2024-02-01,608,4.57,133,"INE, Viviendas turísticas en España, tabla 39363"
24089,2024-02-01,2262,4.5,503,"INE, Viviendas turísticas en España, tabla 39363"
24115,2024-02-01,610,4.59,133,"INE, Viviendas turísticas en España, tabla 39363"
24142,2024-02-01,145,6.59,22,"INE, Viviendas turísticas en España, tabla 39363"
25120,2024-02-01,239,4.43,54,"INE, Viviendas turísticas en España, tabla 39363"
26089,2024-02-01,2418,5.3,456,"INE, Viviendas turísticas en España, tabla 39363"
27028,2024-02-01,920,4.47,206,"INE, Viviendas turísticas en España, tabla 39363"
28005,2024-02-01,873,3.46,252,"INE, Viviendas turísticas en España, tabla 39363"
28006,2024-02-01,309,2.97,104,"INE, Viviendas turísticas en España, tabla 39363"
28007,2024-02-01,184,2.75,67,"INE, Viviendas turísticas en España, tabla 39363"
28013,2024-02-01,386,5.01,77,"INE, Viviendas turísticas en España, tabla 39363"
28014,2024-02-01,59,2.36,25,"INE, Viviendas turísticas en España, tabla 39363"
28022,2024-02-01,78,3.55,22,"INE, Viviendas turísticas en España, tabla 39363"
28045,2024-02-01,76,4.47,17,"INE, Viviendas turísticas en España, tabla 39363"
28047,2024-02-01,111,3.36,33,"INE, Viviendas turísticas en España, tabla 39363"
28049,2024-02-01,157,3.02,52,"INE, Viviendas turísticas en España, tabla 39363"
28058,2024-02-01,42,2.33,18,"INE, Viviendas turísticas en España, tabla 39363"
28061,2024-02-01,149,3.63,41,"INE, Viviendas turísticas en España, tabla 39363"
28065,2024-02-01,271,2.61,104,"INE, Viviendas turísticas en España, tabla 39363"
28074,2024-02-01,145,2.5,58,"INE, Viviendas turísticas en España, tabla 39363"
28079,2024-02-01,55155,3.43,16100,"INE, Viviendas turísticas en España, tabla 39363"
28080,2024-02-01,149,3.55,42,"INE, Viviendas turísticas en España, tabla 39363"
28092,2024-02-01,155,2.28,68,"INE, Viviendas turísticas en España, tabla 39363"
28096,2024-02-01,71,5.92,12,"INE, Viviendas turísticas en España, tabla 39363"
28106,2024-02-01,104,2.0,52,"INE, Viviendas turísticas en España, tabla 39363"
28113,2024-02-01,77,2.85,27,"INE, Viviendas turísticas en España, tabla 39363"
28115,2024-02-01,331,2.85,116,"INE, Viviendas turísticas en España, tabla 39363"
28123,2024-02-01,156,2.74,57,"INE, Viviendas turísticas en España, tabla 39363"
28127,2024-02-01,267,4.31,62,"INE, Viviendas turísticas en España, tabla 39363"
28130,2024-02-01,29,3.63,8,"INE, Viviendas turísticas en España, tabla 39363"
28134,2024-02-01,408,3.4,120,"INE, Viviendas turísticas en España, tabla 39363"
28148,2024-02-01,236,2.57,92,"INE, Viviendas turísticas en España, tabla 39363"
28161,2024-02-01,124,3.18,39,"INE, Viviendas turísticas en España, tabla 39363"
28181,2024-02-01,165,3.51,47,"INE, Viviendas turísticas en España, tabla 39363"
28903,2024-02-01,78,2.44,32,"INE, Viviendas turísticas en España, tabla 39363"
29007,2024-02-01,1722,6.89,250,"INE, Viviendas turísticas en España, tabla 39363"
29015,2024-02-01,690,5.23,132,"INE, Viviendas turísticas en España, tabla 39363"
29025,2024-02-01,15835,4.69,3378,"INE, Viviendas turísticas en España, tabla 39363"
29051,2024-02-01,16679,5.17,3227,"INE, Viviendas turísticas en España, tabla 39363"
29054,2024-02-01,11531,4.8,2403,"INE, Viviendas turísticas en España, tabla 39363"
29067,2024-02-01,29818,4.24,7038,"INE, Viviendas turísticas en España, tabla 39363"
29069,2024-02-01,38910,5.56,6994,"INE, Viviendas turísticas en España, tabla 39363"
29070,2024-02-01,22458,5.31,4229,"INE, Viviendas turísticas en España, tabla 39363"
29082,2024-02-01,3374,5.22,646,"INE, Viviendas turísticas en España, tabla 39363"
29084,2024-02-01,2627,4.65,565,"INE, Viviendas turísticas en España, tabla 39363"
29094,2024-02-01,5238,5.18,1011,"INE, Viviendas turísticas en España, tabla 39363"
29901,2024-02-01,9558,4.11,2324,"INE, Viviendas turísticas en España, tabla 39363"
30003,2024-02-01,2413,5.28,457,"INE, Viviendas turísticas en España, tabla 39363"
30005,2024-02-01,64,4.57,14,"INE, Viviendas turísticas en España, tabla 39363"
30015,2024-02-01,468,5.32,88,"INE, Viviendas turísticas en España, tabla 39363"
30016,2024-02-01,8582,5.17,1660,"INE, Viviendas turísticas en España, tabla 39363"
30019,2024-02-01,73,4.29,17,"INE, Viviendas turísticas en España, tabla 39363"
30022,2024-02-01,75,5.77,13,"INE, Viviendas turísticas en España, tabla 39363"
30024,2024-02-01,488,5.48,89,"INE, Viviendas turísticas en España, tabla 39363"
30026,2024-02-01,3072,5.3,580,"INE, Viviendas turísticas en España, tabla 39363"
30027,2024-02-01,167,4.07,41,"INE, Viviendas turísticas en España, tabla 39363"
30030,2024-02-01,4194,4.26,984,"INE, Viviendas turísticas en España, tabla 39363"
30035,2024-02-01,5707,5.14,1111,"INE, Viviendas turísticas en España, tabla 39363"
30037,2024-02-01,3226,4.81,670,"INE, Viviendas turísticas en España, tabla 39363"
30039,2024-02-01,76,8.44,9,"INE, Viviendas turísticas en España, tabla 39363"
30043,2024-02-01,158,4.51,35,"INE, Viviendas turísticas en España, tabla 39363"
31201,2024-02-01,2661,3.97,670,"INE, Viviendas turísticas en España, tabla 39363"
31232,2024-02-01,443,4.71,94,"INE, Viviendas turísticas en España, tabla 39363"
32054,2024-02-01,1425,4.66,306,"INE, Viviendas turísticas en España, tabla 39363"
33004,2024-02-01,755,4.52,167,"INE, Viviendas turísticas en España, tabla 39363"
33024,2024-02-01,6572,4.61,1427,"INE, Viviendas turísticas en España, tabla 39363"
33031,2024-02-01,129,4.78,27,"INE, Viviendas turísticas en España, tabla 39363"
33037,2024-02-01,184,3.76,49,"INE, Viviendas turísticas en España, tabla 39363"
33044,2024-02-01,3908,4.24,921,"INE, Viviendas turísticas en España, tabla 39363"
33066,2024-02-01,407,5.81,70,"INE, Viviendas turísticas en España, tabla 39363"
34120,2024-02-01,162,3.95,41,"INE, Viviendas turísticas en España, tabla 39363"
35002,2024-02-01,1111,4.21,264,"INE, Viviendas turísticas en España, tabla 39363"
35004,2024-02-01,1968,3.54,556,"INE, Viviendas turísticas en España, tabla 39363"
35006,2024-02-01,614,5.63,109,"INE, Viviendas turísticas en España, tabla 39363"
35011,2024-02-01,588,4.67,126,"INE, Viviendas turísticas en España, tabla 39363"
35014,2024-02-01,15584,4.24,3678,"INE, Viviendas turísticas en España, tabla 39363"
35016,2024-02-01,8937,3.39,2634,"INE, Viviendas turísticas en España, tabla 39363"
35017,2024-02-01,1611,3.89,414,"INE, Viviendas turísticas en España, tabla 39363"
35019,2024-02-01,15046,4.19,3590,"INE, Viviendas turísticas en España, tabla 39363"
35022,2024-02-01,1097,4.09,268,"INE, Viviendas turísticas en España, tabla 39363"
35026,2024-02-01,1727,4.1,421,"INE, Viviendas turísticas en España, tabla 39363"
36008,2024-02-01,1797,5.06,355,"INE, Viviendas turísticas en España, tabla 39363"
36026,2024-02-01,907,5.67,160,"INE, Viviendas turísticas en España, tabla 39363"
36038,2024-02-01,1787,4.86,368,"INE, Viviendas turísticas en España, tabla 39363"
36045,2024-02-01,631,5.3,119,"INE, Viviendas turísticas en España, tabla 39363"
36057,2024-02-01,5465,4.13,1324,"INE, Viviendas turísticas en España, tabla 39363"
36060,2024-02-01,1572,5.17,304,"INE, Viviendas turísticas en España, tabla 39363"
37274,2024-02-01,3149,4.0,787,"INE, Viviendas turísticas en España, tabla 39363"
38001,2024-02-01,18122,4.77,3800,"INE, Viviendas turísticas en España, tabla 39363"
38006,2024-02-01,15913,3.97,4013,"INE, Viviendas turísticas en España, tabla 39363"
38011,2024-02-01,1483,4.1,362,"INE, Viviendas turísticas en España, tabla 39363"
38017,2024-02-01,5084,4.17,1218,"INE, Viviendas turísticas en España, tabla 39363"
38023,2024-02-01,2559,3.68,696,"INE, Viviendas turísticas en España, tabla 39363"
38026,2024-02-01,1504,4.24,355,"INE, Viviendas turísticas en España, tabla 39363"
38028,2024-02-01,3415,3.47,984,"INE, Viviendas turísticas en España, tabla 39363"
38031,2024-02-01,1072,3.7,290,"INE, Viviendas turísticas en España, tabla 39363"
38038,2024-02-01,3714,3.66,1015,"INE, Viviendas turísticas en España, tabla 39363"
39016,2024-02-01,424,4.87,87,"INE, Viviendas turísticas en España, tabla 39363"
39020,2024-02-01,1296,4.66,278,"INE, Viviendas turísticas en España, tabla 39363"
39075,2024-02-01,6032,4.16,1449,"INE, Viviendas turísticas en España, tabla 39363"
39087,2024-02-01,378,4.34,87,"INE, Viviendas turísticas en España, tabla 39363"
40194,2024-02-01,699,5.07,138,"INE, Viviendas turísticas en España, tabla 39363"
41004,2024-02-01,338,5.12,66,"INE, Viviendas turísticas en España, tabla 39363"
41021,2024-02-01,149,4.97,30,"INE, Viviendas turísticas en España, tabla 39363"
41024,2024-02-01,431,4.95,87,"INE, Viviendas turísticas en España, tabla 39363"
41034,2024-02-01,58,4.46,13,"INE, Viviendas turísticas en España, tabla 39363"
41038,2024-02-01,398,4.33,92,"INE, Viviendas turísticas en España, tabla 39363"
41039,2024-02-01,232,3.87,60,"INE, Viviendas turísticas en España, tabla 39363"
41053,2024-02-01,39,3.55,11,"INE, Viviendas turísticas en España, tabla 39363"
41059,2024-02-01,268,3.88,69,"INE, Viviendas turísticas en España, tabla 39363"
41065,2024-02-01,81,9.0,9,"INE, Viviendas turísticas en España, tabla 39363"
41069,2024-02-01,82,6.83,12,"INE, Viviendas turísticas en España, tabla 39363"
41081,2024-02-01,108,5.4,20,"INE, Viviendas turísticas en España, tabla 39363"
41091,2024-02-01,25270,4.09,6171,"INE, Viviendas turísticas en España, tabla 39363"
41095,2024-02-01,98,4.9,20,"INE, Viviendas turísticas en España, tabla 39363"
42173,2024-02-01,575,5.13,112,"INE, Viviendas turísticas en España, tabla 39363"
43038,2024-02-01,7657,5.66,1352,"INE, Viviendas turísticas en España, tabla 39363"
43123,2024-02-01,519,5.3,98,"INE, Viviendas turísticas en España, tabla 39363"
43148,2024-02-01,3317,4.47,742,"INE, Viviendas turísticas en España, tabla 39363"
43155,2024-02-01,283,4.8,59,"INE, Viviendas turísticas en España, tabla 39363"
43163,2024-02-01,2445,6.1,401,"INE, Viviendas turísticas en España, tabla 39363"
43905,2024-02-01,12889,5.35,2407,"INE, Viviendas turísticas en España, tabla 39363"
44216,2024-02-01,709,5.45,130,"INE, Viviendas turísticas en España, tabla 39363"
45081,2024-02-01,35,2.5,14,"INE, Viviendas turísticas en España, tabla 39363"
45165,2024-02-01,220,4.15,53,"INE, Viviendas turísticas en España, tabla 39363"
45168,2024-02-01,3081,4.58,672,"INE, Viviendas turísticas en España, tabla 39363"
46005,2024-02-01,52,3.06,17,"INE, Viviendas turísticas en España, tabla 39363"
46017,2024-02-01,222,5.29,42,"INE, Viviendas turísticas en España, tabla 39363"
46021,2024-02-01,60,3.53,17,"INE, Viviendas turísticas en España, tabla 39363"
46029,2024-02-01,68,4.25,16,"INE, Viviendas turísticas en España, tabla 39363"
46078,2024-02-01,250,2.87,87,"INE, Viviendas turísticas en España, tabla 39363"
46094,2024-02-01,95,3.52,27,"INE, Viviendas turísticas en España, tabla 39363"
46102,2024-02-01,38,2.92,13,"INE, Viviendas turísticas en España, tabla 39363"
46110,2024-02-01,89,2.47,36,"INE, Viviendas turísticas en España, tabla 39363"
46131,2024-02-01,7467,5.47,1365,"INE, Viviendas turísticas en España, tabla 39363"
46145,2024-02-01,421,4.84,87,"INE, Viviendas turísticas en España, tabla 39363"
46159,2024-02-01,143,4.21,34,"INE, Viviendas turísticas en España, tabla 39363"
46169,2024-02-01,266,3.13,85,"INE, Viviendas turísticas en España, tabla 39363"
46181,2024-02-01,4266,5.31,803,"INE, Viviendas turísticas en España, tabla 39363"
46184,2024-02-01,233,4.09,57,"INE, Viviendas turísticas en España, tabla 39363"
46190,2024-02-01,513,3.72,138,"INE, Viviendas turísticas en España, tabla 39363"
46220,2024-02-01,2618,5.17,506,"INE, Viviendas turísticas en España, tabla 39363"
46235,2024-02-01,1210,5.45,222,"INE, Viviendas turísticas en España, tabla 39363"
46244,2024-02-01,423,4.41,96,"INE, Viviendas turísticas en España, tabla 39363"
46250,2024-02-01,25154,3.72,6769,"INE, Viviendas turísticas en España, tabla 39363"
47186,2024-02-01,1101,3.34,330,"INE, Viviendas turísticas en España, tabla 39363"
48013,2024-02-01,255,3.45,74,"INE, Viviendas turísticas en España, tabla 39363"
48015,2024-02-01,47,3.36,14,"INE, Viviendas turísticas en España, tabla 39363"
48020,2024-02-01,4153,3.66,1134,"INE, Viviendas turísticas en España, tabla 39363"
48027,2024-02-01,60,4.0,15,"INE, Viviendas turísticas en España, tabla 39363"
48036,2024-02-01,39,2.6,15,"INE, Viviendas turísticas en España, tabla 39363"
48044,2024-02-01,587,3.99,147,"INE, Viviendas turísticas en España, tabla 39363"
48054,2024-02-01,47,3.13,15,"INE, Viviendas turísticas en España, tabla 39363"
48078,2024-02-01,102,3.92,26,"INE, Viviendas turísticas en España, tabla 39363"
48082,2024-02-01,46,3.83,12,"INE, Viviendas turísticas en España, tabla 39363"
48084,2024-02-01,49,3.06,16,"INE, Viviendas turísticas en España, tabla 39363"
49275,2024-02-01,952,4.74,201,"INE, Viviendas turísticas en España, tabla 39363"
50297,2024-02-01,3665,3.92,934,"INE, Viviendas turísticas en España, tabla 39363"
51001,2024-02-01,153,3.92,39,"INE, Viviendas turísticas en España, tabla 39363"
52001,2024-02-01,165,4.34,38,"INE, Viviendas turísticas en España, tabla 39363"
01059,2024-08-01,727,3.65,199,"INE, Viviendas turísticas en España, tabla 39363"
02003,2024-08-01,1270,4.29,296,"INE, Viviendas turísticas en España, tabla 39363"
02009,2024-08-01,130,4.64,28,"INE, Viviendas turísticas en España, tabla 39363"
02037,2024-08-01,129,5.38,24,"INE, Viviendas turísticas en España, tabla 39363"
02081,2024-08-01,220,5.95,37,"INE, Viviendas turísticas en España, tabla 39363"
03009,2024-08-01,379,3.95,96,"INE, Viviendas turísticas en España, tabla 39363"
03014,2024-08-01,18685,4.33,4320,"INE, Viviendas turísticas en España, tabla 39363"
03031,2024-08-01,14898,4.69,3174,"INE, Viviendas turísticas en España, tabla 39363"
03047,2024-08-01,18724,5.29,3537,"INE, Viviendas turísticas en España, tabla 39363"
03050,2024-08-01,7917,5.58,1420,"INE, Viviendas turísticas en España, tabla 39363"
03059,2024-08-01,218,6.81,32,"INE, Viviendas turísticas en España, tabla 39363"
03063,2024-08-01,21657,5.04,4294,"INE, Viviendas turísticas en España, tabla 39363"
03065,2024-08-01,4411,4.93,895,"INE, Viviendas turísticas en España, tabla 39363"
03066,2024-08-01,145,3.82,38,"INE, Viviendas turísticas en España, tabla 39363"
03082,2024-08-01,21484,6.15,3493,"INE, Viviendas turísticas en España, tabla 39363"
03093,2024-08-01,190,4.63,41,"INE, Viviendas turísticas en España, tabla 39363"
03099,2024-08-01,16252,5.24,3100,"INE, Viviendas turísticas en España, tabla 39363"
03104,2024-08-01,132,4.13,32,"INE, Viviendas turísticas en España, tabla 39363"
03121,2024-08-01,10943,5.18,2113,"INE, Viviendas turísticas en España, tabla 39363"
03122,2024-08-01,692,5.24,132,"INE, Viviendas turísticas en España, tabla 39363"
03133,2024-08-01,25488,4.71,5411,"INE, Viviendas turísticas en España, tabla 39363"
03139,2024-08-01,4862,4.58,1061,"INE, Viviendas turísticas en España, tabla 39363"
03140,2024-08-01,328,5.13,64,"INE, Viviendas turísticas en España, tabla 39363"
04013,2024-08-01,4618,4.39,1052,"INE, Viviendas turísticas en España, tabla 39363"
04066,2024-08-01,4952,4.85,1020,"INE, Viviendas turísticas en España, tabla 39363"
04079,2024-08-01,5000,4.37,1145,"INE, Viviendas turísticas en España, tabla 39363"
04902,2024-08-01,796,4.57,174,"INE, Viviendas turísticas en España, tabla 39363"
05019,2024-08-01,982,5.04,195,"INE, Viviendas turísticas en España, tabla 39363"
06011,2024-08-01,44,3.38,13,"INE, Viviendas turísticas en España, tabla 39363"
06015,2024-08-01,274,3.91,70,"INE, Viviendas turísticas en España, tabla 39363"
06044,2024-08-01,62,4.43,14,"INE, Viviendas turísticas en España, tabla 39363"
06083,2024-08-01,1088,4.28,254,"INE, Viviendas turísticas en España, tabla 39363"
06153,2024-08-01,34,3.4,10,"INE, Viviendas turísticas en España, tabla 39363"
07011,2024-08-01,3293,6.38,516,"INE, Viviendas turísticas en España, tabla 39363"
07015,2024-08-01,7733,5.52,1401,"INE, Viviendas turísticas en España, tabla 39363"
07026,2024-08-01,2805,4.74,592,"INE, Viviendas turísticas en España, tabla 39363"
07027,2024-08-01,1764,6.56,269,"INE, Viviendas turísticas en España, tabla 39363"
07031,2024-08-01,4249,6.52,652,"INE, Viviendas turísticas en España, tabla 39363"
07032,2024-08-01,1187,6.21,191,"INE, Viviendas turísticas en España, tabla 39363"
07033,2024-08-01,6097,6.38,955,"INE, Viviendas turísticas en España, tabla 39363"
07036,2024-08-01,857,7.02,122,"INE, Viviendas turísticas en España, tabla 39363"
07040,2024-08-01,6089,5.2,1172,"INE, Viviendas turísticas en España, tabla 39363"
07054,2024-08-01,8448,7.19,1175,"INE, Viviendas turísticas en España, tabla 39363"
08015,2024-08-01,1314,4.16,316,"INE, Viviendas turísticas en España, tabla 39363"
08019,2024-08-01,45658,4.63,9853,"INE, Viviendas turísticas en España, tabla 39363"
08056,2024-08-01,1420,4.49,316,"INE, Viviendas turísticas en España, tabla 39363"
08073,2024-08-01,433,3.7,117,"INE, Viviendas turísticas en España, tabla 39363"
08077,2024-08-01,149,2.71,55,"INE, Viviendas turísticas en España, tabla 39363"
08089,2024-08-01,483,4.88,99,"INE, Viviendas turísticas en España, tabla 39363"
08096,2024-08-01,111,3.58,31,"INE, Viviendas turísticas en España, tabla 39363"
08101,2024-08-01,3431,3.77,910,"INE, Viviendas turísticas en España, tabla 39363"
08102,2024-08-01,76,3.45,22,"INE, Viviendas turísticas en España, tabla 39363"
08113,2024-08-01,306,3.73,82,"INE, Viviendas turísticas en España, tabla 39363"
08114,2024-08-01,52,3.47,15,"INE, Viviendas turísticas en España, tabla 39363"
08121,2024-08-01,761,4.85,157,"INE, Viviendas turísticas en España, tabla 39363"
08124,2024-08-01,53,4.82,11,"INE, Viviendas turísticas en España, tabla 39363"
08125,2024-08-01,70,3.68,19,"INE, Viviendas turísticas en España, tabla 39363"
08163,2024-08-01,1480,5.03,294,"INE, Viviendas turísticas en España, tabla 39363"
08169,2024-08-01,282,3.32,85,"INE, Viviendas turísticas en España, tabla 39363"
08172,2024-08-01,295,4.34,68,"INE, Viviendas turísticas en España, tabla 39363"
08180,2024-08-01,32,4.57,7,"INE, Viviendas turísticas en España, tabla 39363"
08184,2024-08-01,233,4.02,58,"INE, Viviendas turísticas en España, tabla 39363"
08187,2024-08-01,359,3.55,101,"INE, Viviendas turísticas en España, tabla 39363"
08194,2024-08-01,1293,4.68,276,"INE, Viviendas turísticas en España, tabla 39363"
08196,2024-08-01,15,3.0,5,"INE, Viviendas turísticas en España, tabla 39363"
08200,2024-08-01,147,4.08,36,"INE, Viviendas turísticas en España, tabla 39363"
08205,2024-08-01,439,4.18,105,"INE, Viviendas turísticas en España, tabla 39363"
08211,2024-08-01,50,3.13,16,"INE, Viviendas turísticas en España, tabla 39363"
08217,2024-08-01,50,3.33,15,"INE, Viviendas turísticas en España, tabla 39363"
08231,2024-08-01,1224,6.62,185,"INE, Viviendas turísticas en España, tabla 39363"
08245,2024-08-01,218,3.82,57,"INE, Viviendas turísticas en España, tabla 39363"
08252,2024-08-01,65,5.0,13,"INE, Viviendas turísticas en España, tabla 39363"
08260,2024-08-01,11,3.67,3,"INE, Viviendas turísticas en España, tabla 39363"
08263,2024-08-01,22,4.4,5,"INE, Viviendas turísticas en España, tabla 39363"
08266,2024-08-01,171,3.8,45,"INE, Viviendas turísticas en España, tabla 39363"
08270,2024-08-01,5345,5.21,1025,"INE, Viviendas turísticas en España, tabla 39363"
08279,2024-08-01,659,3.64,181,"INE, Viviendas turísticas en España, tabla 39363"
08298,2024-08-01,188,4.0,47,"INE, Viviendas turísticas en España, tabla 39363"
08301,2024-08-01,136,5.04,27,"INE, Viviendas turísticas en España, tabla 39363"
08305,2024-08-01,124,3.88,32,"INE, Viviendas turísticas en España, tabla 39363"
08307,2024-08-01,1125,5.02,224,"INE, Viviendas turísticas en España, tabla 39363"
09018,2024-08-01,356,4.88,73,"INE, Viviendas turísticas en España, tabla 39363"
09059,2024-08-01,1887,4.63,408,"INE, Viviendas turísticas en España, tabla 39363"
09219,2024-08-01,6,6.0,1,"INE, Viviendas turísticas en España, tabla 39363"
10037,2024-08-01,1148,4.32,266,"INE, Viviendas turísticas en España, tabla 39363"
10148,2024-08-01,402,4.14,97,"INE, Viviendas turísticas en España, tabla 39363"
11004,2024-08-01,743,4.02,185,"INE, Viviendas turísticas en España, tabla 39363"
11006,2024-08-01,1237,5.11,242,"INE, Viviendas turísticas en España, tabla 39363"
11012,2024-08-01,7283,4.27,1706,"INE, Viviendas turísticas en España, tabla 39363"
11015,2024-08-01,12447,5.79,2148,"INE, Viviendas turísticas en España, tabla 39363"
11020,2024-08-01,4385,4.31,1017,"INE, Viviendas turísticas en España, tabla 39363"
11022,2024-08-01,724,4.67,155,"INE, Viviendas turísticas en España, tabla 39363"
11027,2024-08-01,6820,5.39,1265,"INE, Viviendas turísticas en España, tabla 39363"
11028,2024-08-01,696,4.94,141,"INE, Viviendas turísticas en España, tabla 39363"
11030,2024-08-01,2736,5.09,538,"INE, Viviendas turísticas en España, tabla 39363"
11031,2024-08-01,819,4.55,180,"INE, Viviendas turísticas en España, tabla 39363"
11032,2024-08-01,4287,5.04,850,"INE, Viviendas turísticas en España, tabla 39363"
11033,2024-08-01,3544,6.15,576,"INE, Viviendas turísticas en España, tabla 39363"
12009,2024-08-01,264,5.5,48,"INE, Viviendas turísticas en España, tabla 39363"
12027,2024-08-01,1417,4.77,297,"INE, Viviendas turísticas en España, tabla 39363"
12032,2024-08-01,1062,5.53,192,"INE, Viviendas turísticas en España, tabla 39363"
12040,2024-08-01,2737,4.61,594,"INE, Viviendas turísticas en España, tabla 39363"
12084,2024-08-01,49,5.44,9,"INE, Viviendas turísticas en España, tabla 39363"
12126,2024-08-01,128,5.12,25,"INE, Viviendas turísticas en España, tabla 39363"
12135,2024-08-01,229,4.58,50,"INE, Viviendas turísticas en España, tabla 39363"
12138,2024-08-01,3238,5.4,600,"INE, Viviendas turísticas en España, tabla 39363"
13005,2024-08-01,112,5.09,22,"INE, Viviendas turísticas en España, tabla 39363"
13034,2024-08-01,400,4.0,100,"INE, Viviendas turísticas en España, tabla 39363"
13071,2024-08-01,117,4.88,24,"INE, Viviendas turísticas en España, tabla 39363"
13082,2024-08-01,167,4.51,37,"INE, Viviendas turísticas en España, tabla 39363"
13087,2024-08-01,180,4.74,38,"INE, Viviendas turísticas en España, tabla 39363"
14021,2024-08-01,9762,4.59,2128,"INE, Viviendas turísticas en España, tabla 39363"
14038,2024-08-01,253,5.27,48,"INE, Viviendas turísticas en España, tabla 39363"
14056,2024-08-01,121,5.26,23,"INE, Viviendas turísticas en España, tabla 39363"
15002,2024-08-01,507,5.07,100,"INE, Viviendas turísticas en España, tabla 39363"
15005,2024-08-01,214,5.22,41,"INE, Viviendas turísticas en España, tabla 39363"
15019,2024-08-01,677,5.6,121,"INE, Viviendas turísticas en España, tabla 39363"
15030,2024-08-01,4486,4.39,1023,"INE, Viviendas turísticas en España, tabla 39363"
15031,2024-08-01,159,4.3,37,"INE, Viviendas turísticas en España, tabla 39363"
15036,2024-08-01,1451,4.68,310,"INE, Viviendas turísticas en España, tabla 39363"
15054,2024-08-01,160,5.93,27,"INE, Viviendas turísticas en España, tabla 39363"
15058,2024-08-01,751,4.64,162,"INE, Viviendas turísticas en España, tabla 39363"
15073,2024-08-01,1970,5.04,391,"INE, Viviendas turísticas en España, tabla 39363"
15078,2024-08-01,3093,4.68,661,"INE, Viviendas turísticas en España, tabla 39363"
16078,2024-08-01,1562,4.59,340,"INE, Viviendas turísticas en España, tabla 39363"
17023,2024-08-01,3485,5.73,608,"INE, Viviendas turísticas en España, tabla 39363"
17066,2024-08-01,696,4.43,157,"INE, Viviendas turísticas en España, tabla 39363"
17079,2024-08-01,2226,4.2,530,"INE, Viviendas turísticas en España, tabla 39363"
17095,2024-08-01,11455,6.25,1832,"INE, Viviendas turísticas en España, tabla 39363"
17114,2024-08-01,504,4.89,103,"INE, Viviendas turísticas en España, tabla 39363"
17155,2024-08-01,47,4.27,11,"INE, Viviendas turísticas en España, tabla 39363"
18017,2024-08-01,8581,5.3,1619,"INE, Viviendas turísticas en España, tabla 39363"
18087,2024-08-01,13694,4.51,3038,"INE, Viviendas turísticas en España, tabla 39363"
18140,2024-08-01,1803,5.51,327,"INE, Viviendas turísticas en España, tabla 39363"
19046,2024-08-01,23,2.56,9,"INE, Viviendas turísticas en España, tabla 39363"
19130,2024-08-01,242,4.48,54,"INE, Viviendas turísticas en España, tabla 39363"
20030,2024-08-01,37,3.36,11,"INE, Viviendas turísticas en España, tabla 39363"
20045,2024-08-01,373,4.29,87,"INE, Viviendas turísticas en España, tabla 39363"
20067,2024-08-01,118,3.81,31,"INE, Viviendas turísticas en España, tabla 39363"
20069,2024-08-01,6194,4.2,1476,"INE, Viviendas turísticas en España, tabla 39363"
21041,2024-08-01,690,3.65,189,"INE, Viviendas turísticas en España, tabla 39363"
21044,2024-08-01,1239,5.36,231,"INE, Viviendas turísticas en España, tabla 39363"
22125,2024-08-01,258,3.91,66,"INE, Viviendas turísticas en España, tabla 39363"
23005,2024-08-01,206,5.15,40,"INE, Viviendas turísticas en España, tabla 39363"
23050,2024-08-01,803,4.06,198,"INE, Viviendas turísticas en España, tabla 39363"
23055,2024-08-01,155,3.78,41,"INE, Viviendas turísticas en España, tabla 39363"
23092,2024-08-01,652,4.69,139,"INE, Viviendas turísticas en España, tabla 39363"
24089,2024-08-01,2629,4.62,569,"INE, Viviendas turísticas en España, tabla 39363"
24115,2024-08-01,892,4.72,189,"INE, Viviendas turísticas en España, tabla 39363"
24142,2024-08-01,159,6.63,24,"INE, Viviendas turísticas en España, tabla 39363"
25120,2024-08-01,288,4.5,64,"INE, Viviendas turísticas en España, tabla 39363"
26089,2024-08-01,2653,5.36,495,"INE, Viviendas turísticas en España, tabla 39363"
27028,2024-08-01,1132,4.4,257,"INE, Viviendas turísticas en España, tabla 39363"
28005,2024-08-01,902,3.52,256,"INE, Viviendas turísticas en España, tabla 39363"
28006,2024-08-01,379,3.32,114,"INE, Viviendas turísticas en España, tabla 39363"
28007,2024-08-01,231,2.96,78,"INE, Viviendas turísticas en España, tabla 39363"
28013,2024-08-01,413,5.04,82,"INE, Viviendas turísticas en España, tabla 39363"
28014,2024-08-01,86,2.97,29,"INE, Viviendas turísticas en España, tabla 39363"
28022,2024-08-01,142,3.84,37,"INE, Viviendas turísticas en España, tabla 39363"
28045,2024-08-01,75,4.17,18,"INE, Viviendas turísticas en España, tabla 39363"
28047,2024-08-01,119,3.72,32,"INE, Viviendas turísticas en España, tabla 39363"
28049,2024-08-01,200,3.33,60,"INE, Viviendas turísticas en España, tabla 39363"
28058,2024-08-01,92,2.63,35,"INE, Viviendas turísticas en España, tabla 39363"
28061,2024-08-01,175,3.65,48,"INE, Viviendas turísticas en España, tabla 39363"
28065,2024-08-01,331,2.98,111,"INE, Viviendas turísticas en España, tabla 39363"
28074,2024-08-01,181,2.74,66,"INE, Viviendas turísticas en España, tabla 39363"
28079,2024-08-01,67551,3.59,18842,"INE, Viviendas turísticas en España, tabla 39363"
28080,2024-08-01,155,3.6,43,"INE, Viviendas turísticas en España, tabla 39363"
28092,2024-08-01,165,2.43,68,"INE, Viviendas turísticas en España, tabla 39363"
28096,2024-08-01,81,5.79,14,"INE, Viviendas turísticas en España, tabla 39363"
28106,2024-08-01,81,2.31,35,"INE, Viviendas turísticas en España, tabla 39363"
28113,2024-08-01,129,3.31,39,"INE, Viviendas turísticas en España, tabla 39363"
28115,2024-08-01,353,3.1,114,"INE, Viviendas turísticas en España, tabla 39363"
28123,2024-08-01,203,3.22,63,"INE, Viviendas turísticas en España, tabla 39363"
28127,2024-08-01,288,4.11,70,"INE, Viviendas turísticas en España, tabla 39363"
28130,2024-08-01,23,3.29,7,"INE, Viviendas turísticas en España, tabla 39363"
28134,2024-08-01,510,3.67,139,"INE, Viviendas turísticas en España, tabla 39363"
28148,2024-08-01,311,2.75,113,"INE, Viviendas turísticas en España, tabla 39363"
28161,2024-08-01,156,3.25,48,"INE, Viviendas turísticas en España, tabla 39363"
28181,2024-08-01,211,3.77,56,"INE, Viviendas turísticas en España, tabla 39363"
28903,2024-08-01,95,2.79,34,"INE, Viviendas turísticas en España, tabla 39363"
29007,2024-08-01,1947,6.76,288,"INE, Viviendas turísticas en España, tabla 39363"
29015,2024-08-01,816,5.13,159,"INE, Viviendas turísticas en España, tabla 39363"
29025,2024-08-01,18671,4.64,4026,"INE, Viviendas turísticas en España, tabla 39363"
29051,2024-08-01,18589,5.16,3604,"INE, Viviendas turísticas en España, tabla 39363"
29054,2024-08-01,14736,4.74,3108,"INE, Viviendas turísticas en España, tabla 39363"
29067,2024-08-01,36535,4.29,8517,"INE, Viviendas turísticas en España, tabla 39363"
29069,2024-08-01,45536,5.61,8113,"INE, Viviendas turísticas en España, tabla 39363"
29070,2024-08-01,25568,5.28,4847,"INE, Viviendas turísticas en España, tabla 39363"
29082,2024-08-01,3968,5.16,769,"INE, Viviendas turísticas en España, tabla 39363"
29084,2024-08-01,2826,4.67,605,"INE, Viviendas turísticas en España, tabla 39363"
29094,2024-08-01,6026,5.12,1177,"INE, Viviendas turísticas en España, tabla 39363"
29901,2024-08-01,11609,4.08,2845,"INE, Viviendas turísticas en España, tabla 39363"
30003,2024-08-01,2936,5.21,563,"INE, Viviendas turísticas en España, tabla 39363"
30005,2024-08-01,64,4.92,13,"INE, Viviendas turísticas en España, tabla 39363"
30015,2024-08-01,651,5.38,121,"INE, Viviendas turísticas en España, tabla 39363"
30016,2024-08-01,9724,5.19,1873,"INE, Viviendas turísticas en España, tabla 39363"
30019,2024-08-01,114,5.43,21,"INE, Viviendas turísticas en España, tabla 39363"
30022,2024-08-01,105,5.83,18,"INE, Viviendas turísticas en España, tabla 39363"
30024,2024-08-01,604,5.44,111,"INE, Viviendas turísticas en España, tabla 39363"
30026,2024-08-01,3528,5.23,675,"INE, Viviendas turísticas en España, tabla 39363"
30027,2024-08-01,282,5.32,53,"INE, Viviendas turísticas en España, tabla 39363"
30030,2024-08-01,4953,4.44,1115,"INE, Viviendas turísticas en España, tabla 39363"
30035,2024-08-01,7504,5.11,1469,"INE, Viviendas turísticas en España, tabla 39363"
30037,2024-08-01,3656,4.76,768,"INE, Viviendas turísticas en España, tabla 39363"
30039,2024-08-01,89,7.42,12,"INE, Viviendas turísticas en España, tabla 39363"
30043,2024-08-01,208,4.73,44,"INE, Viviendas turísticas en España, tabla 39363"
31201,2024-08-01,3248,4.32,751,"INE, Viviendas turísticas en España, tabla 39363"
31232,2024-08-01,482,4.92,98,"INE, Viviendas turísticas en España, tabla 39363"
32054,2024-08-01,1677,4.78,351,"INE, Viviendas turísticas en España, tabla 39363"
33004,2024-08-01,750,4.55,165,"INE, Viviendas turísticas en España, tabla 39363"
33024,2024-08-01,7983,4.64,1722,"INE, Viviendas turísticas en España, tabla 39363"
33031,2024-08-01,165,4.85,34,"INE, Viviendas turísticas en España, tabla 39363"
33037,2024-08-01,250,3.97,63,"INE, Viviendas turísticas en España, tabla 39363"
33044,2024-08-01,4843,4.41,1098,"INE, Viviendas turísticas en España, tabla 39363"
33066,2024-08-01,451,6.09,74,"INE, Viviendas turísticas en España, tabla 39363"
34120,2024-08-01,188,3.92,48,"INE, Viviendas turísticas en España, tabla 39363"
35002,2024-08-01,1236,4.19,295,"INE, Viviendas turísticas en España, tabla 39363"
35004,2024-08-01,2366,3.8,622,"INE, Viviendas turísticas en España, tabla 39363"
35006,2024-08-01,688,5.59,123,"INE, Viviendas turísticas en España, tabla 39363"
35011,2024-08-01,564,4.21,134,"INE, Viviendas turísticas en España, tabla 39363"
35014,2024-08-01,17292,4.25,4068,"INE, Viviendas turísticas en España, tabla 39363"
35016,2024-08-01,9842,3.47,2839,"INE, Viviendas turísticas en España, tabla 39363"
35017,2024-08-01,1848,4.03,458,"INE, Viviendas turísticas en España, tabla 39363"
35019,2024-08-01,16353,4.19,3903,"INE, Viviendas turísticas en España, tabla 39363"
35022,2024-08-01,1368,4.15,330,"INE, Viviendas turísticas en España, tabla 39363"
35026,2024-08-01,2005,4.06,494,"INE, Viviendas turísticas en España, tabla 39363"
36008,2024-08-01,2382,5.18,460,"INE, Viviendas turísticas en España, tabla 39363"
36026,2024-08-01,1152,5.59,206,"INE, Viviendas turísticas en España, tabla 39363"
36038,2024-08-01,1999,4.83,414,"INE, Viviendas turísticas en España, tabla 39363"
36045,2024-08-01,960,5.82,165,"INE, Viviendas turísticas en España, tabla 39363"
36057,2024-08-01,6890,4.26,1616,"INE, Viviendas turísticas en España, tabla 39363"
36060,2024-08-01,2184,5.18,422,"INE, Viviendas turísticas en España, tabla 39363"
37274,2024-08-01,3551,4.21,843,"INE, Viviendas turísticas en España, tabla 39363"
38001,2024-08-01,20306,4.76,4262,"INE, Viviendas turísticas en España, tabla 39363"
38006,2024-08-01,18020,3.97,4536,"INE, Viviendas turísticas en España, tabla 39363"
38011,2024-08-01,1640,4.09,401,"INE, Viviendas turísticas en España, tabla 39363"
38017,2024-08-01,5711,4.15,1376,"INE, Viviendas turísticas en España, tabla 39363"
38023,2024-08-01,2771,3.75,739,"INE, Viviendas turísticas en España, tabla 39363"
38026,2024-08-01,1731,4.31,402,"INE, Viviendas turísticas en España, tabla 39363"
38028,2024-08-01,3883,3.5,1110,"INE, Viviendas turísticas en España, tabla 39363"
38031,2024-08-01,1145,3.87,296,"INE, Viviendas turísticas en España, tabla 39363"
38038,2024-08-01,3869,3.69,1049,"INE, Viviendas turísticas en España, tabla 39363"
39016,2024-08-01,582,5.11,114,"INE, Viviendas turísticas en España, tabla 39363"
39020,2024-08-01,1624,4.68,347,"INE, Viviendas turísticas en España, tabla 39363"
39075,2024-08-01,7991,4.21,1896,"INE, Viviendas turísticas en España, tabla 39363"
39087,2024-08-01,504,4.27,118,"INE, Viviendas turísticas en España, tabla 39363"
40194,2024-08-01,886,5.18,171,"INE, Viviendas turísticas en España, tabla 39363"
41004,2024-08-01,342,4.96,69,"INE, Viviendas turísticas en España, tabla 39363"
41021,2024-08-01,158,5.1,31,"INE, Viviendas turísticas en España, tabla 39363"
41024,2024-08-01,495,5.0,99,"INE, Viviendas turísticas en España, tabla 39363"
41034,2024-08-01,62,5.17,12,"INE, Viviendas turísticas en España, tabla 39363"
41038,2024-08-01,499,4.34,115,"INE, Viviendas turísticas en España, tabla 39363"
41039,2024-08-01,289,4.59,63,"INE, Viviendas turísticas en España, tabla 39363"
41053,2024-08-01,51,4.25,12,"INE, Viviendas turísticas en España, tabla 39363"
41059,2024-08-01,402,4.14,97,"INE, Viviendas turísticas en España, tabla 39363"
41065,2024-08-01,73,8.11,9,"INE, Viviendas turísticas en España, tabla 39363"
41069,2024-08-01,86,7.17,12,"INE, Viviendas turísticas en España, tabla 39363"
41081,2024-08-01,126,5.25,24,"INE, Viviendas turísticas en España, tabla 39363"
41091,2024-08-01,28537,4.27,6677,"INE, Viviendas turísticas en España, tabla 39363"
41095,2024-08-01,132,5.28,25,"INE, Viviendas turísticas en España, tabla 39363"
42173,2024-08-01,812,5.11,159,"INE, Viviendas turísticas en España, tabla 39363"
43038,2024-08-01,8233,5.72,1440,"INE, Viviendas turísticas en España, tabla 39363"
43123,2024-08-01,612,5.67,108,"INE, Viviendas turísticas en España, tabla 39363"
43148,2024-08-01,3713,4.66,796,"INE, Viviendas turísticas en España, tabla 39363"
43155,2024-08-01,405,5.06,80,"INE, Viviendas turísticas en España, tabla 39363"
43163,2024-08-01,2667,6.15,434,"INE, Viviendas turísticas en España, tabla 39363"
43905,2024-08-01,14361,5.3,2708,"INE, Viviendas turísticas en España, tabla 39363"
44216,2024-08-01,793,5.66,140,"INE, Viviendas turísticas en España, tabla 39363"
45081,2024-08-01,56,2.95,19,"INE, Viviendas turísticas en España, tabla 39363"
45165,2024-08-01,267,4.31,62,"INE, Viviendas turísticas en España, tabla 39363"
45168,2024-08-01,3329,4.63,719,"INE, Viviendas turísticas en España, tabla 39363"
46005,2024-08-01,72,3.43,21,"INE, Viviendas turísticas en España, tabla 39363"
46017,2024-08-01,306,5.28,58,"INE, Viviendas turísticas en España, tabla 39363"
46021,2024-08-01,65,4.06,16,"INE, Viviendas turísticas en España, tabla 39363"
46029,2024-08-01,62,4.43,14,"INE, Viviendas turísticas en España, tabla 39363"
46078,2024-08-01,430,3.71,116,"INE, Viviendas turísticas en España, tabla 39363"
46094,2024-08-01,167,4.51,37,"INE, Viviendas turísticas en España, tabla 39363"
46102,2024-08-01,101,4.04,25,"INE, Viviendas turísticas en España, tabla 39363"
46110,2024-08-01,106,3.12,34,"INE, Viviendas turísticas en España, tabla 39363"
46131,2024-08-01,9425,5.52,1708,"INE, Viviendas turísticas en España, tabla 39363"
46145,2024-08-01,429,4.71,91,"INE, Viviendas turísticas en España, tabla 39363"
46159,2024-08-01,170,4.15,41,"INE, Viviendas turísticas en España, tabla 39363"
46169,2024-08-01,400,3.67,109,"INE, Viviendas turísticas en España, tabla 39363"
46181,2024-08-01,6017,5.21,1154,"INE, Viviendas turísticas en España, tabla 39363"
46184,2024-08-01,290,3.92,74,"INE, Viviendas turísticas en España, tabla 39363"
46190,2024-08-01,640,3.98,161,"INE, Viviendas turísticas en España, tabla 39363"
46220,2024-08-01,3342,5.25,637,"INE, Viviendas turísticas en España, tabla 39363"
46235,2024-08-01,1590,5.46,291,"INE, Viviendas turísticas en España, tabla 39363"
46244,2024-08-01,518,4.67,111,"INE, Viviendas turísticas en España, tabla 39363"
46250,2024-08-01,31876,4.0,7976,"INE, Viviendas turísticas en España, tabla 39363"
47186,2024-08-01,1223,3.53,346,"INE, Viviendas turísticas en España, tabla 39363"
48013,2024-08-01,301,3.58,84,"INE, Viviendas turísticas en España, tabla 39363"
48015,2024-08-01,64,3.37,19,"INE, Viviendas turísticas en España, tabla 39363"
48020,2024-08-01,4949,3.89,1272,"INE, Viviendas turísticas en España, tabla 39363"
48027,2024-08-01,65,4.33,15,"INE, Viviendas turísticas en España, tabla 39363"
48036,2024-08-01,52,3.06,17,"INE, Viviendas turísticas en España, tabla 39363"
48044,2024-08-01,680,4.05,168,"INE, Viviendas turísticas en España, tabla 39363"
48054,2024-08-01,72,4.24,17,"INE, Viviendas turísticas en España, tabla 39363"
48078,2024-08-01,122,4.07,30,"INE, Viviendas turísticas en España, tabla 39363"
48082,2024-08-01,68,4.0,17,"INE, Viviendas turísticas en España, tabla 39363"
48084,2024-08-01,59,3.28,18,"INE, Viviendas turísticas en España, tabla 39363"
49275,2024-08-01,1065,4.67,228,"INE, Viviendas turísticas en España, tabla 39363"
50297,2024-08-01,4195,4.21,997,"INE, Viviendas turísticas en España, tabla 39363"
51001,2024-08-01,205,3.8,54,"INE, Viviendas turísticas en España, tabla 39363"
52001,2024-08-01,249,4.37,57,"INE, Viviendas turísticas en España, tabla 39363"
01059,2024-11-01,641,3.56,180,"INE, Viviendas turísticas en España, tabla 39363"
02003,2024-11-01,1305,4.14,315,"INE, Viviendas turísticas en España, tabla 39363"
02009,2024-11-01,130,4.48,29,"INE, Viviendas turísticas en España, tabla 39363"
02037,2024-11-01,134,5.36,25,"INE, Viviendas turísticas en España, tabla 39363"
02081,2024-11-01,188,5.37,35,"INE, Viviendas turísticas en España, tabla 39363"
03009,2024-11-01,391,3.91,100,"INE, Viviendas turísticas en España, tabla 39363"
03014,2024-11-01,17227,4.31,3999,"INE, Viviendas turísticas en España, tabla 39363"
03031,2024-11-01,13988,4.7,2974,"INE, Viviendas turísticas en España, tabla 39363"
03047,2024-11-01,16625,5.36,3102,"INE, Viviendas turísticas en España, tabla 39363"
03050,2024-11-01,7252,5.5,1318,"INE, Viviendas turísticas en España, tabla 39363"
03059,2024-11-01,151,6.29,24,"INE, Viviendas turísticas en España, tabla 39363"
03063,2024-11-01,18843,5.09,3699,"INE, Viviendas turísticas en España, tabla 39363"
03065,2024-11-01,4093,4.93,831,"INE, Viviendas turísticas en España, tabla 39363"
03066,2024-11-01,121,4.03,30,"INE, Viviendas turísticas en España, tabla 39363"
03082,2024-11-01,19841,6.19,3203,"INE, Viviendas turísticas en España, tabla 39363"
03093,2024-11-01,175,4.73,37,"INE, Viviendas turísticas en España, tabla 39363"
03099,2024-11-01,16176,5.24,3085,"INE, Viviendas turísticas en España, tabla 39363"
03104,2024-11-01,128,4.27,30,"INE, Viviendas turísticas en España, tabla 39363"
03121,2024-11-01,10194,5.18,1968,"INE, Viviendas turísticas en España, tabla 39363"
03122,2024-11-01,492,5.23,94,"INE, Viviendas turísticas en España, tabla 39363"
03133,2024-11-01,24234,4.71,5140,"INE, Viviendas turísticas en España, tabla 39363"
03139,2024-11-01,4510,4.56,988,"INE, Viviendas turísticas en España, tabla 39363"
03140,2024-11-01,299,5.34,56,"INE, Viviendas turísticas en España, tabla 39363"
04013,2024-11-01,4249,4.44,957,"INE, Viviendas turísticas en España, tabla 39363"
04066,2024-11-01,4769,4.84,986,"INE, Viviendas turísticas en España, tabla 39363"
04079,2024-11-01,4653,4.46,1044,"INE, Viviendas turísticas en España, tabla 39363"
04902,2024-11-01,795,4.62,172,"INE, Viviendas turísticas en España, tabla 39363"
05019,2024-11-01,945,5.25,180,"INE, Viviendas turísticas en España, tabla 39363"
06011,2024-11-01,50,3.57,14,"INE, Viviendas turísticas en España, tabla 39363"
06015,2024-11-01,241,3.83,63,"INE, Viviendas turísticas en España, tabla 39363"
06044,2024-11-01,52,4.73,11,"INE, Viviendas turísticas en España, tabla 39363"
06083,2024-11-01,1053,4.11,256,"INE, Viviendas turísticas en España, tabla 39363"
06153,2024-11-01,40,4.0,10,"INE, Viviendas turísticas en España, tabla 39363"
07011,2024-11-01,3030,6.49,467,"INE, Viviendas turísticas en España, tabla 39363"
07015,2024-11-01,6201,5.7,1087,"INE, Viviendas turísticas en España, tabla 39363"
07026,2024-11-01,1758,4.75,370,"INE, Viviendas turísticas en España, tabla 39363"
07027,2024-11-01,1736,6.58,264,"INE, Viviendas turísticas en España, tabla 39363"
07031,2024-11-01,4079,6.69,610,"INE, Viviendas turísticas en España, tabla 39363"
07032,2024-11-01,1020,6.34,161,"INE, Viviendas turísticas en España, tabla 39363"
07033,2024-11-01,5718,6.45,886,"INE, Viviendas turísticas en España, tabla 39363"
07036,2024-11-01,801,7.09,113,"INE, Viviendas turísticas en España, tabla 39363"
07040,2024-11-01,5438,5.41,1006,"INE, Viviendas turísticas en España, tabla 39363"
07054,2024-11-01,7439,7.35,1012,"INE, Viviendas turísticas en España, tabla 39363"
08015,2024-11-01,1345,4.28,314,"INE, Viviendas turísticas en España, tabla 39363"
08019,2024-11-01,45597,4.68,9750,"INE, Viviendas turísticas en España, tabla 39363"
08056,2024-11-01,1294,4.52,286,"INE, Viviendas turísticas en España, tabla 39363"
08073,2024-11-01,466,3.76,124,"INE, Viviendas turísticas en España, tabla 39363"
08077,2024-11-01,161,2.82,57,"INE, Viviendas turísticas en España, tabla 39363"
08089,2024-11-01,439,4.67,94,"INE, Viviendas turísticas en España, tabla 39363"
08096,2024-11-01,133,4.03,33,"INE, Viviendas turísticas en España, tabla 39363"
08101,2024-11-01,3378,3.8,890,"INE, Viviendas turísticas en España, tabla 39363"
08102,2024-11-01,63,3.5,18,"INE, Viviendas turísticas en España, tabla 39363"
08113,2024-11-01,299,3.69,81,"INE, Viviendas turísticas en España, tabla 39363"
08114,2024-11-01,50,3.33,15,"INE, Viviendas turísticas en España, tabla 39363"
08121,2024-11-01,768,5.02,153,"INE, Viviendas turísticas en España, tabla 39363"
08124,2024-11-01,47,3.92,12,"INE, Viviendas turísticas en España, tabla 39363"
08125,2024-11-01,59,3.47,17,"INE, Viviendas turísticas en España, tabla 39363"
08163,2024-11-01,1232,5.24,235,"INE, Viviendas turísticas en España, tabla 39363"
08169,2024-11-01,323,3.23,100,"INE, Viviendas turísticas en España, tabla 39363"
08172,2024-11-01,267,4.53,59,"INE, Viviendas turísticas en España, tabla 39363"
08180,2024-11-01,28,4.67,6,"INE, Viviendas turísticas en España, tabla 39363"
08184,2024-11-01,229,4.49,51,"INE, Viviendas turísticas en España, tabla 39363"
08187,2024-11-01,332,3.46,96,"INE, Viviendas turísticas en España, tabla 39363"
08194,2024-11-01,1326,4.64,286,"INE, Viviendas turísticas en España, tabla 39363"
08196,2024-11-01,13,3.25,4,"INE, Viviendas turísticas en España, tabla 39363"
08200,2024-11-01,122,4.07,30,"INE, Viviendas turísticas en España, tabla 39363"
08205,2024-11-01,447,4.22,106,"INE, Viviendas turísticas en España, tabla 39363"
08211,2024-11-01,50,3.13,16,"INE, Viviendas turísticas en España, tabla 39363"
08217,2024-11-01,51,3.4,15,"INE, Viviendas turísticas en España, tabla 39363"
08231,2024-11-01,1197,6.47,185,"INE, Viviendas turísticas en España, tabla 39363"
08245,2024-11-01,272,4.32,63,"INE, Viviendas turísticas en España, tabla 39363"
08252,2024-11-01,71,5.07,14,"INE, Viviendas turísticas en España, tabla 39363"
08260,2024-11-01,7,3.5,2,"INE, Viviendas turísticas en España, tabla 39363"
08263,2024-11-01,22,4.4,5,"INE, Viviendas turísticas en España, tabla 39363"
08266,2024-11-01,168,3.82,44,"INE, Viviendas turísticas en España, tabla 39363"
08270,2024-11-01,5034,5.3,950,"INE, Viviendas turísticas en España, tabla 39363"
08279,2024-11-01,669,3.72,180,"INE, Viviendas turísticas en España, tabla 39363"
08298,2024-11-01,206,4.12,50,"INE, Viviendas turísticas en España, tabla 39363"
08301,2024-11-01,127,4.88,26,"INE, Viviendas turísticas en España, tabla 39363"
08305,2024-11-01,113,3.65,31,"INE, Viviendas turísticas en España, tabla 39363"
08307,2024-11-01,1137,5.12,222,"INE, Viviendas turísticas en España, tabla 39363"
09018,2024-11-01,315,5.0,63,"INE, Viviendas turísticas en España, tabla 39363"
09059,2024-11-01,1796,4.65,386,"INE, Viviendas turísticas en España, tabla 39363"
09219,2024-11-01,6,6.0,1,"INE, Viviendas turísticas en España, tabla 39363"
10037,2024-11-01,1186,4.33,274,"INE, Viviendas turísticas en España, tabla 39363"
10148,2024-11-01,385,4.14,93,"INE, Viviendas turísticas en España, tabla 39363"
11004,2024-11-01,701,4.12,170,"INE, Viviendas turísticas en España, tabla 39363"
11006,2024-11-01,1197,5.05,237,"INE, Viviendas turísticas en España, tabla 39363"
11012,2024-11-01,6274,4.29,1463,"INE, Viviendas turísticas en España, tabla 39363"
11015,2024-11-01,10350,5.79,1788,"INE, Viviendas turísticas en España, tabla 39363"
11020,2024-11-01,4231,4.29,987,"INE, Viviendas turísticas en España, tabla 39363"
11022,2024-11-01,646,4.89,132,"INE, Viviendas turísticas en España, tabla 39363"
11027,2024-11-01,5841,5.43,1076,"INE, Viviendas turísticas en España, tabla 39363"
11028,2024-11-01,556,4.75,117,"INE, Viviendas turísticas en España, tabla 39363"
11030,2024-11-01,2458,5.05,487,"INE, Viviendas turísticas en España, tabla 39363"
11031,2024-11-01,738,4.56,162,"INE, Viviendas turísticas en España, tabla 39363"
11032,2024-11-01,3878,5.0,776,"INE, Viviendas turísticas en España, tabla 39363"
11033,2024-11-01,3377,6.1,554,"INE, Viviendas turísticas en España, tabla 39363"
12009,2024-11-01,153,5.28,29,"INE, Viviendas turísticas en España, tabla 39363"
12027,2024-11-01,1182,4.93,240,"INE, Viviendas turísticas en España, tabla 39363"
12032,2024-11-01,633,5.46,116,"INE, Viviendas turísticas en España, tabla 39363"
12040,2024-11-01,2343,4.69,500,"INE, Viviendas turísticas en España, tabla 39363"
12084,2024-11-01,56,5.6,10,"INE, Viviendas turísticas en España, tabla 39363"
12126,2024-11-01,119,5.17,23,"INE, Viviendas turísticas en España, tabla 39363"
12135,2024-11-01,223,4.46,50,"INE, Viviendas turísticas en España, tabla 39363"
12138,2024-11-01,2956,5.42,545,"INE, Viviendas turísticas en España, tabla 39363"
13005,2024-11-01,108,4.5,24,"INE, Viviendas turísticas en España, tabla 39363"
13034,2024-11-01,356,3.91,91,"INE, Viviendas turísticas en España, tabla 39363"
13071,2024-11-01,138,4.93,28,"INE, Viviendas turísticas en España, tabla 39363"
13082,2024-11-01,158,4.79,33,"INE, Viviendas turísticas en España, tabla 39363"
13087,2024-11-01,193,4.83,40,"INE, Viviendas turísticas en España, tabla 39363"
14021,2024-11-01,10377,4.71,2202,"INE, Viviendas turísticas en España, tabla 39363"
14038,2024-11-01,258,5.49,47,"INE, Viviendas turísticas en España, tabla 39363"
14056,2024-11-01,122,5.08,24,"INE, Viviendas turísticas en España, tabla 39363"
15002,2024-11-01,496,5.01,99,"INE, Viviendas turísticas en España, tabla 39363"
15005,2024-11-01,224,5.33,42,"INE, Viviendas turísticas en España, tabla 39363"
15019,2024-11-01,619,5.79,107,"INE, Viviendas turísticas en España, tabla 39363"
15030,2024-11-01,3436,4.3,800,"INE, Viviendas turísticas en España, tabla 39363"
15031,2024-11-01,150,4.17,36,"INE, Viviendas turísticas en España, tabla 39363"
15036,2024-11-01,1323,4.73,280,"INE, Viviendas turísticas en España, tabla 39363"
15054,2024-11-01,155,5.96,26,"INE, Viviendas turísticas en España, tabla 39363"
15058,2024-11-01,601,5.05,119,"INE, Viviendas turísticas en España, tabla 39363"
15073,2024-11-01,1741,5.14,339,"INE, Viviendas turísticas en España, tabla 39363"
15078,2024-11-01,2343,4.73,495,"INE, Viviendas turísticas en España, tabla 39363"
16078,2024-11-01,1476,4.7,314,"INE, Viviendas turísticas en España, tabla 39363"
17023,2024-11-01,3167,5.77,549,"INE, Viviendas turísticas en España, tabla 39363"
17066,2024-11-01,672,4.45,151,"INE, Viviendas turísticas en España, tabla 39363"
17079,2024-11-01,2167,4.24,511,"INE, Viviendas turísticas en España, tabla 39363"
17095,2024-11-01,10194,6.29,1620,"INE, Viviendas turísticas en España, tabla 39363"
17114,2024-11-01,540,5.29,102,"INE, Viviendas turísticas en España, tabla 39363"
17155,2024-11-01,45,5.63,8,"INE, Viviendas turísticas en España, tabla 39363"
18017,2024-11-01,8328,5.25,1586,"INE, Viviendas turísticas en España, tabla 39363"
18087,2024-11-01,13920,4.55,3059,"INE, Viviendas turísticas en España, tabla 39363"
18140,2024-11-01,1801,5.44,331,"INE, Viviendas turísticas en España, tabla 39363"
19046,2024-11-01,38,3.17,12,"INE, Viviendas turísticas en España, tabla 39363"
19130,2024-11-01,295,5.18,57,"INE, Viviendas turísticas en España, tabla 39363"
20030,2024-11-01,32,3.56,9,"INE, Viviendas turísticas en España, tabla 39363"
20045,2024-11-01,356,4.68,76,"INE, Viviendas turísticas en España, tabla 39363"
20067,2024-11-01,102,3.78,27,"INE, Viviendas turísticas en España, tabla 39363"
20069,2024-11-01,5769,4.21,1370,"INE, Viviendas turísticas en España, tabla 39363"
21041,2024-11-01,676,3.73,181,"INE, Viviendas turísticas en España, tabla 39363"
21044,2024-11-01,1117,5.37,208,"INE, Viviendas turísticas en España, tabla 39363"
22125,2024-11-01,299,4.21,71,"INE, Viviendas turísticas en España, tabla 39363"
23005,2024-11-01,180,4.74,38,"INE, Viviendas turísticas en España, tabla 39363"
23050,2024-11-01,821,3.97,207,"INE, Viviendas turísticas en España, tabla 39363"
23055,2024-11-01,187,4.07,46,"INE, Viviendas turísticas en España, tabla 39363"
23092,2024-11-01,697,4.53,154,"INE, Viviendas turísticas en España, tabla 39363"
24089,2024-11-01,2554,4.6,555,"INE, Viviendas turísticas en España, tabla 39363"
24115,2024-11-01,831,4.75,175,"INE, Viviendas turísticas en España, tabla 39363"
24142,2024-11-01,143,5.96,24,"INE, Viviendas turísticas en España, tabla 39363"
25120,2024-11-01,261,4.5,58,"INE, Viviendas turísticas en España, tabla 39363"
26089,2024-11-01,2745,5.47,502,"INE, Viviendas turísticas en España, tabla 39363"
27028,2024-11-01,1031,4.5,229,"INE, Viviendas turísticas en España, tabla 39363"
28005,2024-11-01,920,3.61,255,"INE, Viviendas turísticas en España, tabla 39363"
28006,2024-11-01,339,3.42,99,"INE, Viviendas turísticas en España, tabla 39363"
28007,2024-11-01,217,2.97,73,"INE, Viviendas turísticas en España, tabla 39363"
28013,2024-11-01,397,5.09,78,"INE, Viviendas turísticas en España, tabla 39363"
28014,2024-11-01,82,3.15,26,"INE, Viviendas turísticas en España, tabla 39363"
28022,2024-11-01,148,3.7,40,"INE, Viviendas turísticas en España, tabla 39363"
28045,2024-11-01,84,4.67,18,"INE, Viviendas turísticas en España, tabla 39363"
28047,2024-11-01,119,3.5,34,"INE, Viviendas turísticas en España, tabla 39363"
28049,2024-11-01,157,3.2,49,"INE, Viviendas turísticas en España, tabla 39363"
28058,2024-11-01,80,2.67,30,"INE, Viviendas turísticas en España, tabla 39363"
28061,2024-11-01,178,3.71,48,"INE, Viviendas turísticas en España, tabla 39363"
28065,2024-11-01,291,2.77,105,"INE, Viviendas turísticas en España, tabla 39363"
28074,2024-11-01,168,2.9,58,"INE, Viviendas turísticas en España, tabla 39363"
28079,2024-11-01,62861,3.64,17274,"INE, Viviendas turísticas en España, tabla 39363"
28080,2024-11-01,166,3.61,46,"INE, Viviendas turísticas en España, tabla 39363"
28092,2024-11-01,193,2.76,70,"INE, Viviendas turísticas en España, tabla 39363"
28096,2024-11-01,75,5.77,13,"INE, Viviendas turísticas en España, tabla 39363"
28106,2024-11-01,87,2.35,37,"INE, Viviendas turísticas en España, tabla 39363"
28113,2024-11-01,113,3.23,35,"INE, Viviendas turísticas en España, tabla 39363"
28115,2024-11-01,371,3.23,115,"INE, Viviendas turísticas en España, tabla 39363"
28123,2024-11-01,208,3.41,61,"INE, Viviendas turísticas en España, tabla 39363"
28127,2024-11-01,305,4.07,75,"INE, Viviendas turísticas en España, tabla 39363"
28130,2024-11-01,16,3.2,5,"INE, Viviendas turísticas en España, tabla 39363"
28134,2024-11-01,487,3.66,133,"INE, Viviendas turísticas en España, tabla 39363"
28148,2024-11-01,309,2.89,107,"INE, Viviendas turísticas en España, tabla 39363"
28161,2024-11-01,122,3.39,36,"INE, Viviendas turísticas en España, tabla 39363"
28181,2024-11-01,194,3.73,52,"INE, Viviendas turísticas en España, tabla 39363"
28903,2024-11-01,94,2.85,33,"INE, Viviendas turísticas en España, tabla 39363"
29007,2024-11-01,1775,6.77,262,"INE, Viviendas turísticas en España, tabla 39363"
29015,2024-11-01,753,5.3,142,"INE, Viviendas turísticas en España, tabla 39363"
29025,2024-11-01,17242,4.64,3715,"INE, Viviendas turísticas en España, tabla 39363"
29051,2024-11-01,17395,5.15,3375,"INE, Viviendas turísticas en España, tabla 39363"
29054,2024-11-01,14057,4.71,2984,"INE, Viviendas turísticas en España, tabla 39363"
29067,2024-11-01,35119,4.28,8197,"INE, Viviendas turísticas en España, tabla 39363"
29069,2024-11-01,42280,5.6,7548,"INE, Viviendas turísticas en España, tabla 39363"
29070,2024-11-01,24553,5.28,4649,"INE, Viviendas turísticas en España, tabla 39363"
29082,2024-11-01,3860,5.28,731,"INE, Viviendas turísticas en España, tabla 39363"
29084,2024-11-01,2841,4.7,605,"INE, Viviendas turísticas en España, tabla 39363"
29094,2024-11-01,5548,5.16,1076,"INE, Viviendas turísticas en España, tabla 39363"
29901,2024-11-01,11142,4.11,2714,"INE, Viviendas turísticas en España, tabla 39363"
30003,2024-11-01,2867,5.19,552,"INE, Viviendas turísticas en España, tabla 39363"
30005,2024-11-01,73,4.87,15,"INE, Viviendas turísticas en España, tabla 39363"
30015,2024-11-01,636,5.48,116,"INE, Viviendas turísticas en España, tabla 39363"
30016,2024-11-01,9455,5.21,1816,"INE, Viviendas turísticas en España, tabla 39363"
30019,2024-11-01,101,5.32,19,"INE, Viviendas turísticas en España, tabla 39363"
30022,2024-11-01,99,5.5,18,"INE, Viviendas turísticas en España, tabla 39363"
30024,2024-11-01,666,5.46,122,"INE, Viviendas turísticas en España, tabla 39363"
30026,2024-11-01,3386,5.23,648,"INE, Viviendas turísticas en España, tabla 39363"
30027,2024-11-01,280,4.91,57,"INE, Viviendas turísticas en España, tabla 39363"
30030,2024-11-01,4795,4.47,1072,"INE, Viviendas turísticas en España, tabla 39363"
30035,2024-11-01,7086,5.09,1392,"INE, Viviendas turísticas en España, tabla 39363"
30037,2024-11-01,3677,4.78,769,"INE, Viviendas turísticas en España, tabla 39363"
30039,2024-11-01,99,7.62,13,"INE, Viviendas turísticas en España, tabla 39363"
30043,2024-11-01,197,4.93,40,"INE, Viviendas turísticas en España, tabla 39363"
31201,2024-11-01,3062,4.33,707,"INE, Viviendas turísticas en España, tabla 39363"
31232,2024-11-01,438,4.71,93,"INE, Viviendas turísticas en España, tabla 39363"
32054,2024-11-01,1595,4.82,331,"INE, Viviendas turísticas en España, tabla 39363"
33004,2024-11-01,672,4.6,146,"INE, Viviendas turísticas en España, tabla 39363"
33024,2024-11-01,7103,4.7,1511,"INE, Viviendas turísticas en España, tabla 39363"
33031,2024-11-01,112,5.09,22,"INE, Viviendas turísticas en España, tabla 39363"
33037,2024-11-01,252,4.13,61,"INE, Viviendas turísticas en España, tabla 39363"
33044,2024-11-01,4342,4.44,979,"INE, Viviendas turísticas en España, tabla 39363"
33066,2024-11-01,472,5.97,79,"INE, Viviendas turísticas en España, tabla 39363"
34120,2024-11-01,185,3.94,47,"INE, Viviendas turísticas en España, tabla 39363"
35002,2024-11-01,1204,4.22,285,"INE, Viviendas turísticas en España, tabla 39363"
35004,2024-11-01,2294,3.77,608,"INE, Viviendas turísticas en España, tabla 39363"
35006,2024-11-01,692,5.41,128,"INE, Viviendas turísticas en España, tabla 39363"
35011,2024-11-01,613,4.29,143,"INE, Viviendas turísticas en España, tabla 39363"
35014,2024-11-01,17112,4.28,4001,"INE, Viviendas turísticas en España, tabla 39363"
35016,2024-11-01,10250,3.53,2904,"INE, Viviendas turísticas en España, tabla 39363"
35017,2024-11-01,1841,4.07,452,"INE, Viviendas turísticas en España, tabla 39363"
35019,2024-11-01,16291,4.21,3873,"INE, Viviendas turísticas en España, tabla 39363"
35022,2024-11-01,1317,4.1,321,"INE, Viviendas turísticas en España, tabla 39363"
35026,2024-11-01,2052,4.09,502,"INE, Viviendas turísticas en España, tabla 39363"
36008,2024-11-01,2158,5.18,417,"INE, Viviendas turísticas en España, tabla 39363"
36026,2024-11-01,1121,5.55,202,"INE, Viviendas turísticas en España, tabla 39363"
36038,2024-11-01,1777,4.91,362,"INE, Viviendas turísticas en España, tabla 39363"
36045,2024-11-01,917,5.73,160,"INE, Viviendas turísticas en España, tabla 39363"
36057,2024-11-01,6214,4.16,1493,"INE, Viviendas turísticas en España, tabla 39363"
36060,2024-11-01,1769,5.07,349,"INE, Viviendas turísticas en España, tabla 39363"
37274,2024-11-01,3290,4.13,797,"INE, Viviendas turísticas en España, tabla 39363"
38001,2024-11-01,20361,4.83,4215,"INE, Viviendas turísticas en España, tabla 39363"
38006,2024-11-01,17863,4.02,4442,"INE, Viviendas turísticas en España, tabla 39363"
38011,2024-11-01,1685,4.1,411,"INE, Viviendas turísticas en España, tabla 39363"
38017,2024-11-01,5733,4.18,1373,"INE, Viviendas turísticas en España, tabla 39363"
38023,2024-11-01,2803,3.74,749,"INE, Viviendas turísticas en España, tabla 39363"
38026,2024-11-01,1775,4.24,419,"INE, Viviendas turísticas en España, tabla 39363"
38028,2024-11-01,3870,3.5,1106,"INE, Viviendas turísticas en España, tabla 39363"
38031,2024-11-01,1199,4.04,297,"INE, Viviendas turísticas en España, tabla 39363"
38038,2024-11-01,3987,3.73,1068,"INE, Viviendas turísticas en España, tabla 39363"
39016,2024-11-01,480,5.05,95,"INE, Viviendas turísticas en España, tabla 39363"
39020,2024-11-01,1352,4.85,279,"INE, Viviendas turísticas en España, tabla 39363"
39075,2024-11-01,6406,4.24,1511,"INE, Viviendas turísticas en España, tabla 39363"
39087,2024-11-01,432,4.19,103,"INE, Viviendas turísticas en España, tabla 39363"
40194,2024-11-01,856,5.32,161,"INE, Viviendas turísticas en España, tabla 39363"
41004,2024-11-01,385,5.2,74,"INE, Viviendas turísticas en España, tabla 39363"
41021,2024-11-01,153,4.78,32,"INE, Viviendas turísticas en España, tabla 39363"
41024,2024-11-01,524,5.14,102,"INE, Viviendas turísticas en España, tabla 39363"
41034,2024-11-01,67,4.47,15,"INE, Viviendas turísticas en España, tabla 39363"
41038,2024-11-01,478,4.51,106,"INE, Viviendas turísticas en España, tabla 39363"
41039,2024-11-01,278,4.48,62,"INE, Viviendas turísticas en España, tabla 39363"
41053,2024-11-01,50,4.55,11,"INE, Viviendas turísticas en España, tabla 39363"
41059,2024-11-01,383,4.35,88,"INE, Viviendas turísticas en España, tabla 39363"
41065,2024-11-01,65,8.13,8,"INE, Viviendas turísticas en España, tabla 39363"
41069,2024-11-01,88,6.77,13,"INE, Viviendas turísticas en España, tabla 39363"
41081,2024-11-01,128,5.33,24,"INE, Viviendas turísticas en España, tabla 39363"
41091,2024-11-01,28597,4.28,6677,"INE, Viviendas turísticas en España, tabla 39363"
41095,2024-11-01,127,5.29,24,"INE, Viviendas turísticas en España, tabla 39363"
42173,2024-11-01,740,5.1,145,"INE, Viviendas turísticas en España, tabla 39363"
43038,2024-11-01,6924,5.79,1196,"INE, Viviendas turísticas en España, tabla 39363"
43123,2024-11-01,517,5.44,95,"INE, Viviendas turísticas en España, tabla 39363"
43148,2024-11-01,3362,4.59,733,"INE, Viviendas turísticas en España, tabla 39363"
43155,2024-11-01,377,5.03,75,"INE, Viviendas turísticas en España, tabla 39363"
43163,2024-11-01,2143,6.09,352,"INE, Viviendas turísticas en España, tabla 39363"
43905,2024-11-01,11782,5.37,2194,"INE, Viviendas turísticas en España, tabla 39363"
44216,2024-11-01,723,5.65,128,"INE, Viviendas turísticas en España, tabla 39363"
45081,2024-11-01,42,2.8,15,"INE, Viviendas turísticas en España, tabla 39363"
45165,2024-11-01,292,4.29,68,"INE, Viviendas turísticas en España, tabla 39363"
45168,2024-11-01,3432,4.68,733,"INE, Viviendas turísticas en España, tabla 39363"
46005,2024-11-01,71,4.18,17,"INE, Viviendas turísticas en España, tabla 39363"
46017,2024-11-01,366,5.08,72,"INE, Viviendas turísticas en España, tabla 39363"
46021,2024-11-01,55,3.93,14,"INE, Viviendas turísticas en España, tabla 39363"
46029,2024-11-01,77,4.81,16,"INE, Viviendas turísticas en España, tabla 39363"
46078,2024-11-01,384,3.49,110,"INE, Viviendas turísticas en España, tabla 39363"
46094,2024-11-01,182,4.55,40,"INE, Viviendas turísticas en España, tabla 39363"
46102,2024-11-01,76,4.0,19,"INE, Viviendas turísticas en España, tabla 39363"
46110,2024-11-01,61,2.77,22,"INE, Viviendas turísticas en España, tabla 39363"
46131,2024-11-01,8025,5.44,1474,"INE, Viviendas turísticas en España, tabla 39363"
46145,2024-11-01,398,4.57,87,"INE, Viviendas turísticas en España, tabla 39363"
46159,2024-11-01,185,4.63,40,"INE, Viviendas turísticas en España, tabla 39363"
46169,2024-11-01,395,3.83,103,"INE, Viviendas turísticas en España, tabla 39363"
46181,2024-11-01,5681,5.23,1086,"INE, Viviendas turísticas en España, tabla 39363"
46184,2024-11-01,308,4.11,75,"INE, Viviendas turísticas en España, tabla 39363"
46190,2024-11-01,609,4.17,146,"INE, Viviendas turísticas en España, tabla 39363"
46220,2024-11-01,2837,5.33,532,"INE, Viviendas turísticas en España, tabla 39363"
46235,2024-11-01,1539,5.5,280,"INE, Viviendas turísticas en España, tabla 39363"
46244,2024-11-01,598,4.86,123,"INE, Viviendas turísticas en España, tabla 39363"
46250,2024-11-01,29402,4.03,7290,"INE, Viviendas turísticas en España, tabla 39363"
47186,2024-11-01,1199,3.68,326,"INE, Viviendas turísticas en España, tabla 39363"
48013,2024-11-01,310,3.83,81,"INE, Viviendas turísticas en España, tabla 39363"
48015,2024-11-01,66,3.47,19,"INE, Viviendas turísticas en España, tabla 39363"
48020,2024-11-01,4902,4.0,1225,"INE, Viviendas turísticas en España, tabla 39363"
48027,2024-11-01,69,4.31,16,"INE, Viviendas turísticas en España, tabla 39363"
48036,2024-11-01,39,2.79,14,"INE, Viviendas turísticas en España, tabla 39363"
48044,2024-11-01,664,4.15,160,"INE, Viviendas turísticas en España, tabla 39363"
48054,2024-11-01,77,4.05,19,"INE, Viviendas turísticas en España, tabla 39363"
48078,2024-11-01,129,4.03,32,"INE, Viviendas turísticas en España, tabla 39363"
48082,2024-11-01,91,3.96,23,"INE, Viviendas turísticas en España, tabla 39363"
48084,2024-11-01,48,3.2,15,"INE, Viviendas turísticas en España, tabla 39363"
49275,2024-11-01,964,4.63,208,"INE, Viviendas turísticas en España, tabla 39363"
50297,2024-11-01,4205,4.3,977,"INE, Viviendas turísticas en España, tabla 39363"
51001,2024-11-01,207,3.63,57,"INE, Viviendas turísticas en España, tabla 39363"
52001,2024-11-01,215,4.3,50,"INE, Viviendas turísticas en España, tabla 39363"
01059,2025-05-01,532,3.52,151,"INE, Viviendas turísticas en España, tabla 39363"
02003,2025-05-01,1178,4.01,294,"INE, Viviendas turísticas en España, tabla 39363"
02009,2025-05-01,122,4.36,28,"INE, Viviendas turísticas en España, tabla 39363"
02037,2025-05-01,123,4.92,25,"INE, Viviendas turísticas en España, tabla 39363"
02081,2025-05-01,173,5.58,31,"INE, Viviendas turísticas en España, tabla 39363"
03009,2025-05-01,319,3.94,81,"INE, Viviendas turísticas en España, tabla 39363"
03014,2025-05-01,16072,4.33,3708,"INE, Viviendas turísticas en España, tabla 39363"
03031,2025-05-01,13458,4.73,2845,"INE, Viviendas turísticas en España, tabla 39363"
03047,2025-05-01,17192,5.4,3184,"INE, Viviendas turísticas en España, tabla 39363"
03050,2025-05-01,7207,5.48,1314,"INE, Viviendas turísticas en España, tabla 39363"
03059,2025-05-01,161,6.71,24,"INE, Viviendas turísticas en España, tabla 39363"
03063,2025-05-01,19130,5.11,3746,"INE, Viviendas turísticas en España, tabla 39363"
03065,2025-05-01,4195,5.08,826,"INE, Viviendas turísticas en España, tabla 39363"
03066,2025-05-01,104,4.0,26,"INE, Viviendas turísticas en España, tabla 39363"
03082,2025-05-01,19397,6.19,3135,"INE, Viviendas turísticas en España, tabla 39363"
03093,2025-05-01,143,4.21,34,"INE, Viviendas turísticas en España, tabla 39363"
03099,2025-05-01,15442,5.24,2946,"INE, Viviendas turísticas en España, tabla 39363"
03104,2025-05-01,112,4.31,26,"INE, Viviendas turísticas en España, tabla 39363"
03121,2025-05-01,10041,5.16,1947,"INE, Viviendas turísticas en España, tabla 39363"
03122,2025-05-01,519,5.64,92,"INE, Viviendas turísticas en España, tabla 39363"
03133,2025-05-01,23348,4.74,4927,"INE, Viviendas turísticas en España, tabla 39363"
03139,2025-05-01,4575,4.5,1016,"INE, Viviendas turísticas en España, tabla 39363"
03140,2025-05-01,282,5.32,53,"INE, Viviendas turísticas en España, tabla 39363"
04013,2025-05-01,4717,4.42,1067,"INE, Viviendas turísticas en España, tabla 39363"
04066,2025-05-01,5205,4.91,1061,"INE, Viviendas turísticas en España, tabla 39363"
04079,2025-05-01,4984,4.45,1119,"INE, Viviendas turísticas en España, tabla 39363"
04902,2025-05-01,824,4.53,182,"INE, Viviendas turísticas en España, tabla 39363"
05019,2025-05-01,968,5.23,185,"INE, Viviendas turísticas en España, tabla 39363"
06011,2025-05-01,43,3.91,11,"INE, Viviendas turísticas en España, tabla 39363"
06015,2025-05-01,335,3.9,86,"INE, Viviendas turísticas en España, tabla 39363"
06044,2025-05-01,57,4.07,14,"INE, Viviendas turísticas en España, tabla 39363"
06083,2025-05-01,976,4.19,233,"INE, Viviendas turísticas en España, tabla 39363"
06153,2025-05-01,49,4.08,12,"INE, Viviendas turísticas en España, tabla 39363"
07011,2025-05-01,2799,6.49,431,"INE, Viviendas turísticas en España, tabla 39363"
07015,2025-05-01,7010,5.53,1268,"INE, Viviendas turísticas en España, tabla 39363"
07026,2025-05-01,1514,4.81,315,"INE, Viviendas turísticas en España, tabla 39363"
07027,2025-05-01,1654,6.64,249,"INE, Viviendas turísticas en España, tabla 39363"
07031,2025-05-01,4230,6.75,627,"INE, Viviendas turísticas en España, tabla 39363"
07032,2025-05-01,1140,6.55,174,"INE, Viviendas turísticas en España, tabla 39363"
07033,2025-05-01,5682,6.26,908,"INE, Viviendas turísticas en España, tabla 39363"
07036,2025-05-01,843,7.03,120,"INE, Viviendas turísticas en España, tabla 39363"
07040,2025-05-01,4997,5.24,954,"INE, Viviendas turísticas en España, tabla 39363"
07054,2025-05-01,7010,7.29,962,"INE, Viviendas turísticas en España, tabla 39363"
08015,2025-05-01,1296,4.09,317,"INE, Viviendas turísticas en España, tabla 39363"
08019,2025-05-01,43190,4.51,9579,"INE, Viviendas turísticas en España, tabla 39363"
08056,2025-05-01,1403,4.76,295,"INE, Viviendas turísticas en España, tabla 39363"
08073,2025-05-01,444,3.73,119,"INE, Viviendas turísticas en España, tabla 39363"
08077,2025-05-01,159,2.79,57,"INE, Viviendas turísticas en España, tabla 39363"
08089,2025-05-01,448,4.77,94,"INE, Viviendas turísticas en España, tabla 39363"
08096,2025-05-01,113,3.77,30,"INE, Viviendas turísticas en España, tabla 39363"
08101,2025-05-01,3236,3.56,909,"INE, Viviendas turísticas en España, tabla 39363"
08102,2025-05-01,69,3.45,20,"INE, Viviendas turísticas en España, tabla 39363"
08113,2025-05-01,296,3.7,80,"INE, Viviendas turísticas en España, tabla 39363"
08114,2025-05-01,50,3.33,15,"INE, Viviendas turísticas en España, tabla 39363"
08121,2025-05-01,750,4.97,151,"INE, Viviendas turísticas en España, tabla 39363"
08124,2025-05-01,77,4.53,17,"INE, Viviendas turísticas en España, tabla 39363"
08125,2025-05-01,63,3.32,19,"INE, Viviendas turísticas en España, tabla 39363"
08163,2025-05-01,1369,5.13,267,"INE, Viviendas turísticas en España, tabla 39363"
08169,2025-05-01,257,3.13,82,"INE, Viviendas turísticas en España, tabla 39363"
08172,2025-05-01,257,4.51,57,"INE, Viviendas turísticas en España, tabla 39363"
08180,2025-05-01,34,3.78,9,"INE, Viviendas turísticas en España, tabla 39363"
08184,2025-05-01,226,4.52,50,"INE, Viviendas turísticas en España, tabla 39363"
08187,2025-05-01,325,3.53,92,"INE, Viviendas turísticas en España, tabla 39363"
08194,2025-05-01,1204,4.74,254,"INE, Viviendas turísticas en España, tabla 39363"
08196,2025-05-01,9,3.0,3,"INE, Viviendas turísticas en España, tabla 39363"
08200,2025-05-01,100,3.7,27,"INE, Viviendas turísticas en España, tabla 39363"
08205,2025-05-01,473,4.11,115,"INE, Viviendas turísticas en España, tabla 39363"
08211,2025-05-01,47,2.94,16,"INE, Viviendas turísticas en España, tabla 39363"
08217,2025-05-01,69,3.45,20,"INE, Viviendas turísticas en España, tabla 39363"
08231,2025-05-01,1195,6.32,189,"INE, Viviendas turísticas en España, tabla 39363"
08245,2025-05-01,323,4.25,76,"INE, Viviendas turísticas en España, tabla 39363"
08252,2025-05-01,50,5.0,10,"INE, Viviendas turísticas en España, tabla 39363"
08260,2025-05-01,0,,0,"INE, Viviendas turísticas en España, tabla 39363"
08263,2025-05-01,27,3.86,7,"INE, Viviendas turísticas en España, tabla 39363"
08266,2025-05-01,152,3.71,41,"INE, Viviendas turísticas en España, tabla 39363"
08270,2025-05-01,5407,5.15,1050,"INE, Viviendas turísticas en España, tabla 39363"
08279,2025-05-01,644,3.79,170,"INE, Viviendas turísticas en España, tabla 39363"
08298,2025-05-01,184,4.0,46,"INE, Viviendas turísticas en España, tabla 39363"
08301,2025-05-01,140,4.83,29,"INE, Viviendas turísticas en España, tabla 39363"
08305,2025-05-01,97,4.22,23,"INE, Viviendas turísticas en España, tabla 39363"
08307,2025-05-01,1140,4.98,229,"INE, Viviendas turísticas en España, tabla 39363"
09018,2025-05-01,284,4.98,57,"INE, Viviendas turísticas en España, tabla 39363"
09059,2025-05-01,1981,4.69,422,"INE, Viviendas turísticas en España, tabla 39363"
09219,2025-05-01,30,7.5,4,"INE, Viviendas turísticas en España, tabla 39363"
10037,2025-05-01,1205,4.37,276,"INE, Viviendas turísticas en España, tabla 39363"
10148,2025-05-01,340,4.15,82,"INE, Viviendas turísticas en España, tabla 39363"
11004,2025-05-01,693,4.03,172,"INE, Viviendas turísticas en España, tabla 39363"
11006,2025-05-01,1398,5.32,263,"INE, Viviendas turísticas en España, tabla 39363"
11012,2025-05-01,6771,4.4,1539,"INE, Viviendas turísticas en España, tabla 39363"
11015,2025-05-01,11529,5.74,2008,"INE, Viviendas turísticas en España, tabla 39363"
11020,2025-05-01,4737,4.38,1082,"INE, Viviendas turísticas en España, tabla 39363"
11022,2025-05-01,781,4.76,164,"INE, Viviendas turísticas en España, tabla 39363"
11027,2025-05-01,6698,5.47,1225,"INE, Viviendas turísticas en España, tabla 39363"
11028,2025-05-01,732,4.95,148,"INE, Viviendas turísticas en España, tabla 39363"
11030,2025-05-01,2718,5.05,538,"INE, Viviendas turísticas en España, tabla 39363"
11031,2025-05-01,935,4.54,206,"INE, Viviendas turísticas en España, tabla 39363"
11032,2025-05-01,4306,4.96,868,"INE, Viviendas turísticas en España, tabla 39363"
11033,2025-05-01,3413,6.07,562,"INE, Viviendas turísticas en España, tabla 39363"
12009,2025-05-01,173,5.41,32,"INE, Viviendas turísticas en España, tabla 39363"
12027,2025-05-01,1283,5.11,251,"INE, Viviendas turísticas en España, tabla 39363"
12032,2025-05-01,629,5.33,118,"INE, Viviendas turísticas en España, tabla 39363"
12040,2025-05-01,2241,4.74,473,"INE, Viviendas turísticas en España, tabla 39363"
12084,2025-05-01,41,5.86,7,"INE, Viviendas turísticas en España, tabla 39363"
12126,2025-05-01,129,5.38,24,"INE, Viviendas turísticas en España, tabla 39363"
12135,2025-05-01,183,4.26,43,"INE, Viviendas turísticas en España, tabla 39363"
12138,2025-05-01,3097,5.34,580,"INE, Viviendas turísticas en España, tabla 39363"
13005,2025-05-01,150,5.17,29,"INE, Viviendas turísticas en España, tabla 39363"
13034,2025-05-01,350,3.8,92,"INE, Viviendas turísticas en España, tabla 39363"
13071,2025-05-01,114,4.38,26,"INE, Viviendas turísticas en España, tabla 39363"
13082,2025-05-01,170,5.0,34,"INE, Viviendas turísticas en España, tabla 39363"
13087,2025-05-01,185,5.61,33,"INE, Viviendas turísticas en España, tabla 39363"
14021,2025-05-01,11356,4.72,2406,"INE, Viviendas turísticas en España, tabla 39363"
14038,2025-05-01,301,6.14,49,"INE, Viviendas turísticas en España, tabla 39363"
14056,2025-05-01,114,4.56,25,"INE, Viviendas turísticas en España, tabla 39363"
15002,2025-05-01,506,5.38,94,"INE, Viviendas turísticas en España, tabla 39363"
15005,2025-05-01,188,5.37,35,"INE, Viviendas turísticas en España, tabla 39363"
15019,2025-05-01,636,5.83,109,"INE, Viviendas turísticas en España, tabla 39363"
15030,2025-05-01,3190,4.33,736,"INE, Viviendas turísticas en España, tabla 39363"
15031,2025-05-01,161,4.35,37,"INE, Viviendas turísticas en España, tabla 39363"
15036,2025-05-01,1274,4.63,275,"INE, Viviendas turísticas en España, tabla 39363"
15054,2025-05-01,128,5.57,23,"INE, Viviendas turísticas en España, tabla 39363"
15058,2025-05-01,615,4.69,131,"INE, Viviendas turísticas en España, tabla 39363"
15073,2025-05-01,1712,5.08,337,"INE, Viviendas turísticas en España, tabla 39363"
15078,2025-05-01,2379,4.77,499,"INE, Viviendas turísticas en España, tabla 39363"
16078,2025-05-01,1526,4.8,318,"INE, Viviendas turísticas en España, tabla 39363"
17023,2025-05-01,3300,5.67,582,"INE, Viviendas turísticas en España, tabla 39363"
17066,2025-05-01,644,4.41,146,"INE, Viviendas turísticas en España, tabla 39363"
17079,2025-05-01,2289,4.26,537,"INE, Viviendas turísticas en España, tabla 39363"
17095,2025-05-01,11112,6.31,1761,"INE, Viviendas turísticas en España, tabla 39363"
17114,2025-05-01,519,5.24,99,"INE, Viviendas turísticas en España, tabla 39363"
17155,2025-05-01,34,4.86,7,"INE, Viviendas turísticas en España, tabla 39363"
18017,2025-05-01,8673,5.3,1636,"INE, Viviendas turísticas en España, tabla 39363"
18087,2025-05-01,14579,4.58,3184,"INE, Viviendas turísticas en España, tabla 39363"
18140,2025-05-01,1764,5.35,330,"INE, Viviendas turísticas en España, tabla 39363"
19046,2025-05-01,30,3.33,9,"INE, Viviendas turísticas en España, tabla 39363"
19130,2025-05-01,286,4.54,63,"INE, Viviendas turísticas en España, tabla 39363"
20030,2025-05-01,30,5.0,6,"INE, Viviendas turísticas en España, tabla 39363"
20045,2025-05-01,290,4.83,60,"INE, Viviendas turísticas en España, tabla 39363"
20067,2025-05-01,93,3.58,26,"INE, Viviendas turísticas en España, tabla 39363"
20069,2025-05-01,5845,4.18,1397,"INE, Viviendas turísticas en España, tabla 39363"
21041,2025-05-01,677,3.76,180,"INE, Viviendas turísticas en España, tabla 39363"
21044,2025-05-01,1156,5.28,219,"INE, Viviendas turísticas en España, tabla 39363"
22125,2025-05-01,272,4.18,65,"INE, Viviendas turísticas en España, tabla 39363"
23005,2025-05-01,236,5.02,47,"INE, Viviendas turísticas en España, tabla 39363"
23050,2025-05-01,938,4.01,234,"INE, Viviendas turísticas en España, tabla 39363"
23055,2025-05-01,219,4.21,52,"INE, Viviendas turísticas en España, tabla 39363"
23092,2025-05-01,658,4.42,149,"INE, Viviendas turísticas en España, tabla 39363"
24089,2025-05-01,2604,4.6,566,"INE, Viviendas turísticas en España, tabla 39363"
24115,2025-05-01,808,4.96,163,"INE, Viviendas turísticas en España, tabla 39363"
24142,2025-05-01,149,6.77,22,"INE, Viviendas turísticas en España, tabla 39363"
25120,2025-05-01,227,4.45,51,"INE, Viviendas turísticas en España, tabla 39363"
26089,2025-05-01,2811,5.47,514,"INE, Viviendas turísticas en España, tabla 39363"
27028,2025-05-01,981,4.67,210,"INE, Viviendas turísticas en España, tabla 39363"
28005,2025-05-01,927,3.72,249,"INE, Viviendas turísticas en España, tabla 39363"
28006,2025-05-01,279,3.49,80,"INE, Viviendas turísticas en España, tabla 39363"
28007,2025-05-01,214,2.85,75,"INE, Viviendas turísticas en España, tabla 39363"
28013,2025-05-01,356,5.39,66,"INE, Viviendas turísticas en España, tabla 39363"
28014,2025-05-01,70,3.04,23,"INE, Viviendas turísticas en España, tabla 39363"
28022,2025-05-01,152,4.0,38,"INE, Viviendas turísticas en España, tabla 39363"
28045,2025-05-01,49,4.08,12,"INE, Viviendas turísticas en España, tabla 39363"
28047,2025-05-01,106,4.42,24,"INE, Viviendas turísticas en España, tabla 39363"
28049,2025-05-01,139,3.48,40,"INE, Viviendas turísticas en España, tabla 39363"
28058,2025-05-01,67,2.68,25,"INE, Viviendas turísticas en España, tabla 39363"
28061,2025-05-01,189,3.86,49,"INE, Viviendas turísticas en España, tabla 39363"
28065,2025-05-01,243,2.51,97,"INE, Viviendas turísticas en España, tabla 39363"
28074,2025-05-01,152,2.87,53,"INE, Viviendas turísticas en España, tabla 39363"
28079,2025-05-01,55984,3.67,15242,"INE, Viviendas turísticas en España, tabla 39363"
28080,2025-05-01,121,3.56,34,"INE, Viviendas turísticas en España, tabla 39363"
28092,2025-05-01,165,2.66,62,"INE, Viviendas turísticas en España, tabla 39363"
28096,2025-05-01,83,5.93,14,"INE, Viviendas turísticas en España, tabla 39363"
28106,2025-05-01,100,2.17,46,"INE, Viviendas turísticas en España, tabla 39363"
28113,2025-05-01,105,3.39,31,"INE, Viviendas turísticas en España, tabla 39363"
28115,2025-05-01,346,3.3,105,"INE, Viviendas turísticas en España, tabla 39363"
28123,2025-05-01,204,3.52,58,"INE, Viviendas turísticas en España, tabla 39363"
28127,2025-05-01,266,3.97,67,"INE, Viviendas turísticas en España, tabla 39363"
28130,2025-05-01,24,3.43,7,"INE, Viviendas turísticas en España, tabla 39363"
28134,2025-05-01,542,3.45,157,"INE, Viviendas turísticas en España, tabla 39363"
28148,2025-05-01,266,2.96,90,"INE, Viviendas turísticas en España, tabla 39363"
28161,2025-05-01,115,3.83,30,"INE, Viviendas turísticas en España, tabla 39363"
28181,2025-05-01,192,3.31,58,"INE, Viviendas turísticas en España, tabla 39363"
28903,2025-05-01,97,2.94,33,"INE, Viviendas turísticas en España, tabla 39363"
29007,2025-05-01,1907,6.76,282,"INE, Viviendas turísticas en España, tabla 39363"
29015,2025-05-01,909,5.19,175,"INE, Viviendas turísticas en España, tabla 39363"
29025,2025-05-01,18686,4.63,4033,"INE, Viviendas turísticas en España, tabla 39363"
29051,2025-05-01,18335,5.12,3578,"INE, Viviendas turísticas en España, tabla 39363"
29054,2025-05-01,15252,4.74,3218,"INE, Viviendas turísticas en España, tabla 39363"
29067,2025-05-01,36629,4.26,8597,"INE, Viviendas turísticas en España, tabla 39363"
29069,2025-05-01,44013,5.55,7934,"INE, Viviendas turísticas en España, tabla 39363"
29070,2025-05-01,25599,5.23,4896,"INE, Viviendas turísticas en España, tabla 39363"
29082,2025-05-01,3960,5.14,771,"INE, Viviendas turísticas en España, tabla 39363"
29084,2025-05-01,3017,4.81,627,"INE, Viviendas turísticas en España, tabla 39363"
29094,2025-05-01,5761,5.05,1140,"INE, Viviendas turísticas en España, tabla 39363"
29901,2025-05-01,11968,4.04,2959,"INE, Viviendas turísticas en España, tabla 39363"
30003,2025-05-01,2736,5.27,519,"INE, Viviendas turísticas en España, tabla 39363"
30005,2025-05-01,60,4.62,13,"INE, Viviendas turísticas en España, tabla 39363"
30015,2025-05-01,555,5.44,102,"INE, Viviendas turísticas en España, tabla 39363"
30016,2025-05-01,8801,5.32,1655,"INE, Viviendas turísticas en España, tabla 39363"
30019,2025-05-01,88,7.33,12,"INE, Viviendas turísticas en España, tabla 39363"
30022,2025-05-01,124,6.53,19,"INE, Viviendas turísticas en España, tabla 39363"
30024,2025-05-01,527,5.55,95,"INE, Viviendas turísticas en España, tabla 39363"
30026,2025-05-01,3298,5.18,637,"INE, Viviendas turísticas en España, tabla 39363"
30027,2025-05-01,272,5.67,48,"INE, Viviendas turísticas en España, tabla 39363"
30030,2025-05-01,4474,4.47,1002,"INE, Viviendas turísticas en España, tabla 39363"
30035,2025-05-01,6914,5.2,1330,"INE, Viviendas turísticas en España, tabla 39363"
30037,2025-05-01,3465,4.86,713,"INE, Viviendas turísticas en España, tabla 39363"
30039,2025-05-01,75,6.25,12,"INE, Viviendas turísticas en España, tabla 39363"
30043,2025-05-01,203,5.34,38,"INE, Viviendas turísticas en España, tabla 39363"
31201,2025-05-01,2993,4.4,680,"INE, Viviendas turísticas en España, tabla 39363"
31232,2025-05-01,458,5.03,91,"INE, Viviendas turísticas en España, tabla 39363"
32054,2025-05-01,1597,4.88,327,"INE, Viviendas turísticas en España, tabla 39363"
33004,2025-05-01,682,4.74,144,"INE, Viviendas turísticas en España, tabla 39363"
33024,2025-05-01,6888,4.73,1455,"INE, Viviendas turísticas en España, tabla 39363"
33031,2025-05-01,159,5.3,30,"INE, Viviendas turísticas en España, tabla 39363"
33037,2025-05-01,269,4.01,67,"INE, Viviendas turísticas en España, tabla 39363"
33044,2025-05-01,4225,4.36,968,"INE, Viviendas turísticas en España, tabla 39363"
33066,2025-05-01,457,5.94,77,"INE, Viviendas turísticas en España, tabla 39363"
34120,2025-05-01,197,3.58,55,"INE, Viviendas turísticas en España, tabla 39363"
35002,2025-05-01,1224,4.16,294,"INE, Viviendas turísticas en España, tabla 39363"
35004,2025-05-01,2097,3.69,568,"INE, Viviendas turísticas en España, tabla 39363"
35006,2025-05-01,701,5.39,130,"INE, Viviendas turísticas en España, tabla 39363"
35011,2025-05-01,581,4.37,133,"INE, Viviendas turísticas en España, tabla 39363"
35014,2025-05-01,17161,4.27,4016,"INE, Viviendas turísticas en España, tabla 39363"
35016,2025-05-01,10237,3.5,2925,"INE, Viviendas turísticas en España, tabla 39363"
35017,2025-05-01,1796,4.12,436,"INE, Viviendas turísticas en España, tabla 39363"
35019,2025-05-01,15931,4.24,3754,"INE, Viviendas turísticas en España, tabla 39363"
35022,2025-05-01,1231,4.17,295,"INE, Viviendas turísticas en España, tabla 39363"
35026,2025-05-01,1980,4.09,484,"INE, Viviendas turísticas en España, tabla 39363"
36008,2025-05-01,2167,5.12,423,"INE, Viviendas turísticas en España, tabla 39363"
36026,2025-05-01,1087,5.63,193,"INE, Viviendas turísticas en España, tabla 39363"
36038,2025-05-01,1719,5.03,342,"INE, Viviendas turísticas en España, tabla 39363"
36045,2025-05-01,1019,6.03,169,"INE, Viviendas turísticas en España, tabla 39363"
36057,2025-05-01,5942,4.29,1386,"INE, Viviendas turísticas en España, tabla 39363"
36060,2025-05-01,1957,5.08,385,"INE, Viviendas turísticas en España, tabla 39363"
37274,2025-05-01,3044,4.03,755,"INE, Viviendas turísticas en España, tabla 39363"
38001,2025-05-01,19441,4.75,4093,"INE, Viviendas turísticas en España, tabla 39363"
38006,2025-05-01,17514,4.0,4382,"INE, Viviendas turísticas en España, tabla 39363"
38011,2025-05-01,1721,4.04,426,"INE, Viviendas turísticas en España, tabla 39363"
38017,2025-05-01,5412,4.13,1309,"INE, Viviendas turísticas en España, tabla 39363"
38023,2025-05-01,2681,3.69,726,"INE, Viviendas turísticas en España, tabla 39363"
38026,2025-05-01,1745,4.31,405,"INE, Viviendas turísticas en España, tabla 39363"
38028,2025-05-01,3711,3.46,1071,"INE, Viviendas turísticas en España, tabla 39363"
38031,2025-05-01,1226,3.93,312,"INE, Viviendas turísticas en España, tabla 39363"
38038,2025-05-01,3907,3.75,1043,"INE, Viviendas turísticas en España, tabla 39363"
39016,2025-05-01,463,5.03,92,"INE, Viviendas turísticas en España, tabla 39363"
39020,2025-05-01,1194,4.81,248,"INE, Viviendas turísticas en España, tabla 39363"
39075,2025-05-01,6867,4.31,1594,"INE, Viviendas turísticas en España, tabla 39363"
39087,2025-05-01,465,4.51,103,"INE, Viviendas turísticas en España, tabla 39363"
40194,2025-05-01,820,5.43,151,"INE, Viviendas turísticas en España, tabla 39363"
41004,2025-05-01,471,5.01,94,"INE, Viviendas turísticas en España, tabla 39363"
41021,2025-05-01,213,4.53,47,"INE, Viviendas turísticas en España, tabla 39363"
41024,2025-05-01,552,5.06,109,"INE, Viviendas turísticas en España, tabla 39363"
41034,2025-05-01,86,4.53,19,"INE, Viviendas turísticas en España, tabla 39363"
41038,2025-05-01,500,4.55,110,"INE, Viviendas turísticas en España, tabla 39363"
41039,2025-05-01,331,6.25,53,"INE, Viviendas turísticas en España, tabla 39363"
41053,2025-05-01,60,4.62,13,"INE, Viviendas turísticas en España, tabla 39363"
41059,2025-05-01,380,4.09,93,"INE, Viviendas turísticas en España, tabla 39363"
41065,2025-05-01,68,7.56,9,"INE, Viviendas turísticas en España, tabla 39363"
41069,2025-05-01,94,6.71,14,"INE, Viviendas turísticas en España, tabla 39363"
41081,2025-05-01,126,5.48,23,"INE, Viviendas turísticas en España, tabla 39363"
41091,2025-05-01,30378,4.26,7137,"INE, Viviendas turísticas en España, tabla 39363"
41095,2025-05-01,153,4.94,31,"INE, Viviendas turísticas en España, tabla 39363"
42173,2025-05-01,839,5.21,161,"INE, Viviendas turísticas en España, tabla 39363"
43038,2025-05-01,7409,5.72,1295,"INE, Viviendas turísticas en España, tabla 39363"
43123,2025-05-01,547,5.53,99,"INE, Viviendas turísticas en España, tabla 39363"
43148,2025-05-01,3638,4.62,787,"INE, Viviendas turísticas en España, tabla 39363"
43155,2025-05-01,381,5.01,76,"INE, Viviendas turísticas en España, tabla 39363"
43163,2025-05-01,2496,6.12,408,"INE, Viviendas turísticas en España, tabla 39363"
43905,2025-05-01,13402,5.36,2502,"INE, Viviendas turísticas en España, tabla 39363"
44216,2025-05-01,712,5.61,127,"INE, Viviendas turísticas en España, tabla 39363"
45081,2025-05-01,19,2.71,7,"INE, Viviendas turísticas en España, tabla 39363"
45165,2025-05-01,259,4.32,60,"INE, Viviendas turísticas en España, tabla 39363"
45168,2025-05-01,3417,4.69,728,"INE, Viviendas turísticas en España, tabla 39363"
46005,2025-05-01,69,4.31,16,"INE, Viviendas turísticas en España, tabla 39363"
46017,2025-05-01,315,5.16,61,"INE, Viviendas turísticas en España, tabla 39363"
46021,2025-05-01,56,4.0,14,"INE, Viviendas turísticas en España, tabla 39363"
46029,2025-05-01,69,4.6,15,"INE, Viviendas turísticas en España, tabla 39363"
46078,2025-05-01,359,4.08,88,"INE, Viviendas turísticas en España, tabla 39363"
46094,2025-05-01,127,4.38,29,"INE, Viviendas turísticas en España, tabla 39363"
46102,2025-05-01,56,3.73,15,"INE, Viviendas turísticas en España, tabla 39363"
46110,2025-05-01,46,3.07,15,"INE, Viviendas turísticas en España, tabla 39363"
46131,2025-05-01,8258,5.52,1497,"INE, Viviendas turísticas en España, tabla 39363"
46145,2025-05-01,386,4.77,81,"INE, Viviendas turísticas en España, tabla 39363"
46159,2025-05-01,174,4.14,42,"INE, Viviendas turísticas en España, tabla 39363"
46169,2025-05-01,349,3.97,88,"INE, Viviendas turísticas en España, tabla 39363"
46181,2025-05-01,5261,5.17,1018,"INE, Viviendas turísticas en España, tabla 39363"
46184,2025-05-01,258,4.61,56,"INE, Viviendas turísticas en España, tabla 39363"
46190,2025-05-01,552,4.09,135,"INE, Viviendas turísticas en España, tabla 39363"
46220,2025-05-01,2698,5.45,495,"INE, Viviendas turísticas en España, tabla 39363"
46235,2025-05-01,1440,5.58,258,"INE, Viviendas turísticas en España, tabla 39363"
46244,2025-05-01,514,5.04,102,"INE, Viviendas turísticas en España, tabla 39363"
46250,2025-05-01,26428,4.03,6553,"INE, Viviendas turísticas en España, tabla 39363"
47186,2025-05-01,1132,3.64,311,"INE, Viviendas turísticas en España, tabla 39363"
48013,2025-05-01,322,3.79,85,"INE, Viviendas turísticas en España, tabla 39363"
48015,2025-05-01,72,3.6,20,"INE, Viviendas turísticas en España, tabla 39363"
48020,2025-05-01,5035,3.95,1276,"INE, Viviendas turísticas en España, tabla 39363"
48027,2025-05-01,70,3.68,19,"INE, Viviendas turísticas en España, tabla 39363"
48036,2025-05-01,42,3.0,14,"INE, Viviendas turísticas en España, tabla 39363"
48044,2025-05-01,652,4.23,154,"INE, Viviendas turísticas en España, tabla 39363"
48054,2025-05-01,77,3.85,20,"INE, Viviendas turísticas en España, tabla 39363"
48078,2025-05-01,97,3.59,27,"INE, Viviendas turísticas en España, tabla 39363"
48082,2025-05-01,78,3.39,23,"INE, Viviendas turísticas en España, tabla 39363"
48084,2025-05-01,65,3.25,20,"INE, Viviendas turísticas en España, tabla 39363"
49275,2025-05-01,905,4.57,198,"INE, Viviendas turísticas en España, tabla 39363"
50297,2025-05-01,3952,4.42,895,"INE, Viviendas turísticas en España, tabla 39363"
51001,2025-05-01,209,3.8,55,"INE, Viviendas turísticas en España, tabla 39363"
52001,2025-05-01,191,4.66,41,"INE, Viviendas turísticas en España, tabla 39363"
01059,2025-11-01,356,3.91,91,"INE, Viviendas turísticas en España, tabla 39363"
02003,2025-11-01,932,4.5,207,"INE, Viviendas turísticas en España, tabla 39363"
02009,2025-11-01,141,4.15,34,"INE, Viviendas turísticas en España, tabla 39363"
02037,2025-11-01,98,5.44,18,"INE, Viviendas turísticas en España, tabla 39363"
02081,2025-11-01,65,4.64,14,"INE, Viviendas turísticas en España, tabla 39363"
03009,2025-11-01,199,4.23,47,"INE, Viviendas turísticas en España, tabla 39363"
03014,2025-11-01,11921,4.25,2806,"INE, Viviendas turísticas en España, tabla 39363"
03031,2025-11-01,9293,4.43,2096,"INE, Viviendas turísticas en España, tabla 39363"
03047,2025-11-01,15499,5.24,2958,"INE, Viviendas turísticas en España, tabla 39363"
03050,2025-11-01,5249,5.22,1006,"INE, Viviendas turísticas en España, tabla 39363"
03059,2025-11-01,43,5.38,8,"INE, Viviendas turísticas en España, tabla 39363"
03063,2025-11-01,13837,4.96,2789,"INE, Viviendas turísticas en España, tabla 39363"
03065,2025-11-01,2700,4.98,542,"INE, Viviendas turísticas en España, tabla 39363"
03066,2025-11-01,88,4.4,20,"INE, Viviendas turísticas en España, tabla 39363"
03082,2025-11-01,13762,6.04,2277,"INE, Viviendas turísticas en España, tabla 39363"
03093,2025-11-01,117,4.68,25,"INE, Viviendas turísticas en España, tabla 39363"
03099,2025-11-01,8889,4.89,1816,"INE, Viviendas turísticas en España, tabla 39363"
03104,2025-11-01,60,5.0,12,"INE, Viviendas turísticas en España, tabla 39363"
03121,2025-11-01,8017,5.03,1595,"INE, Viviendas turísticas en España, tabla 39363"
03122,2025-11-01,313,5.69,55,"INE, Viviendas turísticas en España, tabla 39363"
03133,2025-11-01,15571,4.27,3647,"INE, Viviendas turísticas en España, tabla 39363"
03139,2025-11-01,3402,4.34,784,"INE, Viviendas turísticas en España, tabla 39363"
03140,2025-11-01,154,5.7,27,"INE, Viviendas turísticas en España, tabla 39363"
04013,2025-11-01,4050,4.43,914,"INE, Viviendas turísticas en España, tabla 39363"
04066,2025-11-01,4587,4.83,949,"INE, Viviendas turísticas en España, tabla 39363"
04079,2025-11-01,4384,4.35,1008,"INE, Viviendas turísticas en España, tabla 39363"
04902,2025-11-01,639,4.5,142,"INE, Viviendas turísticas en España, tabla 39363"
05019,2025-11-01,1011,5.06,200,"INE, Viviendas turísticas en España, tabla 39363"
06011,2025-11-01,36,3.6,10,"INE, Viviendas turísticas en España, tabla 39363"
06015,2025-11-01,327,4.42,74,"INE, Viviendas turísticas en España, tabla 39363"
06044,2025-11-01,51,4.25,12,"INE, Viviendas turísticas en España, tabla 39363"
06083,2025-11-01,1082,4.08,265,"INE, Viviendas turísticas en España, tabla 39363"
06153,2025-11-01,57,3.17,18,"INE, Viviendas turísticas en España, tabla 39363"
07011,2025-11-01,2073,6.96,298,"INE, Viviendas turísticas en España, tabla 39363"
07015,2025-11-01,5929,5.5,1078,"INE, Viviendas turísticas en España, tabla 39363"
07026,2025-11-01,567,4.89,116,"INE, Viviendas turísticas en España, tabla 39363"
07027,2025-11-01,1471,6.75,218,"INE, Viviendas turísticas en España, tabla 39363"
07031,2025-11-01,3085,6.83,452,"INE, Viviendas turísticas en España, tabla 39363"
07032,2025-11-01,846,6.88,123,"INE, Viviendas turísticas en España, tabla 39363"
07033,2025-11-01,4651,6.36,731,"INE, Viviendas turísticas en España, tabla 39363"
07036,2025-11-01,648,7.53,86,"INE, Viviendas turísticas en España, tabla 39363"
07040,2025-11-01,3000,6.67,450,"INE, Viviendas turísticas en España, tabla 39363"
07054,2025-11-01,5443,8.11,671,"INE, Viviendas turísticas en España, tabla 39363"
08015,2025-11-01,1102,3.95,279,"INE, Viviendas turísticas en España, tabla 39363"
08019,2025-11-01,39423,4.62,8536,"INE, Viviendas turísticas en España, tabla 39363"
08056,2025-11-01,1161,5.09,228,"INE, Viviendas turísticas en España, tabla 39363"
08073,2025-11-01,421,4.25,99,"INE, Viviendas turísticas en España, tabla 39363"
08077,2025-11-01,204,3.64,56,"INE, Viviendas turísticas en España, tabla 39363"
08089,2025-11-01,355,5.07,70,"INE, Viviendas turísticas en España, tabla 39363"
08096,2025-11-01,82,4.56,18,"INE, Viviendas turísticas en España, tabla 39363"
08101,2025-11-01,3276,3.71,882,"INE, Viviendas turísticas en España, tabla 39363"
08102,2025-11-01,88,4.4,20,"INE, Viviendas turísticas en España, tabla 39363"
08113,2025-11-01,296,3.65,81,"INE, Viviendas turísticas en España, tabla 39363"
08114,2025-11-01,27,2.7,10,"INE, Viviendas turísticas en España, tabla 39363"
08121,2025-11-01,583,4.32,135,"INE, Viviendas turísticas en España, tabla 39363"
08124,2025-11-01,82,4.82,17,"INE, Viviendas turísticas en España, tabla 39363"
08125,2025-11-01,54,3.86,14,"INE, Viviendas turísticas en España, tabla 39363"
08163,2025-11-01,926,5.01,185,"INE, Viviendas turísticas en España, tabla 39363"
08169,2025-11-01,291,3.46,84,"INE, Viviendas turísticas en España, tabla 39363"
08172,2025-11-01,227,4.73,48,"INE, Viviendas turísticas en España, tabla 39363"
08180,2025-11-01,31,4.43,7,"INE, Viviendas turísticas en España, tabla 39363"
08184,2025-11-01,202,5.05,40,"INE, Viviendas turísticas en España, tabla 39363"
08187,2025-11-01,294,4.08,72,"INE, Viviendas turísticas en España, tabla 39363"
08194,2025-11-01,1086,4.62,235,"INE, Viviendas turísticas en España, tabla 39363"
08196,2025-11-01,0,,0,"INE, Viviendas turísticas en España, tabla 39363"
08200,2025-11-01,140,4.52,31,"INE, Viviendas turísticas en España, tabla 39363"
08205,2025-11-01,372,4.23,88,"INE, Viviendas turísticas en España, tabla 39363"
08211,2025-11-01,37,3.36,11,"INE, Viviendas turísticas en España, tabla 39363"
08217,2025-11-01,67,4.79,14,"INE, Viviendas turísticas en España, tabla 39363"
08231,2025-11-01,908,6.63,137,"INE, Viviendas turísticas en España, tabla 39363"
08245,2025-11-01,239,3.73,64,"INE, Viviendas turísticas en España, tabla 39363"
08252,2025-11-01,50,4.55,11,"INE, Viviendas turísticas en España, tabla 39363"
08260,2025-11-01,0,,0,"INE, Viviendas turísticas en España, tabla 39363"
08263,2025-11-01,32,4.57,7,"INE, Viviendas turísticas en España, tabla 39363"
08266,2025-11-01,152,4.47,34,"INE, Viviendas turísticas en España, tabla 39363"
08270,2025-11-01,4136,5.18,798,"INE, Viviendas turísticas en España, tabla 39363"
08279,2025-11-01,579,3.91,148,"INE, Viviendas turísticas en España, tabla 39363"
08298,2025-11-01,211,5.28,40,"INE, Viviendas turísticas en España, tabla 39363"
08301,2025-11-01,134,5.15,26,"INE, Viviendas turísticas en España, tabla 39363"
08305,2025-11-01,72,4.24,17,"INE, Viviendas turísticas en España, tabla 39363"
08307,2025-11-01,823,4.87,169,"INE, Viviendas turísticas en España, tabla 39363"
09018,2025-11-01,149,4.26,35,"INE, Viviendas turísticas en España, tabla 39363"
09059,2025-11-01,1805,4.84,373,"INE, Viviendas turísticas en España, tabla 39363"
09219,2025-11-01,8,4.0,2,"INE, Viviendas turísticas en España, tabla 39363"
10037,2025-11-01,1609,4.14,389,"INE, Viviendas turísticas en España, tabla 39363"
10148,2025-11-01,379,4.16,91,"INE, Viviendas turísticas en España, tabla 39363"
11004,2025-11-01,689,3.96,174,"INE, Viviendas turísticas en España, tabla 39363"
11006,2025-11-01,1275,5.02,254,"INE, Viviendas turísticas en España, tabla 39363"
11012,2025-11-01,6667,4.43,1505,"INE, Viviendas turísticas en España, tabla 39363"
11015,2025-11-01,8454,5.48,1543,"INE, Viviendas turísticas en España, tabla 39363"
11020,2025-11-01,4491,4.43,1014,"INE, Viviendas turísticas en España, tabla 39363"
11022,2025-11-01,801,5.34,150,"INE, Viviendas turísticas en España, tabla 39363"
11027,2025-11-01,5454,5.55,982,"INE, Viviendas turísticas en España, tabla 39363"
11028,2025-11-01,529,5.24,101,"INE, Viviendas turísticas en España, tabla 39363"
11030,2025-11-01,2418,5.03,481,"INE, Viviendas turísticas en España, tabla 39363"
11031,2025-11-01,705,4.55,155,"INE, Viviendas turísticas en España, tabla 39363"
11032,2025-11-01,4049,4.97,814,"INE, Viviendas turísticas en España, tabla 39363"
11033,2025-11-01,2542,4.97,511,"INE, Viviendas turísticas en España, tabla 39363"
12009,2025-11-01,136,5.91,23,"INE, Viviendas turísticas en España, tabla 39363"
12027,2025-11-01,902,4.9,184,"INE, Viviendas turísticas en España, tabla 39363"
12032,2025-11-01,399,5.25,76,"INE, Viviendas turísticas en España, tabla 39363"
12040,2025-11-01,1830,4.77,384,"INE, Viviendas turísticas en España, tabla 39363"
12084,2025-11-01,21,7.0,3,"INE, Viviendas turísticas en España, tabla 39363"
12126,2025-11-01,71,5.46,13,"INE, Viviendas turísticas en España, tabla 39363"
12135,2025-11-01,100,3.85,26,"INE, Viviendas turísticas en España, tabla 39363"
12138,2025-11-01,2541,5.21,488,"INE, Viviendas turísticas en España, tabla 39363"
13005,2025-11-01,143,5.11,28,"INE, Viviendas turísticas en España, tabla 39363"
13034,2025-11-01,300,4.92,61,"INE, Viviendas turísticas en España, tabla 39363"
13071,2025-11-01,58,4.14,14,"INE, Viviendas turísticas en España, tabla 39363"
13082,2025-11-01,133,4.75,28,"INE, Viviendas turísticas en España, tabla 39363"
13087,2025-11-01,126,5.25,24,"INE, Viviendas turísticas en España, tabla 39363"
14021,2025-11-01,11001,4.7,2339,"INE, Viviendas turísticas en España, tabla 39363"
14038,2025-11-01,314,6.28,50,"INE, Viviendas turísticas en España, tabla 39363"
14056,2025-11-01,122,4.88,25,"INE, Viviendas turísticas en España, tabla 39363"
15002,2025-11-01,358,5.04,71,"INE, Viviendas turísticas en España, tabla 39363"
15005,2025-11-01,147,6.68,22,"INE, Viviendas turísticas en España, tabla 39363"
15019,2025-11-01,447,5.73,78,"INE, Viviendas turísticas en España, tabla 39363"
15030,2025-11-01,1930,4.44,435,"INE, Viviendas turísticas en España, tabla 39363"
15031,2025-11-01,54,4.15,13,"INE, Viviendas turísticas en España, tabla 39363"
15036,2025-11-01,864,4.48,193,"INE, Viviendas turísticas en España, tabla 39363"
15054,2025-11-01,128,7.11,18,"INE, Viviendas turísticas en España, tabla 39363"
15058,2025-11-01,319,4.62,69,"INE, Viviendas turísticas en España, tabla 39363"
15073,2025-11-01,1217,5.09,239,"INE, Viviendas turísticas en España, tabla 39363"
15078,2025-11-01,1734,4.64,374,"INE, Viviendas turísticas en España, tabla 39363"
16078,2025-11-01,1479,4.62,320,"INE, Viviendas turísticas en España, tabla 39363"
17023,2025-11-01,2743,5.44,504,"INE, Viviendas turísticas en España, tabla 39363"
17066,2025-11-01,623,4.39,142,"INE, Viviendas turísticas en España, tabla 39363"
17079,2025-11-01,2187,4.26,513,"INE, Viviendas turísticas en España, tabla 39363"
17095,2025-11-01,8418,5.68,1481,"INE, Viviendas turísticas en España, tabla 39363"
17114,2025-11-01,396,5.08,78,"INE, Viviendas turísticas en España, tabla 39363"
17155,2025-11-01,39,6.5,6,"INE, Viviendas turísticas en España, tabla 39363"
18017,2025-11-01,7587,5.19,1462,"INE, Viviendas turísticas en España, tabla 39363"
18087,2025-11-01,13328,4.4,3028,"INE, Viviendas turísticas en España, tabla 39363"
18140,2025-11-01,1659,5.48,303,"INE, Viviendas turísticas en España, tabla 39363"
19046,2025-11-01,11,3.67,3,"INE, Viviendas turísticas en España, tabla 39363"
19130,2025-11-01,192,4.57,42,"INE, Viviendas turísticas en España, tabla 39363"
20030,2025-11-01,16,5.33,3,"INE, Viviendas turísticas en España, tabla 39363"
20045,2025-11-01,240,4.44,54,"INE, Viviendas turísticas en España, tabla 39363"
20067,2025-11-01,72,3.79,19,"INE, Viviendas turísticas en España, tabla 39363"
20069,2025-11-01,5405,4.19,1291,"INE, Viviendas turísticas en España, tabla 39363"
21041,2025-11-01,730,4.71,155,"INE, Viviendas turísticas en España, tabla 39363"
21044,2025-11-01,981,5.22,188,"INE, Viviendas turísticas en España, tabla 39363"
22125,2025-11-01,266,4.29,62,"INE, Viviendas turísticas en España, tabla 39363"
23005,2025-11-01,242,5.15,47,"INE, Viviendas turísticas en España, tabla 39363"
23050,2025-11-01,862,4.14,208,"INE, Viviendas turísticas en España, tabla 39363"
23055,2025-11-01,187,4.79,39,"INE, Viviendas turísticas en España, tabla 39363"
23092,2025-11-01,695,4.76,146,"INE, Viviendas turísticas en España, tabla 39363"
24089,2025-11-01,2411,4.89,493,"INE, Viviendas turísticas en España, tabla 39363"
24115,2025-11-01,473,4.64,102,"INE, Viviendas turísticas en España, tabla 39363"
24142,2025-11-01,107,7.13,15,"INE, Viviendas turísticas en España, tabla 39363"
25120,2025-11-01,247,4.57,54,"INE, Viviendas turísticas en España, tabla 39363"
26089,2025-11-01,3029,5.56,545,"INE, Viviendas turísticas en España, tabla 39363"
27028,2025-11-01,813,4.7,173,"INE, Viviendas turísticas en España, tabla 39363"
28005,2025-11-01,879,3.84,229,"INE, Viviendas turísticas en España, tabla 39363"
28006,2025-11-01,205,3.2,64,"INE, Viviendas turísticas en España, tabla 39363"
28007,2025-11-01,113,2.69,42,"INE, Viviendas turísticas en España, tabla 39363"
28013,2025-11-01,232,4.14,56,"INE, Viviendas turísticas en España, tabla 39363"
28014,2025-11-01,60,3.0,20,"INE, Viviendas turísticas en España, tabla 39363"
28022,2025-11-01,82,3.42,24,"INE, Viviendas turísticas en España, tabla 39363"
28045,2025-11-01,53,5.3,10,"INE, Viviendas turísticas en España, tabla 39363"
28047,2025-11-01,109,5.19,21,"INE, Viviendas turísticas en España, tabla 39363"
28049,2025-11-01,87,3.35,26,"INE, Viviendas turísticas en España, tabla 39363"
28058,2025-11-01,49,2.04,24,"INE, Viviendas turísticas en España, tabla 39363"
28061,2025-11-01,167,4.51,37,"INE, Viviendas turísticas en España, tabla 39363"
28065,2025-11-01,169,2.41,70,"INE, Viviendas turísticas en España, tabla 39363"
28074,2025-11-01,122,3.13,39,"INE, Viviendas turísticas en España, tabla 39363"
28079,2025-11-01,38095,3.01,12637,"INE, Viviendas turísticas en España, tabla 39363"
28080,2025-11-01,57,2.38,24,"INE, Viviendas turísticas en España, tabla 39363"
28092,2025-11-01,159,2.74,58,"INE, Viviendas turísticas en España, tabla 39363"
28096,2025-11-01,83,6.38,13,"INE, Viviendas turísticas en España, tabla 39363"
28106,2025-11-01,82,2.22,37,"INE, Viviendas turísticas en España, tabla 39363"
28113,2025-11-01,92,4.0,23,"INE, Viviendas turísticas en España, tabla 39363"
28115,2025-11-01,116,2.27,51,"INE, Viviendas turísticas en España, tabla 39363"
28123,2025-11-01,212,3.37,63,"INE, Viviendas turísticas en España, tabla 39363"
28127,2025-11-01,165,3.37,49,"INE, Viviendas turísticas en España, tabla 39363"
28130,2025-11-01,11,3.67,3,"INE, Viviendas turísticas en España, tabla 39363"
28134,2025-11-01,499,3.59,139,"INE, Viviendas turísticas en España, tabla 39363"
28148,2025-11-01,247,3.17,78,"INE, Viviendas turísticas en España, tabla 39363"
28161,2025-11-01,85,3.15,27,"INE, Viviendas turísticas en España, tabla 39363"
28181,2025-11-01,97,3.23,30,"INE, Viviendas turísticas en España, tabla 39363"
28903,2025-11-01,58,2.32,25,"INE, Viviendas turísticas en España, tabla 39363"
29007,2025-11-01,1307,4.86,269,"INE, Viviendas turísticas en España, tabla 39363"
29015,2025-11-01,862,5.35,161,"INE, Viviendas turísticas en España, tabla 39363"
29025,2025-11-01,17592,4.53,3885,"INE, Viviendas turísticas en España, tabla 39363"
29051,2025-11-01,18328,5.04,3634,"INE, Viviendas turísticas en España, tabla 39363"
29054,2025-11-01,14802,4.69,3158,"INE, Viviendas turísticas en España, tabla 39363"
29067,2025-11-01,35974,4.16,8638,"INE, Viviendas turísticas en España, tabla 39363"
29069,2025-11-01,40542,5.12,7914,"INE, Viviendas turísticas en España, tabla 39363"
29070,2025-11-01,23842,4.78,4993,"INE, Viviendas turísticas en España, tabla 39363"
29082,2025-11-01,3634,4.96,732,"INE, Viviendas turísticas en España, tabla 39363"
29084,2025-11-01,2995,4.67,641,"INE, Viviendas turísticas en España, tabla 39363"
29094,2025-11-01,5048,4.54,1111,"INE, Viviendas turísticas en España, tabla 39363"
29901,2025-11-01,12453,3.99,3120,"INE, Viviendas turísticas en España, tabla 39363"
30003,2025-11-01,1815,5.16,352,"INE, Viviendas turísticas en España, tabla 39363"
30005,2025-11-01,37,5.29,7,"INE, Viviendas turísticas en España, tabla 39363"
30015,2025-11-01,454,7.32,62,"INE, Viviendas turísticas en España, tabla 39363"
30016,2025-11-01,6001,5.27,1138,"INE, Viviendas turísticas en España, tabla 39363"
30019,2025-11-01,39,5.57,7,"INE, Viviendas turísticas en España, tabla 39363"
30022,2025-11-01,101,6.73,15,"INE, Viviendas turísticas en España, tabla 39363"
30024,2025-11-01,386,5.94,65,"INE, Viviendas turísticas en España, tabla 39363"
30026,2025-11-01,2182,5.02,435,"INE, Viviendas turísticas en España, tabla 39363"
30027,2025-11-01,211,7.81,27,"INE, Viviendas turísticas en España, tabla 39363"
30030,2025-11-01,3319,4.72,703,"INE, Viviendas turísticas en España, tabla 39363"
30035,2025-11-01,4527,5.04,898,"INE, Viviendas turísticas en España, tabla 39363"
30037,2025-11-01,2794,4.79,583,"INE, Viviendas turísticas en España, tabla 39363"
30039,2025-11-01,92,5.11,18,"INE, Viviendas turísticas en España, tabla 39363"
30043,2025-11-01,190,5.14,37,"INE, Viviendas turísticas en España, tabla 39363"
31201,2025-11-01,2824,4.75,595,"INE, Viviendas turísticas en España, tabla 39363"
31232,2025-11-01,493,5.19,95,"INE, Viviendas turísticas en España, tabla 39363"
32054,2025-11-01,1302,4.86,268,"INE, Viviendas turísticas en España, tabla 39363"
33004,2025-11-01,589,4.75,124,"INE, Viviendas turísticas en España, tabla 39363"
33024,2025-11-01,5713,4.75,1202,"INE, Viviendas turísticas en España, tabla 39363"
33031,2025-11-01,91,5.69,16,"INE, Viviendas turísticas en España, tabla 39363"
33037,2025-11-01,190,4.75,40,"INE, Viviendas turísticas en España, tabla 39363"
33044,2025-11-01,3388,4.3,788,"INE, Viviendas turísticas en España, tabla 39363"
33066,2025-11-01,354,6.32,56,"INE, Viviendas turísticas en España, tabla 39363"
34120,2025-11-01,199,4.15,48,"INE, Viviendas turísticas en España, tabla 39363"
35002,2025-11-01,1305,4.26,306,"INE, Viviendas turísticas en España, tabla 39363"
35004,2025-11-01,2036,3.95,515,"INE, Viviendas turísticas en España, tabla 39363"
35006,2025-11-01,622,4.78,130,"INE, Viviendas turísticas en España, tabla 39363"
35011,2025-11-01,606,4.42,137,"INE, Viviendas turísticas en España, tabla 39363"
35014,2025-11-01,17287,4.27,4047,"INE, Viviendas turísticas en España, tabla 39363"
35016,2025-11-01,10586,3.53,2995,"INE, Viviendas turísticas en España, tabla 39363"
35017,2025-11-01,1600,4.06,394,"INE, Viviendas turísticas en España, tabla 39363"
35019,2025-11-01,16341,4.18,3912,"INE, Viviendas turísticas en España, tabla 39363"
35022,2025-11-01,1070,3.91,274,"INE, Viviendas turísticas en España, tabla 39363"
35026,2025-11-01,2001,4.16,481,"INE, Viviendas turísticas en España, tabla 39363"
36008,2025-11-01,1423,4.55,313,"INE, Viviendas turísticas en España, tabla 39363"
36026,2025-11-01,727,5.05,144,"INE, Viviendas turísticas en España, tabla 39363"
36038,2025-11-01,1228,4.97,247,"INE, Viviendas turísticas en España, tabla 39363"
36045,2025-11-01,903,5.64,160,"INE, Viviendas turísticas en España, tabla 39363"
36057,2025-11-01,5262,4.46,1180,"INE, Viviendas turísticas en España, tabla 39363"
36060,2025-11-01,1240,5.12,242,"INE, Viviendas turísticas en España, tabla 39363"
37274,2025-11-01,2624,4.32,607,"INE, Viviendas turísticas en España, tabla 39363"
38001,2025-11-01,17744,4.34,4086,"INE, Viviendas turísticas en España, tabla 39363"
38006,2025-11-01,16918,3.99,4241,"INE, Viviendas turísticas en España, tabla 39363"
38011,2025-11-01,1626,4.2,387,"INE, Viviendas turísticas en España, tabla 39363"
38017,2025-11-01,4543,4.16,1093,"INE, Viviendas turísticas en España, tabla 39363"
38023,2025-11-01,2047,3.68,557,"INE, Viviendas turísticas en España, tabla 39363"
38026,2025-11-01,1497,4.26,351,"INE, Viviendas turísticas en España, tabla 39363"
38028,2025-11-01,3585,3.45,1039,"INE, Viviendas turísticas en España, tabla 39363"
38031,2025-11-01,1121,3.93,285,"INE, Viviendas turísticas en España, tabla 39363"
38038,2025-11-01,3812,3.91,974,"INE, Viviendas turísticas en España, tabla 39363"
39016,2025-11-01,302,5.03,60,"INE, Viviendas turísticas en España, tabla 39363"
39020,2025-11-01,873,5.11,171,"INE, Viviendas turísticas en España, tabla 39363"
39075,2025-11-01,5144,4.23,1216,"INE, Viviendas turísticas en España, tabla 39363"
39087,2025-11-01,266,4.84,55,"INE, Viviendas turísticas en España, tabla 39363"
40194,2025-11-01,608,5.33,114,"INE, Viviendas turísticas en España, tabla 39363"
41004,2025-11-01,415,5.46,76,"INE, Viviendas turísticas en España, tabla 39363"
41021,2025-11-01,190,4.22,45,"INE, Viviendas turísticas en España, tabla 39363"
41024,2025-11-01,576,5.33,108,"INE, Viviendas turísticas en España, tabla 39363"
41034,2025-11-01,85,4.47,19,"INE, Viviendas turísticas en España, tabla 39363"
41038,2025-11-01,501,4.73,106,"INE, Viviendas turísticas en España, tabla 39363"
41039,2025-11-01,295,5.57,53,"INE, Viviendas turísticas en España, tabla 39363"
41053,2025-11-01,58,5.27,11,"INE, Viviendas turísticas en España, tabla 39363"
41059,2025-11-01,408,5.04,81,"INE, Viviendas turísticas en España, tabla 39363"
41065,2025-11-01,58,7.25,8,"INE, Viviendas turísticas en España, tabla 39363"
41069,2025-11-01,53,7.57,7,"INE, Viviendas turísticas en España, tabla 39363"
41081,2025-11-01,81,5.06,16,"INE, Viviendas turísticas en España, tabla 39363"
41091,2025-11-01,29763,4.2,7087,"INE, Viviendas turísticas en España, tabla 39363"
41095,2025-11-01,148,4.93,30,"INE, Viviendas turísticas en España, tabla 39363"
42173,2025-11-01,815,5.4,151,"INE, Viviendas turísticas en España, tabla 39363"
43038,2025-11-01,5416,5.71,948,"INE, Viviendas turísticas en España, tabla 39363"
43123,2025-11-01,291,5.6,52,"INE, Viviendas turísticas en España, tabla 39363"
43148,2025-11-01,4287,5.75,746,"INE, Viviendas turísticas en España, tabla 39363"
43155,2025-11-01,272,5.23,52,"INE, Viviendas turísticas en España, tabla 39363"
43163,2025-11-01,1812,5.96,304,"INE, Viviendas turísticas en España, tabla 39363"
43905,2025-11-01,12683,5.88,2157,"INE, Viviendas turísticas en España, tabla 39363"
44216,2025-11-01,685,5.71,120,"INE, Viviendas turísticas en España, tabla 39363"
45081,2025-11-01,38,4.22,9,"INE, Viviendas turísticas en España, tabla 39363"
45165,2025-11-01,264,4.19,63,"INE, Viviendas turísticas en España, tabla 39363"
45168,2025-11-01,3540,4.91,721,"INE, Viviendas turísticas en España, tabla 39363"
46005,2025-11-01,59,4.21,14,"INE, Viviendas turísticas en España, tabla 39363"
46017,2025-11-01,200,5.13,39,"INE, Viviendas turísticas en España, tabla 39363"
46021,2025-11-01,31,4.43,7,"INE, Viviendas turísticas en España, tabla 39363"
46029,2025-11-01,49,4.45,11,"INE, Viviendas turísticas en España, tabla 39363"
46078,2025-11-01,282,4.34,65,"INE, Viviendas turísticas en España, tabla 39363"
46094,2025-11-01,113,4.71,24,"INE, Viviendas turísticas en España, tabla 39363"
46102,2025-11-01,27,5.4,5,"INE, Viviendas turísticas en España, tabla 39363"
46110,2025-11-01,46,4.18,11,"INE, Viviendas turísticas en España, tabla 39363"
46131,2025-11-01,5608,5.12,1096,"INE, Viviendas turísticas en España, tabla 39363"
46145,2025-11-01,263,4.78,55,"INE, Viviendas turísticas en España, tabla 39363"
46159,2025-11-01,192,6.19,31,"INE, Viviendas turísticas en España, tabla 39363"
46169,2025-11-01,273,5.06,54,"INE, Viviendas turísticas en España, tabla 39363"
46181,2025-11-01,4663,5.15,906,"INE, Viviendas turísticas en España, tabla 39363"
46184,2025-11-01,240,4.71,51,"INE, Viviendas turísticas en España, tabla 39363"
46190,2025-11-01,482,5.02,96,"INE, Viviendas turísticas en España, tabla 39363"
46220,2025-11-01,2107,5.49,384,"INE, Viviendas turísticas en España, tabla 39363"
46235,2025-11-01,975,5.64,173,"INE, Viviendas turísticas en España, tabla 39363"
46244,2025-11-01,253,5.27,48,"INE, Viviendas turísticas en España, tabla 39363"
46250,2025-11-01,25390,4.34,5852,"INE, Viviendas turísticas en España, tabla 39363"
47186,2025-11-01,900,3.72,242,"INE, Viviendas turísticas en España, tabla 39363"
48013,2025-11-01,298,3.87,77,"INE, Viviendas turísticas en España, tabla 39363"
48015,2025-11-01,83,3.32,25,"INE, Viviendas turísticas en España, tabla 39363"
48020,2025-11-01,4613,3.85,1199,"INE, Viviendas turísticas en España, tabla 39363"
48027,2025-11-01,49,3.77,13,"INE, Viviendas turísticas en España, tabla 39363"
48036,2025-11-01,31,3.44,9,"INE, Viviendas turísticas en España, tabla 39363"
48044,2025-11-01,451,4.34,104,"INE, Viviendas turísticas en España, tabla 39363"
48054,2025-11-01,34,3.78,9,"INE, Viviendas turísticas en España, tabla 39363"
48078,2025-11-01,78,3.39,23,"INE, Viviendas turísticas en España, tabla 39363"
48082,2025-11-01,68,3.58,19,"INE, Viviendas turísticas en España, tabla 39363"
48084,2025-11-01,66,3.3,20,"INE, Viviendas turísticas en España, tabla 39363"
49275,2025-11-01,828,4.87,170,"INE, Viviendas turísticas en España, tabla 39363"
50297,2025-11-01,3575,4.36,820,"INE, Viviendas turísticas en España, tabla 39363"
51001,2025-11-01,183,3.98,46,"INE, Viviendas turísticas en España, tabla 39363"
52001,2025-11-01,143,4.77,30,"INE, Viviendas turísticas en España, tabla 39363"
01059,2026-05-01,409,3.97,103,"INE, Viviendas turísticas en España, tabla 39363"
02003,2026-05-01,989,4.58,216,"INE, Viviendas turísticas en España, tabla 39363"
02009,2026-05-01,150,4.29,35,"INE, Viviendas turísticas en España, tabla 39363"
02037,2026-05-01,118,5.13,23,"INE, Viviendas turísticas en España, tabla 39363"
02081,2026-05-01,123,8.2,15,"INE, Viviendas turísticas en España, tabla 39363"
03009,2026-05-01,251,4.11,61,"INE, Viviendas turísticas en España, tabla 39363"
03014,2026-05-01,12519,4.39,2854,"INE, Viviendas turísticas en España, tabla 39363"
03031,2026-05-01,11670,4.55,2564,"INE, Viviendas turísticas en España, tabla 39363"
03047,2026-05-01,15792,5.37,2943,"INE, Viviendas turísticas en España, tabla 39363"
03050,2026-05-01,5899,5.46,1081,"INE, Viviendas turísticas en España, tabla 39363"
03059,2026-05-01,91,5.69,16,"INE, Viviendas turísticas en España, tabla 39363"
03063,2026-05-01,14679,5.02,2926,"INE, Viviendas turísticas en España, tabla 39363"
03065,2026-05-01,2697,5.02,537,"INE, Viviendas turísticas en España, tabla 39363"
03066,2026-05-01,122,5.81,21,"INE, Viviendas turísticas en España, tabla 39363"
03082,2026-05-01,14683,6.1,2406,"INE, Viviendas turísticas en España, tabla 39363"
03093,2026-05-01,155,4.56,34,"INE, Viviendas turísticas en España, tabla 39363"
03099,2026-05-01,10674,5.11,2090,"INE, Viviendas turísticas en España, tabla 39363"
03104,2026-05-01,50,4.55,11,"INE, Viviendas turísticas en España, tabla 39363"
03121,2026-05-01,7985,5.16,1548,"INE, Viviendas turísticas en España, tabla 39363"
03122,2026-05-01,359,6.19,58,"INE, Viviendas turísticas en España, tabla 39363"
03133,2026-05-01,17195,4.42,3887,"INE, Viviendas turísticas en España, tabla 39363"
03139,2026-05-01,4080,4.4,928,"INE, Viviendas turísticas en España, tabla 39363"
03140,2026-05-01,225,6.08,37,"INE, Viviendas turísticas en España, tabla 39363"
04013,2026-05-01,4269,4.45,960,"INE, Viviendas turísticas en España, tabla 39363"
04066,2026-05-01,5141,4.83,1065,"INE, Viviendas turísticas en España, tabla 39363"
04079,2026-05-01,4572,4.4,1040,"INE, Viviendas turísticas en España, tabla 39363"
04902,2026-05-01,732,4.49,163,"INE, Viviendas turísticas en España, tabla 39363"
05019,2026-05-01,1031,5.03,205,"INE, Viviendas turísticas en España, tabla 39363"
06011,2026-05-01,42,3.82,11,"INE, Viviendas turísticas en España, tabla 39363"
06015,2026-05-01,416,4.24,98,"INE, Viviendas turísticas en España, tabla 39363"
06044,2026-05-01,47,5.88,8,"INE, Viviendas turísticas en España, tabla 39363"
06083,2026-05-01,1112,4.12,270,"INE, Viviendas turísticas en España, tabla 39363"
06153,2026-05-01,66,3.3,20,"INE, Viviendas turísticas en España, tabla 39363"
07011,2026-05-01,2159,6.79,318,"INE, Viviendas turísticas en España, tabla 39363"
07015,2026-05-01,6857,5.36,1280,"INE, Viviendas turísticas en España, tabla 39363"
07026,2026-05-01,489,4.79,102,"INE, Viviendas turísticas en España, tabla 39363"
07027,2026-05-01,1497,6.59,227,"INE, Viviendas turísticas en España, tabla 39363"
07031,2026-05-01,3659,6.79,539,"INE, Viviendas turísticas en España, tabla 39363"
07032,2026-05-01,1138,6.62,172,"INE, Viviendas turísticas en España, tabla 39363"
07033,2026-05-01,5437,6.4,850,"INE, Viviendas turísticas en España, tabla 39363"
07036,2026-05-01,791,7.53,105,"INE, Viviendas turísticas en España, tabla 39363"
07040,2026-05-01,3501,6.51,538,"INE, Viviendas turísticas en España, tabla 39363"
07054,2026-05-01,5954,7.72,771,"INE, Viviendas turísticas en España, tabla 39363"
08015,2026-05-01,894,3.92,228,"INE, Viviendas turísticas en España, tabla 39363"
08019,2026-05-01,38864,4.72,8231,"INE, Viviendas turísticas en España, tabla 39363"
08056,2026-05-01,1221,5.17,236,"INE, Viviendas turísticas en España, tabla 39363"
08073,2026-05-01,377,4.33,87,"INE, Viviendas turísticas en España, tabla 39363"
08077,2026-05-01,161,3.29,49,"INE, Viviendas turísticas en España, tabla 39363"
08089,2026-05-01,331,5.02,66,"INE, Viviendas turísticas en España, tabla 39363"
08096,2026-05-01,56,4.31,13,"INE, Viviendas turísticas en España, tabla 39363"
08101,2026-05-01,3268,3.67,890,"INE, Viviendas turísticas en España, tabla 39363"
08102,2026-05-01,76,4.0,19,"INE, Viviendas turísticas en España, tabla 39363"
08113,2026-05-01,286,3.81,75,"INE, Viviendas turísticas en España, tabla 39363"
08114,2026-05-01,37,3.08,12,"INE, Viviendas turísticas en España, tabla 39363"
08121,2026-05-01,547,4.21,130,"INE, Viviendas turísticas en España, tabla 39363"
08124,2026-05-01,50,5.0,10,"INE, Viviendas turísticas en España, tabla 39363"
08125,2026-05-01,48,4.0,12,"INE, Viviendas turísticas en España, tabla 39363"
08163,2026-05-01,1270,5.02,253,"INE, Viviendas turísticas en España, tabla 39363"
08169,2026-05-01,264,3.52,75,"INE, Viviendas turísticas en España, tabla 39363"
08172,2026-05-01,234,4.5,52,"INE, Viviendas turísticas en España, tabla 39363"
08180,2026-05-01,25,4.17,6,"INE, Viviendas turísticas en España, tabla 39363"
08184,2026-05-01,175,5.65,31,"INE, Viviendas turísticas en España, tabla 39363"
08187,2026-05-01,285,4.13,69,"INE, Viviendas turísticas en España, tabla 39363"
08194,2026-05-01,1080,4.62,234,"INE, Viviendas turísticas en España, tabla 39363"
08196,2026-05-01,0,,0,"INE, Viviendas turísticas en España, tabla 39363"
08200,2026-05-01,89,4.94,18,"INE, Viviendas turísticas en España, tabla 39363"
08205,2026-05-01,400,4.6,87,"INE, Viviendas turísticas en España, tabla 39363"
08211,2026-05-01,51,3.92,13,"INE, Viviendas turísticas en España, tabla 39363"
08217,2026-05-01,42,3.5,12,"INE, Viviendas turísticas en España, tabla 39363"
08231,2026-05-01,1106,6.91,160,"INE, Viviendas turísticas en España, tabla 39363"
08245,2026-05-01,224,3.93,57,"INE, Viviendas turísticas en España, tabla 39363"
08252,2026-05-01,59,4.92,12,"INE, Viviendas turísticas en España, tabla 39363"
08260,2026-05-01,0,,0,"INE, Viviendas turísticas en España, tabla 39363"
08263,2026-05-01,28,4.67,6,"INE, Viviendas turísticas en España, tabla 39363"
08266,2026-05-01,112,4.48,25,"INE, Viviendas turísticas en España, tabla 39363"
08270,2026-05-01,5051,5.44,929,"INE, Viviendas turísticas en España, tabla 39363"
08279,2026-05-01,529,3.83,138,"INE, Viviendas turísticas en España, tabla 39363"
08298,2026-05-01,264,5.5,48,"INE, Viviendas turísticas en España, tabla 39363"
08301,2026-05-01,121,5.26,23,"INE, Viviendas turísticas en España, tabla 39363"
08305,2026-05-01,99,4.3,23,"INE, Viviendas turísticas en España, tabla 39363"
08307,2026-05-01,1112,5.22,213,"INE, Viviendas turísticas en España, tabla 39363"
09018,2026-05-01,205,4.18,49,"INE, Viviendas turísticas en España, tabla 39363"
09059,2026-05-01,2021,4.67,433,"INE, Viviendas turísticas en España, tabla 39363"
09219,2026-05-01,18,4.5,4,"INE, Viviendas turísticas en España, tabla 39363"
10037,2026-05-01,1624,4.21,386,"INE, Viviendas turísticas en España, tabla 39363"
10148,2026-05-01,413,4.26,97,"INE, Viviendas turísticas en España, tabla 39363"
11004,2026-05-01,576,4.36,132,"INE, Viviendas turísticas en España, tabla 39363"
11006,2026-05-01,1452,5.22,278,"INE, Viviendas turísticas en España, tabla 39363"
11012,2026-05-01,6515,4.43,1471,"INE, Viviendas turísticas en España, tabla 39363"
11015,2026-05-01,9187,5.61,1637,"INE, Viviendas turísticas en España, tabla 39363"
11020,2026-05-01,4681,4.44,1054,"INE, Viviendas turísticas en España, tabla 39363"
11022,2026-05-01,700,5.22,134,"INE, Viviendas turísticas en España, tabla 39363"
11027,2026-05-01,5577,5.51,1013,"INE, Viviendas turísticas en España, tabla 39363"
11028,2026-05-01,516,5.27,98,"INE, Viviendas turísticas en España, tabla 39363"
11030,2026-05-01,2391,5.08,471,"INE, Viviendas turísticas en España, tabla 39363"
11031,2026-05-01,744,4.4,169,"INE, Viviendas turísticas en España, tabla 39363"
11032,2026-05-01,4254,5.01,849,"INE, Viviendas turísticas en España, tabla 39363"
11033,2026-05-01,2549,5.17,493,"INE, Viviendas turísticas en España, tabla 39363"
12009,2026-05-01,127,5.77,22,"INE, Viviendas turísticas en España, tabla 39363"
12027,2026-05-01,978,4.91,199,"INE, Viviendas turísticas en España, tabla 39363"
12032,2026-05-01,403,5.52,73,"INE, Viviendas turísticas en España, tabla 39363"
12040,2026-05-01,1876,4.77,393,"INE, Viviendas turísticas en España, tabla 39363"
12084,2026-05-01,53,3.53,15,"INE, Viviendas turísticas en España, tabla 39363"
12126,2026-05-01,90,6.0,15,"INE, Viviendas turísticas en España, tabla 39363"
12135,2026-05-01,95,3.96,24,"INE, Viviendas turísticas en España, tabla 39363"
12138,2026-05-01,2909,5.25,554,"INE, Viviendas turísticas en España, tabla 39363"
13005,2026-05-01,96,5.65,17,"INE, Viviendas turísticas en España, tabla 39363"
13034,2026-05-01,266,4.59,58,"INE, Viviendas turísticas en España, tabla 39363"
13071,2026-05-01,74,4.93,15,"INE, Viviendas turísticas en España, tabla 39363"
13082,2026-05-01,181,5.84,31,"INE, Viviendas turísticas en España, tabla 39363"
13087,2026-05-01,119,4.96,24,"INE, Viviendas turísticas en España, tabla 39363"
14021,2026-05-01,11283,4.74,2379,"INE, Viviendas turísticas en España, tabla 39363"
14038,2026-05-01,330,6.11,54,"INE, Viviendas turísticas en España, tabla 39363"
14056,2026-05-01,127,6.35,20,"INE, Viviendas turísticas en España, tabla 39363"
15002,2026-05-01,402,5.51,73,"INE, Viviendas turísticas en España, tabla 39363"
15005,2026-05-01,179,6.17,29,"INE, Viviendas turísticas en España, tabla 39363"
15019,2026-05-01,544,5.85,93,"INE, Viviendas turísticas en España, tabla 39363"
15030,2026-05-01,1948,4.38,445,"INE, Viviendas turísticas en España, tabla 39363"
15031,2026-05-01,76,4.22,18,"INE, Viviendas turísticas en España, tabla 39363"
15036,2026-05-01,1065,4.69,227,"INE, Viviendas turísticas en España, tabla 39363"
15054,2026-05-01,149,6.21,24,"INE, Viviendas turísticas en España, tabla 39363"
15058,2026-05-01,311,4.64,67,"INE, Viviendas turísticas en España, tabla 39363"
15073,2026-05-01,1340,5.06,265,"INE, Viviendas turísticas en España, tabla 39363"
15078,2026-05-01,1981,4.72,420,"INE, Viviendas turísticas en España, tabla 39363"
16078,2026-05-01,1554,4.41,352,"INE, Viviendas turísticas en España, tabla 39363"
17023,2026-05-01,2941,5.5,535,"INE, Viviendas turísticas en España, tabla 39363"
17066,2026-05-01,634,4.37,145,"INE, Viviendas turísticas en España, tabla 39363"
17079,2026-05-01,2285,4.37,523,"INE, Viviendas turísticas en España, tabla 39363"
17095,2026-05-01,10102,5.9,1713,"INE, Viviendas turísticas en España, tabla 39363"
17114,2026-05-01,484,5.2,93,"INE, Viviendas turísticas en España, tabla 39363"
17155,2026-05-01,53,5.3,10,"INE, Viviendas turísticas en España, tabla 39363"
18017,2026-05-01,8005,5.3,1511,"INE, Viviendas turísticas en España, tabla 39363"
18087,2026-05-01,13861,4.47,3098,"INE, Viviendas turísticas en España, tabla 39363"
18140,2026-05-01,1549,5.72,271,"INE, Viviendas turísticas en España, tabla 39363"
19046,2026-05-01,28,5.6,5,"INE, Viviendas turísticas en España, tabla 39363"
19130,2026-05-01,253,5.27,48,"INE, Viviendas turísticas en España, tabla 39363"
20030,2026-05-01,10,5.0,2,"INE, Viviendas turísticas en España, tabla 39363"
20045,2026-05-01,257,4.76,54,"INE, Viviendas turísticas en España, tabla 39363"
20067,2026-05-01,88,4.19,21,"INE, Viviendas turísticas en España, tabla 39363"
20069,2026-05-01,5592,4.14,1350,"INE, Viviendas turísticas en España, tabla 39363"
21041,2026-05-01,787,4.74,166,"INE, Viviendas turísticas en España, tabla 39363"
21044,2026-05-01,1026,5.26,195,"INE, Viviendas turísticas en España, tabla 39363"
22125,2026-05-01,278,4.48,62,"INE, Viviendas turísticas en España, tabla 39363"
23005,2026-05-01,244,5.08,48,"INE, Viviendas turísticas en España, tabla 39363"
23050,2026-05-01,837,4.02,208,"INE, Viviendas turísticas en España, tabla 39363"
23055,2026-05-01,192,4.57,42,"INE, Viviendas turísticas en España, tabla 39363"
23092,2026-05-01,685,4.76,144,"INE, Viviendas turísticas en España, tabla 39363"
24089,2026-05-01,2544,5.05,504,"INE, Viviendas turísticas en España, tabla 39363"
24115,2026-05-01,523,4.8,109,"INE, Viviendas turísticas en España, tabla 39363"
24142,2026-05-01,99,5.82,17,"INE, Viviendas turísticas en España, tabla 39363"
25120,2026-05-01,229,4.67,49,"INE, Viviendas turísticas en España, tabla 39363"
26089,2026-05-01,3098,5.68,545,"INE, Viviendas turísticas en España, tabla 39363"
27028,2026-05-01,929,4.51,206,"INE, Viviendas turísticas en España, tabla 39363"
28005,2026-05-01,946,3.93,241,"INE, Viviendas turísticas en España, tabla 39363"
28006,2026-05-01,171,3.11,55,"INE, Viviendas turísticas en España, tabla 39363"
28007,2026-05-01,123,3.08,40,"INE, Viviendas turísticas en España, tabla 39363"
28013,2026-05-01,225,4.33,52,"INE, Viviendas turísticas en España, tabla 39363"
28014,2026-05-01,49,3.5,14,"INE, Viviendas turísticas en España, tabla 39363"
28022,2026-05-01,92,4.38,21,"INE, Viviendas turísticas en España, tabla 39363"
28045,2026-05-01,36,7.2,5,"INE, Viviendas turísticas en España, tabla 39363"
28047,2026-05-01,130,6.5,20,"INE, Viviendas turísticas en España, tabla 39363"
28049,2026-05-01,86,3.19,27,"INE, Viviendas turísticas en España, tabla 39363"
28058,2026-05-01,64,2.37,27,"INE, Viviendas turísticas en España, tabla 39363"
28061,2026-05-01,162,3.52,46,"INE, Viviendas turísticas en España, tabla 39363"
28065,2026-05-01,217,3.14,69,"INE, Viviendas turísticas en España, tabla 39363"
28074,2026-05-01,173,3.2,54,"INE, Viviendas turísticas en España, tabla 39363"
28079,2026-05-01,38513,3.55,10836,"INE, Viviendas turísticas en España, tabla 39363"
28080,2026-05-01,68,2.96,23,"INE, Viviendas turísticas en España, tabla 39363"
28092,2026-05-01,156,2.84,55,"INE, Viviendas turísticas en España, tabla 39363"
28096,2026-05-01,85,7.08,12,"INE, Viviendas turísticas en España, tabla 39363"
28106,2026-05-01,63,2.25,28,"INE, Viviendas turísticas en España, tabla 39363"
28113,2026-05-01,114,3.93,29,"INE, Viviendas turísticas en España, tabla 39363"
28115,2026-05-01,203,3.03,67,"INE, Viviendas turísticas en España, tabla 39363"
28123,2026-05-01,159,3.24,49,"INE, Viviendas turísticas en España, tabla 39363"
28127,2026-05-01,159,3.46,46,"INE, Viviendas turísticas en España, tabla 39363"
28130,2026-05-01,19,3.8,5,"INE, Viviendas turísticas en España, tabla 39363"
28134,2026-05-01,502,3.72,135,"INE, Viviendas turísticas en España, tabla 39363"
28148,2026-05-01,227,3.55,64,"INE, Viviendas turísticas en España, tabla 39363"
28161,2026-05-01,81,3.24,25,"INE, Viviendas turísticas en España, tabla 39363"
28181,2026-05-01,81,3.12,26,"INE, Viviendas turísticas en España, tabla 39363"
28903,2026-05-01,82,3.42,24,"INE, Viviendas turísticas en España, tabla 39363"
29007,2026-05-01,1243,5.03,247,"INE, Viviendas turísticas en España, tabla 39363"
29015,2026-05-01,926,5.17,179,"INE, Viviendas turísticas en España, tabla 39363"
29025,2026-05-01,15656,4.43,3532,"INE, Viviendas turísticas en España, tabla 39363"
29051,2026-05-01,16816,5.0,3362,"INE, Viviendas turísticas en España, tabla 39363"
29054,2026-05-01,13319,4.59,2903,"INE, Viviendas turísticas en España, tabla 39363"
29067,2026-05-01,34724,4.19,8288,"INE, Viviendas turísticas en España, tabla 39363"
29069,2026-05-01,36435,5.21,6987,"INE, Viviendas turísticas en España, tabla 39363"
29070,2026-05-01,21572,4.83,4465,"INE, Viviendas turísticas en España, tabla 39363"
29082,2026-05-01,3387,5.15,658,"INE, Viviendas turísticas en España, tabla 39363"
29084,2026-05-01,2913,4.74,615,"INE, Viviendas turísticas en España, tabla 39363"
29094,2026-05-01,5345,4.72,1133,"INE, Viviendas turísticas en España, tabla 39363"
29901,2026-05-01,10929,4.02,2721,"INE, Viviendas turísticas en España, tabla 39363"
30003,2026-05-01,2221,5.21,426,"INE, Viviendas turísticas en España, tabla 39363"
30005,2026-05-01,71,5.92,12,"INE, Viviendas turísticas en España, tabla 39363"
30015,2026-05-01,438,6.0,73,"INE, Viviendas turísticas en España, tabla 39363"
30016,2026-05-01,6961,5.33,1307,"INE, Viviendas turísticas en España, tabla 39363"
30019,2026-05-01,61,6.1,10,"INE, Viviendas turísticas en España, tabla 39363"
30022,2026-05-01,76,4.75,16,"INE, Viviendas turísticas en España, tabla 39363"
30024,2026-05-01,373,5.57,67,"INE, Viviendas turísticas en España, tabla 39363"
30026,2026-05-01,2497,5.04,495,"INE, Viviendas turísticas en España, tabla 39363"
30027,2026-05-01,154,5.7,27,"INE, Viviendas turísticas en España, tabla 39363"
30030,2026-05-01,3690,4.75,777,"INE, Viviendas turísticas en España, tabla 39363"
30035,2026-05-01,4778,5.08,940,"INE, Viviendas turísticas en España, tabla 39363"
30037,2026-05-01,3379,4.96,681,"INE, Viviendas turísticas en España, tabla 39363"
30039,2026-05-01,104,5.78,18,"INE, Viviendas turísticas en España, tabla 39363"
30043,2026-05-01,182,4.92,37,"INE, Viviendas turísticas en España, tabla 39363"
31201,2026-05-01,2804,4.66,602,"INE, Viviendas turísticas en España, tabla 39363"
31232,2026-05-01,559,5.22,107,"INE, Viviendas turísticas en España, tabla 39363"
32054,2026-05-01,1275,4.85,263,"INE, Viviendas turísticas en España, tabla 39363"
33004,2026-05-01,638,4.8,133,"INE, Viviendas turísticas en España, tabla 39363"
33024,2026-05-01,5954,4.63,1285,"INE, Viviendas turísticas en España, tabla 39363"
33031,2026-05-01,109,5.74,19,"INE, Viviendas turísticas en España, tabla 39363"
33037,2026-05-01,234,4.78,49,"INE, Viviendas turísticas en España, tabla 39363"
33044,2026-05-01,3699,4.38,845,"INE, Viviendas turísticas en España, tabla 39363"
33066,2026-05-01,453,6.12,74,"INE, Viviendas turísticas en España, tabla 39363"
34120,2026-05-01,237,4.47,53,"INE, Viviendas turísticas en España, tabla 39363"
35002,2026-05-01,1401,4.23,331,"INE, Viviendas turísticas en España, tabla 39363"
35004,2026-05-01,2379,3.97,599,"INE, Viviendas turísticas en España, tabla 39363"
35006,2026-05-01,621,4.93,126,"INE, Viviendas turísticas en España, tabla 39363"
35011,2026-05-01,538,4.24,127,"INE, Viviendas turísticas en España, tabla 39363"
35014,2026-05-01,16937,4.26,3979,"INE, Viviendas turísticas en España, tabla 39363"
35016,2026-05-01,9731,3.49,2786,"INE, Viviendas turísticas en España, tabla 39363"
35017,2026-05-01,1621,4.1,395,"INE, Viviendas turísticas en España, tabla 39363"
35019,2026-05-01,16038,4.16,3851,"INE, Viviendas turísticas en España, tabla 39363"
35022,2026-05-01,1037,4.0,259,"INE, Viviendas turísticas en España, tabla 39363"
35026,2026-05-01,1961,4.14,474,"INE, Viviendas turísticas en España, tabla 39363"
36008,2026-05-01,1585,4.69,338,"INE, Viviendas turísticas en España, tabla 39363"
36026,2026-05-01,794,5.12,155,"INE, Viviendas turísticas en España, tabla 39363"
36038,2026-05-01,1399,5.18,270,"INE, Viviendas turísticas en España, tabla 39363"
36045,2026-05-01,1017,6.09,167,"INE, Viviendas turísticas en España, tabla 39363"
36057,2026-05-01,4987,4.46,1119,"INE, Viviendas turísticas en España, tabla 39363"
36060,2026-05-01,1566,5.13,305,"INE, Viviendas turísticas en España, tabla 39363"
37274,2026-05-01,2560,4.28,598,"INE, Viviendas turísticas en España, tabla 39363"
38001,2026-05-01,16321,4.32,3782,"INE, Viviendas turísticas en España, tabla 39363"
38006,2026-05-01,15625,3.94,3967,"INE, Viviendas turísticas en España, tabla 39363"
38011,2026-05-01,1496,4.23,354,"INE, Viviendas turísticas en España, tabla 39363"
38017,2026-05-01,4332,4.13,1048,"INE, Viviendas turísticas en España, tabla 39363"
38023,2026-05-01,2053,3.7,555,"INE, Viviendas turísticas en España, tabla 39363"
38026,2026-05-01,1311,4.43,296,"INE, Viviendas turísticas en España, tabla 39363"
38028,2026-05-01,3361,3.43,981,"INE, Viviendas turísticas en España, tabla 39363"
38031,2026-05-01,1099,3.8,289,"INE, Viviendas turísticas en España, tabla 39363"
38038,2026-05-01,3616,3.86,936,"INE, Viviendas turísticas en España, tabla 39363"
39016,2026-05-01,403,5.84,69,"INE, Viviendas turísticas en España, tabla 39363"
39020,2026-05-01,894,4.94,181,"INE, Viviendas turísticas en España, tabla 39363"
39075,2026-05-01,5538,4.28,1294,"INE, Viviendas turísticas en España, tabla 39363"
39087,2026-05-01,290,4.6,63,"INE, Viviendas turísticas en España, tabla 39363"
40194,2026-05-01,564,5.58,101,"INE, Viviendas turísticas en España, tabla 39363"
41004,2026-05-01,477,5.96,80,"INE, Viviendas turísticas en España, tabla 39363"
41021,2026-05-01,175,4.17,42,"INE, Viviendas turísticas en España, tabla 39363"
41024,2026-05-01,592,5.53,107,"INE, Viviendas turísticas en España, tabla 39363"
41034,2026-05-01,114,5.18,22,"INE, Viviendas turísticas en España, tabla 39363"
41038,2026-05-01,508,5.18,98,"INE, Viviendas turísticas en España, tabla 39363"
41039,2026-05-01,392,5.85,67,"INE, Viviendas turísticas en España, tabla 39363"
41053,2026-05-01,67,4.19,16,"INE, Viviendas turísticas en España, tabla 39363"
41059,2026-05-01,426,5.26,81,"INE, Viviendas turísticas en España, tabla 39363"
41065,2026-05-01,93,10.33,9,"INE, Viviendas turísticas en España, tabla 39363"
41069,2026-05-01,59,7.38,8,"INE, Viviendas turísticas en España, tabla 39363"
41081,2026-05-01,69,4.93,14,"INE, Viviendas turísticas en España, tabla 39363"
41091,2026-05-01,29690,4.28,6937,"INE, Viviendas turísticas en España, tabla 39363"
41095,2026-05-01,184,5.26,35,"INE, Viviendas turísticas en España, tabla 39363"
42173,2026-05-01,835,5.46,153,"INE, Viviendas turísticas en España, tabla 39363"
43038,2026-05-01,6940,5.59,1241,"INE, Viviendas turísticas en España, tabla 39363"
43123,2026-05-01,336,6.0,56,"INE, Viviendas turísticas en España, tabla 39363"
43148,2026-05-01,4087,5.48,746,"INE, Viviendas turísticas en España, tabla 39363"
43155,2026-05-01,256,5.45,47,"INE, Viviendas turísticas en España, tabla 39363"
43163,2026-05-01,1950,6.06,322,"INE, Viviendas turísticas en España, tabla 39363"
43905,2026-05-01,13123,5.62,2337,"INE, Viviendas turísticas en España, tabla 39363"
44216,2026-05-01,752,5.49,137,"INE, Viviendas turísticas en España, tabla 39363"
45081,2026-05-01,28,4.67,6,"INE, Viviendas turísticas en España, tabla 39363"
45165,2026-05-01,305,4.84,63,"INE, Viviendas turísticas en España, tabla 39363"
45168,2026-05-01,3649,4.87,750,"INE, Viviendas turísticas en España, tabla 39363"
46005,2026-05-01,69,3.83,18,"INE, Viviendas turísticas en España, tabla 39363"
46017,2026-05-01,227,5.16,44,"INE, Viviendas turísticas en España, tabla 39363"
46021,2026-05-01,27,4.5,6,"INE, Viviendas turísticas en España, tabla 39363"
46029,2026-05-01,40,5.0,8,"INE, Viviendas turísticas en España, tabla 39363"
46078,2026-05-01,267,4.31,62,"INE, Viviendas turísticas en España, tabla 39363"
46094,2026-05-01,97,4.62,21,"INE, Viviendas turísticas en España, tabla 39363"
46102,2026-05-01,16,4.0,4,"INE, Viviendas turísticas en España, tabla 39363"
46110,2026-05-01,38,4.22,9,"INE, Viviendas turísticas en España, tabla 39363"
46131,2026-05-01,6760,5.12,1321,"INE, Viviendas turísticas en España, tabla 39363"
46145,2026-05-01,245,4.8,51,"INE, Viviendas turísticas en España, tabla 39363"
46159,2026-05-01,187,6.23,30,"INE, Viviendas turísticas en España, tabla 39363"
46169,2026-05-01,241,4.92,49,"INE, Viviendas turísticas en España, tabla 39363"
46181,2026-05-01,4398,5.19,848,"INE, Viviendas turísticas en España, tabla 39363"
46184,2026-05-01,258,4.53,57,"INE, Viviendas turísticas en España, tabla 39363"
46190,2026-05-01,370,5.36,69,"INE, Viviendas turísticas en España, tabla 39363"
46220,2026-05-01,2144,5.5,390,"INE, Viviendas turísticas en España, tabla 39363"
46235,2026-05-01,938,5.58,168,"INE, Viviendas turísticas en España, tabla 39363"
46244,2026-05-01,399,6.65,60,"INE, Viviendas turísticas en España, tabla 39363"
46250,2026-05-01,23080,4.28,5393,"INE, Viviendas turísticas en España, tabla 39363"
47186,2026-05-01,942,3.64,259,"INE, Viviendas turísticas en España, tabla 39363"
48013,2026-05-01,341,4.06,84,"INE, Viviendas turísticas en España, tabla 39363"
48015,2026-05-01,83,3.32,25,"INE, Viviendas turísticas en España, tabla 39363"
48020,2026-05-01,4892,3.89,1257,"INE, Viviendas turísticas en España, tabla 39363"
48027,2026-05-01,38,3.8,10,"INE, Viviendas turísticas en España, tabla 39363"
48036,2026-05-01,37,3.36,11,"INE, Viviendas turísticas en España, tabla 39363"
48044,2026-05-01,514,4.05,127,"INE, Viviendas turísticas en España, tabla 39363"
48054,2026-05-01,88,4.0,22,"INE, Viviendas turísticas en España, tabla 39363"
48078,2026-05-01,82,3.42,24,"INE, Viviendas turísticas en España, tabla 39363"
48082,2026-05-01,63,3.5,18,"INE, Viviendas turísticas en España, tabla 39363"
48084,2026-05-01,60,3.53,17,"INE, Viviendas turísticas en España, tabla 39363"
49275,2026-05-01,826,4.95,167,"INE, Viviendas turísticas en España, tabla 39363"
50297,2026-05-01,3357,4.46,753,"INE, Viviendas turísticas en España, tabla 39363"
51001,2026-05-01,209,4.54,46,"INE, Viviendas turísticas en España, tabla 39363"
52001,2026-05-01,166,4.61,36,"INE, Viviendas turísticas en España, tabla 39363"
