cod_ine,anio,mediana_renta_unidad_consumo,renta_neta_media_hogar,renta_neta_media_persona,pct_renta_alta_200,pct_renta_baja_60,indice_gini,ratio_p80_p20,edad_media,pct_hogares_unipersonales,pct_mayor_65,pct_menor_18,pct_poblacion_espanola,tamano_medio_hogar,fuente
01059,2015,,32848,14025,,,,,42.9,31.2,19.5,17.3,91.5,2.3,"INE, Atlas de distribución de renta de los hogares, tablas 30824, 30829, 37677 y 30832"
01059,2016,,33264,14226,,,,,43.1,31.1,19.9,17.6,91.2,2.3,"INE, Atlas de distribución de renta de los hogares, tablas 30824, 30829, 37677 y 30832"
01059,2017,,33632,14367,,,,,43.3,31.3,20.2,17.6,90.7,2.3,"INE, Atlas de distribución de renta de los hogares, tablas 30824, 30829, 37677 y 30832"
01059,2018,,34645,14708,,,,,43.4,31.2,20.5,17.6,90.1,2.4,"INE, Atlas de distribución de renta de los hogares, tablas 30824, 30829, 37677 y 30832"
01059,2019,,36091,15291,,,,,43.6,31.3,20.8,17.5,89.5,2.4,"INE, Atlas de distribución de renta de los hogares, tablas 30824, 30829, 37677 y 30832"
01059,2020,19950,35532,15110,16.4,15.1,30.9,2.7,43.9,31.5,21.1,17.4,89.5,2.4,"INE, Atlas de distribución de renta de los hogares, tablas 30824, 30829, 37677 y 30832"
01059,2021,20650,36602,15650,15.8,15.2,30.8,2.6,44.2,32.1,21.6,17.2,89.3,2.3,"INE, Atlas de distribución de renta de los hogares, tablas 30824, 30829, 37677 y 30832"
01059,2022,21350,38785,16560,14.8,16.5,31.2,2.7,44.4,32.2,21.9,17.0,88.8,2.3,"INE, Atlas de distribución de renta de los hogares, tablas 30824, 30829, 37677 y 30832"
01059,2023,23450,42117,17982,13.7,14.5,28.9,2.5,44.6,32.4,22.3,16.8,88.4,2.3,"INE, Atlas de distribución de renta de los hogares, tablas 30824, 30829, 37677 y 30832"
02003,2015,13650,28507,10515,12.8,22.7,34.3,3.2,40.2,25.6,15.4,19.2,95.1,2.7,"INE, Atlas de distribución de renta de los hogares, tablas 30824, 30829, 37677 y 30832"
02003,2016,14350,29160,10795,13.4,21.3,33.8,2.9,40.6,25.7,15.6,19.1,95.3,2.7,"INE, Atlas de distribución de renta de los hogares, tablas 30824, 30829, 37677 y 30832"
02003,2017,15050,30173,11223,12.6,21.0,33.1,2.8,40.9,25.9,16.0,19.0,95.2,2.7,"INE, Atlas de distribución de renta de los hogares, tablas 30824, 30829, 37677 y 30832"
02003,2018,15750,31209,11713,11.9,20.6,32.5,2.8,41.2,26.4,16.4,18.9,95.0,2.6,"INE, Atlas de distribución de renta de los hogares, tablas 30824, 30829, 37677 y 30832"
02003,2019,16450,32522,12282,11.5,20.1,31.8,2.8,41.6,26.6,16.8,18.6,94.4,2.6,"INE, Atlas de distribución de renta de los hogares, tablas 30824, 30829, 37677 y 30832"
02003,2020,16450,32861,12529,12.1,19.8,31.9,2.8,41.9,27.1,17.0,18.4,94.5,2.6,"INE, Atlas de distribución de renta de los hogares, tablas 30824, 30829, 37677 y 30832"
02003,2021,17150,34160,13146,11.9,19.0,31.3,2.7,42.2,27.6,17.4,18.2,94.3,2.6,"INE, Atlas de distribución de renta de los hogares, tablas 30824, 30829, 37677 y 30832"
02003,2022,18550,35722,13836,10.4,20.1,31.1,2.7,42.5,28.1,17.8,17.9,94.0,2.6,"INE, Atlas de distribución de renta de los hogares, tablas 30824, 30829, 37677 y 30832"
02003,2023,19250,37457,14611,9.1,20.7,30.7,2.6,42.8,28.4,18.2,17.6,93.5,2.5,"INE, Atlas de distribución de renta de los hogares, tablas 30824, 30829, 37677 y 30832"
02009,2015,12250,23797,9029,6.5,24.0,31.1,2.4,42.0,25.8,17.4,17.5,95.8,2.6,"INE, Atlas de distribución de renta de los hogares, tablas 30824, 30829, 37677 y 30832"
02009,2016,12250,24855,9492,6.9,22.0,30.6,2.3,42.4,25.4,17.7,17.4,96.0,2.6,"INE, Atlas de distribución de renta de los hogares, tablas 30824, 30829, 37677 y 30832"
02009,2017,12950,25469,9776,6.5,22.4,29.9,2.4,42.8,26.2,18.0,17.2,95.7,2.6,"INE, Atlas de distribución de renta de los hogares, tablas 30824, 30829, 37677 y 30832"
02009,2018,13650,26559,10268,6.2,21.0,29.2,2.3,43.1,26.2,18.4,17.0,95.5,2.6,"INE, Atlas de distribución de renta de los hogares, tablas 30824, 30829, 37677 y 30832"
02009,2019,14350,27661,10794,5.7,20.6,28.4,2.3,43.4,26.6,18.8,16.8,95.1,2.6,"INE, Atlas de distribución de renta de los hogares, tablas 30824, 30829, 37677 y 30832"
02009,2020,14350,27375,10752,5.9,21.0,28.7,2.3,43.7,27.1,19.2,16.7,95.1,2.5,"INE, Atlas de distribución de renta de los hogares, tablas 30824, 30829, 37677 y 30832"
02009,2021,15050,28408,11263,5.9,20.9,28.4,2.3,44.1,27.3,19.6,16.4,95.1,2.5,"INE, Atlas de distribución de renta de los hogares, tablas 30824, 30829, 37677 y 30832"
02009,2022,15750,30012,12013,5.3,21.4,27.6,2.3,44.4,27.5,20.2,16.4,94.1,2.5,"INE, Atlas de distribución de renta de los hogares, tablas 30824, 30829, 37677 y 30832"
02009,2023,17150,31858,12842,4.5,22.2,27.1,2.2,44.7,28.0,20.9,16.2,93.3,2.5,"INE, Atlas de distribución de renta de los hogares, tablas 30824, 30829, 37677 y 30832"
02037,2015,10150,21006,7627,4.6,36.2,34.5,2.8,40.5,26.5,16.6,19.5,92.9,2.7,"INE, Atlas de distribución de renta de los hogares, tablas 30824, 30829, 37677 y 30832"
02037,2016,10150,21389,7901,5.0,34.2,33.5,2.8,40.8,27.0,16.8,19.2,93.5,2.7,"INE, Atlas de distribución de renta de los hogares, tablas 30824, 30829, 37677 y 30832"
02037,2017,10850,22138,8250,4.4,33.3,31.9,2.6,41.1,28.0,16.8,18.8,92.7,2.7,"INE, Atlas de distribución de renta de los hogares, tablas 30824, 30829, 37677 y 30832"
02037,2018,11550,22918,8603,3.9,33.4,31.4,2.4,41.4,28.5,16.9,18.4,92.0,2.6,"INE, Atlas de distribución de renta de los hogares, tablas 30824, 30829, 37677 y 30832"
02037,2019,12250,24100,9081,3.7,32.9,30.7,2.5,41.7,28.7,17.0,18.1,91.9,2.6,"INE, Atlas de distribución de renta de los hogares, tablas 30824, 30829, 37677 y 30832"
02037,2020,12250,24660,9296,4.1,31.2,30.5,2.4,41.8,28.3,17.0,17.8,91.0,2.6,"INE, Atlas de distribución de renta de los hogares, tablas 30824, 30829, 37677 y 30832"
02037,2021,12950,25673,9742,4.0,30.8,29.9,2.5,42.0,28.8,17.1,17.5,90.6,2.6,"INE, Atlas de distribución de renta de los hogares, tablas 30824, 30829, 37677 y 30832"
02037,2022,13650,26969,10320,3.1,31.8,29.4,2.4,42.2,29.1,17.4,17.4,90.0,2.6,"INE, Atlas de distribución de renta de los hogares, tablas 30824, 30829, 37677 y 30832"
02037,2023,14350,28793,10960,2.8,32.8,29.3,2.5,42.4,29.1,17.8,17.3,88.8,2.6,"INE, Atlas de distribución de renta de los hogares, tablas 30824, 30829, 37677 y 30832"
02081,2015,10850,22830,8112,4.3,28.6,30.4,2.6,40.4,24.6,16.8,19.4,88.7,2.8,"INE, Atlas de distribución de renta de los hogares, tablas 30824, 30829, 37677 y 30832"
02081,2016,11550,24035,8444,4.9,26.2,30.2,2.4,40.8,23.8,17.2,19.3,89.1,2.8,"INE, Atlas de distribución de renta de los hogares, tablas 30824, 30829, 37677 y 30832"
02081,2017,12250,25146,8994,4.7,24.8,29.0,2.3,40.9,24.4,17.1,19.5,88.9,2.8,"INE, Atlas de distribución de renta de los hogares, tablas 30824, 30829, 37677 y 30832"
02081,2018,12950,26048,9333,4.2,24.4,28.3,2.4,41.2,24.4,17.3,19.1,89.0,2.8,"INE, Atlas de distribución de renta de los hogares, tablas 30824, 30829, 37677 y 30832"
02081,2019,13650,27731,9942,4.2,23.8,27.6,2.4,41.5,24.5,17.4,19.0,88.9,2.8,"INE, Atlas de distribución de renta de los hogares, tablas 30824, 30829, 37677 y 30832"
02081,2020,13650,27629,10004,4.2,24.0,28.0,2.4,41.7,25.2,17.4,18.7,88.8,2.7,"INE, Atlas de distribución de renta de los hogares, tablas 30824, 30829, 37677 y 30832"
02081,2021,14350,28896,10519,3.9,22.5,27.0,2.3,42.1,25.3,17.6,18.4,88.5,2.7,"INE, Atlas de distribución de renta de los hogares, tablas 30824, 30829, 37677 y 30832"
02081,2022,15750,30331,11058,3.4,24.7,27.5,2.2,42.2,25.3,17.8,18.2,87.8,2.7,"INE, Atlas de distribución de renta de los hogares, tablas 30824, 30829, 37677 y 30832"
02081,2023,16450,31856,11716,3.0,26.1,27.2,2.3,42.6,25.7,18.3,17.7,87.3,2.7,"INE, Atlas de distribución de renta de los hogares, tablas 30824, 30829, 37677 y 30832"
03009,2015,12250,23650,9609,8.0,24.5,32.9,2.7,43.1,29.3,19.9,17.3,95.1,2.4,"INE, Atlas de distribución de renta de los hogares, tablas 30824, 30829, 37677 y 30832"
03009,2016,12950,24402,9859,8.5,23.1,32.7,2.8,43.3,29.0,20.1,17.3,94.8,2.4,"INE, Atlas de distribución de renta de los hogares, tablas 30824, 30829, 37677 y 30832"
03009,2017,13650,25190,10288,8.0,22.5,31.5,2.7,43.5,29.7,20.4,17.3,94.4,2.4,"INE, Atlas de distribución de renta de los hogares, tablas 30824, 30829, 37677 y 30832"
03009,2018,14350,26345,10786,7.4,21.5,30.7,2.5,43.8,30.2,20.6,17.1,93.7,2.4,"INE, Atlas de distribución de renta de los hogares, tablas 30824, 30829, 37677 y 30832"
03009,2019,15050,27347,11220,7.0,21.6,29.9,2.4,43.9,30.3,20.8,17.0,92.9,2.4,"INE, Atlas de distribución de renta de los hogares, tablas 30824, 30829, 37677 y 30832"
03009,2020,15050,27794,11496,7.4,21.2,30.0,2.4,44.2,30.7,21.1,16.7,92.6,2.4,"INE, Atlas de distribución de renta de los hogares, tablas 30824, 30829, 37677 y 30832"
03009,2021,15750,28942,12081,7.2,20.5,29.3,2.6,44.4,31.6,21.3,16.4,92.4,2.4,"INE, Atlas de distribución de renta de los hogares, tablas 30824, 30829, 37677 y 30832"
03009,2022,16450,29985,12577,6.0,22.3,29.4,2.5,44.4,31.9,21.4,16.1,91.2,2.4,"INE, Atlas de distribución de renta de los hogares, tablas 30824, 30829, 37677 y 30832"
03009,2023,17150,31566,13256,5.5,24.1,29.6,2.4,44.4,31.9,21.6,16.0,89.6,2.4,"INE, Atlas de distribución de renta de los hogares, tablas 30824, 30829, 37677 y 30832"
03014,2015,12950,26296,10231,12.9,30.1,39.7,3.8,41.9,30.1,18.0,17.9,87.4,2.5,"INE, Atlas de distribución de renta de los hogares, tablas 30824, 30829, 37677 y 30832"
03014,2016,12950,26992,10415,13.4,29.3,39.5,3.8,42.2,29.2,18.4,17.9,87.8,2.5,"INE, Atlas de distribución de renta de los hogares, tablas 30824, 30829, 37677 y 30832"
03014,2017,13650,27759,10802,12.3,28.8,38.1,3.5,42.4,30.2,18.6,17.9,87.2,2.5,"INE, Atlas de distribución de renta de los hogares, tablas 30824, 30829, 37677 y 30832"
03014,2018,14350,28509,11126,11.6,28.7,37.8,3.6,42.5,30.2,18.7,17.9,86.3,2.5,"INE, Atlas de distribución de renta de los hogares, tablas 30824, 30829, 37677 y 30832"
03014,2019,15050,29825,11621,11.0,28.3,37.0,3.5,42.7,30.2,18.9,17.8,85.3,2.5,"INE, Atlas de distribución de renta de los hogares, tablas 30824, 30829, 37677 y 30832"
03014,2020,15050,29745,11676,11.3,28.2,36.7,3.5,42.9,30.5,19.2,17.6,85.4,2.5,"INE, Atlas de distribución de renta de los hogares, tablas 30824, 30829, 37677 y 30832"
03014,2021,15750,30701,12148,10.9,28.0,36.0,3.3,43.2,30.9,19.5,17.3,85.0,2.5,"INE, Atlas de distribución de renta de los hogares, tablas 30824, 30829, 37677 y 30832"
03014,2022,16450,32439,12743,9.7,29.1,35.9,3.4,43.2,30.5,19.5,17.1,82.4,2.5,"INE, Atlas de distribución de renta de los hogares, tablas 30824, 30829, 37677 y 30832"
03014,2023,17150,34936,13681,8.8,30.1,35.7,3.3,43.2,30.4,19.6,16.9,80.8,2.5,"INE, Atlas de distribución de renta de los hogares, tablas 30824, 30829, 37677 y 30832"
03031,2015,11550,20998,9029,6.8,32.8,36.7,3.1,42.7,39.3,18.5,15.5,73.3,2.3,"INE, Atlas de distribución de renta de los hogares, tablas 30824, 30829, 37677 y 30832"
03031,2016,11550,21781,8983,6.9,33.4,37.2,3.5,43.0,37.0,18.9,15.7,73.6,2.3,"INE, Atlas de distribución de renta de los hogares, tablas 30824, 30829, 37677 y 30832"
03031,2017,12250,22793,9724,6.6,29.7,34.7,3.0,43.3,39.3,19.3,15.5,72.9,2.3,"INE, Atlas de distribución de renta de los hogares, tablas 30824, 30829, 37677 y 30832"
03031,2018,12950,23763,10124,6.2,29.8,34.2,2.8,43.6,39.1,19.8,15.3,71.5,2.3,"INE, Atlas de distribución de renta de los hogares, tablas 30824, 30829, 37677 y 30832"
03031,2019,13650,24900,10553,5.8,29.6,33.4,2.8,43.9,39.0,20.2,15.1,70.0,2.3,"INE, Atlas de distribución de renta de los hogares, tablas 30824, 30829, 37677 y 30832"
03031,2020,12250,22939,9891,5.3,35.0,34.7,3.0,44.5,39.5,21.1,14.8,70.8,2.3,"INE, Atlas de distribución de renta de los hogares, tablas 30824, 30829, 37677 y 30832"
03031,2021,13650,24095,10471,5.1,32.8,33.3,2.9,44.9,39.5,22.0,14.7,70.4,2.2,"INE, Atlas de distribución de renta de los hogares, tablas 30824, 30829, 37677 y 30832"
03031,2022,14350,26437,11349,4.7,31.3,32.5,2.8,44.9,38.9,22.3,14.7,69.8,2.3,"INE, Atlas de distribución de renta de los hogares, tablas 30824, 30829, 37677 y 30832"
03031,2023,15750,29146,12263,4.5,31.6,32.6,2.8,44.9,38.3,22.4,14.7,67.9,2.3,"INE, Atlas de distribución de renta de los hogares, tablas 30824, 30829, 37677 y 30832"
03047,2015,10850,21063,8221,6.4,34.2,36.8,3.4,43.3,33.1,20.8,16.3,58.4,2.4,"INE, Atlas de distribución de renta de los hogares, tablas 30824, 30829, 37677 y 30832"
03047,2016,10150,20945,7287,5.4,39.9,39.1,3.8,43.0,24.8,20.5,17.0,56.0,2.5,"INE, Atlas de distribución de renta de los hogares, tablas 30824, 30829, 37677 y 30832"
03047,2017,11550,22369,8663,5.9,32.0,35.2,3.2,43.2,31.7,20.8,17.0,54.7,2.5,"INE, Atlas de distribución de renta de los hogares, tablas 30824, 30829, 37677 y 30832"
03047,2018,12250,23549,9089,5.4,32.4,34.8,3.0,44.4,31.4,23.0,16.0,52.8,2.4,"INE, Atlas de distribución de renta de los hogares, tablas 30824, 30829, 37677 y 30832"
03047,2019,12950,24546,9436,5.0,32.4,34.5,3.1,44.4,31.5,22.8,15.9,51.7,2.5,"INE, Atlas de distribución de renta de los hogares, tablas 30824, 30829, 37677 y 30832"
03047,2020,12250,23413,8996,4.5,35.9,34.7,3.0,44.8,30.9,23.1,15.5,51.6,2.4,"INE, Atlas de distribución de renta de los hogares, tablas 30824, 30829, 37677 y 30832"
03047,2021,13650,25171,9916,5.2,32.6,34.2,2.9,45.2,31.0,23.7,15.3,50.8,2.4,"INE, Atlas de distribución de renta de los hogares, tablas 30824, 30829, 37677 y 30832"
03047,2022,14350,27142,10528,5.0,32.5,34.2,3.1,44.8,30.7,23.2,15.9,48.0,2.4,"INE, Atlas de distribución de renta de los hogares, tablas 30824, 30829, 37677 y 30832"
03047,2023,15050,30717,11768,4.6,34.5,34.9,3.0,44.6,30.8,22.5,16.1,47.1,2.5,"INE, Atlas de distribución de renta de los hogares, tablas 30824, 30829, 37677 y 30832"
03050,2015,12950,25330,10406,12.4,28.4,38.9,3.7,42.4,33.3,18.8,18.1,83.6,2.4,"INE, Atlas de distribución de renta de los hogares, tablas 30824, 30829, 37677 y 30832"
03050,2016,12950,25869,10399,12.3,27.9,38.9,3.8,42.6,31.1,19.1,18.0,83.8,2.4,"INE, Atlas de distribución de renta de los hogares, tablas 30824, 30829, 37677 y 30832"
03050,2017,13650,26650,10850,12.2,27.0,37.6,3.5,42.9,32.6,19.4,17.8,83.5,2.4,"INE, Atlas de distribución de renta de los hogares, tablas 30824, 30829, 37677 y 30832"
03050,2018,14350,27697,11332,11.5,25.6,36.6,3.3,43.3,32.7,19.9,17.5,82.6,2.4,"INE, Atlas de distribución de renta de los hogares, tablas 30824, 30829, 37677 y 30832"
03050,2019,15050,28796,11781,11.0,25.7,36.1,3.1,43.5,33.3,19.8,17.2,81.3,2.4,"INE, Atlas de distribución de renta de los hogares, tablas 30824, 30829, 37677 y 30832"
03050,2020,15050,29013,11974,11.3,25.2,35.4,3.2,44.0,33.7,20.3,16.8,81.7,2.4,"INE, Atlas de distribución de renta de los hogares, tablas 30824, 30829, 37677 y 30832"
03050,2021,16450,30573,12670,11.4,23.7,34.7,3.1,44.3,33.7,20.8,16.4,81.4,2.4,"INE, Atlas de distribución de renta de los hogares, tablas 30824, 30829, 37677 y 30832"
03050,2022,17150,32275,13394,10.3,24.5,34.3,2.9,44.6,33.8,21.1,16.3,79.8,2.4,"INE, Atlas de distribución de renta de los hogares, tablas 30824, 30829, 37677 y 30832"
03050,2023,17850,35003,14584,9.3,24.7,34.2,2.9,44.7,33.7,21.3,16.2,78.8,2.4,"INE, Atlas de distribución de renta de los hogares, tablas 30824, 30829, 37677 y 30832"
03059,2015,10150,20005,7214,3.1,38.5,34.4,3.0,39.8,23.5,15.8,20.5,88.9,2.7,"INE, Atlas de distribución de renta de los hogares, tablas 30824, 30829, 37677 y 30832"
03059,2016,10150,20929,7541,3.5,36.0,33.7,3.1,40.0,23.3,16.1,20.5,89.0,2.7,"INE, Atlas de distribución de renta de los hogares, tablas 30824, 30829, 37677 y 30832"
03059,2017,10850,21774,7849,3.1,35.6,32.6,2.9,40.3,23.3,16.4,20.3,88.3,2.7,"INE, Atlas de distribución de renta de los hogares, tablas 30824, 30829, 37677 y 30832"
03059,2018,11550,23044,8312,3.1,33.9,31.8,2.7,40.6,23.4,16.6,20.2,88.0,2.7,"INE, Atlas de distribución de renta de los hogares, tablas 30824, 30829, 37677 y 30832"
03059,2019,12250,24264,8678,2.7,34.2,31.0,2.8,40.8,23.1,16.7,20.1,86.9,2.8,"INE, Atlas de distribución de renta de los hogares, tablas 30824, 30829, 37677 y 30832"
03059,2020,12250,24422,8838,2.9,33.8,30.8,2.5,41.1,23.1,16.9,20.0,86.9,2.7,"INE, Atlas de distribución de renta de los hogares, tablas 30824, 30829, 37677 y 30832"
03059,2021,12950,25503,9281,3.2,32.9,30.2,2.6,41.3,23.8,17.1,19.7,86.7,2.7,"INE, Atlas de distribución de renta de los hogares, tablas 30824, 30829, 37677 y 30832"
03059,2022,13650,27000,9880,2.7,34.3,30.4,2.6,41.4,23.8,17.4,19.7,86.8,2.7,"INE, Atlas de distribución de renta de los hogares, tablas 30824, 30829, 37677 y 30832"
03059,2023,14350,28857,10608,2.6,34.2,29.9,2.5,41.7,24.1,17.8,19.6,86.7,2.7,"INE, Atlas de distribución de renta de los hogares, tablas 30824, 30829, 37677 y 30832"
03063,2015,11550,23074,8993,8.7,33.3,38.4,3.7,42.0,30.4,17.4,17.8,78.5,2.5,"INE, Atlas de distribución de renta de los hogares, tablas 30824, 30829, 37677 y 30832"
03063,2016,11550,23635,9216,9.1,31.1,37.7,3.4,42.3,30.1,17.8,17.5,78.9,2.5,"INE, Atlas de distribución de renta de los hogares, tablas 30824, 30829, 37677 y 30832"
03063,2017,12250,24734,9675,8.5,30.7,36.8,3.1,42.6,30.9,18.1,17.3,79.1,2.5,"INE, Atlas de distribución de renta de los hogares, tablas 30824, 30829, 37677 y 30832"
03063,2018,12950,25845,10112,8.0,30.1,35.9,3.2,42.8,31.2,18.4,17.2,78.3,2.5,"INE, Atlas de distribución de renta de los hogares, tablas 30824, 30829, 37677 y 30832"
03063,2019,13650,27163,10596,7.6,29.5,35.0,3.0,43.1,31.0,18.7,16.8,77.3,2.5,"INE, Atlas de distribución de renta de los hogares, tablas 30824, 30829, 37677 y 30832"
03063,2020,13650,27038,10653,8.0,29.2,35.0,2.8,43.5,31.3,19.0,16.5,77.5,2.5,"INE, Atlas de distribución de renta de los hogares, tablas 30824, 30829, 37677 y 30832"
03063,2021,14350,28661,11419,8.2,27.7,34.3,2.9,44.1,31.8,20.0,15.9,76.3,2.5,"INE, Atlas de distribución de renta de los hogares, tablas 30824, 30829, 37677 y 30832"
03063,2022,15750,30164,11906,7.5,29.2,34.6,2.8,44.3,31.7,20.5,15.7,73.4,2.5,"INE, Atlas de distribución de renta de los hogares, tablas 30824, 30829, 37677 y 30832"
03063,2023,16450,33138,12954,6.9,29.5,34.1,2.8,44.4,31.5,20.6,15.4,71.7,2.5,"INE, Atlas de distribución de renta de los hogares, tablas 30824, 30829, 37677 y 30832"
03065,2015,10850,22277,8059,5.5,34.3,35.0,2.9,40.3,23.6,15.6,19.2,90.5,2.7,"INE, Atlas de distribución de renta de los hogares, tablas 30824, 30829, 37677 y 30832"
03065,2016,10850,23123,8311,6.0,32.5,34.6,3.0,40.7,23.2,16.0,19.3,90.6,2.7,"INE, Atlas de distribución de renta de los hogares, tablas 30824, 30829, 37677 y 30832"
03065,2017,11550,24047,8743,5.5,31.6,33.5,2.8,40.9,23.9,16.4,19.2,90.1,2.7,"INE, Atlas de distribución de renta de los hogares, tablas 30824, 30829, 37677 y 30832"
03065,2018,12250,25298,9220,5.4,30.8,33.0,2.6,41.2,24.3,16.7,19.1,89.5,2.7,"INE, Atlas de distribución de renta de los hogares, tablas 30824, 30829, 37677 y 30832"
03065,2019,12950,26453,9629,5.2,30.5,32.3,2.7,41.5,24.4,16.9,18.8,88.8,2.7,"INE, Atlas de distribución de renta de los hogares, tablas 30824, 30829, 37677 y 30832"
03065,2020,12950,26758,9840,5.7,30.0,32.3,2.8,41.8,24.9,17.4,18.6,89.1,2.7,"INE, Atlas de distribución de renta de los hogares, tablas 30824, 30829, 37677 y 30832"
03065,2021,13650,27950,10374,5.4,28.8,31.3,2.7,42.1,25.4,17.8,18.4,88.7,2.7,"INE, Atlas de distribución de renta de los hogares, tablas 30824, 30829, 37677 y 30832"
03065,2022,15050,29648,11085,4.9,29.4,30.9,2.6,42.3,25.7,18.1,18.3,87.8,2.7,"INE, Atlas de distribución de renta de los hogares, tablas 30824, 30829, 37677 y 30832"
03065,2023,15750,31689,11849,4.5,29.9,30.7,2.6,42.4,25.8,18.5,18.0,86.8,2.7,"INE, Atlas de distribución de renta de los hogares, tablas 30824, 30829, 37677 y 30832"
03066,2015,10150,20473,7956,4.7,35.0,34.8,3.1,42.9,26.3,19.4,16.8,95.7,2.5,"INE, Atlas de distribución de renta de los hogares, tablas 30824, 30829, 37677 y 30832"
03066,2016,10850,21185,8219,5.1,33.3,34.8,2.9,43.1,26.1,19.8,16.9,95.8,2.5,"INE, Atlas de distribución de renta de los hogares, tablas 30824, 30829, 37677 y 30832"
03066,2017,11550,22032,8609,4.7,33.0,33.7,3.0,43.4,26.7,20.2,16.9,95.6,2.5,"INE, Atlas de distribución de renta de los hogares, tablas 30824, 30829, 37677 y 30832"
03066,2018,11550,22920,8999,4.4,32.9,33.1,2.8,43.6,27.1,20.6,16.8,94.9,2.5,"INE, Atlas de distribución de renta de los hogares, tablas 30824, 30829, 37677 y 30832"
03066,2019,12250,23905,9425,4.1,32.7,32.2,2.6,43.9,27.4,20.9,16.7,94.2,2.5,"INE, Atlas de distribución de renta de los hogares, tablas 30824, 30829, 37677 y 30832"
03066,2020,12250,23708,9452,4.3,32.2,32.1,2.6,44.1,27.6,21.4,16.6,94.1,2.5,"INE, Atlas de distribución de renta de los hogares, tablas 30824, 30829, 37677 y 30832"
03066,2021,12950,24874,9980,4.1,31.6,31.5,2.6,44.4,27.7,21.9,16.5,94.0,2.5,"INE, Atlas de distribución de renta de los hogares, tablas 30824, 30829, 37677 y 30832"
03066,2022,14350,26142,10500,3.5,32.4,31.0,2.7,44.4,27.7,21.9,16.6,92.6,2.5,"INE, Atlas de distribución de renta de los hogares, tablas 30824, 30829, 37677 y 30832"
03066,2023,15050,27927,11198,3.1,33.4,30.7,2.6,44.4,28.1,22.1,16.8,91.1,2.5,"INE, Atlas de distribución de renta de los hogares, tablas 30824, 30829, 37677 y 30832"
03082,2015,10850,21969,8642,8.2,36.2,40.6,4.1,44.6,31.5,23.6,16.4,57.1,2.4,"INE, Atlas de distribución de renta de los hogares, tablas 30824, 30829, 37677 y 30832"
03082,2016,10850,21885,8402,8.2,35.6,40.6,3.7,43.9,28.7,22.3,17.1,58.1,2.5,"INE, Atlas de distribución de renta de los hogares, tablas 30824, 30829, 37677 y 30832"
03082,2017,11550,22713,8842,7.8,35.9,39.4,3.8,44.3,31.4,22.9,16.7,58.1,2.5,"INE, Atlas de distribución de renta de los hogares, tablas 30824, 30829, 37677 y 30832"
03082,2018,11550,24277,9412,7.6,35.4,38.7,3.5,44.6,31.0,23.2,16.6,57.2,2.5,"INE, Atlas de distribución de renta de los hogares, tablas 30824, 30829, 37677 y 30832"
03082,2019,12250,25193,9662,7.6,35.6,38.4,3.5,44.5,30.2,22.6,16.6,56.3,2.5,"INE, Atlas de distribución de renta de los hogares, tablas 30824, 30829, 37677 y 30832"
03082,2020,12250,24863,9608,7.4,35.7,38.1,3.6,44.6,30.5,22.4,16.3,57.0,2.5,"INE, Atlas de distribución de renta de los hogares, tablas 30824, 30829, 37677 y 30832"
03082,2021,13650,26864,10544,8.1,32.9,37.7,3.1,45.2,31.0,23.2,15.8,56.0,2.4,"INE, Atlas de distribución de renta de los hogares, tablas 30824, 30829, 37677 y 30832"
03082,2022,14350,29336,11283,8.0,33.4,38.1,3.4,45.3,30.7,23.7,16.1,53.4,2.5,"INE, Atlas de distribución de renta de los hogares, tablas 30824, 30829, 37677 y 30832"
03082,2023,15750,32978,12533,7.5,34.4,37.3,3.3,45.0,30.6,23.2,16.3,53.2,2.5,"INE, Atlas de distribución de renta de los hogares, tablas 30824, 30829, 37677 y 30832"
03093,2015,11550,24139,8928,6.4,28.5,33.8,2.8,40.9,24.0,16.9,18.7,92.4,2.7,"INE, Atlas de distribución de renta de los hogares, tablas 30824, 30829, 37677 y 30832"
03093,2016,12250,24783,9175,6.7,26.3,32.9,2.5,41.4,23.8,17.2,18.3,92.9,2.7,"INE, Atlas de distribución de renta de los hogares, tablas 30824, 30829, 37677 y 30832"
03093,2017,12250,25999,9745,6.1,26.1,32.0,2.6,41.7,24.7,17.5,18.0,93.0,2.6,"INE, Atlas de distribución de renta de los hogares, tablas 30824, 30829, 37677 y 30832"
03093,2018,12950,26278,9909,5.8,25.7,31.1,2.6,42.1,25.2,17.6,17.7,92.6,2.6,"INE, Atlas de distribución de renta de los hogares, tablas 30824, 30829, 37677 y 30832"
03093,2019,13650,27254,10378,5.7,25.9,30.5,2.7,42.5,25.9,18.0,17.5,92.1,2.6,"INE, Atlas de distribución de renta de los hogares, tablas 30824, 30829, 37677 y 30832"
03093,2020,13650,26831,10326,6.1,24.8,30.6,2.4,42.8,26.5,18.3,17.2,92.2,2.6,"INE, Atlas de distribución de renta de los hogares, tablas 30824, 30829, 37677 y 30832"
03093,2021,14350,28275,10949,5.3,24.1,29.2,2.3,43.1,26.7,18.5,16.9,92.2,2.6,"INE, Atlas de distribución de renta de los hogares, tablas 30824, 30829, 37677 y 30832"
03093,2022,15050,29498,11495,4.5,25.6,29.1,2.5,43.3,27.4,18.8,16.8,91.5,2.6,"INE, Atlas de distribución de renta de los hogares, tablas 30824, 30829, 37677 y 30832"
03093,2023,16450,31100,12116,4.1,26.7,29.1,2.4,43.4,27.3,19.1,16.5,90.6,2.5,"INE, Atlas de distribución de renta de los hogares, tablas 30824, 30829, 37677 y 30832"
03099,2015,10850,20833,8019,6.3,35.6,37.8,3.4,43.5,29.1,22.2,17.3,65.2,2.5,"INE, Atlas de distribución de renta de los hogares, tablas 30824, 30829, 37677 y 30832"
03099,2016,10850,21354,8110,6.5,35.0,37.7,3.4,43.5,26.7,22.0,17.5,68.9,2.5,"INE, Atlas de distribución de renta de los hogares, tablas 30824, 30829, 37677 y 30832"
03099,2017,11550,22274,8610,6.0,33.3,35.8,3.1,43.6,29.2,22.1,17.4,68.3,2.5,"INE, Atlas de distribución de renta de los hogares, tablas 30824, 30829, 37677 y 30832"
03099,2018,12250,23329,9069,5.8,32.2,35.0,3.0,44.2,29.1,22.8,17.1,67.8,2.5,"INE, Atlas de distribución de renta de los hogares, tablas 30824, 30829, 37677 y 30832"
03099,2019,12950,24163,9388,5.3,32.2,34.0,2.7,44.3,28.9,22.7,16.9,67.0,2.5,"INE, Atlas de distribución de renta de los hogares, tablas 30824, 30829, 37677 y 30832"
03099,2020,12950,24339,9563,5.4,31.7,33.6,2.8,44.7,29.3,23.0,16.6,66.6,2.5,"INE, Atlas de distribución de renta de los hogares, tablas 30824, 30829, 37677 y 30832"
03099,2021,13650,24768,9933,5.3,31.9,33.6,2.9,44.9,30.9,23.1,16.5,65.5,2.4,"INE, Atlas de distribución de renta de los hogares, tablas 30824, 30829, 37677 y 30832"
03099,2022,14350,26163,10472,4.6,33.1,33.5,2.7,44.8,30.6,23.0,16.7,64.2,2.4,"INE, Atlas de distribución de renta de los hogares, tablas 30824, 30829, 37677 y 30832"
03099,2023,15050,29671,11512,4.1,33.5,33.0,2.9,44.7,29.2,22.8,16.7,63.9,2.5,"INE, Atlas de distribución de renta de los hogares, tablas 30824, 30829, 37677 y 30832"
03104,2015,10850,20888,7832,3.8,32.9,31.9,2.8,40.1,21.3,14.3,19.8,97.6,2.7,"INE, Atlas de distribución de renta de los hogares, tablas 30824, 30829, 37677 y 30832"
03104,2016,10850,21825,8178,4.3,30.4,31.3,2.6,40.5,21.4,14.8,19.9,97.6,2.7,"INE, Atlas de distribución de renta de los hogares, tablas 30824, 30829, 37677 y 30832"
03104,2017,11550,22752,8575,3.8,29.4,30.3,2.4,40.8,21.9,15.1,19.6,97.4,2.6,"INE, Atlas de distribución de renta de los hogares, tablas 30824, 30829, 37677 y 30832"
03104,2018,12250,23917,9082,3.7,28.5,29.6,2.5,41.3,22.4,15.6,19.2,97.4,2.6,"INE, Atlas de distribución de renta de los hogares, tablas 30824, 30829, 37677 y 30832"
03104,2019,12950,25197,9618,3.6,27.9,28.9,2.4,41.7,22.6,16.1,18.9,97.0,2.6,"INE, Atlas de distribución de renta de los hogares, tablas 30824, 30829, 37677 y 30832"
03104,2020,12950,25003,9660,3.8,27.7,28.9,2.4,42.1,23.0,16.6,18.4,97.2,2.6,"INE, Atlas de distribución de renta de los hogares, tablas 30824, 30829, 37677 y 30832"
03104,2021,13650,26445,10289,3.8,25.8,28.0,2.4,42.6,23.6,17.2,17.9,97.2,2.6,"INE, Atlas de distribución de renta de los hogares, tablas 30824, 30829, 37677 y 30832"
03104,2022,15050,28248,11127,3.3,25.9,27.5,2.3,43.0,24.4,17.9,17.5,96.7,2.5,"INE, Atlas de distribución de renta de los hogares, tablas 30824, 30829, 37677 y 30832"
03104,2023,15750,29788,11815,3.1,26.0,26.9,2.2,43.4,25.0,18.7,17.1,96.1,2.5,"INE, Atlas de distribución de renta de los hogares, tablas 30824, 30829, 37677 y 30832"
03121,2015,10850,21016,8639,7.0,33.0,36.1,3.1,41.2,34.3,17.3,18.2,83.8,2.4,"INE, Atlas de distribución de renta de los hogares, tablas 30824, 30829, 37677 y 30832"
03121,2016,11550,21517,8750,7.6,31.5,36.3,3.1,41.1,32.6,16.7,18.7,85.1,2.4,"INE, Atlas de distribución de renta de los hogares, tablas 30824, 30829, 37677 y 30832"
03121,2017,12250,22371,9146,6.6,31.0,34.9,2.9,41.3,34.1,16.9,18.6,83.9,2.4,"INE, Atlas de distribución de renta de los hogares, tablas 30824, 30829, 37677 y 30832"
03121,2018,12950,23450,9650,6.8,29.6,34.2,2.8,41.9,34.3,17.5,18.1,82.9,2.4,"INE, Atlas de distribución de renta de los hogares, tablas 30824, 30829, 37677 y 30832"
03121,2019,12950,24489,10061,6.3,30.3,33.7,2.9,42.2,34.6,17.7,18.1,81.6,2.4,"INE, Atlas de distribución de renta de los hogares, tablas 30824, 30829, 37677 y 30832"
03121,2020,12950,24315,10028,6.5,30.8,33.8,2.9,42.6,34.4,18.0,17.6,81.5,2.4,"INE, Atlas de distribución de renta de los hogares, tablas 30824, 30829, 37677 y 30832"
03121,2021,14350,25611,10585,6.0,29.2,32.8,2.7,43.4,34.5,19.0,16.7,78.8,2.3,"INE, Atlas de distribución de renta de los hogares, tablas 30824, 30829, 37677 y 30832"
03121,2022,15050,27138,11209,5.2,30.1,32.6,2.7,43.6,34.2,19.2,16.6,77.1,2.4,"INE, Atlas de distribución de renta de los hogares, tablas 30824, 30829, 37677 y 30832"
03121,2023,15750,29628,12366,4.9,30.2,32.2,2.8,43.7,34.4,19.3,16.5,77.0,2.3,"INE, Atlas de distribución de renta de los hogares, tablas 30824, 30829, 37677 y 30832"
03122,2015,12950,25296,9171,7.6,25.9,33.1,3.0,38.7,21.9,13.3,20.8,94.3,2.7,"INE, Atlas de distribución de renta de los hogares, tablas 30824, 30829, 37677 y 30832"
03122,2016,12950,26037,9415,8.2,23.7,32.4,2.8,39.0,22.0,13.6,20.8,94.4,2.7,"INE, Atlas de distribución de renta de los hogares, tablas 30824, 30829, 37677 y 30832"
03122,2017,13650,27143,9781,7.3,23.3,31.3,2.7,39.3,22.0,14.0,20.6,93.9,2.7,"INE, Atlas de distribución de renta de los hogares, tablas 30824, 30829, 37677 y 30832"
03122,2018,14350,28620,10301,7.1,22.5,30.7,2.5,39.7,22.0,14.3,20.2,93.6,2.8,"INE, Atlas de distribución de renta de los hogares, tablas 30824, 30829, 37677 y 30832"
03122,2019,15050,30030,10838,6.7,21.7,29.8,2.6,40.1,22.1,14.7,19.9,93.0,2.8,"INE, Atlas de distribución de renta de los hogares, tablas 30824, 30829, 37677 y 30832"
03122,2020,15050,30122,10926,7.1,21.4,29.9,2.5,40.5,22.7,15.1,19.4,93.1,2.7,"INE, Atlas de distribución de renta de los hogares, tablas 30824, 30829, 37677 y 30832"
03122,2021,15750,31744,11526,6.8,20.3,29.0,2.4,40.9,22.8,15.4,19.1,93.1,2.7,"INE, Atlas de distribución de renta de los hogares, tablas 30824, 30829, 37677 y 30832"
03122,2022,17150,33034,12062,6.1,21.2,28.8,2.5,41.2,23.1,15.9,18.5,92.5,2.7,"INE, Atlas de distribución de renta de los hogares, tablas 30824, 30829, 37677 y 30832"
03122,2023,17850,35712,13070,5.2,21.5,28.3,2.5,41.6,23.5,16.4,18.0,92.1,2.7,"INE, Atlas de distribución de renta de los hogares, tablas 30824, 30829, 37677 y 30832"
03133,2015,8750,17326,7109,4.3,45.8,41.0,4.3,43.3,36.1,21.4,16.3,60.0,2.3,"INE, Atlas de distribución de renta de los hogares, tablas 30824, 30829, 37677 y 30832"
03133,2016,9450,17838,7271,4.6,44.0,40.4,4.3,43.5,34.2,21.8,16.8,60.8,2.4,"INE, Atlas de distribución de renta de los hogares, tablas 30824, 30829, 37677 y 30832"
03133,2017,9450,18484,7643,4.1,43.3,38.8,3.8,43.8,35.7,22.1,16.8,61.2,2.3,"INE, Atlas de distribución de renta de los hogares, tablas 30824, 30829, 37677 y 30832"
03133,2018,10150,19202,7944,4.0,43.3,38.4,3.9,44.1,35.7,22.5,16.5,60.2,2.3,"INE, Atlas de distribución de renta de los hogares, tablas 30824, 30829, 37677 y 30832"
03133,2019,10850,20046,8335,3.6,42.3,37.1,3.5,44.2,35.5,22.6,16.6,58.6,2.3,"INE, Atlas de distribución de renta de los hogares, tablas 30824, 30829, 37677 y 30832"
03133,2020,10850,20026,8417,3.7,42.4,36.4,3.5,44.6,36.2,22.9,16.3,59.5,2.3,"INE, Atlas de distribución de renta de los hogares, tablas 30824, 30829, 37677 y 30832"
03133,2021,11550,20743,8857,3.5,41.7,35.7,3.2,44.9,36.8,23.0,16.0,59.4,2.3,"INE, Atlas de distribución de renta de los hogares, tablas 30824, 30829, 37677 y 30832"
03133,2022,12250,21976,9194,3.1,44.0,36.4,3.4,44.5,36.0,22.6,16.6,55.4,2.3,"INE, Atlas de distribución de renta de los hogares, tablas 30824, 30829, 37677 y 30832"
03133,2023,12250,24186,9868,2.6,46.4,37.2,3.5,44.1,34.9,21.9,16.8,52.5,2.4,"INE, Atlas de distribución de renta de los hogares, tablas 30824, 30829, 37677 y 30832"
03139,2015,11550,22265,8977,6.7,29.4,34.3,2.8,41.2,33.3,16.3,17.8,81.1,2.4,"INE, Atlas de distribución de renta de los hogares, tablas 30824, 30829, 37677 y 30832"
03139,2016,12250,22922,9170,6.9,27.1,33.6,2.9,41.4,31.6,16.5,17.9,81.9,2.4,"INE, Atlas de distribución de renta de los hogares, tablas 30824, 30829, 37677 y 30832"
03139,2017,12950,24035,9639,6.4,26.1,32.3,2.7,41.7,32.9,16.9,17.7,81.3,2.4,"INE, Atlas de distribución de renta de los hogares, tablas 30824, 30829, 37677 y 30832"
03139,2018,13650,25296,10117,6.2,25.8,31.6,2.6,41.9,32.9,17.0,17.5,80.3,2.4,"INE, Atlas de distribución de renta de los hogares, tablas 30824, 30829, 37677 y 30832"
03139,2019,14350,26388,10579,5.6,25.3,30.7,2.7,42.3,32.5,17.5,17.3,79.4,2.4,"INE, Atlas de distribución de renta de los hogares, tablas 30824, 30829, 37677 y 30832"
03139,2020,13650,26041,10585,6.1,27.5,31.9,2.7,42.7,32.6,18.1,17.0,80.5,2.4,"INE, Atlas de distribución de renta de los hogares, tablas 30824, 30829, 37677 y 30832"
03139,2021,14350,26808,10978,5.9,26.9,31.0,2.5,43.1,33.1,18.4,16.9,80.6,2.4,"INE, Atlas de distribución de renta de los hogares, tablas 30824, 30829, 37677 y 30832"
03139,2022,15750,28520,11683,5.1,26.7,30.6,2.5,43.1,32.7,18.6,16.9,78.0,2.4,"INE, Atlas de distribución de renta de los hogares, tablas 30824, 30829, 37677 y 30832"
03139,2023,16450,30887,12658,4.8,26.5,30.4,2.5,43.3,33.3,18.8,16.5,76.4,2.4,"INE, Atlas de distribución de renta de los hogares, tablas 30824, 30829, 37677 y 30832"
03140,2015,10850,21904,8253,4.6,30.8,32.5,2.6,41.0,24.5,16.8,18.9,94.0,2.6,"INE, Atlas de distribución de renta de los hogares, tablas 30824, 30829, 37677 y 30832"
03140,2016,11550,22785,8590,5.0,28.1,31.8,2.7,41.3,24.7,17.1,18.9,94.2,2.6,"INE, Atlas de distribución de renta de los hogares, tablas 30824, 30829, 37677 y 30832"
03140,2017,12250,23409,8870,4.5,27.5,31.0,2.5,41.6,24.9,17.5,18.8,94.0,2.6,"INE, Atlas de distribución de renta de los hogares, tablas 30824, 30829, 37677 y 30832"
03140,2018,12950,24554,9384,4.4,26.3,30.2,2.4,42.0,25.2,17.9,18.6,93.3,2.6,"INE, Atlas de distribución de renta de los hogares, tablas 30824, 30829, 37677 y 30832"
03140,2019,13650,25728,9850,3.9,25.9,29.2,2.5,42.2,25.4,18.2,18.4,92.7,2.6,"INE, Atlas de distribución de renta de los hogares, tablas 30824, 30829, 37677 y 30832"
03140,2020,13650,26118,10111,4.4,25.2,29.2,2.4,42.6,26.2,18.6,18.3,92.6,2.6,"INE, Atlas de distribución de renta de los hogares, tablas 30824, 30829, 37677 y 30832"
03140,2021,14350,27162,10593,4.2,24.8,28.5,2.4,42.8,26.3,18.9,18.0,92.5,2.6,"INE, Atlas de distribución de renta de los hogares, tablas 30824, 30829, 37677 y 30832"
03140,2022,15050,28820,11296,3.8,25.5,28.3,2.4,43.0,26.5,19.3,17.8,92.0,2.5,"INE, Atlas de distribución de renta de los hogares, tablas 30824, 30829, 37677 y 30832"
03140,2023,16450,30301,11956,3.3,26.2,27.7,2.3,43.3,27.0,19.9,17.7,91.1,2.5,"INE, Atlas de distribución de renta de los hogares, tablas 30824, 30829, 37677 y 30832"
04013,2015,12250,25868,9490,10.9,31.1,37.8,3.6,39.8,27.5,15.3,19.9,90.4,2.7,"INE, Atlas de distribución de renta de los hogares, tablas 30824, 30829, 37677 y 30832"
04013,2016,12250,26510,9724,11.7,30.3,37.9,3.7,40.1,27.2,15.6,19.9,90.5,2.7,"INE, Atlas de distribución de renta de los hogares, tablas 30824, 30829, 37677 y 30832"
04013,2017,12950,27090,9968,10.4,30.3,37.0,3.4,40.3,27.6,15.9,19.8,90.0,2.7,"INE, Atlas de distribución de renta de los hogares, tablas 30824, 30829, 37677 y 30832"
04013,2018,13650,28453,10505,9.9,29.1,36.2,3.5,40.6,27.9,16.2,19.7,89.3,2.7,"INE, Atlas de distribución de renta de los hogares, tablas 30824, 30829, 37677 y 30832"
04013,2019,14350,29622,10937,9.5,29.2,35.5,3.3,40.8,27.9,16.4,19.5,88.4,2.7,"INE, Atlas de distribución de renta de los hogares, tablas 30824, 30829, 37677 y 30832"
04013,2020,14350,30170,11233,10.3,27.8,35.2,3.4,41.1,28.1,16.8,19.3,88.6,2.7,"INE, Atlas de distribución de renta de los hogares, tablas 30824, 30829, 37677 y 30832"
04013,2021,15050,31317,11789,9.9,27.1,34.2,3.2,41.4,28.7,17.1,19.3,89.0,2.6,"INE, Atlas de distribución de renta de los hogares, tablas 30824, 30829, 37677 y 30832"
04013,2022,15750,32883,12478,8.8,28.3,34.1,3.1,41.5,29.1,17.5,19.1,89.0,2.6,"INE, Atlas de distribución de renta de los hogares, tablas 30824, 30829, 37677 y 30832"
04013,2023,17150,35200,13372,8.2,27.8,33.5,3.0,41.9,29.1,18.0,18.7,88.9,2.6,"INE, Atlas de distribución de renta de los hogares, tablas 30824, 30829, 37677 y 30832"
04066,2015,8750,18305,6264,2.4,48.0,35.5,3.2,35.8,30.3,10.0,22.1,59.6,2.8,"INE, Atlas de distribución de renta de los hogares, tablas 30824, 30829, 37677 y 30832"
04066,2016,8750,18430,6253,2.2,47.5,34.2,3.0,35.8,28.6,9.9,22.9,58.6,2.8,"INE, Atlas de distribución de renta de los hogares, tablas 30824, 30829, 37677 y 30832"
04066,2017,9450,19646,6755,2.0,45.2,32.6,2.7,35.7,30.9,9.8,22.9,56.2,2.8,"INE, Atlas de distribución de renta de los hogares, tablas 30824, 30829, 37677 y 30832"
04066,2018,10150,21318,7307,2.3,43.0,32.5,2.7,35.8,30.6,10.0,22.9,54.9,2.8,"INE, Atlas de distribución de renta de los hogares, tablas 30824, 30829, 37677 y 30832"
04066,2019,10150,21060,7097,1.6,46.1,31.2,2.5,36.0,30.5,10.1,22.6,53.1,2.8,"INE, Atlas de distribución de renta de los hogares, tablas 30824, 30829, 37677 y 30832"
04066,2020,10850,22844,7801,2.1,39.7,30.5,2.5,36.4,30.5,10.4,22.6,53.5,2.8,"INE, Atlas de distribución de renta de los hogares, tablas 30824, 30829, 37677 y 30832"
04066,2021,10850,23401,7993,2.2,41.1,29.9,2.5,36.5,31.6,10.6,22.9,52.8,2.8,"INE, Atlas de distribución de renta de los hogares, tablas 30824, 30829, 37677 y 30832"
04066,2022,11550,24461,8147,1.8,45.3,29.9,2.3,36.4,31.1,10.6,23.0,54.7,2.9,"INE, Atlas de distribución de renta de los hogares, tablas 30824, 30829, 37677 y 30832"
04066,2023,12250,27125,8989,1.8,43.6,29.4,2.5,36.7,31.1,10.9,23.0,54.7,2.9,"INE, Atlas de distribución de renta de los hogares, tablas 30824, 30829, 37677 y 30832"
04079,2015,10150,22558,8032,7.0,38.1,38.8,4.1,35.6,27.7,8.4,22.3,72.9,2.7,"INE, Atlas de distribución de renta de los hogares, tablas 30824, 30829, 37677 y 30832"
04079,2016,10850,23421,8178,7.4,37.0,38.4,3.5,35.8,26.0,8.5,22.5,73.3,2.8,"INE, Atlas de distribución de renta de los hogares, tablas 30824, 30829, 37677 y 30832"
04079,2017,10850,24092,8567,6.9,35.8,36.9,3.2,36.1,27.4,8.8,22.3,73.2,2.8,"INE, Atlas de distribución de renta de los hogares, tablas 30824, 30829, 37677 y 30832"
04079,2018,11550,25369,9051,6.5,34.7,36.1,3.4,36.4,27.5,9.2,22.2,72.7,2.8,"INE, Atlas de distribución de renta de los hogares, tablas 30824, 30829, 37677 y 30832"
04079,2019,12250,26317,9416,5.9,33.3,34.8,3.1,36.8,27.3,9.6,22.0,72.4,2.7,"INE, Atlas de distribución de renta de los hogares, tablas 30824, 30829, 37677 y 30832"
04079,2020,12950,26720,9720,6.6,32.1,34.5,2.9,37.3,27.8,10.0,21.8,73.1,2.7,"INE, Atlas de distribución de renta de los hogares, tablas 30824, 30829, 37677 y 30832"
04079,2021,12950,27895,10087,6.1,32.6,34.2,3.0,37.5,27.6,10.2,21.4,71.3,2.7,"INE, Atlas de distribución de renta de los hogares, tablas 30824, 30829, 37677 y 30832"
04079,2022,13650,29293,10561,5.3,34.4,34.0,2.8,37.8,27.5,10.6,21.1,70.8,2.7,"INE, Atlas de distribución de renta de los hogares, tablas 30824, 30829, 37677 y 30832"
04079,2023,15050,31886,11452,4.9,33.3,33.0,2.8,38.2,27.2,11.1,20.8,70.6,2.7,"INE, Atlas de distribución de renta de los hogares, tablas 30824, 30829, 37677 y 30832"
04902,2015,8750,21354,6825,3.5,44.1,36.4,3.5,35.6,23.4,8.9,22.3,66.1,3.0,"INE, Atlas de distribución de renta de los hogares, tablas 30824, 30829, 37677 y 30832"
04902,2016,9450,22007,7120,3.8,41.3,35.4,3.0,35.8,23.6,9.0,22.5,67.0,3.0,"INE, Atlas de distribución de renta de los hogares, tablas 30824, 30829, 37677 y 30832"
04902,2017,10150,22481,7552,3.8,39.6,34.2,2.8,36.1,24.6,9.4,22.8,69.1,2.9,"INE, Atlas de distribución de renta de los hogares, tablas 30824, 30829, 37677 y 30832"
04902,2018,10850,23527,8011,3.6,38.6,33.1,2.9,36.3,25.0,9.7,23.0,69.4,2.9,"INE, Atlas de distribución de renta de los hogares, tablas 30824, 30829, 37677 y 30832"
04902,2019,11550,24310,8358,3.3,37.1,31.5,2.7,36.6,25.1,10.1,23.2,69.5,2.9,"INE, Atlas de distribución de renta de los hogares, tablas 30824, 30829, 37677 y 30832"
04902,2020,12250,25471,8775,3.7,33.8,30.6,2.5,36.9,25.1,10.3,23.1,69.4,2.9,"INE, Atlas de distribución de renta de los hogares, tablas 30824, 30829, 37677 y 30832"
04902,2021,12250,25757,8842,3.3,36.6,30.8,2.5,37.1,24.8,10.3,22.6,68.1,2.9,"INE, Atlas de distribución de renta de los hogares, tablas 30824, 30829, 37677 y 30832"
04902,2022,12250,26789,9299,2.9,38.9,30.8,2.6,37.1,25.2,10.3,22.5,68.7,2.8,"INE, Atlas de distribución de renta de los hogares, tablas 30824, 30829, 37677 y 30832"
04902,2023,13650,29523,10297,3.0,37.3,30.5,2.4,37.5,25.3,10.8,22.5,69.1,2.8,"INE, Atlas de distribución de renta de los hogares, tablas 30824, 30829, 37677 y 30832"
05019,2015,15050,27274,11582,14.6,20.7,34.2,3.0,42.0,35.2,18.0,18.1,91.7,2.3,"INE, Atlas de distribución de renta de los hogares, tablas 30824, 30829, 37677 y 30832"
05019,2016,15050,27700,11677,14.8,20.4,34.2,3.1,42.4,32.9,18.5,18.0,91.9,2.4,"INE, Atlas de distribución de renta de los hogares, tablas 30824, 30829, 37677 y 30832"
05019,2017,15750,28431,11990,13.4,19.2,32.3,2.8,42.5,35.4,18.9,18.3,93.3,2.3,"INE, Atlas de distribución de renta de los hogares, tablas 30824, 30829, 37677 y 30832"
05019,2018,16450,29282,12479,12.8,18.5,31.9,2.8,42.9,34.4,19.3,18.1,93.0,2.3,"INE, Atlas de distribución de renta de los hogares, tablas 30824, 30829, 37677 y 30832"
05019,2019,17150,30292,12997,11.9,18.8,31.3,2.9,43.2,35.2,19.7,18.0,92.1,2.3,"INE, Atlas de distribución de renta de los hogares, tablas 30824, 30829, 37677 y 30832"
05019,2020,17150,31066,13209,12.9,18.4,31.6,2.7,43.5,34.3,20.1,18.1,92.5,2.3,"INE, Atlas de distribución de renta de los hogares, tablas 30824, 30829, 37677 y 30832"
05019,2021,17850,31939,13779,12.4,17.7,30.4,2.6,43.9,35.5,20.8,17.9,92.6,2.3,"INE, Atlas de distribución de renta de los hogares, tablas 30824, 30829, 37677 y 30832"
05019,2022,18550,33311,14326,10.7,18.9,30.5,2.7,44.0,34.7,21.2,17.7,90.8,2.3,"INE, Atlas de distribución de renta de los hogares, tablas 30824, 30829, 37677 y 30832"
05019,2023,19950,35239,15261,9.4,19.8,30.1,2.7,44.2,35.8,21.7,17.4,89.9,2.3,"INE, Atlas de distribución de renta de los hogares, tablas 30824, 30829, 37677 y 30832"
06011,2015,10150,20892,7764,5.4,37.7,36.7,3.3,39.2,25.1,15.1,20.1,89.1,2.7,"INE, Atlas de distribución de renta de los hogares, tablas 30824, 30829, 37677 y 30832"
06011,2016,10150,21122,7978,5.6,35.8,35.6,3.3,39.6,24.9,15.6,20.3,91.3,2.6,"INE, Atlas de distribución de renta de los hogares, tablas 30824, 30829, 37677 y 30832"
06011,2017,10850,21998,8316,4.7,34.6,33.8,3.0,39.8,25.7,15.8,20.3,91.3,2.6,"INE, Atlas de distribución de renta de los hogares, tablas 30824, 30829, 37677 y 30832"
06011,2018,11550,22876,8737,4.5,34.1,33.4,2.8,40.2,26.2,16.1,20.3,91.3,2.6,"INE, Atlas de distribución de renta de los hogares, tablas 30824, 30829, 37677 y 30832"
06011,2019,12250,24001,9173,4.2,33.5,32.2,2.6,40.4,26.5,16.2,20.2,90.6,2.6,"INE, Atlas de distribución de renta de los hogares, tablas 30824, 30829, 37677 y 30832"
06011,2020,12250,23908,9246,4.3,33.3,31.9,2.6,40.7,27.0,16.5,20.0,90.7,2.6,"INE, Atlas de distribución de renta de los hogares, tablas 30824, 30829, 37677 y 30832"
06011,2021,12950,25127,9804,4.2,32.1,30.9,2.6,41.1,27.7,16.8,19.6,90.9,2.5,"INE, Atlas de distribución de renta de los hogares, tablas 30824, 30829, 37677 y 30832"
06011,2022,13650,26396,10371,3.6,32.9,30.4,2.4,41.4,27.9,17.1,19.6,90.8,2.5,"INE, Atlas de distribución de renta de los hogares, tablas 30824, 30829, 37677 y 30832"
06011,2023,15050,28404,11184,3.4,33.4,30.1,2.6,41.5,28.0,17.4,19.4,90.1,2.5,"INE, Atlas de distribución de renta de los hogares, tablas 30824, 30829, 37677 y 30832"
06015,2015,13650,27750,10300,12.5,25.2,35.4,3.1,40.1,25.0,15.4,19.5,96.7,2.7,"INE, Atlas de distribución de renta de los hogares, tablas 30824, 30829, 37677 y 30832"
06015,2016,13650,28322,10462,13.1,24.7,35.2,3.2,40.3,24.6,15.7,19.6,96.7,2.7,"INE, Atlas de distribución de renta de los hogares, tablas 30824, 30829, 37677 y 30832"
06015,2017,13650,28630,10728,11.5,24.4,34.2,3.2,40.7,25.3,16.0,19.4,96.7,2.6,"INE, Atlas de distribución de renta de los hogares, tablas 30824, 30829, 37677 y 30832"
06015,2018,14350,29633,11211,11.0,24.2,33.9,3.0,41.0,25.7,16.5,19.3,96.6,2.6,"INE, Atlas de distribución de renta de los hogares, tablas 30824, 30829, 37677 y 30832"
06015,2019,15050,30732,11725,10.4,24.2,33.2,2.8,41.4,26.2,16.9,19.1,96.4,2.6,"INE, Atlas de distribución de renta de los hogares, tablas 30824, 30829, 37677 y 30832"
06015,2020,15750,30634,11775,10.6,23.9,33.1,2.9,41.8,26.4,17.3,18.8,96.4,2.6,"INE, Atlas de distribución de renta de los hogares, tablas 30824, 30829, 37677 y 30832"
06015,2021,16450,31726,12350,10.2,23.0,32.3,2.8,42.1,27.2,17.8,18.6,96.5,2.6,"INE, Atlas de distribución de renta de los hogares, tablas 30824, 30829, 37677 y 30832"
06015,2022,17150,32947,12994,8.8,24.0,31.8,2.9,42.5,27.9,18.2,18.2,96.1,2.5,"INE, Atlas de distribución de renta de los hogares, tablas 30824, 30829, 37677 y 30832"
06015,2023,17850,35043,13957,8.0,23.7,31.3,2.7,42.8,28.5,18.8,17.9,95.8,2.5,"INE, Atlas de distribución de renta de los hogares, tablas 30824, 30829, 37677 y 30832"
06044,2015,11550,23759,9095,7.7,27.8,33.4,2.9,39.7,26.4,14.8,19.7,96.9,2.6,"INE, Atlas de distribución de renta de los hogares, tablas 30824, 30829, 37677 y 30832"
06044,2016,12250,24292,9332,8.6,25.9,33.0,2.7,40.0,26.4,15.0,19.7,97.2,2.6,"INE, Atlas de distribución de renta de los hogares, tablas 30824, 30829, 37677 y 30832"
06044,2017,12250,25048,9654,7.5,25.5,31.8,2.5,40.3,26.4,15.4,19.5,97.0,2.6,"INE, Atlas de distribución de renta de los hogares, tablas 30824, 30829, 37677 y 30832"
06044,2018,12950,25731,10017,7.2,25.8,31.8,2.6,40.6,27.2,15.8,19.5,96.9,2.6,"INE, Atlas de distribución de renta de los hogares, tablas 30824, 30829, 37677 y 30832"
06044,2019,13650,27102,10618,6.8,24.8,30.7,2.5,40.8,27.6,16.0,19.4,96.6,2.5,"INE, Atlas de distribución de renta de los hogares, tablas 30824, 30829, 37677 y 30832"
06044,2020,13650,27166,10694,7.0,24.7,31.0,2.5,41.1,27.8,16.3,19.3,96.4,2.5,"INE, Atlas de distribución de renta de los hogares, tablas 30824, 30829, 37677 y 30832"
06044,2021,15050,28493,11267,7.0,23.8,30.3,2.4,41.5,27.6,16.8,19.0,96.2,2.5,"INE, Atlas de distribución de renta de los hogares, tablas 30824, 30829, 37677 y 30832"
06044,2022,15750,29591,11868,6.0,25.3,30.2,2.6,41.8,28.6,17.0,18.9,95.7,2.5,"INE, Atlas de distribución de renta de los hogares, tablas 30824, 30829, 37677 y 30832"
06044,2023,16450,31961,12926,5.7,25.3,29.6,2.4,42.1,29.2,17.7,18.7,95.4,2.5,"INE, Atlas de distribución de renta de los hogares, tablas 30824, 30829, 37677 y 30832"
06083,2015,12950,25484,9559,9.5,26.6,34.4,3.2,39.7,25.8,14.6,20.1,97.4,2.6,"INE, Atlas de distribución de renta de los hogares, tablas 30824, 30829, 37677 y 30832"
06083,2016,12950,25889,9779,10.1,25.8,34.1,2.9,40.1,26.0,14.9,20.0,97.5,2.6,"INE, Atlas de distribución de renta de los hogares, tablas 30824, 30829, 37677 y 30832"
06083,2017,13650,26497,10085,8.9,25.7,33.3,3.0,40.4,26.6,15.3,20.0,97.3,2.6,"INE, Atlas de distribución de renta de los hogares, tablas 30824, 30829, 37677 y 30832"
06083,2018,13650,27442,10541,8.4,25.1,32.6,2.8,40.7,26.8,15.6,19.8,97.1,2.6,"INE, Atlas de distribución de renta de los hogares, tablas 30824, 30829, 37677 y 30832"
06083,2019,15050,28617,11072,8.1,24.6,31.8,2.7,41.1,27.2,16.0,19.5,96.7,2.6,"INE, Atlas de distribución de renta de los hogares, tablas 30824, 30829, 37677 y 30832"
06083,2020,15050,28545,11121,8.3,25.4,32.4,2.9,41.4,27.4,16.3,19.3,96.7,2.6,"INE, Atlas de distribución de renta de los hogares, tablas 30824, 30829, 37677 y 30832"
06083,2021,15750,29918,11755,8.0,24.1,31.3,2.8,41.7,27.6,16.7,19.0,96.7,2.5,"INE, Atlas de distribución de renta de los hogares, tablas 30824, 30829, 37677 y 30832"
06083,2022,16450,31301,12419,7.0,24.6,30.7,2.8,42.0,27.7,17.1,18.6,96.1,2.5,"INE, Atlas de distribución de renta de los hogares, tablas 30824, 30829, 37677 y 30832"
06083,2023,17150,33233,13297,6.2,24.6,30.2,2.7,42.3,28.4,17.7,18.3,95.5,2.5,"INE, Atlas de distribución de renta de los hogares, tablas 30824, 30829, 37677 y 30832"
06153,2015,11550,22847,8643,6.4,29.7,32.5,2.8,41.1,24.0,17.2,18.5,95.9,2.6,"INE, Atlas de distribución de renta de los hogares, tablas 30824, 30829, 37677 y 30832"
06153,2016,10850,23028,8684,6.3,29.6,32.5,2.8,41.4,23.5,17.5,18.5,95.9,2.6,"INE, Atlas de distribución de renta de los hogares, tablas 30824, 30829, 37677 y 30832"
06153,2017,11550,23818,9062,5.6,28.5,31.1,2.5,41.7,24.3,17.9,18.5,96.0,2.6,"INE, Atlas de distribución de renta de los hogares, tablas 30824, 30829, 37677 y 30832"
06153,2018,12250,24645,9454,5.3,28.4,30.9,2.6,42.0,24.8,18.2,18.3,95.8,2.6,"INE, Atlas de distribución de renta de los hogares, tablas 30824, 30829, 37677 y 30832"
06153,2019,12950,25789,9927,4.8,27.5,29.9,2.5,42.3,25.2,18.5,18.1,95.3,2.6,"INE, Atlas de distribución de renta de los hogares, tablas 30824, 30829, 37677 y 30832"
06153,2020,12950,25746,9985,5.2,27.2,29.9,2.6,42.6,25.9,18.8,18.1,95.0,2.6,"INE, Atlas de distribución de renta de los hogares, tablas 30824, 30829, 37677 y 30832"
06153,2021,14350,27053,10555,4.9,25.7,28.9,2.4,42.8,26.1,19.0,18.0,94.9,2.6,"INE, Atlas de distribución de renta de los hogares, tablas 30824, 30829, 37677 y 30832"
06153,2022,15050,28092,11111,4.2,27.4,28.7,2.3,43.1,26.8,19.5,17.7,95.2,2.5,"INE, Atlas de distribución de renta de los hogares, tablas 30824, 30829, 37677 y 30832"
06153,2023,15750,30199,12080,4.0,27.3,28.2,2.3,43.5,27.6,20.1,17.5,95.0,2.5,"INE, Atlas de distribución de renta de los hogares, tablas 30824, 30829, 37677 y 30832"
07011,2015,15050,30316,11512,15.0,20.5,37.1,3.0,40.0,29.9,13.1,18.1,68.5,2.5,"INE, Atlas de distribución de renta de los hogares, tablas 30824, 30829, 37677 y 30832"
07011,2016,15050,31519,11600,15.5,20.4,37.5,3.1,40.1,26.7,13.3,18.1,69.8,2.6,"INE, Atlas de distribución de renta de los hogares, tablas 30824, 30829, 37677 y 30832"
07011,2017,16450,33549,12787,15.5,17.3,35.6,2.8,40.4,30.3,13.8,17.8,69.4,2.5,"INE, Atlas de distribución de renta de los hogares, tablas 30824, 30829, 37677 y 30832"
07011,2018,17150,35470,13506,15.2,16.4,35.0,2.7,40.5,30.2,14.1,17.7,68.8,2.6,"INE, Atlas de distribución de renta de los hogares, tablas 30824, 30829, 37677 y 30832"
07011,2019,17850,36259,13756,14.3,17.1,34.3,2.7,40.9,29.9,14.6,17.1,68.0,2.6,"INE, Atlas de distribución de renta de los hogares, tablas 30824, 30829, 37677 y 30832"
07011,2020,15750,32380,12326,12.6,22.7,36.4,3.0,41.3,30.2,15.2,17.0,68.2,2.5,"INE, Atlas de distribución de renta de los hogares, tablas 30824, 30829, 37677 y 30832"
07011,2021,17850,35592,13630,13.3,18.8,34.8,2.7,41.6,30.4,15.9,16.9,67.7,2.5,"INE, Atlas de distribución de renta de los hogares, tablas 30824, 30829, 37677 y 30832"
07011,2022,19950,39912,15279,13.2,17.3,34.1,2.6,42.0,30.4,16.4,16.6,66.4,2.5,"INE, Atlas de distribución de renta de los hogares, tablas 30824, 30829, 37677 y 30832"
07011,2023,21350,44188,16884,12.5,16.8,33.4,2.5,42.4,30.6,16.9,16.2,66.3,2.5,"INE, Atlas de distribución de renta de los hogares, tablas 30824, 30829, 37677 y 30832"
07015,2015,13650,27569,10401,9.7,17.4,31.0,2.4,40.4,28.6,15.2,18.8,91.1,2.6,"INE, Atlas de distribución de renta de los hogares, tablas 30824, 30829, 37677 y 30832"
07015,2016,14350,28766,10709,10.2,16.0,30.5,2.5,40.7,27.0,15.5,18.7,91.0,2.6,"INE, Atlas de distribución de renta de los hogares, tablas 30824, 30829, 37677 y 30832"
07015,2017,15050,30140,11343,10.1,14.0,28.9,2.2,40.9,28.3,15.8,18.3,90.5,2.6,"INE, Atlas de distribución de renta de los hogares, tablas 30824, 30829, 37677 y 30832"
07015,2018,15750,31597,11917,9.6,13.8,28.7,2.3,41.1,28.3,16.1,17.8,90.1,2.6,"INE, Atlas de distribución de renta de los hogares, tablas 30824, 30829, 37677 y 30832"
07015,2019,16450,33131,12518,9.4,13.9,28.1,2.2,41.3,28.5,16.1,17.4,89.2,2.6,"INE, Atlas de distribución de renta de los hogares, tablas 30824, 30829, 37677 y 30832"
07015,2020,15750,31019,11817,8.9,18.5,30.3,2.6,41.8,29.0,16.5,17.1,89.4,2.6,"INE, Atlas de distribución de renta de los hogares, tablas 30824, 30829, 37677 y 30832"
07015,2021,17150,34032,13115,9.9,13.3,28.6,2.2,42.1,29.1,16.8,16.9,89.5,2.6,"INE, Atlas de distribución de renta de los hogares, tablas 30824, 30829, 37677 y 30832"
07015,2022,19250,37385,14367,9.4,13.1,27.9,2.1,42.2,29.4,16.8,16.4,88.4,2.6,"INE, Atlas de distribución de renta de los hogares, tablas 30824, 30829, 37677 y 30832"
07015,2023,20650,41259,15825,9.4,12.7,27.9,2.2,42.6,30.2,17.2,15.7,88.2,2.6,"INE, Atlas de distribución de renta de los hogares, tablas 30824, 30829, 37677 y 30832"
07026,2015,15750,34146,11998,16.2,15.9,33.2,2.6,38.8,26.4,11.5,16.5,75.7,2.8,"INE, Atlas de distribución de renta de los hogares, tablas 30824, 30829, 37677 y 30832"
07026,2016,16450,35964,12512,17.8,13.5,32.7,2.8,38.9,25.3,11.6,16.9,76.0,2.8,"INE, Atlas de distribución de renta de los hogares, tablas 30824, 30829, 37677 y 30832"
07026,2017,17850,37822,13314,17.5,13.1,32.1,2.5,39.3,26.3,12.1,16.9,75.3,2.8,"INE, Atlas de distribución de renta de los hogares, tablas 30824, 30829, 37677 y 30832"
07026,2018,18550,39718,14014,17.8,12.9,32.0,2.5,39.6,26.7,12.5,16.6,74.9,2.8,"INE, Atlas de distribución de renta de los hogares, tablas 30824, 30829, 37677 y 30832"
07026,2019,19250,41883,14610,17.1,12.8,31.7,2.6,39.8,26.3,12.6,16.3,73.6,2.8,"INE, Atlas de distribución de renta de los hogares, tablas 30824, 30829, 37677 y 30832"
07026,2020,17150,37684,13237,15.0,17.8,33.5,2.8,40.1,26.5,12.9,16.2,73.7,2.8,"INE, Atlas de distribución de renta de los hogares, tablas 30824, 30829, 37677 y 30832"
07026,2021,19250,41212,14574,15.9,14.1,31.8,2.6,40.5,26.7,13.2,16.0,73.6,2.8,"INE, Atlas de distribución de renta de los hogares, tablas 30824, 30829, 37677 y 30832"
07026,2022,21350,45515,15982,16.1,13.4,31.3,2.5,40.6,26.6,13.4,15.7,73.5,2.8,"INE, Atlas de distribución de renta de los hogares, tablas 30824, 30829, 37677 y 30832"
07026,2023,22750,50627,17493,15.1,13.5,31.5,2.4,40.7,26.7,13.4,15.5,72.9,2.8,"INE, Atlas de distribución de renta de los hogares, tablas 30824, 30829, 37677 y 30832"
07027,2015,13650,27379,9581,8.4,23.4,32.8,2.8,38.4,23.4,14.3,21.6,85.2,2.8,"INE, Atlas de distribución de renta de los hogares, tablas 30824, 30829, 37677 y 30832"
07027,2016,13650,29173,10206,9.2,20.6,31.5,2.7,38.6,23.1,14.3,21.5,85.5,2.8,"INE, Atlas de distribución de renta de los hogares, tablas 30824, 30829, 37677 y 30832"
07027,2017,14350,30338,10594,8.3,19.2,30.1,2.4,38.7,23.4,14.2,21.3,84.9,2.8,"INE, Atlas de distribución de renta de los hogares, tablas 30824, 30829, 37677 y 30832"
07027,2018,15050,32292,11198,7.7,19.2,29.6,2.4,38.9,22.6,14.2,21.0,83.6,2.9,"INE, Atlas de distribución de renta de los hogares, tablas 30824, 30829, 37677 y 30832"
07027,2019,15750,33132,11495,7.5,19.1,29.0,2.5,39.1,23.2,14.3,21.0,82.7,2.9,"INE, Atlas de distribución de renta de los hogares, tablas 30824, 30829, 37677 y 30832"
07027,2020,15050,30775,10768,6.7,23.1,30.3,2.6,39.4,23.3,14.6,20.7,82.5,2.8,"INE, Atlas de distribución de renta de los hogares, tablas 30824, 30829, 37677 y 30832"
07027,2021,15750,32593,11440,6.7,21.7,29.6,2.6,39.7,23.5,14.9,20.5,82.4,2.8,"INE, Atlas de distribución de renta de los hogares, tablas 30824, 30829, 37677 y 30832"
07027,2022,17150,35527,12543,6.3,19.9,28.5,2.4,39.9,23.7,15.1,20.4,82.2,2.8,"INE, Atlas de distribución de renta de los hogares, tablas 30824, 30829, 37677 y 30832"
07027,2023,18550,38492,13527,6.0,19.3,27.9,2.4,40.0,23.8,15.2,19.7,80.9,2.8,"INE, Atlas de distribución de renta de los hogares, tablas 30824, 30829, 37677 y 30832"
07031,2015,15050,30792,11459,14.1,18.6,33.7,2.8,39.9,25.9,14.1,19.4,84.8,2.6,"INE, Atlas de distribución de renta de los hogares, tablas 30824, 30829, 37677 y 30832"
07031,2016,15750,32097,11550,14.7,18.7,33.7,2.8,40.1,23.5,14.4,19.5,84.7,2.6,"INE, Atlas de distribución de renta de los hogares, tablas 30824, 30829, 37677 y 30832"
07031,2017,17150,33678,12472,14.6,15.1,31.8,2.5,40.2,25.1,14.6,19.4,84.0,2.7,"INE, Atlas de distribución de renta de los hogares, tablas 30824, 30829, 37677 y 30832"
07031,2018,17850,35432,13056,14.5,15.0,31.6,2.7,40.5,25.3,14.8,19.1,83.2,2.7,"INE, Atlas de distribución de renta de los hogares, tablas 30824, 30829, 37677 y 30832"
07031,2019,18550,36916,13556,14.0,14.6,30.7,2.6,40.8,25.3,15.1,18.6,82.1,2.7,"INE, Atlas de distribución de renta de los hogares, tablas 30824, 30829, 37677 y 30832"
07031,2020,17150,34252,12571,12.4,19.0,32.0,2.8,41.2,25.4,15.5,18.4,82.3,2.7,"INE, Atlas de distribución de renta de los hogares, tablas 30824, 30829, 37677 y 30832"
07031,2021,17850,36758,13512,12.5,16.6,30.9,2.6,41.5,25.1,15.8,18.2,82.2,2.7,"INE, Atlas de distribución de renta de los hogares, tablas 30824, 30829, 37677 y 30832"
07031,2022,19950,39686,14624,11.7,15.1,30.0,2.4,41.8,25.3,16.3,18.0,81.7,2.7,"INE, Atlas de distribución de renta de los hogares, tablas 30824, 30829, 37677 y 30832"
07031,2023,21350,43710,16013,10.9,14.3,29.3,2.3,42.1,25.1,16.6,17.5,81.2,2.7,"INE, Atlas de distribución de renta de los hogares, tablas 30824, 30829, 37677 y 30832"
07032,2015,15050,30568,11485,14.4,17.1,32.6,2.8,40.8,28.0,16.1,18.8,88.6,2.6,"INE, Atlas de distribución de renta de los hogares, tablas 30824, 30829, 37677 y 30832"
07032,2016,15750,31565,11770,15.3,15.9,32.3,2.6,40.9,27.3,16.3,18.9,89.1,2.6,"INE, Atlas de distribución de renta de los hogares, tablas 30824, 30829, 37677 y 30832"
07032,2017,16450,33303,12509,14.8,14.9,31.4,2.5,41.2,27.9,16.5,18.5,88.8,2.6,"INE, Atlas de distribución de renta de los hogares, tablas 30824, 30829, 37677 y 30832"
07032,2018,17150,34568,12989,14.1,14.6,30.8,2.6,41.4,27.9,16.6,18.1,88.0,2.6,"INE, Atlas de distribución de renta de los hogares, tablas 30824, 30829, 37677 y 30832"
07032,2019,17850,36273,13534,13.7,14.9,30.2,2.6,41.6,27.7,16.8,17.9,87.1,2.7,"INE, Atlas de distribución de renta de los hogares, tablas 30824, 30829, 37677 y 30832"
07032,2020,17150,34491,13017,13.1,17.4,31.8,2.7,42.1,28.1,17.4,17.5,87.2,2.6,"INE, Atlas de distribución de renta de los hogares, tablas 30824, 30829, 37677 y 30832"
07032,2021,18550,36826,14079,13.2,14.2,30.4,2.5,42.4,28.0,17.7,17.2,87.4,2.6,"INE, Atlas de distribución de renta de los hogares, tablas 30824, 30829, 37677 y 30832"
07032,2022,19950,39805,15159,12.3,14.2,29.8,2.5,42.7,28.6,18.0,16.5,86.2,2.6,"INE, Atlas de distribución de renta de los hogares, tablas 30824, 30829, 37677 y 30832"
07032,2023,21350,43139,16314,11.7,14.5,29.8,2.3,42.8,28.9,18.3,16.1,85.3,2.6,"INE, Atlas de distribución de renta de los hogares, tablas 30824, 30829, 37677 y 30832"
07033,2015,13650,28436,10063,9.0,21.3,31.7,2.6,40.0,28.3,16.2,19.9,83.0,2.7,"INE, Atlas de distribución de renta de los hogares, tablas 30824, 30829, 37677 y 30832"
07033,2016,14350,30011,10464,9.5,19.8,31.3,2.7,39.9,27.0,15.7,20.1,82.6,2.8,"INE, Atlas de distribución de renta de los hogares, tablas 30824, 30829, 37677 y 30832"
07033,2017,15050,32589,11333,9.3,18.7,30.3,2.5,39.8,27.3,15.5,20.2,81.2,2.8,"INE, Atlas de distribución de renta de los hogares, tablas 30824, 30829, 37677 y 30832"
07033,2018,15750,33101,11476,8.9,18.5,30.1,2.5,39.9,27.7,15.3,20.0,79.9,2.8,"INE, Atlas de distribución de renta de los hogares, tablas 30824, 30829, 37677 y 30832"
07033,2019,16450,33829,11770,8.9,17.7,29.3,2.4,39.9,27.7,15.1,20.1,79.3,2.8,"INE, Atlas de distribución de renta de los hogares, tablas 30824, 30829, 37677 y 30832"
07033,2020,15050,31156,10951,7.6,22.7,30.9,2.6,40.1,27.8,15.3,20.0,79.1,2.8,"INE, Atlas de distribución de renta de los hogares, tablas 30824, 30829, 37677 y 30832"
07033,2021,15750,33036,11688,7.8,21.5,30.3,2.6,40.2,28.4,15.4,20.0,78.7,2.8,"INE, Atlas de distribución de renta de los hogares, tablas 30824, 30829, 37677 y 30832"
07033,2022,17850,35983,12660,7.6,19.8,29.4,2.4,40.3,28.2,15.5,19.9,78.0,2.8,"INE, Atlas de distribución de renta de los hogares, tablas 30824, 30829, 37677 y 30832"
07033,2023,19250,39747,13931,7.0,19.1,28.9,2.4,40.5,28.0,15.7,19.4,78.2,2.8,"INE, Atlas de distribución de renta de los hogares, tablas 30824, 30829, 37677 y 30832"
07036,2015,17850,38101,12532,19.2,10.6,28.9,2.5,38.9,15.6,12.8,21.4,95.4,3.0,"INE, Atlas de distribución de renta de los hogares, tablas 30824, 30829, 37677 y 30832"
07036,2016,18550,39660,12992,20.5,9.4,28.4,2.4,39.1,15.1,13.2,21.5,95.4,3.0,"INE, Atlas de distribución de renta de los hogares, tablas 30824, 30829, 37677 y 30832"
07036,2017,19250,41348,13546,19.1,8.8,27.7,2.3,39.5,15.3,13.7,21.3,95.2,3.0,"INE, Atlas de distribución de renta de los hogares, tablas 30824, 30829, 37677 y 30832"
07036,2018,20650,43433,14218,19.2,8.4,27.2,2.2,39.8,15.5,14.1,20.9,94.8,3.0,"INE, Atlas de distribución de renta de los hogares, tablas 30824, 30829, 37677 y 30832"
07036,2019,21350,45459,14862,18.8,8.2,26.9,2.2,40.1,15.8,14.6,20.5,94.4,3.0,"INE, Atlas de distribución de renta de los hogares, tablas 30824, 30829, 37677 y 30832"
07036,2020,20650,44052,14449,17.4,9.2,27.6,2.4,40.5,15.9,15.1,20.1,94.1,3.0,"INE, Atlas de distribución de renta de los hogares, tablas 30824, 30829, 37677 y 30832"
07036,2021,22050,45743,15047,17.3,8.8,26.6,2.2,40.8,16.2,15.5,19.8,93.8,3.0,"INE, Atlas de distribución de renta de los hogares, tablas 30824, 30829, 37677 y 30832"
07036,2022,23450,49827,16389,16.6,8.1,26.2,2.2,41.1,16.1,15.9,19.5,93.6,3.0,"INE, Atlas de distribución de renta de los hogares, tablas 30824, 30829, 37677 y 30832"
07036,2023,25550,53890,17746,16.2,7.9,26.1,2.1,41.4,16.1,16.3,19.1,93.0,3.0,"INE, Atlas de distribución de renta de los hogares, tablas 30824, 30829, 37677 y 30832"
07040,2015,15050,32234,11467,15.6,20.7,35.6,3.1,40.5,26.1,15.4,17.7,84.9,2.7,"INE, Atlas de distribución de renta de los hogares, tablas 30824, 30829, 37677 y 30832"
07040,2016,15050,33884,11692,16.2,19.6,35.3,3.1,40.6,24.4,15.7,17.7,85.2,2.8,"INE, Atlas de distribución de renta de los hogares, tablas 30824, 30829, 37677 y 30832"
07040,2017,16450,35110,12514,16.0,16.8,33.5,2.8,40.8,26.1,15.9,17.6,84.9,2.8,"INE, Atlas de distribución de renta de los hogares, tablas 30824, 30829, 37677 y 30832"
07040,2018,17150,37181,13184,15.8,15.9,33.0,2.7,40.9,26.1,16.0,17.5,84.2,2.8,"INE, Atlas de distribución de renta de los hogares, tablas 30824, 30829, 37677 y 30832"
07040,2019,17850,38852,13712,15.2,16.0,32.5,2.6,41.1,26.1,16.1,17.1,83.1,2.8,"INE, Atlas de distribución de renta de los hogares, tablas 30824, 30829, 37677 y 30832"
07040,2020,17150,36510,12998,14.1,19.1,33.5,2.9,41.5,26.4,16.5,16.9,83.2,2.8,"INE, Atlas de distribución de renta de los hogares, tablas 30824, 30829, 37677 y 30832"
07040,2021,17850,38016,13728,14.1,17.6,32.7,2.7,41.8,27.0,16.9,16.8,83.4,2.7,"INE, Atlas de distribución de renta de los hogares, tablas 30824, 30829, 37677 y 30832"
07040,2022,19950,41852,14943,13.4,16.8,31.9,2.6,42.0,26.4,17.1,16.2,81.8,2.8,"INE, Atlas de distribución de renta de los hogares, tablas 30824, 30829, 37677 y 30832"
07040,2023,21350,45745,16181,12.8,16.3,31.3,2.5,42.2,26.4,17.3,15.8,80.6,2.8,"INE, Atlas de distribución de renta de los hogares, tablas 30824, 30829, 37677 y 30832"
07054,2015,14350,29734,10587,12.4,21.9,35.6,2.8,39.9,33.1,12.8,16.7,75.1,2.6,"INE, Atlas de distribución de renta de los hogares, tablas 30824, 30829, 37677 y 30832"
07054,2016,15050,31500,10936,13.8,20.2,35.5,2.9,39.4,28.3,12.2,17.7,75.2,2.7,"INE, Atlas de distribución de renta de los hogares, tablas 30824, 30829, 37677 y 30832"
07054,2017,16450,34026,12330,14.8,16.9,33.8,2.7,39.6,31.5,12.4,17.4,76.0,2.7,"INE, Atlas de distribución de renta de los hogares, tablas 30824, 30829, 37677 y 30832"
07054,2018,17150,33536,12026,14.3,16.7,33.7,2.7,40.0,31.4,12.7,17.3,73.2,2.7,"INE, Atlas de distribución de renta de los hogares, tablas 30824, 30829, 37677 y 30832"
07054,2019,17850,37956,13421,14.4,16.2,33.6,2.6,40.2,30.4,12.9,16.9,72.0,2.7,"INE, Atlas de distribución de renta de los hogares, tablas 30824, 30829, 37677 y 30832"
07054,2020,16450,34394,12030,12.6,20.3,34.7,2.8,40.5,30.0,13.1,16.6,71.1,2.7,"INE, Atlas de distribución de renta de los hogares, tablas 30824, 30829, 37677 y 30832"
07054,2021,18550,38484,13581,14.6,16.5,33.5,2.7,40.9,30.1,13.6,16.5,70.8,2.7,"INE, Atlas de distribución de renta de los hogares, tablas 30824, 30829, 37677 y 30832"
07054,2022,20650,43051,15175,15.1,15.0,33.1,2.5,41.2,29.8,13.9,16.1,69.9,2.7,"INE, Atlas de distribución de renta de los hogares, tablas 30824, 30829, 37677 y 30832"
07054,2023,22750,49170,16994,14.6,15.1,32.9,2.5,41.3,29.7,14.0,16.0,69.9,2.7,"INE, Atlas de distribución de renta de los hogares, tablas 30824, 30829, 37677 y 30832"
08015,2015,15050,29062,10876,11.9,20.4,32.7,2.9,41.6,23.4,17.9,18.7,87.9,2.6,"INE, Atlas de distribución de renta de los hogares, tablas 30824, 30829, 37677 y 30832"
08015,2016,15050,29847,11170,12.9,19.0,32.4,2.7,41.8,23.3,18.3,18.8,87.9,2.6,"INE, Atlas de distribución de renta de los hogares, tablas 30824, 30829, 37677 y 30832"
08015,2017,15750,30705,11495,11.7,19.1,31.4,2.8,41.9,23.7,18.5,18.8,87.3,2.6,"INE, Atlas de distribución de renta de los hogares, tablas 30824, 30829, 37677 y 30832"
08015,2018,16450,32249,11951,11.1,18.7,30.8,2.7,42.0,22.8,18.8,18.6,86.2,2.7,"INE, Atlas de distribución de renta de los hogares, tablas 30824, 30829, 37677 y 30832"
08015,2019,17150,33689,12440,10.7,18.8,30.5,2.8,42.2,22.8,18.9,18.5,84.9,2.7,"INE, Atlas de distribución de renta de los hogares, tablas 30824, 30829, 37677 y 30832"
08015,2020,17150,33689,12537,11.1,19.6,30.9,2.8,42.4,23.2,19.2,18.3,84.6,2.7,"INE, Atlas de distribución de renta de los hogares, tablas 30824, 30829, 37677 y 30832"
08015,2021,17850,35126,13152,10.9,19.0,30.7,2.7,42.6,23.9,19.4,18.2,84.2,2.7,"INE, Atlas de distribución de renta de los hogares, tablas 30824, 30829, 37677 y 30832"
08015,2022,18550,36335,13744,9.5,19.9,30.3,2.6,42.8,24.9,19.6,18.0,83.9,2.6,"INE, Atlas de distribución de renta de los hogares, tablas 30824, 30829, 37677 y 30832"
08015,2023,19950,38955,14618,8.5,20.3,30.0,2.6,43.0,24.1,19.9,17.8,83.1,2.6,"INE, Atlas de distribución de renta de los hogares, tablas 30824, 30829, 37677 y 30832"
08019,2015,18550,36477,14946,26.0,15.8,36.8,3.2,44.0,31.3,21.6,15.0,83.5,2.4,"INE, Atlas de distribución de renta de los hogares, tablas 30824, 30829, 37677 y 30832"
08019,2016,18550,37371,15389,27.1,15.4,37.0,3.3,44.1,31.6,21.7,15.2,82.4,2.4,"INE, Atlas de distribución de renta de los hogares, tablas 30824, 30829, 37677 y 30832"
08019,2017,19250,37881,15755,25.6,15.4,36.4,3.1,44.1,32.9,21.6,15.1,81.9,2.4,"INE, Atlas de distribución de renta de los hogares, tablas 30824, 30829, 37677 y 30832"
08019,2018,19950,39558,16386,24.6,15.4,36.2,3.2,44.1,32.6,21.5,15.0,80.4,2.4,"INE, Atlas de distribución de renta de los hogares, tablas 30824, 30829, 37677 y 30832"
08019,2019,20650,41046,16894,23.8,15.3,35.8,3.1,44.1,32.2,21.5,14.9,78.4,2.4,"INE, Atlas de distribución de renta de los hogares, tablas 30824, 30829, 37677 y 30832"
08019,2020,20650,40424,16750,23.9,16.0,35.7,3.1,44.3,32.6,21.5,14.6,78.7,2.4,"INE, Atlas de distribución de renta de los hogares, tablas 30824, 30829, 37677 y 30832"
08019,2021,21350,41454,17350,23.4,15.3,35.1,3.1,44.4,33.1,21.7,14.5,78.0,2.4,"INE, Atlas de distribución de renta de los hogares, tablas 30824, 30829, 37677 y 30832"
08019,2022,22750,43991,18404,21.5,16.1,35.1,3.0,44.3,33.2,21.5,14.4,78.5,2.4,"INE, Atlas de distribución de renta de los hogares, tablas 30824, 30829, 37677 y 30832"
08019,2023,23450,47361,19527,20.0,16.5,34.9,3.0,44.3,32.5,21.5,14.1,77.6,2.4,"INE, Atlas de distribución de renta de los hogares, tablas 30824, 30829, 37677 y 30832"
08056,2015,17850,39307,14325,24.6,16.7,37.1,3.1,39.3,23.2,13.6,20.2,81.4,2.7,"INE, Atlas de distribución de renta de los hogares, tablas 30824, 30829, 37677 y 30832"
08056,2016,17850,42164,15214,25.9,15.9,37.1,3.2,39.6,22.5,13.8,20.2,81.0,2.7,"INE, Atlas de distribución de renta de los hogares, tablas 30824, 30829, 37677 y 30832"
08056,2017,18550,45885,16555,24.6,15.5,36.2,3.1,40.0,23.0,14.2,20.0,80.2,2.7,"INE, Atlas de distribución de renta de los hogares, tablas 30824, 30829, 37677 y 30832"
08056,2018,19950,47640,17148,23.7,15.1,35.9,3.0,40.2,22.7,14.4,19.8,79.3,2.7,"INE, Atlas de distribución de renta de los hogares, tablas 30824, 30829, 37677 y 30832"
08056,2019,20650,44232,15876,23.3,15.1,35.7,3.1,40.5,22.7,14.7,19.6,78.7,2.8,"INE, Atlas de distribución de renta de los hogares, tablas 30824, 30829, 37677 y 30832"
08056,2020,20650,43718,15782,23.4,15.1,35.1,3.1,40.9,23.2,15.1,19.2,78.7,2.7,"INE, Atlas de distribución de renta de los hogares, tablas 30824, 30829, 37677 y 30832"
08056,2021,21350,45832,16671,23.3,14.4,34.6,2.9,41.3,23.3,15.4,18.7,78.5,2.7,"INE, Atlas de distribución de renta de los hogares, tablas 30824, 30829, 37677 y 30832"
08056,2022,22750,48586,17587,21.7,15.3,35.1,3.0,41.5,23.5,15.6,18.4,77.4,2.7,"INE, Atlas de distribución de renta de los hogares, tablas 30824, 30829, 37677 y 30832"
08056,2023,23450,51814,18693,20.1,15.8,34.7,3.0,41.8,23.2,15.9,17.9,76.6,2.7,"INE, Atlas de distribución de renta de los hogares, tablas 30824, 30829, 37677 y 30832"
08073,2015,15750,29401,11192,12.4,17.5,30.5,2.7,42.3,23.1,19.9,18.1,86.8,2.6,"INE, Atlas de distribución de renta de los hogares, tablas 30824, 30829, 37677 y 30832"
08073,2016,15750,30281,11464,13.4,16.3,30.5,2.8,42.4,23.1,19.9,18.1,86.6,2.6,"INE, Atlas de distribución de renta de los hogares, tablas 30824, 30829, 37677 y 30832"
08073,2017,16450,31139,11867,12.0,16.0,29.3,2.6,42.6,23.4,20.0,18.0,86.1,2.6,"INE, Atlas de distribución de renta de los hogares, tablas 30824, 30829, 37677 y 30832"
08073,2018,17150,32639,12331,11.5,15.8,28.9,2.5,42.7,23.4,19.8,17.8,85.1,2.6,"INE, Atlas de distribución de renta de los hogares, tablas 30824, 30829, 37677 y 30832"
08073,2019,17850,34025,12868,11.1,15.9,28.7,2.5,42.8,24.0,19.8,17.6,84.0,2.6,"INE, Atlas de distribución de renta de los hogares, tablas 30824, 30829, 37677 y 30832"
08073,2020,17850,33806,12954,11.4,16.6,29.2,2.7,43.1,24.9,19.9,17.3,84.3,2.6,"INE, Atlas de distribución de renta de los hogares, tablas 30824, 30829, 37677 y 30832"
08073,2021,18550,34743,13536,11.0,16.4,29.0,2.6,43.3,26.3,20.0,17.1,84.5,2.6,"INE, Atlas de distribución de renta de los hogares, tablas 30824, 30829, 37677 y 30832"
08073,2022,19250,36173,14101,9.2,17.7,28.7,2.5,43.4,26.3,19.9,16.9,83.6,2.6,"INE, Atlas de distribución de renta de los hogares, tablas 30824, 30829, 37677 y 30832"
08073,2023,19950,38322,14920,8.3,18.3,28.6,2.5,43.5,26.7,20.0,16.6,82.5,2.6,"INE, Atlas de distribución de renta de los hogares, tablas 30824, 30829, 37677 y 30832"
08077,2015,17850,36753,13936,20.8,13.8,33.9,2.7,43.7,22.0,21.7,16.7,89.8,2.6,"INE, Atlas de distribución de renta de los hogares, tablas 30824, 30829, 37677 y 30832"
08077,2016,17850,38952,14745,21.9,12.7,33.9,2.8,43.9,22.0,22.2,16.9,89.7,2.6,"INE, Atlas de distribución de renta de los hogares, tablas 30824, 30829, 37677 y 30832"
08077,2017,18550,39457,14857,20.3,12.8,33.2,2.7,44.0,21.9,22.4,16.9,89.0,2.6,"INE, Atlas de distribución de renta de los hogares, tablas 30824, 30829, 37677 y 30832"
08077,2018,19250,42628,16010,19.4,12.8,32.8,2.7,44.1,22.0,22.7,16.8,88.2,2.7,"INE, Atlas de distribución de renta de los hogares, tablas 30824, 30829, 37677 y 30832"
08077,2019,19950,41973,15659,19.0,12.6,32.3,2.5,44.3,22.0,23.0,16.8,87.4,2.7,"INE, Atlas de distribución de renta de los hogares, tablas 30824, 30829, 37677 y 30832"
08077,2020,19950,41369,15553,19.0,13.0,32.3,2.7,44.6,22.7,23.2,16.7,87.3,2.7,"INE, Atlas de distribución de renta de los hogares, tablas 30824, 30829, 37677 y 30832"
08077,2021,20650,43224,16402,18.8,12.5,32.3,2.7,44.9,23.3,23.9,16.5,87.2,2.6,"INE, Atlas de distribución de renta de los hogares, tablas 30824, 30829, 37677 y 30832"
08077,2022,21350,45145,16998,16.7,13.9,32.3,2.6,44.8,23.6,23.7,16.6,86.1,2.6,"INE, Atlas de distribución de renta de los hogares, tablas 30824, 30829, 37677 y 30832"
08077,2023,22750,47034,17633,15.3,14.8,32.3,2.5,44.9,23.3,23.9,16.6,85.1,2.7,"INE, Atlas de distribución de renta de los hogares, tablas 30824, 30829, 37677 y 30832"
08089,2015,16450,34582,12678,18.0,15.4,33.1,2.8,40.9,21.8,16.6,19.7,90.7,2.7,"INE, Atlas de distribución de renta de los hogares, tablas 30824, 30829, 37677 y 30832"
08089,2016,17150,36784,13407,19.2,14.6,32.8,2.7,41.0,21.5,16.7,19.9,90.4,2.7,"INE, Atlas de distribución de renta de los hogares, tablas 30824, 30829, 37677 y 30832"
08089,2017,17850,37370,13723,17.4,14.2,31.9,2.7,41.3,21.9,17.0,19.8,90.0,2.7,"INE, Atlas de distribución de renta de los hogares, tablas 30824, 30829, 37677 y 30832"
08089,2018,18550,37999,14038,16.9,13.6,31.3,2.6,41.5,22.1,17.3,19.6,89.5,2.7,"INE, Atlas de distribución de renta de los hogares, tablas 30824, 30829, 37677 y 30832"
08089,2019,19250,39069,14435,16.4,13.4,30.8,2.6,41.8,22.5,17.6,19.2,88.9,2.7,"INE, Atlas de distribución de renta de los hogares, tablas 30824, 30829, 37677 y 30832"
08089,2020,19250,39233,14586,17.1,13.4,31.0,2.6,42.2,23.0,17.9,18.8,88.7,2.7,"INE, Atlas de distribución de renta de los hogares, tablas 30824, 30829, 37677 y 30832"
08089,2021,20650,40562,15156,17.0,13.0,31.0,2.5,42.5,23.2,18.2,18.7,88.7,2.7,"INE, Atlas de distribución de renta de los hogares, tablas 30824, 30829, 37677 y 30832"
08089,2022,21350,42878,15988,14.8,13.7,30.5,2.5,42.7,22.9,18.5,18.5,87.7,2.7,"INE, Atlas de distribución de renta de los hogares, tablas 30824, 30829, 37677 y 30832"
08089,2023,22750,45669,17120,13.7,14.3,30.5,2.5,42.9,23.3,18.8,18.0,87.2,2.7,"INE, Atlas de distribución de renta de los hogares, tablas 30824, 30829, 37677 y 30832"
08096,2015,15750,32487,12041,16.4,19.0,34.3,2.9,41.2,23.8,16.9,18.5,86.6,2.7,"INE, Atlas de distribución de renta de los hogares, tablas 30824, 30829, 37677 y 30832"
08096,2016,16450,33660,12455,17.6,17.7,34.1,3.0,41.4,23.6,17.2,18.5,87.2,2.7,"INE, Atlas de distribución de renta de los hogares, tablas 30824, 30829, 37677 y 30832"
08096,2017,17150,34496,12798,16.0,17.2,32.6,2.8,41.6,23.9,17.6,18.4,87.0,2.7,"INE, Atlas de distribución de renta de los hogares, tablas 30824, 30829, 37677 y 30832"
08096,2018,17850,35925,13407,15.5,16.4,31.9,2.7,41.8,24.3,17.9,18.3,86.6,2.7,"INE, Atlas de distribución de renta de los hogares, tablas 30824, 30829, 37677 y 30832"
08096,2019,18550,36987,13680,15.1,16.2,31.3,2.6,42.0,24.1,17.9,18.0,85.6,2.7,"INE, Atlas de distribución de renta de los hogares, tablas 30824, 30829, 37677 y 30832"
08096,2020,18550,37867,14136,15.3,16.1,31.4,2.6,42.3,24.5,18.3,17.7,85.5,2.7,"INE, Atlas de distribución de renta de los hogares, tablas 30824, 30829, 37677 y 30832"
08096,2021,19250,38749,14687,14.8,15.0,30.6,2.6,42.7,25.4,19.0,17.5,85.9,2.6,"INE, Atlas de distribución de renta de los hogares, tablas 30824, 30829, 37677 y 30832"
08096,2022,19950,40540,15392,13.2,15.9,30.2,2.5,42.8,25.6,19.3,17.3,85.9,2.6,"INE, Atlas de distribución de renta de los hogares, tablas 30824, 30829, 37677 y 30832"
08096,2023,21350,42757,16199,11.7,16.2,29.8,2.5,43.0,25.7,19.7,16.9,85.2,2.6,"INE, Atlas de distribución de renta de los hogares, tablas 30824, 30829, 37677 y 30832"
08101,2015,13650,27680,10455,10.4,22.9,32.6,3.0,42.7,24.8,20.5,16.7,81.8,2.6,"INE, Atlas de distribución de renta de los hogares, tablas 30824, 30829, 37677 y 30832"
08101,2016,14350,28438,10637,11.0,22.1,32.5,3.1,42.7,24.5,20.4,16.8,81.3,2.6,"INE, Atlas de distribución de renta de los hogares, tablas 30824, 30829, 37677 y 30832"
08101,2017,14350,28985,10917,9.6,21.8,31.5,2.8,42.7,25.3,20.3,16.8,80.1,2.6,"INE, Atlas de distribución de renta de los hogares, tablas 30824, 30829, 37677 y 30832"
08101,2018,15050,30411,11339,9.0,21.4,30.9,2.8,42.7,25.0,20.2,16.7,78.7,2.7,"INE, Atlas de distribución de renta de los hogares, tablas 30824, 30829, 37677 y 30832"
08101,2019,15750,31645,11731,8.4,21.6,30.6,2.6,42.7,25.0,20.0,16.7,77.2,2.7,"INE, Atlas de distribución de renta de los hogares, tablas 30824, 30829, 37677 y 30832"
08101,2020,15750,31358,11726,8.7,22.7,31.1,2.8,43.0,25.4,20.1,16.6,77.8,2.7,"INE, Atlas de distribución de renta de los hogares, tablas 30824, 30829, 37677 y 30832"
08101,2021,16450,32722,12304,8.4,21.7,30.5,2.7,43.1,26.0,20.1,16.5,78.1,2.6,"INE, Atlas de distribución de renta de los hogares, tablas 30824, 30829, 37677 y 30832"
08101,2022,17150,34449,12632,6.9,23.8,30.5,2.6,42.9,25.6,19.5,16.3,76.2,2.7,"INE, Atlas de distribución de renta de los hogares, tablas 30824, 30829, 37677 y 30832"
08101,2023,17850,36526,13302,6.1,24.8,30.3,2.7,42.8,25.7,19.2,16.0,74.5,2.7,"INE, Atlas de distribución de renta de los hogares, tablas 30824, 30829, 37677 y 30832"
08102,2015,16450,30715,11840,15.4,18.0,32.5,2.8,41.6,27.5,19.0,20.0,89.3,2.6,"INE, Atlas de distribución de renta de los hogares, tablas 30824, 30829, 37677 y 30832"
08102,2016,16450,31823,12161,16.9,17.5,32.9,2.9,41.8,27.5,19.2,19.9,89.3,2.6,"INE, Atlas de distribución de renta de los hogares, tablas 30824, 30829, 37677 y 30832"
08102,2017,17150,32369,12505,15.0,16.9,31.4,2.8,42.0,27.9,19.5,20.0,89.3,2.6,"INE, Atlas de distribución de renta de los hogares, tablas 30824, 30829, 37677 y 30832"
08102,2018,17850,33796,13038,14.2,16.4,31.0,2.7,42.2,28.0,19.9,19.8,88.5,2.6,"INE, Atlas de distribución de renta de los hogares, tablas 30824, 30829, 37677 y 30832"
08102,2019,18550,35309,13512,13.9,16.8,30.5,2.7,42.3,27.8,19.9,19.7,87.3,2.6,"INE, Atlas de distribución de renta de los hogares, tablas 30824, 30829, 37677 y 30832"
08102,2020,17850,35232,13501,14.1,16.9,30.8,2.7,42.4,27.6,19.8,19.5,87.0,2.6,"INE, Atlas de distribución de renta de los hogares, tablas 30824, 30829, 37677 y 30832"
08102,2021,19250,36602,14172,13.7,16.3,30.3,2.7,42.8,28.3,20.2,19.0,87.4,2.6,"INE, Atlas de distribución de renta de los hogares, tablas 30824, 30829, 37677 y 30832"
08102,2022,19950,38404,14868,11.8,16.8,30.0,2.6,42.8,28.5,20.3,18.8,86.7,2.6,"INE, Atlas de distribución de renta de los hogares, tablas 30824, 30829, 37677 y 30832"
08102,2023,20650,40560,15698,11.0,17.8,29.9,2.6,43.1,28.5,20.6,18.2,86.0,2.6,"INE, Atlas de distribución de renta de los hogares, tablas 30824, 30829, 37677 y 30832"
08113,2015,15750,29551,11730,15.4,21.7,35.2,3.4,42.4,28.9,19.7,18.8,84.8,2.5,"INE, Atlas de distribución de renta de los hogares, tablas 30824, 30829, 37677 y 30832"
08113,2016,16450,30555,12083,16.3,20.3,34.8,3.2,42.6,28.7,19.8,18.9,84.6,2.5,"INE, Atlas de distribución de renta de los hogares, tablas 30824, 30829, 37677 y 30832"
08113,2017,16450,31422,12389,14.7,20.2,33.2,2.9,42.6,28.9,20.0,18.9,83.7,2.5,"INE, Atlas de distribución de renta de los hogares, tablas 30824, 30829, 37677 y 30832"
08113,2018,17150,32576,12762,13.5,20.1,32.7,3.0,42.6,28.9,19.8,18.9,82.3,2.5,"INE, Atlas de distribución de renta de los hogares, tablas 30824, 30829, 37677 y 30832"
08113,2019,17850,33624,13244,12.7,21.2,32.4,2.9,42.6,29.1,19.7,19.1,81.2,2.5,"INE, Atlas de distribución de renta de los hogares, tablas 30824, 30829, 37677 y 30832"
08113,2020,17850,33705,13324,13.1,21.1,32.6,2.9,42.6,29.2,19.7,19.0,80.8,2.5,"INE, Atlas de distribución de renta de los hogares, tablas 30824, 30829, 37677 y 30832"
08113,2021,17850,34295,13727,12.6,21.1,32.1,3.0,42.9,29.8,20.0,18.9,81.1,2.5,"INE, Atlas de distribución de renta de los hogares, tablas 30824, 30829, 37677 y 30832"
08113,2022,18550,35516,14219,10.5,22.4,32.1,2.9,42.9,30.1,20.1,18.8,80.5,2.5,"INE, Atlas de distribución de renta de los hogares, tablas 30824, 30829, 37677 y 30832"
08113,2023,19950,37680,15099,9.3,22.6,31.4,2.8,43.0,30.1,20.3,18.4,79.7,2.5,"INE, Atlas de distribución de renta de los hogares, tablas 30824, 30829, 37677 y 30832"
08114,2015,15750,32151,11192,13.5,17.9,31.3,2.8,39.6,20.5,15.7,21.8,84.1,2.8,"INE, Atlas de distribución de renta de los hogares, tablas 30824, 30829, 37677 y 30832"
08114,2016,16450,32889,11342,14.2,17.3,31.1,2.8,40.0,20.4,16.1,21.8,84.4,2.8,"INE, Atlas de distribución de renta de los hogares, tablas 30824, 30829, 37677 y 30832"
08114,2017,17150,34056,11891,13.2,16.7,29.9,2.7,40.2,20.6,16.2,21.8,84.3,2.8,"INE, Atlas de distribución de renta de los hogares, tablas 30824, 30829, 37677 y 30832"
08114,2018,17850,35520,12304,12.8,17.0,29.8,2.8,40.3,20.7,16.3,21.5,83.3,2.8,"INE, Atlas de distribución de renta de los hogares, tablas 30824, 30829, 37677 y 30832"
08114,2019,17850,36988,12766,11.8,16.6,29.2,2.7,40.6,21.2,16.4,21.0,82.0,2.9,"INE, Atlas de distribución de renta de los hogares, tablas 30824, 30829, 37677 y 30832"
08114,2020,17850,36806,12761,11.9,17.4,29.5,2.7,40.9,21.7,16.4,20.4,81.9,2.8,"INE, Atlas de distribución de renta de los hogares, tablas 30824, 30829, 37677 y 30832"
08114,2021,18550,37892,13435,11.7,17.2,29.5,2.6,41.2,23.7,16.6,19.9,81.6,2.8,"INE, Atlas de distribución de renta de los hogares, tablas 30824, 30829, 37677 y 30832"
08114,2022,19250,39573,13859,9.5,17.9,28.8,2.5,41.4,22.8,16.6,19.4,83.7,2.8,"INE, Atlas de distribución de renta de los hogares, tablas 30824, 30829, 37677 y 30832"
08114,2023,20650,42058,14833,8.6,17.9,28.5,2.5,41.7,23.1,16.9,18.6,83.6,2.8,"INE, Atlas de distribución de renta de los hogares, tablas 30824, 30829, 37677 y 30832"
08121,2015,14350,28315,10457,11.5,23.6,34.5,3.1,40.7,23.8,16.6,19.4,84.8,2.7,"INE, Atlas de distribución de renta de los hogares, tablas 30824, 30829, 37677 y 30832"
08121,2016,14350,29515,10853,12.5,21.6,33.6,2.9,40.9,23.2,16.9,19.5,84.7,2.7,"INE, Atlas de distribución de renta de los hogares, tablas 30824, 30829, 37677 y 30832"
08121,2017,15050,30250,11125,11.2,21.4,32.5,2.9,41.1,23.5,17.2,19.6,84.4,2.7,"INE, Atlas de distribución de renta de los hogares, tablas 30824, 30829, 37677 y 30832"
08121,2018,15750,31764,11658,10.6,20.7,31.8,2.8,41.4,23.6,17.4,19.4,83.7,2.7,"INE, Atlas de distribución de renta de los hogares, tablas 30824, 30829, 37677 y 30832"
08121,2019,16450,33144,12150,10.3,20.7,31.4,2.7,41.6,23.7,17.6,19.2,82.8,2.7,"INE, Atlas de distribución de renta de los hogares, tablas 30824, 30829, 37677 y 30832"
08121,2020,16450,33263,12201,10.7,21.3,31.8,2.7,41.8,24.0,17.9,18.9,83.1,2.7,"INE, Atlas de distribución de renta de los hogares, tablas 30824, 30829, 37677 y 30832"
08121,2021,17150,34603,12889,10.6,19.8,31.0,2.7,42.1,24.7,18.1,18.8,83.5,2.7,"INE, Atlas de distribución de renta de los hogares, tablas 30824, 30829, 37677 y 30832"
08121,2022,18550,36490,13681,9.2,20.4,30.6,2.6,42.4,25.2,18.5,18.5,83.9,2.6,"INE, Atlas de distribución de renta de los hogares, tablas 30824, 30829, 37677 y 30832"
08121,2023,19250,38499,14433,8.5,20.6,30.0,2.5,42.6,25.4,18.8,18.1,83.7,2.6,"INE, Atlas de distribución de renta de los hogares, tablas 30824, 30829, 37677 y 30832"
08124,2015,15750,30779,11320,12.1,15.9,29.5,2.5,40.1,20.8,15.3,20.4,89.4,2.7,"INE, Atlas de distribución de renta de los hogares, tablas 30824, 30829, 37677 y 30832"
08124,2016,16450,31539,11724,13.2,14.4,29.1,2.6,40.5,21.4,15.8,20.3,90.1,2.7,"INE, Atlas de distribución de renta de los hogares, tablas 30824, 30829, 37677 y 30832"
08124,2017,17150,32350,12075,11.9,14.5,28.4,2.4,40.9,21.5,16.3,19.9,89.8,2.7,"INE, Atlas de distribución de renta de los hogares, tablas 30824, 30829, 37677 y 30832"
08124,2018,17850,33637,12542,10.9,14.1,27.5,2.4,41.2,21.8,16.7,19.4,89.1,2.7,"INE, Atlas de distribución de renta de los hogares, tablas 30824, 30829, 37677 y 30832"
08124,2019,18550,35177,13064,10.7,13.8,27.2,2.3,41.6,21.7,17.2,18.8,88.4,2.7,"INE, Atlas de distribución de renta de los hogares, tablas 30824, 30829, 37677 y 30832"
08124,2020,18550,35187,13185,10.9,13.7,27.3,2.3,42.1,22.0,17.5,18.3,88.3,2.7,"INE, Atlas de distribución de renta de los hogares, tablas 30824, 30829, 37677 y 30832"
08124,2021,19250,36486,13786,10.4,13.0,26.7,2.3,42.5,22.7,18.0,17.8,88.1,2.6,"INE, Atlas de distribución de renta de los hogares, tablas 30824, 30829, 37677 y 30832"
08124,2022,19950,37549,14439,8.6,14.4,26.7,2.2,42.6,24.4,18.2,17.3,87.3,2.6,"INE, Atlas de distribución de renta de los hogares, tablas 30824, 30829, 37677 y 30832"
08124,2023,21350,39648,15241,7.5,15.1,26.5,2.4,43.0,24.9,18.7,16.7,86.8,2.6,"INE, Atlas de distribución de renta de los hogares, tablas 30824, 30829, 37677 y 30832"
08125,2015,15750,29584,11154,12.4,18.3,31.4,2.7,39.7,22.3,15.0,20.7,90.0,2.6,"INE, Atlas de distribución de renta de los hogares, tablas 30824, 30829, 37677 y 30832"
08125,2016,15750,30427,11438,13.2,17.5,31.4,2.8,40.0,22.2,15.1,20.5,89.7,2.7,"INE, Atlas de distribución de renta de los hogares, tablas 30824, 30829, 37677 y 30832"
08125,2017,16450,31229,11669,11.6,17.3,30.0,2.6,40.1,22.7,15.1,20.4,88.7,2.6,"INE, Atlas de distribución de renta de los hogares, tablas 30824, 30829, 37677 y 30832"
08125,2018,17150,32872,12230,11.0,17.1,29.7,2.7,40.2,22.4,15.1,20.3,87.4,2.7,"INE, Atlas de distribución de renta de los hogares, tablas 30824, 30829, 37677 y 30832"
08125,2019,17850,34248,12684,10.6,17.3,29.6,2.6,40.3,22.3,15.1,20.2,86.4,2.7,"INE, Atlas de distribución de renta de los hogares, tablas 30824, 30829, 37677 y 30832"
08125,2020,17850,34324,12673,10.9,17.9,29.9,2.6,40.6,22.2,15.3,19.9,86.3,2.7,"INE, Atlas de distribución de renta de los hogares, tablas 30824, 30829, 37677 y 30832"
08125,2021,18550,36267,13405,10.9,17.0,29.5,2.6,40.9,21.7,15.7,19.8,86.4,2.7,"INE, Atlas de distribución de renta de los hogares, tablas 30824, 30829, 37677 y 30832"
08125,2022,19250,37122,13860,8.8,17.7,28.6,2.5,41.1,22.4,16.0,19.5,86.5,2.7,"INE, Atlas de distribución de renta de los hogares, tablas 30824, 30829, 37677 y 30832"
08125,2023,20650,39356,14700,7.7,17.9,28.2,2.4,41.3,22.2,16.6,19.2,86.3,2.7,"INE, Atlas de distribución de renta de los hogares, tablas 30824, 30829, 37677 y 30832"
08163,2015,12950,24759,9682,8.3,25.7,33.4,2.7,42.3,27.0,19.3,18.1,86.1,2.5,"INE, Atlas de distribución de renta de los hogares, tablas 30824, 30829, 37677 y 30832"
08163,2016,12950,25710,10125,8.7,22.6,32.7,2.8,42.6,27.3,19.9,18.0,86.8,2.5,"INE, Atlas de distribución de renta de los hogares, tablas 30824, 30829, 37677 y 30832"
08163,2017,13650,26390,10417,7.8,22.7,31.4,2.7,42.9,27.9,20.2,17.8,86.6,2.5,"INE, Atlas de distribución de renta de los hogares, tablas 30824, 30829, 37677 y 30832"
08163,2018,15050,27056,10711,7.5,20.9,30.4,2.5,43.1,27.9,20.4,17.6,86.0,2.5,"INE, Atlas de distribución de renta de los hogares, tablas 30824, 30829, 37677 y 30832"
08163,2019,15050,29126,11503,7.4,21.3,30.1,2.5,43.3,27.7,20.6,17.2,84.7,2.5,"INE, Atlas de distribución de renta de los hogares, tablas 30824, 30829, 37677 y 30832"
08163,2020,15050,28372,11378,7.7,24.5,31.4,2.6,43.6,28.4,21.0,17.1,85.4,2.5,"INE, Atlas de distribución de renta de los hogares, tablas 30824, 30829, 37677 y 30832"
08163,2021,15750,29800,12127,7.3,21.7,29.8,2.6,44.0,29.8,21.4,16.8,85.9,2.4,"INE, Atlas de distribución de renta de los hogares, tablas 30824, 30829, 37677 y 30832"
08163,2022,17150,31857,12884,6.6,21.3,29.2,2.5,44.3,29.3,21.8,16.6,84.6,2.5,"INE, Atlas de distribución de renta de los hogares, tablas 30824, 30829, 37677 y 30832"
08163,2023,18550,34538,13951,6.2,21.4,28.9,2.5,44.6,29.4,22.4,16.1,83.8,2.5,"INE, Atlas de distribución de renta de los hogares, tablas 30824, 30829, 37677 y 30832"
08169,2015,16450,31511,11798,13.3,13.8,28.6,2.4,41.5,21.2,18.0,18.5,92.5,2.7,"INE, Atlas de distribución de renta de los hogares, tablas 30824, 30829, 37677 y 30832"
08169,2016,17150,32304,12089,14.3,12.4,28.1,2.4,41.7,21.3,18.3,18.6,92.4,2.7,"INE, Atlas de distribución de renta de los hogares, tablas 30824, 30829, 37677 y 30832"
08169,2017,17850,33106,12408,12.7,12.7,27.4,2.4,42.0,21.4,18.7,18.5,92.1,2.7,"INE, Atlas de distribución de renta de los hogares, tablas 30824, 30829, 37677 y 30832"
08169,2018,18550,34558,12966,12.0,12.4,27.1,2.3,42.2,21.9,19.0,18.5,91.4,2.7,"INE, Atlas de distribución de renta de los hogares, tablas 30824, 30829, 37677 y 30832"
08169,2019,19250,35994,13414,11.5,13.0,27.1,2.3,42.5,22.0,19.4,18.3,90.6,2.7,"INE, Atlas de distribución de renta de los hogares, tablas 30824, 30829, 37677 y 30832"
08169,2020,18550,35752,13381,11.5,13.6,27.5,2.3,42.8,22.1,19.6,18.1,90.5,2.7,"INE, Atlas de distribución de renta de los hogares, tablas 30824, 30829, 37677 y 30832"
08169,2021,19950,37240,14168,11.6,12.4,27.3,2.3,43.1,23.1,20.0,17.9,90.6,2.6,"INE, Atlas de distribución de renta de los hogares, tablas 30824, 30829, 37677 y 30832"
08169,2022,20650,38952,14848,9.9,13.2,26.7,2.3,43.3,23.4,20.3,17.6,90.4,2.6,"INE, Atlas de distribución de renta de los hogares, tablas 30824, 30829, 37677 y 30832"
08169,2023,22050,41138,15714,8.7,13.8,26.3,2.3,43.5,23.6,20.6,17.3,90.0,2.6,"INE, Atlas de distribución de renta de los hogares, tablas 30824, 30829, 37677 y 30832"
08172,2015,16450,32356,12290,17.8,18.1,33.9,3.0,42.0,24.2,17.9,18.5,88.8,2.6,"INE, Atlas de distribución de renta de los hogares, tablas 30824, 30829, 37677 y 30832"
08172,2016,16450,33278,12603,18.8,16.9,33.6,3.1,42.1,24.0,18.3,18.4,88.5,2.6,"INE, Atlas de distribución de renta de los hogares, tablas 30824, 30829, 37677 y 30832"
08172,2017,17150,34367,13008,17.1,16.5,32.5,2.9,42.4,24.4,18.7,18.4,88.2,2.6,"INE, Atlas de distribución de renta de los hogares, tablas 30824, 30829, 37677 y 30832"
08172,2018,17850,36202,13767,17.0,15.3,31.6,2.8,42.7,24.5,19.2,18.2,87.9,2.6,"INE, Atlas de distribución de renta de los hogares, tablas 30824, 30829, 37677 y 30832"
08172,2019,18550,37197,14140,16.0,15.1,30.8,2.7,43.0,24.6,19.4,17.9,87.1,2.6,"INE, Atlas de distribución de renta de los hogares, tablas 30824, 30829, 37677 y 30832"
08172,2020,19250,37354,14231,16.1,15.3,30.8,2.7,43.4,24.7,19.9,17.5,87.0,2.6,"INE, Atlas de distribución de renta de los hogares, tablas 30824, 30829, 37677 y 30832"
08172,2021,19950,38349,14727,16.0,15.0,30.9,2.6,43.7,24.9,20.5,17.4,87.1,2.6,"INE, Atlas de distribución de renta de los hogares, tablas 30824, 30829, 37677 y 30832"
08172,2022,20650,40315,15575,14.2,15.7,30.5,2.6,43.9,25.4,20.9,17.1,86.8,2.6,"INE, Atlas de distribución de renta de los hogares, tablas 30824, 30829, 37677 y 30832"
08172,2023,22050,42499,16592,13.0,15.8,30.1,2.6,44.3,26.3,21.3,16.5,86.1,2.5,"INE, Atlas de distribución de renta de los hogares, tablas 30824, 30829, 37677 y 30832"
08180,2015,15050,28666,10796,11.2,17.3,30.2,2.6,39.1,23.6,14.4,21.5,89.9,2.6,"INE, Atlas de distribución de renta de los hogares, tablas 30824, 30829, 37677 y 30832"
08180,2016,15750,29827,11200,11.6,16.1,29.8,2.5,39.4,22.6,14.6,21.6,89.8,2.7,"INE, Atlas de distribución de renta de los hogares, tablas 30824, 30829, 37677 y 30832"
08180,2017,16450,30524,11365,10.1,15.9,28.6,2.6,39.6,23.4,14.8,21.3,89.2,2.6,"INE, Atlas de distribución de renta de los hogares, tablas 30824, 30829, 37677 y 30832"
08180,2018,17150,31786,11838,9.3,15.9,28.1,2.5,39.9,22.8,15.1,21.1,88.4,2.7,"INE, Atlas de distribución de renta de los hogares, tablas 30824, 30829, 37677 y 30832"
08180,2019,17850,33156,12277,8.6,16.0,27.7,2.4,40.2,22.8,15.3,20.9,87.7,2.7,"INE, Atlas de distribución de renta de los hogares, tablas 30824, 30829, 37677 y 30832"
08180,2020,17850,33645,12506,9.2,15.9,28.1,2.4,40.5,23.0,15.5,20.6,87.7,2.7,"INE, Atlas de distribución de renta de los hogares, tablas 30824, 30829, 37677 y 30832"
08180,2021,18550,34577,13083,8.8,15.8,27.5,2.5,40.9,23.9,15.9,20.2,87.4,2.6,"INE, Atlas de distribución de renta de los hogares, tablas 30824, 30829, 37677 y 30832"
08180,2022,19250,35934,13602,7.2,16.3,26.9,2.4,41.0,24.1,16.0,19.6,87.2,2.6,"INE, Atlas de distribución de renta de los hogares, tablas 30824, 30829, 37677 y 30832"
08180,2023,19950,37926,14420,6.4,17.2,26.8,2.4,41.4,24.8,16.3,19.0,86.3,2.6,"INE, Atlas de distribución de renta de los hogares, tablas 30824, 30829, 37677 y 30832"
08184,2015,15750,30580,11117,12.7,18.0,31.0,2.8,39.6,21.1,14.5,20.4,89.4,2.7,"INE, Atlas de distribución de renta de los hogares, tablas 30824, 30829, 37677 y 30832"
08184,2016,16450,31875,11535,13.9,16.9,31.0,2.8,39.8,21.0,14.9,20.4,89.5,2.7,"INE, Atlas de distribución de renta de los hogares, tablas 30824, 30829, 37677 y 30832"
08184,2017,17150,32571,11837,12.4,16.1,29.4,2.6,40.1,21.4,15.1,20.3,89.0,2.7,"INE, Atlas de distribución de renta de los hogares, tablas 30824, 30829, 37677 y 30832"
08184,2018,17850,34113,12358,11.8,15.6,29.0,2.6,40.3,21.1,15.3,20.1,88.3,2.7,"INE, Atlas de distribución de renta de los hogares, tablas 30824, 30829, 37677 y 30832"
08184,2019,17850,35428,12773,11.0,15.4,28.4,2.5,40.5,21.3,15.6,20.0,87.3,2.8,"INE, Atlas de distribución de renta de los hogares, tablas 30824, 30829, 37677 y 30832"
08184,2020,18550,35426,12850,11.2,15.6,28.4,2.5,40.8,21.8,15.9,19.7,87.2,2.7,"INE, Atlas de distribución de renta de los hogares, tablas 30824, 30829, 37677 y 30832"
08184,2021,19250,37632,13734,11.7,15.0,28.7,2.5,41.2,22.0,16.3,19.2,87.2,2.7,"INE, Atlas de distribución de renta de los hogares, tablas 30824, 30829, 37677 y 30832"
08184,2022,19950,38512,14024,9.1,16.1,27.8,2.4,41.4,22.0,16.6,18.9,86.7,2.7,"INE, Atlas de distribución de renta de los hogares, tablas 30824, 30829, 37677 y 30832"
08184,2023,20650,40881,14794,8.0,17.0,27.6,2.5,41.6,22.1,16.9,18.5,85.8,2.7,"INE, Atlas de distribución de renta de los hogares, tablas 30824, 30829, 37677 y 30832"
08187,2015,15750,30507,11778,14.8,17.9,32.8,2.8,41.4,24.6,18.2,19.2,89.7,2.6,"INE, Atlas de distribución de renta de los hogares, tablas 30824, 30829, 37677 y 30832"
08187,2016,16450,31601,12171,16.0,16.4,32.3,2.6,41.6,24.6,18.4,19.2,89.4,2.6,"INE, Atlas de distribución de renta de los hogares, tablas 30824, 30829, 37677 y 30832"
08187,2017,17150,32494,12533,14.5,16.3,31.4,2.7,41.7,25.0,18.5,19.3,88.8,2.6,"INE, Atlas de distribución de renta de los hogares, tablas 30824, 30829, 37677 y 30832"
08187,2018,17850,33876,13046,13.9,15.8,30.8,2.7,41.8,24.9,18.5,19.2,88.0,2.6,"INE, Atlas de distribución de renta de los hogares, tablas 30824, 30829, 37677 y 30832"
08187,2019,18550,35200,13490,13.4,16.1,30.5,2.6,41.9,24.9,18.5,19.0,86.9,2.6,"INE, Atlas de distribución de renta de los hogares, tablas 30824, 30829, 37677 y 30832"
08187,2020,17850,35249,13520,13.7,16.5,30.6,2.7,42.1,25.1,18.6,18.8,86.7,2.6,"INE, Atlas de distribución de renta de los hogares, tablas 30824, 30829, 37677 y 30832"
08187,2021,19250,36428,14151,13.3,15.6,30.0,2.5,42.3,25.6,18.8,18.7,86.7,2.6,"INE, Atlas de distribución de renta de los hogares, tablas 30824, 30829, 37677 y 30832"
08187,2022,19950,38208,14868,11.6,16.5,29.8,2.6,42.5,25.9,19.0,18.4,86.4,2.6,"INE, Atlas de distribución de renta de los hogares, tablas 30824, 30829, 37677 y 30832"
08187,2023,20650,40323,15637,10.4,17.3,29.6,2.5,42.6,26.1,19.1,18.1,85.6,2.6,"INE, Atlas de distribución de renta de los hogares, tablas 30824, 30829, 37677 y 30832"
08194,2015,13650,27603,9912,8.9,25.2,33.8,3.3,40.2,23.0,17.2,20.2,87.7,2.7,"INE, Atlas de distribución de renta de los hogares, tablas 30824, 30829, 37677 y 30832"
08194,2016,13650,28424,10200,9.8,24.1,33.5,3.0,40.3,22.8,17.1,20.1,87.5,2.8,"INE, Atlas de distribución de renta de los hogares, tablas 30824, 30829, 37677 y 30832"
08194,2017,14350,28845,10466,8.6,23.8,32.4,2.8,40.5,23.3,17.0,20.0,87.2,2.7,"INE, Atlas de distribución de renta de los hogares, tablas 30824, 30829, 37677 y 30832"
08194,2018,15050,29807,10779,8.1,23.9,31.8,2.9,40.6,23.3,17.0,19.8,86.1,2.7,"INE, Atlas de distribución de renta de los hogares, tablas 30824, 30829, 37677 y 30832"
08194,2019,15750,31077,11233,7.6,23.7,31.3,2.8,40.8,23.8,17.2,19.5,84.9,2.7,"INE, Atlas de distribución de renta de los hogares, tablas 30824, 30829, 37677 y 30832"
08194,2020,15750,31090,11308,7.8,24.2,31.5,2.8,41.1,24.0,17.2,19.3,84.8,2.7,"INE, Atlas de distribución de renta de los hogares, tablas 30824, 30829, 37677 y 30832"
08194,2021,16450,31990,11865,7.5,23.7,30.8,2.8,41.3,24.4,17.4,19.2,84.4,2.7,"INE, Atlas de distribución de renta de los hogares, tablas 30824, 30829, 37677 y 30832"
08194,2022,17150,33979,12520,6.7,24.1,30.5,2.8,41.5,24.7,17.4,18.9,83.7,2.7,"INE, Atlas de distribución de renta de los hogares, tablas 30824, 30829, 37677 y 30832"
08194,2023,17850,36148,13268,5.9,24.9,30.3,2.7,41.7,24.6,17.5,18.3,82.4,2.7,"INE, Atlas de distribución de renta de los hogares, tablas 30824, 30829, 37677 y 30832"
08196,2015,17150,31469,11709,13.6,14.3,28.8,2.4,37.7,22.0,12.6,23.4,91.0,2.7,"INE, Atlas de distribución de renta de los hogares, tablas 30824, 30829, 37677 y 30832"
08196,2016,17150,32405,12118,14.5,12.5,28.1,2.4,38.2,21.0,13.2,23.1,91.3,2.7,"INE, Atlas de distribución de renta de los hogares, tablas 30824, 30829, 37677 y 30832"
08196,2017,17850,33619,12270,12.7,11.8,26.7,2.4,38.6,20.8,13.7,22.9,90.9,2.7,"INE, Atlas de distribución de renta de los hogares, tablas 30824, 30829, 37677 y 30832"
08196,2018,18550,35236,12801,12.3,11.6,26.4,2.3,38.9,20.4,13.9,22.6,90.4,2.7,"INE, Atlas de distribución de renta de los hogares, tablas 30824, 30829, 37677 y 30832"
08196,2019,19250,36457,13324,11.2,11.7,25.8,2.3,39.4,21.0,14.4,21.9,90.2,2.7,"INE, Atlas de distribución de renta de los hogares, tablas 30824, 30829, 37677 y 30832"
08196,2020,19250,36436,13428,11.6,11.8,26.2,2.3,40.0,21.5,14.9,21.2,90.4,2.7,"INE, Atlas de distribución de renta de los hogares, tablas 30824, 30829, 37677 y 30832"
08196,2021,19950,37824,14051,11.3,11.9,26.2,2.2,40.6,21.9,15.5,20.4,90.3,2.7,"INE, Atlas de distribución de renta de los hogares, tablas 30824, 30829, 37677 y 30832"
08196,2022,20650,39548,14785,9.4,12.2,25.7,2.1,41.1,22.0,16.0,19.8,90.2,2.7,"INE, Atlas de distribución de renta de los hogares, tablas 30824, 30829, 37677 y 30832"
08196,2023,22050,41760,15639,8.4,12.3,25.3,2.2,41.5,22.4,16.3,19.0,89.5,2.7,"INE, Atlas de distribución de renta de los hogares, tablas 30824, 30829, 37677 y 30832"
08200,2015,16450,30827,11405,12.2,15.2,28.9,2.5,41.3,20.1,17.8,18.9,91.4,2.7,"INE, Atlas de distribución de renta de los hogares, tablas 30824, 30829, 37677 y 30832"
08200,2016,16450,31692,11808,13.5,13.5,28.3,2.4,41.6,20.4,18.2,18.9,91.8,2.7,"INE, Atlas de distribución de renta de los hogares, tablas 30824, 30829, 37677 y 30832"
08200,2017,17150,32501,12120,12.2,13.6,27.7,2.4,41.8,20.6,18.5,18.8,91.4,2.7,"INE, Atlas de distribución de renta de los hogares, tablas 30824, 30829, 37677 y 30832"
08200,2018,17850,33892,12608,11.5,12.9,27.2,2.4,42.0,20.9,18.7,18.7,90.8,2.7,"INE, Atlas de distribución de renta de los hogares, tablas 30824, 30829, 37677 y 30832"
08200,2019,18550,35523,13189,11.0,13.2,26.9,2.3,42.2,21.1,18.9,18.4,89.8,2.7,"INE, Atlas de distribución de renta de los hogares, tablas 30824, 30829, 37677 y 30832"
08200,2020,18550,35370,13270,11.4,13.4,27.0,2.3,42.5,21.8,19.2,18.2,89.9,2.7,"INE, Atlas de distribución de renta de los hogares, tablas 30824, 30829, 37677 y 30832"
08200,2021,19250,36460,13856,10.9,13.1,26.9,2.3,42.9,22.6,19.6,17.9,89.6,2.6,"INE, Atlas de distribución de renta de los hogares, tablas 30824, 30829, 37677 y 30832"
08200,2022,20650,38137,14530,9.3,14.1,26.7,2.2,43.0,22.9,19.8,17.6,89.1,2.6,"INE, Atlas de distribución de renta de los hogares, tablas 30824, 30829, 37677 y 30832"
08200,2023,21350,40324,15331,8.0,14.6,26.4,2.2,43.3,23.5,20.1,17.2,88.4,2.6,"INE, Atlas de distribución de renta de los hogares, tablas 30824, 30829, 37677 y 30832"
08205,2015,24150,55467,18326,43.2,10.1,36.7,3.2,37.8,18.3,12.4,24.1,88.5,3.0,"INE, Atlas de distribución de renta de los hogares, tablas 30824, 30829, 37677 y 30832"
08205,2016,25550,58164,19151,45.1,9.3,36.8,3.3,38.0,18.2,12.8,24.0,88.5,3.0,"INE, Atlas de distribución de renta de los hogares, tablas 30824, 30829, 37677 y 30832"
08205,2017,25550,59606,19591,43.4,9.2,36.2,3.2,38.3,18.4,13.1,23.7,88.0,3.0,"INE, Atlas de distribución de renta de los hogares, tablas 30824, 30829, 37677 y 30832"
08205,2018,26950,62246,20582,43.1,9.0,35.7,3.1,38.5,18.5,13.5,23.5,87.7,3.0,"INE, Atlas de distribución de renta de los hogares, tablas 30824, 30829, 37677 y 30832"
08205,2019,27650,64376,21122,42.0,9.0,35.7,3.1,38.8,18.4,13.8,23.1,86.9,3.0,"INE, Atlas de distribución de renta de los hogares, tablas 30824, 30829, 37677 y 30832"
08205,2020,28350,64848,21304,42.6,8.3,35.1,2.9,39.0,18.2,14.0,22.7,87.1,3.0,"INE, Atlas de distribución de renta de los hogares, tablas 30824, 30829, 37677 y 30832"
08205,2021,29750,66360,21888,42.5,8.0,34.6,2.9,39.3,18.6,14.4,22.3,86.8,3.0,"INE, Atlas de distribución de renta de los hogares, tablas 30824, 30829, 37677 y 30832"
08205,2022,31150,70875,23337,40.4,8.5,34.8,2.9,39.6,18.6,14.8,22.0,86.3,3.0,"INE, Atlas de distribución de renta de los hogares, tablas 30824, 30829, 37677 y 30832"
08205,2023,32550,74951,24748,38.3,9.0,34.5,2.9,40.0,18.7,15.3,21.5,85.8,3.0,"INE, Atlas de distribución de renta de los hogares, tablas 30824, 30829, 37677 y 30832"
08211,2015,17850,35002,13006,19.5,11.5,30.0,2.5,41.1,21.1,17.5,19.8,93.5,2.7,"INE, Atlas de distribución de renta de los hogares, tablas 30824, 30829, 37677 y 30832"
08211,2016,18550,36114,13473,20.9,10.5,29.8,2.4,41.4,21.2,18.0,19.8,93.8,2.7,"INE, Atlas de distribución de renta de los hogares, tablas 30824, 30829, 37677 y 30832"
08211,2017,19250,37265,13897,19.6,10.1,28.9,2.5,41.7,21.2,18.4,19.7,93.6,2.7,"INE, Atlas de distribución de renta de los hogares, tablas 30824, 30829, 37677 y 30832"
08211,2018,19950,38773,14482,18.9,9.7,28.6,2.4,42.0,21.4,18.7,19.5,93.1,2.7,"INE, Atlas de distribución de renta de los hogares, tablas 30824, 30829, 37677 y 30832"
08211,2019,20650,40612,15164,18.5,9.7,28.3,2.4,42.3,21.6,19.1,19.2,92.2,2.7,"INE, Atlas de distribución de renta de los hogares, tablas 30824, 30829, 37677 y 30832"
08211,2020,20650,40464,15162,18.9,10.1,28.5,2.4,42.5,21.8,19.2,18.8,92.1,2.7,"INE, Atlas de distribución de renta de los hogares, tablas 30824, 30829, 37677 y 30832"
08211,2021,21350,42037,15846,18.7,9.7,28.4,2.3,43.0,22.2,19.6,18.3,91.8,2.6,"INE, Atlas de distribución de renta de los hogares, tablas 30824, 30829, 37677 y 30832"
08211,2022,22750,44246,16721,16.6,10.5,28.4,2.3,43.2,22.5,19.9,17.8,91.2,2.6,"INE, Atlas de distribución de renta de los hogares, tablas 30824, 30829, 37677 y 30832"
08211,2023,23450,46453,17607,15.1,10.9,28.3,2.4,43.5,22.9,20.1,17.3,90.5,2.6,"INE, Atlas de distribución de renta de los hogares, tablas 30824, 30829, 37677 y 30832"
08217,2015,18550,37705,13887,23.3,10.8,31.0,2.5,40.4,19.5,16.3,20.6,93.5,2.7,"INE, Atlas de distribución de renta de los hogares, tablas 30824, 30829, 37677 y 30832"
08217,2016,19250,38844,14260,24.9,10.1,30.8,2.5,40.6,19.4,16.5,20.6,93.3,2.7,"INE, Atlas de distribución de renta de los hogares, tablas 30824, 30829, 37677 y 30832"
08217,2017,19950,39846,14565,22.6,10.2,30.2,2.4,40.9,19.5,16.8,20.3,92.8,2.7,"INE, Atlas de distribución de renta de los hogares, tablas 30824, 30829, 37677 y 30832"
08217,2018,20650,41457,15189,22.3,9.6,29.6,2.4,41.2,19.7,17.1,20.0,92.2,2.7,"INE, Atlas de distribución de renta de los hogares, tablas 30824, 30829, 37677 y 30832"
08217,2019,21350,43071,15777,21.0,9.3,29.0,2.3,41.5,19.7,17.5,19.6,91.6,2.7,"INE, Atlas de distribución de renta de los hogares, tablas 30824, 30829, 37677 y 30832"
08217,2020,21350,43031,15814,21.2,10.0,29.3,2.3,41.9,20.0,17.7,19.2,91.6,2.7,"INE, Atlas de distribución de renta de los hogares, tablas 30824, 30829, 37677 y 30832"
08217,2021,22750,44608,16594,21.4,9.5,29.2,2.4,42.3,20.7,18.2,18.6,91.3,2.7,"INE, Atlas de distribución de renta de los hogares, tablas 30824, 30829, 37677 y 30832"
08217,2022,23450,46031,17198,18.6,10.2,28.6,2.3,42.5,21.4,18.4,18.3,90.7,2.7,"INE, Atlas de distribución de renta de los hogares, tablas 30824, 30829, 37677 y 30832"
08217,2023,24850,48757,18262,17.0,10.5,28.3,2.3,42.8,21.5,18.9,17.7,89.8,2.7,"INE, Atlas de distribución de renta de los hogares, tablas 30824, 30829, 37677 y 30832"
08231,2015,14350,30772,11150,14.8,21.8,36.3,3.0,39.4,22.9,13.7,21.0,85.8,2.7,"INE, Atlas de distribución de renta de los hogares, tablas 30824, 30829, 37677 y 30832"
08231,2016,15050,31837,11312,14.9,20.9,35.9,3.0,39.8,22.3,14.0,20.6,85.8,2.7,"INE, Atlas de distribución de renta de los hogares, tablas 30824, 30829, 37677 y 30832"
08231,2017,15750,32766,11918,14.5,19.7,34.5,2.9,40.1,23.7,14.5,20.3,85.0,2.7,"INE, Atlas de distribución de renta de los hogares, tablas 30824, 30829, 37677 y 30832"
08231,2018,16450,34418,12578,14.3,18.6,33.7,2.8,40.3,23.3,14.9,20.5,85.6,2.7,"INE, Atlas de distribución de renta de los hogares, tablas 30824, 30829, 37677 y 30832"
08231,2019,17150,35773,13058,13.4,17.9,32.7,2.7,40.7,23.3,15.3,19.9,84.8,2.7,"INE, Atlas de distribución de renta de los hogares, tablas 30824, 30829, 37677 y 30832"
08231,2020,17150,35819,13094,13.5,18.2,32.7,2.7,41.0,23.2,15.6,19.5,84.5,2.7,"INE, Atlas de distribución de renta de los hogares, tablas 30824, 30829, 37677 y 30832"
08231,2021,17850,37437,13815,13.7,17.6,32.5,2.6,41.4,23.8,16.0,19.0,84.2,2.7,"INE, Atlas de distribución de renta de los hogares, tablas 30824, 30829, 37677 y 30832"
08231,2022,19250,39275,14742,12.9,18.4,32.7,2.8,41.7,24.3,16.4,18.9,84.0,2.6,"INE, Atlas de distribución de renta de los hogares, tablas 30824, 30829, 37677 y 30832"
08231,2023,19950,41892,15889,11.8,18.4,32.3,2.6,42.0,24.7,17.0,18.3,83.3,2.6,"INE, Atlas de distribución de renta de los hogares, tablas 30824, 30829, 37677 y 30832"
08245,2015,12950,26122,9447,6.7,25.0,31.8,2.8,41.8,22.2,19.5,18.0,80.9,2.7,"INE, Atlas de distribución de renta de los hogares, tablas 30824, 30829, 37677 y 30832"
08245,2016,13650,26874,9666,7.4,23.8,31.3,2.8,41.9,22.4,19.7,18.1,80.6,2.7,"INE, Atlas de distribución de renta de los hogares, tablas 30824, 30829, 37677 y 30832"
08245,2017,13650,27520,9910,6.3,23.9,30.6,2.7,42.0,22.6,19.6,18.2,79.8,2.8,"INE, Atlas de distribución de renta de los hogares, tablas 30824, 30829, 37677 y 30832"
08245,2018,14350,28830,10398,5.9,22.9,29.9,2.7,42.1,23.0,19.6,18.2,78.9,2.8,"INE, Atlas de distribución de renta de los hogares, tablas 30824, 30829, 37677 y 30832"
08245,2019,15050,30063,10779,5.5,23.6,29.5,2.6,42.2,22.9,19.5,18.1,77.7,2.8,"INE, Atlas de distribución de renta de los hogares, tablas 30824, 30829, 37677 y 30832"
08245,2020,15050,29891,10799,5.8,24.2,30.0,2.6,42.4,23.4,19.6,18.0,77.9,2.8,"INE, Atlas de distribución de renta de los hogares, tablas 30824, 30829, 37677 y 30832"
08245,2021,15750,31195,11422,5.6,23.2,29.3,2.5,42.7,24.1,19.8,17.9,78.4,2.7,"INE, Atlas de distribución de renta de los hogares, tablas 30824, 30829, 37677 y 30832"
08245,2022,16450,32642,11872,4.5,24.8,29.0,2.6,42.7,24.3,19.6,17.8,77.9,2.7,"INE, Atlas de distribución de renta de los hogares, tablas 30824, 30829, 37677 y 30832"
08245,2023,17150,34161,12584,3.9,25.3,28.6,2.5,42.8,25.9,19.6,17.5,77.4,2.7,"INE, Atlas de distribución de renta de los hogares, tablas 30824, 30829, 37677 y 30832"
08252,2015,17150,32663,11827,14.2,12.3,27.4,2.3,39.7,18.2,14.6,20.3,93.3,2.8,"INE, Atlas de distribución de renta de los hogares, tablas 30824, 30829, 37677 y 30832"
08252,2016,17850,33757,12193,15.2,11.2,27.3,2.4,40.0,18.2,15.1,20.4,93.4,2.7,"INE, Atlas de distribución de renta de los hogares, tablas 30824, 30829, 37677 y 30832"
08252,2017,18550,34751,12654,13.6,10.7,26.3,2.3,40.4,18.4,15.8,20.2,93.4,2.7,"INE, Atlas de distribución de renta de los hogares, tablas 30824, 30829, 37677 y 30832"
08252,2018,19250,35926,13095,13.3,10.6,26.0,2.2,40.7,18.8,16.2,20.1,92.8,2.7,"INE, Atlas de distribución de renta de los hogares, tablas 30824, 30829, 37677 y 30832"
08252,2019,19950,37707,13692,12.2,10.4,25.7,2.1,41.0,18.6,16.8,19.9,92.4,2.7,"INE, Atlas de distribución de renta de los hogares, tablas 30824, 30829, 37677 y 30832"
08252,2020,19950,37693,13785,13.0,10.3,25.9,2.2,41.4,19.2,17.3,19.7,92.3,2.7,"INE, Atlas de distribución de renta de los hogares, tablas 30824, 30829, 37677 y 30832"
08252,2021,20650,39246,14380,12.4,9.5,25.2,2.1,41.8,19.6,17.7,19.3,92.1,2.7,"INE, Atlas de distribución de renta de los hogares, tablas 30824, 30829, 37677 y 30832"
08252,2022,21350,41105,15104,10.5,10.9,25.2,2.1,42.1,19.6,18.2,18.8,91.6,2.7,"INE, Atlas de distribución de renta de los hogares, tablas 30824, 30829, 37677 y 30832"
08252,2023,22750,43314,15932,9.1,11.5,25.0,2.1,42.5,20.0,18.7,18.4,91.2,2.7,"INE, Atlas de distribución de renta de los hogares, tablas 30824, 30829, 37677 y 30832"
08260,2015,16450,32381,11491,14.0,15.1,29.6,2.6,38.9,18.9,13.7,22.1,91.6,2.8,"INE, Atlas de distribución de renta de los hogares, tablas 30824, 30829, 37677 y 30832"
08260,2016,17150,33298,11857,15.0,13.7,29.3,2.4,39.3,18.9,14.2,22.1,91.6,2.8,"INE, Atlas de distribución de renta de los hogares, tablas 30824, 30829, 37677 y 30832"
08260,2017,17850,34531,12276,14.1,14.1,28.7,2.5,39.7,19.1,14.6,21.8,91.1,2.8,"INE, Atlas de distribución de renta de los hogares, tablas 30824, 30829, 37677 y 30832"
08260,2018,18550,35925,12783,12.9,13.3,27.9,2.5,40.0,19.3,15.1,21.5,90.5,2.8,"INE, Atlas de distribución de renta de los hogares, tablas 30824, 30829, 37677 y 30832"
08260,2019,19250,37132,13262,12.3,13.2,27.6,2.4,40.3,20.5,15.3,21.0,89.7,2.8,"INE, Atlas de distribución de renta de los hogares, tablas 30824, 30829, 37677 y 30832"
08260,2020,19250,37403,13392,12.4,13.2,27.7,2.4,40.8,20.7,15.8,20.5,89.9,2.8,"INE, Atlas de distribución de renta de los hogares, tablas 30824, 30829, 37677 y 30832"
08260,2021,19950,39180,14060,12.1,12.7,27.2,2.3,41.1,20.6,16.3,20.0,90.0,2.8,"INE, Atlas de distribución de renta de los hogares, tablas 30824, 30829, 37677 y 30832"
08260,2022,21350,40687,14691,10.1,13.4,26.7,2.3,41.5,20.9,16.7,19.6,90.3,2.8,"INE, Atlas de distribución de renta de los hogares, tablas 30824, 30829, 37677 y 30832"
08260,2023,22050,43064,15657,9.0,12.8,25.9,2.2,41.9,21.3,17.2,18.7,90.1,2.7,"INE, Atlas de distribución de renta de los hogares, tablas 30824, 30829, 37677 y 30832"
08263,2015,15750,31153,10926,10.5,15.9,29.2,2.5,40.2,18.2,15.3,20.1,93.6,2.8,"INE, Atlas de distribución de renta de los hogares, tablas 30824, 30829, 37677 y 30832"
08263,2016,16450,32727,11483,12.2,14.3,28.5,2.6,40.6,17.9,15.6,19.8,93.7,2.8,"INE, Atlas de distribución de renta de los hogares, tablas 30824, 30829, 37677 y 30832"
08263,2017,17150,33297,11827,11.4,13.6,27.8,2.4,41.0,18.7,16.0,19.5,93.5,2.8,"INE, Atlas de distribución de renta de los hogares, tablas 30824, 30829, 37677 y 30832"
08263,2018,17850,34991,12411,10.8,12.4,27.1,2.4,41.2,18.8,16.3,19.3,92.7,2.8,"INE, Atlas de distribución de renta de los hogares, tablas 30824, 30829, 37677 y 30832"
08263,2019,18550,36393,12931,10.1,12.5,26.4,2.3,41.6,18.8,16.7,18.9,92.2,2.8,"INE, Atlas de distribución de renta de los hogares, tablas 30824, 30829, 37677 y 30832"
08263,2020,18550,36425,13011,10.4,12.6,26.5,2.3,42.0,19.3,17.2,18.4,92.2,2.8,"INE, Atlas de distribución de renta de los hogares, tablas 30824, 30829, 37677 y 30832"
08263,2021,19250,37824,13586,10.2,12.8,26.4,2.3,42.3,19.6,17.6,18.2,91.9,2.8,"INE, Atlas de distribución de renta de los hogares, tablas 30824, 30829, 37677 y 30832"
08263,2022,20650,39649,14167,8.4,13.2,25.8,2.2,42.5,19.7,17.9,17.9,91.3,2.8,"INE, Atlas de distribución de renta de los hogares, tablas 30824, 30829, 37677 y 30832"
08263,2023,21350,42529,15183,7.8,13.3,25.5,2.2,42.7,19.9,18.4,17.4,91.0,2.8,"INE, Atlas de distribución de renta de los hogares, tablas 30824, 30829, 37677 y 30832"
08266,2015,17850,35889,13424,21.2,12.3,31.6,2.5,41.5,21.8,17.1,18.2,91.5,2.6,"INE, Atlas de distribución de renta de los hogares, tablas 30824, 30829, 37677 y 30832"
08266,2016,18550,37413,13953,23.3,11.3,31.9,2.7,41.9,21.4,17.8,18.2,91.3,2.7,"INE, Atlas de distribución de renta de los hogares, tablas 30824, 30829, 37677 y 30832"
08266,2017,19250,38333,14326,21.0,11.0,30.7,2.5,42.2,22.2,18.3,17.9,91.3,2.6,"INE, Atlas de distribución de renta de los hogares, tablas 30824, 30829, 37677 y 30832"
08266,2018,19950,39715,14973,20.4,10.6,30.1,2.5,42.6,22.5,19.0,17.6,90.9,2.6,"INE, Atlas de distribución de renta de los hogares, tablas 30824, 30829, 37677 y 30832"
08266,2019,20650,41254,15568,19.8,10.4,29.9,2.4,42.9,22.6,19.4,17.2,90.2,2.6,"INE, Atlas de distribución de renta de los hogares, tablas 30824, 30829, 37677 y 30832"
08266,2020,20650,41078,15586,20.5,10.7,29.8,2.5,43.3,22.9,20.0,16.9,90.4,2.6,"INE, Atlas de distribución de renta de los hogares, tablas 30824, 30829, 37677 y 30832"
08266,2021,21350,42822,16360,19.9,10.2,29.8,2.4,43.7,23.6,20.6,16.6,90.2,2.6,"INE, Atlas de distribución de renta de los hogares, tablas 30824, 30829, 37677 y 30832"
08266,2022,22750,44326,16959,17.4,11.2,29.5,2.4,43.9,23.8,20.9,16.2,89.5,2.6,"INE, Atlas de distribución de renta de los hogares, tablas 30824, 30829, 37677 y 30832"
08266,2023,23450,46621,17925,16.1,11.6,29.4,2.4,44.1,24.3,21.3,15.8,88.8,2.6,"INE, Atlas de distribución de renta de los hogares, tablas 30824, 30829, 37677 y 30832"
08270,2015,17850,36383,14968,27.2,18.8,40.8,3.6,42.3,33.1,17.0,18.2,79.4,2.4,"INE, Atlas de distribución de renta de los hogares, tablas 30824, 30829, 37677 y 30832"
08270,2016,18550,37935,15478,28.4,17.8,40.9,3.7,42.6,32.4,17.6,18.0,79.5,2.4,"INE, Atlas de distribución de renta de los hogares, tablas 30824, 30829, 37677 y 30832"
08270,2017,18550,39373,16143,27.9,17.2,40.1,3.6,42.9,33.0,17.9,17.7,78.8,2.4,"INE, Atlas de distribución de renta de los hogares, tablas 30824, 30829, 37677 y 30832"
08270,2018,19950,42166,17323,27.0,17.1,40.1,3.4,43.2,33.5,18.2,17.5,77.4,2.4,"INE, Atlas de distribución de renta de los hogares, tablas 30824, 30829, 37677 y 30832"
08270,2019,20650,42967,17666,26.8,16.7,39.5,3.3,43.5,33.5,18.5,17.2,77.2,2.4,"INE, Atlas de distribución de renta de los hogares, tablas 30824, 30829, 37677 y 30832"
08270,2020,20650,42710,17588,26.6,17.3,39.8,3.6,43.8,33.5,18.6,16.6,76.2,2.4,"INE, Atlas de distribución de renta de los hogares, tablas 30824, 30829, 37677 y 30832"
08270,2021,22050,44670,18514,27.2,16.5,38.8,3.3,44.0,33.2,19.0,16.2,75.3,2.4,"INE, Atlas de distribución de renta de los hogares, tablas 30824, 30829, 37677 y 30832"
08270,2022,23450,47800,19698,25.6,16.9,39.6,3.3,44.1,33.4,19.1,16.1,73.8,2.4,"INE, Atlas de distribución de renta de los hogares, tablas 30824, 30829, 37677 y 30832"
08270,2023,24150,51676,21387,24.6,17.1,38.9,3.3,44.4,33.6,19.4,15.6,73.4,2.4,"INE, Atlas de distribución de renta de los hogares, tablas 30824, 30829, 37677 y 30832"
08279,2015,15750,30321,11392,14.1,18.7,32.5,2.8,40.3,25.2,16.4,20.3,88.4,2.6,"INE, Atlas de distribución de renta de los hogares, tablas 30824, 30829, 37677 y 30832"
08279,2016,16450,31250,11745,15.3,17.4,32.1,2.8,40.5,25.1,16.5,20.3,88.3,2.6,"INE, Atlas de distribución de renta de los hogares, tablas 30824, 30829, 37677 y 30832"
08279,2017,16450,32184,12098,13.8,17.0,31.0,2.7,40.7,25.4,16.7,20.3,88.0,2.6,"INE, Atlas de distribución de renta de los hogares, tablas 30824, 30829, 37677 y 30832"
08279,2018,17150,33621,12641,13.3,16.3,30.3,2.6,40.8,25.6,16.8,20.1,87.3,2.6,"INE, Atlas de distribución de renta de los hogares, tablas 30824, 30829, 37677 y 30832"
08279,2019,17850,35132,13137,12.6,16.3,29.8,2.6,41.1,25.5,16.9,19.9,86.5,2.6,"INE, Atlas de distribución de renta de los hogares, tablas 30824, 30829, 37677 y 30832"
08279,2020,17850,35192,13243,12.8,16.3,29.8,2.6,41.3,25.8,17.2,19.6,86.4,2.6,"INE, Atlas de distribución de renta de los hogares, tablas 30824, 30829, 37677 y 30832"
08279,2021,19250,36656,13875,12.8,15.9,29.4,2.6,41.6,26.0,17.4,19.4,85.9,2.6,"INE, Atlas de distribución de renta de los hogares, tablas 30824, 30829, 37677 y 30832"
08279,2022,19950,38112,14513,10.7,16.9,29.1,2.6,41.8,26.6,17.6,19.0,86.7,2.6,"INE, Atlas de distribución de renta de los hogares, tablas 30824, 30829, 37677 y 30832"
08279,2023,20650,40058,15337,9.5,17.3,28.9,2.5,41.9,26.7,17.7,18.7,85.8,2.6,"INE, Atlas de distribución de renta de los hogares, tablas 30824, 30829, 37677 y 30832"
08298,2015,15750,32022,11805,15.0,17.4,32.8,2.8,39.3,26.6,15.3,21.2,76.0,2.7,"INE, Atlas de distribución de renta de los hogares, tablas 30824, 30829, 37677 y 30832"
08298,2016,16450,33484,12305,16.3,15.8,32.3,2.7,39.6,26.6,15.3,21.1,75.5,2.7,"INE, Atlas de distribución de renta de los hogares, tablas 30824, 30829, 37677 y 30832"
08298,2017,16450,34720,12708,14.5,16.4,31.6,2.7,39.6,26.7,15.2,20.9,73.9,2.7,"INE, Atlas de distribución de renta de los hogares, tablas 30824, 30829, 37677 y 30832"
08298,2018,17150,34970,12633,14.0,16.4,31.4,2.6,39.6,26.3,15.3,20.7,72.4,2.7,"INE, Atlas de distribución de renta de los hogares, tablas 30824, 30829, 37677 y 30832"
08298,2019,17150,37321,13212,13.2,18.1,31.6,2.7,39.6,25.8,15.2,20.5,70.8,2.8,"INE, Atlas de distribución de renta de los hogares, tablas 30824, 30829, 37677 y 30832"
08298,2020,17850,37336,13299,13.6,17.1,31.2,2.7,39.8,25.9,15.2,20.4,71.0,2.8,"INE, Atlas de distribución de renta de los hogares, tablas 30824, 30829, 37677 y 30832"
08298,2021,17850,38359,13817,12.9,16.0,30.6,2.6,40.0,26.6,15.5,20.3,71.2,2.8,"INE, Atlas de distribución de renta de los hogares, tablas 30824, 30829, 37677 y 30832"
08298,2022,19250,40430,14476,11.4,16.7,30.3,2.5,40.0,26.5,15.5,20.2,70.6,2.8,"INE, Atlas de distribución de renta de los hogares, tablas 30824, 30829, 37677 y 30832"
08298,2023,19950,42616,15156,10.5,18.4,30.3,2.5,40.2,25.9,15.9,19.7,70.4,2.8,"INE, Atlas de distribución de renta de los hogares, tablas 30824, 30829, 37677 y 30832"
08301,2015,16450,32125,11541,13.7,13.8,28.8,2.4,39.6,17.8,15.3,21.0,93.2,2.8,"INE, Atlas de distribución de renta de los hogares, tablas 30824, 30829, 37677 y 30832"
08301,2016,17150,33315,11951,15.2,12.7,28.7,2.4,40.0,17.7,15.6,21.0,93.3,2.8,"INE, Atlas de distribución de renta de los hogares, tablas 30824, 30829, 37677 y 30832"
08301,2017,17850,34165,12291,13.6,12.5,27.7,2.4,40.3,18.2,16.0,20.8,93.2,2.8,"INE, Atlas de distribución de renta de los hogares, tablas 30824, 30829, 37677 y 30832"
08301,2018,18550,35947,12962,13.1,11.9,27.2,2.3,40.7,18.6,16.3,20.5,92.6,2.8,"INE, Atlas de distribución de renta de los hogares, tablas 30824, 30829, 37677 y 30832"
08301,2019,19250,37220,13378,12.1,12.1,26.9,2.3,40.9,18.7,16.5,20.2,91.8,2.8,"INE, Atlas de distribución de renta de los hogares, tablas 30824, 30829, 37677 y 30832"
08301,2020,19250,37205,13460,12.5,11.9,27.0,2.3,41.3,19.2,16.7,19.8,91.8,2.8,"INE, Atlas de distribución de renta de los hogares, tablas 30824, 30829, 37677 y 30832"
08301,2021,19950,38945,14192,12.7,11.2,26.9,2.2,41.8,19.5,17.1,19.3,91.8,2.7,"INE, Atlas de distribución de renta de los hogares, tablas 30824, 30829, 37677 y 30832"
08301,2022,20650,40369,14835,10.5,12.4,26.5,2.2,42.1,20.2,17.5,18.8,91.3,2.7,"INE, Atlas de distribución de renta de los hogares, tablas 30824, 30829, 37677 y 30832"
08301,2023,22050,42887,15794,9.5,12.4,26.0,2.2,42.4,20.5,17.9,18.2,90.8,2.7,"INE, Atlas de distribución de renta de los hogares, tablas 30824, 30829, 37677 y 30832"
08305,2015,15750,29862,11588,14.8,19.0,33.3,2.8,40.3,26.5,16.6,20.6,86.1,2.6,"INE, Atlas de distribución de renta de los hogares, tablas 30824, 30829, 37677 y 30832"
08305,2016,15750,30696,11876,15.6,17.7,32.9,2.8,40.6,26.6,16.9,20.7,86.6,2.6,"INE, Atlas de distribución de renta de los hogares, tablas 30824, 30829, 37677 y 30832"
08305,2017,16450,31880,12266,14.1,17.6,31.5,2.7,40.8,26.9,17.2,20.6,86.1,2.6,"INE, Atlas de distribución de renta de los hogares, tablas 30824, 30829, 37677 y 30832"
08305,2018,17150,32969,12848,13.5,16.4,30.9,2.7,41.1,27.2,17.5,20.6,86.1,2.6,"INE, Atlas de distribución de renta de los hogares, tablas 30824, 30829, 37677 y 30832"
08305,2019,17850,33949,13204,12.5,16.4,30.1,2.7,41.3,27.3,17.7,20.4,85.8,2.6,"INE, Atlas de distribución de renta de los hogares, tablas 30824, 30829, 37677 y 30832"
08305,2020,17850,34405,13425,12.7,16.2,30.3,2.7,41.5,27.4,17.9,20.2,86.3,2.6,"INE, Atlas de distribución de renta de los hogares, tablas 30824, 30829, 37677 y 30832"
08305,2021,18550,35998,14167,13.0,15.8,30.3,2.7,41.9,28.1,18.3,20.0,86.5,2.5,"INE, Atlas de distribución de renta de los hogares, tablas 30824, 30829, 37677 y 30832"
08305,2022,19250,37018,14527,10.9,17.4,29.6,2.6,42.0,28.3,18.4,19.6,86.0,2.5,"INE, Atlas de distribución de renta de los hogares, tablas 30824, 30829, 37677 y 30832"
08305,2023,20650,39684,15441,9.9,17.8,29.6,2.5,42.3,27.9,18.9,19.1,85.5,2.6,"INE, Atlas de distribución de renta de los hogares, tablas 30824, 30829, 37677 y 30832"
08307,2015,16450,31003,12096,16.4,17.4,32.9,2.9,42.2,26.9,18.2,18.4,89.6,2.5,"INE, Atlas de distribución de renta de los hogares, tablas 30824, 30829, 37677 y 30832"
08307,2016,16450,31766,12304,17.5,16.5,32.4,2.8,42.5,26.8,18.5,18.5,90.0,2.5,"INE, Atlas de distribución de renta de los hogares, tablas 30824, 30829, 37677 y 30832"
08307,2017,17150,32551,12777,16.2,16.0,31.5,2.8,42.7,27.4,18.7,18.3,89.7,2.5,"INE, Atlas de distribución de renta de los hogares, tablas 30824, 30829, 37677 y 30832"
08307,2018,17850,34288,13433,15.4,15.1,30.7,2.7,42.9,27.0,19.1,18.0,89.4,2.5,"INE, Atlas de distribución de renta de los hogares, tablas 30824, 30829, 37677 y 30832"
08307,2019,18550,35810,14088,14.9,14.5,30.0,2.7,43.3,27.0,19.5,17.7,88.8,2.5,"INE, Atlas de distribución de renta de los hogares, tablas 30824, 30829, 37677 y 30832"
08307,2020,19250,35717,14232,15.7,14.8,30.2,2.7,43.6,27.2,19.9,17.4,88.8,2.5,"INE, Atlas de distribución de renta de los hogares, tablas 30824, 30829, 37677 y 30832"
08307,2021,19950,36966,14822,15.2,14.1,29.6,2.6,44.0,27.7,20.5,17.0,88.2,2.5,"INE, Atlas de distribución de renta de los hogares, tablas 30824, 30829, 37677 y 30832"
08307,2022,21350,39345,15841,14.1,14.6,29.9,2.6,44.2,27.8,20.9,16.6,88.3,2.5,"INE, Atlas de distribución de renta de los hogares, tablas 30824, 30829, 37677 y 30832"
08307,2023,22050,41375,16690,12.8,15.6,29.8,2.6,44.3,28.3,21.1,16.3,87.1,2.5,"INE, Atlas de distribución de renta de los hogares, tablas 30824, 30829, 37677 y 30832"
09018,2015,15050,27759,11207,11.8,18.7,31.7,2.7,43.0,29.8,20.2,17.4,91.1,2.5,"INE, Atlas de distribución de renta de los hogares, tablas 30824, 30829, 37677 y 30832"
09018,2016,15750,28540,11545,13.3,17.6,31.4,2.8,43.3,29.8,20.6,17.4,91.3,2.4,"INE, Atlas de distribución de renta de los hogares, tablas 30824, 30829, 37677 y 30832"
09018,2017,15750,29101,11939,11.6,17.5,30.5,2.6,43.7,30.5,21.1,17.3,91.1,2.4,"INE, Atlas de distribución de renta de los hogares, tablas 30824, 30829, 37677 y 30832"
09018,2018,16450,30196,12412,11.0,17.1,29.9,2.7,43.9,31.1,21.6,17.3,89.8,2.4,"INE, Atlas de distribución de renta de los hogares, tablas 30824, 30829, 37677 y 30832"
09018,2019,17150,31082,12768,9.8,17.5,29.3,2.5,44.0,31.0,21.6,17.3,88.9,2.4,"INE, Atlas de distribución de renta de los hogares, tablas 30824, 30829, 37677 y 30832"
09018,2020,17150,30987,12775,10.1,18.3,29.8,2.5,44.2,31.2,21.8,17.2,88.5,2.4,"INE, Atlas de distribución de renta de los hogares, tablas 30824, 30829, 37677 y 30832"
09018,2021,17850,32022,13279,9.4,17.7,29.0,2.6,44.6,31.5,22.3,17.1,88.0,2.4,"INE, Atlas de distribución de renta de los hogares, tablas 30824, 30829, 37677 y 30832"
09018,2022,18550,33403,13959,8.3,19.5,29.3,2.6,44.6,32.1,22.4,17.0,86.6,2.4,"INE, Atlas de distribución de renta de los hogares, tablas 30824, 30829, 37677 y 30832"
09018,2023,19250,34938,14702,7.2,19.8,28.8,2.5,44.8,32.5,22.8,16.9,86.0,2.4,"INE, Atlas de distribución de renta de los hogares, tablas 30824, 30829, 37677 y 30832"
09059,2015,17150,31111,12694,16.9,14.2,30.8,2.7,43.6,31.0,20.5,17.2,93.2,2.4,"INE, Atlas de distribución de renta de los hogares, tablas 30824, 30829, 37677 y 30832"
09059,2016,17150,31694,13012,17.6,13.0,30.4,2.6,43.9,31.2,21.0,17.3,93.6,2.4,"INE, Atlas de distribución de renta de los hogares, tablas 30824, 30829, 37677 y 30832"
09059,2017,17850,32285,13347,16.0,12.8,29.7,2.4,44.1,31.7,21.5,17.1,93.3,2.4,"INE, Atlas de distribución de renta de los hogares, tablas 30824, 30829, 37677 y 30832"
09059,2018,18550,33391,13924,15.1,12.4,29.2,2.4,44.5,32.3,22.0,16.9,93.0,2.4,"INE, Atlas de distribución de renta de los hogares, tablas 30824, 30829, 37677 y 30832"
09059,2019,19250,34317,14351,14.0,12.7,28.8,2.5,44.7,32.5,22.5,16.8,92.5,2.4,"INE, Atlas de distribución de renta de los hogares, tablas 30824, 30829, 37677 y 30832"
09059,2020,19250,34190,14421,14.3,12.9,29.1,2.5,45.1,32.9,23.0,16.5,92.5,2.4,"INE, Atlas de distribución de renta de los hogares, tablas 30824, 30829, 37677 y 30832"
09059,2021,19950,35323,15001,13.6,12.5,28.3,2.4,45.4,33.4,23.7,16.3,92.2,2.3,"INE, Atlas de distribución de renta de los hogares, tablas 30824, 30829, 37677 y 30832"
09059,2022,20650,36832,15737,12.1,13.6,28.2,2.4,45.6,33.8,24.1,16.3,91.8,2.3,"INE, Atlas de distribución de renta de los hogares, tablas 30824, 30829, 37677 y 30832"
09059,2023,22050,38815,16707,10.9,14.2,28.2,2.4,45.8,34.3,24.4,16.0,91.0,2.3,"INE, Atlas de distribución de renta de los hogares, tablas 30824, 30829, 37677 y 30832"
09219,2015,15750,28036,11817,12.6,16.7,30.8,2.7,44.3,30.9,20.4,16.3,90.6,2.4,"INE, Atlas de distribución de renta de los hogares, tablas 30824, 30829, 37677 y 30832"
09219,2016,16450,28772,12192,13.9,15.2,30.4,2.6,44.6,31.0,20.8,16.5,91.0,2.3,"INE, Atlas de distribución de renta de los hogares, tablas 30824, 30829, 37677 y 30832"
09219,2017,16450,29387,12505,12.6,15.2,29.8,2.4,44.8,31.4,21.1,16.4,90.8,2.3,"INE, Atlas de distribución de renta de los hogares, tablas 30824, 30829, 37677 y 30832"
09219,2018,17150,30751,13089,12.3,14.1,29.4,2.4,45.0,31.6,21.5,16.3,90.2,2.3,"INE, Atlas de distribución de renta de los hogares, tablas 30824, 30829, 37677 y 30832"
09219,2019,17850,31465,13333,10.5,15.4,28.6,2.4,45.1,31.5,21.7,16.3,89.4,2.3,"INE, Atlas de distribución de renta de los hogares, tablas 30824, 30829, 37677 y 30832"
09219,2020,17850,31079,13239,10.6,15.7,28.8,2.4,45.2,31.8,21.8,16.2,89.0,2.3,"INE, Atlas de distribución de renta de los hogares, tablas 30824, 30829, 37677 y 30832"
09219,2021,18550,31755,13650,9.8,15.9,28.0,2.5,45.5,32.6,22.4,16.1,89.1,2.3,"INE, Atlas de distribución de renta de los hogares, tablas 30824, 30829, 37677 y 30832"
09219,2022,19250,33317,14384,8.6,17.2,28.2,2.5,45.5,32.8,22.9,16.1,88.4,2.3,"INE, Atlas de distribución de renta de los hogares, tablas 30824, 30829, 37677 y 30832"
09219,2023,19950,35580,15262,7.6,17.6,28.0,2.4,45.6,32.8,23.2,16.0,87.4,2.3,"INE, Atlas de distribución de renta de los hogares, tablas 30824, 30829, 37677 y 30832"
10037,2015,15050,28540,11212,14.1,19.6,33.0,3.0,41.1,29.2,15.8,18.5,97.6,2.5,"INE, Atlas de distribución de renta de los hogares, tablas 30824, 30829, 37677 y 30832"
10037,2016,15050,29045,11469,14.9,19.0,32.9,2.8,41.5,29.1,16.2,18.4,97.7,2.5,"INE, Atlas de distribución de renta de los hogares, tablas 30824, 30829, 37677 y 30832"
10037,2017,15750,29356,11649,13.1,19.4,32.2,2.8,41.8,29.7,16.6,18.4,97.5,2.5,"INE, Atlas de distribución de renta de los hogares, tablas 30824, 30829, 37677 y 30832"
10037,2018,16450,30251,12121,12.0,18.9,31.6,2.7,42.1,30.1,17.1,18.1,97.3,2.5,"INE, Atlas de distribución de renta de los hogares, tablas 30824, 30829, 37677 y 30832"
10037,2019,16450,31294,12642,11.6,18.7,31.0,2.8,42.6,30.5,17.5,17.8,97.1,2.5,"INE, Atlas de distribución de renta de los hogares, tablas 30824, 30829, 37677 y 30832"
10037,2020,17150,31455,12815,11.8,18.5,30.8,2.7,42.9,30.8,17.9,17.6,97.2,2.4,"INE, Atlas de distribución de renta de los hogares, tablas 30824, 30829, 37677 y 30832"
10037,2021,17850,32395,13314,11.2,17.6,29.9,2.6,43.3,31.3,18.6,17.3,97.1,2.4,"INE, Atlas de distribución de renta de los hogares, tablas 30824, 30829, 37677 y 30832"
10037,2022,18550,33651,13997,9.7,18.6,29.9,2.7,43.6,32.0,19.0,17.0,96.7,2.4,"INE, Atlas de distribución de renta de los hogares, tablas 30824, 30829, 37677 y 30832"
10037,2023,19950,35881,15017,8.8,18.7,29.3,2.5,43.9,32.4,19.6,16.6,96.3,2.4,"INE, Atlas de distribución de renta de los hogares, tablas 30824, 30829, 37677 y 30832"
10148,2015,12950,24701,9746,9.9,27.4,35.7,3.2,41.8,31.6,17.5,18.3,97.5,2.5,"INE, Atlas de distribución de renta de los hogares, tablas 30824, 30829, 37677 y 30832"
10148,2016,12950,24679,9814,10.3,26.6,35.3,3.2,42.3,31.3,17.8,18.1,97.7,2.5,"INE, Atlas de distribución de renta de los hogares, tablas 30824, 30829, 37677 y 30832"
10148,2017,13650,25485,10194,8.9,25.9,34.0,3.0,42.6,32.4,18.2,17.9,97.8,2.4,"INE, Atlas de distribución de renta de los hogares, tablas 30824, 30829, 37677 y 30832"
10148,2018,13650,26242,10618,8.3,25.2,33.0,2.8,43.1,32.4,18.8,17.5,97.6,2.4,"INE, Atlas de distribución de renta de los hogares, tablas 30824, 30829, 37677 y 30832"
10148,2019,14350,27294,11160,8.0,24.9,32.6,2.9,43.4,33.2,19.2,17.3,97.5,2.4,"INE, Atlas de distribución de renta de los hogares, tablas 30824, 30829, 37677 y 30832"
10148,2020,14350,27301,11244,8.1,25.1,32.5,2.9,43.9,33.1,19.7,16.8,97.5,2.4,"INE, Atlas de distribución de renta de los hogares, tablas 30824, 30829, 37677 y 30832"
10148,2021,15050,28554,11913,8.0,23.3,31.3,2.6,44.3,34.0,20.2,16.6,97.4,2.4,"INE, Atlas de distribución de renta de los hogares, tablas 30824, 30829, 37677 y 30832"
10148,2022,16450,29773,12462,6.8,24.6,31.0,2.7,44.5,34.0,20.6,16.4,96.4,2.4,"INE, Atlas de distribución de renta de los hogares, tablas 30824, 30829, 37677 y 30832"
10148,2023,17150,31781,13394,6.2,25.0,30.6,2.7,44.7,34.5,21.2,16.2,95.8,2.3,"INE, Atlas de distribución de renta de los hogares, tablas 30824, 30829, 37677 y 30832"
11004,2015,12250,25787,9385,11.4,31.9,39.1,4.2,39.1,28.4,14.6,21.3,92.9,2.7,"INE, Atlas de distribución de renta de los hogares, tablas 30824, 30829, 37677 y 30832"
11004,2016,12950,26997,9594,11.8,29.9,38.0,3.7,39.4,25.0,15.0,21.3,92.8,2.8,"INE, Atlas de distribución de renta de los hogares, tablas 30824, 30829, 37677 y 30832"
11004,2017,12950,27643,9792,10.3,30.2,37.2,3.8,39.7,25.1,15.3,21.2,92.7,2.8,"INE, Atlas de distribución de renta de los hogares, tablas 30824, 30829, 37677 y 30832"
11004,2018,13650,28561,10139,9.4,29.3,36.3,3.5,40.0,25.0,15.7,21.0,92.3,2.8,"INE, Atlas de distribución de renta de los hogares, tablas 30824, 30829, 37677 y 30832"
11004,2019,14350,29972,10679,8.9,28.7,35.5,3.3,40.3,25.1,16.0,20.7,91.6,2.8,"INE, Atlas de distribución de renta de los hogares, tablas 30824, 30829, 37677 y 30832"
11004,2020,14350,29708,10665,9.1,29.8,35.9,3.6,40.6,25.3,16.4,20.4,91.6,2.7,"INE, Atlas de distribución de renta de los hogares, tablas 30824, 30829, 37677 y 30832"
11004,2021,15050,30668,11148,8.3,29.6,34.7,3.4,40.9,25.8,16.6,20.2,91.7,2.7,"INE, Atlas de distribución de renta de los hogares, tablas 30824, 30829, 37677 y 30832"
11004,2022,15750,31919,11724,7.3,30.8,34.4,3.3,41.1,26.3,17.0,19.8,91.4,2.7,"INE, Atlas de distribución de renta de los hogares, tablas 30824, 30829, 37677 y 30832"
11004,2023,16450,34017,12564,6.4,30.5,33.7,3.1,41.4,26.9,17.4,19.4,90.9,2.7,"INE, Atlas de distribución de renta de los hogares, tablas 30824, 30829, 37677 y 30832"
11006,2015,9450,19488,6881,2.7,40.9,31.0,2.4,39.0,21.2,14.1,20.3,98.2,2.8,"INE, Atlas de distribución de renta de los hogares, tablas 30824, 30829, 37677 y 30832"
11006,2016,9450,19571,7063,2.9,38.9,30.5,2.4,39.5,21.8,14.4,20.1,98.3,2.7,"INE, Atlas de distribución de renta de los hogares, tablas 30824, 30829, 37677 y 30832"
11006,2017,10150,20599,7506,2.5,36.8,28.8,2.3,40.0,22.1,14.8,19.6,98.4,2.7,"INE, Atlas de distribución de renta de los hogares, tablas 30824, 30829, 37677 y 30832"
11006,2018,10850,21626,7976,2.4,34.3,28.0,2.1,40.5,22.9,15.3,19.3,98.2,2.7,"INE, Atlas de distribución de renta de los hogares, tablas 30824, 30829, 37677 y 30832"
11006,2019,11550,22850,8483,2.3,33.3,27.4,2.1,40.8,23.2,15.5,19.0,97.9,2.7,"INE, Atlas de distribución de renta de los hogares, tablas 30824, 30829, 37677 y 30832"
11006,2020,11550,22569,8454,2.5,34.8,28.2,2.3,41.3,23.6,15.8,18.4,97.8,2.6,"INE, Atlas de distribución de renta de los hogares, tablas 30824, 30829, 37677 y 30832"
11006,2021,12250,23841,9016,2.5,32.8,27.3,2.2,41.6,24.3,16.0,18.0,97.7,2.6,"INE, Atlas de distribución de renta de los hogares, tablas 30824, 30829, 37677 y 30832"
11006,2022,12950,25239,9630,2.3,33.3,26.9,2.2,42.0,24.9,16.6,17.7,97.5,2.6,"INE, Atlas de distribución de renta de los hogares, tablas 30824, 30829, 37677 y 30832"
11006,2023,14350,27513,10607,2.0,31.6,25.9,2.2,42.5,25.8,17.2,17.1,97.3,2.6,"INE, Atlas de distribución de renta de los hogares, tablas 30824, 30829, 37677 y 30832"
11012,2015,14350,29346,11132,13.8,21.1,33.7,2.9,44.6,25.3,21.9,14.9,98.4,2.6,"INE, Atlas de distribución de renta de los hogares, tablas 30824, 30829, 37677 y 30832"
11012,2016,15050,29745,11396,14.8,20.5,33.8,3.0,45.0,25.4,22.4,14.9,98.4,2.6,"INE, Atlas de distribución de renta de los hogares, tablas 30824, 30829, 37677 y 30832"
11012,2017,15050,30181,11698,13.4,20.3,33.0,2.8,45.3,26.2,22.9,14.9,98.3,2.6,"INE, Atlas de distribución de renta de los hogares, tablas 30824, 30829, 37677 y 30832"
11012,2018,15750,31293,12284,12.8,19.5,32.2,2.7,45.7,26.9,23.4,14.8,98.2,2.5,"INE, Atlas de distribución de renta de los hogares, tablas 30824, 30829, 37677 y 30832"
11012,2019,16450,32555,12884,12.2,18.8,31.5,2.9,46.0,27.2,23.7,14.7,97.9,2.5,"INE, Atlas de distribución de renta de los hogares, tablas 30824, 30829, 37677 y 30832"
11012,2020,16450,32464,12997,12.6,19.2,31.7,2.9,46.4,28.0,24.3,14.4,97.9,2.5,"INE, Atlas de distribución de renta de los hogares, tablas 30824, 30829, 37677 y 30832"
11012,2021,17850,33603,13608,12.2,18.5,31.0,2.7,46.8,28.7,24.9,14.0,97.8,2.5,"INE, Atlas de distribución de renta de los hogares, tablas 30824, 30829, 37677 y 30832"
11012,2022,18550,35110,14432,11.1,19.2,30.8,2.7,47.2,29.4,25.6,13.6,97.6,2.4,"INE, Atlas de distribución de renta de los hogares, tablas 30824, 30829, 37677 y 30832"
11012,2023,19250,37427,15487,10.2,18.9,30.2,2.7,47.6,29.9,26.2,13.2,97.3,2.4,"INE, Atlas de distribución de renta de los hogares, tablas 30824, 30829, 37677 y 30832"
11015,2015,10150,22814,7720,5.5,37.1,36.2,3.3,38.1,20.9,12.4,21.5,96.6,2.9,"INE, Atlas de distribución de renta de los hogares, tablas 30824, 30829, 37677 y 30832"
11015,2016,10150,22651,7881,5.9,35.8,36.1,3.4,38.3,21.4,12.6,21.7,96.6,2.8,"INE, Atlas de distribución de renta de los hogares, tablas 30824, 30829, 37677 y 30832"
11015,2017,10850,23438,8212,5.1,35.1,34.5,3.0,38.7,22.2,12.9,21.4,96.3,2.8,"INE, Atlas de distribución de renta de los hogares, tablas 30824, 30829, 37677 y 30832"
11015,2018,11550,24704,8727,4.9,32.9,33.3,2.9,39.1,22.4,13.4,21.2,96.1,2.8,"INE, Atlas de distribución de renta de los hogares, tablas 30824, 30829, 37677 y 30832"
11015,2019,12950,26182,9353,4.9,31.2,32.2,2.7,39.6,22.8,13.8,20.8,95.7,2.8,"INE, Atlas de distribución de renta de los hogares, tablas 30824, 30829, 37677 y 30832"
11015,2020,12250,26087,9391,5.1,32.5,32.6,2.7,40.0,23.2,14.1,20.3,95.7,2.7,"INE, Atlas de distribución de renta de los hogares, tablas 30824, 30829, 37677 y 30832"
11015,2021,13650,27672,10038,5.3,30.5,31.7,2.7,40.4,23.5,14.5,19.8,95.6,2.7,"INE, Atlas de distribución de renta de los hogares, tablas 30824, 30829, 37677 y 30832"
11015,2022,14350,29215,10713,4.5,31.3,31.3,2.6,40.8,23.8,15.0,19.4,95.4,2.7,"INE, Atlas de distribución de renta de los hogares, tablas 30824, 30829, 37677 y 30832"
11015,2023,15750,31566,11699,4.3,30.2,30.3,2.6,41.2,24.6,15.6,18.9,95.2,2.7,"INE, Atlas de distribución de renta de los hogares, tablas 30824, 30829, 37677 y 30832"
11020,2015,10850,23411,8405,6.8,32.8,35.8,3.1,39.7,22.3,14.9,20.7,97.8,2.8,"INE, Atlas de distribución de renta de los hogares, tablas 30824, 30829, 37677 y 30832"
11020,2016,11550,23897,8604,7.3,31.5,35.3,3.2,40.1,22.2,15.2,20.6,97.8,2.7,"INE, Atlas de distribución de renta de los hogares, tablas 30824, 30829, 37677 y 30832"
11020,2017,11550,24601,8945,6.6,31.2,34.4,2.9,40.5,22.8,15.6,20.4,97.6,2.7,"INE, Atlas de distribución de renta de los hogares, tablas 30824, 30829, 37677 y 30832"
11020,2018,12250,25827,9447,6.4,29.9,33.5,2.8,40.9,23.0,16.1,20.1,97.4,2.7,"INE, Atlas de distribución de renta de los hogares, tablas 30824, 30829, 37677 y 30832"
11020,2019,12950,27147,9970,6.1,29.1,32.6,2.7,41.3,23.2,16.5,19.8,97.2,2.7,"INE, Atlas de distribución de renta de los hogares, tablas 30824, 30829, 37677 y 30832"
11020,2020,12950,27078,10049,6.3,29.7,32.7,2.7,41.7,23.7,16.9,19.3,97.1,2.7,"INE, Atlas de distribución de renta de los hogares, tablas 30824, 30829, 37677 y 30832"
11020,2021,13650,28501,10661,6.2,28.6,31.8,2.7,42.0,24.2,17.4,18.9,97.1,2.7,"INE, Atlas de distribución de renta de los hogares, tablas 30824, 30829, 37677 y 30832"
11020,2022,15050,30213,11413,5.6,29.3,31.3,2.7,42.4,24.6,17.9,18.4,96.6,2.6,"INE, Atlas de distribución de renta de los hogares, tablas 30824, 30829, 37677 y 30832"
11020,2023,15750,32215,12242,5.2,28.5,30.5,2.6,42.7,25.0,18.4,17.8,96.3,2.6,"INE, Atlas de distribución de renta de los hogares, tablas 30824, 30829, 37677 y 30832"
11022,2015,10150,21678,7777,6.6,40.2,40.6,4.8,40.0,25.4,16.3,19.4,93.6,2.7,"INE, Atlas de distribución de renta de los hogares, tablas 30824, 30829, 37677 y 30832"
11022,2016,10150,21839,7716,6.7,40.5,40.8,4.8,40.3,23.5,16.5,19.5,93.7,2.7,"INE, Atlas de distribución de renta de los hogares, tablas 30824, 30829, 37677 y 30832"
11022,2017,10850,22543,8125,6.2,40.0,39.9,4.2,40.4,25.6,16.7,19.4,93.5,2.7,"INE, Atlas de distribución de renta de los hogares, tablas 30824, 30829, 37677 y 30832"
11022,2018,11550,23557,8523,6.0,39.4,39.3,3.8,40.6,25.4,16.8,19.4,93.0,2.7,"INE, Atlas de distribución de renta de los hogares, tablas 30824, 30829, 37677 y 30832"
11022,2019,11550,25006,9090,6.0,38.8,38.4,3.9,40.8,26.0,16.9,19.2,92.4,2.7,"INE, Atlas de distribución de renta de los hogares, tablas 30824, 30829, 37677 y 30832"
11022,2020,11550,25181,9187,6.3,38.9,38.0,3.9,41.2,26.3,17.2,19.0,92.4,2.7,"INE, Atlas de distribución de renta de los hogares, tablas 30824, 30829, 37677 y 30832"
11022,2021,12950,26763,9928,6.3,37.2,37.2,3.7,41.4,27.0,17.2,18.8,92.1,2.6,"INE, Atlas de distribución de renta de los hogares, tablas 30824, 30829, 37677 y 30832"
11022,2022,13650,28327,10552,5.9,38.3,37.0,3.5,41.7,27.1,17.5,18.4,91.3,2.6,"INE, Atlas de distribución de renta de los hogares, tablas 30824, 30829, 37677 y 30832"
11022,2023,14350,30863,11553,5.5,37.7,36.1,3.4,41.9,27.2,17.6,18.4,90.7,2.6,"INE, Atlas de distribución de renta de los hogares, tablas 30824, 30829, 37677 y 30832"
11027,2015,12250,26462,9152,9.7,30.4,37.0,3.5,39.3,21.9,13.8,20.6,96.6,2.8,"INE, Atlas de distribución de renta de los hogares, tablas 30824, 30829, 37677 y 30832"
11027,2016,12250,27094,9401,10.5,29.6,37.0,3.5,39.7,21.7,14.3,20.6,96.7,2.8,"INE, Atlas de distribución de renta de los hogares, tablas 30824, 30829, 37677 y 30832"
11027,2017,12950,27732,9741,9.3,28.6,35.7,3.2,40.1,22.7,15.0,20.4,96.7,2.8,"INE, Atlas de distribución de renta de los hogares, tablas 30824, 30829, 37677 y 30832"
11027,2018,13650,29041,10307,9.0,27.1,34.8,3.1,40.5,23.1,15.6,20.2,96.6,2.8,"INE, Atlas de distribución de renta de los hogares, tablas 30824, 30829, 37677 y 30832"
11027,2019,14350,30145,10756,8.5,26.9,34.0,2.9,40.9,23.4,16.1,19.8,96.4,2.8,"INE, Atlas de distribución de renta de los hogares, tablas 30824, 30829, 37677 y 30832"
11027,2020,14350,30082,10829,8.9,27.6,34.2,2.9,41.3,23.8,16.6,19.4,96.3,2.8,"INE, Atlas de distribución de renta de los hogares, tablas 30824, 30829, 37677 y 30832"
11027,2021,15050,31435,11412,8.7,26.6,33.5,2.8,41.6,24.4,17.1,19.0,96.2,2.7,"INE, Atlas de distribución de renta de los hogares, tablas 30824, 30829, 37677 y 30832"
11027,2022,15750,33412,12235,8.3,27.1,33.1,2.7,42.0,24.6,17.7,18.5,95.9,2.7,"INE, Atlas de distribución de renta de los hogares, tablas 30824, 30829, 37677 y 30832"
11027,2023,17150,35870,13277,7.8,26.5,32.5,2.7,42.4,25.4,18.4,18.1,95.8,2.7,"INE, Atlas de distribución de renta de los hogares, tablas 30824, 30829, 37677 y 30832"
11028,2015,12250,24912,9027,6.6,26.0,32.3,2.9,39.1,20.3,12.5,20.0,97.9,2.7,"INE, Atlas de distribución de renta de los hogares, tablas 30824, 30829, 37677 y 30832"
11028,2016,12950,25653,9336,7.3,24.3,31.9,2.7,39.6,20.6,13.0,19.9,97.8,2.7,"INE, Atlas de distribución de renta de los hogares, tablas 30824, 30829, 37677 y 30832"
11028,2017,13650,26620,9713,6.4,22.1,30.2,2.6,40.0,20.5,13.4,19.7,97.5,2.7,"INE, Atlas de distribución de renta de los hogares, tablas 30824, 30829, 37677 y 30832"
11028,2018,14350,27883,10274,6.1,21.6,29.6,2.4,40.5,20.6,14.2,19.3,97.4,2.7,"INE, Atlas de distribución de renta de los hogares, tablas 30824, 30829, 37677 y 30832"
11028,2019,15050,29032,10759,5.8,21.4,28.8,2.3,41.0,20.8,14.7,18.9,96.9,2.7,"INE, Atlas de distribución de renta de los hogares, tablas 30824, 30829, 37677 y 30832"
11028,2020,15050,28982,10811,5.9,21.4,28.9,2.3,41.4,21.2,15.3,18.5,97.1,2.7,"INE, Atlas de distribución de renta de los hogares, tablas 30824, 30829, 37677 y 30832"
11028,2021,15750,30123,11296,5.9,21.4,28.5,2.4,41.8,21.7,15.9,18.1,97.1,2.7,"INE, Atlas de distribución de renta de los hogares, tablas 30824, 30829, 37677 y 30832"
11028,2022,16450,31516,11937,5.1,22.8,28.3,2.4,42.2,22.5,16.7,17.5,97.2,2.6,"INE, Atlas de distribución de renta de los hogares, tablas 30824, 30829, 37677 y 30832"
11028,2023,17850,33827,12894,4.6,21.3,27.2,2.2,42.8,22.8,17.5,16.9,97.1,2.6,"INE, Atlas de distribución de renta de los hogares, tablas 30824, 30829, 37677 y 30832"
11030,2015,12250,24195,8995,7.0,27.8,33.3,2.9,39.7,25.2,14.5,19.2,96.5,2.6,"INE, Atlas de distribución de renta de los hogares, tablas 30824, 30829, 37677 y 30832"
11030,2016,12250,24995,9291,7.6,26.5,33.1,3.0,40.0,24.8,14.8,19.4,96.4,2.6,"INE, Atlas de distribución de renta de los hogares, tablas 30824, 30829, 37677 y 30832"
11030,2017,12950,25969,9710,7.1,25.7,32.0,2.8,40.4,25.7,15.2,19.3,96.4,2.6,"INE, Atlas de distribución de renta de los hogares, tablas 30824, 30829, 37677 y 30832"
11030,2018,13650,26741,10052,6.4,24.9,31.1,2.7,40.8,25.8,15.7,19.1,96.1,2.6,"INE, Atlas de distribución de renta de los hogares, tablas 30824, 30829, 37677 y 30832"
11030,2019,14350,27941,10603,6.0,24.4,30.1,2.5,41.2,26.3,16.1,18.9,95.6,2.6,"INE, Atlas de distribución de renta de los hogares, tablas 30824, 30829, 37677 y 30832"
11030,2020,14350,27825,10725,6.1,25.1,30.5,2.5,41.7,26.9,16.6,18.5,95.9,2.6,"INE, Atlas de distribución de renta de los hogares, tablas 30824, 30829, 37677 y 30832"
11030,2021,15050,29078,11377,6.3,24.1,30.2,2.5,42.1,27.6,17.1,18.1,95.7,2.5,"INE, Atlas de distribución de renta de los hogares, tablas 30824, 30829, 37677 y 30832"
11030,2022,15750,30521,12029,5.7,24.4,29.8,2.6,42.6,27.8,17.7,17.6,95.0,2.5,"INE, Atlas de distribución de renta de los hogares, tablas 30824, 30829, 37677 y 30832"
11030,2023,17150,32841,12985,5.0,24.8,29.3,2.4,42.9,28.2,18.3,17.4,94.5,2.5,"INE, Atlas de distribución de renta de los hogares, tablas 30824, 30829, 37677 y 30832"
11031,2015,12950,25819,9219,7.0,25.2,32.2,2.7,39.9,21.7,14.7,20.0,98.9,2.8,"INE, Atlas de distribución de renta de los hogares, tablas 30824, 30829, 37677 y 30832"
11031,2016,12950,26394,9458,7.7,24.3,32.1,2.8,40.3,21.0,15.1,19.8,98.9,2.8,"INE, Atlas de distribución de renta de los hogares, tablas 30824, 30829, 37677 y 30832"
11031,2017,13650,26928,9699,6.8,24.0,31.1,2.6,40.8,22.3,15.7,19.5,98.9,2.7,"INE, Atlas de distribución de renta de los hogares, tablas 30824, 30829, 37677 y 30832"
11031,2018,14350,28076,10208,6.5,22.9,30.4,2.7,41.3,22.0,16.3,19.3,98.8,2.7,"INE, Atlas de distribución de renta de los hogares, tablas 30824, 30829, 37677 y 30832"
11031,2019,15050,29392,10731,6.3,22.9,30.0,2.6,41.7,21.9,16.8,18.9,98.6,2.7,"INE, Atlas de distribución de renta de los hogares, tablas 30824, 30829, 37677 y 30832"
11031,2020,15050,29492,10835,6.6,23.1,30.1,2.6,42.2,22.0,17.5,18.5,98.5,2.7,"INE, Atlas de distribución de renta de los hogares, tablas 30824, 30829, 37677 y 30832"
11031,2021,15750,30677,11369,6.4,22.5,29.4,2.5,42.7,22.7,18.2,18.1,98.4,2.7,"INE, Atlas de distribución de renta de los hogares, tablas 30824, 30829, 37677 y 30832"
11031,2022,16450,32124,12024,5.4,23.5,29.0,2.5,43.1,22.8,18.9,17.6,98.3,2.7,"INE, Atlas de distribución de renta de los hogares, tablas 30824, 30829, 37677 y 30832"
11031,2023,17150,34258,12948,4.9,23.0,28.2,2.4,43.5,23.5,19.7,17.1,98.2,2.6,"INE, Atlas de distribución de renta de los hogares, tablas 30824, 30829, 37677 y 30832"
11032,2015,8750,18884,6753,3.6,45.4,35.7,3.2,39.3,23.7,13.9,19.7,98.9,2.7,"INE, Atlas de distribución de renta de los hogares, tablas 30824, 30829, 37677 y 30832"
11032,2016,8750,19619,7032,4.0,42.4,34.9,2.9,39.6,23.5,14.4,19.7,98.9,2.8,"INE, Atlas de distribución de renta de los hogares, tablas 30824, 30829, 37677 y 30832"
11032,2017,9450,20328,7302,3.6,42.5,33.7,2.5,39.9,24.1,14.8,19.8,98.7,2.7,"INE, Atlas de distribución de renta de los hogares, tablas 30824, 30829, 37677 y 30832"
11032,2018,10150,21333,7720,3.3,40.8,32.9,2.8,40.2,24.4,15.2,19.9,98.5,2.7,"INE, Atlas de distribución de renta de los hogares, tablas 30824, 30829, 37677 y 30832"
11032,2019,10850,22849,8286,3.2,38.9,31.7,2.6,40.6,24.7,15.6,19.7,98.2,2.7,"INE, Atlas de distribución de renta de los hogares, tablas 30824, 30829, 37677 y 30832"
11032,2020,10850,22965,8344,3.4,38.7,31.6,2.6,40.9,24.9,16.1,19.6,98.2,2.7,"INE, Atlas de distribución de renta de los hogares, tablas 30824, 30829, 37677 y 30832"
11032,2021,11550,24101,8849,3.5,38.0,31.0,2.4,41.2,25.4,16.5,19.4,98.1,2.7,"INE, Atlas de distribución de renta de los hogares, tablas 30824, 30829, 37677 y 30832"
11032,2022,12250,25795,9422,3.0,39.7,30.8,2.6,41.6,23.6,17.2,19.1,98.0,2.7,"INE, Atlas de distribución de renta de los hogares, tablas 30824, 30829, 37677 y 30832"
11032,2023,13650,27874,10203,2.7,38.6,29.6,2.4,42.0,23.4,17.8,18.7,97.9,2.7,"INE, Atlas de distribución de renta de los hogares, tablas 30824, 30829, 37677 y 30832"
11033,2015,11550,24993,8668,8.1,32.5,38.1,3.7,38.8,24.3,14.1,21.1,88.8,2.8,"INE, Atlas de distribución de renta de los hogares, tablas 30824, 30829, 37677 y 30832"
11033,2016,11550,25217,8614,8.3,32.0,38.0,3.2,38.9,22.9,14.3,21.3,88.8,2.8,"INE, Atlas de distribución de renta de los hogares, tablas 30824, 30829, 37677 y 30832"
11033,2017,12250,26487,9205,8.0,31.1,36.7,3.4,38.9,24.5,14.2,21.5,88.4,2.8,"INE, Atlas de distribución de renta de los hogares, tablas 30824, 30829, 37677 y 30832"
11033,2018,12950,27637,9609,8.0,29.4,35.9,3.2,39.2,24.7,14.4,21.4,87.8,2.8,"INE, Atlas de distribución de renta de los hogares, tablas 30824, 30829, 37677 y 30832"
11033,2019,13650,29857,10442,8.2,28.5,35.3,3.1,39.5,25.0,14.7,21.1,87.0,2.8,"INE, Atlas de distribución de renta de los hogares, tablas 30824, 30829, 37677 y 30832"
11033,2020,13650,29946,10477,8.7,29.5,36.3,3.1,39.9,24.9,14.9,20.8,86.1,2.8,"INE, Atlas de distribución de renta de los hogares, tablas 30824, 30829, 37677 y 30832"
11033,2021,14350,31620,11234,9.6,28.2,36.4,3.0,40.2,25.4,15.1,20.5,84.7,2.7,"INE, Atlas de distribución de renta de los hogares, tablas 30824, 30829, 37677 y 30832"
11033,2022,15750,34526,12299,9.4,28.2,36.4,3.0,40.6,25.9,15.5,20.0,82.8,2.7,"INE, Atlas de distribución de renta de los hogares, tablas 30824, 30829, 37677 y 30832"
11033,2023,17150,38428,13663,9.1,27.5,35.7,2.9,40.9,26.4,15.8,19.5,82.3,2.7,"INE, Atlas de distribución de renta de los hogares, tablas 30824, 30829, 37677 y 30832"
12009,2015,12950,23941,9465,7.3,25.1,33.1,2.8,38.8,30.2,13.8,20.5,85.2,2.5,"INE, Atlas de distribución de renta de los hogares, tablas 30824, 30829, 37677 y 30832"
12009,2016,13650,24903,9857,8.2,22.9,32.3,2.8,39.1,29.8,14.1,20.4,85.9,2.5,"INE, Atlas de distribución de renta de los hogares, tablas 30824, 30829, 37677 y 30832"
12009,2017,14350,26015,10367,7.4,22.0,31.0,2.7,39.3,30.7,14.2,20.6,85.7,2.5,"INE, Atlas de distribución de renta de los hogares, tablas 30824, 30829, 37677 y 30832"
12009,2018,15050,27265,10840,7.0,20.5,30.0,2.6,39.5,30.6,14.2,20.7,85.2,2.5,"INE, Atlas de distribución de renta de los hogares, tablas 30824, 30829, 37677 y 30832"
12009,2019,15750,28534,11335,6.4,20.6,29.2,2.5,39.7,30.4,14.3,20.4,84.6,2.5,"INE, Atlas de distribución de renta de los hogares, tablas 30824, 30829, 37677 y 30832"
12009,2020,15750,28727,11434,6.5,20.0,28.9,2.5,40.0,30.2,14.2,20.2,84.6,2.5,"INE, Atlas de distribución de renta de los hogares, tablas 30824, 30829, 37677 y 30832"
12009,2021,16450,30123,11965,6.3,19.6,28.5,2.4,40.2,30.2,14.3,20.2,83.9,2.5,"INE, Atlas de distribución de renta de los hogares, tablas 30824, 30829, 37677 y 30832"
12009,2022,17150,31408,12494,5.1,20.8,28.1,2.5,40.4,30.3,14.4,20.1,82.8,2.5,"INE, Atlas de distribución de renta de los hogares, tablas 30824, 30829, 37677 y 30832"
12009,2023,17850,33215,13164,4.8,22.7,28.6,2.4,40.6,29.8,14.7,19.9,82.1,2.5,"INE, Atlas de distribución de renta de los hogares, tablas 30824, 30829, 37677 y 30832"
12027,2015,11550,24165,9095,7.8,30.0,34.8,2.9,41.1,25.9,17.2,19.1,78.8,2.6,"INE, Atlas de distribución de renta de los hogares, tablas 30824, 30829, 37677 y 30832"
12027,2016,12250,24458,9182,7.8,28.0,34.1,3.0,41.4,25.6,17.6,19.2,79.4,2.6,"INE, Atlas de distribución de renta de los hogares, tablas 30824, 30829, 37677 y 30832"
12027,2017,12950,25517,9631,7.3,27.3,33.0,2.8,41.6,26.4,17.9,19.1,78.9,2.6,"INE, Atlas de distribución de renta de los hogares, tablas 30824, 30829, 37677 y 30832"
12027,2018,13650,26572,10064,6.8,27.4,32.3,2.9,41.8,26.9,18.1,19.1,78.4,2.6,"INE, Atlas de distribución de renta de los hogares, tablas 30824, 30829, 37677 y 30832"
12027,2019,13650,27400,10455,6.5,27.2,31.7,2.7,41.9,27.8,18.4,19.0,77.5,2.6,"INE, Atlas de distribución de renta de los hogares, tablas 30824, 30829, 37677 y 30832"
12027,2020,13650,27639,10573,6.8,28.0,32.2,2.7,42.2,28.3,18.8,18.8,77.3,2.6,"INE, Atlas de distribución de renta de los hogares, tablas 30824, 30829, 37677 y 30832"
12027,2021,14350,28550,10955,6.4,27.8,31.5,2.8,42.4,28.4,19.0,18.9,77.2,2.6,"INE, Atlas de distribución de renta de los hogares, tablas 30824, 30829, 37677 y 30832"
12027,2022,15050,30187,11526,5.4,30.4,31.8,2.7,42.3,28.7,19.0,18.8,76.1,2.6,"INE, Atlas de distribución de renta de los hogares, tablas 30824, 30829, 37677 y 30832"
12027,2023,15750,31740,12085,5.1,31.9,31.8,2.8,42.5,28.8,19.2,18.3,75.1,2.6,"INE, Atlas de distribución de renta de los hogares, tablas 30824, 30829, 37677 y 30832"
12032,2015,12250,24722,9388,7.9,26.0,33.8,3.0,40.5,27.8,16.4,20.0,84.1,2.6,"INE, Atlas de distribución de renta de los hogares, tablas 30824, 30829, 37677 y 30832"
12032,2016,12950,25505,9695,8.7,24.1,33.1,2.8,40.8,27.2,16.8,20.1,84.7,2.6,"INE, Atlas de distribución de renta de los hogares, tablas 30824, 30829, 37677 y 30832"
12032,2017,13650,26589,10240,8.3,23.4,32.1,2.7,41.2,28.2,17.1,19.8,84.4,2.6,"INE, Atlas de distribución de renta de los hogares, tablas 30824, 30829, 37677 y 30832"
12032,2018,14350,27764,10736,8.1,22.4,31.6,2.5,41.5,28.3,17.2,19.7,84.3,2.6,"INE, Atlas de distribución de renta de los hogares, tablas 30824, 30829, 37677 y 30832"
12032,2019,15050,28966,11198,7.6,22.7,31.1,2.6,41.7,28.4,17.2,19.4,83.3,2.6,"INE, Atlas de distribución de renta de los hogares, tablas 30824, 30829, 37677 y 30832"
12032,2020,15050,29310,11372,8.1,22.2,30.8,2.7,42.1,28.4,17.5,19.0,83.5,2.6,"INE, Atlas de distribución de renta de los hogares, tablas 30824, 30829, 37677 y 30832"
12032,2021,15750,30638,11995,8.0,21.9,30.6,2.6,42.3,28.9,17.7,18.7,83.4,2.5,"INE, Atlas de distribución de renta de los hogares, tablas 30824, 30829, 37677 y 30832"
12032,2022,16450,32060,12555,6.9,23.3,30.4,2.5,42.3,28.9,17.8,18.4,82.5,2.5,"INE, Atlas de distribución de renta de los hogares, tablas 30824, 30829, 37677 y 30832"
12032,2023,17850,33802,13244,6.1,24.8,30.6,2.6,42.4,29.3,18.0,18.2,81.2,2.5,"INE, Atlas de distribución de renta de los hogares, tablas 30824, 30829, 37677 y 30832"
12040,2015,13650,27750,10913,13.0,23.6,35.8,3.2,41.4,28.3,17.3,18.5,84.1,2.5,"INE, Atlas de distribución de renta de los hogares, tablas 30824, 30829, 37677 y 30832"
12040,2016,14350,28734,11330,13.8,21.8,35.0,2.9,41.7,28.1,17.7,18.5,85.0,2.5,"INE, Atlas de distribución de renta de los hogares, tablas 30824, 30829, 37677 y 30832"
12040,2017,15050,29751,11790,12.5,20.7,33.5,2.8,42.0,28.8,18.1,18.4,84.4,2.5,"INE, Atlas de distribución de renta de los hogares, tablas 30824, 30829, 37677 y 30832"
12040,2018,15750,30929,12307,12.1,19.6,32.9,2.6,42.3,29.0,18.4,18.3,84.0,2.5,"INE, Atlas de distribución de renta de los hogares, tablas 30824, 30829, 37677 y 30832"
12040,2019,16450,32012,12702,11.5,19.9,32.4,2.8,42.5,29.0,18.5,18.0,82.9,2.5,"INE, Atlas de distribución de renta de los hogares, tablas 30824, 30829, 37677 y 30832"
12040,2020,16450,31914,12785,11.6,19.5,32.0,2.8,42.9,29.3,19.0,17.7,83.0,2.5,"INE, Atlas de distribución de renta de los hogares, tablas 30824, 30829, 37677 y 30832"
12040,2021,17850,33221,13427,11.3,18.5,31.1,2.7,43.2,29.8,19.3,17.4,83.3,2.5,"INE, Atlas de distribución de renta de los hogares, tablas 30824, 30829, 37677 y 30832"
12040,2022,18550,34612,13974,10.1,20.2,31.2,2.6,43.2,30.0,19.3,17.3,81.8,2.5,"INE, Atlas de distribución de renta de los hogares, tablas 30824, 30829, 37677 y 30832"
12040,2023,19250,36576,14696,8.9,21.8,31.3,2.7,43.3,29.8,19.5,17.1,80.4,2.5,"INE, Atlas de distribución de renta de los hogares, tablas 30824, 30829, 37677 y 30832"
12084,2015,12950,25173,9819,7.7,22.2,31.8,2.6,40.1,27.1,15.3,19.6,87.6,2.5,"INE, Atlas de distribución de renta de los hogares, tablas 30824, 30829, 37677 y 30832"
12084,2016,13650,26316,10249,8.4,19.8,31.0,2.6,40.4,26.7,15.6,19.8,88.2,2.5,"INE, Atlas de distribución de renta de los hogares, tablas 30824, 30829, 37677 y 30832"
12084,2017,14350,27474,10735,7.6,18.5,29.5,2.5,40.6,26.6,16.0,19.7,88.2,2.5,"INE, Atlas de distribución de renta de los hogares, tablas 30824, 30829, 37677 y 30832"
12084,2018,15750,28612,11215,7.3,18.0,28.6,2.4,40.9,27.1,16.2,19.6,87.9,2.5,"INE, Atlas de distribución de renta de los hogares, tablas 30824, 30829, 37677 y 30832"
12084,2019,16450,29820,11719,6.9,17.6,28.2,2.3,41.3,27.5,16.6,19.2,87.5,2.5,"INE, Atlas de distribución de renta de los hogares, tablas 30824, 30829, 37677 y 30832"
12084,2020,16450,30293,12012,7.3,16.9,27.6,2.4,41.6,27.8,16.9,19.0,87.6,2.5,"INE, Atlas de distribución de renta de los hogares, tablas 30824, 30829, 37677 y 30832"
12084,2021,17150,32155,12778,7.3,16.0,27.0,2.4,41.8,28.1,17.1,18.9,87.3,2.5,"INE, Atlas de distribución de renta de los hogares, tablas 30824, 30829, 37677 y 30832"
12084,2022,18550,33655,13394,6.2,17.2,27.4,2.3,41.8,28.1,17.3,18.8,86.1,2.5,"INE, Atlas de distribución de renta de los hogares, tablas 30824, 30829, 37677 y 30832"
12084,2023,18550,34731,13872,5.5,19.4,27.9,2.4,42.1,28.1,17.6,18.6,85.4,2.5,"INE, Atlas de distribución de renta de los hogares, tablas 30824, 30829, 37677 y 30832"
12126,2015,12250,23606,9096,6.3,24.1,31.7,2.6,41.9,25.2,18.5,18.2,92.9,2.6,"INE, Atlas de distribución de renta de los hogares, tablas 30824, 30829, 37677 y 30832"
12126,2016,12950,24481,9313,6.8,23.2,31.5,2.6,42.3,24.7,19.0,18.3,93.0,2.6,"INE, Atlas de distribución de renta de los hogares, tablas 30824, 30829, 37677 y 30832"
12126,2017,13650,25335,9835,6.2,21.3,29.7,2.6,42.6,25.9,19.4,18.1,93.0,2.6,"INE, Atlas de distribución de renta de los hogares, tablas 30824, 30829, 37677 y 30832"
12126,2018,14350,26787,10464,6.0,20.3,28.9,2.4,42.9,26.3,19.7,17.9,92.4,2.5,"INE, Atlas de distribución de renta de los hogares, tablas 30824, 30829, 37677 y 30832"
12126,2019,15050,28431,11134,5.8,18.6,27.8,2.3,43.2,26.3,19.9,17.8,92.5,2.5,"INE, Atlas de distribución de renta de los hogares, tablas 30824, 30829, 37677 y 30832"
12126,2020,15750,28615,11293,6.3,18.1,27.6,2.2,43.5,26.5,20.2,17.5,92.3,2.5,"INE, Atlas de distribución de renta de los hogares, tablas 30824, 30829, 37677 y 30832"
12126,2021,16450,30178,12035,6.1,17.2,27.1,2.4,43.9,26.7,20.5,17.2,92.2,2.5,"INE, Atlas de distribución de renta de los hogares, tablas 30824, 30829, 37677 y 30832"
12126,2022,17150,31798,12680,5.6,18.8,27.4,2.3,44.0,26.3,20.8,17.1,91.6,2.5,"INE, Atlas de distribución de renta de los hogares, tablas 30824, 30829, 37677 y 30832"
12126,2023,17850,33242,13308,4.9,20.1,27.3,2.3,44.1,26.9,21.0,17.0,91.1,2.5,"INE, Atlas de distribución de renta de los hogares, tablas 30824, 30829, 37677 y 30832"
12135,2015,13650,26687,9983,8.7,21.9,32.3,2.8,40.0,24.3,15.4,20.2,88.2,2.7,"INE, Atlas de distribución de renta de los hogares, tablas 30824, 30829, 37677 y 30832"
12135,2016,14350,28165,10498,9.5,19.9,31.6,2.7,40.3,24.4,15.6,20.2,88.5,2.7,"INE, Atlas de distribución de renta de los hogares, tablas 30824, 30829, 37677 y 30832"
12135,2017,15050,29065,10874,9.1,18.5,30.3,2.6,40.5,25.0,15.8,20.1,88.2,2.7,"INE, Atlas de distribución de renta de los hogares, tablas 30824, 30829, 37677 y 30832"
12135,2018,15750,30537,11453,8.9,17.8,29.6,2.5,40.8,25.4,16.0,19.7,87.7,2.6,"INE, Atlas de distribución de renta de los hogares, tablas 30824, 30829, 37677 y 30832"
12135,2019,16450,31900,11976,8.2,17.9,29.2,2.4,41.0,25.3,16.1,19.6,87.3,2.6,"INE, Atlas de distribución de renta de los hogares, tablas 30824, 30829, 37677 y 30832"
12135,2020,16450,31767,12013,8.3,18.0,29.1,2.4,41.3,25.4,16.4,19.3,87.3,2.6,"INE, Atlas de distribución de renta de los hogares, tablas 30824, 30829, 37677 y 30832"
12135,2021,17150,33502,12701,7.9,17.5,28.5,2.4,41.6,25.4,16.7,19.0,86.8,2.6,"INE, Atlas de distribución de renta de los hogares, tablas 30824, 30829, 37677 y 30832"
12135,2022,18550,35346,13430,6.9,18.3,28.4,2.3,41.8,25.6,17.0,18.9,86.3,2.6,"INE, Atlas de distribución de renta de los hogares, tablas 30824, 30829, 37677 y 30832"
12135,2023,19250,37032,14051,6.3,19.6,28.3,2.5,42.0,25.6,17.4,18.6,85.5,2.6,"INE, Atlas de distribución de renta de los hogares, tablas 30824, 30829, 37677 y 30832"
12138,2015,12250,23911,9293,7.9,28.2,34.6,2.9,41.5,27.8,17.7,18.8,82.2,2.5,"INE, Atlas de distribución de renta de los hogares, tablas 30824, 30829, 37677 y 30832"
12138,2016,12250,24291,9480,8.0,26.3,33.6,3.0,41.9,27.4,17.8,18.6,82.3,2.5,"INE, Atlas de distribución de renta de los hogares, tablas 30824, 30829, 37677 y 30832"
12138,2017,12950,25116,9911,7.1,25.5,32.5,2.8,42.2,28.0,18.2,18.5,81.8,2.5,"INE, Atlas de distribución de renta de los hogares, tablas 30824, 30829, 37677 y 30832"
12138,2018,13650,26419,10453,6.6,24.7,31.7,2.7,42.4,28.6,18.6,18.4,81.2,2.5,"INE, Atlas de distribución de renta de los hogares, tablas 30824, 30829, 37677 y 30832"
12138,2019,14350,27583,10970,6.7,24.0,31.2,2.5,42.8,28.8,18.9,18.1,80.7,2.5,"INE, Atlas de distribución de renta de los hogares, tablas 30824, 30829, 37677 y 30832"
12138,2020,14350,27920,11210,7.2,24.2,31.3,2.5,43.2,29.6,19.4,17.5,80.9,2.5,"INE, Atlas de distribución de renta de los hogares, tablas 30824, 30829, 37677 y 30832"
12138,2021,15050,28593,11614,6.9,23.6,30.7,2.5,43.5,30.5,19.9,17.4,80.3,2.4,"INE, Atlas de distribución de renta de los hogares, tablas 30824, 30829, 37677 y 30832"
12138,2022,15750,29947,12216,5.7,24.8,30.2,2.6,43.6,30.7,20.3,17.4,79.7,2.4,"INE, Atlas de distribución de renta de los hogares, tablas 30824, 30829, 37677 y 30832"
12138,2023,17150,32231,13117,5.8,25.0,30.1,2.6,43.9,30.7,20.8,17.2,79.1,2.4,"INE, Atlas de distribución de renta de los hogares, tablas 30824, 30829, 37677 y 30832"
13005,2015,12950,26205,9823,9.9,23.4,32.9,2.9,40.9,27.5,17.0,19.2,92.7,2.6,"INE, Atlas de distribución de renta de los hogares, tablas 30824, 30829, 37677 y 30832"
13005,2016,13650,26855,9896,10.1,23.5,33.3,2.9,41.2,26.4,17.1,19.2,92.8,2.6,"INE, Atlas de distribución de renta de los hogares, tablas 30824, 30829, 37677 y 30832"
13005,2017,14350,27809,10500,9.5,21.4,31.5,2.8,41.5,27.5,17.3,19.1,92.9,2.6,"INE, Atlas de distribución de renta de los hogares, tablas 30824, 30829, 37677 y 30832"
13005,2018,15050,28925,11007,9.0,20.4,31.0,2.7,41.8,27.4,17.5,18.8,92.7,2.6,"INE, Atlas de distribución de renta de los hogares, tablas 30824, 30829, 37677 y 30832"
13005,2019,15750,30410,11623,8.6,20.4,30.5,2.6,42.1,27.7,17.8,18.6,92.3,2.6,"INE, Atlas de distribución de renta de los hogares, tablas 30824, 30829, 37677 y 30832"
13005,2020,15750,30556,11797,9.1,20.6,31.0,2.6,42.4,28.5,17.7,18.4,92.5,2.6,"INE, Atlas de distribución de renta de los hogares, tablas 30824, 30829, 37677 y 30832"
13005,2021,16450,31788,12333,8.9,20.2,30.0,2.5,42.7,28.8,18.1,18.0,92.4,2.6,"INE, Atlas de distribución de renta de los hogares, tablas 30824, 30829, 37677 y 30832"
13005,2022,17150,33189,12926,7.5,20.8,29.7,2.5,42.9,29.2,18.2,17.8,92.0,2.6,"INE, Atlas de distribución de renta de los hogares, tablas 30824, 30829, 37677 y 30832"
13005,2023,18550,35133,13708,7.0,21.5,29.7,2.6,43.0,28.8,18.6,17.6,90.9,2.5,"INE, Atlas de distribución de renta de los hogares, tablas 30824, 30829, 37677 y 30832"
13034,2015,15750,30630,11729,17.3,19.5,33.9,3.3,41.0,29.7,16.1,18.2,95.8,2.6,"INE, Atlas de distribución de renta de los hogares, tablas 30824, 30829, 37677 y 30832"
13034,2016,15750,31336,11978,18.0,18.9,33.7,3.0,41.3,29.2,16.5,18.4,95.8,2.6,"INE, Atlas de distribución de renta de los hogares, tablas 30824, 30829, 37677 y 30832"
13034,2017,16450,31931,12368,16.8,18.6,33.1,3.1,41.6,30.0,16.9,18.1,95.6,2.6,"INE, Atlas de distribución de renta de los hogares, tablas 30824, 30829, 37677 y 30832"
13034,2018,17150,32965,12905,15.9,18.3,32.7,2.9,42.0,30.2,17.4,17.9,95.5,2.5,"INE, Atlas de distribución de renta de los hogares, tablas 30824, 30829, 37677 y 30832"
13034,2019,17850,34019,13350,14.9,18.1,32.1,2.8,42.3,30.2,17.8,17.9,94.5,2.5,"INE, Atlas de distribución de renta de los hogares, tablas 30824, 30829, 37677 y 30832"
13034,2020,17850,34312,13580,15.7,18.2,32.3,2.9,42.5,30.6,18.0,17.7,94.6,2.5,"INE, Atlas de distribución de renta de los hogares, tablas 30824, 30829, 37677 y 30832"
13034,2021,19250,35257,14066,15.0,17.7,31.5,2.7,42.9,31.2,18.5,17.5,94.4,2.5,"INE, Atlas de distribución de renta de los hogares, tablas 30824, 30829, 37677 y 30832"
13034,2022,19950,36633,14864,13.1,18.4,31.1,2.7,43.2,31.9,19.1,17.3,94.0,2.5,"INE, Atlas de distribución de renta de los hogares, tablas 30824, 30829, 37677 y 30832"
13034,2023,20650,38730,15835,12.0,18.8,30.8,2.7,43.5,32.1,19.7,17.0,93.4,2.4,"INE, Atlas de distribución de renta de los hogares, tablas 30824, 30829, 37677 y 30832"
13071,2015,12950,25269,10207,11.1,25.9,35.6,3.3,42.8,29.4,19.9,17.2,96.9,2.4,"INE, Atlas de distribución de renta de los hogares, tablas 30824, 30829, 37677 y 30832"
13071,2016,12950,25718,10471,11.2,25.2,35.7,3.0,43.2,29.5,20.4,17.1,97.1,2.4,"INE, Atlas de distribución de renta de los hogares, tablas 30824, 30829, 37677 y 30832"
13071,2017,13650,25919,10622,10.1,25.3,34.4,3.1,43.5,30.1,20.7,17.2,97.1,2.4,"INE, Atlas de distribución de renta de los hogares, tablas 30824, 30829, 37677 y 30832"
13071,2018,14350,27244,11320,9.6,24.3,33.8,2.9,44.0,30.5,21.3,17.0,97.1,2.4,"INE, Atlas de distribución de renta de los hogares, tablas 30824, 30829, 37677 y 30832"
13071,2019,15050,28241,11767,8.8,24.0,32.7,2.8,44.3,30.9,21.8,16.9,96.8,2.4,"INE, Atlas de distribución de renta de los hogares, tablas 30824, 30829, 37677 y 30832"
13071,2020,15050,27875,11731,9.2,24.4,32.9,2.8,44.6,31.5,22.2,16.7,96.8,2.4,"INE, Atlas de distribución de renta de los hogares, tablas 30824, 30829, 37677 y 30832"
13071,2021,15750,28640,12155,8.5,24.4,32.1,2.8,44.9,31.9,22.7,16.6,96.7,2.3,"INE, Atlas de distribución de renta de los hogares, tablas 30824, 30829, 37677 y 30832"
13071,2022,16450,30028,12852,7.7,25.2,32.0,2.8,45.2,32.2,23.2,16.4,96.1,2.3,"INE, Atlas de distribución de renta de los hogares, tablas 30824, 30829, 37677 y 30832"
13071,2023,17850,31668,13653,6.7,26.1,31.5,2.7,45.4,32.9,23.7,16.2,95.3,2.3,"INE, Atlas de distribución de renta de los hogares, tablas 30824, 30829, 37677 y 30832"
13082,2015,10150,20966,7507,3.9,37.2,33.0,2.6,40.0,26.7,16.4,19.5,86.9,2.7,"INE, Atlas de distribución de renta de los hogares, tablas 30824, 30829, 37677 y 30832"
13082,2016,10150,21765,7711,4.4,35.0,32.9,2.8,40.3,26.0,16.6,19.6,88.1,2.7,"INE, Atlas de distribución de renta de los hogares, tablas 30824, 30829, 37677 y 30832"
13082,2017,10850,22652,8271,4.2,32.2,31.2,2.6,40.6,27.2,16.9,19.4,88.5,2.7,"INE, Atlas de distribución de renta de los hogares, tablas 30824, 30829, 37677 y 30832"
13082,2018,11550,23945,8862,4.5,30.4,30.9,2.5,40.9,27.7,17.2,19.4,88.8,2.7,"INE, Atlas de distribución de renta de los hogares, tablas 30824, 30829, 37677 y 30832"
13082,2019,12250,24818,9199,3.9,31.1,30.1,2.4,41.1,27.4,17.2,19.1,88.0,2.7,"INE, Atlas de distribución de renta de los hogares, tablas 30824, 30829, 37677 y 30832"
13082,2020,12250,24801,9273,4.1,31.2,30.5,2.4,41.2,27.5,16.8,19.0,87.9,2.7,"INE, Atlas de distribución de renta de los hogares, tablas 30824, 30829, 37677 y 30832"
13082,2021,12950,25654,9663,4.0,31.4,30.0,2.5,41.5,27.8,17.0,18.8,87.8,2.6,"INE, Atlas de distribución de renta de los hogares, tablas 30824, 30829, 37677 y 30832"
13082,2022,13650,27131,10235,3.3,32.4,29.6,2.4,41.7,28.0,17.2,18.5,87.1,2.6,"INE, Atlas de distribución de renta de los hogares, tablas 30824, 30829, 37677 y 30832"
13082,2023,14350,28680,10840,3.0,33.5,29.7,2.5,42.0,28.4,17.5,18.1,86.3,2.6,"INE, Atlas de distribución de renta de los hogares, tablas 30824, 30829, 37677 y 30832"
13087,2015,11550,23533,8827,7.4,29.1,33.7,2.9,40.9,24.5,16.6,18.9,94.0,2.7,"INE, Atlas de distribución de renta de los hogares, tablas 30824, 30829, 37677 y 30832"
13087,2016,12250,24385,9186,7.9,27.3,33.5,3.0,41.3,24.4,16.8,18.8,94.5,2.6,"INE, Atlas de distribución de renta de los hogares, tablas 30824, 30829, 37677 y 30832"
13087,2017,12250,25208,9542,7.2,27.6,32.6,2.7,41.6,25.3,17.2,18.6,94.4,2.6,"INE, Atlas de distribución de renta de los hogares, tablas 30824, 30829, 37677 y 30832"
13087,2018,12950,26061,10027,6.8,27.1,32.1,2.6,42.0,26.0,17.5,18.4,94.1,2.6,"INE, Atlas de distribución de renta de los hogares, tablas 30824, 30829, 37677 y 30832"
13087,2019,13650,26792,10365,6.2,27.3,31.6,2.7,42.3,26.5,17.7,18.2,93.6,2.6,"INE, Atlas de distribución de renta de los hogares, tablas 30824, 30829, 37677 y 30832"
13087,2020,13650,27123,10531,6.6,27.8,31.8,2.7,42.5,26.5,17.8,17.9,93.6,2.6,"INE, Atlas de distribución de renta de los hogares, tablas 30824, 30829, 37677 y 30832"
13087,2021,14350,27971,10966,6.3,26.6,30.9,2.6,42.8,26.7,18.2,17.7,93.5,2.5,"INE, Atlas de distribución de renta de los hogares, tablas 30824, 30829, 37677 y 30832"
13087,2022,15050,29393,11662,5.7,27.7,30.6,2.6,43.1,27.3,18.7,17.5,92.8,2.5,"INE, Atlas de distribución de renta de los hogares, tablas 30824, 30829, 37677 y 30832"
13087,2023,15750,31139,12422,4.9,28.9,30.5,2.5,43.5,27.9,19.4,17.0,92.2,2.5,"INE, Atlas de distribución de renta de los hogares, tablas 30824, 30829, 37677 y 30832"
14021,2015,12950,27242,9992,11.5,25.7,35.2,3.0,41.6,24.5,17.8,18.7,97.7,2.7,"INE, Atlas de distribución de renta de los hogares, tablas 30824, 30829, 37677 y 30832"
14021,2016,12950,27823,10219,12.1,24.8,35.3,3.1,41.9,24.5,18.0,18.6,97.7,2.7,"INE, Atlas de distribución de renta de los hogares, tablas 30824, 30829, 37677 y 30832"
14021,2017,13650,28676,10629,11.1,24.6,34.5,3.2,42.2,25.1,18.4,18.5,97.5,2.7,"INE, Atlas de distribución de renta de los hogares, tablas 30824, 30829, 37677 y 30832"
14021,2018,14350,29556,11083,10.6,23.7,33.8,3.0,42.5,25.7,18.8,18.2,97.4,2.6,"INE, Atlas de distribución de renta de los hogares, tablas 30824, 30829, 37677 y 30832"
14021,2019,15050,30730,11613,10.0,23.3,33.0,2.8,42.8,26.2,19.1,18.0,97.1,2.6,"INE, Atlas de distribución de renta de los hogares, tablas 30824, 30829, 37677 y 30832"
14021,2020,15050,30999,11791,10.7,23.2,33.0,2.8,43.3,26.7,19.7,17.7,97.3,2.6,"INE, Atlas de distribución de renta de los hogares, tablas 30824, 30829, 37677 y 30832"
14021,2021,15750,32367,12448,10.4,21.9,32.0,2.8,43.6,27.3,20.1,17.4,97.5,2.6,"INE, Atlas de distribución de renta de los hogares, tablas 30824, 30829, 37677 y 30832"
14021,2022,17150,33799,13148,9.4,23.2,32.0,2.7,43.8,27.9,20.4,17.1,96.7,2.6,"INE, Atlas de distribución de renta de los hogares, tablas 30824, 30829, 37677 y 30832"
14021,2023,17850,35632,13963,8.5,23.0,31.3,2.7,44.0,28.4,20.9,16.8,96.4,2.5,"INE, Atlas de distribución de renta de los hogares, tablas 30824, 30829, 37677 y 30832"
14038,2015,10150,20441,7276,3.7,36.8,33.0,2.6,38.6,21.5,14.1,21.3,95.7,2.8,"INE, Atlas de distribución de renta de los hogares, tablas 30824, 30829, 37677 y 30832"
14038,2016,10150,21157,7571,4.0,34.7,32.9,2.7,38.9,21.7,14.2,21.2,96.1,2.8,"INE, Atlas de distribución de renta de los hogares, tablas 30824, 30829, 37677 y 30832"
14038,2017,10850,21999,7938,3.6,34.0,31.2,2.5,39.2,22.0,14.6,20.9,96.1,2.7,"INE, Atlas de distribución de renta de los hogares, tablas 30824, 30829, 37677 y 30832"
14038,2018,11550,23430,8523,3.6,31.4,30.3,2.4,39.6,22.6,14.9,20.6,96.0,2.7,"INE, Atlas de distribución de renta de los hogares, tablas 30824, 30829, 37677 y 30832"
14038,2019,12250,24423,8937,3.2,31.4,29.7,2.5,39.9,22.4,15.1,20.4,95.7,2.7,"INE, Atlas de distribución de renta de los hogares, tablas 30824, 30829, 37677 y 30832"
14038,2020,12250,24181,8935,3.5,32.2,29.9,2.5,40.2,22.9,15.3,20.1,95.7,2.7,"INE, Atlas de distribución de renta de los hogares, tablas 30824, 30829, 37677 y 30832"
14038,2021,12950,26097,9746,3.5,28.5,28.5,2.3,40.6,24.0,15.6,19.7,95.7,2.7,"INE, Atlas de distribución de renta de los hogares, tablas 30824, 30829, 37677 y 30832"
14038,2022,13650,27187,10269,3.2,30.3,28.3,2.4,40.9,24.2,15.9,19.5,95.3,2.6,"INE, Atlas de distribución de renta de los hogares, tablas 30824, 30829, 37677 y 30832"
14038,2023,15050,29156,11064,2.9,29.9,27.8,2.3,41.2,24.0,16.4,19.1,95.0,2.6,"INE, Atlas de distribución de renta de los hogares, tablas 30824, 30829, 37677 y 30832"
14056,2015,10150,20671,7570,3.3,33.9,31.2,2.6,40.4,24.2,16.3,19.6,96.4,2.7,"INE, Atlas de distribución de renta de los hogares, tablas 30824, 30829, 37677 y 30832"
14056,2016,10150,21233,7812,4.0,32.6,31.7,2.6,40.6,23.9,16.3,19.4,95.9,2.7,"INE, Atlas de distribución de renta de los hogares, tablas 30824, 30829, 37677 y 30832"
14056,2017,10850,22160,8238,3.5,31.7,30.5,2.5,40.9,24.7,16.6,19.3,95.6,2.7,"INE, Atlas de distribución de renta de los hogares, tablas 30824, 30829, 37677 y 30832"
14056,2018,11550,23039,8623,3.2,30.9,30.4,2.4,41.2,24.9,16.8,19.0,95.7,2.6,"INE, Atlas de distribución de renta de los hogares, tablas 30824, 30829, 37677 y 30832"
14056,2019,12250,24167,9127,3.0,30.0,29.2,2.3,41.5,24.9,17.1,18.9,95.7,2.6,"INE, Atlas de distribución de renta de los hogares, tablas 30824, 30829, 37677 y 30832"
14056,2020,12250,24280,9251,3.3,30.4,29.4,2.3,41.8,25.2,17.3,18.6,96.0,2.6,"INE, Atlas de distribución de renta de los hogares, tablas 30824, 30829, 37677 y 30832"
14056,2021,12950,25470,9807,3.4,28.3,28.2,2.3,42.0,26.2,17.6,18.5,96.0,2.6,"INE, Atlas de distribución de renta de los hogares, tablas 30824, 30829, 37677 y 30832"
14056,2022,13650,26519,10324,3.0,30.4,28.4,2.4,42.1,26.4,17.9,18.4,95.7,2.6,"INE, Atlas de distribución de renta de los hogares, tablas 30824, 30829, 37677 y 30832"
14056,2023,15050,28439,11121,2.9,30.2,28.0,2.3,42.4,26.4,18.5,18.1,95.3,2.5,"INE, Atlas de distribución de renta de los hogares, tablas 30824, 30829, 37677 y 30832"
15002,2015,15050,28437,10738,12.3,19.2,32.2,2.7,38.2,26.2,11.1,21.1,95.7,2.6,"INE, Atlas de distribución de renta de los hogares, tablas 30824, 30829, 37677 y 30832"
15002,2016,15050,29326,11045,13.2,17.9,31.7,2.8,38.5,25.7,11.4,21.1,95.7,2.6,"INE, Atlas de distribución de renta de los hogares, tablas 30824, 30829, 37677 y 30832"
15002,2017,15750,30209,11373,11.7,17.8,31.1,2.6,38.9,25.6,11.7,20.9,95.4,2.6,"INE, Atlas de distribución de renta de los hogares, tablas 30824, 30829, 37677 y 30832"
15002,2018,16450,31159,11754,11.0,18.2,30.9,2.6,39.4,25.6,12.1,20.5,94.9,2.6,"INE, Atlas de distribución de renta de los hogares, tablas 30824, 30829, 37677 y 30832"
15002,2019,17150,32483,12309,10.4,18.0,30.4,2.6,39.9,25.8,12.6,20.2,94.5,2.6,"INE, Atlas de distribución de renta de los hogares, tablas 30824, 30829, 37677 y 30832"
15002,2020,17150,32463,12404,10.8,17.8,30.2,2.6,40.4,26.0,13.0,19.7,94.8,2.6,"INE, Atlas de distribución de renta de los hogares, tablas 30824, 30829, 37677 y 30832"
15002,2021,17850,33975,13038,10.6,16.5,29.4,2.5,40.8,26.2,13.4,19.2,94.6,2.6,"INE, Atlas de distribución de renta de los hogares, tablas 30824, 30829, 37677 y 30832"
15002,2022,19250,35912,13963,9.9,17.0,29.2,2.5,41.3,26.9,13.9,18.8,94.0,2.6,"INE, Atlas de distribución de renta de los hogares, tablas 30824, 30829, 37677 y 30832"
15002,2023,20650,38343,15004,8.9,17.0,28.5,2.4,41.8,27.8,14.4,18.2,93.7,2.5,"INE, Atlas de distribución de renta de los hogares, tablas 30824, 30829, 37677 y 30832"
15005,2015,13650,25474,9845,6.9,20.6,30.3,2.6,40.7,24.3,14.8,17.9,95.6,2.6,"INE, Atlas de distribución de renta de los hogares, tablas 30824, 30829, 37677 y 30832"
15005,2016,14350,26204,10143,7.8,19.4,30.1,2.6,41.0,24.4,15.1,18.1,95.6,2.6,"INE, Atlas de distribución de renta de los hogares, tablas 30824, 30829, 37677 y 30832"
15005,2017,14350,27203,10534,7.3,19.1,29.4,2.4,41.4,24.3,15.6,18.0,95.3,2.6,"INE, Atlas de distribución de renta de los hogares, tablas 30824, 30829, 37677 y 30832"
15005,2018,15050,28298,10989,6.8,18.8,28.9,2.4,41.7,24.7,15.9,18.0,95.0,2.6,"INE, Atlas de distribución de renta de los hogares, tablas 30824, 30829, 37677 y 30832"
15005,2019,15750,29783,11540,6.4,18.8,28.5,2.5,42.0,24.6,16.2,17.8,94.4,2.6,"INE, Atlas de distribución de renta de los hogares, tablas 30824, 30829, 37677 y 30832"
15005,2020,15750,29460,11462,6.5,19.2,28.4,2.4,42.3,24.8,16.5,17.7,94.2,2.6,"INE, Atlas de distribución de renta de los hogares, tablas 30824, 30829, 37677 y 30832"
15005,2021,16450,30510,11970,6.5,18.7,27.9,2.4,42.7,25.1,17.0,17.3,93.9,2.5,"INE, Atlas de distribución de renta de los hogares, tablas 30824, 30829, 37677 y 30832"
15005,2022,17150,32650,12917,6.0,19.7,28.1,2.4,43.1,25.6,17.5,17.1,93.2,2.5,"INE, Atlas de distribución de renta de los hogares, tablas 30824, 30829, 37677 y 30832"
15005,2023,18550,35108,13920,5.9,19.8,27.9,2.4,43.3,26.1,17.9,16.9,92.2,2.5,"INE, Atlas de distribución de renta de los hogares, tablas 30824, 30829, 37677 y 30832"
15019,2015,12250,21632,9077,5.0,24.0,30.4,2.5,44.5,31.3,22.1,15.7,98.2,2.4,"INE, Atlas de distribución de renta de los hogares, tablas 30824, 30829, 37677 y 30832"
15019,2016,12950,22553,9498,5.5,22.6,30.1,2.6,44.8,31.2,22.4,15.6,98.2,2.4,"INE, Atlas de distribución de renta de los hogares, tablas 30824, 30829, 37677 y 30832"
15019,2017,12950,23143,9922,4.8,22.4,29.3,2.4,45.1,33.4,22.9,15.7,98.2,2.3,"INE, Atlas de distribución de renta de los hogares, tablas 30824, 30829, 37677 y 30832"
15019,2018,14350,26752,10353,4.7,19.5,27.7,2.2,45.3,25.1,23.1,15.7,97.9,2.6,"INE, Atlas de distribución de renta de los hogares, tablas 30824, 30829, 37677 y 30832"
15019,2019,15050,27916,10854,4.6,19.7,27.3,2.3,45.6,25.4,23.4,15.7,97.6,2.6,"INE, Atlas de distribución de renta de los hogares, tablas 30824, 30829, 37677 y 30832"
15019,2020,15050,28139,11037,5.1,19.8,27.3,2.3,45.9,25.8,23.6,15.5,97.6,2.5,"INE, Atlas de distribución de renta de los hogares, tablas 30824, 30829, 37677 y 30832"
15019,2021,15750,29294,11561,4.9,19.0,26.4,2.2,46.2,26.2,24.1,15.4,97.4,2.5,"INE, Atlas de distribución de renta de los hogares, tablas 30824, 30829, 37677 y 30832"
15019,2022,17150,30610,12260,4.5,19.9,26.5,2.2,46.5,26.9,24.4,15.2,97.1,2.5,"INE, Atlas de distribución de renta de los hogares, tablas 30824, 30829, 37677 y 30832"
15019,2023,17850,33105,13292,4.1,19.7,26.0,2.2,46.7,27.3,25.0,15.0,96.5,2.5,"INE, Atlas de distribución de renta de los hogares, tablas 30824, 30829, 37677 y 30832"
15030,2015,16450,30880,12804,18.1,16.8,33.9,3.0,45.6,30.1,23.7,14.4,95.7,2.4,"INE, Atlas de distribución de renta de los hogares, tablas 30824, 30829, 37677 y 30832"
15030,2016,16450,31973,13273,19.0,16.2,34.1,2.9,45.8,30.0,24.0,14.5,95.7,2.4,"INE, Atlas de distribución de renta de los hogares, tablas 30824, 30829, 37677 y 30832"
15030,2017,17150,32374,13516,17.4,16.5,33.4,2.9,46.0,30.5,24.3,14.6,95.3,2.4,"INE, Atlas de distribución de renta de los hogares, tablas 30824, 30829, 37677 y 30832"
15030,2018,17850,33325,14016,16.7,16.5,33.3,2.8,46.1,31.1,24.6,14.6,94.7,2.4,"INE, Atlas de distribución de renta de los hogares, tablas 30824, 30829, 37677 y 30832"
15030,2019,18550,34521,14536,16.0,16.8,33.0,2.9,46.3,31.2,24.8,14.5,94.0,2.4,"INE, Atlas de distribución de renta de los hogares, tablas 30824, 30829, 37677 y 30832"
15030,2020,18550,34376,14591,16.2,16.9,32.7,2.9,46.6,31.6,25.2,14.4,93.9,2.3,"INE, Atlas de distribución de renta de los hogares, tablas 30824, 30829, 37677 y 30832"
15030,2021,19250,34933,14961,15.5,16.7,32.1,2.8,46.9,32.2,25.4,14.3,93.6,2.3,"INE, Atlas de distribución de renta de los hogares, tablas 30824, 30829, 37677 y 30832"
15030,2022,19950,37649,16190,14.2,17.8,32.3,2.8,46.9,32.7,25.4,14.2,92.8,2.3,"INE, Atlas de distribución de renta de los hogares, tablas 30824, 30829, 37677 y 30832"
15030,2023,21350,39802,17157,13.4,18.0,32.3,2.7,47.0,33.0,25.6,13.9,92.0,2.3,"INE, Atlas de distribución de renta de los hogares, tablas 30824, 30829, 37677 y 30832"
15031,2015,15050,28158,11214,11.9,17.2,31.1,2.6,41.3,27.5,16.1,18.7,96.8,2.5,"INE, Atlas de distribución de renta de los hogares, tablas 30824, 30829, 37677 y 30832"
15031,2016,15750,29062,11539,12.4,16.2,30.7,2.7,41.6,27.2,16.2,18.7,96.7,2.5,"INE, Atlas de distribución de renta de los hogares, tablas 30824, 30829, 37677 y 30832"
15031,2017,15750,29601,11695,10.9,16.8,30.4,2.6,41.9,26.9,16.6,18.8,96.2,2.5,"INE, Atlas de distribución de renta de los hogares, tablas 30824, 30829, 37677 y 30832"
15031,2018,16450,30556,12187,10.3,16.7,30.0,2.6,42.2,27.4,16.9,18.7,95.9,2.5,"INE, Atlas de distribución de renta de los hogares, tablas 30824, 30829, 37677 y 30832"
15031,2019,17150,31993,12816,9.5,16.7,29.2,2.5,42.6,28.1,17.2,18.4,95.3,2.5,"INE, Atlas de distribución de renta de los hogares, tablas 30824, 30829, 37677 y 30832"
15031,2020,17150,31794,12808,10.0,16.6,29.5,2.5,43.0,28.1,17.4,18.1,95.3,2.5,"INE, Atlas de distribución de renta de los hogares, tablas 30824, 30829, 37677 y 30832"
15031,2021,17850,32755,13357,9.5,16.2,28.7,2.5,43.5,28.8,18.1,17.7,95.1,2.4,"INE, Atlas de distribución de renta de los hogares, tablas 30824, 30829, 37677 y 30832"
15031,2022,19250,34473,14181,8.5,16.9,28.5,2.5,43.9,29.5,18.8,17.2,94.6,2.4,"INE, Atlas de distribución de renta de los hogares, tablas 30824, 30829, 37677 y 30832"
15031,2023,19950,36836,15320,8.0,17.2,28.7,2.4,44.3,30.4,19.2,16.7,93.9,2.4,"INE, Atlas de distribución de renta de los hogares, tablas 30824, 30829, 37677 y 30832"
15036,2015,15050,26216,11489,12.1,18.6,31.9,2.7,47.6,33.0,26.8,13.2,97.9,2.3,"INE, Atlas de distribución de renta de los hogares, tablas 30824, 30829, 37677 y 30832"
15036,2016,15050,26623,11695,12.8,18.6,32.3,2.7,47.9,33.1,27.1,13.2,97.9,2.2,"INE, Atlas de distribución de renta de los hogares, tablas 30824, 30829, 37677 y 30832"
15036,2017,15750,26918,11956,11.2,19.1,31.7,2.7,48.2,34.1,27.6,13.2,97.6,2.2,"INE, Atlas de distribución de renta de los hogares, tablas 30824, 30829, 37677 y 30832"
15036,2018,16450,27599,12384,10.5,18.5,31.1,2.6,48.5,34.7,28.1,13.1,97.4,2.2,"INE, Atlas de distribución de renta de los hogares, tablas 30824, 30829, 37677 y 30832"
15036,2019,17150,29041,13109,10.6,18.6,30.9,2.7,48.8,35.2,28.5,12.9,97.1,2.2,"INE, Atlas de distribución de renta de los hogares, tablas 30824, 30829, 37677 y 30832"
15036,2020,17150,28753,13116,10.5,19.1,30.7,2.7,49.1,35.7,29.0,12.8,96.9,2.2,"INE, Atlas de distribución de renta de los hogares, tablas 30824, 30829, 37677 y 30832"
15036,2021,17850,29411,13487,9.6,19.6,30.0,2.6,49.3,36.3,29.4,12.6,96.5,2.2,"INE, Atlas de distribución de renta de los hogares, tablas 30824, 30829, 37677 y 30832"
15036,2022,18550,30784,14236,8.5,20.1,29.9,2.6,49.4,36.9,29.6,12.4,95.9,2.2,"INE, Atlas de distribución de renta de los hogares, tablas 30824, 30829, 37677 y 30832"
15036,2023,19250,32592,15176,7.6,21.1,29.7,2.5,49.5,37.5,29.9,12.3,95.0,2.1,"INE, Atlas de distribución de renta de los hogares, tablas 30824, 30829, 37677 y 30832"
15054,2015,14350,24821,10320,7.1,18.0,28.8,2.4,43.1,27.9,19.5,16.7,98.1,2.4,"INE, Atlas de distribución de renta de los hogares, tablas 30824, 30829, 37677 y 30832"
15054,2016,15050,25566,10613,7.8,16.7,28.4,2.4,43.4,27.7,19.7,16.9,98.0,2.4,"INE, Atlas de distribución de renta de los hogares, tablas 30824, 30829, 37677 y 30832"
15054,2017,15050,26073,10833,6.6,16.9,27.6,2.3,43.6,28.0,20.0,17.1,98.0,2.4,"INE, Atlas de distribución de renta de los hogares, tablas 30824, 30829, 37677 y 30832"
15054,2018,15750,27314,11371,6.5,16.3,27.3,2.4,44.0,27.8,20.3,17.0,97.7,2.4,"INE, Atlas de distribución de renta de los hogares, tablas 30824, 30829, 37677 y 30832"
15054,2019,16450,28834,12032,6.9,16.4,27.2,2.4,44.3,27.9,20.6,17.0,97.5,2.4,"INE, Atlas de distribución de renta de los hogares, tablas 30824, 30829, 37677 y 30832"
15054,2020,16450,28634,12048,6.6,16.0,26.6,2.4,44.7,28.4,21.1,16.6,97.5,2.4,"INE, Atlas de distribución de renta de los hogares, tablas 30824, 30829, 37677 y 30832"
15054,2021,17150,29538,12477,6.3,16.4,26.6,2.3,44.9,29.0,21.4,16.5,97.3,2.4,"INE, Atlas de distribución de renta de los hogares, tablas 30824, 30829, 37677 y 30832"
15054,2022,17850,30967,13184,5.1,17.3,26.2,2.3,45.2,29.7,21.7,16.2,96.8,2.3,"INE, Atlas de distribución de renta de los hogares, tablas 30824, 30829, 37677 y 30832"
15054,2023,19250,32992,14101,4.6,17.9,26.0,2.2,45.5,30.1,22.1,15.9,96.2,2.3,"INE, Atlas de distribución de renta de los hogares, tablas 30824, 30829, 37677 y 30832"
15058,2015,17150,39963,14851,22.9,15.1,35.9,3.1,42.7,23.8,18.8,18.1,96.5,2.7,"INE, Atlas de distribución de renta de los hogares, tablas 30824, 30829, 37677 y 30832"
15058,2016,17850,41150,15333,24.6,14.1,35.9,2.9,43.1,24.0,19.3,18.0,96.8,2.7,"INE, Atlas de distribución de renta de los hogares, tablas 30824, 30829, 37677 y 30832"
15058,2017,18550,42223,15765,23.0,14.0,35.4,2.8,43.3,24.5,19.7,18.0,96.6,2.7,"INE, Atlas de distribución de renta de los hogares, tablas 30824, 30829, 37677 y 30832"
15058,2018,19250,43115,16170,22.1,13.8,35.4,2.9,43.5,24.5,20.0,18.0,96.2,2.6,"INE, Atlas de distribución de renta de los hogares, tablas 30824, 30829, 37677 y 30832"
15058,2019,19950,43859,16447,21.6,13.2,35.0,2.8,43.9,24.4,20.4,17.8,95.7,2.7,"INE, Atlas de distribución de renta de los hogares, tablas 30824, 30829, 37677 y 30832"
15058,2020,19950,43578,16403,21.8,13.0,34.4,2.8,44.2,24.2,20.7,17.7,95.8,2.6,"INE, Atlas de distribución de renta de los hogares, tablas 30824, 30829, 37677 y 30832"
15058,2021,20650,43530,16471,21.2,12.9,33.3,2.8,44.4,24.5,21.0,17.5,95.7,2.6,"INE, Atlas de distribución de renta de los hogares, tablas 30824, 30829, 37677 y 30832"
15058,2022,22050,48638,18504,20.7,13.2,34.2,2.6,44.5,24.5,21.3,17.5,95.2,2.6,"INE, Atlas de distribución de renta de los hogares, tablas 30824, 30829, 37677 y 30832"
15058,2023,23450,51654,19798,19.6,13.0,34.0,2.7,44.8,25.1,21.7,17.4,95.0,2.6,"INE, Atlas de distribución de renta de los hogares, tablas 30824, 30829, 37677 y 30832"
15073,2015,12950,27402,9616,6.0,22.2,30.3,2.4,42.9,22.4,19.8,16.7,96.1,2.8,"INE, Atlas de distribución de renta de los hogares, tablas 30824, 30829, 37677 y 30832"
15073,2016,12950,28047,9903,6.6,20.6,30.2,2.5,43.2,22.9,20.1,16.8,96.4,2.8,"INE, Atlas de distribución de renta de los hogares, tablas 30824, 30829, 37677 y 30832"
15073,2017,13650,28519,10135,6.4,20.9,29.6,2.4,43.5,23.3,20.4,16.6,96.3,2.8,"INE, Atlas de distribución de renta de los hogares, tablas 30824, 30829, 37677 y 30832"
15073,2018,14350,30896,11134,6.0,20.5,29.3,2.4,43.9,24.0,20.7,16.3,96.2,2.7,"INE, Atlas de distribución de renta de los hogares, tablas 30824, 30829, 37677 y 30832"
15073,2019,15050,29927,10866,5.3,20.2,28.5,2.3,44.3,24.4,20.9,16.1,95.8,2.7,"INE, Atlas de distribución de renta de los hogares, tablas 30824, 30829, 37677 y 30832"
15073,2020,15050,29715,10918,5.4,20.2,28.0,2.3,44.6,24.8,21.2,15.9,95.6,2.7,"INE, Atlas de distribución de renta de los hogares, tablas 30824, 30829, 37677 y 30832"
15073,2021,15750,31003,11482,5.5,19.8,27.7,2.2,45.0,25.5,21.7,15.6,95.3,2.7,"INE, Atlas de distribución de renta de los hogares, tablas 30824, 30829, 37677 y 30832"
15073,2022,16450,32718,12264,5.1,21.0,28.0,2.4,45.2,26.3,22.0,15.4,94.8,2.6,"INE, Atlas de distribución de renta de los hogares, tablas 30824, 30829, 37677 y 30832"
15073,2023,17850,34729,13082,4.5,21.3,27.7,2.3,45.5,26.5,22.4,15.3,94.4,2.6,"INE, Atlas de distribución de renta de los hogares, tablas 30824, 30829, 37677 y 30832"
15078,2015,16450,33195,12732,19.1,14.8,32.7,2.9,44.0,29.0,20.2,15.2,96.1,2.6,"INE, Atlas de distribución de renta de los hogares, tablas 30824, 30829, 37677 y 30832"
15078,2016,17150,34068,13139,19.9,13.8,32.3,2.7,44.3,28.9,20.6,15.4,96.1,2.6,"INE, Atlas de distribución de renta de los hogares, tablas 30824, 30829, 37677 y 30832"
15078,2017,17850,34706,13517,18.8,13.7,31.8,2.8,44.5,29.4,21.1,15.5,95.8,2.5,"INE, Atlas de distribución de renta de los hogares, tablas 30824, 30829, 37677 y 30832"
15078,2018,18550,35397,13950,17.6,13.9,31.5,2.7,44.6,30.0,21.4,15.5,95.3,2.5,"INE, Atlas de distribución de renta de los hogares, tablas 30824, 30829, 37677 y 30832"
15078,2019,19250,36620,14636,17.2,13.8,31.2,2.6,44.9,30.9,21.9,15.4,94.8,2.5,"INE, Atlas de distribución de renta de los hogares, tablas 30824, 30829, 37677 y 30832"
15078,2020,19250,36213,14649,17.6,14.7,31.5,2.6,45.2,31.3,22.4,15.4,94.7,2.5,"INE, Atlas de distribución de renta de los hogares, tablas 30824, 30829, 37677 y 30832"
15078,2021,19950,37380,15300,17.3,14.2,30.9,2.5,45.5,32.0,22.8,15.2,94.4,2.4,"INE, Atlas de distribución de renta de los hogares, tablas 30824, 30829, 37677 y 30832"
15078,2022,21350,39198,16373,16.1,14.6,30.9,2.6,45.6,32.7,23.0,14.9,93.8,2.4,"INE, Atlas de distribución de renta de los hogares, tablas 30824, 30829, 37677 y 30832"
15078,2023,22750,41436,17514,14.9,15.1,30.8,2.5,45.8,33.4,23.4,14.8,93.2,2.3,"INE, Atlas de distribución de renta de los hogares, tablas 30824, 30829, 37677 y 30832"
16078,2015,15050,28605,11212,14.2,20.4,33.3,3.0,41.5,30.4,17.1,18.1,91.4,2.5,"INE, Atlas de distribución de renta de los hogares, tablas 30824, 30829, 37677 y 30832"
16078,2016,15050,29122,11300,14.6,20.6,33.6,3.0,41.9,29.5,17.5,18.2,91.8,2.5,"INE, Atlas de distribución de renta de los hogares, tablas 30824, 30829, 37677 y 30832"
16078,2017,15750,29877,11827,13.7,19.4,32.5,2.8,42.2,30.4,17.8,17.9,91.7,2.5,"INE, Atlas de distribución de renta de los hogares, tablas 30824, 30829, 37677 y 30832"
16078,2018,16450,30655,12278,12.6,18.8,31.7,2.8,42.6,31.3,18.2,17.6,91.5,2.5,"INE, Atlas de distribución de renta de los hogares, tablas 30824, 30829, 37677 y 30832"
16078,2019,17150,31879,12848,12.2,18.2,30.9,2.7,42.9,31.6,18.5,17.5,90.9,2.5,"INE, Atlas de distribución de renta de los hogares, tablas 30824, 30829, 37677 y 30832"
16078,2020,17150,32319,13160,13.0,17.7,30.8,2.7,43.2,32.3,18.7,17.2,91.1,2.4,"INE, Atlas de distribución de renta de los hogares, tablas 30824, 30829, 37677 y 30832"
16078,2021,17850,33627,13835,12.7,17.0,30.2,2.6,43.6,33.0,19.2,16.8,91.4,2.4,"INE, Atlas de distribución de renta de los hogares, tablas 30824, 30829, 37677 y 30832"
16078,2022,18550,34584,14221,10.3,18.8,30.0,2.7,43.8,32.9,19.7,16.7,89.8,2.4,"INE, Atlas de distribución de renta de los hogares, tablas 30824, 30829, 37677 y 30832"
16078,2023,19950,36241,14988,9.3,20.0,30.0,2.6,44.1,33.5,20.2,16.3,89.1,2.4,"INE, Atlas de distribución de renta de los hogares, tablas 30824, 30829, 37677 y 30832"
17023,2015,13650,26015,10230,9.8,23.4,33.7,2.9,41.8,28.6,17.8,18.2,85.5,2.5,"INE, Atlas de distribución de renta de los hogares, tablas 30824, 30829, 37677 y 30832"
17023,2016,14350,26823,10628,10.3,21.0,32.7,2.7,42.1,28.8,18.2,18.1,85.6,2.5,"INE, Atlas de distribución de renta de los hogares, tablas 30824, 30829, 37677 y 30832"
17023,2017,14350,27668,11067,9.4,20.6,31.5,2.5,42.4,29.3,18.6,18.0,85.4,2.5,"INE, Atlas de distribución de renta de los hogares, tablas 30824, 30829, 37677 y 30832"
17023,2018,15050,28875,11605,9.0,20.0,30.8,2.7,42.7,29.7,18.8,17.8,84.5,2.5,"INE, Atlas de distribución de renta de los hogares, tablas 30824, 30829, 37677 y 30832"
17023,2019,15750,30128,12060,8.5,19.9,30.4,2.6,42.9,29.4,19.0,17.4,83.4,2.5,"INE, Atlas de distribución de renta de los hogares, tablas 30824, 30829, 37677 y 30832"
17023,2020,15050,29329,11767,8.8,23.2,31.9,2.7,43.2,29.2,19.2,17.0,82.9,2.5,"INE, Atlas de distribución de renta de los hogares, tablas 30824, 30829, 37677 y 30832"
17023,2021,16450,30868,12476,8.1,21.6,30.4,2.6,43.4,29.8,19.6,16.6,82.5,2.5,"INE, Atlas de distribución de renta de los hogares, tablas 30824, 30829, 37677 y 30832"
17023,2022,17150,32435,13143,6.9,21.7,29.9,2.6,43.6,30.4,19.8,16.3,81.7,2.5,"INE, Atlas de distribución de renta de los hogares, tablas 30824, 30829, 37677 y 30832"
17023,2023,18550,34707,14075,6.4,21.4,29.2,2.6,43.8,30.6,20.1,16.0,81.1,2.5,"INE, Atlas de distribución de renta de los hogares, tablas 30824, 30829, 37677 y 30832"
17066,2015,12250,26108,9605,9.7,29.8,37.8,3.5,39.0,27.5,14.8,20.9,72.5,2.7,"INE, Atlas de distribución de renta de los hogares, tablas 30824, 30829, 37677 y 30832"
17066,2016,12250,26989,9820,10.3,28.2,37.4,3.2,39.2,26.5,15.0,21.1,73.6,2.7,"INE, Atlas de distribución de renta de los hogares, tablas 30824, 30829, 37677 y 30832"
17066,2017,12950,27583,10104,9.3,29.0,35.7,3.2,39.2,27.1,15.1,21.2,73.8,2.7,"INE, Atlas de distribución de renta de los hogares, tablas 30824, 30829, 37677 y 30832"
17066,2018,13650,29164,10721,8.5,27.8,34.5,3.0,39.5,27.2,15.3,21.0,73.5,2.7,"INE, Atlas de distribución de renta de los hogares, tablas 30824, 30829, 37677 y 30832"
17066,2019,14350,30181,11038,7.8,27.5,33.7,2.8,39.6,27.2,15.5,21.1,72.8,2.7,"INE, Atlas de distribución de renta de los hogares, tablas 30824, 30829, 37677 y 30832"
17066,2020,13650,29428,10873,7.8,28.5,34.1,3.1,39.9,27.6,15.9,21.0,72.3,2.7,"INE, Atlas de distribución de renta de los hogares, tablas 30824, 30829, 37677 y 30832"
17066,2021,14350,30354,11294,7.6,28.0,33.4,2.9,40.1,27.6,16.2,20.6,72.2,2.7,"INE, Atlas de distribución de renta de los hogares, tablas 30824, 30829, 37677 y 30832"
17066,2022,15750,32086,11857,6.1,28.0,32.1,2.8,40.1,27.2,16.3,20.6,71.9,2.7,"INE, Atlas de distribución de renta de los hogares, tablas 30824, 30829, 37677 y 30832"
17066,2023,16450,34155,12566,5.5,28.0,31.2,2.7,40.2,27.4,16.4,20.3,71.2,2.7,"INE, Atlas de distribución de renta de los hogares, tablas 30824, 30829, 37677 y 30832"
17079,2015,16450,33591,12675,20.8,19.7,36.2,3.4,39.4,27.9,14.9,20.4,81.7,2.6,"INE, Atlas de distribución de renta de los hogares, tablas 30824, 30829, 37677 y 30832"
17079,2016,17150,35054,13183,22.0,18.3,36.0,3.2,39.7,27.7,15.2,20.4,81.5,2.6,"INE, Atlas de distribución de renta de los hogares, tablas 30824, 30829, 37677 y 30832"
17079,2017,17850,35968,13527,20.4,18.2,34.9,3.1,39.8,27.9,15.5,20.3,81.1,2.6,"INE, Atlas de distribución de renta de los hogares, tablas 30824, 30829, 37677 y 30832"
17079,2018,17850,37139,13920,19.3,18.2,34.6,3.2,40.0,28.2,15.7,20.0,79.9,2.6,"INE, Atlas de distribución de renta de los hogares, tablas 30824, 30829, 37677 y 30832"
17079,2019,18550,39298,14719,18.7,18.1,34.4,3.0,40.2,28.3,16.0,19.7,78.8,2.6,"INE, Atlas de distribución de renta de los hogares, tablas 30824, 30829, 37677 y 30832"
17079,2020,19250,39210,14750,19.0,17.9,34.1,3.1,40.6,28.4,16.4,19.2,79.5,2.6,"INE, Atlas de distribución de renta de los hogares, tablas 30824, 30829, 37677 y 30832"
17079,2021,19950,40260,15301,18.6,16.7,33.4,2.9,40.8,28.8,16.7,19.0,79.3,2.6,"INE, Atlas de distribución de renta de los hogares, tablas 30824, 30829, 37677 y 30832"
17079,2022,20650,41955,15923,16.3,17.4,33.1,2.9,40.8,29.1,16.8,18.7,80.1,2.6,"INE, Atlas de distribución de renta de los hogares, tablas 30824, 30829, 37677 y 30832"
17079,2023,21350,44772,16857,14.7,18.1,32.9,2.8,41.0,29.1,17.1,18.2,80.0,2.6,"INE, Atlas de distribución de renta de los hogares, tablas 30824, 30829, 37677 y 30832"
17095,2015,12250,23624,8896,7.6,29.4,35.8,3.2,39.6,29.6,13.2,18.6,64.9,2.6,"INE, Atlas de distribución de renta de los hogares, tablas 30824, 30829, 37677 y 30832"
17095,2016,12250,24510,9153,8.5,28.3,35.7,3.0,39.8,27.6,13.5,19.0,65.7,2.6,"INE, Atlas de distribución de renta de los hogares, tablas 30824, 30829, 37677 y 30832"
17095,2017,12950,25229,9596,7.9,27.3,34.1,2.8,40.1,29.4,13.8,18.8,65.0,2.6,"INE, Atlas de distribución de renta de los hogares, tablas 30824, 30829, 37677 y 30832"
17095,2018,13650,26560,10109,7.4,27.2,33.7,2.9,40.3,29.4,14.3,18.7,63.5,2.6,"INE, Atlas de distribución de renta de los hogares, tablas 30824, 30829, 37677 y 30832"
17095,2019,14350,27484,10495,7.0,27.1,33.1,2.7,40.6,29.6,14.7,18.4,62.4,2.6,"INE, Atlas de distribución de renta de los hogares, tablas 30824, 30829, 37677 y 30832"
17095,2020,12950,25326,9758,6.4,34.2,35.6,3.2,41.0,30.1,15.4,18.2,64.1,2.5,"INE, Atlas de distribución de renta de los hogares, tablas 30824, 30829, 37677 y 30832"
17095,2021,14350,27437,10705,6.7,29.0,33.4,2.8,41.4,30.8,16.0,17.9,63.8,2.5,"INE, Atlas de distribución de renta de los hogares, tablas 30824, 30829, 37677 y 30832"
17095,2022,15050,29313,11436,6.0,29.1,33.0,2.8,41.5,30.8,16.2,18.0,62.8,2.5,"INE, Atlas de distribución de renta de los hogares, tablas 30824, 30829, 37677 y 30832"
17095,2023,16450,32636,12707,5.5,29.3,33.1,2.7,41.7,31.2,16.6,17.9,62.1,2.5,"INE, Atlas de distribución de renta de los hogares, tablas 30824, 30829, 37677 y 30832"
17114,2015,15750,30713,11777,12.9,17.0,30.9,2.7,42.5,27.2,19.4,17.8,82.3,2.6,"INE, Atlas de distribución de renta de los hogares, tablas 30824, 30829, 37677 y 30832"
17114,2016,15750,31858,12081,13.8,15.7,31.0,2.6,42.7,26.8,19.5,17.9,82.0,2.6,"INE, Atlas de distribución de renta de los hogares, tablas 30824, 30829, 37677 y 30832"
17114,2017,16450,32806,12540,12.8,13.8,29.2,2.4,42.7,27.5,19.6,17.8,81.6,2.6,"INE, Atlas de distribución de renta de los hogares, tablas 30824, 30829, 37677 y 30832"
17114,2018,17150,34225,12999,12.2,13.5,29.0,2.4,42.7,27.6,19.4,17.7,79.9,2.6,"INE, Atlas de distribución de renta de los hogares, tablas 30824, 30829, 37677 y 30832"
17114,2019,17850,35812,13519,11.1,14.3,28.7,2.4,42.7,27.5,19.4,17.5,78.2,2.6,"INE, Atlas de distribución de renta de los hogares, tablas 30824, 30829, 37677 y 30832"
17114,2020,17850,35663,13473,11.3,13.8,28.5,2.4,42.8,27.9,19.5,17.5,77.5,2.6,"INE, Atlas de distribución de renta de los hogares, tablas 30824, 30829, 37677 y 30832"
17114,2021,18550,36941,14056,10.9,13.1,28.0,2.4,43.0,27.8,19.8,17.3,76.8,2.6,"INE, Atlas de distribución de renta de los hogares, tablas 30824, 30829, 37677 y 30832"
17114,2022,19250,38349,14447,9.3,14.1,27.8,2.3,42.9,28.0,19.9,17.2,76.3,2.6,"INE, Atlas de distribución de renta de los hogares, tablas 30824, 30829, 37677 y 30832"
17114,2023,19950,40654,15213,8.0,15.7,27.5,2.3,42.9,27.8,20.1,17.1,74.9,2.6,"INE, Atlas de distribución de renta de los hogares, tablas 30824, 30829, 37677 y 30832"
17155,2015,10850,24858,8025,5.7,36.9,38.3,4.2,37.0,22.4,12.4,23.4,62.6,3.0,"INE, Atlas de distribución de renta de los hogares, tablas 30824, 30829, 37677 y 30832"
17155,2016,10850,26182,8193,6.2,36.0,37.9,4.2,37.1,20.8,12.5,23.5,62.9,3.1,"INE, Atlas de distribución de renta de los hogares, tablas 30824, 30829, 37677 y 30832"
17155,2017,11550,27372,8586,5.4,34.5,34.8,3.4,37.1,21.2,12.6,23.5,62.1,3.1,"INE, Atlas de distribución de renta de los hogares, tablas 30824, 30829, 37677 y 30832"
17155,2018,12250,28685,8921,4.8,33.1,33.4,3.1,37.1,21.3,12.6,23.8,61.0,3.1,"INE, Atlas de distribución de renta de los hogares, tablas 30824, 30829, 37677 y 30832"
17155,2019,12950,30231,9350,4.6,32.1,32.4,2.9,37.2,21.2,12.6,23.6,60.8,3.2,"INE, Atlas de distribución de renta de los hogares, tablas 30824, 30829, 37677 y 30832"
17155,2020,12950,30457,9468,4.9,32.4,32.6,3.2,37.4,21.2,12.8,23.5,61.5,3.2,"INE, Atlas de distribución de renta de los hogares, tablas 30824, 30829, 37677 y 30832"
17155,2021,13650,31535,9842,4.3,31.2,31.3,3.0,37.6,21.4,13.0,23.5,61.9,3.1,"INE, Atlas de distribución de renta de los hogares, tablas 30824, 30829, 37677 y 30832"
17155,2022,14350,33323,10242,3.5,32.7,31.1,2.8,37.5,20.8,13.0,23.6,62.7,3.2,"INE, Atlas de distribución de renta de los hogares, tablas 30824, 30829, 37677 y 30832"
17155,2023,15750,35569,10843,2.8,31.9,29.7,2.8,37.6,20.6,13.0,23.2,63.0,3.2,"INE, Atlas de distribución de renta de los hogares, tablas 30824, 30829, 37677 y 30832"
18017,2015,9450,19308,7243,4.9,40.6,37.3,3.5,43.2,31.6,20.9,17.0,80.2,2.5,"INE, Atlas de distribución de renta de los hogares, tablas 30824, 30829, 37677 y 30832"
18017,2016,9450,19820,7360,5.1,38.7,36.7,3.0,43.1,29.1,20.2,17.3,80.4,2.6,"INE, Atlas de distribución de renta de los hogares, tablas 30824, 30829, 37677 y 30832"
18017,2017,10150,20746,7950,4.7,37.8,35.0,2.9,43.4,32.4,20.6,17.1,82.6,2.5,"INE, Atlas de distribución de renta de los hogares, tablas 30824, 30829, 37677 y 30832"
18017,2018,10850,21538,8330,4.3,36.1,33.5,2.6,44.0,32.5,21.5,16.7,82.2,2.5,"INE, Atlas de distribución de renta de los hogares, tablas 30824, 30829, 37677 y 30832"
18017,2019,11550,22718,8935,4.2,34.4,32.4,2.5,44.0,32.3,21.4,16.8,83.9,2.5,"INE, Atlas de distribución de renta de los hogares, tablas 30824, 30829, 37677 y 30832"
18017,2020,11550,22776,9075,4.7,36.5,33.9,2.8,44.3,32.7,21.4,16.3,85.0,2.4,"INE, Atlas de distribución de renta de los hogares, tablas 30824, 30829, 37677 y 30832"
18017,2021,12250,24036,9611,4.7,34.4,32.8,2.7,44.7,33.1,22.2,16.1,83.0,2.4,"INE, Atlas de distribución de renta de los hogares, tablas 30824, 30829, 37677 y 30832"
18017,2022,13650,25347,10270,4.3,35.3,32.4,2.7,45.3,33.7,23.3,15.4,80.3,2.4,"INE, Atlas de distribución de renta de los hogares, tablas 30824, 30829, 37677 y 30832"
18017,2023,14350,27760,11350,4.1,34.6,31.9,2.5,45.6,34.6,23.7,15.3,80.7,2.4,"INE, Atlas de distribución de renta de los hogares, tablas 30824, 30829, 37677 y 30832"
18087,2015,14350,28305,11524,17.4,25.7,38.7,3.8,43.1,33.6,20.2,16.7,93.6,2.4,"INE, Atlas de distribución de renta de los hogares, tablas 30824, 30829, 37677 y 30832"
18087,2016,15050,28851,11835,18.4,24.8,38.6,3.9,43.5,33.3,20.7,16.7,93.8,2.4,"INE, Atlas de distribución de renta de los hogares, tablas 30824, 30829, 37677 y 30832"
18087,2017,15750,29373,12127,16.8,24.8,37.7,3.7,43.6,34.4,21.0,16.8,93.6,2.4,"INE, Atlas de distribución de renta de los hogares, tablas 30824, 30829, 37677 y 30832"
18087,2018,15750,30400,12663,16.2,24.4,37.3,3.8,43.8,34.8,21.3,16.7,93.1,2.4,"INE, Atlas de distribución de renta de los hogares, tablas 30824, 30829, 37677 y 30832"
18087,2019,16450,31519,13215,15.3,24.4,36.6,3.5,44.0,35.1,21.6,16.6,92.4,2.4,"INE, Atlas de distribución de renta de los hogares, tablas 30824, 30829, 37677 y 30832"
18087,2020,16450,31402,13251,15.8,25.1,36.8,3.6,44.2,35.4,21.9,16.3,92.0,2.3,"INE, Atlas de distribución de renta de los hogares, tablas 30824, 30829, 37677 y 30832"
18087,2021,17850,32784,14035,15.5,23.9,35.7,3.5,44.5,36.2,22.6,16.2,92.1,2.3,"INE, Atlas de distribución de renta de los hogares, tablas 30824, 30829, 37677 y 30832"
18087,2022,18550,34339,14891,14.2,24.6,35.4,3.4,44.6,36.9,22.9,15.9,91.1,2.3,"INE, Atlas de distribución de renta de los hogares, tablas 30824, 30829, 37677 y 30832"
18087,2023,19950,36821,16024,13.2,24.3,34.9,3.3,44.8,37.1,23.4,15.6,90.4,2.3,"INE, Atlas de distribución de renta de los hogares, tablas 30824, 30829, 37677 y 30832"
18140,2015,10850,22435,7940,5.2,34.8,35.1,3.3,39.1,23.5,14.3,20.6,90.4,2.8,"INE, Atlas de distribución de renta de los hogares, tablas 30824, 30829, 37677 y 30832"
18140,2016,10850,22967,8086,5.6,33.8,35.1,3.0,39.4,23.2,14.6,20.6,90.8,2.8,"INE, Atlas de distribución de renta de los hogares, tablas 30824, 30829, 37677 y 30832"
18140,2017,11550,23766,8485,5.1,32.9,33.7,2.8,39.8,24.1,15.0,20.4,90.7,2.8,"INE, Atlas de distribución de renta de los hogares, tablas 30824, 30829, 37677 y 30832"
18140,2018,12250,25193,9015,5.0,31.0,32.7,2.9,40.1,23.5,15.2,20.2,90.9,2.8,"INE, Atlas de distribución de renta de los hogares, tablas 30824, 30829, 37677 y 30832"
18140,2019,12950,26655,9531,4.6,30.2,31.6,2.7,40.4,23.6,15.5,20.1,90.4,2.8,"INE, Atlas de distribución de renta de los hogares, tablas 30824, 30829, 37677 y 30832"
18140,2020,12950,26539,9608,4.9,29.6,31.4,2.7,40.7,24.1,15.8,19.8,90.4,2.7,"INE, Atlas de distribución de renta de los hogares, tablas 30824, 30829, 37677 y 30832"
18140,2021,13650,27621,10099,4.9,29.5,31.2,2.7,41.1,24.6,16.3,19.4,90.4,2.7,"INE, Atlas de distribución de renta de los hogares, tablas 30824, 30829, 37677 y 30832"
18140,2022,14350,29045,10642,4.2,31.0,30.8,2.5,41.4,24.5,16.7,19.1,89.9,2.7,"INE, Atlas de distribución de renta de los hogares, tablas 30824, 30829, 37677 y 30832"
18140,2023,15050,31129,11460,3.8,30.8,30.4,2.5,41.7,24.5,17.2,18.7,89.4,2.7,"INE, Atlas de distribución de renta de los hogares, tablas 30824, 30829, 37677 y 30832"
19046,2015,14350,29535,10082,9.9,21.4,31.4,2.7,36.2,20.6,9.8,22.6,80.5,2.9,"INE, Atlas de distribución de renta de los hogares, tablas 30824, 30829, 37677 y 30832"
19046,2016,15050,30455,10407,10.1,18.8,30.4,2.6,36.5,20.6,10.0,22.8,81.3,2.9,"INE, Atlas de distribución de renta de los hogares, tablas 30824, 30829, 37677 y 30832"
19046,2017,15050,31449,10864,9.4,18.0,29.5,2.7,36.9,20.5,10.4,22.6,81.7,2.9,"INE, Atlas de distribución de renta de los hogares, tablas 30824, 30829, 37677 y 30832"
19046,2018,16450,32605,11255,8.5,17.2,28.5,2.5,37.4,21.0,10.8,22.2,81.5,2.9,"INE, Atlas de distribución de renta de los hogares, tablas 30824, 30829, 37677 y 30832"
19046,2019,16450,33858,11700,7.9,16.8,27.8,2.5,37.8,21.4,11.2,21.9,80.7,2.9,"INE, Atlas de distribución de renta de los hogares, tablas 30824, 30829, 37677 y 30832"
19046,2020,16450,33628,11715,8.1,17.4,28.3,2.5,38.3,21.4,11.6,21.6,81.2,2.8,"INE, Atlas de distribución de renta de los hogares, tablas 30824, 30829, 37677 y 30832"
19046,2021,17150,34672,12217,7.7,16.7,27.4,2.4,38.7,21.9,11.9,21.1,81.3,2.8,"INE, Atlas de distribución de renta de los hogares, tablas 30824, 30829, 37677 y 30832"
19046,2022,18550,36698,12935,6.5,17.2,26.8,2.3,39.1,22.3,12.2,20.7,81.5,2.8,"INE, Atlas de distribución de renta de los hogares, tablas 30824, 30829, 37677 y 30832"
19046,2023,19250,38994,13817,5.7,16.9,26.3,2.3,39.4,22.9,12.6,20.3,81.2,2.8,"INE, Atlas de distribución de renta de los hogares, tablas 30824, 30829, 37677 y 30832"
19130,2015,15750,31303,12025,16.5,18.0,33.4,2.9,40.9,28.3,16.2,18.9,88.3,2.6,"INE, Atlas de distribución de renta de los hogares, tablas 30824, 30829, 37677 y 30832"
19130,2016,16450,31669,12142,17.0,16.9,32.7,2.9,41.1,27.9,16.6,19.0,88.4,2.6,"INE, Atlas de distribución de renta de los hogares, tablas 30824, 30829, 37677 y 30832"
19130,2017,16450,32442,12466,15.7,16.8,32.1,2.8,41.3,28.2,16.8,18.9,88.0,2.6,"INE, Atlas de distribución de renta de los hogares, tablas 30824, 30829, 37677 y 30832"
19130,2018,17150,33639,12954,14.8,16.0,31.6,2.7,41.5,28.5,17.2,18.7,87.3,2.6,"INE, Atlas de distribución de renta de los hogares, tablas 30824, 30829, 37677 y 30832"
19130,2019,17850,34912,13380,14.3,16.7,31.2,2.7,41.7,28.3,17.4,18.7,86.3,2.6,"INE, Atlas de distribución de renta de los hogares, tablas 30824, 30829, 37677 y 30832"
19130,2020,17850,34881,13514,14.5,16.6,31.1,2.8,41.9,28.6,17.6,18.6,86.2,2.6,"INE, Atlas de distribución de renta de los hogares, tablas 30824, 30829, 37677 y 30832"
19130,2021,18550,36131,14045,13.9,16.1,30.5,2.7,42.2,28.9,18.0,18.3,85.8,2.6,"INE, Atlas de distribución de renta de los hogares, tablas 30824, 30829, 37677 y 30832"
19130,2022,19250,37859,14627,11.8,17.5,30.5,2.6,42.2,28.9,18.2,18.4,84.8,2.6,"INE, Atlas de distribución de renta de los hogares, tablas 30824, 30829, 37677 y 30832"
19130,2023,19950,39960,15330,10.6,18.1,30.1,2.6,42.3,29.1,18.5,18.0,83.4,2.6,"INE, Atlas de distribución de renta de los hogares, tablas 30824, 30829, 37677 y 30832"
20030,2015,,,,,,,,45.6,31.0,24.3,16.1,92.8,2.3,"INE, Atlas de distribución de renta de los hogares, tablas 30824, 30829, 37677 y 30832"
20030,2016,19250,34811,15101,24.8,13.4,32.0,2.7,45.6,31.6,24.4,16.5,92.6,2.3,"INE, Atlas de distribución de renta de los hogares, tablas 30824, 30829, 37677 y 30832"
20030,2017,19950,35809,15550,22.0,12.8,30.3,2.6,45.6,31.9,24.4,16.5,92.0,2.3,"INE, Atlas de distribución de renta de los hogares, tablas 30824, 30829, 37677 y 30832"
20030,2018,20650,36403,15839,20.9,13.2,30.4,2.6,45.7,32.5,24.5,16.5,91.2,2.3,"INE, Atlas de distribución de renta de los hogares, tablas 30824, 30829, 37677 y 30832"
20030,2019,20650,37144,16098,18.5,14.1,30.4,2.7,45.7,32.4,24.5,16.6,90.1,2.3,"INE, Atlas de distribución de renta de los hogares, tablas 30824, 30829, 37677 y 30832"
20030,2020,20650,36896,16077,18.7,13.6,30.1,2.7,45.8,32.9,24.7,16.8,90.0,2.3,"INE, Atlas de distribución de renta de los hogares, tablas 30824, 30829, 37677 y 30832"
20030,2021,21350,37013,16202,17.5,14.3,30.1,2.6,46.0,33.3,25.1,16.7,90.3,2.3,"INE, Atlas de distribución de renta de los hogares, tablas 30824, 30829, 37677 y 30832"
20030,2022,23450,39666,17392,17.0,15.0,30.3,2.6,46.0,33.8,25.4,16.6,89.5,2.3,"INE, Atlas de distribución de renta de los hogares, tablas 30824, 30829, 37677 y 30832"
20030,2023,24850,43246,18988,15.7,12.6,28.1,2.5,46.1,34.0,25.5,16.4,89.0,2.3,"INE, Atlas de distribución de renta de los hogares, tablas 30824, 30829, 37677 y 30832"
20045,2015,,,,,,,,43.4,25.9,20.4,17.4,91.4,2.5,"INE, Atlas de distribución de renta de los hogares, tablas 30824, 30829, 37677 y 30832"
20045,2016,17150,31283,12485,16.8,17.3,32.5,2.9,43.7,26.2,20.8,17.2,90.9,2.5,"INE, Atlas de distribución de renta de los hogares, tablas 30824, 30829, 37677 y 30832"
20045,2017,17150,31875,12779,14.7,16.2,30.7,2.8,44.0,26.9,21.1,17.0,90.4,2.5,"INE, Atlas de distribución de renta de los hogares, tablas 30824, 30829, 37677 y 30832"
20045,2018,18550,33231,13366,13.8,15.5,30.3,2.7,44.3,26.9,21.5,16.9,89.7,2.5,"INE, Atlas de distribución de renta de los hogares, tablas 30824, 30829, 37677 y 30832"
20045,2019,18550,34489,13853,13.0,15.9,30.2,2.6,44.5,27.1,21.8,16.6,88.8,2.5,"INE, Atlas de distribución de renta de los hogares, tablas 30824, 30829, 37677 y 30832"
20045,2020,18550,34461,13896,13.6,16.1,30.6,2.6,44.8,27.3,22.0,16.4,88.8,2.5,"INE, Atlas de distribución de renta de los hogares, tablas 30824, 30829, 37677 y 30832"
20045,2021,19250,35477,14429,12.5,16.3,30.4,2.7,45.1,27.8,22.5,16.0,88.8,2.5,"INE, Atlas de distribución de renta de los hogares, tablas 30824, 30829, 37677 y 30832"
20045,2022,20650,38450,15676,12.0,16.7,30.3,2.5,45.2,28.4,22.8,15.9,88.7,2.5,"INE, Atlas de distribución de renta de los hogares, tablas 30824, 30829, 37677 y 30832"
20045,2023,22750,41388,16817,11.2,14.8,28.2,2.4,45.4,28.8,23.2,15.5,87.9,2.5,"INE, Atlas de distribución de renta de los hogares, tablas 30824, 30829, 37677 y 30832"
20067,2015,,,,,,,,44.2,27.4,22.7,17.2,94.1,2.4,"INE, Atlas de distribución de renta de los hogares, tablas 30824, 30829, 37677 y 30832"
20067,2016,17150,30031,12550,14.4,12.2,27.9,2.3,44.5,27.8,23.0,17.2,93.8,2.4,"INE, Atlas de distribución de renta de los hogares, tablas 30824, 30829, 37677 y 30832"
20067,2017,17850,30575,12832,12.0,11.9,26.6,2.4,44.8,28.4,23.3,17.0,93.4,2.4,"INE, Atlas de distribución de renta de los hogares, tablas 30824, 30829, 37677 y 30832"
20067,2018,18550,31867,13369,11.2,11.6,26.3,2.3,45.0,28.5,23.5,17.0,92.7,2.4,"INE, Atlas de distribución de renta de los hogares, tablas 30824, 30829, 37677 y 30832"
20067,2019,19250,32710,13819,10.6,11.8,26.2,2.2,45.2,29.2,23.6,16.6,92.2,2.4,"INE, Atlas de distribución de renta de los hogares, tablas 30824, 30829, 37677 y 30832"
20067,2020,19250,32759,13960,11.2,12.4,26.4,2.2,45.6,29.6,23.9,16.1,92.2,2.4,"INE, Atlas de distribución de renta de los hogares, tablas 30824, 30829, 37677 y 30832"
20067,2021,19950,33270,14321,10.0,13.2,26.3,2.3,45.9,30.5,24.2,15.9,91.9,2.3,"INE, Atlas de distribución de renta de los hogares, tablas 30824, 30829, 37677 y 30832"
20067,2022,21350,35711,15341,9.3,13.4,26.2,2.3,46.1,30.9,24.0,15.6,91.5,2.3,"INE, Atlas de distribución de renta de los hogares, tablas 30824, 30829, 37677 y 30832"
20067,2023,22750,38800,16664,8.1,12.5,24.7,2.2,46.3,31.3,24.2,15.0,90.8,2.3,"INE, Atlas de distribución de renta de los hogares, tablas 30824, 30829, 37677 y 30832"
20069,2015,,,,,,,,45.2,30.3,22.7,15.4,93.4,2.4,"INE, Atlas de distribución de renta de los hogares, tablas 30824, 30829, 37677 y 30832"
20069,2016,21350,41167,17203,32.7,11.1,34.0,2.9,45.4,30.4,23.0,15.5,93.3,2.4,"INE, Atlas de distribución de renta de los hogares, tablas 30824, 30829, 37677 y 30832"
20069,2017,22050,42003,17586,30.6,10.5,32.6,2.8,45.6,30.6,23.5,15.3,92.9,2.4,"INE, Atlas de distribución de renta de los hogares, tablas 30824, 30829, 37677 y 30832"
20069,2018,22750,43031,18098,29.0,10.3,32.2,2.7,45.8,30.9,23.8,15.2,92.3,2.4,"INE, Atlas de distribución de renta de los hogares, tablas 30824, 30829, 37677 y 30832"
20069,2019,23450,44674,18874,28.0,10.4,32.2,2.6,46.0,31.2,24.1,15.0,91.7,2.4,"INE, Atlas de distribución de renta de los hogares, tablas 30824, 30829, 37677 y 30832"
20069,2020,23450,43696,18569,27.7,11.1,32.3,2.6,46.2,31.6,24.5,14.8,91.5,2.4,"INE, Atlas de distribución de renta de los hogares, tablas 30824, 30829, 37677 y 30832"
20069,2021,24150,44710,19150,26.7,11.2,32.2,2.7,46.4,32.2,25.0,14.6,91.3,2.3,"INE, Atlas de distribución de renta de los hogares, tablas 30824, 30829, 37677 y 30832"
20069,2022,25550,48821,20954,26.1,11.6,32.4,2.6,46.5,32.5,25.3,14.4,91.2,2.3,"INE, Atlas de distribución de renta de los hogares, tablas 30824, 30829, 37677 y 30832"
20069,2023,27650,52067,22330,24.6,9.5,30.1,2.5,46.7,33.0,25.8,14.2,90.7,2.3,"INE, Atlas de distribución de renta de los hogares, tablas 30824, 30829, 37677 y 30832"
21041,2015,12250,25672,9652,10.1,28.1,36.0,3.2,41.0,25.3,17.0,19.1,95.9,2.6,"INE, Atlas de distribución de renta de los hogares, tablas 30824, 30829, 37677 y 30832"
21041,2016,12950,26098,9830,10.8,27.2,35.6,3.2,41.3,25.2,17.4,19.0,96.0,2.6,"INE, Atlas de distribución de renta de los hogares, tablas 30824, 30829, 37677 y 30832"
21041,2017,12950,26857,10165,9.7,26.5,34.3,3.0,41.6,25.5,17.8,18.9,96.2,2.6,"INE, Atlas de distribución de renta de los hogares, tablas 30824, 30829, 37677 y 30832"
21041,2018,14350,27955,10657,9.0,25.6,33.5,2.8,42.0,26.0,18.1,18.7,95.9,2.6,"INE, Atlas de distribución de renta de los hogares, tablas 30824, 30829, 37677 y 30832"
21041,2019,14350,29104,11181,8.5,24.9,32.4,3.0,42.3,26.4,18.5,18.5,95.4,2.6,"INE, Atlas de distribución de renta de los hogares, tablas 30824, 30829, 37677 y 30832"
21041,2020,15050,29158,11310,8.9,25.1,32.6,3.0,42.7,27.0,19.0,18.2,95.2,2.6,"INE, Atlas de distribución de renta de los hogares, tablas 30824, 30829, 37677 y 30832"
21041,2021,15750,30236,11791,8.4,24.3,31.8,2.8,43.0,27.7,19.3,17.9,95.1,2.5,"INE, Atlas de distribución de renta de los hogares, tablas 30824, 30829, 37677 y 30832"
21041,2022,16450,31593,12416,7.4,25.8,31.7,2.8,43.2,28.1,19.7,17.6,94.2,2.5,"INE, Atlas de distribución de renta de los hogares, tablas 30824, 30829, 37677 y 30832"
21041,2023,17150,33530,13215,6.6,26.0,31.0,2.7,43.5,28.4,20.1,17.2,93.5,2.5,"INE, Atlas de distribución de renta de los hogares, tablas 30824, 30829, 37677 y 30832"
21044,2015,9450,20423,6991,3.3,39.9,33.4,2.9,36.9,23.6,11.1,21.6,82.3,2.8,"INE, Atlas de distribución de renta de los hogares, tablas 30824, 30829, 37677 y 30832"
21044,2016,10150,21137,7257,3.6,36.3,32.5,2.6,37.3,23.0,11.3,21.6,84.1,2.8,"INE, Atlas de distribución de renta de los hogares, tablas 30824, 30829, 37677 y 30832"
21044,2017,10850,22180,7678,3.3,34.5,30.6,2.4,37.6,23.6,11.4,21.5,83.9,2.8,"INE, Atlas de distribución de renta de los hogares, tablas 30824, 30829, 37677 y 30832"
21044,2018,11550,23101,8099,3.1,33.9,30.3,2.6,37.9,24.1,11.6,21.4,83.1,2.8,"INE, Atlas de distribución de renta de los hogares, tablas 30824, 30829, 37677 y 30832"
21044,2019,12250,24625,8674,3.1,31.2,28.7,2.4,38.2,24.6,11.8,21.0,82.3,2.8,"INE, Atlas de distribución de renta de los hogares, tablas 30824, 30829, 37677 y 30832"
21044,2020,12250,24976,8847,3.3,30.4,28.9,2.3,38.5,24.8,12.0,20.5,81.9,2.8,"INE, Atlas de distribución de renta de los hogares, tablas 30824, 30829, 37677 y 30832"
21044,2021,12950,26295,9321,3.3,29.6,28.4,2.4,38.8,24.8,12.2,20.1,81.3,2.8,"INE, Atlas de distribución de renta de los hogares, tablas 30824, 30829, 37677 y 30832"
21044,2022,13650,27532,9798,2.6,31.2,28.0,2.3,39.1,24.8,12.6,19.8,82.2,2.8,"INE, Atlas de distribución de renta de los hogares, tablas 30824, 30829, 37677 y 30832"
21044,2023,14350,29677,10617,2.5,31.4,27.5,2.3,39.4,25.5,12.8,19.5,81.7,2.7,"INE, Atlas de distribución de renta de los hogares, tablas 30824, 30829, 37677 y 30832"
22125,2015,15750,30013,12059,15.4,17.7,32.6,2.8,42.3,29.5,18.8,18.6,90.9,2.5,"INE, Atlas de distribución de renta de los hogares, tablas 30824, 30829, 37677 y 30832"
22125,2016,16450,30522,12224,16.0,16.7,32.0,2.9,42.6,29.3,19.2,18.5,91.4,2.5,"INE, Atlas de distribución de renta de los hogares, tablas 30824, 30829, 37677 y 30832"
22125,2017,17150,31278,12665,15.0,16.2,31.2,2.7,42.8,30.0,19.5,18.6,91.2,2.4,"INE, Atlas de distribución de renta de los hogares, tablas 30824, 30829, 37677 y 30832"
22125,2018,17150,32438,13149,13.8,15.2,30.3,2.7,42.9,30.3,19.7,18.5,90.3,2.5,"INE, Atlas de distribución de renta de los hogares, tablas 30824, 30829, 37677 y 30832"
22125,2019,17850,33443,13549,12.8,15.8,30.1,2.6,43.0,30.3,20.0,18.4,89.1,2.5,"INE, Atlas de distribución de renta de los hogares, tablas 30824, 30829, 37677 y 30832"
22125,2020,17850,33327,13630,13.3,16.5,30.6,2.7,43.3,30.8,20.3,18.2,88.8,2.4,"INE, Atlas de distribución de renta de los hogares, tablas 30824, 30829, 37677 y 30832"
22125,2021,18550,34208,14077,12.2,15.6,29.7,2.6,43.5,31.3,20.9,18.1,88.9,2.4,"INE, Atlas de distribución de renta de los hogares, tablas 30824, 30829, 37677 y 30832"
22125,2022,19250,35471,14645,10.4,17.1,29.5,2.6,43.6,31.8,21.2,18.0,88.0,2.4,"INE, Atlas de distribución de renta de los hogares, tablas 30824, 30829, 37677 y 30832"
22125,2023,19950,37516,15494,9.5,18.3,29.6,2.5,43.8,32.0,21.7,17.8,87.5,2.4,"INE, Atlas de distribución de renta de los hogares, tablas 30824, 30829, 37677 y 30832"
23005,2015,10150,20551,7783,4.2,35.4,33.3,2.8,41.2,24.9,17.4,18.5,98.2,2.6,"INE, Atlas de distribución de renta de los hogares, tablas 30824, 30829, 37677 y 30832"
23005,2016,10850,21462,8156,4.9,32.4,33.0,2.9,41.6,25.0,17.7,18.3,98.3,2.6,"INE, Atlas de distribución de renta de los hogares, tablas 30824, 30829, 37677 y 30832"
23005,2017,10850,21561,8312,4.3,32.1,31.7,2.6,42.0,26.0,18.1,18.1,98.4,2.6,"INE, Atlas de distribución de renta de los hogares, tablas 30824, 30829, 37677 y 30832"
23005,2018,11550,22905,8909,4.1,30.6,30.9,2.5,42.4,26.3,18.5,17.9,98.5,2.6,"INE, Atlas de distribución de renta de los hogares, tablas 30824, 30829, 37677 y 30832"
23005,2019,12250,23776,9329,3.6,31.0,29.9,2.4,42.7,26.7,18.8,17.9,98.4,2.5,"INE, Atlas de distribución de renta de los hogares, tablas 30824, 30829, 37677 y 30832"
23005,2020,12250,23865,9489,4.0,30.8,30.5,2.4,43.1,27.2,19.2,17.4,98.5,2.5,"INE, Atlas de distribución de renta de los hogares, tablas 30824, 30829, 37677 y 30832"
23005,2021,13650,25282,10138,3.8,29.7,29.3,2.6,43.4,27.6,19.7,17.1,98.5,2.5,"INE, Atlas de distribución de renta de los hogares, tablas 30824, 30829, 37677 y 30832"
23005,2022,13650,26140,10654,3.4,31.4,29.1,2.4,43.8,28.5,20.2,16.9,98.3,2.4,"INE, Atlas de distribución de renta de los hogares, tablas 30824, 30829, 37677 y 30832"
23005,2023,15050,27777,11435,3.2,30.9,28.4,2.4,44.1,28.9,20.7,16.6,98.1,2.4,"INE, Atlas de distribución de renta de los hogares, tablas 30824, 30829, 37677 y 30832"
23050,2015,14350,28837,10686,12.9,21.6,33.7,2.9,40.9,26.0,16.7,18.9,97.7,2.7,"INE, Atlas de distribución de renta de los hogares, tablas 30824, 30829, 37677 y 30832"
23050,2016,14350,29411,11029,14.1,20.4,33.7,3.0,41.3,25.7,17.0,18.8,97.8,2.7,"INE, Atlas de distribución de renta de los hogares, tablas 30824, 30829, 37677 y 30832"
23050,2017,15050,30452,11366,12.6,20.5,32.8,2.8,41.6,25.6,17.4,18.5,97.8,2.7,"INE, Atlas de distribución de renta de los hogares, tablas 30824, 30829, 37677 y 30832"
23050,2018,15750,31384,11826,12.0,20.0,32.4,2.9,42.0,25.8,17.8,18.3,97.7,2.6,"INE, Atlas de distribución de renta de los hogares, tablas 30824, 30829, 37677 y 30832"
23050,2019,16450,32050,12181,11.2,19.8,31.5,2.8,42.4,26.3,18.2,18.1,97.6,2.6,"INE, Atlas de distribución de renta de los hogares, tablas 30824, 30829, 37677 y 30832"
23050,2020,16450,32544,12495,11.9,20.3,32.0,2.8,42.7,26.8,18.5,17.8,97.4,2.6,"INE, Atlas de distribución de renta de los hogares, tablas 30824, 30829, 37677 y 30832"
23050,2021,17150,34025,13148,11.6,19.1,31.0,2.7,43.0,27.2,19.0,17.5,97.1,2.6,"INE, Atlas de distribución de renta de los hogares, tablas 30824, 30829, 37677 y 30832"
23050,2022,17850,35128,13791,10.2,20.4,31.0,2.6,43.3,28.0,19.4,17.1,96.7,2.5,"INE, Atlas de distribución de renta de los hogares, tablas 30824, 30829, 37677 y 30832"
23050,2023,19250,36801,14569,9.2,21.0,30.6,2.6,43.5,28.7,19.9,16.8,96.1,2.5,"INE, Atlas de distribución de renta de los hogares, tablas 30824, 30829, 37677 y 30832"
23055,2015,12250,24367,8793,6.3,28.5,33.9,2.9,41.7,23.3,17.4,18.0,97.6,2.7,"INE, Atlas de distribución de renta de los hogares, tablas 30824, 30829, 37677 y 30832"
23055,2016,12250,25005,9112,7.4,27.1,33.6,3.0,42.1,23.7,17.8,17.9,97.7,2.7,"INE, Atlas de distribución de renta de los hogares, tablas 30824, 30829, 37677 y 30832"
23055,2017,12950,25616,9423,6.5,27.3,32.9,2.7,42.5,24.1,18.4,17.7,97.7,2.7,"INE, Atlas de distribución de renta de los hogares, tablas 30824, 30829, 37677 y 30832"
23055,2018,12950,26382,9814,6.0,27.1,32.6,2.8,42.9,24.7,18.9,17.5,97.5,2.7,"INE, Atlas de distribución de renta de los hogares, tablas 30824, 30829, 37677 y 30832"
23055,2019,13650,27579,10335,5.8,26.4,31.6,2.7,43.2,25.0,19.5,17.4,97.3,2.6,"INE, Atlas de distribución de renta de los hogares, tablas 30824, 30829, 37677 y 30832"
23055,2020,13650,27675,10485,6.3,26.6,31.8,2.7,43.6,25.6,20.0,17.0,97.3,2.6,"INE, Atlas de distribución de renta de los hogares, tablas 30824, 30829, 37677 y 30832"
23055,2021,15050,28928,11083,6.3,25.4,31.1,2.7,44.0,26.2,20.8,16.8,97.4,2.6,"INE, Atlas de distribución de renta de los hogares, tablas 30824, 30829, 37677 y 30832"
23055,2022,15750,29955,11641,5.3,27.0,30.6,2.6,44.4,26.9,21.6,16.4,97.4,2.5,"INE, Atlas de distribución de renta de los hogares, tablas 30824, 30829, 37677 y 30832"
23055,2023,16450,31679,12388,4.7,27.7,30.2,2.7,44.6,27.4,22.2,16.2,96.6,2.5,"INE, Atlas de distribución de renta de los hogares, tablas 30824, 30829, 37677 y 30832"
23092,2015,11550,23577,9015,8.0,28.7,34.6,2.9,41.2,28.2,17.0,18.5,97.5,2.6,"INE, Atlas de distribución de renta de los hogares, tablas 30824, 30829, 37677 y 30832"
23092,2016,12250,24875,9505,9.1,26.4,34.4,2.8,41.5,26.6,17.1,18.5,97.6,2.6,"INE, Atlas de distribución de renta de los hogares, tablas 30824, 30829, 37677 y 30832"
23092,2017,12250,26067,9717,8.2,27.0,33.2,2.8,41.9,25.2,17.4,18.1,97.5,2.7,"INE, Atlas de distribución de renta de los hogares, tablas 30824, 30829, 37677 y 30832"
23092,2018,12950,27140,10220,7.8,25.4,32.4,2.7,42.2,25.3,17.9,17.9,97.5,2.6,"INE, Atlas de distribución de renta de los hogares, tablas 30824, 30829, 37677 y 30832"
23092,2019,13650,28226,10688,7.1,26.0,31.9,2.7,42.6,25.4,18.4,17.6,97.4,2.6,"INE, Atlas de distribución de renta de los hogares, tablas 30824, 30829, 37677 y 30832"
23092,2020,13650,28148,10784,8.0,26.4,32.4,2.8,43.0,25.9,18.8,17.3,97.3,2.6,"INE, Atlas de distribución de renta de los hogares, tablas 30824, 30829, 37677 y 30832"
23092,2021,15050,29880,11578,8.0,24.5,31.1,2.6,43.4,26.7,19.3,17.1,97.1,2.6,"INE, Atlas de distribución de renta de los hogares, tablas 30824, 30829, 37677 y 30832"
23092,2022,15750,30707,12108,6.9,27.1,31.4,2.6,43.7,27.4,19.9,16.7,96.8,2.5,"INE, Atlas de distribución de renta de los hogares, tablas 30824, 30829, 37677 y 30832"
23092,2023,16450,32324,12868,6.3,27.0,30.9,2.6,44.0,28.0,20.4,16.4,96.5,2.5,"INE, Atlas de distribución de renta de los hogares, tablas 30824, 30829, 37677 y 30832"
24089,2015,16450,29359,12797,18.1,17.4,33.3,3.0,47.0,34.0,25.6,14.2,94.7,2.3,"INE, Atlas de distribución de renta de los hogares, tablas 30824, 30829, 37677 y 30832"
24089,2016,16450,29866,12993,18.5,17.3,33.6,3.0,47.2,33.9,26.0,14.3,94.8,2.3,"INE, Atlas de distribución de renta de los hogares, tablas 30824, 30829, 37677 y 30832"
24089,2017,17150,30238,13354,16.8,16.9,32.5,2.9,47.4,34.8,26.4,14.4,94.6,2.2,"INE, Atlas de distribución de renta de los hogares, tablas 30824, 30829, 37677 y 30832"
24089,2018,17150,31062,13804,15.7,16.6,32.1,2.7,47.6,35.4,26.7,14.3,94.2,2.2,"INE, Atlas de distribución de renta de los hogares, tablas 30824, 30829, 37677 y 30832"
24089,2019,18550,32003,14286,14.6,17.0,31.6,2.8,47.8,35.9,27.1,14.3,93.8,2.2,"INE, Atlas de distribución de renta de los hogares, tablas 30824, 30829, 37677 y 30832"
24089,2020,18550,32074,14434,15.2,16.9,31.7,2.9,48.0,36.4,27.4,14.1,93.8,2.2,"INE, Atlas de distribución de renta de los hogares, tablas 30824, 30829, 37677 y 30832"
24089,2021,19250,32677,14842,14.1,16.6,30.9,2.7,48.3,37.0,28.0,14.0,93.7,2.2,"INE, Atlas de distribución de renta de los hogares, tablas 30824, 30829, 37677 y 30832"
24089,2022,19950,34279,15737,12.6,17.9,31.1,2.7,48.4,37.8,28.2,13.7,93.0,2.2,"INE, Atlas de distribución de renta de los hogares, tablas 30824, 30829, 37677 y 30832"
24089,2023,20650,36332,16689,11.6,18.4,30.8,2.7,48.5,38.1,28.6,13.7,92.3,2.2,"INE, Atlas de distribución de renta de los hogares, tablas 30824, 30829, 37677 y 30832"
24115,2015,13650,26013,10696,10.8,22.0,33.3,2.7,45.2,29.3,22.0,15.0,96.0,2.4,"INE, Atlas de distribución de renta de los hogares, tablas 30824, 30829, 37677 y 30832"
24115,2016,14350,26198,10867,11.3,21.0,33.2,2.7,45.7,29.4,22.5,14.8,96.3,2.4,"INE, Atlas de distribución de renta de los hogares, tablas 30824, 30829, 37677 y 30832"
24115,2017,14350,26800,11261,10.1,21.0,32.2,2.6,46.1,30.2,23.1,14.7,96.3,2.4,"INE, Atlas de distribución de renta de los hogares, tablas 30824, 30829, 37677 y 30832"
24115,2018,15050,27768,11797,9.5,20.3,31.6,2.7,46.4,30.8,23.6,14.7,96.2,2.3,"INE, Atlas de distribución de renta de los hogares, tablas 30824, 30829, 37677 y 30832"
24115,2019,15750,28775,12299,9.1,20.0,30.8,2.6,46.8,31.3,24.0,14.6,95.9,2.3,"INE, Atlas de distribución de renta de los hogares, tablas 30824, 30829, 37677 y 30832"
24115,2020,15750,28850,12473,9.4,20.0,31.1,2.6,47.1,32.0,24.5,14.3,95.9,2.3,"INE, Atlas de distribución de renta de los hogares, tablas 30824, 30829, 37677 y 30832"
24115,2021,16450,29487,12909,8.4,19.1,29.9,2.5,47.5,32.8,25.3,14.0,95.8,2.3,"INE, Atlas de distribución de renta de los hogares, tablas 30824, 30829, 37677 y 30832"
24115,2022,17850,30787,13606,7.7,20.5,30.0,2.4,47.7,33.3,25.7,13.9,95.4,2.3,"INE, Atlas de distribución de renta de los hogares, tablas 30824, 30829, 37677 y 30832"
24115,2023,18550,32490,14473,6.7,20.9,29.3,2.4,48.0,33.9,26.5,13.6,94.9,2.2,"INE, Atlas de distribución de renta de los hogares, tablas 30824, 30829, 37677 y 30832"
24142,2015,14350,25743,10341,8.3,19.4,29.9,2.7,42.3,27.8,16.8,17.4,96.6,2.5,"INE, Atlas de distribución de renta de los hogares, tablas 30824, 30829, 37677 y 30832"
24142,2016,14350,26361,10630,9.4,18.7,30.1,2.5,42.8,27.9,17.4,17.2,96.8,2.4,"INE, Atlas de distribución de renta de los hogares, tablas 30824, 30829, 37677 y 30832"
24142,2017,15050,26827,10997,8.1,18.1,29.0,2.5,43.3,28.9,17.8,16.8,96.6,2.4,"INE, Atlas de distribución de renta de los hogares, tablas 30824, 30829, 37677 y 30832"
24142,2018,15750,27626,11458,7.6,17.7,28.7,2.4,43.8,29.7,18.4,16.7,96.4,2.4,"INE, Atlas de distribución de renta de los hogares, tablas 30824, 30829, 37677 y 30832"
24142,2019,16450,28693,11921,7.1,17.4,27.8,2.4,44.2,29.8,18.8,16.3,95.8,2.4,"INE, Atlas de distribución de renta de los hogares, tablas 30824, 30829, 37677 y 30832"
24142,2020,16450,28762,12076,7.6,17.8,28.1,2.4,44.5,30.5,19.3,16.1,95.5,2.4,"INE, Atlas de distribución de renta de los hogares, tablas 30824, 30829, 37677 y 30832"
24142,2021,17150,29640,12561,6.9,17.1,27.3,2.3,45.0,30.9,20.1,15.6,95.3,2.4,"INE, Atlas de distribución de renta de los hogares, tablas 30824, 30829, 37677 y 30832"
24142,2022,17850,30935,13211,5.9,18.6,27.5,2.4,45.4,31.3,20.5,15.3,94.6,2.3,"INE, Atlas de distribución de renta de los hogares, tablas 30824, 30829, 37677 y 30832"
24142,2023,18550,32826,14131,5.3,18.9,27.0,2.3,45.7,31.9,21.2,15.0,94.2,2.3,"INE, Atlas de distribución de renta de los hogares, tablas 30824, 30829, 37677 y 30832"
25120,2015,14350,29454,11289,15.4,24.2,36.8,3.4,41.3,29.1,17.1,18.4,81.1,2.6,"INE, Atlas de distribución de renta de los hogares, tablas 30824, 30829, 37677 y 30832"
25120,2016,15050,30348,11641,16.3,22.3,36.1,3.5,41.6,28.7,17.5,18.5,81.9,2.6,"INE, Atlas de distribución de renta de los hogares, tablas 30824, 30829, 37677 y 30832"
25120,2017,15050,31206,12059,15.0,21.4,34.7,3.2,41.8,29.4,17.7,18.5,81.9,2.5,"INE, Atlas de distribución de renta de los hogares, tablas 30824, 30829, 37677 y 30832"
25120,2018,15750,32575,12608,14.2,21.5,34.2,3.0,42.0,29.4,17.9,18.5,81.3,2.6,"INE, Atlas de distribución de renta de los hogares, tablas 30824, 30829, 37677 y 30832"
25120,2019,16450,33784,13049,13.9,21.1,33.6,2.9,42.2,29.2,18.2,18.3,80.5,2.6,"INE, Atlas de distribución de renta de los hogares, tablas 30824, 30829, 37677 y 30832"
25120,2020,17150,34151,13303,14.3,20.5,33.4,2.9,42.4,29.5,18.5,18.3,79.9,2.5,"INE, Atlas de distribución de renta de los hogares, tablas 30824, 30829, 37677 y 30832"
25120,2021,17850,35342,13795,13.7,20.0,32.7,2.9,42.6,29.6,18.8,18.1,79.3,2.5,"INE, Atlas de distribución de renta de los hogares, tablas 30824, 30829, 37677 y 30832"
25120,2022,18550,36521,14191,11.7,21.9,32.7,2.9,42.6,29.8,18.8,17.9,79.6,2.5,"INE, Atlas de distribución de renta de los hogares, tablas 30824, 30829, 37677 y 30832"
25120,2023,19250,38853,15062,10.5,22.4,32.3,2.9,42.8,29.9,19.0,17.5,79.0,2.5,"INE, Atlas de distribución de renta de los hogares, tablas 30824, 30829, 37677 y 30832"
26089,2015,15750,29748,12082,15.8,18.1,33.4,2.8,42.6,30.1,18.9,18.1,89.0,2.4,"INE, Atlas de distribución de renta de los hogares, tablas 30824, 30829, 37677 y 30832"
26089,2016,16450,30773,12542,17.4,16.8,33.1,3.0,42.9,30.1,19.4,18.0,89.3,2.4,"INE, Atlas de distribución de renta de los hogares, tablas 30824, 30829, 37677 y 30832"
26089,2017,17150,31406,12854,15.5,16.5,32.2,2.8,43.2,30.4,19.8,17.9,89.4,2.4,"INE, Atlas de distribución de renta de los hogares, tablas 30824, 30829, 37677 y 30832"
26089,2018,17850,32602,13445,14.7,15.5,31.6,2.7,43.5,30.7,20.1,17.7,89.2,2.4,"INE, Atlas de distribución de renta de los hogares, tablas 30824, 30829, 37677 y 30832"
26089,2019,18550,33844,13911,14.0,15.7,31.0,2.6,43.7,30.6,20.5,17.6,88.6,2.4,"INE, Atlas de distribución de renta de los hogares, tablas 30824, 30829, 37677 y 30832"
26089,2020,17850,33246,13791,13.8,16.1,30.6,2.6,44.1,31.2,21.0,17.3,88.5,2.4,"INE, Atlas de distribución de renta de los hogares, tablas 30824, 30829, 37677 y 30832"
26089,2021,18550,34179,14277,13.1,15.4,29.7,2.5,44.4,31.7,21.5,17.1,88.5,2.4,"INE, Atlas de distribución de renta de los hogares, tablas 30824, 30829, 37677 y 30832"
26089,2022,19950,35779,15056,11.7,16.2,29.6,2.5,44.6,32.2,21.9,16.9,88.2,2.4,"INE, Atlas de distribución de renta de los hogares, tablas 30824, 30829, 37677 y 30832"
26089,2023,20650,38187,16125,10.8,16.6,29.4,2.5,44.9,32.6,22.4,16.6,87.7,2.4,"INE, Atlas de distribución de renta de los hogares, tablas 30824, 30829, 37677 y 30832"
27028,2015,14350,27226,11342,13.6,19.8,33.7,3.0,44.1,30.9,20.5,15.6,95.3,2.4,"INE, Atlas de distribución de renta de los hogares, tablas 30824, 30829, 37677 y 30832"
27028,2016,15050,27595,11478,14.3,19.0,33.5,2.8,44.4,30.7,20.8,15.6,95.5,2.4,"INE, Atlas de distribución de renta de los hogares, tablas 30824, 30829, 37677 y 30832"
27028,2017,15750,28404,11884,13.0,19.3,32.9,2.8,44.6,31.1,21.2,15.7,95.3,2.4,"INE, Atlas de distribución de renta de los hogares, tablas 30824, 30829, 37677 y 30832"
27028,2018,15750,29195,12303,12.3,19.1,32.5,2.7,44.9,31.6,21.5,15.7,94.7,2.4,"INE, Atlas de distribución de renta de los hogares, tablas 30824, 30829, 37677 y 30832"
27028,2019,16450,30393,12846,11.7,19.2,32.1,2.8,45.1,31.7,21.9,15.6,93.9,2.4,"INE, Atlas de distribución de renta de los hogares, tablas 30824, 30829, 37677 y 30832"
27028,2020,17150,30462,12992,12.2,19.2,31.5,2.9,45.5,32.0,22.4,15.6,93.9,2.3,"INE, Atlas de distribución de renta de los hogares, tablas 30824, 30829, 37677 y 30832"
27028,2021,17850,31666,13614,11.5,19.0,31.0,2.7,45.8,32.6,23.0,15.4,93.7,2.3,"INE, Atlas de distribución de renta de los hogares, tablas 30824, 30829, 37677 y 30832"
27028,2022,18550,33085,14337,10.4,20.3,31.2,2.7,45.9,33.3,23.1,15.3,92.7,2.3,"INE, Atlas de distribución de renta de los hogares, tablas 30824, 30829, 37677 y 30832"
27028,2023,19250,34880,15082,9.3,21.0,30.9,2.6,46.0,33.5,23.2,15.2,91.8,2.3,"INE, Atlas de distribución de renta de los hogares, tablas 30824, 30829, 37677 y 30832"
28005,2015,15050,32136,11320,14.9,19.4,33.3,3.1,40.7,20.3,15.6,18.1,83.6,2.8,"INE, Atlas de distribución de renta de los hogares, tablas 30824, 30829, 37677 y 30832"
28005,2016,15050,32751,11267,15.3,20.3,34.0,3.1,41.2,19.9,16.4,18.2,84.4,2.8,"INE, Atlas de distribución de renta de los hogares, tablas 30824, 30829, 37677 y 30832"
28005,2017,16450,33655,12097,14.6,16.9,31.8,2.7,41.6,21.0,17.0,18.1,84.6,2.8,"INE, Atlas de distribución de renta de los hogares, tablas 30824, 30829, 37677 y 30832"
28005,2018,17150,34947,12583,13.9,16.4,31.1,2.7,41.9,21.2,17.5,17.9,84.1,2.8,"INE, Atlas de distribución de renta de los hogares, tablas 30824, 30829, 37677 y 30832"
28005,2019,17850,36320,13086,13.2,16.0,30.4,2.6,42.2,21.3,18.0,17.7,83.7,2.8,"INE, Atlas de distribución de renta de los hogares, tablas 30824, 30829, 37677 y 30832"
28005,2020,17850,36247,13243,14.0,16.3,30.8,2.6,42.5,22.0,18.3,17.4,83.9,2.7,"INE, Atlas de distribución de renta de los hogares, tablas 30824, 30829, 37677 y 30832"
28005,2021,18550,37487,13809,13.3,15.9,30.2,2.7,42.9,22.5,18.8,17.1,83.9,2.7,"INE, Atlas de distribución de renta de los hogares, tablas 30824, 30829, 37677 y 30832"
28005,2022,19950,39439,14617,12.3,16.7,30.1,2.6,43.0,22.8,19.2,16.9,83.6,2.7,"INE, Atlas de distribución de renta de los hogares, tablas 30824, 30829, 37677 y 30832"
28005,2023,20650,41866,15598,11.2,16.8,29.7,2.5,43.3,23.2,19.6,16.6,83.0,2.7,"INE, Atlas de distribución de renta de los hogares, tablas 30824, 30829, 37677 y 30832"
28006,2015,18550,52826,17417,28.5,15.4,42.9,3.5,39.5,19.1,14.9,19.9,87.1,3.0,"INE, Atlas de distribución de renta de los hogares, tablas 30824, 30829, 37677 y 30832"
28006,2016,18550,55269,18118,29.7,15.0,43.5,3.6,39.7,18.8,15.4,20.2,87.0,3.0,"INE, Atlas de distribución de renta de los hogares, tablas 30824, 30829, 37677 y 30832"
28006,2017,19250,57678,18925,28.4,14.8,42.7,3.4,39.9,19.2,15.8,20.1,86.7,3.0,"INE, Atlas de distribución de renta de los hogares, tablas 30824, 30829, 37677 y 30832"
28006,2018,19950,61540,20148,27.8,14.8,42.7,3.3,40.2,19.0,16.2,20.0,86.0,3.0,"INE, Atlas de distribución de renta de los hogares, tablas 30824, 30829, 37677 y 30832"
28006,2019,20650,56931,18653,27.2,14.8,42.4,3.2,40.5,19.1,16.4,19.8,85.3,3.0,"INE, Atlas de distribución de renta de los hogares, tablas 30824, 30829, 37677 y 30832"
28006,2020,20650,56448,18684,27.0,15.3,42.5,3.5,40.9,19.7,16.7,19.6,85.5,3.0,"INE, Atlas de distribución de renta de los hogares, tablas 30824, 30829, 37677 y 30832"
28006,2021,21350,57962,19394,26.8,14.4,41.8,3.4,41.2,19.9,17.1,19.4,85.2,3.0,"INE, Atlas de distribución de renta de los hogares, tablas 30824, 30829, 37677 y 30832"
28006,2022,22750,62298,20706,25.8,15.4,42.6,3.4,41.3,19.9,17.2,19.2,84.3,3.0,"INE, Atlas de distribución de renta de los hogares, tablas 30824, 30829, 37677 y 30832"
28006,2023,24150,65139,21644,24.9,15.9,42.1,3.4,41.6,20.5,17.5,18.7,83.6,3.0,"INE, Atlas de distribución de renta de los hogares, tablas 30824, 30829, 37677 y 30832"
28007,2015,16450,31794,11917,16.4,16.1,31.3,2.7,42.4,23.0,20.9,18.2,90.4,2.6,"INE, Atlas de distribución de renta de los hogares, tablas 30824, 30829, 37677 y 30832"
28007,2016,16450,32499,11941,16.6,16.7,31.7,2.9,42.7,22.5,21.4,18.3,90.6,2.6,"INE, Atlas de distribución de renta de los hogares, tablas 30824, 30829, 37677 y 30832"
28007,2017,17150,33100,12437,15.4,15.3,30.4,2.6,43.0,23.3,21.9,18.3,90.7,2.6,"INE, Atlas de distribución de renta de los hogares, tablas 30824, 30829, 37677 y 30832"
28007,2018,17850,34427,12919,14.5,14.7,29.9,2.7,43.4,23.5,22.3,18.1,90.4,2.6,"INE, Atlas de distribución de renta de los hogares, tablas 30824, 30829, 37677 y 30832"
28007,2019,18550,35675,13355,13.8,14.6,29.2,2.6,43.7,23.5,22.5,17.9,89.8,2.7,"INE, Atlas de distribución de renta de los hogares, tablas 30824, 30829, 37677 y 30832"
28007,2020,18550,35844,13522,14.1,15.0,29.7,2.6,44.0,24.1,22.5,17.5,89.7,2.6,"INE, Atlas de distribución de renta de los hogares, tablas 30824, 30829, 37677 y 30832"
28007,2021,19250,36837,13993,13.7,14.4,29.1,2.5,44.4,24.6,22.8,17.1,89.8,2.6,"INE, Atlas de distribución de renta de los hogares, tablas 30824, 30829, 37677 y 30832"
28007,2022,19950,39129,14750,12.1,15.5,29.0,2.5,44.7,24.5,22.6,16.5,88.7,2.6,"INE, Atlas de distribución de renta de los hogares, tablas 30824, 30829, 37677 y 30832"
28007,2023,21350,41634,15667,11.1,16.0,28.8,2.5,44.9,24.8,22.7,16.1,88.2,2.6,"INE, Atlas de distribución de renta de los hogares, tablas 30824, 30829, 37677 y 30832"
28013,2015,14350,30499,10611,12.9,22.3,34.0,3.2,39.3,23.1,14.8,20.9,88.2,2.8,"INE, Atlas de distribución de renta de los hogares, tablas 30824, 30829, 37677 y 30832"
28013,2016,15050,30880,10640,13.1,22.3,34.0,3.2,39.6,22.2,15.1,21.2,88.3,2.8,"INE, Atlas de distribución de renta de los hogares, tablas 30824, 30829, 37677 y 30832"
28013,2017,15750,31497,11057,11.8,20.7,32.4,2.8,39.9,23.3,15.4,21.0,88.0,2.8,"INE, Atlas de distribución de renta de los hogares, tablas 30824, 30829, 37677 y 30832"
28013,2018,16450,32913,11542,11.3,20.5,32.0,2.8,40.1,23.0,15.7,20.9,87.6,2.8,"INE, Atlas de distribución de renta de los hogares, tablas 30824, 30829, 37677 y 30832"
28013,2019,17150,34299,12028,10.9,20.4,31.3,2.8,40.5,23.1,16.0,20.5,86.6,2.8,"INE, Atlas de distribución de renta de los hogares, tablas 30824, 30829, 37677 y 30832"
28013,2020,17150,34544,12214,11.2,20.5,31.5,2.8,40.9,23.4,16.3,20.3,86.6,2.8,"INE, Atlas de distribución de renta de los hogares, tablas 30824, 30829, 37677 y 30832"
28013,2021,17850,35897,12779,10.8,19.8,30.7,2.7,41.2,23.7,16.7,20.0,86.7,2.8,"INE, Atlas de distribución de renta de los hogares, tablas 30824, 30829, 37677 y 30832"
28013,2022,18550,38060,13450,9.5,20.5,30.8,2.7,41.4,23.4,16.9,19.6,85.2,2.8,"INE, Atlas de distribución de renta de los hogares, tablas 30824, 30829, 37677 y 30832"
28013,2023,19250,40453,14173,8.8,21.7,30.8,2.8,41.5,23.0,17.1,19.2,83.9,2.8,"INE, Atlas de distribución de renta de los hogares, tablas 30824, 30829, 37677 y 30832"
28014,2015,13650,29550,9757,10.1,21.4,31.8,2.7,37.1,17.7,10.4,21.4,77.3,3.0,"INE, Atlas de distribución de renta de los hogares, tablas 30824, 30829, 37677 y 30832"
28014,2016,14350,30733,10176,11.1,20.2,31.5,2.8,37.4,17.4,10.9,21.9,78.6,3.0,"INE, Atlas de distribución de renta de los hogares, tablas 30824, 30829, 37677 y 30832"
28014,2017,15050,31495,10646,9.9,18.7,30.2,2.6,37.8,18.3,11.3,21.8,78.6,2.9,"INE, Atlas de distribución de renta de los hogares, tablas 30824, 30829, 37677 y 30832"
28014,2018,15750,32379,11002,9.2,18.4,29.7,2.5,38.2,18.8,11.6,21.6,77.9,2.9,"INE, Atlas de distribución de renta de los hogares, tablas 30824, 30829, 37677 y 30832"
28014,2019,16450,33957,11598,8.8,18.0,29.0,2.5,38.5,18.9,12.0,21.4,77.6,2.9,"INE, Atlas de distribución de renta de los hogares, tablas 30824, 30829, 37677 y 30832"
28014,2020,16450,33726,11656,8.9,18.5,29.2,2.5,38.8,19.5,12.3,21.2,78.1,2.9,"INE, Atlas de distribución de renta de los hogares, tablas 30824, 30829, 37677 y 30832"
28014,2021,17150,34865,12184,8.5,17.6,28.8,2.5,39.2,19.9,12.7,20.8,78.3,2.8,"INE, Atlas de distribución de renta de los hogares, tablas 30824, 30829, 37677 y 30832"
28014,2022,18550,37574,13003,7.9,18.0,28.4,2.4,39.5,19.1,13.1,20.6,78.3,2.9,"INE, Atlas de distribución de renta de los hogares, tablas 30824, 30829, 37677 y 30832"
28014,2023,19950,40353,13968,7.2,18.1,28.0,2.4,39.9,19.2,13.7,20.2,77.8,2.9,"INE, Atlas de distribución de renta de los hogares, tablas 30824, 30829, 37677 y 30832"
28022,2015,26250,64348,19510,48.2,10.2,36.6,3.2,35.5,14.2,9.7,27.3,93.5,3.2,"INE, Atlas de distribución de renta de los hogares, tablas 30824, 30829, 37677 y 30832"
28022,2016,26950,65201,19702,49.3,9.0,36.0,3.0,35.9,13.0,9.9,27.6,93.4,3.2,"INE, Atlas de distribución de renta de los hogares, tablas 30824, 30829, 37677 y 30832"
28022,2017,27650,67389,20103,47.7,8.9,35.5,3.0,36.2,13.3,10.1,27.4,93.3,3.2,"INE, Atlas de distribución de renta de los hogares, tablas 30824, 30829, 37677 y 30832"
28022,2018,29050,73258,21795,47.2,8.4,35.0,2.9,36.5,12.8,10.3,27.3,92.7,3.2,"INE, Atlas de distribución de renta de los hogares, tablas 30824, 30829, 37677 y 30832"
28022,2019,30450,73743,21976,46.9,8.2,34.6,2.9,36.9,12.8,10.5,26.9,92.1,3.2,"INE, Atlas de distribución de renta de los hogares, tablas 30824, 30829, 37677 y 30832"
28022,2020,30450,74262,22224,47.3,8.2,34.5,2.9,37.1,12.7,10.5,26.8,92.1,3.3,"INE, Atlas de distribución de renta de los hogares, tablas 30824, 30829, 37677 y 30832"
28022,2021,31850,76685,23169,48.2,7.4,34.1,2.7,37.3,13.0,10.5,26.2,92.1,3.3,"INE, Atlas de distribución de renta de los hogares, tablas 30824, 30829, 37677 y 30832"
28022,2022,33950,82812,24748,46.6,6.9,33.7,2.7,37.8,12.3,11.1,25.2,91.6,3.3,"INE, Atlas de distribución de renta de los hogares, tablas 30824, 30829, 37677 y 30832"
28022,2023,36750,89455,26668,45.9,6.8,33.7,2.7,38.3,12.0,11.6,24.3,91.6,3.3,"INE, Atlas de distribución de renta de los hogares, tablas 30824, 30829, 37677 y 30832"
28045,2015,17850,38465,13033,22.1,15.9,34.4,3.0,38.0,20.4,11.7,21.2,87.8,2.9,"INE, Atlas de distribución de renta de los hogares, tablas 30824, 30829, 37677 y 30832"
28045,2016,17850,39265,13238,22.8,15.4,34.0,3.0,38.3,19.7,11.8,21.3,88.0,2.9,"INE, Atlas de distribución de renta de los hogares, tablas 30824, 30829, 37677 y 30832"
28045,2017,18550,40270,13632,21.1,14.9,33.3,2.9,38.5,19.7,12.2,21.2,88.0,2.9,"INE, Atlas de distribución de renta de los hogares, tablas 30824, 30829, 37677 y 30832"
28045,2018,19250,42137,14218,20.7,14.2,32.6,2.8,38.7,19.7,12.4,21.1,87.6,2.9,"INE, Atlas de distribución de renta de los hogares, tablas 30824, 30829, 37677 y 30832"
28045,2019,19950,44175,14898,20.2,13.8,32.2,2.8,39.0,19.6,12.7,20.9,87.1,2.9,"INE, Atlas de distribución de renta de los hogares, tablas 30824, 30829, 37677 y 30832"
28045,2020,19950,44384,15028,20.5,14.1,32.1,2.8,39.2,19.7,12.9,20.8,87.2,2.9,"INE, Atlas de distribución de renta de los hogares, tablas 30824, 30829, 37677 y 30832"
28045,2021,21350,46101,15757,20.3,13.2,31.4,2.7,39.6,19.7,13.2,20.6,87.3,2.9,"INE, Atlas de distribución de renta de los hogares, tablas 30824, 30829, 37677 y 30832"
28045,2022,22050,48379,16519,19.2,13.9,31.4,2.7,39.7,19.9,13.4,20.5,87.2,2.9,"INE, Atlas de distribución de renta de los hogares, tablas 30824, 30829, 37677 y 30832"
28045,2023,24150,52003,17736,18.5,14.0,31.4,2.7,39.9,19.7,13.8,20.2,86.6,2.9,"INE, Atlas de distribución de renta de los hogares, tablas 30824, 30829, 37677 y 30832"
28047,2015,15050,31648,10962,14.7,21.9,34.1,3.4,38.8,22.4,12.2,19.9,82.8,2.8,"INE, Atlas de distribución de renta de los hogares, tablas 30824, 30829, 37677 y 30832"
28047,2016,15050,32373,10977,15.0,22.5,34.6,3.4,39.1,21.4,12.5,20.0,82.8,2.9,"INE, Atlas de distribución de renta de los hogares, tablas 30824, 30829, 37677 y 30832"
28047,2017,15750,32912,11435,13.6,20.9,33.1,3.2,39.5,22.3,12.9,19.7,83.1,2.9,"INE, Atlas de distribución de renta de los hogares, tablas 30824, 30829, 37677 y 30832"
28047,2018,16450,33990,11883,12.6,20.4,32.5,3.0,39.9,22.6,13.4,19.3,82.8,2.8,"INE, Atlas de distribución de renta de los hogares, tablas 30824, 30829, 37677 y 30832"
28047,2019,17150,35366,12404,12.3,19.9,31.8,2.9,40.3,23.0,13.9,18.9,82.2,2.8,"INE, Atlas de distribución de renta de los hogares, tablas 30824, 30829, 37677 y 30832"
28047,2020,17150,35353,12504,12.3,20.0,31.8,2.9,40.8,23.5,14.5,18.4,82.5,2.8,"INE, Atlas de distribución de renta de los hogares, tablas 30824, 30829, 37677 y 30832"
28047,2021,17850,36502,13080,12.1,19.4,31.2,2.8,41.2,24.1,15.0,18.0,82.5,2.8,"INE, Atlas de distribución de renta de los hogares, tablas 30824, 30829, 37677 y 30832"
28047,2022,18550,38711,13743,10.8,20.2,31.1,2.7,41.5,23.7,15.3,17.5,81.4,2.8,"INE, Atlas de distribución de renta de los hogares, tablas 30824, 30829, 37677 y 30832"
28047,2023,19950,41413,14647,9.9,21.0,30.7,2.7,41.7,23.3,15.6,17.1,81.0,2.8,"INE, Atlas de distribución de renta de los hogares, tablas 30824, 30829, 37677 y 30832"
28049,2015,15750,33052,11138,13.7,19.3,32.2,3.0,41.7,16.5,15.5,15.7,81.7,2.9,"INE, Atlas de distribución de renta de los hogares, tablas 30824, 30829, 37677 y 30832"
28049,2016,15750,33599,11255,14.4,19.0,32.3,2.8,42.2,16.6,16.7,15.9,82.8,2.9,"INE, Atlas de distribución de renta de los hogares, tablas 30824, 30829, 37677 y 30832"
28049,2017,16450,34348,12029,13.7,15.8,30.1,2.7,42.6,17.4,17.8,15.9,83.4,2.8,"INE, Atlas de distribución de renta de los hogares, tablas 30824, 30829, 37677 y 30832"
28049,2018,17150,35530,12506,12.9,15.1,29.4,2.6,43.1,17.9,19.0,15.8,83.4,2.8,"INE, Atlas de distribución de renta de los hogares, tablas 30824, 30829, 37677 y 30832"
28049,2019,18550,36967,13112,12.3,14.2,28.5,2.5,43.6,18.3,20.0,15.6,83.6,2.8,"INE, Atlas de distribución de renta de los hogares, tablas 30824, 30829, 37677 y 30832"
28049,2020,17850,36592,13085,12.4,14.7,28.8,2.5,44.1,18.9,20.9,15.4,82.7,2.8,"INE, Atlas de distribución de renta de los hogares, tablas 30824, 30829, 37677 y 30832"
28049,2021,18550,37800,13600,11.6,14.4,28.3,2.4,44.6,19.5,21.8,15.1,82.5,2.8,"INE, Atlas de distribución de renta de los hogares, tablas 30824, 30829, 37677 y 30832"
28049,2022,19950,39677,14462,10.4,14.9,28.1,2.4,44.9,20.2,22.9,15.1,82.8,2.7,"INE, Atlas de distribución de renta de los hogares, tablas 30824, 30829, 37677 y 30832"
28049,2023,20650,41836,15265,9.4,15.2,27.7,2.4,45.3,20.7,23.8,14.8,82.1,2.7,"INE, Atlas de distribución de renta de los hogares, tablas 30824, 30829, 37677 y 30832"
28058,2015,13650,28424,9400,7.1,22.3,30.5,2.8,38.5,14.5,9.5,19.6,89.3,3.0,"INE, Atlas de distribución de renta de los hogares, tablas 30824, 30829, 37677 y 30832"
28058,2016,13650,29183,9509,7.5,22.0,30.4,2.6,38.9,14.2,10.3,19.7,89.1,3.0,"INE, Atlas de distribución de renta de los hogares, tablas 30824, 30829, 37677 y 30832"
28058,2017,14350,30034,10062,6.6,19.8,28.7,2.4,39.4,14.8,11.4,19.5,89.8,3.0,"INE, Atlas de distribución de renta de los hogares, tablas 30824, 30829, 37677 y 30832"
28058,2018,15050,31321,10525,6.2,19.0,28.0,2.4,39.9,15.3,12.5,19.2,89.6,3.0,"INE, Atlas de distribución de renta de los hogares, tablas 30824, 30829, 37677 y 30832"
28058,2019,16450,32911,11099,6.1,18.4,27.4,2.3,40.5,15.6,13.6,18.7,89.2,2.9,"INE, Atlas de distribución de renta de los hogares, tablas 30824, 30829, 37677 y 30832"
28058,2020,15750,32807,11205,6.3,18.4,27.5,2.3,41.0,16.1,14.8,18.2,89.3,2.9,"INE, Atlas de distribución de renta de los hogares, tablas 30824, 30829, 37677 y 30832"
28058,2021,17150,34016,11788,6.1,17.3,26.7,2.2,41.5,16.7,16.1,17.7,89.7,2.9,"INE, Atlas de distribución de renta de los hogares, tablas 30824, 30829, 37677 y 30832"
28058,2022,17850,35891,12574,5.4,17.7,26.3,2.2,42.0,17.3,17.2,17.3,89.5,2.8,"INE, Atlas de distribución de renta de los hogares, tablas 30824, 30829, 37677 y 30832"
28058,2023,19250,38299,13454,4.8,17.8,26.0,2.3,42.5,17.4,18.3,16.8,89.0,2.8,"INE, Atlas de distribución de renta de los hogares, tablas 30824, 30829, 37677 y 30832"
28061,2015,16450,37051,12629,21.8,21.3,38.0,3.5,38.4,21.3,11.7,21.6,83.7,2.9,"INE, Atlas de distribución de renta de los hogares, tablas 30824, 30829, 37677 y 30832"
28061,2016,16450,38641,12941,22.6,21.4,38.2,3.6,38.6,20.3,11.9,21.4,83.8,2.9,"INE, Atlas de distribución de renta de los hogares, tablas 30824, 30829, 37677 y 30832"
28061,2017,17150,38710,13145,20.7,19.9,36.4,3.3,39.0,21.3,12.1,21.1,84.1,2.9,"INE, Atlas de distribución de renta de los hogares, tablas 30824, 30829, 37677 y 30832"
28061,2018,17850,40556,13807,20.0,19.2,35.8,3.2,39.3,21.1,12.5,21.0,83.8,2.9,"INE, Atlas de distribución de renta de los hogares, tablas 30824, 30829, 37677 y 30832"
28061,2019,18550,42003,14302,19.3,18.8,35.1,3.3,39.6,20.8,12.8,20.7,83.2,2.9,"INE, Atlas de distribución de renta de los hogares, tablas 30824, 30829, 37677 y 30832"
28061,2020,18550,41920,14382,19.8,18.6,34.9,3.1,40.1,20.9,13.4,20.0,83.5,2.9,"INE, Atlas de distribución de renta de los hogares, tablas 30824, 30829, 37677 y 30832"
28061,2021,19950,43503,14996,19.4,17.6,34.3,3.0,40.6,21.2,14.0,19.6,84.1,2.9,"INE, Atlas de distribución de renta de los hogares, tablas 30824, 30829, 37677 y 30832"
28061,2022,20650,46423,16066,18.2,17.9,33.9,3.0,40.9,21.6,14.4,19.2,84.0,2.9,"INE, Atlas de distribución de renta de los hogares, tablas 30824, 30829, 37677 y 30832"
28061,2023,22050,49504,17032,17.4,17.9,33.6,3.0,41.3,21.3,15.1,18.6,83.7,2.9,"INE, Atlas de distribución de renta de los hogares, tablas 30824, 30829, 37677 y 30832"
28065,2015,15750,30680,11729,15.8,17.9,32.5,2.8,41.2,23.7,18.4,18.2,87.2,2.6,"INE, Atlas de distribución de renta de los hogares, tablas 30824, 30829, 37677 y 30832"
28065,2016,15750,31763,11811,16.2,17.5,32.4,2.9,41.3,22.3,18.7,18.5,87.6,2.6,"INE, Atlas de distribución de renta de los hogares, tablas 30824, 30829, 37677 y 30832"
28065,2017,16450,32545,12250,15.0,16.5,31.2,2.8,41.5,22.8,18.9,18.6,87.7,2.6,"INE, Atlas de distribución de renta de los hogares, tablas 30824, 30829, 37677 y 30832"
28065,2018,17150,34343,12891,14.7,16.0,30.8,2.7,41.7,23.0,19.1,18.7,87.2,2.7,"INE, Atlas de distribución de renta de los hogares, tablas 30824, 30829, 37677 y 30832"
28065,2019,18550,35402,13326,14.1,15.5,30.1,2.6,41.9,23.3,19.2,18.8,86.9,2.6,"INE, Atlas de distribución de renta de los hogares, tablas 30824, 30829, 37677 y 30832"
28065,2020,18550,35693,13638,14.9,14.9,30.0,2.6,42.2,24.1,19.5,18.8,87.8,2.6,"INE, Atlas de distribución de renta de los hogares, tablas 30824, 30829, 37677 y 30832"
28065,2021,19250,36962,14205,14.5,14.3,29.4,2.6,42.5,24.4,19.6,18.7,88.1,2.6,"INE, Atlas de distribución de renta de los hogares, tablas 30824, 30829, 37677 y 30832"
28065,2022,20650,39455,15061,13.4,15.1,29.4,2.5,42.6,24.4,19.5,18.4,86.8,2.6,"INE, Atlas de distribución de renta de los hogares, tablas 30824, 30829, 37677 y 30832"
28065,2023,21350,41792,15867,12.2,15.8,29.4,2.6,42.7,24.4,19.5,18.2,85.8,2.6,"INE, Atlas de distribución de renta de los hogares, tablas 30824, 30829, 37677 y 30832"
28074,2015,15050,29420,10959,11.9,18.1,30.9,2.7,42.3,21.7,20.4,17.6,89.9,2.7,"INE, Atlas de distribución de renta de los hogares, tablas 30824, 30829, 37677 y 30832"
28074,2016,15050,30164,11211,12.6,17.1,30.6,2.7,42.6,21.7,21.1,17.9,90.1,2.7,"INE, Atlas de distribución de renta de los hogares, tablas 30824, 30829, 37677 y 30832"
28074,2017,15750,30834,11546,11.4,17.1,29.9,2.6,42.9,22.1,21.5,17.8,90.1,2.7,"INE, Atlas de distribución de renta de los hogares, tablas 30824, 30829, 37677 y 30832"
28074,2018,16450,31996,11985,10.8,16.9,29.6,2.6,43.2,22.3,21.9,17.7,89.6,2.7,"INE, Atlas de distribución de renta de los hogares, tablas 30824, 30829, 37677 y 30832"
28074,2019,17150,33297,12462,10.4,16.7,29.1,2.5,43.5,22.5,22.2,17.5,89.1,2.7,"INE, Atlas de distribución de renta de los hogares, tablas 30824, 30829, 37677 y 30832"
28074,2020,17150,33176,12584,10.7,16.5,29.2,2.6,43.9,23.3,22.4,17.3,89.7,2.6,"INE, Atlas de distribución de renta de los hogares, tablas 30824, 30829, 37677 y 30832"
28074,2021,17850,34335,13120,10.3,16.0,28.7,2.5,44.3,23.9,22.7,17.0,89.7,2.6,"INE, Atlas de distribución de renta de los hogares, tablas 30824, 30829, 37677 y 30832"
28074,2022,18550,36260,13703,9.1,17.7,28.9,2.5,44.4,23.7,22.5,16.8,88.0,2.6,"INE, Atlas de distribución de renta de los hogares, tablas 30824, 30829, 37677 y 30832"
28074,2023,19950,38660,14531,8.3,18.8,28.9,2.6,44.6,23.7,22.5,16.4,87.0,2.6,"INE, Atlas de distribución de renta de los hogares, tablas 30824, 30829, 37677 y 30832"
28079,2015,17850,38539,15257,26.8,17.5,38.8,3.6,43.4,30.6,20.4,16.1,87.8,2.5,"INE, Atlas de distribución de renta de los hogares, tablas 30824, 30829, 37677 y 30832"
28079,2016,17850,39613,15717,27.7,16.8,38.9,3.6,43.5,30.6,20.4,16.2,87.5,2.5,"INE, Atlas de distribución de renta de los hogares, tablas 30824, 30829, 37677 y 30832"
28079,2017,18550,40195,15930,26.1,17.3,38.6,3.4,43.5,30.8,20.3,16.1,86.8,2.5,"INE, Atlas de distribución de renta de los hogares, tablas 30824, 30829, 37677 y 30832"
28079,2018,19250,42283,16700,25.4,17.1,38.5,3.3,43.6,30.8,20.2,16.0,85.9,2.5,"INE, Atlas de distribución de renta de los hogares, tablas 30824, 30829, 37677 y 30832"
28079,2019,19950,43393,17030,24.6,17.2,38.1,3.4,43.6,30.6,20.0,15.7,84.7,2.5,"INE, Atlas de distribución de renta de los hogares, tablas 30824, 30829, 37677 y 30832"
28079,2020,19950,43003,17059,24.8,17.7,38.1,3.4,43.8,31.1,20.1,15.5,84.3,2.5,"INE, Atlas de distribución de renta de los hogares, tablas 30824, 30829, 37677 y 30832"
28079,2021,20650,43953,17586,24.1,17.0,37.5,3.3,44.0,31.6,20.3,15.3,84.4,2.5,"INE, Atlas de distribución de renta de los hogares, tablas 30824, 30829, 37677 y 30832"
28079,2022,22050,46651,18632,22.8,18.0,37.7,3.3,43.9,31.9,20.2,15.1,83.5,2.5,"INE, Atlas de distribución de renta de los hogares, tablas 30824, 30829, 37677 y 30832"
28079,2023,22750,49916,19632,21.5,18.6,37.5,3.2,43.9,31.5,20.2,14.8,82.6,2.5,"INE, Atlas de distribución de renta de los hogares, tablas 30824, 30829, 37677 y 30832"
28080,2015,24150,60173,18627,43.3,12.0,38.6,3.6,38.7,16.8,14.2,22.6,89.4,3.2,"INE, Atlas de distribución de renta de los hogares, tablas 30824, 30829, 37677 y 30832"
28080,2016,24150,60937,18624,44.1,11.9,38.7,3.7,39.1,16.1,14.9,22.5,89.5,3.2,"INE, Atlas de distribución de renta de los hogares, tablas 30824, 30829, 37677 y 30832"
28080,2017,25550,61838,19282,42.9,11.7,38.0,3.5,39.5,17.3,15.5,22.2,89.3,3.2,"INE, Atlas de distribución de renta de los hogares, tablas 30824, 30829, 37677 y 30832"
28080,2018,26250,64574,20220,42.2,11.4,37.8,3.4,39.9,17.5,16.2,21.9,89.1,3.2,"INE, Atlas de distribución de renta de los hogares, tablas 30824, 30829, 37677 y 30832"
28080,2019,26950,65484,20652,41.2,11.3,37.4,3.3,40.4,17.9,16.8,21.4,88.8,3.1,"INE, Atlas de distribución de renta de los hogares, tablas 30824, 30829, 37677 y 30832"
28080,2020,26950,65059,20672,40.7,11.4,37.5,3.3,40.8,18.3,17.2,20.8,89.3,3.1,"INE, Atlas de distribución de renta de los hogares, tablas 30824, 30829, 37677 y 30832"
28080,2021,28350,66390,21248,40.2,11.0,37.0,3.2,41.2,18.5,17.6,20.5,89.3,3.1,"INE, Atlas de distribución de renta de los hogares, tablas 30824, 30829, 37677 y 30832"
28080,2022,29750,70529,22550,38.9,11.5,37.0,3.3,41.6,18.6,18.2,19.9,88.8,3.1,"INE, Atlas de distribución de renta de los hogares, tablas 30824, 30829, 37677 y 30832"
28080,2023,31150,74987,24019,37.5,11.9,37.1,3.4,41.9,19.0,18.7,19.5,88.5,3.1,"INE, Atlas de distribución de renta de los hogares, tablas 30824, 30829, 37677 y 30832"
28092,2015,14350,29582,10499,10.4,19.8,31.0,2.8,41.5,18.6,17.0,16.8,88.4,2.8,"INE, Atlas de distribución de renta de los hogares, tablas 30824, 30829, 37677 y 30832"
28092,2016,15050,30231,10698,10.9,19.0,30.7,2.6,41.8,18.7,17.9,17.0,88.7,2.8,"INE, Atlas de distribución de renta de los hogares, tablas 30824, 30829, 37677 y 30832"
28092,2017,15750,30826,11004,9.6,18.4,29.6,2.7,42.2,19.2,19.0,17.1,88.8,2.8,"INE, Atlas de distribución de renta de los hogares, tablas 30824, 30829, 37677 y 30832"
28092,2018,16450,32113,11456,9.0,18.0,29.0,2.6,42.5,19.2,19.9,17.1,88.1,2.8,"INE, Atlas de distribución de renta de los hogares, tablas 30824, 30829, 37677 y 30832"
28092,2019,17150,33574,11980,8.5,17.5,28.5,2.5,42.9,19.3,20.7,17.0,87.8,2.8,"INE, Atlas de distribución de renta de los hogares, tablas 30824, 30829, 37677 y 30832"
28092,2020,17150,33475,12064,8.9,17.7,28.6,2.5,43.2,19.9,21.4,16.9,87.6,2.8,"INE, Atlas de distribución de renta de los hogares, tablas 30824, 30829, 37677 y 30832"
28092,2021,17850,34529,12566,8.5,16.8,28.0,2.4,43.6,20.4,22.0,16.8,87.9,2.7,"INE, Atlas de distribución de renta de los hogares, tablas 30824, 30829, 37677 y 30832"
28092,2022,18550,36297,13223,7.3,18.0,27.9,2.4,43.9,20.7,22.5,16.6,87.8,2.7,"INE, Atlas de distribución de renta de los hogares, tablas 30824, 30829, 37677 y 30832"
28092,2023,19950,38622,14045,6.7,18.6,27.6,2.4,44.2,21.0,23.0,16.3,87.2,2.7,"INE, Atlas de distribución de renta de los hogares, tablas 30824, 30829, 37677 y 30832"
28096,2015,15050,31115,10456,13.0,22.0,33.2,2.9,35.7,19.2,9.8,24.4,89.3,2.9,"INE, Atlas de distribución de renta de los hogares, tablas 30824, 30829, 37677 y 30832"
28096,2016,15050,31508,10490,13.4,21.7,32.9,3.0,36.1,18.8,10.2,24.4,89.7,2.9,"INE, Atlas de distribución de renta de los hogares, tablas 30824, 30829, 37677 y 30832"
28096,2017,15750,32669,10935,12.2,19.4,31.4,2.8,36.4,19.1,10.5,24.6,89.7,3.0,"INE, Atlas de distribución de renta de los hogares, tablas 30824, 30829, 37677 y 30832"
28096,2018,16450,34181,11341,11.5,19.3,31.1,2.7,36.7,18.9,10.6,24.5,89.3,3.0,"INE, Atlas de distribución de renta de los hogares, tablas 30824, 30829, 37677 y 30832"
28096,2019,17150,35927,11867,10.9,18.7,30.1,2.8,37.1,18.7,10.9,24.3,88.5,3.0,"INE, Atlas de distribución de renta de los hogares, tablas 30824, 30829, 37677 y 30832"
28096,2020,17150,36243,12010,11.5,18.5,30.3,2.7,37.4,18.4,11.1,24.3,88.4,3.0,"INE, Atlas de distribución de renta de los hogares, tablas 30824, 30829, 37677 y 30832"
28096,2021,18550,38093,12592,10.9,17.4,29.6,2.6,37.7,18.4,11.4,23.9,88.5,3.0,"INE, Atlas de distribución de renta de los hogares, tablas 30824, 30829, 37677 y 30832"
28096,2022,19250,40466,13370,9.9,18.0,29.2,2.6,38.1,18.3,11.8,23.4,88.6,3.0,"INE, Atlas de distribución de renta de los hogares, tablas 30824, 30829, 37677 y 30832"
28096,2023,20650,43431,14381,9.0,18.3,28.8,2.5,38.5,18.2,12.2,23.1,88.3,3.0,"INE, Atlas de distribución de renta de los hogares, tablas 30824, 30829, 37677 y 30832"
28106,2015,12250,25546,8522,6.1,29.2,33.2,2.9,36.0,18.8,9.6,22.9,80.4,3.0,"INE, Atlas de distribución de renta de los hogares, tablas 30824, 30829, 37677 y 30832"
28106,2016,12250,26282,8611,6.3,28.6,32.8,2.9,36.3,18.1,10.2,23.4,80.3,3.0,"INE, Atlas de distribución de renta de los hogares, tablas 30824, 30829, 37677 y 30832"
28106,2017,12950,27142,9004,5.5,27.0,31.3,2.7,36.6,18.5,10.9,23.4,79.6,3.0,"INE, Atlas de distribución de renta de los hogares, tablas 30824, 30829, 37677 y 30832"
28106,2018,13650,28521,9389,5.1,26.1,30.6,2.6,37.0,18.3,11.4,23.3,78.7,3.0,"INE, Atlas de distribución de renta de los hogares, tablas 30824, 30829, 37677 y 30832"
28106,2019,14350,29932,9717,4.6,26.3,30.0,2.7,37.4,18.1,11.9,22.9,77.3,3.0,"INE, Atlas de distribución de renta de los hogares, tablas 30824, 30829, 37677 y 30832"
28106,2020,14350,29788,9803,4.7,26.2,30.1,2.7,37.8,18.5,12.5,22.8,77.6,3.0,"INE, Atlas de distribución de renta de los hogares, tablas 30824, 30829, 37677 y 30832"
28106,2021,15050,30961,10251,4.6,25.4,29.4,2.5,38.3,18.6,13.0,22.5,78.2,3.0,"INE, Atlas de distribución de renta de los hogares, tablas 30824, 30829, 37677 y 30832"
28106,2022,15750,32919,10837,3.9,26.7,29.2,2.5,38.6,18.8,13.4,22.1,78.0,3.0,"INE, Atlas de distribución de renta de los hogares, tablas 30824, 30829, 37677 y 30832"
28106,2023,16450,35177,11522,3.4,27.2,28.8,2.5,39.0,18.8,13.8,21.7,77.5,3.0,"INE, Atlas de distribución de renta de los hogares, tablas 30824, 30829, 37677 y 30832"
28113,2015,15750,31695,11412,14.5,16.1,30.5,2.6,37.3,20.8,11.1,21.9,89.7,2.8,"INE, Atlas de distribución de renta de los hogares, tablas 30824, 30829, 37677 y 30832"
28113,2016,16450,32303,11449,14.6,16.2,30.4,2.6,37.6,20.1,11.4,22.0,89.9,2.8,"INE, Atlas de distribución de renta de los hogares, tablas 30824, 30829, 37677 y 30832"
28113,2017,17150,33342,11957,13.6,14.5,29.4,2.5,37.9,20.3,11.8,22.1,90.0,2.8,"INE, Atlas de distribución de renta de los hogares, tablas 30824, 30829, 37677 y 30832"
28113,2018,17150,34791,12406,12.9,14.4,29.0,2.4,38.2,20.2,12.0,22.0,89.6,2.8,"INE, Atlas de distribución de renta de los hogares, tablas 30824, 30829, 37677 y 30832"
28113,2019,18550,36539,13013,12.7,13.9,28.8,2.4,38.6,20.2,12.3,21.7,89.2,2.8,"INE, Atlas de distribución de renta de los hogares, tablas 30824, 30829, 37677 y 30832"
28113,2020,18550,36498,13063,13.0,14.0,28.9,2.6,39.0,20.1,12.6,21.5,89.4,2.8,"INE, Atlas de distribución de renta de los hogares, tablas 30824, 30829, 37677 y 30832"
28113,2021,19250,38031,13665,12.7,13.2,28.4,2.5,39.4,20.5,13.1,21.1,89.1,2.8,"INE, Atlas de distribución de renta de los hogares, tablas 30824, 30829, 37677 y 30832"
28113,2022,19950,40277,14433,11.5,14.0,28.3,2.4,39.7,20.4,13.4,20.6,88.6,2.8,"INE, Atlas de distribución de renta de los hogares, tablas 30824, 30829, 37677 y 30832"
28113,2023,21350,42700,15301,10.2,14.9,28.2,2.3,40.0,20.5,13.8,20.2,87.9,2.8,"INE, Atlas de distribución de renta de los hogares, tablas 30824, 30829, 37677 y 30832"
28115,2015,28350,76887,23861,52.1,9.3,41.1,3.6,39.5,15.8,15.4,22.3,92.2,3.2,"INE, Atlas de distribución de renta de los hogares, tablas 30824, 30829, 37677 y 30832"
28115,2016,29050,83624,25957,53.6,8.9,41.1,3.4,39.8,15.6,16.0,22.1,92.2,3.2,"INE, Atlas de distribución de renta de los hogares, tablas 30824, 30829, 37677 y 30832"
28115,2017,29750,83388,25903,52.1,8.9,40.4,3.4,40.1,15.8,16.3,21.8,92.0,3.2,"INE, Atlas de distribución de renta de los hogares, tablas 30824, 30829, 37677 y 30832"
28115,2018,31150,90902,28326,51.6,8.7,40.8,3.3,40.5,15.9,16.8,21.4,91.6,3.2,"INE, Atlas de distribución de renta de los hogares, tablas 30824, 30829, 37677 y 30832"
28115,2019,31850,84460,26367,50.8,8.5,40.7,3.3,40.9,16.1,17.2,20.9,91.1,3.2,"INE, Atlas de distribución de renta de los hogares, tablas 30824, 30829, 37677 y 30832"
28115,2020,31850,82973,26009,50.9,8.4,40.4,3.3,41.2,16.4,17.5,20.5,91.1,3.2,"INE, Atlas de distribución de renta de los hogares, tablas 30824, 30829, 37677 y 30832"
28115,2021,33250,86403,27167,50.9,8.1,40.4,3.3,41.5,16.6,17.9,20.2,91.0,3.2,"INE, Atlas de distribución de renta de los hogares, tablas 30824, 30829, 37677 y 30832"
28115,2022,36050,92596,29258,50.4,8.3,39.9,3.2,41.7,16.7,18.3,19.8,90.6,3.1,"INE, Atlas de distribución de renta de los hogares, tablas 30824, 30829, 37677 y 30832"
28115,2023,37450,96290,30524,48.7,8.5,39.7,3.3,42.1,17.1,18.8,19.3,90.2,3.1,"INE, Atlas de distribución de renta de los hogares, tablas 30824, 30829, 37677 y 30832"
28123,2015,19250,39732,13270,24.5,13.8,31.9,2.9,35.3,17.4,6.1,23.7,90.8,3.0,"INE, Atlas de distribución de renta de los hogares, tablas 30824, 30829, 37677 y 30832"
28123,2016,19950,41252,13649,25.9,12.8,31.6,2.7,35.7,16.9,6.6,23.9,91.3,3.0,"INE, Atlas de distribución de renta de los hogares, tablas 30824, 30829, 37677 y 30832"
28123,2017,20650,42234,14002,24.0,12.1,30.6,2.6,36.0,16.7,7.1,23.8,91.4,3.0,"INE, Atlas de distribución de renta de los hogares, tablas 30824, 30829, 37677 y 30832"
28123,2018,21350,44219,14611,23.3,11.5,30.0,2.6,36.3,16.1,7.6,23.8,91.2,3.0,"INE, Atlas de distribución de renta de los hogares, tablas 30824, 30829, 37677 y 30832"
28123,2019,22050,46007,15261,22.8,10.8,29.4,2.5,36.7,16.3,8.0,23.5,91.0,3.0,"INE, Atlas de distribución de renta de los hogares, tablas 30824, 30829, 37677 y 30832"
28123,2020,22050,46289,15441,23.2,10.7,29.4,2.4,37.1,16.2,8.6,23.3,91.4,3.0,"INE, Atlas de distribución de renta de los hogares, tablas 30824, 30829, 37677 y 30832"
28123,2021,23450,48274,16184,23.0,9.9,28.8,2.4,37.4,16.5,9.2,23.0,91.1,3.0,"INE, Atlas de distribución de renta de los hogares, tablas 30824, 30829, 37677 y 30832"
28123,2022,24850,50907,17172,21.6,10.3,28.6,2.4,37.7,16.7,9.9,22.6,91.3,2.9,"INE, Atlas de distribución de renta de los hogares, tablas 30824, 30829, 37677 y 30832"
28123,2023,26250,54628,18478,20.6,10.1,28.4,2.4,38.2,16.6,10.8,22.2,91.2,2.9,"INE, Atlas de distribución de renta de los hogares, tablas 30824, 30829, 37677 y 30832"
28127,2015,25550,59007,18798,45.5,9.6,35.7,3.1,37.0,18.3,10.8,24.4,91.6,3.1,"INE, Atlas de distribución de renta de los hogares, tablas 30824, 30829, 37677 y 30832"
28127,2016,25550,61380,19340,46.0,9.7,36.0,3.1,37.3,17.8,11.2,24.5,91.8,3.1,"INE, Atlas de distribución de renta de los hogares, tablas 30824, 30829, 37677 y 30832"
28127,2017,26250,60236,19202,44.4,9.2,34.9,3.0,37.7,18.1,11.9,24.3,91.7,3.1,"INE, Atlas de distribución de renta de los hogares, tablas 30824, 30829, 37677 y 30832"
28127,2018,27650,62681,20047,43.4,9.0,35.0,2.9,38.2,18.4,12.5,23.9,91.4,3.1,"INE, Atlas de distribución de renta de los hogares, tablas 30824, 30829, 37677 y 30832"
28127,2019,28350,64303,20643,42.1,8.8,34.3,2.8,38.7,18.5,13.1,23.4,91.0,3.1,"INE, Atlas de distribución de renta de los hogares, tablas 30824, 30829, 37677 y 30832"
28127,2020,28350,63629,20605,42.0,8.5,33.9,2.8,39.2,18.6,13.6,22.7,91.6,3.1,"INE, Atlas de distribución de renta de los hogares, tablas 30824, 30829, 37677 y 30832"
28127,2021,29050,65428,21254,41.6,8.3,33.3,2.8,39.6,18.6,14.2,22.2,91.4,3.1,"INE, Atlas de distribución de renta de los hogares, tablas 30824, 30829, 37677 y 30832"
28127,2022,31150,69701,22578,40.4,8.4,33.2,2.7,39.9,18.4,14.6,21.5,90.5,3.1,"INE, Atlas de distribución de renta de los hogares, tablas 30824, 30829, 37677 y 30832"
28127,2023,33250,74371,24183,38.8,8.3,32.7,2.6,40.3,18.7,15.2,20.8,90.5,3.0,"INE, Atlas de distribución de renta de los hogares, tablas 30824, 30829, 37677 y 30832"
28130,2015,15050,31369,10851,11.5,17.4,30.1,2.7,39.4,16.8,11.2,18.5,85.9,2.9,"INE, Atlas de distribución de renta de los hogares, tablas 30824, 30829, 37677 y 30832"
28130,2016,15750,31904,11108,12.5,16.2,29.7,2.5,39.9,17.1,11.8,18.4,86.6,2.9,"INE, Atlas de distribución de renta de los hogares, tablas 30824, 30829, 37677 y 30832"
28130,2017,16450,32768,11582,11.0,15.1,28.6,2.4,40.3,17.7,12.4,18.1,86.8,2.8,"INE, Atlas de distribución de renta de los hogares, tablas 30824, 30829, 37677 y 30832"
28130,2018,17150,33995,12099,10.6,14.2,28.0,2.5,40.8,18.0,13.4,17.6,86.9,2.8,"INE, Atlas de distribución de renta de los hogares, tablas 30824, 30829, 37677 y 30832"
28130,2019,17850,35282,12634,9.7,13.4,27.1,2.4,41.3,18.5,14.1,17.1,86.4,2.8,"INE, Atlas de distribución de renta de los hogares, tablas 30824, 30829, 37677 y 30832"
28130,2020,17850,35065,12657,10.2,14.1,27.6,2.4,41.7,18.7,14.9,16.8,86.4,2.8,"INE, Atlas de distribución de renta de los hogares, tablas 30824, 30829, 37677 y 30832"
28130,2021,18550,36256,13234,9.8,14.1,27.4,2.3,42.2,19.2,15.9,16.4,86.4,2.7,"INE, Atlas de distribución de renta de los hogares, tablas 30824, 30829, 37677 y 30832"
28130,2022,19250,38015,13942,8.4,14.5,26.7,2.3,42.6,19.7,16.9,15.9,86.1,2.7,"INE, Atlas de distribución de renta de los hogares, tablas 30824, 30829, 37677 y 30832"
28130,2023,20650,40448,14948,7.6,14.2,26.1,2.2,43.1,19.9,17.9,15.5,85.7,2.7,"INE, Atlas de distribución de renta de los hogares, tablas 30824, 30829, 37677 y 30832"
28134,2015,17850,38676,13737,23.2,14.5,35.0,3.1,38.3,21.7,12.4,20.8,89.6,2.8,"INE, Atlas de distribución de renta de los hogares, tablas 30824, 30829, 37677 y 30832"
28134,2016,17850,39534,13980,24.5,13.5,34.8,2.9,38.6,21.4,13.0,21.0,90.1,2.8,"INE, Atlas de distribución de renta de los hogares, tablas 30824, 30829, 37677 y 30832"
28134,2017,18550,40526,14323,23.2,13.2,34.1,2.8,39.0,21.6,13.7,20.8,90.0,2.8,"INE, Atlas de distribución de renta de los hogares, tablas 30824, 30829, 37677 y 30832"
28134,2018,19250,42904,15116,22.6,13.4,34.0,2.9,39.3,21.4,14.0,20.8,89.6,2.8,"INE, Atlas de distribución de renta de los hogares, tablas 30824, 30829, 37677 y 30832"
28134,2019,20650,44667,15636,22.0,12.9,33.5,2.7,39.5,20.7,14.3,20.6,88.7,2.8,"INE, Atlas de distribución de renta de los hogares, tablas 30824, 30829, 37677 y 30832"
28134,2020,20650,44359,15709,22.4,13.0,33.7,2.9,39.9,21.2,14.6,20.3,89.0,2.8,"INE, Atlas de distribución de renta de los hogares, tablas 30824, 30829, 37677 y 30832"
28134,2021,21350,45647,16371,22.1,12.3,33.0,2.8,40.2,22.0,15.1,20.3,88.8,2.8,"INE, Atlas de distribución de renta de los hogares, tablas 30824, 30829, 37677 y 30832"
28134,2022,22750,48982,17643,21.3,13.2,33.5,2.8,40.5,22.2,15.3,20.0,88.3,2.8,"INE, Atlas de distribución de renta de los hogares, tablas 30824, 30829, 37677 y 30832"
28134,2023,24150,52413,18761,20.1,13.6,33.5,2.7,40.8,22.3,15.7,19.5,87.3,2.8,"INE, Atlas de distribución de renta de los hogares, tablas 30824, 30829, 37677 y 30832"
28148,2015,14350,30392,10519,11.5,20.7,32.2,2.8,38.5,19.4,12.6,20.0,84.1,2.9,"INE, Atlas de distribución de renta de los hogares, tablas 30824, 30829, 37677 y 30832"
28148,2016,15050,31289,10454,11.7,21.9,32.8,3.2,38.8,18.4,13.3,20.3,84.7,2.9,"INE, Atlas de distribución de renta de los hogares, tablas 30824, 30829, 37677 y 30832"
28148,2017,15750,32266,11159,11.1,18.3,30.4,2.8,39.1,18.7,13.8,20.3,84.5,2.9,"INE, Atlas de distribución de renta de los hogares, tablas 30824, 30829, 37677 y 30832"
28148,2018,16450,33651,11638,10.4,17.7,29.8,2.6,39.5,19.1,14.4,20.2,84.3,2.9,"INE, Atlas de distribución de renta de los hogares, tablas 30824, 30829, 37677 y 30832"
28148,2019,17150,35308,12165,10.1,17.0,29.1,2.5,39.9,18.9,14.8,19.9,83.9,2.9,"INE, Atlas de distribución de renta de los hogares, tablas 30824, 30829, 37677 y 30832"
28148,2020,17150,35052,12188,10.2,17.5,29.3,2.5,40.3,19.6,15.2,19.6,84.1,2.9,"INE, Atlas de distribución de renta de los hogares, tablas 30824, 30829, 37677 y 30832"
28148,2021,17850,36317,12745,10.0,16.7,28.7,2.5,40.6,20.0,15.5,19.3,83.8,2.8,"INE, Atlas de distribución de renta de los hogares, tablas 30824, 30829, 37677 y 30832"
28148,2022,19250,38759,13541,9.1,17.1,28.5,2.5,40.9,19.8,15.8,18.9,82.7,2.8,"INE, Atlas de distribución de renta de los hogares, tablas 30824, 30829, 37677 y 30832"
28148,2023,19950,41459,14463,8.2,17.1,28.1,2.4,41.2,19.9,16.2,18.4,81.9,2.8,"INE, Atlas de distribución de renta de los hogares, tablas 30824, 30829, 37677 y 30832"
28161,2015,16450,32993,11003,14.2,16.2,30.3,2.6,34.9,16.6,8.0,25.7,90.3,3.0,"INE, Atlas de distribución de renta de los hogares, tablas 30824, 30829, 37677 y 30832"
28161,2016,16450,33882,11132,15.1,16.1,30.3,2.6,35.5,16.2,8.4,25.7,90.6,3.0,"INE, Atlas de distribución de renta de los hogares, tablas 30824, 30829, 37677 y 30832"
28161,2017,17150,34829,11593,13.6,14.6,29.0,2.5,35.9,17.0,8.8,25.4,90.8,3.0,"INE, Atlas de distribución de renta de los hogares, tablas 30824, 30829, 37677 y 30832"
28161,2018,17850,36360,12043,12.7,14.4,28.6,2.4,36.4,17.0,9.2,24.9,90.5,3.0,"INE, Atlas de distribución de renta de los hogares, tablas 30824, 30829, 37677 y 30832"
28161,2019,18550,38126,12628,12.1,13.9,28.0,2.4,36.9,17.0,9.5,24.4,90.0,3.0,"INE, Atlas de distribución de renta de los hogares, tablas 30824, 30829, 37677 y 30832"
28161,2020,18550,38246,12734,12.8,13.7,28.1,2.4,37.4,17.4,9.8,23.9,90.2,3.0,"INE, Atlas de distribución de renta de los hogares, tablas 30824, 30829, 37677 y 30832"
28161,2021,19250,39791,13327,12.3,13.3,27.6,2.4,37.9,17.7,10.1,23.3,90.0,3.0,"INE, Atlas de distribución de renta de los hogares, tablas 30824, 30829, 37677 y 30832"
28161,2022,20650,42398,14211,11.2,14.1,27.5,2.4,38.3,17.8,10.6,22.4,89.1,3.0,"INE, Atlas de distribución de renta de los hogares, tablas 30824, 30829, 37677 y 30832"
28161,2023,22050,45042,15196,10.3,14.3,27.2,2.3,38.8,18.2,10.9,21.4,88.6,2.9,"INE, Atlas de distribución de renta de los hogares, tablas 30824, 30829, 37677 y 30832"
28181,2015,22050,49702,16213,36.1,11.6,35.7,3.1,40.5,16.6,15.9,18.9,92.3,3.0,"INE, Atlas de distribución de renta de los hogares, tablas 30824, 30829, 37677 y 30832"
28181,2016,22050,51775,16808,37.5,10.9,35.7,2.9,40.9,16.3,16.8,19.2,92.1,3.0,"INE, Atlas de distribución de renta de los hogares, tablas 30824, 30829, 37677 y 30832"
28181,2017,22750,53347,17294,36.0,10.9,35.6,2.9,41.3,16.8,17.7,18.9,91.9,3.0,"INE, Atlas de distribución de renta de los hogares, tablas 30824, 30829, 37677 y 30832"
28181,2018,24150,54586,17646,35.0,11.3,34.9,3.0,41.6,16.9,18.2,18.6,91.2,3.0,"INE, Atlas de distribución de renta de los hogares, tablas 30824, 30829, 37677 y 30832"
28181,2019,24850,57226,18499,34.0,10.7,34.4,3.0,41.9,17.5,18.7,18.1,90.3,3.0,"INE, Atlas de distribución de renta de los hogares, tablas 30824, 30829, 37677 y 30832"
28181,2020,24850,56991,18547,34.2,10.6,34.4,3.0,42.3,17.9,19.1,17.8,90.3,3.0,"INE, Atlas de distribución de renta de los hogares, tablas 30824, 30829, 37677 y 30832"
28181,2021,26250,58788,19257,34.4,9.9,33.9,2.8,42.7,18.4,19.7,17.4,90.1,3.0,"INE, Atlas de distribución de renta de los hogares, tablas 30824, 30829, 37677 y 30832"
28181,2022,27650,62630,20438,32.8,10.5,33.7,2.8,42.8,18.9,19.9,17.0,89.4,3.0,"INE, Atlas de distribución de renta de los hogares, tablas 30824, 30829, 37677 y 30832"
28181,2023,29750,68382,22250,32.4,10.9,34.0,2.9,42.9,20.2,20.3,16.2,88.3,2.9,"INE, Atlas de distribución de renta de los hogares, tablas 30824, 30829, 37677 y 30832"
28903,2015,24850,51193,17992,43.1,8.3,31.5,2.6,38.2,22.8,10.6,21.0,93.2,2.8,"INE, Atlas de distribución de renta de los hogares, tablas 30824, 30829, 37677 y 30832"
28903,2016,25550,51533,18056,44.3,7.7,31.0,2.6,38.4,22.1,11.0,21.0,93.2,2.8,"INE, Atlas de distribución de renta de los hogares, tablas 30824, 30829, 37677 y 30832"
28903,2017,25550,51944,18227,41.3,7.5,30.2,2.5,38.7,22.2,11.6,20.6,93.3,2.8,"INE, Atlas de distribución de renta de los hogares, tablas 30824, 30829, 37677 y 30832"
28903,2018,26950,54475,19083,40.3,7.1,30.2,2.5,39.1,21.9,12.3,20.4,92.9,2.8,"INE, Atlas de distribución de renta de los hogares, tablas 30824, 30829, 37677 y 30832"
28903,2019,27650,56868,19686,39.3,6.8,29.2,2.4,39.5,20.6,13.0,20.1,92.5,2.9,"INE, Atlas de distribución de renta de los hogares, tablas 30824, 30829, 37677 y 30832"
28903,2020,27650,57055,19863,39.6,6.5,29.3,2.4,39.8,20.8,13.5,19.9,92.8,2.9,"INE, Atlas de distribución de renta de los hogares, tablas 30824, 30829, 37677 y 30832"
28903,2021,29050,59299,20477,38.8,6.0,28.7,2.4,40.1,19.7,14.2,19.9,92.4,2.9,"INE, Atlas de distribución de renta de los hogares, tablas 30824, 30829, 37677 y 30832"
28903,2022,30450,63353,21585,37.0,6.1,28.3,2.4,40.3,18.5,15.0,19.8,92.0,2.9,"INE, Atlas de distribución de renta de los hogares, tablas 30824, 30829, 37677 y 30832"
28903,2023,32550,67752,23133,35.3,6.4,28.3,2.3,40.6,18.6,15.6,19.7,91.3,2.9,"INE, Atlas de distribución de renta de los hogares, tablas 30824, 30829, 37677 y 30832"
29007,2015,12950,27973,9231,9.8,25.8,34.2,2.9,37.2,17.9,11.4,23.5,92.8,3.0,"INE, Atlas de distribución de renta de los hogares, tablas 30824, 30829, 37677 y 30832"
29007,2016,12950,28875,9454,10.4,24.5,34.0,3.0,37.5,17.2,11.7,23.6,93.0,3.0,"INE, Atlas de distribución de renta de los hogares, tablas 30824, 30829, 37677 y 30832"
29007,2017,13650,30293,9866,9.6,23.6,33.0,2.8,37.9,17.2,12.1,23.5,92.4,3.0,"INE, Atlas de distribución de renta de los hogares, tablas 30824, 30829, 37677 y 30832"
29007,2018,15050,32160,10487,9.3,22.3,32.0,2.7,38.3,17.1,12.5,23.2,92.2,3.0,"INE, Atlas de distribución de renta de los hogares, tablas 30824, 30829, 37677 y 30832"
29007,2019,15750,34275,11113,8.9,20.9,31.1,2.6,38.6,16.9,12.8,22.9,91.8,3.1,"INE, Atlas de distribución de renta de los hogares, tablas 30824, 30829, 37677 y 30832"
29007,2020,15750,34174,11081,9.4,21.2,31.5,2.6,38.9,16.8,13.1,22.6,91.7,3.1,"INE, Atlas de distribución de renta de los hogares, tablas 30824, 30829, 37677 y 30832"
29007,2021,16450,36562,11917,9.9,19.6,30.8,2.6,39.2,16.9,13.4,22.2,91.9,3.0,"INE, Atlas de distribución de renta de los hogares, tablas 30824, 30829, 37677 y 30832"
29007,2022,17850,39253,12835,9.3,19.2,30.5,2.6,39.6,17.0,13.8,21.6,91.1,3.0,"INE, Atlas de distribución de renta de los hogares, tablas 30824, 30829, 37677 y 30832"
29007,2023,19250,43020,14083,9.3,18.9,30.0,2.6,40.1,17.1,14.3,20.9,90.8,3.0,"INE, Atlas de distribución de renta de los hogares, tablas 30824, 30829, 37677 y 30832"
29015,2015,11550,24596,9013,7.0,26.2,32.6,2.6,40.4,23.4,16.0,19.7,96.2,2.7,"INE, Atlas de distribución de renta de los hogares, tablas 30824, 30829, 37677 y 30832"
29015,2016,12250,25056,9134,7.3,25.1,32.6,2.6,40.7,22.5,16.3,19.6,95.9,2.7,"INE, Atlas de distribución de renta de los hogares, tablas 30824, 30829, 37677 y 30832"
29015,2017,12950,25708,9457,6.4,24.4,31.2,2.5,41.1,23.5,16.6,19.4,95.8,2.7,"INE, Atlas de distribución de renta de los hogares, tablas 30824, 30829, 37677 y 30832"
29015,2018,13650,27087,10019,6.1,22.9,30.4,2.4,41.3,23.6,16.8,19.2,95.5,2.7,"INE, Atlas de distribución de renta de los hogares, tablas 30824, 30829, 37677 y 30832"
29015,2019,14350,28085,10467,6.0,22.9,29.8,2.4,41.6,24.1,16.9,18.9,95.0,2.7,"INE, Atlas de distribución de renta de los hogares, tablas 30824, 30829, 37677 y 30832"
29015,2020,14350,28104,10534,5.8,23.3,29.9,2.4,41.9,24.0,17.3,18.5,94.6,2.7,"INE, Atlas de distribución de renta de los hogares, tablas 30824, 30829, 37677 y 30832"
29015,2021,15050,29002,10993,5.7,22.1,29.0,2.4,42.4,24.3,17.9,18.1,94.9,2.6,"INE, Atlas de distribución de renta de los hogares, tablas 30824, 30829, 37677 y 30832"
29015,2022,15750,30568,11664,5.1,23.2,28.7,2.3,42.6,24.4,18.2,17.9,95.0,2.6,"INE, Atlas de distribución de renta de los hogares, tablas 30824, 30829, 37677 y 30832"
29015,2023,17150,32934,12633,4.7,22.9,28.1,2.3,42.8,25.0,18.6,17.5,94.5,2.6,"INE, Atlas de distribución de renta de los hogares, tablas 30824, 30829, 37677 y 30832"
29025,2015,11550,21986,9010,9.8,34.0,40.2,3.9,41.0,35.6,16.2,18.2,74.0,2.4,"INE, Atlas de distribución de renta de los hogares, tablas 30824, 30829, 37677 y 30832"
29025,2016,12250,22645,9277,10.5,31.7,39.4,4.1,40.2,34.0,14.6,19.1,73.8,2.4,"INE, Atlas de distribución de renta de los hogares, tablas 30824, 30829, 37677 y 30832"
29025,2017,12950,24329,9830,9.9,30.1,37.7,3.7,40.3,34.3,14.6,19.2,76.1,2.4,"INE, Atlas de distribución de renta de los hogares, tablas 30824, 30829, 37677 y 30832"
29025,2018,13650,25858,10464,9.6,28.8,37.0,3.5,40.6,34.4,15.0,19.2,76.2,2.4,"INE, Atlas de distribución de renta de los hogares, tablas 30824, 30829, 37677 y 30832"
29025,2019,14350,26985,10874,9.1,28.8,36.2,3.2,40.9,34.2,15.4,19.0,75.7,2.4,"INE, Atlas de distribución de renta de los hogares, tablas 30824, 30829, 37677 y 30832"
29025,2020,13650,26000,10525,8.5,31.4,36.9,3.5,41.3,33.9,15.8,18.7,75.6,2.4,"INE, Atlas de distribución de renta de los hogares, tablas 30824, 30829, 37677 y 30832"
29025,2021,14350,27647,11184,8.8,30.0,36.3,3.3,41.6,34.0,16.1,18.5,74.0,2.4,"INE, Atlas de distribución de renta de los hogares, tablas 30824, 30829, 37677 y 30832"
29025,2022,15750,30262,12100,8.3,29.8,36.0,3.3,41.9,32.9,16.6,18.0,71.9,2.5,"INE, Atlas de distribución de renta de los hogares, tablas 30824, 30829, 37677 y 30832"
29025,2023,17150,33901,13418,8.0,29.2,35.4,3.2,42.2,33.0,16.9,17.7,71.2,2.5,"INE, Atlas de distribución de renta de los hogares, tablas 30824, 30829, 37677 y 30832"
29051,2015,10850,22042,8099,6.2,33.0,36.0,3.1,39.4,26.3,14.6,20.7,77.4,2.6,"INE, Atlas de distribución de renta de los hogares, tablas 30824, 30829, 37677 y 30832"
29051,2016,11550,22489,8181,6.5,31.7,35.8,3.1,39.2,24.5,14.3,21.1,78.2,2.7,"INE, Atlas de distribución de renta de los hogares, tablas 30824, 30829, 37677 y 30832"
29051,2017,12250,23760,8808,6.2,29.8,34.1,2.9,39.6,26.6,14.6,20.8,78.4,2.6,"INE, Atlas de distribución de renta de los hogares, tablas 30824, 30829, 37677 y 30832"
29051,2018,12950,25134,9319,6.2,28.1,33.4,2.8,40.2,26.4,15.4,20.6,77.7,2.6,"INE, Atlas de distribución de renta de los hogares, tablas 30824, 30829, 37677 y 30832"
29051,2019,13650,26651,9834,5.9,28.0,32.7,2.7,40.5,26.2,15.8,20.2,76.5,2.6,"INE, Atlas de distribución de renta de los hogares, tablas 30824, 30829, 37677 y 30832"
29051,2020,12950,26162,9710,6.0,29.5,33.5,2.8,40.9,26.7,15.9,19.8,75.9,2.6,"INE, Atlas de distribución de renta de los hogares, tablas 30824, 30829, 37677 y 30832"
29051,2021,14350,27851,10405,6.3,27.9,33.0,2.7,41.3,27.0,16.4,19.3,74.4,2.6,"INE, Atlas de distribución de renta de los hogares, tablas 30824, 30829, 37677 y 30832"
29051,2022,15750,30341,11304,6.3,27.6,32.8,2.8,41.5,27.1,16.6,19.0,72.8,2.6,"INE, Atlas de distribución de renta de los hogares, tablas 30824, 30829, 37677 y 30832"
29051,2023,16450,34480,12741,6.0,27.3,32.5,2.5,41.6,26.8,16.7,18.7,72.1,2.6,"INE, Atlas de distribución de renta de los hogares, tablas 30824, 30829, 37677 y 30832"
29054,2015,10150,21045,7967,7.5,38.4,39.9,4.1,43.6,32.8,21.3,16.2,65.6,2.5,"INE, Atlas de distribución de renta de los hogares, tablas 30824, 30829, 37677 y 30832"
29054,2016,10150,21459,7885,7.8,38.4,40.5,4.1,43.3,29.6,20.5,16.6,68.3,2.5,"INE, Atlas de distribución de renta de los hogares, tablas 30824, 30829, 37677 y 30832"
29054,2017,11550,22523,8754,7.9,34.8,38.1,3.4,43.5,34.2,20.9,16.5,68.2,2.5,"INE, Atlas de distribución de renta de los hogares, tablas 30824, 30829, 37677 y 30832"
29054,2018,12250,23315,8922,7.4,35.0,37.8,3.5,44.5,33.3,22.4,15.7,64.1,2.5,"INE, Atlas de distribución de renta de los hogares, tablas 30824, 30829, 37677 y 30832"
29054,2019,12250,24344,9244,6.9,34.9,37.2,3.6,45.0,33.0,23.0,15.3,62.6,2.5,"INE, Atlas de distribución de renta de los hogares, tablas 30824, 30829, 37677 y 30832"
29054,2020,12250,23774,9114,6.9,36.7,37.8,3.6,45.4,33.2,23.5,15.0,62.9,2.5,"INE, Atlas de distribución de renta de los hogares, tablas 30824, 30829, 37677 y 30832"
29054,2021,12950,25255,9696,6.9,35.2,36.9,3.3,45.8,33.2,24.1,14.8,62.5,2.5,"INE, Atlas de distribución de renta de los hogares, tablas 30824, 30829, 37677 y 30832"
29054,2022,13650,27194,10396,6.5,35.6,36.7,3.2,45.8,33.1,24.1,14.9,61.9,2.5,"INE, Atlas de distribución de renta de los hogares, tablas 30824, 30829, 37677 y 30832"
29054,2023,15050,32091,12115,6.1,34.5,36.0,3.2,45.9,32.9,24.2,14.7,61.9,2.5,"INE, Atlas de distribución de renta de los hogares, tablas 30824, 30829, 37677 y 30832"
29067,2015,12250,25922,9471,10.1,29.7,37.0,3.5,40.9,25.3,16.8,18.9,92.5,2.7,"INE, Atlas de distribución de renta de los hogares, tablas 30824, 30829, 37677 y 30832"
29067,2016,12250,26673,9746,11.0,28.3,36.9,3.2,41.1,25.1,17.0,18.9,92.6,2.7,"INE, Atlas de distribución de renta de los hogares, tablas 30824, 30829, 37677 y 30832"
29067,2017,12950,27525,10119,10.0,27.9,35.8,3.3,41.4,25.6,17.4,18.7,92.4,2.7,"INE, Atlas de distribución de renta de los hogares, tablas 30824, 30829, 37677 y 30832"
29067,2018,13650,28917,10668,9.7,26.4,34.8,3.1,41.7,25.9,17.6,18.5,91.9,2.7,"INE, Atlas de distribución de renta de los hogares, tablas 30824, 30829, 37677 y 30832"
29067,2019,15050,30447,11253,9.4,25.7,34.0,3.0,41.9,26.0,17.9,18.2,91.3,2.7,"INE, Atlas de distribución de renta de los hogares, tablas 30824, 30829, 37677 y 30832"
29067,2020,14350,30219,11246,9.6,26.3,34.3,3.0,42.3,26.3,18.3,18.0,91.4,2.7,"INE, Atlas de distribución de renta de los hogares, tablas 30824, 30829, 37677 y 30832"
29067,2021,15050,31612,11902,9.5,25.4,33.7,2.9,42.5,26.8,18.6,17.7,91.0,2.6,"INE, Atlas de distribución de renta de los hogares, tablas 30824, 30829, 37677 y 30832"
29067,2022,16450,33786,12764,8.9,25.6,33.2,2.9,42.7,27.0,18.8,17.4,90.3,2.6,"INE, Atlas de distribución de renta de los hogares, tablas 30824, 30829, 37677 y 30832"
29067,2023,17850,36640,13847,8.4,24.8,32.5,2.8,42.9,27.1,19.2,17.0,89.6,2.6,"INE, Atlas de distribución de renta de los hogares, tablas 30824, 30829, 37677 y 30832"
29069,2015,11550,23926,8857,8.5,31.5,37.5,3.4,39.5,31.6,14.0,19.9,76.2,2.6,"INE, Atlas de distribución de renta de los hogares, tablas 30824, 30829, 37677 y 30832"
29069,2016,12250,25262,9016,8.9,29.9,37.0,3.4,39.6,27.9,14.0,20.0,76.5,2.7,"INE, Atlas de distribución de renta de los hogares, tablas 30824, 30829, 37677 y 30832"
29069,2017,12950,26120,9324,8.2,29.4,36.2,3.1,39.9,29.9,14.2,19.8,76.4,2.7,"INE, Atlas de distribución de renta de los hogares, tablas 30824, 30829, 37677 y 30832"
29069,2018,13650,27636,9876,8.1,28.3,35.6,2.9,40.3,29.5,14.8,19.6,75.4,2.7,"INE, Atlas de distribución de renta de los hogares, tablas 30824, 30829, 37677 y 30832"
29069,2019,14350,28943,10297,7.8,28.5,35.4,3.1,40.7,29.4,15.2,19.2,73.8,2.7,"INE, Atlas de distribución de renta de los hogares, tablas 30824, 30829, 37677 y 30832"
29069,2020,13650,27930,9993,7.5,30.8,36.1,3.0,41.1,29.5,15.6,18.7,73.8,2.7,"INE, Atlas de distribución de renta de los hogares, tablas 30824, 30829, 37677 y 30832"
29069,2021,14350,29943,10912,8.2,28.4,35.7,2.9,41.6,30.2,16.4,18.3,72.7,2.6,"INE, Atlas de distribución de renta de los hogares, tablas 30824, 30829, 37677 y 30832"
29069,2022,15750,33447,12050,8.4,28.4,35.9,2.9,41.8,29.8,16.6,18.0,71.2,2.7,"INE, Atlas de distribución de renta de los hogares, tablas 30824, 30829, 37677 y 30832"
29069,2023,17150,37606,13384,7.9,28.0,35.4,2.9,42.0,30.2,16.9,17.6,70.5,2.7,"INE, Atlas de distribución de renta de los hogares, tablas 30824, 30829, 37677 y 30832"
29070,2015,10150,19854,7387,5.3,39.1,38.4,3.8,38.6,29.6,13.6,21.3,68.4,2.6,"INE, Atlas de distribución de renta de los hogares, tablas 30824, 30829, 37677 y 30832"
29070,2016,10150,20235,7354,5.3,38.3,38.2,3.8,38.0,26.0,12.3,22.2,70.8,2.6,"INE, Atlas de distribución de renta de los hogares, tablas 30824, 30829, 37677 y 30832"
29070,2017,10850,21578,7937,5.2,36.4,36.6,3.4,38.5,29.4,12.9,21.7,68.9,2.6,"INE, Atlas de distribución de renta de los hogares, tablas 30824, 30829, 37677 y 30832"
29070,2018,11550,23074,8445,5.1,35.1,35.6,3.2,39.4,28.3,14.2,21.1,68.4,2.6,"INE, Atlas de distribución de renta de los hogares, tablas 30824, 30829, 37677 y 30832"
29070,2019,12250,24580,8950,4.9,34.0,34.6,3.0,39.6,27.8,14.2,20.8,67.6,2.6,"INE, Atlas de distribución de renta de los hogares, tablas 30824, 30829, 37677 y 30832"
29070,2020,11550,23888,8714,4.7,36.6,35.0,2.9,40.0,27.4,14.4,20.4,68.3,2.6,"INE, Atlas de distribución de renta de los hogares, tablas 30824, 30829, 37677 y 30832"
29070,2021,12950,25550,9421,5.3,34.0,34.6,2.8,40.2,27.5,14.5,20.2,67.8,2.6,"INE, Atlas de distribución de renta de los hogares, tablas 30824, 30829, 37677 y 30832"
29070,2022,14350,27764,10331,5.0,33.2,34.1,2.7,40.4,28.1,14.8,20.1,68.1,2.6,"INE, Atlas de distribución de renta de los hogares, tablas 30824, 30829, 37677 y 30832"
29070,2023,15750,31912,11823,4.9,32.0,33.1,2.8,40.7,28.4,15.0,19.7,68.2,2.6,"INE, Atlas de distribución de renta de los hogares, tablas 30824, 30829, 37677 y 30832"
29082,2015,14350,27989,10431,13.1,24.5,35.4,3.2,37.9,25.5,12.0,22.7,93.6,2.7,"INE, Atlas de distribución de renta de los hogares, tablas 30824, 30829, 37677 y 30832"
29082,2016,14350,28901,10725,14.5,22.6,34.5,3.3,38.2,25.1,12.3,22.8,93.6,2.7,"INE, Atlas de distribución de renta de los hogares, tablas 30824, 30829, 37677 y 30832"
29082,2017,15050,30007,11104,12.7,22.2,33.8,3.1,38.5,25.5,12.5,22.7,93.4,2.7,"INE, Atlas de distribución de renta de los hogares, tablas 30824, 30829, 37677 y 30832"
29082,2018,15750,31522,11683,12.1,20.7,32.7,2.9,39.0,25.2,12.8,22.3,92.9,2.7,"INE, Atlas de distribución de renta de los hogares, tablas 30824, 30829, 37677 y 30832"
29082,2019,17150,33169,12271,11.7,19.6,31.8,2.8,39.4,24.9,13.3,21.9,92.6,2.7,"INE, Atlas de distribución de renta de los hogares, tablas 30824, 30829, 37677 y 30832"
29082,2020,17150,33519,12430,12.2,19.7,32.1,2.9,39.8,24.8,13.6,21.6,92.7,2.7,"INE, Atlas de distribución de renta de los hogares, tablas 30824, 30829, 37677 y 30832"
29082,2021,17850,34365,13271,12.7,19.0,31.9,2.8,40.2,28.2,14.0,21.3,92.9,2.6,"INE, Atlas de distribución de renta de los hogares, tablas 30824, 30829, 37677 y 30832"
29082,2022,19250,35496,14268,12.2,20.4,32.4,2.8,40.6,30.3,14.5,20.8,92.3,2.5,"INE, Atlas de distribución de renta de los hogares, tablas 30824, 30829, 37677 y 30832"
29082,2023,19950,37913,15614,11.5,19.7,32.3,2.8,41.0,31.4,14.9,20.1,91.9,2.4,"INE, Atlas de distribución de renta de los hogares, tablas 30824, 30829, 37677 y 30832"
29084,2015,11550,23760,9024,7.9,28.3,34.3,2.9,41.3,26.5,17.2,18.1,97.0,2.6,"INE, Atlas de distribución de renta de los hogares, tablas 30824, 30829, 37677 y 30832"
29084,2016,12250,24593,9327,8.9,26.6,34.2,3.0,41.7,26.1,17.6,17.9,97.1,2.6,"INE, Atlas de distribución de renta de los hogares, tablas 30824, 30829, 37677 y 30832"
29084,2017,12950,25258,9723,7.9,25.8,32.7,2.8,42.1,26.9,17.9,17.6,97.0,2.6,"INE, Atlas de distribución de renta de los hogares, tablas 30824, 30829, 37677 y 30832"
29084,2018,13650,26279,10218,7.4,24.9,32.1,2.7,42.5,27.4,18.2,17.4,96.8,2.6,"INE, Atlas de distribución de renta de los hogares, tablas 30824, 30829, 37677 y 30832"
29084,2019,14350,27362,10698,6.7,23.8,31.0,2.5,42.9,27.9,18.6,17.1,96.7,2.5,"INE, Atlas de distribución de renta de los hogares, tablas 30824, 30829, 37677 y 30832"
29084,2020,13650,26824,10590,6.9,26.4,31.9,2.7,43.2,28.2,19.0,16.8,96.5,2.5,"INE, Atlas de distribución de renta de los hogares, tablas 30824, 30829, 37677 y 30832"
29084,2021,15050,28353,11278,6.9,24.5,30.6,2.6,43.5,28.4,19.3,16.7,96.3,2.5,"INE, Atlas de distribución de renta de los hogares, tablas 30824, 30829, 37677 y 30832"
29084,2022,15750,30008,12067,6.3,25.2,30.2,2.6,43.9,29.1,19.9,16.2,95.8,2.5,"INE, Atlas de distribución de renta de los hogares, tablas 30824, 30829, 37677 y 30832"
29084,2023,17150,32294,13057,6.0,25.1,30.0,2.4,44.2,29.4,20.2,16.1,95.1,2.5,"INE, Atlas de distribución de renta de los hogares, tablas 30824, 30829, 37677 y 30832"
29094,2015,10150,21354,8088,6.4,36.4,36.9,3.4,39.8,28.0,15.4,20.0,91.2,2.6,"INE, Atlas de distribución de renta de los hogares, tablas 30824, 30829, 37677 y 30832"
29094,2016,10850,21998,8198,6.8,35.3,36.9,3.4,40.0,27.0,15.5,20.1,91.1,2.6,"INE, Atlas de distribución de renta de los hogares, tablas 30824, 30829, 37677 y 30832"
29094,2017,11550,23083,8725,6.1,33.0,34.9,3.2,40.3,28.0,15.8,20.1,90.8,2.6,"INE, Atlas de distribución de renta de los hogares, tablas 30824, 30829, 37677 y 30832"
29094,2018,12250,24320,9222,5.9,31.2,33.8,3.0,40.6,28.3,16.1,20.0,90.7,2.6,"INE, Atlas de distribución de renta de los hogares, tablas 30824, 30829, 37677 y 30832"
29094,2019,12950,25750,9769,5.6,29.7,32.5,2.8,40.9,28.2,16.5,19.8,90.4,2.6,"INE, Atlas de distribución de renta de los hogares, tablas 30824, 30829, 37677 y 30832"
29094,2020,12950,26076,9966,5.9,29.8,32.8,2.9,41.3,28.6,16.8,19.6,90.8,2.6,"INE, Atlas de distribución de renta de los hogares, tablas 30824, 30829, 37677 y 30832"
29094,2021,13650,27436,10570,6.0,28.3,31.9,2.7,41.6,28.9,17.2,19.2,90.6,2.6,"INE, Atlas de distribución de renta de los hogares, tablas 30824, 30829, 37677 y 30832"
29094,2022,15050,28854,11175,5.3,29.3,31.6,2.7,42.0,29.1,17.7,18.7,89.2,2.5,"INE, Atlas de distribución de renta de los hogares, tablas 30824, 30829, 37677 y 30832"
29094,2023,15750,31280,12154,5.1,28.8,31.1,2.6,42.3,29.4,18.1,18.3,88.8,2.5,"INE, Atlas de distribución de renta de los hogares, tablas 30824, 30829, 37677 y 30832"
29901,2015,12250,23226,9540,10.6,31.8,38.9,4.1,41.3,36.1,16.8,18.0,79.5,2.4,"INE, Atlas de distribución de renta de los hogares, tablas 30824, 30829, 37677 y 30832"
29901,2016,12250,23334,9575,11.4,31.0,38.8,3.7,41.3,34.7,16.5,18.1,80.6,2.4,"INE, Atlas de distribución de renta de los hogares, tablas 30824, 30829, 37677 y 30832"
29901,2017,12950,24171,10018,10.2,30.1,37.5,3.8,41.6,36.0,16.8,18.1,80.0,2.4,"INE, Atlas de distribución de renta de los hogares, tablas 30824, 30829, 37677 y 30832"
29901,2018,13650,25359,10507,9.6,29.2,36.7,3.5,42.0,35.9,17.4,17.9,79.6,2.4,"INE, Atlas de distribución de renta de los hogares, tablas 30824, 30829, 37677 y 30832"
29901,2019,14350,26785,11079,9.2,28.7,35.8,3.3,42.2,35.4,17.4,17.7,79.6,2.4,"INE, Atlas de distribución de renta de los hogares, tablas 30824, 30829, 37677 y 30832"
29901,2020,13650,25810,10794,9.0,30.8,36.5,3.5,42.7,35.9,17.9,17.4,80.3,2.4,"INE, Atlas de distribución de renta de los hogares, tablas 30824, 30829, 37677 y 30832"
29901,2021,15050,27610,11531,8.9,28.9,35.5,3.1,43.0,35.8,18.2,17.2,80.3,2.3,"INE, Atlas de distribución de renta de los hogares, tablas 30824, 30829, 37677 y 30832"
29901,2022,15750,30002,12481,8.6,28.9,35.1,3.1,43.1,35.5,18.3,17.0,79.3,2.4,"INE, Atlas de distribución de renta de los hogares, tablas 30824, 30829, 37677 y 30832"
29901,2023,17150,33655,13845,8.3,27.4,34.2,3.0,43.3,34.9,18.5,16.7,78.7,2.4,"INE, Atlas de distribución de renta de los hogares, tablas 30824, 30829, 37677 y 30832"
30003,2015,10850,22373,7977,4.6,31.9,32.9,2.9,39.6,26.0,15.6,20.4,87.6,2.7,"INE, Atlas de distribución de renta de los hogares, tablas 30824, 30829, 37677 y 30832"
30003,2016,11550,23222,8269,4.9,30.2,32.1,2.6,39.8,25.5,15.6,20.4,88.4,2.8,"INE, Atlas de distribución de renta de los hogares, tablas 30824, 30829, 37677 y 30832"
30003,2017,11550,24222,8684,4.5,28.6,31.0,2.4,40.1,26.2,16.0,20.1,88.3,2.7,"INE, Atlas de distribución de renta de los hogares, tablas 30824, 30829, 37677 y 30832"
30003,2018,12250,25027,9011,4.1,28.6,30.3,2.5,40.5,25.8,16.6,19.9,88.3,2.7,"INE, Atlas de distribución de renta de los hogares, tablas 30824, 30829, 37677 y 30832"
30003,2019,12950,26011,9383,3.8,28.7,29.6,2.4,40.7,25.9,16.8,19.7,88.0,2.7,"INE, Atlas de distribución de renta de los hogares, tablas 30824, 30829, 37677 y 30832"
30003,2020,12950,26394,9658,4.2,28.2,30.2,2.5,41.1,26.4,17.0,19.3,88.1,2.7,"INE, Atlas de distribución de renta de los hogares, tablas 30824, 30829, 37677 y 30832"
30003,2021,13650,27392,10110,4.4,28.6,29.9,2.6,41.4,27.2,17.2,19.0,87.8,2.7,"INE, Atlas de distribución de renta de los hogares, tablas 30824, 30829, 37677 y 30832"
30003,2022,14350,28446,10556,3.9,29.3,29.5,2.4,41.6,27.1,17.7,18.7,88.1,2.7,"INE, Atlas de distribución de renta de los hogares, tablas 30824, 30829, 37677 y 30832"
30003,2023,15750,30995,11511,3.7,29.6,29.6,2.4,41.8,27.1,18.1,18.5,87.5,2.7,"INE, Atlas de distribución de renta de los hogares, tablas 30824, 30829, 37677 y 30832"
30005,2015,11550,23875,8305,5.7,31.5,34.3,3.1,38.2,22.3,13.4,21.8,91.3,2.8,"INE, Atlas de distribución de renta de los hogares, tablas 30824, 30829, 37677 y 30832"
30005,2016,11550,24567,8465,5.9,30.3,34.0,3.2,38.5,21.8,13.6,21.6,91.6,2.8,"INE, Atlas de distribución de renta de los hogares, tablas 30824, 30829, 37677 y 30832"
30005,2017,12250,25321,8835,5.1,28.9,32.5,2.9,38.8,22.5,13.8,21.6,91.4,2.8,"INE, Atlas de distribución de renta de los hogares, tablas 30824, 30829, 37677 y 30832"
30005,2018,12950,26324,9197,4.7,28.2,31.8,2.7,39.2,22.5,14.1,21.2,90.7,2.8,"INE, Atlas de distribución de renta de los hogares, tablas 30824, 30829, 37677 y 30832"
30005,2019,13650,27895,9706,4.8,28.2,31.1,2.7,39.6,22.4,14.4,20.8,90.1,2.8,"INE, Atlas de distribución de renta de los hogares, tablas 30824, 30829, 37677 y 30832"
30005,2020,13650,28292,9885,5.2,27.5,31.0,2.7,39.8,22.4,14.6,20.7,89.7,2.8,"INE, Atlas de distribución de renta de los hogares, tablas 30824, 30829, 37677 y 30832"
30005,2021,14350,29393,10312,4.9,27.6,30.6,2.7,40.1,22.8,14.9,20.3,89.6,2.8,"INE, Atlas de distribución de renta de los hogares, tablas 30824, 30829, 37677 y 30832"
30005,2022,15050,30763,10805,4.0,29.7,30.3,2.7,40.3,22.8,15.1,20.0,89.2,2.8,"INE, Atlas de distribución de renta de los hogares, tablas 30824, 30829, 37677 y 30832"
30005,2023,15750,32961,11621,3.7,30.0,30.1,2.6,40.5,22.9,15.3,19.6,88.9,2.8,"INE, Atlas de distribución de renta de los hogares, tablas 30824, 30829, 37677 y 30832"
30015,2015,10850,23210,8159,4.9,30.5,32.2,2.6,41.0,23.1,17.3,19.5,92.8,2.8,"INE, Atlas de distribución de renta de los hogares, tablas 30824, 30829, 37677 y 30832"
30015,2016,10850,23619,8192,5.2,30.4,32.6,2.6,41.2,22.0,17.5,19.3,93.0,2.8,"INE, Atlas de distribución de renta de los hogares, tablas 30824, 30829, 37677 y 30832"
30015,2017,11550,24568,8745,4.6,27.5,30.4,2.4,41.3,23.5,17.4,19.4,92.8,2.8,"INE, Atlas de distribución de renta de los hogares, tablas 30824, 30829, 37677 y 30832"
30015,2018,12250,25658,9195,4.4,26.8,29.8,2.4,41.7,23.5,17.7,19.1,92.6,2.8,"INE, Atlas de distribución de renta de los hogares, tablas 30824, 30829, 37677 y 30832"
30015,2019,12950,26795,9627,4.3,26.5,29.3,2.5,42.0,23.8,18.0,18.7,92.3,2.7,"INE, Atlas de distribución de renta de los hogares, tablas 30824, 30829, 37677 y 30832"
30015,2020,13650,27528,9965,5.0,25.8,29.6,2.4,42.3,24.5,18.1,18.2,92.4,2.7,"INE, Atlas de distribución de renta de los hogares, tablas 30824, 30829, 37677 y 30832"
30015,2021,14350,28609,10405,4.5,24.9,28.7,2.4,42.5,24.6,18.2,18.0,92.2,2.7,"INE, Atlas de distribución de renta de los hogares, tablas 30824, 30829, 37677 y 30832"
30015,2022,15050,29724,10907,3.9,27.5,29.0,2.3,42.7,24.7,18.5,17.7,91.4,2.7,"INE, Atlas de distribución de renta de los hogares, tablas 30824, 30829, 37677 y 30832"
30015,2023,15750,31850,11819,3.8,27.7,28.6,2.3,42.9,25.4,19.1,17.5,90.8,2.7,"INE, Atlas de distribución de renta de los hogares, tablas 30824, 30829, 37677 y 30832"
30016,2015,12950,27499,9499,9.7,27.3,34.9,3.2,40.1,23.2,16.4,20.8,88.6,2.8,"INE, Atlas de distribución de renta de los hogares, tablas 30824, 30829, 37677 y 30832"
30016,2016,12950,28169,9757,10.4,25.6,34.2,2.9,40.3,22.9,16.5,20.8,89.2,2.8,"INE, Atlas de distribución de renta de los hogares, tablas 30824, 30829, 37677 y 30832"
30016,2017,13650,28835,10051,9.3,25.6,33.4,3.0,40.5,23.5,16.8,20.8,89.3,2.8,"INE, Atlas de distribución de renta de los hogares, tablas 30824, 30829, 37677 y 30832"
30016,2018,14350,30052,10509,8.6,24.8,32.7,2.8,40.9,23.8,17.0,20.5,89.1,2.8,"INE, Atlas de distribución de renta de los hogares, tablas 30824, 30829, 37677 y 30832"
30016,2019,15050,31411,10998,8.4,25.0,32.2,2.9,41.1,23.9,17.2,20.4,88.7,2.8,"INE, Atlas de distribución de renta de los hogares, tablas 30824, 30829, 37677 y 30832"
30016,2020,15050,31459,11092,8.8,24.9,32.4,2.8,41.4,24.3,17.5,20.1,88.9,2.8,"INE, Atlas de distribución de renta de los hogares, tablas 30824, 30829, 37677 y 30832"
30016,2021,15750,32527,11560,8.7,24.6,31.9,2.8,41.6,24.6,17.8,19.8,89.0,2.8,"INE, Atlas de distribución de renta de los hogares, tablas 30824, 30829, 37677 y 30832"
30016,2022,16450,34201,12234,7.6,25.8,31.7,2.8,41.8,25.0,18.1,19.6,89.0,2.8,"INE, Atlas de distribución de renta de los hogares, tablas 30824, 30829, 37677 y 30832"
30016,2023,17150,36484,13126,6.8,26.1,31.3,2.7,42.0,25.4,18.4,19.2,88.8,2.7,"INE, Atlas de distribución de renta de los hogares, tablas 30824, 30829, 37677 y 30832"
30019,2015,11550,24245,8180,4.8,28.1,30.1,2.3,39.7,18.5,15.9,20.3,91.9,2.9,"INE, Atlas de distribución de renta de los hogares, tablas 30824, 30829, 37677 y 30832"
30019,2016,11550,24260,8262,4.8,27.3,29.6,2.3,40.0,18.8,16.2,20.3,92.1,2.9,"INE, Atlas de distribución de renta de los hogares, tablas 30824, 30829, 37677 y 30832"
30019,2017,12250,25350,8695,4.3,25.7,28.4,2.2,40.3,18.6,16.4,20.2,92.0,2.9,"INE, Atlas de distribución de renta de los hogares, tablas 30824, 30829, 37677 y 30832"
30019,2018,12950,26645,9183,4.3,25.1,28.4,2.4,40.6,19.3,16.6,20.0,91.7,2.9,"INE, Atlas de distribución de renta de los hogares, tablas 30824, 30829, 37677 y 30832"
30019,2019,12950,27648,9500,3.8,25.1,27.7,2.2,40.8,19.6,16.6,19.6,91.0,2.9,"INE, Atlas de distribución de renta de los hogares, tablas 30824, 30829, 37677 y 30832"
30019,2020,13650,28636,9919,4.6,23.6,27.9,2.4,41.1,19.7,16.8,19.4,90.9,2.9,"INE, Atlas de distribución de renta de los hogares, tablas 30824, 30829, 37677 y 30832"
30019,2021,14350,29439,10262,4.1,23.9,27.6,2.3,41.3,20.1,16.9,19.2,90.7,2.9,"INE, Atlas de distribución de renta de los hogares, tablas 30824, 30829, 37677 y 30832"
30019,2022,15050,30539,10762,3.6,26.1,27.8,2.3,41.5,20.6,17.2,19.1,90.7,2.8,"INE, Atlas de distribución de renta de los hogares, tablas 30824, 30829, 37677 y 30832"
30019,2023,15750,32381,11513,3.1,26.6,27.3,2.3,41.7,21.1,17.6,19.0,90.5,2.8,"INE, Atlas de distribución de renta de los hogares, tablas 30824, 30829, 37677 y 30832"
30022,2015,10150,21248,7270,4.0,35.2,33.0,2.8,38.8,22.8,14.0,20.4,84.2,2.9,"INE, Atlas de distribución de renta de los hogares, tablas 30824, 30829, 37677 y 30832"
30022,2016,10850,22486,7651,3.6,33.5,32.0,2.8,39.0,22.4,14.1,20.6,84.0,2.9,"INE, Atlas de distribución de renta de los hogares, tablas 30824, 30829, 37677 y 30832"
30022,2017,11550,23512,8113,3.5,31.1,30.3,2.6,39.2,23.0,14.3,20.4,83.9,2.9,"INE, Atlas de distribución de renta de los hogares, tablas 30824, 30829, 37677 y 30832"
30022,2018,12250,24707,8504,3.1,30.3,29.7,2.4,39.4,22.6,14.4,20.1,83.6,2.9,"INE, Atlas de distribución de renta de los hogares, tablas 30824, 30829, 37677 y 30832"
30022,2019,12250,26192,8943,3.0,29.6,29.1,2.3,39.5,22.3,14.5,19.9,82.8,2.9,"INE, Atlas de distribución de renta de los hogares, tablas 30824, 30829, 37677 y 30832"
30022,2020,12950,26745,9155,3.2,28.4,28.9,2.4,39.7,21.9,14.5,19.6,82.6,2.9,"INE, Atlas de distribución de renta de los hogares, tablas 30824, 30829, 37677 y 30832"
30022,2021,12950,27710,9471,2.9,28.5,28.4,2.3,39.9,21.8,14.5,19.4,81.6,2.9,"INE, Atlas de distribución de renta de los hogares, tablas 30824, 30829, 37677 y 30832"
30022,2022,13650,28542,9851,2.7,31.3,28.3,2.4,40.0,21.8,14.8,19.2,82.1,2.9,"INE, Atlas de distribución de renta de los hogares, tablas 30824, 30829, 37677 y 30832"
30022,2023,15050,30781,10606,2.5,32.4,28.2,2.3,40.2,22.1,15.1,19.1,81.3,2.9,"INE, Atlas de distribución de renta de los hogares, tablas 30824, 30829, 37677 y 30832"
30024,2015,11550,26137,8339,5.7,26.8,31.2,2.4,38.9,20.8,14.8,21.0,80.2,3.1,"INE, Atlas de distribución de renta de los hogares, tablas 30824, 30829, 37677 y 30832"
30024,2016,11550,26156,8473,5.9,25.9,30.9,2.4,39.2,21.1,15.1,20.9,80.5,3.0,"INE, Atlas de distribución de renta de los hogares, tablas 30824, 30829, 37677 y 30832"
30024,2017,12250,27149,8794,5.5,25.5,29.9,2.3,39.3,21.9,15.1,20.9,79.8,3.0,"INE, Atlas de distribución de renta de los hogares, tablas 30824, 30829, 37677 y 30832"
30024,2018,12950,28507,9181,4.9,25.6,29.4,2.4,39.5,21.2,15.2,20.7,79.4,3.0,"INE, Atlas de distribución de renta de los hogares, tablas 30824, 30829, 37677 y 30832"
30024,2019,13650,30007,9614,4.9,25.8,29.0,2.3,39.6,20.9,15.2,20.6,78.9,3.1,"INE, Atlas de distribución de renta de los hogares, tablas 30824, 30829, 37677 y 30832"
30024,2020,13650,30468,9777,5.1,24.8,29.0,2.4,39.8,20.9,15.3,20.3,78.4,3.1,"INE, Atlas de distribución de renta de los hogares, tablas 30824, 30829, 37677 y 30832"
30024,2021,14350,31561,10147,4.9,25.2,28.7,2.4,39.8,20.8,15.2,20.3,77.9,3.1,"INE, Atlas de distribución de renta de los hogares, tablas 30824, 30829, 37677 y 30832"
30024,2022,15050,32974,10640,4.2,27.3,28.8,2.3,39.9,20.7,15.3,20.3,78.2,3.1,"INE, Atlas de distribución de renta de los hogares, tablas 30824, 30829, 37677 y 30832"
30024,2023,15750,35178,11470,4.1,27.8,28.7,2.3,40.0,20.7,15.4,20.4,78.6,3.0,"INE, Atlas de distribución de renta de los hogares, tablas 30824, 30829, 37677 y 30832"
30026,2015,10150,19597,7207,3.3,37.5,34.4,3.0,42.0,28.4,20.3,18.0,64.3,2.6,"INE, Atlas de distribución de renta de los hogares, tablas 30824, 30829, 37677 y 30832"
30026,2016,10150,19794,7056,3.3,37.4,34.4,3.0,41.2,25.7,18.9,18.8,63.9,2.6,"INE, Atlas de distribución de renta de los hogares, tablas 30824, 30829, 37677 y 30832"
30026,2017,10850,21195,7821,3.2,33.2,31.6,2.5,41.5,29.3,19.1,18.8,63.5,2.6,"INE, Atlas de distribución de renta de los hogares, tablas 30824, 30829, 37677 y 30832"
30026,2018,11550,22129,8177,2.9,33.8,31.3,2.6,42.2,28.5,20.0,18.2,63.0,2.6,"INE, Atlas de distribución de renta de los hogares, tablas 30824, 30829, 37677 y 30832"
30026,2019,12250,23406,8667,3.0,32.4,30.7,2.5,42.5,28.6,19.9,18.0,62.7,2.6,"INE, Atlas de distribución de renta de los hogares, tablas 30824, 30829, 37677 y 30832"
30026,2020,12250,23511,8826,3.1,32.2,30.5,2.5,42.8,29.4,19.9,17.8,63.5,2.6,"INE, Atlas de distribución de renta de los hogares, tablas 30824, 30829, 37677 y 30832"
30026,2021,12950,24240,9192,3.1,33.3,30.4,2.6,43.0,29.8,20.3,17.6,62.9,2.5,"INE, Atlas de distribución de renta de los hogares, tablas 30824, 30829, 37677 y 30832"
30026,2022,13650,25171,9533,2.6,35.3,30.6,2.5,43.3,30.6,21.1,17.6,62.7,2.5,"INE, Atlas de distribución de renta de los hogares, tablas 30824, 30829, 37677 y 30832"
30026,2023,14350,27662,10468,2.3,35.7,30.0,2.4,43.4,31.0,21.3,17.6,63.0,2.5,"INE, Atlas de distribución de renta de los hogares, tablas 30824, 30829, 37677 y 30832"
30027,2015,12950,28815,9880,10.8,25.1,35.3,3.0,37.5,21.5,11.6,22.6,89.3,2.9,"INE, Atlas de distribución de renta de los hogares, tablas 30824, 30829, 37677 y 30832"
30027,2016,13650,29540,9987,11.5,24.7,35.4,3.0,37.8,20.8,11.9,22.7,89.7,2.9,"INE, Atlas de distribución de renta de los hogares, tablas 30824, 30829, 37677 y 30832"
30027,2017,14350,30226,10417,10.7,22.4,33.4,2.8,38.1,21.8,12.2,22.5,89.5,2.9,"INE, Atlas de distribución de renta de los hogares, tablas 30824, 30829, 37677 y 30832"
30027,2018,15050,32070,11104,10.3,21.9,33.1,2.7,38.4,21.9,12.5,22.3,89.1,2.9,"INE, Atlas de distribución de renta de los hogares, tablas 30824, 30829, 37677 y 30832"
30027,2019,15750,33601,11574,9.8,21.9,32.6,2.8,38.6,21.7,12.8,22.2,88.4,2.9,"INE, Atlas de distribución de renta de los hogares, tablas 30824, 30829, 37677 y 30832"
30027,2020,15750,33782,11715,10.3,21.2,32.4,2.6,39.0,21.9,13.0,21.9,88.8,2.9,"INE, Atlas de distribución de renta de los hogares, tablas 30824, 30829, 37677 y 30832"
30027,2021,16450,35520,12296,10.3,21.2,32.3,2.8,39.2,21.7,13.3,21.7,88.3,2.9,"INE, Atlas de distribución de renta de los hogares, tablas 30824, 30829, 37677 y 30832"
30027,2022,17150,37731,13114,8.9,22.9,32.3,2.7,39.5,22.1,13.6,21.3,88.1,2.9,"INE, Atlas de distribución de renta de los hogares, tablas 30824, 30829, 37677 y 30832"
30027,2023,18550,39382,13766,8.5,23.1,31.9,2.7,39.8,22.3,14.1,20.9,87.9,2.8,"INE, Atlas de distribución de renta de los hogares, tablas 30824, 30829, 37677 y 30832"
30030,2015,12950,28979,10066,12.3,26.0,36.2,3.4,39.5,23.7,15.1,20.5,89.0,2.8,"INE, Atlas de distribución de renta de los hogares, tablas 30824, 30829, 37677 y 30832"
30030,2016,13650,29812,10389,13.0,24.4,35.7,3.1,39.7,23.6,15.3,20.5,89.1,2.8,"INE, Atlas de distribución de renta de los hogares, tablas 30824, 30829, 37677 y 30832"
30030,2017,13650,30582,10703,11.9,24.0,34.8,2.9,40.0,24.0,15.4,20.4,88.9,2.8,"INE, Atlas de distribución de renta de los hogares, tablas 30824, 30829, 37677 y 30832"
30030,2018,14350,31812,11159,11.1,23.9,34.3,3.0,40.2,24.1,15.6,20.2,88.2,2.8,"INE, Atlas de distribución de renta de los hogares, tablas 30824, 30829, 37677 y 30832"
30030,2019,15050,33224,11631,10.8,23.7,33.8,2.8,40.4,24.1,15.8,19.9,87.4,2.8,"INE, Atlas de distribución de renta de los hogares, tablas 30824, 30829, 37677 y 30832"
30030,2020,15750,33461,11778,11.3,23.4,33.7,2.9,40.7,24.2,16.0,19.6,87.5,2.8,"INE, Atlas de distribución de renta de los hogares, tablas 30824, 30829, 37677 y 30832"
30030,2021,16450,34694,12305,11.1,23.1,33.3,2.8,40.9,24.5,16.2,19.4,87.6,2.8,"INE, Atlas de distribución de renta de los hogares, tablas 30824, 30829, 37677 y 30832"
30030,2022,17150,36450,13017,9.9,24.3,33.1,2.9,41.1,24.9,16.4,19.2,87.8,2.8,"INE, Atlas de distribución de renta de los hogares, tablas 30824, 30829, 37677 y 30832"
30030,2023,17850,38682,13906,9.1,24.4,32.7,2.9,41.3,25.2,16.7,18.8,87.7,2.8,"INE, Atlas de distribución de renta de los hogares, tablas 30824, 30829, 37677 y 30832"
30035,2015,11550,24186,8484,8.7,30.7,35.7,3.4,38.3,27.6,14.0,22.1,74.8,2.8,"INE, Atlas de distribución de renta de los hogares, tablas 30824, 30829, 37677 y 30832"
30035,2016,12250,26240,9134,8.9,29.3,35.3,3.1,38.4,26.5,14.0,22.5,76.0,2.8,"INE, Atlas de distribución de renta de los hogares, tablas 30824, 30829, 37677 y 30832"
30035,2017,12950,26969,9560,7.8,28.3,34.1,2.9,38.6,28.4,14.2,22.4,76.0,2.7,"INE, Atlas de distribución de renta de los hogares, tablas 30824, 30829, 37677 y 30832"
30035,2018,12950,27676,9885,7.5,28.6,33.5,2.9,38.9,28.5,14.4,22.3,75.5,2.7,"INE, Atlas de distribución de renta de los hogares, tablas 30824, 30829, 37677 y 30832"
30035,2019,13650,28690,10233,7.1,28.0,32.9,2.8,39.3,29.0,14.7,22.0,74.9,2.7,"INE, Atlas de distribución de renta de los hogares, tablas 30824, 30829, 37677 y 30832"
30035,2020,13650,28835,10424,7.5,27.8,33.0,2.8,39.6,29.2,15.1,21.7,75.8,2.7,"INE, Atlas de distribución de renta de los hogares, tablas 30824, 30829, 37677 y 30832"
30035,2021,14350,29784,10872,7.3,28.1,32.7,2.9,39.8,29.2,15.2,21.5,75.9,2.7,"INE, Atlas de distribución de renta de los hogares, tablas 30824, 30829, 37677 y 30832"
30035,2022,15050,30980,11356,6.5,30.5,33.1,2.8,40.1,29.3,15.4,21.3,75.9,2.7,"INE, Atlas de distribución de renta de los hogares, tablas 30824, 30829, 37677 y 30832"
30035,2023,16450,33881,12495,6.3,30.6,33.0,2.8,40.3,29.9,15.8,21.0,76.3,2.7,"INE, Atlas de distribución de renta de los hogares, tablas 30824, 30829, 37677 y 30832"
30037,2015,10850,23974,7650,4.8,32.7,33.1,2.9,36.1,20.6,11.2,24.7,70.9,3.1,"INE, Atlas de distribución de renta de los hogares, tablas 30824, 30829, 37677 y 30832"
30037,2016,10850,24563,7739,4.7,32.1,32.6,2.9,36.1,19.0,11.2,25.1,70.5,3.1,"INE, Atlas de distribución de renta de los hogares, tablas 30824, 30829, 37677 y 30832"
30037,2017,11550,25423,8121,4.2,31.3,31.0,2.7,36.4,20.4,11.3,24.9,70.2,3.1,"INE, Atlas de distribución de renta de los hogares, tablas 30824, 30829, 37677 y 30832"
30037,2018,12250,26487,8504,3.8,30.9,30.5,2.5,36.7,20.3,11.6,24.8,70.2,3.1,"INE, Atlas de distribución de renta de los hogares, tablas 30824, 30829, 37677 y 30832"
30037,2019,12950,28054,9016,3.9,30.7,30.3,2.6,36.9,20.2,11.7,24.5,69.7,3.1,"INE, Atlas de distribución de renta de los hogares, tablas 30824, 30829, 37677 y 30832"
30037,2020,12950,27974,9034,4.0,29.9,30.1,2.5,37.4,20.2,12.1,24.0,69.9,3.0,"INE, Atlas de distribución de renta de los hogares, tablas 30824, 30829, 37677 y 30832"
30037,2021,13650,29017,9369,4.0,30.5,29.6,2.5,37.6,20.4,12.2,23.9,70.0,3.0,"INE, Atlas de distribución de renta de los hogares, tablas 30824, 30829, 37677 y 30832"
30037,2022,13650,30099,9787,3.3,33.5,29.8,2.7,37.7,20.8,12.3,23.8,70.7,3.0,"INE, Atlas de distribución de renta de los hogares, tablas 30824, 30829, 37677 y 30832"
30037,2023,15050,33036,10699,3.5,33.4,30.0,2.6,38.0,21.2,12.5,23.4,71.2,3.0,"INE, Atlas de distribución de renta de los hogares, tablas 30824, 30829, 37677 y 30832"
30039,2015,11550,24193,7954,3.4,24.5,27.6,2.2,38.3,21.9,13.7,21.5,79.1,3.0,"INE, Atlas de distribución de renta de los hogares, tablas 30824, 30829, 37677 y 30832"
30039,2016,11550,24704,7949,3.6,25.3,28.1,2.3,38.5,21.2,14.0,21.9,78.9,3.0,"INE, Atlas de distribución de renta de los hogares, tablas 30824, 30829, 37677 y 30832"
30039,2017,12250,25675,8512,3.3,22.8,26.4,2.2,38.5,22.2,13.9,22.0,79.2,3.0,"INE, Atlas de distribución de renta de los hogares, tablas 30824, 30829, 37677 y 30832"
30039,2018,12950,26793,8895,2.9,23.2,26.2,2.1,38.7,22.4,14.0,21.6,79.5,3.0,"INE, Atlas de distribución de renta de los hogares, tablas 30824, 30829, 37677 y 30832"
30039,2019,13650,28400,9413,2.9,23.5,26.1,2.2,39.0,22.3,14.0,21.2,79.9,3.0,"INE, Atlas de distribución de renta de los hogares, tablas 30824, 30829, 37677 y 30832"
30039,2020,13650,28645,9555,3.2,22.9,26.5,2.3,39.3,22.1,14.1,20.8,81.2,2.9,"INE, Atlas de distribución de renta de los hogares, tablas 30824, 30829, 37677 y 30832"
30039,2021,14350,29677,9969,3.2,22.4,25.9,2.2,39.5,22.4,14.2,20.6,81.9,2.9,"INE, Atlas de distribución de renta de los hogares, tablas 30824, 30829, 37677 y 30832"
30039,2022,15050,31038,10258,2.7,25.0,26.0,2.1,39.6,21.6,14.1,19.8,80.9,3.0,"INE, Atlas de distribución de renta de los hogares, tablas 30824, 30829, 37677 y 30832"
30039,2023,15750,33367,11009,2.2,25.2,25.7,2.2,39.8,21.6,14.2,19.6,81.5,3.0,"INE, Atlas de distribución de renta de los hogares, tablas 30824, 30829, 37677 y 30832"
30043,2015,10150,21581,7661,3.7,32.0,30.7,2.4,39.3,22.3,15.2,21.7,93.3,2.8,"INE, Atlas de distribución de renta de los hogares, tablas 30824, 30829, 37677 y 30832"
30043,2016,10850,22769,8106,4.5,28.1,30.3,2.5,39.5,22.2,15.3,21.4,93.7,2.8,"INE, Atlas de distribución de renta de los hogares, tablas 30824, 30829, 37677 y 30832"
30043,2017,11550,23608,8407,3.9,27.8,28.9,2.3,39.7,22.5,15.5,21.3,93.2,2.8,"INE, Atlas de distribución de renta de los hogares, tablas 30824, 30829, 37677 y 30832"
30043,2018,12250,24810,8878,3.8,26.9,28.5,2.2,40.0,22.6,15.8,21.0,92.8,2.8,"INE, Atlas de distribución de renta de los hogares, tablas 30824, 30829, 37677 y 30832"
30043,2019,12950,25905,9256,3.8,26.4,28.0,2.4,40.3,22.8,16.0,20.6,92.1,2.8,"INE, Atlas de distribución de renta de los hogares, tablas 30824, 30829, 37677 y 30832"
30043,2020,12950,26416,9515,3.9,25.1,27.9,2.2,40.6,23.3,16.3,20.3,91.5,2.8,"INE, Atlas de distribución de renta de los hogares, tablas 30824, 30829, 37677 y 30832"
30043,2021,14350,28228,10237,4.0,24.1,27.5,2.2,40.8,23.5,16.3,19.9,91.1,2.7,"INE, Atlas de distribución de renta de los hogares, tablas 30824, 30829, 37677 y 30832"
30043,2022,14350,29462,10774,3.9,26.4,27.9,2.3,41.0,23.9,16.8,19.6,90.6,2.7,"INE, Atlas de distribución de renta de los hogares, tablas 30824, 30829, 37677 y 30832"
30043,2023,15750,31414,11548,3.6,27.1,27.6,2.2,41.2,23.9,17.1,19.4,89.9,2.7,"INE, Atlas de distribución de renta de los hogares, tablas 30824, 30829, 37677 y 30832"
31201,2015,,37063,14498,,,,,43.6,30.3,21.4,16.8,90.8,2.5,"INE, Atlas de distribución de renta de los hogares, tablas 30824, 30829, 37677 y 30832"
31201,2016,,36041,14182,,,,,43.7,30.3,21.6,16.9,90.9,2.5,"INE, Atlas de distribución de renta de los hogares, tablas 30824, 30829, 37677 y 30832"
31201,2017,,33883,13216,,,,,43.8,30.9,21.8,16.9,90.2,2.5,"INE, Atlas de distribución de renta de los hogares, tablas 30824, 30829, 37677 y 30832"
31201,2018,,34890,13604,,,,,43.9,31.0,21.9,16.7,89.5,2.5,"INE, Atlas de distribución de renta de los hogares, tablas 30824, 30829, 37677 y 30832"
31201,2019,,36126,14106,,,,,44.1,31.4,22.0,16.5,88.6,2.5,"INE, Atlas de distribución de renta de los hogares, tablas 30824, 30829, 37677 y 30832"
31201,2020,,36227,14264,,,,,44.3,31.9,22.2,16.3,88.7,2.5,"INE, Atlas de distribución de renta de los hogares, tablas 30824, 30829, 37677 y 30832"
31201,2021,20692,38648,15419,16.8,16.4,32.0,2.8,44.5,32.2,22.4,16.1,88.7,2.5,"INE, Atlas de distribución de renta de los hogares, tablas 30824, 30829, 37677 y 30832"
31201,2022,22029,41184,16380,15.5,17.1,32.1,2.8,44.5,32.3,22.5,15.9,87.5,2.5,"INE, Atlas de distribución de renta de los hogares, tablas 30824, 30829, 37677 y 30832"
31201,2023,23099,43352,17247,14.3,17.9,32.1,2.8,44.6,32.4,22.7,15.7,86.7,2.5,"INE, Atlas de distribución de renta de los hogares, tablas 30824, 30829, 37677 y 30832"
31232,2015,,31084,12197,,,,,41.4,29.4,17.3,18.8,87.7,2.5,"INE, Atlas de distribución de renta de los hogares, tablas 30824, 30829, 37677 y 30832"
31232,2016,,33555,12730,,,,,41.5,26.4,17.5,19.0,88.1,2.6,"INE, Atlas de distribución de renta de los hogares, tablas 30824, 30829, 37677 y 30832"
31232,2017,,29866,11488,,,,,41.7,26.4,17.8,18.9,87.4,2.6,"INE, Atlas de distribución de renta de los hogares, tablas 30824, 30829, 37677 y 30832"
31232,2018,,30874,11782,,,,,41.7,25.9,17.7,18.9,86.1,2.6,"INE, Atlas de distribución de renta de los hogares, tablas 30824, 30829, 37677 y 30832"
31232,2019,,32341,12224,,,,,41.7,25.8,17.8,19.0,84.6,2.7,"INE, Atlas de distribución de renta de los hogares, tablas 30824, 30829, 37677 y 30832"
31232,2020,,32778,12359,,,,,41.8,25.6,18.0,19.1,84.6,2.7,"INE, Atlas de distribución de renta de los hogares, tablas 30824, 30829, 37677 y 30832"
31232,2021,17837,35786,13443,11.0,18.8,31.9,2.7,42.0,25.9,18.3,18.9,84.0,2.7,"INE, Atlas de distribución de renta de los hogares, tablas 30824, 30829, 37677 y 30832"
31232,2022,19084,37966,14265,9.9,19.8,31.9,2.7,42.1,25.9,18.4,18.8,83.4,2.7,"INE, Atlas de distribución de renta de los hogares, tablas 30824, 30829, 37677 y 30832"
31232,2023,19625,39644,14768,8.9,22.0,32.3,2.7,42.2,26.1,18.6,18.7,82.0,2.7,"INE, Atlas de distribución de renta de los hogares, tablas 30824, 30829, 37677 y 30832"
32054,2015,14350,27024,11328,13.7,20.3,33.9,2.9,45.8,30.7,24.3,14.6,95.6,2.4,"INE, Atlas de distribución de renta de los hogares, tablas 30824, 30829, 37677 y 30832"
32054,2016,15050,27700,11683,14.1,19.6,33.8,3.0,46.1,30.7,24.7,14.6,95.7,2.4,"INE, Atlas de distribución de renta de los hogares, tablas 30824, 30829, 37677 y 30832"
32054,2017,15050,28038,11892,12.7,19.8,33.0,2.8,46.4,31.4,25.1,14.6,95.4,2.3,"INE, Atlas de distribución de renta de los hogares, tablas 30824, 30829, 37677 y 30832"
32054,2018,15750,28742,12346,11.8,19.9,32.8,2.8,46.6,32.2,25.4,14.6,94.9,2.3,"INE, Atlas de distribución de renta de los hogares, tablas 30824, 30829, 37677 y 30832"
32054,2019,16450,30039,12912,11.3,20.3,32.5,2.8,46.8,32.2,25.5,14.6,94.1,2.3,"INE, Atlas de distribución de renta de los hogares, tablas 30824, 30829, 37677 y 30832"
32054,2020,16450,30118,13037,11.6,20.2,32.1,2.8,47.1,32.6,25.8,14.4,93.9,2.3,"INE, Atlas de distribución de renta de los hogares, tablas 30824, 30829, 37677 y 30832"
32054,2021,17150,30821,13473,10.9,20.3,31.7,2.7,47.4,33.3,26.1,14.3,93.7,2.3,"INE, Atlas de distribución de renta de los hogares, tablas 30824, 30829, 37677 y 30832"
32054,2022,17850,32271,14185,9.7,21.8,31.8,2.8,47.5,33.7,26.3,14.0,92.6,2.3,"INE, Atlas de distribución de renta de los hogares, tablas 30824, 30829, 37677 y 30832"
32054,2023,19250,34322,15203,8.8,21.7,31.2,2.7,47.5,34.2,26.5,13.9,91.8,2.2,"INE, Atlas de distribución de renta de los hogares, tablas 30824, 30829, 37677 y 30832"
33004,2015,16450,27856,11933,13.4,16.1,30.6,2.6,46.5,30.1,23.4,13.7,96.5,2.3,"INE, Atlas de distribución de renta de los hogares, tablas 30824, 30829, 37677 y 30832"
33004,2016,16450,28193,12123,14.1,15.7,30.6,2.6,46.8,30.1,23.8,13.7,96.6,2.3,"INE, Atlas de distribución de renta de los hogares, tablas 30824, 30829, 37677 y 30832"
33004,2017,16450,28592,12429,12.8,15.9,30.2,2.4,47.2,30.8,24.4,13.6,96.6,2.3,"INE, Atlas de distribución de renta de los hogares, tablas 30824, 30829, 37677 y 30832"
33004,2018,17150,29423,12889,11.6,15.9,29.9,2.5,47.5,31.5,24.9,13.5,96.4,2.3,"INE, Atlas de distribución de renta de los hogares, tablas 30824, 30829, 37677 y 30832"
33004,2019,17850,30400,13382,10.7,15.9,29.3,2.4,47.9,31.9,25.4,13.3,96.0,2.3,"INE, Atlas de distribución de renta de los hogares, tablas 30824, 30829, 37677 y 30832"
33004,2020,17850,29995,13344,10.6,16.3,29.2,2.4,48.2,32.5,25.9,13.1,95.8,2.2,"INE, Atlas de distribución de renta de los hogares, tablas 30824, 30829, 37677 y 30832"
33004,2021,18550,31105,13881,10.0,16.1,28.6,2.5,48.6,32.5,26.6,12.9,95.9,2.2,"INE, Atlas de distribución de renta de los hogares, tablas 30824, 30829, 37677 y 30832"
33004,2022,19250,32610,14629,8.9,16.9,28.3,2.5,48.7,32.9,27.0,12.7,95.2,2.2,"INE, Atlas de distribución de renta de los hogares, tablas 30824, 30829, 37677 y 30832"
33004,2023,19950,34562,15545,8.1,17.8,28.6,2.5,48.9,33.2,27.7,12.6,94.4,2.2,"INE, Atlas de distribución de renta de los hogares, tablas 30824, 30829, 37677 y 30832"
33024,2015,16450,28420,12357,15.4,17.0,32.3,2.8,46.8,31.6,24.5,13.4,95.5,2.3,"INE, Atlas de distribución de renta de los hogares, tablas 30824, 30829, 37677 y 30832"
33024,2016,16450,28723,12511,15.9,16.7,32.3,2.9,47.1,31.6,25.0,13.5,95.7,2.3,"INE, Atlas de distribución de renta de los hogares, tablas 30824, 30829, 37677 y 30832"
33024,2017,17150,29306,12882,14.5,16.5,31.7,2.7,47.3,32.3,25.5,13.5,95.5,2.3,"INE, Atlas de distribución de renta de los hogares, tablas 30824, 30829, 37677 y 30832"
33024,2018,17150,30124,13298,13.5,16.5,31.4,2.6,47.6,32.6,25.9,13.5,95.2,2.3,"INE, Atlas de distribución de renta de los hogares, tablas 30824, 30829, 37677 y 30832"
33024,2019,17850,31231,13810,12.7,16.5,30.8,2.6,47.8,32.7,26.3,13.4,94.7,2.2,"INE, Atlas de distribución de renta de los hogares, tablas 30824, 30829, 37677 y 30832"
33024,2020,17850,31045,13842,12.9,16.7,30.8,2.7,48.1,33.2,26.7,13.2,94.7,2.2,"INE, Atlas de distribución de renta de los hogares, tablas 30824, 30829, 37677 y 30832"
33024,2021,18550,32050,14394,12.3,16.5,30.0,2.6,48.4,33.7,27.3,13.0,94.6,2.2,"INE, Atlas de distribución de renta de los hogares, tablas 30824, 30829, 37677 y 30832"
33024,2022,19950,33731,15176,11.0,17.4,30.0,2.6,48.5,34.0,27.5,12.9,93.7,2.2,"INE, Atlas de distribución de renta de los hogares, tablas 30824, 30829, 37677 y 30832"
33024,2023,20650,35852,16141,10.0,18.1,29.9,2.5,48.7,34.3,27.8,12.7,93.1,2.2,"INE, Atlas de distribución de renta de los hogares, tablas 30824, 30829, 37677 y 30832"
33031,2015,15750,25985,11356,9.9,17.9,30.2,2.6,47.4,31.1,23.9,12.4,97.6,2.3,"INE, Atlas de distribución de renta de los hogares, tablas 30824, 30829, 37677 y 30832"
33031,2016,15750,25934,11457,10.3,17.1,29.9,2.6,47.6,31.7,24.2,12.4,97.8,2.2,"INE, Atlas de distribución de renta de los hogares, tablas 30824, 30829, 37677 y 30832"
33031,2017,16450,26210,11697,9.3,17.9,29.8,2.5,47.9,32.6,24.8,12.4,97.7,2.2,"INE, Atlas de distribución de renta de los hogares, tablas 30824, 30829, 37677 y 30832"
33031,2018,16450,26737,12098,8.0,17.8,29.4,2.6,48.2,33.4,25.3,12.4,97.6,2.2,"INE, Atlas de distribución de renta de los hogares, tablas 30824, 30829, 37677 y 30832"
33031,2019,17850,27828,12689,7.5,18.2,29.3,2.5,48.4,33.8,25.8,12.4,97.4,2.2,"INE, Atlas de distribución de renta de los hogares, tablas 30824, 30829, 37677 y 30832"
33031,2020,17150,27663,12707,7.3,18.2,28.8,2.5,48.7,34.1,26.4,12.3,97.3,2.2,"INE, Atlas de distribución de renta de los hogares, tablas 30824, 30829, 37677 y 30832"
33031,2021,17850,28009,13076,6.5,19.1,28.2,2.5,49.0,35.0,27.1,12.1,97.2,2.1,"INE, Atlas de distribución de renta de los hogares, tablas 30824, 30829, 37677 y 30832"
33031,2022,18550,29249,13728,5.4,19.5,27.6,2.5,49.2,35.3,27.7,12.1,96.6,2.1,"INE, Atlas de distribución de renta de los hogares, tablas 30824, 30829, 37677 y 30832"
33031,2023,19250,30771,14474,4.7,20.8,27.7,2.4,49.2,35.6,28.3,12.1,95.5,2.1,"INE, Atlas de distribución de renta de los hogares, tablas 30824, 30829, 37677 y 30832"
33037,2015,16450,26063,11819,11.0,16.7,29.5,2.5,48.9,33.4,25.4,10.6,97.6,2.2,"INE, Atlas de distribución de renta de los hogares, tablas 30824, 30829, 37677 y 30832"
33037,2016,16450,26273,11967,11.4,16.1,29.2,2.5,49.2,33.6,25.9,10.6,97.7,2.2,"INE, Atlas de distribución de renta de los hogares, tablas 30824, 30829, 37677 y 30832"
33037,2017,17150,26603,12194,9.7,16.3,28.8,2.6,49.5,34.4,26.6,10.8,97.7,2.1,"INE, Atlas de distribución de renta de los hogares, tablas 30824, 30829, 37677 y 30832"
33037,2018,17150,27285,12562,8.8,16.5,28.6,2.5,49.8,34.4,27.2,10.8,97.7,2.1,"INE, Atlas de distribución de renta de los hogares, tablas 30824, 30829, 37677 y 30832"
33037,2019,18550,29134,13103,8.4,15.9,27.7,2.4,49.9,32.6,27.7,10.8,97.6,2.2,"INE, Atlas de distribución de renta de los hogares, tablas 30824, 30829, 37677 y 30832"
33037,2020,18550,29103,13208,8.5,16.1,27.5,2.4,50.3,33.0,28.4,10.7,97.6,2.2,"INE, Atlas de distribución de renta de los hogares, tablas 30824, 30829, 37677 y 30832"
33037,2021,18550,29758,13653,7.7,16.1,26.8,2.3,50.5,33.5,29.3,10.7,97.6,2.2,"INE, Atlas de distribución de renta de los hogares, tablas 30824, 30829, 37677 y 30832"
33037,2022,19250,30973,14400,6.5,16.8,26.7,2.4,50.7,34.4,30.0,10.6,97.2,2.1,"INE, Atlas de distribución de renta de los hogares, tablas 30824, 30829, 37677 y 30832"
33037,2023,20650,32313,15070,5.2,17.9,26.5,2.3,50.9,34.8,30.5,10.6,96.7,2.1,"INE, Atlas de distribución de renta de los hogares, tablas 30824, 30829, 37677 y 30832"
33044,2015,17150,31054,13179,20.1,17.1,34.2,3.2,45.1,31.2,21.1,14.4,94.3,2.3,"INE, Atlas de distribución de renta de los hogares, tablas 30824, 30829, 37677 y 30832"
33044,2016,17150,31373,13384,20.9,16.4,34.1,2.9,45.4,31.4,21.6,14.5,94.5,2.3,"INE, Atlas de distribución de renta de los hogares, tablas 30824, 30829, 37677 y 30832"
33044,2017,17850,31951,13704,19.0,16.7,33.6,3.0,45.7,31.8,22.1,14.5,94.2,2.3,"INE, Atlas de distribución de renta de los hogares, tablas 30824, 30829, 37677 y 30832"
33044,2018,18550,32684,14162,17.9,16.6,33.2,2.9,46.0,32.5,22.6,14.5,94.0,2.3,"INE, Atlas de distribución de renta de los hogares, tablas 30824, 30829, 37677 y 30832"
33044,2019,19250,33861,14706,16.9,16.7,32.6,2.7,46.3,32.6,23.2,14.4,93.4,2.3,"INE, Atlas de distribución de renta de los hogares, tablas 30824, 30829, 37677 y 30832"
33044,2020,18550,33416,14657,17.0,17.0,32.6,2.9,46.6,33.0,23.9,14.3,93.4,2.3,"INE, Atlas de distribución de renta de los hogares, tablas 30824, 30829, 37677 y 30832"
33044,2021,19250,34379,15247,16.2,16.3,31.6,2.8,47.0,33.8,24.7,14.1,93.4,2.2,"INE, Atlas de distribución de renta de los hogares, tablas 30824, 30829, 37677 y 30832"
33044,2022,20650,36134,16028,14.4,17.5,31.5,2.8,47.1,34.0,25.0,14.0,92.5,2.2,"INE, Atlas de distribución de renta de los hogares, tablas 30824, 30829, 37677 y 30832"
33044,2023,21350,38153,16926,13.0,18.2,31.5,2.7,47.2,34.1,25.4,13.8,91.6,2.2,"INE, Atlas de distribución de renta de los hogares, tablas 30824, 30829, 37677 y 30832"
33066,2015,15750,29186,11631,12.9,15.9,30.9,2.6,44.5,26.4,19.7,15.0,97.1,2.5,"INE, Atlas de distribución de renta de los hogares, tablas 30824, 30829, 37677 y 30832"
33066,2016,16450,29819,11926,14.3,14.9,30.7,2.6,44.9,26.6,20.1,14.9,97.2,2.5,"INE, Atlas de distribución de renta de los hogares, tablas 30824, 30829, 37677 y 30832"
33066,2017,16450,30300,12195,12.6,15.0,30.3,2.4,45.1,27.2,20.6,14.9,97.1,2.5,"INE, Atlas de distribución de renta de los hogares, tablas 30824, 30829, 37677 y 30832"
33066,2018,17150,31162,12633,11.7,14.6,29.8,2.5,45.4,27.4,21.1,14.9,97.1,2.5,"INE, Atlas de distribución de renta de los hogares, tablas 30824, 30829, 37677 y 30832"
33066,2019,17850,32402,13232,11.2,14.8,29.5,2.4,45.8,28.0,21.7,14.7,97.0,2.4,"INE, Atlas de distribución de renta de los hogares, tablas 30824, 30829, 37677 y 30832"
33066,2020,17850,32455,13287,11.7,14.6,29.1,2.5,46.0,28.2,22.1,14.6,96.9,2.4,"INE, Atlas de distribución de renta de los hogares, tablas 30824, 30829, 37677 y 30832"
33066,2021,18550,33674,13864,11.2,14.7,28.8,2.4,46.3,28.7,22.6,14.6,96.8,2.4,"INE, Atlas de distribución de renta de los hogares, tablas 30824, 30829, 37677 y 30832"
33066,2022,19950,35595,14787,10.2,15.3,28.5,2.4,46.5,29.2,23.1,14.6,96.5,2.4,"INE, Atlas de distribución de renta de los hogares, tablas 30824, 30829, 37677 y 30832"
33066,2023,21350,37495,15873,9.7,15.6,28.5,2.4,46.7,30.5,23.5,14.5,96.3,2.3,"INE, Atlas de distribución de renta de los hogares, tablas 30824, 30829, 37677 y 30832"
34120,2015,15750,28412,12015,14.2,16.2,31.2,2.6,44.8,30.8,21.3,15.5,96.3,2.4,"INE, Atlas de distribución de renta de los hogares, tablas 30824, 30829, 37677 y 30832"
34120,2016,16450,29202,12414,15.0,14.9,30.7,2.6,45.1,31.0,21.9,15.5,96.3,2.3,"INE, Atlas de distribución de renta de los hogares, tablas 30824, 30829, 37677 y 30832"
34120,2017,16450,29581,12650,13.3,15.1,30.0,2.4,45.4,31.6,22.5,15.4,96.1,2.3,"INE, Atlas de distribución de renta de los hogares, tablas 30824, 30829, 37677 y 30832"
34120,2018,17150,30371,13067,12.3,15.0,29.6,2.5,45.7,31.9,23.0,15.4,95.7,2.3,"INE, Atlas de distribución de renta de los hogares, tablas 30824, 30829, 37677 y 30832"
34120,2019,17850,31430,13580,11.7,15.1,29.1,2.5,46.0,32.2,23.7,15.3,95.4,2.3,"INE, Atlas de distribución de renta de los hogares, tablas 30824, 30829, 37677 y 30832"
34120,2020,17850,31399,13662,12.1,15.8,29.7,2.5,46.4,32.7,24.4,15.1,95.3,2.3,"INE, Atlas de distribución de renta de los hogares, tablas 30824, 30829, 37677 y 30832"
34120,2021,17850,32032,14071,11.2,15.7,29.0,2.6,46.8,33.4,25.1,14.9,95.1,2.3,"INE, Atlas de distribución de renta de los hogares, tablas 30824, 30829, 37677 y 30832"
34120,2022,19250,33265,14760,9.7,16.9,29.1,2.5,46.9,34.1,25.7,14.8,94.4,2.2,"INE, Atlas de distribución de renta de los hogares, tablas 30824, 30829, 37677 y 30832"
34120,2023,19950,35179,15643,8.5,17.7,28.7,2.5,47.2,34.4,26.3,14.6,93.6,2.2,"INE, Atlas de distribución de renta de los hogares, tablas 30824, 30829, 37677 y 30832"
35002,2015,12250,25528,8976,6.5,25.1,31.2,2.6,38.0,26.9,10.3,19.9,94.1,2.8,"INE, Atlas de distribución de renta de los hogares, tablas 30824, 30829, 37677 y 30832"
35002,2016,12950,26296,9314,7.2,22.9,30.5,2.7,38.5,26.0,10.6,19.6,94.6,2.8,"INE, Atlas de distribución de renta de los hogares, tablas 30824, 30829, 37677 y 30832"
35002,2017,13650,27464,9718,6.2,21.3,29.5,2.6,38.9,26.5,10.8,19.2,94.2,2.8,"INE, Atlas de distribución de renta de los hogares, tablas 30824, 30829, 37677 y 30832"
35002,2018,14350,28760,10183,6.0,20.5,28.9,2.4,39.3,26.1,11.3,18.8,93.3,2.8,"INE, Atlas de distribución de renta de los hogares, tablas 30824, 30829, 37677 y 30832"
35002,2019,15050,30476,10783,5.9,19.6,28.2,2.4,39.7,26.1,11.6,18.5,92.8,2.8,"INE, Atlas de distribución de renta de los hogares, tablas 30824, 30829, 37677 y 30832"
35002,2020,14350,29869,10621,6.1,21.9,29.4,2.5,40.1,26.3,11.9,18.0,93.1,2.8,"INE, Atlas de distribución de renta de los hogares, tablas 30824, 30829, 37677 y 30832"
35002,2021,15050,30902,11110,6.0,21.6,28.6,2.5,40.5,26.8,12.4,17.5,93.2,2.7,"INE, Atlas de distribución de renta de los hogares, tablas 30824, 30829, 37677 y 30832"
35002,2022,17150,33478,12081,5.6,20.8,28.0,2.3,41.1,27.2,13.0,17.0,92.4,2.7,"INE, Atlas de distribución de renta de los hogares, tablas 30824, 30829, 37677 y 30832"
35002,2023,18550,36840,13266,5.5,19.2,27.1,2.3,41.5,27.3,13.5,16.4,91.9,2.7,"INE, Atlas de distribución de renta de los hogares, tablas 30824, 30829, 37677 y 30832"
35004,2015,11550,24462,8500,6.2,29.5,33.0,2.7,37.4,26.5,10.1,19.9,83.4,2.8,"INE, Atlas de distribución de renta de los hogares, tablas 30824, 30829, 37677 y 30832"
35004,2016,12250,25547,8811,6.7,27.4,32.1,2.8,37.6,25.4,10.2,19.9,83.6,2.8,"INE, Atlas de distribución de renta de los hogares, tablas 30824, 30829, 37677 y 30832"
35004,2017,12950,26992,9267,6.0,25.3,30.6,2.6,37.9,25.7,10.5,19.6,82.6,2.9,"INE, Atlas de distribución de renta de los hogares, tablas 30824, 30829, 37677 y 30832"
35004,2018,12950,28600,9745,5.8,24.4,30.1,2.5,38.2,25.4,10.7,19.1,81.6,2.9,"INE, Atlas de distribución de renta de los hogares, tablas 30824, 30829, 37677 y 30832"
35004,2019,13650,29952,10145,5.7,25.2,30.2,2.4,38.5,25.4,11.0,18.9,80.3,2.9,"INE, Atlas de distribución de renta de los hogares, tablas 30824, 30829, 37677 y 30832"
35004,2020,12950,28133,9677,5.6,30.2,31.9,2.7,39.0,25.8,11.6,18.4,80.5,2.9,"INE, Atlas de distribución de renta de los hogares, tablas 30824, 30829, 37677 y 30832"
35004,2021,12950,28452,9986,5.3,30.9,31.5,2.6,39.5,26.8,12.2,18.1,81.1,2.8,"INE, Atlas de distribución de renta de los hogares, tablas 30824, 30829, 37677 y 30832"
35004,2022,15050,31739,11144,4.7,26.5,29.5,2.4,39.8,27.1,12.5,17.5,80.6,2.8,"INE, Atlas de distribución de renta de los hogares, tablas 30824, 30829, 37677 y 30832"
35004,2023,16450,35247,12079,4.4,25.2,28.7,2.4,39.9,26.3,12.6,17.2,79.1,2.9,"INE, Atlas de distribución de renta de los hogares, tablas 30824, 30829, 37677 y 30832"
35006,2015,12950,26840,9452,8.4,25.3,32.6,2.8,40.8,22.9,14.8,17.4,98.3,2.8,"INE, Atlas de distribución de renta de los hogares, tablas 30824, 30829, 37677 y 30832"
35006,2016,12950,27867,9848,9.3,23.4,32.1,2.9,41.3,22.5,15.1,17.2,98.3,2.8,"INE, Atlas de distribución de renta de los hogares, tablas 30824, 30829, 37677 y 30832"
35006,2017,13650,28708,10193,8.1,22.1,30.7,2.7,41.6,22.7,15.3,16.8,98.0,2.8,"INE, Atlas de distribución de renta de los hogares, tablas 30824, 30829, 37677 y 30832"
35006,2018,14350,29963,10734,7.9,21.0,30.2,2.6,42.0,23.4,15.5,16.6,97.9,2.8,"INE, Atlas de distribución de renta de los hogares, tablas 30824, 30829, 37677 y 30832"
35006,2019,15750,31395,11291,7.8,20.8,29.6,2.6,42.3,23.7,15.7,16.2,97.7,2.8,"INE, Atlas de distribución de renta de los hogares, tablas 30824, 30829, 37677 y 30832"
35006,2020,15750,31940,11554,8.6,20.0,29.6,2.6,42.7,23.6,16.0,15.9,97.6,2.8,"INE, Atlas de distribución de renta de los hogares, tablas 30824, 30829, 37677 y 30832"
35006,2021,16450,33148,12080,8.4,19.8,29.2,2.5,43.1,24.2,16.3,15.4,97.6,2.7,"INE, Atlas de distribución de renta de los hogares, tablas 30824, 30829, 37677 y 30832"
35006,2022,17150,35010,12866,7.5,20.4,28.8,2.5,43.4,24.5,16.6,14.9,97.4,2.7,"INE, Atlas de distribución de renta de los hogares, tablas 30824, 30829, 37677 y 30832"
35006,2023,18550,37373,13772,6.6,19.3,27.9,2.5,43.8,24.7,17.0,14.4,97.3,2.7,"INE, Atlas de distribución de renta de los hogares, tablas 30824, 30829, 37677 y 30832"
35011,2015,12250,24991,8763,5.0,24.5,29.9,2.5,38.9,24.0,11.6,18.5,96.6,2.8,"INE, Atlas de distribución de renta de los hogares, tablas 30824, 30829, 37677 y 30832"
35011,2016,12950,26055,9103,5.6,22.2,29.0,2.4,39.3,23.3,12.0,18.4,96.5,2.8,"INE, Atlas de distribución de renta de los hogares, tablas 30824, 30829, 37677 y 30832"
35011,2017,13650,27007,9496,5.0,21.3,28.0,2.5,39.8,23.4,12.6,18.1,96.1,2.8,"INE, Atlas de distribución de renta de los hogares, tablas 30824, 30829, 37677 y 30832"
35011,2018,14350,28216,9897,4.9,20.9,28.0,2.4,40.1,23.4,12.8,17.8,95.3,2.8,"INE, Atlas de distribución de renta de los hogares, tablas 30824, 30829, 37677 y 30832"
35011,2019,15050,29392,10337,4.8,20.6,27.4,2.3,40.5,23.5,13.1,17.4,94.8,2.8,"INE, Atlas de distribución de renta de los hogares, tablas 30824, 30829, 37677 y 30832"
35011,2020,14350,29087,10302,4.8,22.2,27.8,2.4,40.9,23.8,13.5,17.1,94.5,2.8,"INE, Atlas de distribución de renta de los hogares, tablas 30824, 30829, 37677 y 30832"
35011,2021,15050,30217,10826,4.9,21.6,27.5,2.3,41.5,24.5,14.0,16.5,94.4,2.8,"INE, Atlas de distribución de renta de los hogares, tablas 30824, 30829, 37677 y 30832"
35011,2022,16450,32659,11737,4.4,20.8,26.6,2.2,41.8,24.3,14.4,16.1,94.2,2.8,"INE, Atlas de distribución de renta de los hogares, tablas 30824, 30829, 37677 y 30832"
35011,2023,17850,35479,12747,4.1,19.5,25.9,2.2,42.2,24.3,14.8,15.5,94.1,2.8,"INE, Atlas de distribución de renta de los hogares, tablas 30824, 30829, 37677 y 30832"
35014,2015,10850,20891,7608,5.6,36.7,38.0,3.9,38.0,34.0,9.4,17.5,57.9,2.5,"INE, Atlas de distribución de renta de los hogares, tablas 30824, 30829, 37677 y 30832"
35014,2016,10150,21408,7372,5.5,37.9,38.4,3.9,37.9,27.7,9.3,18.2,57.6,2.6,"INE, Atlas de distribución de renta de los hogares, tablas 30824, 30829, 37677 y 30832"
35014,2017,12250,23264,8455,6.1,32.5,35.6,3.2,38.2,33.7,9.6,17.7,56.7,2.6,"INE, Atlas de distribución de renta de los hogares, tablas 30824, 30829, 37677 y 30832"
35014,2018,12950,24725,8938,6.2,31.6,35.4,3.0,38.9,32.4,10.2,17.2,56.0,2.6,"INE, Atlas de distribución de renta de los hogares, tablas 30824, 30829, 37677 y 30832"
35014,2019,12950,25762,9325,6.0,32.2,35.0,3.1,39.4,32.5,10.7,16.7,55.1,2.6,"INE, Atlas de distribución de renta de los hogares, tablas 30824, 30829, 37677 y 30832"
35014,2020,12250,23693,8666,5.3,37.3,36.1,3.4,39.9,32.4,11.4,16.6,55.1,2.6,"INE, Atlas de distribución de renta de los hogares, tablas 30824, 30829, 37677 y 30832"
35014,2021,12950,25365,9446,6.4,35.0,36.1,3.2,40.5,32.7,12.0,16.2,55.7,2.5,"INE, Atlas de distribución de renta de los hogares, tablas 30824, 30829, 37677 y 30832"
35014,2022,15050,28467,10593,6.7,31.4,34.9,3.0,40.8,32.4,12.6,15.9,55.2,2.5,"INE, Atlas de distribución de renta de los hogares, tablas 30824, 30829, 37677 y 30832"
35014,2023,16450,33606,12260,6.4,30.3,34.3,2.9,41.2,32.7,12.9,15.6,54.4,2.5,"INE, Atlas de distribución de renta de los hogares, tablas 30824, 30829, 37677 y 30832"
35016,2015,12950,29208,10536,13.8,27.8,38.5,3.5,42.2,26.0,17.1,16.1,93.5,2.7,"INE, Atlas de distribución de renta de los hogares, tablas 30824, 30829, 37677 y 30832"
35016,2016,12950,30079,10777,14.4,26.5,38.1,3.5,42.7,25.3,17.6,15.9,93.6,2.7,"INE, Atlas de distribución de renta de los hogares, tablas 30824, 30829, 37677 y 30832"
35016,2017,13650,31172,11365,13.6,25.6,37.0,3.3,42.9,26.4,18.0,15.6,93.2,2.7,"INE, Atlas de distribución de renta de los hogares, tablas 30824, 30829, 37677 y 30832"
35016,2018,14350,32359,11904,13.3,24.7,36.5,3.2,43.2,26.8,18.3,15.3,92.8,2.7,"INE, Atlas de distribución de renta de los hogares, tablas 30824, 30829, 37677 y 30832"
35016,2019,15750,33635,12429,13.0,24.2,35.9,3.0,43.6,27.0,18.7,14.9,92.4,2.7,"INE, Atlas de distribución de renta de los hogares, tablas 30824, 30829, 37677 y 30832"
35016,2020,15050,33426,12509,13.1,24.4,35.8,3.0,44.0,27.4,19.2,14.5,92.5,2.6,"INE, Atlas de distribución de renta de los hogares, tablas 30824, 30829, 37677 y 30832"
35016,2021,15750,34289,12977,12.8,24.0,35.0,3.2,44.4,28.0,19.6,14.1,92.4,2.6,"INE, Atlas de distribución de renta de los hogares, tablas 30824, 30829, 37677 y 30832"
35016,2022,17150,36484,13909,12.0,24.4,34.8,3.1,44.7,28.4,20.0,13.7,92.2,2.6,"INE, Atlas de distribución de renta de los hogares, tablas 30824, 30829, 37677 y 30832"
35016,2023,18550,39148,14968,11.2,23.9,34.2,2.9,45.0,28.8,20.4,13.3,91.6,2.6,"INE, Atlas de distribución de renta de los hogares, tablas 30824, 30829, 37677 y 30832"
35017,2015,12950,26817,9592,9.9,25.9,34.1,2.9,36.3,27.7,8.2,21.1,85.4,2.7,"INE, Atlas de distribución de renta de los hogares, tablas 30824, 30829, 37677 y 30832"
35017,2016,12950,27637,9891,10.3,24.2,33.4,2.9,36.7,26.3,8.6,20.9,85.7,2.7,"INE, Atlas de distribución de renta de los hogares, tablas 30824, 30829, 37677 y 30832"
35017,2017,14350,28654,10380,9.4,21.6,31.7,2.7,37.1,27.2,8.9,20.7,85.3,2.7,"INE, Atlas de distribución de renta de los hogares, tablas 30824, 30829, 37677 y 30832"
35017,2018,15050,30093,10897,8.9,21.3,31.3,2.6,37.5,26.8,9.3,20.2,83.9,2.7,"INE, Atlas de distribución de renta de los hogares, tablas 30824, 30829, 37677 y 30832"
35017,2019,15050,31364,11299,8.9,21.9,31.6,2.8,37.8,26.2,9.6,19.9,82.9,2.7,"INE, Atlas de distribución de renta de los hogares, tablas 30824, 30829, 37677 y 30832"
35017,2020,14350,29999,10926,8.8,25.4,32.6,2.9,38.3,26.7,10.1,19.6,83.0,2.7,"INE, Atlas de distribución de renta de los hogares, tablas 30824, 30829, 37677 y 30832"
35017,2021,15050,31441,11565,8.8,24.5,32.3,2.8,38.8,26.9,10.6,19.0,83.3,2.7,"INE, Atlas de distribución de renta de los hogares, tablas 30824, 30829, 37677 y 30832"
35017,2022,17150,34294,12619,8.0,22.4,31.0,2.7,39.1,26.9,11.1,18.3,82.1,2.7,"INE, Atlas de distribución de renta de los hogares, tablas 30824, 30829, 37677 y 30832"
35017,2023,17850,37142,13593,7.2,22.3,30.3,2.6,39.5,26.8,11.4,17.8,80.9,2.7,"INE, Atlas de distribución de renta de los hogares, tablas 30824, 30829, 37677 y 30832"
35019,2015,12250,23536,9397,8.1,29.5,36.2,3.2,40.9,37.1,13.2,15.2,72.2,2.4,"INE, Atlas de distribución de renta de los hogares, tablas 30824, 30829, 37677 y 30832"
35019,2016,12250,24341,9520,8.2,28.9,36.3,3.0,41.0,33.6,13.3,15.5,72.8,2.4,"INE, Atlas de distribución de renta de los hogares, tablas 30824, 30829, 37677 y 30832"
35019,2017,12950,25879,10328,8.3,26.3,34.7,2.8,41.5,36.1,14.1,15.1,72.6,2.4,"INE, Atlas de distribución de renta de los hogares, tablas 30824, 30829, 37677 y 30832"
35019,2018,13650,27119,10819,7.9,26.0,34.1,3.0,41.9,35.9,14.9,14.9,72.7,2.4,"INE, Atlas de distribución de renta de los hogares, tablas 30824, 30829, 37677 y 30832"
35019,2019,14350,27912,11106,7.6,26.2,33.5,2.8,42.3,35.8,15.5,14.5,72.6,2.4,"INE, Atlas de distribución de renta de los hogares, tablas 30824, 30829, 37677 y 30832"
35019,2020,13650,26042,10493,7.0,29.6,34.1,2.9,42.9,36.4,16.3,14.1,73.1,2.4,"INE, Atlas de distribución de renta de los hogares, tablas 30824, 30829, 37677 y 30832"
35019,2021,14350,27389,11157,7.4,29.4,34.6,2.8,43.5,37.1,16.9,13.8,73.4,2.4,"INE, Atlas de distribución de renta de los hogares, tablas 30824, 30829, 37677 y 30832"
35019,2022,15750,30550,12490,7.4,26.6,33.3,2.6,44.0,37.3,17.7,13.4,72.1,2.4,"INE, Atlas de distribución de renta de los hogares, tablas 30824, 30829, 37677 y 30832"
35019,2023,17150,34193,13866,7.1,25.6,32.7,2.6,44.5,37.3,18.3,12.9,71.9,2.4,"INE, Atlas de distribución de renta de los hogares, tablas 30824, 30829, 37677 y 30832"
35022,2015,10850,23013,7827,3.7,30.9,31.5,2.6,37.2,23.1,9.2,20.5,88.2,2.9,"INE, Atlas de distribución de renta de los hogares, tablas 30824, 30829, 37677 y 30832"
35022,2016,11550,23959,8064,4.1,29.3,31.2,2.6,37.6,22.1,9.4,20.3,88.1,2.9,"INE, Atlas de distribución de renta de los hogares, tablas 30824, 30829, 37677 y 30832"
35022,2017,12250,25164,8613,3.8,27.7,29.8,2.5,37.9,23.6,9.7,19.8,87.3,2.9,"INE, Atlas de distribución de renta de los hogares, tablas 30824, 30829, 37677 y 30832"
35022,2018,12950,26380,9052,3.7,27.2,29.3,2.5,38.3,23.7,10.1,19.3,86.5,2.9,"INE, Atlas de distribución de renta de los hogares, tablas 30824, 30829, 37677 y 30832"
35022,2019,13650,27650,9483,3.6,27.3,29.0,2.5,38.7,23.7,10.3,18.8,85.8,2.9,"INE, Atlas de distribución de renta de los hogares, tablas 30824, 30829, 37677 y 30832"
35022,2020,12950,25982,9082,3.4,30.6,29.9,2.6,39.3,24.4,10.9,18.3,86.6,2.8,"INE, Atlas de distribución de renta de los hogares, tablas 30824, 30829, 37677 y 30832"
35022,2021,12950,27210,9579,3.4,30.0,29.5,2.5,39.7,24.5,11.2,17.8,86.8,2.8,"INE, Atlas de distribución de renta de los hogares, tablas 30824, 30829, 37677 y 30832"
35022,2022,15050,30208,10628,3.3,27.9,28.4,2.5,40.1,24.4,11.6,17.2,85.9,2.8,"INE, Atlas de distribución de renta de los hogares, tablas 30824, 30829, 37677 y 30832"
35022,2023,16450,33026,11566,3.0,26.0,27.3,2.3,40.5,24.4,12.2,16.7,85.4,2.8,"INE, Atlas de distribución de renta de los hogares, tablas 30824, 30829, 37677 y 30832"
35026,2015,11550,24971,8965,7.4,28.7,33.8,2.9,39.5,24.9,12.5,18.5,97.1,2.7,"INE, Atlas de distribución de renta de los hogares, tablas 30824, 30829, 37677 y 30832"
35026,2016,12250,25701,9252,7.9,26.6,33.0,3.0,39.9,24.5,12.9,18.3,97.3,2.7,"INE, Atlas de distribución de renta de los hogares, tablas 30824, 30829, 37677 y 30832"
35026,2017,12950,26858,9731,7.4,25.4,32.0,2.8,40.3,24.8,13.4,17.8,97.1,2.7,"INE, Atlas de distribución de renta de los hogares, tablas 30824, 30829, 37677 y 30832"
35026,2018,13650,28141,10289,7.1,24.0,31.3,2.7,40.7,25.2,13.8,17.5,97.0,2.7,"INE, Atlas de distribución de renta de los hogares, tablas 30824, 30829, 37677 y 30832"
35026,2019,14350,29384,10808,6.8,23.7,30.6,2.5,41.2,25.6,14.3,17.0,96.9,2.7,"INE, Atlas de distribución de renta de los hogares, tablas 30824, 30829, 37677 y 30832"
35026,2020,14350,29121,10840,6.9,23.9,30.8,2.5,41.7,26.0,14.8,16.4,96.9,2.7,"INE, Atlas de distribución de renta de los hogares, tablas 30824, 30829, 37677 y 30832"
35026,2021,15050,30237,11381,6.9,23.6,30.4,2.5,42.2,26.7,15.3,15.8,97.0,2.6,"INE, Atlas de distribución de renta de los hogares, tablas 30824, 30829, 37677 y 30832"
35026,2022,16450,32297,12281,6.4,23.5,29.8,2.5,42.6,27.1,15.7,15.2,96.6,2.6,"INE, Atlas de distribución de renta de los hogares, tablas 30824, 30829, 37677 y 30832"
35026,2023,17850,34808,13303,5.9,22.4,28.9,2.5,43.1,27.4,16.2,14.6,96.2,2.6,"INE, Atlas de distribución de renta de los hogares, tablas 30824, 30829, 37677 y 30832"
36008,2015,13650,25867,9732,7.2,19.9,29.8,2.5,43.1,25.8,18.9,16.4,97.7,2.6,"INE, Atlas de distribución de renta de los hogares, tablas 30824, 30829, 37677 y 30832"
36008,2016,14350,27080,10245,7.8,18.1,29.5,2.4,43.5,26.0,19.3,16.3,98.0,2.6,"INE, Atlas de distribución de renta de los hogares, tablas 30824, 30829, 37677 y 30832"
36008,2017,14350,27493,10462,7.0,17.8,28.6,2.4,43.9,26.6,19.7,16.2,97.9,2.6,"INE, Atlas de distribución de renta de los hogares, tablas 30824, 30829, 37677 y 30832"
36008,2018,15050,28720,11053,6.6,17.2,28.1,2.3,44.3,27.1,20.2,16.0,97.6,2.6,"INE, Atlas de distribución de renta de los hogares, tablas 30824, 30829, 37677 y 30832"
36008,2019,15750,29829,11528,6.2,17.3,27.6,2.2,44.7,27.2,20.6,15.8,97.4,2.6,"INE, Atlas de distribución de renta de los hogares, tablas 30824, 30829, 37677 y 30832"
36008,2020,15750,29826,11638,6.4,16.7,27.2,2.3,45.1,27.4,21.2,15.4,97.3,2.6,"INE, Atlas de distribución de renta de los hogares, tablas 30824, 30829, 37677 y 30832"
36008,2021,17150,31235,12279,6.4,16.3,26.8,2.2,45.5,27.7,21.8,15.0,97.2,2.5,"INE, Atlas de distribución de renta de los hogares, tablas 30824, 30829, 37677 y 30832"
36008,2022,17850,33387,13271,6.0,17.5,27.0,2.2,45.9,28.0,22.4,14.8,97.1,2.5,"INE, Atlas de distribución de renta de los hogares, tablas 30824, 30829, 37677 y 30832"
36008,2023,19250,34982,14034,5.4,17.4,26.3,2.2,46.4,28.8,23.1,14.2,97.0,2.5,"INE, Atlas de distribución de renta de los hogares, tablas 30824, 30829, 37677 y 30832"
36026,2015,12950,24281,9387,7.0,23.5,31.6,2.7,43.1,28.0,19.6,16.6,96.6,2.5,"INE, Atlas de distribución de renta de los hogares, tablas 30824, 30829, 37677 y 30832"
36026,2016,12950,24926,9605,7.3,21.7,31.1,2.5,43.6,27.2,20.0,16.3,96.9,2.6,"INE, Atlas de distribución de renta de los hogares, tablas 30824, 30829, 37677 y 30832"
36026,2017,13650,25520,9889,6.3,21.9,30.2,2.6,44.0,28.0,20.5,16.3,97.0,2.5,"INE, Atlas de distribución de renta de los hogares, tablas 30824, 30829, 37677 y 30832"
36026,2018,14350,26438,10303,5.8,21.3,29.3,2.4,44.4,27.8,21.0,16.1,96.9,2.5,"INE, Atlas de distribución de renta de los hogares, tablas 30824, 30829, 37677 y 30832"
36026,2019,15050,27308,10684,5.2,21.0,28.6,2.3,44.6,28.0,21.2,15.9,96.9,2.5,"INE, Atlas de distribución de renta de los hogares, tablas 30824, 30829, 37677 y 30832"
36026,2020,15050,27671,10888,5.4,21.3,28.6,2.3,45.0,27.9,21.6,15.6,96.8,2.5,"INE, Atlas de distribución de renta de los hogares, tablas 30824, 30829, 37677 y 30832"
36026,2021,15750,28928,11382,4.9,20.5,27.7,2.4,45.4,27.9,22.2,15.3,96.9,2.5,"INE, Atlas de distribución de renta de los hogares, tablas 30824, 30829, 37677 y 30832"
36026,2022,17150,30719,12133,4.3,21.3,27.6,2.4,45.6,28.6,22.4,15.2,96.2,2.5,"INE, Atlas de distribución de renta de los hogares, tablas 30824, 30829, 37677 y 30832"
36026,2023,17850,32876,12981,4.2,21.1,27.1,2.2,46.0,28.8,23.2,14.7,96.2,2.5,"INE, Atlas de distribución de renta de los hogares, tablas 30824, 30829, 37677 y 30832"
36038,2015,15050,28682,11309,14.5,20.6,34.4,3.0,43.0,28.6,19.3,16.8,96.6,2.5,"INE, Atlas de distribución de renta de los hogares, tablas 30824, 30829, 37677 y 30832"
36038,2016,15050,29039,11541,15.2,19.8,34.2,3.1,43.4,28.1,19.7,16.8,96.7,2.5,"INE, Atlas de distribución de renta de los hogares, tablas 30824, 30829, 37677 y 30832"
36038,2017,15750,29618,11831,14.1,19.9,33.6,2.8,43.6,29.1,20.1,16.8,96.5,2.4,"INE, Atlas de distribución de renta de los hogares, tablas 30824, 30829, 37677 y 30832"
36038,2018,16450,30571,12335,13.1,19.5,32.9,2.7,43.9,29.1,20.5,16.7,96.2,2.5,"INE, Atlas de distribución de renta de los hogares, tablas 30824, 30829, 37677 y 30832"
36038,2019,17150,31865,12922,12.7,19.3,32.4,2.9,44.3,29.3,20.9,16.5,95.8,2.4,"INE, Atlas de distribución de renta de los hogares, tablas 30824, 30829, 37677 y 30832"
36038,2020,17150,31982,13047,13.0,18.8,32.0,2.9,44.6,29.4,21.4,16.3,95.8,2.4,"INE, Atlas de distribución de renta de los hogares, tablas 30824, 30829, 37677 y 30832"
36038,2021,17850,32919,13676,12.6,18.2,31.2,2.8,45.0,30.4,22.0,15.9,95.7,2.4,"INE, Atlas de distribución de renta de los hogares, tablas 30824, 30829, 37677 y 30832"
36038,2022,19250,34511,14460,11.3,19.2,31.1,2.7,45.3,31.1,22.3,15.7,95.2,2.4,"INE, Atlas de distribución de renta de los hogares, tablas 30824, 30829, 37677 y 30832"
36038,2023,19950,36854,15483,10.2,19.4,30.8,2.7,45.6,31.4,22.8,15.4,94.6,2.4,"INE, Atlas de distribución de renta de los hogares, tablas 30824, 30829, 37677 y 30832"
36045,2015,14350,28416,9878,7.0,16.1,27.3,2.4,44.2,19.6,20.7,15.4,98.4,2.9,"INE, Atlas de distribución de renta de los hogares, tablas 30824, 30829, 37677 y 30832"
36045,2016,14350,29232,10219,7.8,14.7,26.8,2.3,44.5,19.9,21.2,15.4,98.5,2.8,"INE, Atlas de distribución de renta de los hogares, tablas 30824, 30829, 37677 y 30832"
36045,2017,15050,30148,10671,6.8,14.2,26.1,2.1,44.9,20.7,21.8,15.2,98.5,2.8,"INE, Atlas de distribución de renta de los hogares, tablas 30824, 30829, 37677 y 30832"
36045,2018,16450,31188,11165,6.4,13.6,25.3,2.0,45.3,21.4,22.3,15.0,98.3,2.8,"INE, Atlas de distribución de renta de los hogares, tablas 30824, 30829, 37677 y 30832"
36045,2019,16450,32699,11736,5.8,13.3,24.8,2.2,45.7,21.4,23.0,14.9,98.1,2.8,"INE, Atlas de distribución de renta de los hogares, tablas 30824, 30829, 37677 y 30832"
36045,2020,17150,33086,11977,6.2,13.1,24.6,2.0,46.0,21.8,23.4,14.6,98.1,2.8,"INE, Atlas de distribución de renta de los hogares, tablas 30824, 30829, 37677 y 30832"
36045,2021,17850,33660,12313,6.0,13.3,24.4,2.1,46.4,22.3,24.0,14.5,98.0,2.7,"INE, Atlas de distribución de renta de los hogares, tablas 30824, 30829, 37677 y 30832"
36045,2022,18550,35187,12955,5.0,13.8,24.3,2.1,46.8,22.6,24.5,14.2,97.7,2.7,"INE, Atlas de distribución de renta de los hogares, tablas 30824, 30829, 37677 y 30832"
36045,2023,19950,37805,13948,4.5,13.8,23.9,2.0,47.1,23.1,24.9,13.8,97.3,2.7,"INE, Atlas de distribución de renta de los hogares, tablas 30824, 30829, 37677 y 30832"
36057,2015,15050,31077,11680,13.6,18.0,32.5,2.8,44.1,26.1,21.1,15.6,95.8,2.6,"INE, Atlas de distribución de renta de los hogares, tablas 30824, 30829, 37677 y 30832"
36057,2016,15750,31139,11666,14.3,17.5,32.6,2.8,44.4,25.6,21.5,15.8,95.8,2.6,"INE, Atlas de distribución de renta de los hogares, tablas 30824, 30829, 37677 y 30832"
36057,2017,16450,31827,12083,13.1,17.2,31.8,2.6,44.7,26.4,21.9,15.7,95.6,2.6,"INE, Atlas de distribución de renta de los hogares, tablas 30824, 30829, 37677 y 30832"
36057,2018,16800,32800,12537,12.2,16.7,31.1,2.5,45.0,26.8,22.3,15.6,95.1,2.6,"INE, Atlas de distribución de renta de los hogares, tablas 30824, 30829, 37677 y 30832"
36057,2019,17850,33720,12933,11.6,16.5,30.6,2.6,45.3,27.0,22.6,15.4,94.6,2.6,"INE, Atlas de distribución de renta de los hogares, tablas 30824, 30829, 37677 y 30832"
36057,2020,17850,33927,13164,11.9,16.4,30.2,2.6,45.6,27.4,23.1,15.2,94.6,2.6,"INE, Atlas de distribución de renta de los hogares, tablas 30824, 30829, 37677 y 30832"
36057,2021,17850,34866,13655,11.5,16.2,29.9,2.6,46.0,27.9,23.6,14.9,94.6,2.5,"INE, Atlas de distribución de renta de los hogares, tablas 30824, 30829, 37677 y 30832"
36057,2022,19250,36625,14430,10.4,17.5,30.0,2.5,46.2,28.4,23.9,14.6,93.8,2.5,"INE, Atlas de distribución de renta de los hogares, tablas 30824, 30829, 37677 y 30832"
36057,2023,19950,38846,15359,9.6,17.6,29.7,2.5,46.5,28.9,24.3,14.4,93.2,2.5,"INE, Atlas de distribución de renta de los hogares, tablas 30824, 30829, 37677 y 30832"
36060,2015,12250,24383,9240,7.1,25.6,32.9,2.6,43.1,26.1,19.5,16.4,96.7,2.6,"INE, Atlas de distribución de renta de los hogares, tablas 30824, 30829, 37677 y 30832"
36060,2016,12950,24917,9474,7.3,23.4,32.1,2.7,43.4,25.9,19.9,16.5,96.5,2.6,"INE, Atlas de distribución de renta de los hogares, tablas 30824, 30829, 37677 y 30832"
36060,2017,13650,25758,9855,6.4,23.1,31.1,2.6,43.7,26.2,20.3,16.3,96.3,2.6,"INE, Atlas de distribución de renta de los hogares, tablas 30824, 30829, 37677 y 30832"
36060,2018,14350,26624,10262,6.0,22.3,30.3,2.4,44.1,26.4,20.8,16.1,96.1,2.6,"INE, Atlas de distribución de renta de los hogares, tablas 30824, 30829, 37677 y 30832"
36060,2019,15050,27940,10804,5.8,22.2,29.8,2.5,44.4,26.8,21.1,16.0,95.7,2.6,"INE, Atlas de distribución de renta de los hogares, tablas 30824, 30829, 37677 y 30832"
36060,2020,15050,28143,11003,6.1,21.9,29.6,2.5,44.8,27.1,21.6,15.6,95.6,2.5,"INE, Atlas de distribución de renta de los hogares, tablas 30824, 30829, 37677 y 30832"
36060,2021,15750,29129,11459,5.9,21.3,28.9,2.5,45.1,27.3,22.0,15.5,95.4,2.5,"INE, Atlas de distribución de renta de los hogares, tablas 30824, 30829, 37677 y 30832"
36060,2022,16450,30581,12128,5.1,22.2,28.8,2.5,45.4,27.8,22.4,15.2,94.9,2.5,"INE, Atlas de distribución de renta de los hogares, tablas 30824, 30829, 37677 y 30832"
36060,2023,17850,32879,13097,4.9,22.6,28.4,2.4,45.8,28.3,22.9,14.7,94.5,2.5,"INE, Atlas de distribución de renta de los hogares, tablas 30824, 30829, 37677 y 30832"
37274,2015,14350,26948,11735,14.8,21.1,35.1,3.0,46.6,34.8,25.7,14.7,95.5,2.3,"INE, Atlas de distribución de renta de los hogares, tablas 30824, 30829, 37677 y 30832"
37274,2016,14350,27355,11921,15.4,20.5,35.2,3.1,46.9,34.4,26.2,14.7,95.7,2.3,"INE, Atlas de distribución de renta de los hogares, tablas 30824, 30829, 37677 y 30832"
37274,2017,15050,27811,12225,13.7,20.5,34.0,2.8,47.1,35.2,26.6,14.6,95.3,2.2,"INE, Atlas de distribución de renta de los hogares, tablas 30824, 30829, 37677 y 30832"
37274,2018,15750,28466,12595,12.8,20.4,33.6,2.9,47.3,35.7,26.9,14.5,94.7,2.2,"INE, Atlas de distribución de renta de los hogares, tablas 30824, 30829, 37677 y 30832"
37274,2019,16450,29806,13112,12.2,20.5,33.1,2.8,47.5,35.4,27.2,14.3,93.9,2.3,"INE, Atlas de distribución de renta de los hogares, tablas 30824, 30829, 37677 y 30832"
37274,2020,16450,29675,13185,12.7,21.0,33.5,2.8,47.7,35.9,27.5,14.1,93.6,2.2,"INE, Atlas de distribución de renta de los hogares, tablas 30824, 30829, 37677 y 30832"
37274,2021,17150,30602,13756,11.9,20.5,32.5,2.9,48.1,36.8,28.2,13.9,93.3,2.2,"INE, Atlas de distribución de renta de los hogares, tablas 30824, 30829, 37677 y 30832"
37274,2022,17850,31674,14405,10.6,22.0,32.7,2.8,48.1,37.6,28.4,13.7,92.4,2.2,"INE, Atlas de distribución de renta de los hogares, tablas 30824, 30829, 37677 y 30832"
37274,2023,18550,33391,15319,9.7,22.6,32.3,2.8,48.2,38.4,28.8,13.5,91.5,2.2,"INE, Atlas de distribución de renta de los hogares, tablas 30824, 30829, 37677 y 30832"
38001,2015,10850,21928,8050,6.3,35.2,37.7,3.4,37.7,30.7,9.4,17.8,53.8,2.6,"INE, Atlas de distribución de renta de los hogares, tablas 30824, 30829, 37677 y 30832"
38001,2016,10850,22635,8057,6.6,34.6,38.0,3.4,37.7,26.9,9.5,18.2,55.1,2.6,"INE, Atlas de distribución de renta de los hogares, tablas 30824, 30829, 37677 y 30832"
38001,2017,12250,23721,8706,6.2,32.0,36.0,3.2,38.0,30.8,9.7,17.9,54.5,2.6,"INE, Atlas de distribución de renta de los hogares, tablas 30824, 30829, 37677 y 30832"
38001,2018,12250,25143,9105,5.8,32.0,35.6,3.0,38.5,30.3,10.2,17.3,53.9,2.6,"INE, Atlas de distribución de renta de los hogares, tablas 30824, 30829, 37677 y 30832"
38001,2019,12950,26899,9632,5.8,31.2,34.9,3.1,38.7,30.0,10.4,17.0,52.9,2.6,"INE, Atlas de distribución de renta de los hogares, tablas 30824, 30829, 37677 y 30832"
38001,2020,11550,23544,8543,4.7,37.7,35.8,3.1,39.5,30.4,11.2,16.4,53.0,2.6,"INE, Atlas de distribución de renta de los hogares, tablas 30824, 30829, 37677 y 30832"
38001,2021,12250,25170,9224,5.3,36.6,35.9,3.0,40.2,30.6,12.0,15.9,52.7,2.6,"INE, Atlas de distribución de renta de los hogares, tablas 30824, 30829, 37677 y 30832"
38001,2022,15050,28513,10442,5.5,32.1,34.8,2.8,40.5,30.7,12.5,16.0,51.7,2.6,"INE, Atlas de distribución de renta de los hogares, tablas 30824, 30829, 37677 y 30832"
38001,2023,15750,33398,12060,5.5,30.7,33.9,2.8,40.9,30.6,12.9,15.8,51.7,2.6,"INE, Atlas de distribución de renta de los hogares, tablas 30824, 30829, 37677 y 30832"
38006,2015,10150,19418,7292,4.0,39.2,36.6,3.6,39.0,35.4,11.4,17.2,61.9,2.5,"INE, Atlas de distribución de renta de los hogares, tablas 30824, 30829, 37677 y 30832"
38006,2016,10150,20033,7233,4.2,39.2,37.0,3.6,38.8,30.6,11.0,17.5,63.2,2.5,"INE, Atlas de distribución de renta de los hogares, tablas 30824, 30829, 37677 y 30832"
38006,2017,10850,21616,8041,4.1,35.3,34.4,2.9,38.9,34.2,11.3,17.4,62.8,2.5,"INE, Atlas de distribución de renta de los hogares, tablas 30824, 30829, 37677 y 30832"
38006,2018,11550,22930,8452,3.9,34.8,34.0,3.0,39.3,32.8,11.7,17.2,61.9,2.6,"INE, Atlas de distribución de renta de los hogares, tablas 30824, 30829, 37677 y 30832"
38006,2019,12250,24409,8976,3.7,33.3,32.9,2.9,39.9,32.0,12.3,16.5,61.4,2.6,"INE, Atlas de distribución de renta de los hogares, tablas 30824, 30829, 37677 y 30832"
38006,2020,11550,22327,8300,3.2,39.8,33.9,3.0,40.5,32.3,13.0,16.2,62.0,2.5,"INE, Atlas de distribución de renta de los hogares, tablas 30824, 30829, 37677 y 30832"
38006,2021,11550,23145,8741,3.6,39.2,34.0,2.8,41.2,32.6,13.9,15.8,62.0,2.5,"INE, Atlas de distribución de renta de los hogares, tablas 30824, 30829, 37677 y 30832"
38006,2022,13650,26310,9914,3.5,35.2,32.6,2.9,41.7,32.5,14.6,15.4,60.7,2.5,"INE, Atlas de distribución de renta de los hogares, tablas 30824, 30829, 37677 y 30832"
38006,2023,15050,30042,11184,3.4,33.6,31.9,2.8,42.0,32.2,14.9,15.0,60.8,2.5,"INE, Atlas de distribución de renta de los hogares, tablas 30824, 30829, 37677 y 30832"
38011,2015,13650,26816,10516,12.5,24.3,35.1,3.1,40.3,32.1,14.4,18.1,93.8,2.5,"INE, Atlas de distribución de renta de los hogares, tablas 30824, 30829, 37677 y 30832"
38011,2016,14350,27501,10694,13.4,23.4,34.7,3.2,40.6,30.4,14.7,18.2,93.7,2.5,"INE, Atlas de distribución de renta de los hogares, tablas 30824, 30829, 37677 y 30832"
38011,2017,15050,28459,11148,12.1,22.3,33.4,3.0,41.0,32.0,15.2,18.0,93.3,2.5,"INE, Atlas de distribución de renta de los hogares, tablas 30824, 30829, 37677 y 30832"
38011,2018,15750,29948,11753,11.6,20.9,32.7,2.9,41.4,31.9,15.6,17.7,93.2,2.5,"INE, Atlas de distribución de renta de los hogares, tablas 30824, 30829, 37677 y 30832"
38011,2019,16450,31727,12358,11.5,20.6,32.1,2.8,41.8,32.0,16.0,17.4,92.6,2.5,"INE, Atlas de distribución de renta de los hogares, tablas 30824, 30829, 37677 y 30832"
38011,2020,16450,32007,12521,11.9,20.1,32.3,2.9,42.3,31.4,16.4,16.9,92.9,2.5,"INE, Atlas de distribución de renta de los hogares, tablas 30824, 30829, 37677 y 30832"
38011,2021,17850,33282,13130,11.7,18.9,31.2,2.7,42.8,31.6,17.1,16.4,93.1,2.5,"INE, Atlas de distribución de renta de los hogares, tablas 30824, 30829, 37677 y 30832"
38011,2022,19250,35352,14036,11.2,19.1,30.5,2.7,43.3,31.8,17.9,16.0,92.6,2.5,"INE, Atlas de distribución de renta de los hogares, tablas 30824, 30829, 37677 y 30832"
38011,2023,19950,38582,15334,10.1,18.5,30.1,2.5,43.7,31.9,18.4,15.6,92.9,2.5,"INE, Atlas de distribución de renta de los hogares, tablas 30824, 30829, 37677 y 30832"
38017,2015,10850,22004,7737,4.3,34.4,34.2,2.9,37.8,29.4,10.1,19.4,78.5,2.7,"INE, Atlas de distribución de renta de los hogares, tablas 30824, 30829, 37677 y 30832"
38017,2016,10850,23150,7798,4.7,33.7,34.1,2.9,37.7,25.2,10.1,19.9,78.4,2.8,"INE, Atlas de distribución de renta de los hogares, tablas 30824, 30829, 37677 y 30832"
38017,2017,11550,24349,8486,4.7,30.5,32.0,2.7,37.9,27.5,10.2,19.7,77.6,2.8,"INE, Atlas de distribución de renta de los hogares, tablas 30824, 30829, 37677 y 30832"
38017,2018,12250,25785,8894,4.3,29.9,31.6,2.6,38.1,27.2,10.3,19.5,76.3,2.8,"INE, Atlas de distribución de renta de los hogares, tablas 30824, 30829, 37677 y 30832"
38017,2019,12950,27449,9412,4.4,29.3,31.2,2.7,38.4,27.0,10.5,19.2,76.0,2.8,"INE, Atlas de distribución de renta de los hogares, tablas 30824, 30829, 37677 y 30832"
38017,2020,12250,25854,8961,4.1,33.0,31.9,2.5,38.9,27.2,11.0,18.8,76.0,2.8,"INE, Atlas de distribución de renta de los hogares, tablas 30824, 30829, 37677 y 30832"
38017,2021,12950,26602,9409,4.2,33.9,32.2,2.7,39.5,27.9,11.6,18.1,76.0,2.7,"INE, Atlas de distribución de renta de los hogares, tablas 30824, 30829, 37677 y 30832"
38017,2022,14350,29976,10458,4.0,30.3,30.8,2.5,39.9,27.7,12.0,17.6,74.3,2.8,"INE, Atlas de distribución de renta de los hogares, tablas 30824, 30829, 37677 y 30832"
38017,2023,15750,33490,11489,3.6,28.5,29.5,2.5,40.3,26.9,12.3,17.0,73.9,2.8,"INE, Atlas de distribución de renta de los hogares, tablas 30824, 30829, 37677 y 30832"
38023,2015,12250,26781,9622,10.9,29.1,36.7,3.2,41.2,27.0,15.2,16.2,94.8,2.7,"INE, Atlas de distribución de renta de los hogares, tablas 30824, 30829, 37677 y 30832"
38023,2016,12950,27580,9885,11.6,27.6,36.3,3.3,41.6,26.3,15.6,16.1,95.0,2.7,"INE, Atlas de distribución de renta de los hogares, tablas 30824, 30829, 37677 y 30832"
38023,2017,12950,28379,10251,10.6,27.0,35.2,3.1,41.9,27.1,15.8,15.8,94.6,2.7,"INE, Atlas de distribución de renta de los hogares, tablas 30824, 30829, 37677 y 30832"
38023,2018,14350,29677,10756,10.3,26.2,34.9,3.2,42.2,27.4,16.1,15.5,94.0,2.7,"INE, Atlas de distribución de renta de los hogares, tablas 30824, 30829, 37677 y 30832"
38023,2019,15050,31203,11352,10.3,25.5,34.2,3.1,42.5,27.7,16.6,15.2,93.6,2.7,"INE, Atlas de distribución de renta de los hogares, tablas 30824, 30829, 37677 y 30832"
38023,2020,15050,31013,11481,10.6,25.7,34.2,3.1,43.0,28.2,17.1,14.8,94.0,2.7,"INE, Atlas de distribución de renta de los hogares, tablas 30824, 30829, 37677 y 30832"
38023,2021,15750,32101,12022,10.3,24.9,33.3,3.0,43.4,28.6,17.6,14.4,94.2,2.6,"INE, Atlas de distribución de renta de los hogares, tablas 30824, 30829, 37677 y 30832"
38023,2022,16450,34087,12878,9.4,25.1,32.8,2.9,43.6,28.8,18.0,14.1,93.9,2.6,"INE, Atlas de distribución de renta de los hogares, tablas 30824, 30829, 37677 y 30832"
38023,2023,17850,36633,13863,8.6,24.4,31.9,2.7,43.9,29.2,18.4,13.7,93.7,2.6,"INE, Atlas de distribución de renta de los hogares, tablas 30824, 30829, 37677 y 30832"
38026,2015,10850,24282,8209,6.2,32.6,34.2,3.0,40.9,20.4,16.0,17.9,96.9,2.9,"INE, Atlas de distribución de renta de los hogares, tablas 30824, 30829, 37677 y 30832"
38026,2016,10850,25129,8472,6.6,29.7,33.3,2.7,41.2,20.2,16.2,17.9,96.8,2.9,"INE, Atlas de distribución de renta de los hogares, tablas 30824, 30829, 37677 y 30832"
38026,2017,11550,26042,8893,6.2,28.3,31.9,2.5,41.5,21.4,16.4,17.6,96.3,2.9,"INE, Atlas de distribución de renta de los hogares, tablas 30824, 30829, 37677 y 30832"
38026,2018,12250,27335,9377,6.0,27.5,31.4,2.5,41.8,21.5,16.7,17.3,95.8,2.9,"INE, Atlas de distribución de renta de los hogares, tablas 30824, 30829, 37677 y 30832"
38026,2019,13650,28679,9863,5.8,27.0,30.7,2.6,42.2,21.5,17.1,16.8,95.7,2.9,"INE, Atlas de distribución de renta de los hogares, tablas 30824, 30829, 37677 y 30832"
38026,2020,12950,28373,9856,5.9,27.1,30.7,2.6,42.6,22.1,17.4,16.5,95.7,2.8,"INE, Atlas de distribución de renta de los hogares, tablas 30824, 30829, 37677 y 30832"
38026,2021,13650,29733,10444,5.8,26.4,30.3,2.4,43.0,22.7,17.8,16.0,95.3,2.8,"INE, Atlas de distribución de renta de los hogares, tablas 30824, 30829, 37677 y 30832"
38026,2022,15050,32261,11436,5.8,25.1,29.6,2.5,43.5,23.3,18.2,15.5,94.7,2.8,"INE, Atlas de distribución de renta de los hogares, tablas 30824, 30829, 37677 y 30832"
38026,2023,16450,34805,12366,5.3,24.2,28.6,2.3,43.9,23.5,18.7,15.1,94.4,2.8,"INE, Atlas de distribución de renta de los hogares, tablas 30824, 30829, 37677 y 30832"
38028,2015,11550,23620,9559,9.6,30.2,37.6,3.4,45.7,39.7,23.3,13.1,86.2,2.3,"INE, Atlas de distribución de renta de los hogares, tablas 30824, 30829, 37677 y 30832"
38028,2016,11550,24176,9549,9.6,31.3,38.1,3.4,45.7,35.7,23.1,13.1,84.8,2.4,"INE, Atlas de distribución de renta de los hogares, tablas 30824, 30829, 37677 y 30832"
38028,2017,12950,25130,10131,9.5,28.7,36.3,3.1,45.9,38.6,23.7,13.0,83.3,2.4,"INE, Atlas de distribución de renta de los hogares, tablas 30824, 30829, 37677 y 30832"
38028,2018,12950,25934,10557,9.2,28.5,36.2,2.9,46.3,38.7,24.2,12.8,82.8,2.3,"INE, Atlas de distribución de renta de los hogares, tablas 30824, 30829, 37677 y 30832"
38028,2019,13650,26853,11139,8.9,28.5,35.6,3.1,46.8,39.8,24.9,12.5,82.5,2.3,"INE, Atlas de distribución de renta de los hogares, tablas 30824, 30829, 37677 y 30832"
38028,2020,13650,26042,11014,8.7,29.7,35.9,3.1,47.4,40.5,25.8,12.2,82.8,2.3,"INE, Atlas de distribución de renta de los hogares, tablas 30824, 30829, 37677 y 30832"
38028,2021,14350,27149,11627,8.8,28.9,35.0,2.9,47.6,40.8,26.1,12.0,82.7,2.2,"INE, Atlas de distribución de renta de los hogares, tablas 30824, 30829, 37677 y 30832"
38028,2022,15750,29512,12751,8.3,28.7,34.9,2.9,48.1,40.9,26.9,11.5,79.9,2.2,"INE, Atlas de distribución de renta de los hogares, tablas 30824, 30829, 37677 y 30832"
38028,2023,16450,32185,13871,7.7,28.3,34.4,2.9,48.2,41.1,27.0,11.5,78.9,2.2,"INE, Atlas de distribución de renta de los hogares, tablas 30824, 30829, 37677 y 30832"
38031,2015,10150,22274,7509,3.8,33.1,31.2,2.8,41.3,23.9,16.3,17.6,96.1,2.9,"INE, Atlas de distribución de renta de los hogares, tablas 30824, 30829, 37677 y 30832"
38031,2016,10850,23056,7764,4.0,30.7,30.8,2.5,41.5,22.5,16.2,17.7,96.0,2.9,"INE, Atlas de distribución de renta de los hogares, tablas 30824, 30829, 37677 y 30832"
38031,2017,11550,24421,8286,3.5,28.6,29.0,2.3,41.8,23.6,16.5,17.3,95.5,2.9,"INE, Atlas de distribución de renta de los hogares, tablas 30824, 30829, 37677 y 30832"
38031,2018,12250,26008,8877,3.6,27.4,28.7,2.3,42.2,23.6,16.8,17.0,95.1,2.9,"INE, Atlas de distribución de renta de los hogares, tablas 30824, 30829, 37677 y 30832"
38031,2019,12950,27210,9345,3.7,25.9,28.0,2.2,42.7,23.9,17.3,16.5,94.9,2.8,"INE, Atlas de distribución de renta de los hogares, tablas 30824, 30829, 37677 y 30832"
38031,2020,12950,26747,9267,3.7,27.7,28.4,2.4,43.0,24.0,17.6,16.1,95.1,2.8,"INE, Atlas de distribución de renta de los hogares, tablas 30824, 30829, 37677 y 30832"
38031,2021,13650,27692,9744,3.5,27.3,28.0,2.3,43.5,25.0,18.2,15.7,94.7,2.8,"INE, Atlas de distribución de renta de los hogares, tablas 30824, 30829, 37677 y 30832"
38031,2022,15050,29838,10598,3.3,26.1,27.2,2.3,43.9,24.8,18.7,15.2,93.9,2.8,"INE, Atlas de distribución de renta de los hogares, tablas 30824, 30829, 37677 y 30832"
38031,2023,16450,32945,11695,3.1,24.6,26.3,2.2,44.3,25.0,19.0,14.8,93.2,2.8,"INE, Atlas de distribución de renta de los hogares, tablas 30824, 30829, 37677 y 30832"
38038,2015,12950,27548,10738,14.6,28.2,39.0,3.9,42.7,32.2,18.1,16.0,94.9,2.5,"INE, Atlas de distribución de renta de los hogares, tablas 30824, 30829, 37677 y 30832"
38038,2016,13650,28512,11042,15.4,27.1,38.5,3.6,43.0,31.2,18.4,15.9,95.1,2.5,"INE, Atlas de distribución de renta de los hogares, tablas 30824, 30829, 37677 y 30832"
38038,2017,13650,29164,11337,14.2,27.0,37.8,3.4,43.2,31.7,18.6,15.7,94.4,2.5,"INE, Atlas de distribución de renta de los hogares, tablas 30824, 30829, 37677 y 30832"
38038,2018,14350,30598,11858,13.7,26.3,37.4,3.5,43.5,31.4,18.9,15.5,93.7,2.5,"INE, Atlas de distribución de renta de los hogares, tablas 30824, 30829, 37677 y 30832"
38038,2019,15750,32550,12461,13.2,25.1,36.2,3.3,43.8,30.5,19.2,15.2,93.2,2.6,"INE, Atlas de distribución de renta de los hogares, tablas 30824, 30829, 37677 y 30832"
38038,2020,15750,32482,12547,13.5,25.0,36.1,3.4,44.2,30.5,19.7,14.8,93.2,2.6,"INE, Atlas de distribución de renta de los hogares, tablas 30824, 30829, 37677 y 30832"
38038,2021,16450,33587,13043,13.2,24.4,35.2,3.2,44.5,30.5,20.1,14.4,93.1,2.5,"INE, Atlas de distribución de renta de los hogares, tablas 30824, 30829, 37677 y 30832"
38038,2022,17150,36062,14058,12.3,24.1,34.7,3.2,44.7,30.4,20.3,14.1,92.9,2.5,"INE, Atlas de distribución de renta de los hogares, tablas 30824, 30829, 37677 y 30832"
38038,2023,18550,39072,15110,11.4,23.5,33.9,2.9,45.0,29.9,20.7,13.7,92.6,2.5,"INE, Atlas de distribución de renta de los hogares, tablas 30824, 30829, 37677 y 30832"
39016,2015,15050,29721,10930,10.8,15.8,29.1,2.4,42.0,22.2,16.8,18.8,96.0,2.7,"INE, Atlas de distribución de renta de los hogares, tablas 30824, 30829, 37677 y 30832"
39016,2016,15750,30103,11076,11.4,14.6,28.8,2.4,42.5,21.9,17.4,18.7,96.2,2.7,"INE, Atlas de distribución de renta de los hogares, tablas 30824, 30829, 37677 y 30832"
39016,2017,16450,30754,11490,10.0,14.1,27.7,2.3,43.0,22.8,18.1,18.3,96.3,2.7,"INE, Atlas de distribución de renta de los hogares, tablas 30824, 30829, 37677 y 30832"
39016,2018,16450,31775,11914,9.3,14.1,27.4,2.2,43.4,23.1,18.8,18.1,95.7,2.7,"INE, Atlas de distribución de renta de los hogares, tablas 30824, 30829, 37677 y 30832"
39016,2019,17150,33110,12494,8.7,14.0,27.0,2.3,43.8,23.4,19.2,17.7,95.1,2.6,"INE, Atlas de distribución de renta de los hogares, tablas 30824, 30829, 37677 y 30832"
39016,2020,17150,33549,12689,9.4,14.1,27.2,2.4,44.3,23.0,19.8,17.1,94.9,2.6,"INE, Atlas de distribución de renta de los hogares, tablas 30824, 30829, 37677 y 30832"
39016,2021,17850,34255,13042,8.8,13.9,26.7,2.3,44.7,23.0,20.5,16.6,94.7,2.6,"INE, Atlas de distribución de renta de los hogares, tablas 30824, 30829, 37677 y 30832"
39016,2022,19250,36246,13925,7.6,14.4,26.4,2.3,45.2,23.9,21.2,15.9,94.4,2.6,"INE, Atlas de distribución de renta de los hogares, tablas 30824, 30829, 37677 y 30832"
39016,2023,19950,38278,14704,6.9,14.8,26.2,2.2,45.5,24.1,22.1,15.3,93.9,2.6,"INE, Atlas de distribución de renta de los hogares, tablas 30824, 30829, 37677 y 30832"
39020,2015,15050,27931,11506,15.1,20.6,34.7,3.1,40.5,31.5,13.9,19.8,92.5,2.4,"INE, Atlas de distribución de renta de los hogares, tablas 30824, 30829, 37677 y 30832"
39020,2016,15750,28696,11735,16.3,19.2,33.8,2.9,40.9,30.7,14.2,20.0,92.7,2.4,"INE, Atlas de distribución de renta de los hogares, tablas 30824, 30829, 37677 y 30832"
39020,2017,16450,29113,11984,14.3,19.5,33.1,2.9,41.2,31.2,14.4,19.7,92.4,2.4,"INE, Atlas de distribución de renta de los hogares, tablas 30824, 30829, 37677 y 30832"
39020,2018,17150,30017,12507,13.7,19.2,32.6,2.8,41.5,31.7,14.8,19.4,92.2,2.4,"INE, Atlas de distribución de renta de los hogares, tablas 30824, 30829, 37677 y 30832"
39020,2019,17850,31330,13051,13.0,19.2,32.3,2.9,41.9,31.8,15.1,18.8,91.6,2.4,"INE, Atlas de distribución de renta de los hogares, tablas 30824, 30829, 37677 y 30832"
39020,2020,17150,31397,13093,13.1,19.4,32.6,2.9,42.3,31.8,15.2,18.2,91.6,2.4,"INE, Atlas de distribución de renta de los hogares, tablas 30824, 30829, 37677 y 30832"
39020,2021,18550,32147,13532,12.8,19.1,31.7,2.8,42.7,32.3,15.8,17.8,91.6,2.4,"INE, Atlas de distribución de renta de los hogares, tablas 30824, 30829, 37677 y 30832"
39020,2022,19250,33993,14445,11.4,18.7,31.0,2.7,43.1,32.9,16.3,17.5,91.0,2.3,"INE, Atlas de distribución de renta de los hogares, tablas 30824, 30829, 37677 y 30832"
39020,2023,20650,36815,15554,10.2,19.6,30.8,2.7,43.5,33.0,17.1,16.8,90.5,2.3,"INE, Atlas de distribución de renta de los hogares, tablas 30824, 30829, 37677 y 30832"
39075,2015,15750,30940,12601,18.0,18.6,34.5,3.0,45.8,31.1,23.2,14.4,92.9,2.4,"INE, Atlas de distribución de renta de los hogares, tablas 30824, 30829, 37677 y 30832"
39075,2016,16450,31593,12911,19.1,17.8,34.5,3.1,46.1,31.1,23.7,14.4,93.0,2.4,"INE, Atlas de distribución de renta de los hogares, tablas 30824, 30829, 37677 y 30832"
39075,2017,16450,32102,13272,17.5,17.8,33.7,2.9,46.3,31.7,24.1,14.4,92.6,2.4,"INE, Atlas de distribución de renta de los hogares, tablas 30824, 30829, 37677 y 30832"
39075,2018,17150,32985,13706,16.4,17.6,33.4,2.9,46.5,32.0,24.5,14.3,92.1,2.4,"INE, Atlas de distribución de renta de los hogares, tablas 30824, 30829, 37677 y 30832"
39075,2019,17850,34143,14219,15.8,17.9,33.1,2.9,46.7,32.3,24.9,14.2,91.3,2.4,"INE, Atlas de distribución de renta de los hogares, tablas 30824, 30829, 37677 y 30832"
39075,2020,17850,33836,14202,15.6,18.2,32.9,2.9,47.0,32.6,25.5,14.0,91.3,2.4,"INE, Atlas de distribución de renta de los hogares, tablas 30824, 30829, 37677 y 30832"
39075,2021,18550,35015,14778,15.0,17.9,32.4,2.9,47.3,32.8,26.1,13.8,91.0,2.4,"INE, Atlas de distribución de renta de los hogares, tablas 30824, 30829, 37677 y 30832"
39075,2022,19950,36722,15572,13.4,18.7,32.2,2.9,47.4,33.3,26.5,13.6,90.2,2.3,"INE, Atlas de distribución de renta de los hogares, tablas 30824, 30829, 37677 y 30832"
39075,2023,20650,38641,16389,12.4,19.4,32.1,2.8,47.5,33.5,27.0,13.4,89.6,2.3,"INE, Atlas de distribución de renta de los hogares, tablas 30824, 30829, 37677 y 30832"
39087,2015,13650,25433,10187,8.2,22.0,31.6,2.6,45.5,27.1,23.0,14.9,93.5,2.5,"INE, Atlas de distribución de renta de los hogares, tablas 30824, 30829, 37677 y 30832"
39087,2016,13650,25625,10396,8.7,20.5,30.8,2.6,45.9,27.6,23.7,15.0,94.2,2.4,"INE, Atlas de distribución de renta de los hogares, tablas 30824, 30829, 37677 y 30832"
39087,2017,14350,26446,10806,8.0,20.1,30.0,2.4,46.2,28.1,24.3,14.9,93.9,2.4,"INE, Atlas de distribución de renta de los hogares, tablas 30824, 30829, 37677 y 30832"
39087,2018,15050,27278,11235,7.4,20.0,29.7,2.5,46.5,28.7,24.8,14.8,93.4,2.4,"INE, Atlas de distribución de renta de los hogares, tablas 30824, 30829, 37677 y 30832"
39087,2019,15750,28433,11730,7.1,20.2,29.3,2.5,46.7,29.0,25.1,14.8,92.8,2.4,"INE, Atlas de distribución de renta de los hogares, tablas 30824, 30829, 37677 y 30832"
39087,2020,15750,28127,11673,6.9,20.6,29.2,2.5,47.1,29.1,25.7,14.5,92.8,2.4,"INE, Atlas de distribución de renta de los hogares, tablas 30824, 30829, 37677 y 30832"
39087,2021,15750,29077,12165,6.5,20.3,28.5,2.6,47.3,29.6,26.3,14.4,92.4,2.4,"INE, Atlas de distribución de renta de los hogares, tablas 30824, 30829, 37677 y 30832"
39087,2022,17150,30532,12864,5.7,21.6,28.5,2.5,47.4,30.3,26.7,14.2,92.2,2.4,"INE, Atlas de distribución de renta de los hogares, tablas 30824, 30829, 37677 y 30832"
39087,2023,17850,32104,13576,4.8,22.2,28.4,2.4,47.5,30.9,27.2,14.0,91.6,2.4,"INE, Atlas de distribución de renta de los hogares, tablas 30824, 30829, 37677 y 30832"
40194,2015,15050,29711,11661,15.1,19.0,33.0,2.8,44.5,30.7,21.9,15.8,89.3,2.5,"INE, Atlas de distribución de renta de los hogares, tablas 30824, 30829, 37677 y 30832"
40194,2016,15750,30203,11938,16.1,18.1,33.0,2.8,44.9,30.7,22.4,15.9,89.7,2.5,"INE, Atlas de distribución de renta de los hogares, tablas 30824, 30829, 37677 y 30832"
40194,2017,15750,30781,12252,14.6,18.2,32.3,2.9,45.1,31.3,22.7,15.8,89.5,2.5,"INE, Atlas de distribución de renta de los hogares, tablas 30824, 30829, 37677 y 30832"
40194,2018,16450,31807,12777,14.0,18.1,31.9,2.8,45.3,31.5,23.0,15.7,88.9,2.5,"INE, Atlas de distribución de renta de los hogares, tablas 30824, 30829, 37677 y 30832"
40194,2019,17150,33079,13293,13.1,18.3,31.5,2.7,45.4,31.6,23.3,15.8,87.8,2.5,"INE, Atlas de distribución de renta de los hogares, tablas 30824, 30829, 37677 y 30832"
40194,2020,17150,33086,13441,13.7,18.9,31.9,2.9,45.6,32.1,23.6,15.5,87.8,2.4,"INE, Atlas de distribución de renta de los hogares, tablas 30824, 30829, 37677 y 30832"
40194,2021,18550,34272,14102,13.5,17.4,31.0,2.7,46.0,32.6,24.2,15.2,87.7,2.4,"INE, Atlas de distribución de renta de los hogares, tablas 30824, 30829, 37677 y 30832"
40194,2022,19250,35508,14748,11.6,19.1,31.2,2.8,46.1,33.2,24.8,15.0,86.9,2.4,"INE, Atlas de distribución de renta de los hogares, tablas 30824, 30829, 37677 y 30832"
40194,2023,19950,37688,15622,10.8,20.4,31.5,2.8,46.2,33.3,25.2,14.7,85.9,2.4,"INE, Atlas de distribución de renta de los hogares, tablas 30824, 30829, 37677 y 30832"
41004,2015,11550,23916,8332,5.7,31.1,33.8,3.1,37.8,19.0,13.0,23.1,97.9,2.8,"INE, Atlas de distribución de renta de los hogares, tablas 30824, 30829, 37677 y 30832"
41004,2016,11550,24481,8547,6.1,29.6,33.7,2.8,38.2,19.0,13.4,23.0,98.0,2.8,"INE, Atlas de distribución de renta de los hogares, tablas 30824, 30829, 37677 y 30832"
41004,2017,12250,25450,8946,5.5,29.2,32.5,2.9,38.6,19.5,13.8,22.8,97.9,2.8,"INE, Atlas de distribución de renta de los hogares, tablas 30824, 30829, 37677 y 30832"
41004,2018,12950,26784,9487,5.4,27.9,31.7,2.7,39.0,19.8,14.2,22.3,97.9,2.8,"INE, Atlas de distribución de renta de los hogares, tablas 30824, 30829, 37677 y 30832"
41004,2019,13650,28129,9992,5.0,26.2,30.5,2.6,39.5,19.9,14.6,22.0,97.9,2.8,"INE, Atlas de distribución de renta de los hogares, tablas 30824, 30829, 37677 y 30832"
41004,2020,13650,28588,10218,5.5,26.0,30.4,2.7,39.9,20.3,15.0,21.6,97.9,2.8,"INE, Atlas de distribución de renta de los hogares, tablas 30824, 30829, 37677 y 30832"
41004,2021,14350,29909,10727,5.4,24.1,29.4,2.3,40.2,20.6,15.2,21.2,97.7,2.8,"INE, Atlas de distribución de renta de los hogares, tablas 30824, 30829, 37677 y 30832"
41004,2022,15750,31747,11426,4.9,25.6,29.1,2.5,40.6,20.6,15.6,20.6,97.4,2.8,"INE, Atlas de distribución de renta de los hogares, tablas 30824, 30829, 37677 y 30832"
41004,2023,16450,34143,12375,4.5,24.3,28.1,2.2,41.0,21.1,15.9,19.9,97.2,2.7,"INE, Atlas de distribución de renta de los hogares, tablas 30824, 30829, 37677 y 30832"
41021,2015,10850,21849,8183,5.1,33.9,34.3,2.9,40.2,24.2,16.7,19.4,96.1,2.6,"INE, Atlas de distribución de renta de los hogares, tablas 30824, 30829, 37677 y 30832"
41021,2016,10850,22384,8370,5.3,32.8,34.0,3.0,40.6,23.7,16.9,19.4,96.4,2.6,"INE, Atlas de distribución de renta de los hogares, tablas 30824, 30829, 37677 y 30832"
41021,2017,11550,22846,8638,4.8,32.5,32.9,2.7,40.9,24.4,17.2,19.4,96.1,2.6,"INE, Atlas de distribución de renta de los hogares, tablas 30824, 30829, 37677 y 30832"
41021,2018,12250,23962,9140,4.4,31.7,32.3,2.9,41.2,24.9,17.3,19.4,95.8,2.6,"INE, Atlas de distribución de renta de los hogares, tablas 30824, 30829, 37677 y 30832"
41021,2019,12950,24961,9567,4.4,30.9,31.3,2.7,41.5,25.1,17.4,19.2,95.6,2.6,"INE, Atlas de distribución de renta de los hogares, tablas 30824, 30829, 37677 y 30832"
41021,2020,12950,25141,9703,4.5,30.9,31.2,2.7,41.8,25.8,17.5,19.0,95.8,2.6,"INE, Atlas de distribución de renta de los hogares, tablas 30824, 30829, 37677 y 30832"
41021,2021,13650,26418,10314,4.7,29.6,30.6,2.6,42.2,26.4,17.9,18.8,95.7,2.5,"INE, Atlas de distribución de renta de los hogares, tablas 30824, 30829, 37677 y 30832"
41021,2022,14350,27784,10984,4.0,30.7,29.9,2.5,42.3,27.1,17.8,18.4,95.0,2.5,"INE, Atlas de distribución de renta de los hogares, tablas 30824, 30829, 37677 y 30832"
41021,2023,15750,30135,11939,4.0,29.6,29.2,2.5,42.5,27.4,18.1,18.0,94.5,2.5,"INE, Atlas de distribución de renta de los hogares, tablas 30824, 30829, 37677 y 30832"
41024,2015,10150,21881,7875,4.4,33.7,32.5,2.8,40.7,21.2,15.9,19.2,97.4,2.8,"INE, Atlas de distribución de renta de los hogares, tablas 30824, 30829, 37677 y 30832"
41024,2016,10850,22682,8171,4.8,30.7,31.8,2.6,41.0,20.7,16.1,19.2,97.6,2.7,"INE, Atlas de distribución de renta de los hogares, tablas 30824, 30829, 37677 y 30832"
41024,2017,11550,23012,8344,4.2,30.2,30.7,2.7,41.2,21.0,16.4,19.1,97.4,2.7,"INE, Atlas de distribución de renta de los hogares, tablas 30824, 30829, 37677 y 30832"
41024,2018,12250,24309,8924,3.9,28.9,29.9,2.5,41.5,21.8,16.8,18.8,97.5,2.7,"INE, Atlas de distribución de renta de los hogares, tablas 30824, 30829, 37677 y 30832"
41024,2019,12950,25464,9392,3.9,27.5,28.9,2.4,41.9,21.9,17.1,18.5,97.0,2.7,"INE, Atlas de distribución de renta de los hogares, tablas 30824, 30829, 37677 y 30832"
41024,2020,12950,25980,9666,4.4,27.1,29.4,2.5,42.1,22.5,17.4,18.2,97.1,2.7,"INE, Atlas de distribución de renta de los hogares, tablas 30824, 30829, 37677 y 30832"
41024,2021,13650,27357,10250,4.4,25.9,28.7,2.4,42.4,22.9,17.6,17.8,97.2,2.7,"INE, Atlas de distribución de renta de los hogares, tablas 30824, 30829, 37677 y 30832"
41024,2022,14350,28661,10826,3.9,27.4,28.6,2.3,42.7,23.1,18.1,17.4,96.6,2.6,"INE, Atlas de distribución de renta de los hogares, tablas 30824, 30829, 37677 y 30832"
41024,2023,15750,30984,11742,3.6,26.4,27.8,2.3,42.9,23.4,18.3,17.2,96.3,2.6,"INE, Atlas de distribución de renta de los hogares, tablas 30824, 30829, 37677 y 30832"
41034,2015,10150,20702,7234,3.3,38.7,34.3,3.1,38.2,19.8,13.5,21.5,96.4,2.8,"INE, Atlas de distribución de renta de los hogares, tablas 30824, 30829, 37677 y 30832"
41034,2016,10150,21297,7433,3.9,36.8,34.2,3.1,38.5,19.7,13.6,21.4,96.5,2.8,"INE, Atlas de distribución de renta de los hogares, tablas 30824, 30829, 37677 y 30832"
41034,2017,10850,21905,7700,3.5,37.0,33.2,2.9,38.8,20.1,14.0,21.3,96.3,2.8,"INE, Atlas de distribución de renta de los hogares, tablas 30824, 30829, 37677 y 30832"
41034,2018,11550,23089,8194,3.1,34.7,31.9,2.7,39.2,20.4,14.2,21.2,96.4,2.8,"INE, Atlas de distribución de renta de los hogares, tablas 30824, 30829, 37677 y 30832"
41034,2019,12250,24328,8664,2.9,33.7,30.9,2.5,39.6,20.4,14.7,20.9,96.2,2.8,"INE, Atlas de distribución de renta de los hogares, tablas 30824, 30829, 37677 y 30832"
41034,2020,12250,24291,8760,3.0,34.5,31.2,2.8,40.0,20.6,14.9,20.5,96.4,2.8,"INE, Atlas de distribución de renta de los hogares, tablas 30824, 30829, 37677 y 30832"
41034,2021,12950,25311,9200,2.9,32.9,29.8,2.4,40.3,21.3,15.2,20.3,96.7,2.7,"INE, Atlas de distribución de renta de los hogares, tablas 30824, 30829, 37677 y 30832"
41034,2022,13650,26476,9719,2.4,34.6,29.4,2.6,40.8,21.8,15.6,19.9,96.4,2.7,"INE, Atlas de distribución de renta de los hogares, tablas 30824, 30829, 37677 y 30832"
41034,2023,15050,28848,10617,2.1,32.6,28.2,2.3,41.1,22.2,15.9,19.5,96.1,2.7,"INE, Atlas de distribución de renta de los hogares, tablas 30824, 30829, 37677 y 30832"
41038,2015,12250,26746,9032,8.1,27.0,33.2,3.0,37.5,16.8,11.8,22.7,97.8,2.9,"INE, Atlas de distribución de renta de los hogares, tablas 30824, 30829, 37677 y 30832"
41038,2016,12950,27356,9265,8.7,25.7,33.1,2.8,37.9,16.9,12.2,22.6,97.9,2.9,"INE, Atlas de distribución de renta de los hogares, tablas 30824, 30829, 37677 y 30832"
41038,2017,12950,28178,9616,7.7,25.1,32.0,2.9,38.2,17.4,12.6,22.5,97.8,2.9,"INE, Atlas de distribución de renta de los hogares, tablas 30824, 30829, 37677 y 30832"
41038,2018,13650,29625,10162,7.3,24.1,31.3,2.7,38.6,17.6,13.1,22.2,97.7,2.9,"INE, Atlas de distribución de renta de los hogares, tablas 30824, 30829, 37677 y 30832"
41038,2019,15050,31016,10684,7.1,22.8,30.4,2.6,39.0,17.9,13.4,21.9,97.5,2.9,"INE, Atlas de distribución de renta de los hogares, tablas 30824, 30829, 37677 y 30832"
41038,2020,15050,31612,10994,7.6,22.1,30.3,2.7,39.5,18.2,13.9,21.4,97.5,2.9,"INE, Atlas de distribución de renta de los hogares, tablas 30824, 30829, 37677 y 30832"
41038,2021,15750,32863,11486,7.6,21.0,29.6,2.6,39.8,18.7,14.3,21.1,97.4,2.9,"INE, Atlas de distribución de renta de los hogares, tablas 30824, 30829, 37677 y 30832"
41038,2022,17150,35004,12351,6.8,21.5,29.4,2.6,40.2,19.2,14.7,20.7,97.2,2.8,"INE, Atlas de distribución de renta de los hogares, tablas 30824, 30829, 37677 y 30832"
41038,2023,17850,37584,13362,6.4,20.7,28.6,2.4,40.5,19.7,15.1,20.1,97.1,2.8,"INE, Atlas de distribución de renta de los hogares, tablas 30824, 30829, 37677 y 30832"
41039,2015,10150,20602,7490,4.0,37.0,32.8,2.6,39.4,21.9,14.8,20.3,98.0,2.7,"INE, Atlas de distribución de renta de los hogares, tablas 30824, 30829, 37677 y 30832"
41039,2016,10150,21304,7717,4.5,34.6,32.6,2.8,39.7,21.6,15.2,20.2,98.1,2.7,"INE, Atlas de distribución de renta de los hogares, tablas 30824, 30829, 37677 y 30832"
41039,2017,10850,22230,8154,4.1,33.9,31.3,2.5,40.1,22.2,15.5,19.9,98.1,2.7,"INE, Atlas de distribución de renta de los hogares, tablas 30824, 30829, 37677 y 30832"
41039,2018,11550,23360,8612,3.9,31.9,30.5,2.4,40.4,22.6,16.0,19.9,97.9,2.7,"INE, Atlas de distribución de renta de los hogares, tablas 30824, 30829, 37677 y 30832"
41039,2019,12250,24389,9022,3.5,30.0,29.1,2.3,40.8,22.7,16.4,19.7,97.8,2.7,"INE, Atlas de distribución de renta de los hogares, tablas 30824, 30829, 37677 y 30832"
41039,2020,12250,24561,9167,3.9,30.4,29.6,2.3,41.1,23.2,16.7,19.4,97.7,2.7,"INE, Atlas de distribución de renta de los hogares, tablas 30824, 30829, 37677 y 30832"
41039,2021,12950,26155,9777,4.1,28.5,28.7,2.3,41.5,23.4,17.1,19.2,97.6,2.7,"INE, Atlas de distribución de renta de los hogares, tablas 30824, 30829, 37677 y 30832"
41039,2022,13650,27277,10315,3.4,30.4,28.6,2.4,41.9,23.9,17.7,18.8,97.2,2.6,"INE, Atlas de distribución de renta de los hogares, tablas 30824, 30829, 37677 y 30832"
41039,2023,15050,29634,11267,3.3,29.5,27.6,2.2,42.3,24.1,18.2,18.4,97.0,2.6,"INE, Atlas de distribución de renta de los hogares, tablas 30824, 30829, 37677 y 30832"
41053,2015,9450,19281,6926,3.1,41.3,33.2,2.9,38.6,19.6,13.7,21.1,98.0,2.8,"INE, Atlas de distribución de renta de los hogares, tablas 30824, 30829, 37677 y 30832"
41053,2016,9450,19857,7165,3.6,39.3,32.8,2.5,39.0,19.6,13.9,21.1,98.2,2.8,"INE, Atlas de distribución de renta de los hogares, tablas 30824, 30829, 37677 y 30832"
41053,2017,10150,20788,7545,3.2,37.7,31.4,2.6,39.3,20.2,14.1,20.8,98.2,2.7,"INE, Atlas de distribución de renta de los hogares, tablas 30824, 30829, 37677 y 30832"
41053,2018,10850,22031,8046,3.1,35.6,30.7,2.6,39.8,20.4,14.4,20.4,98.1,2.7,"INE, Atlas de distribución de renta de los hogares, tablas 30824, 30829, 37677 y 30832"
41053,2019,11550,23596,8647,2.9,32.9,29.2,2.4,40.1,20.3,14.7,20.2,98.1,2.7,"INE, Atlas de distribución de renta de los hogares, tablas 30824, 30829, 37677 y 30832"
41053,2020,11550,23489,8703,3.0,33.1,29.3,2.4,40.5,21.0,14.9,20.0,98.0,2.7,"INE, Atlas de distribución de renta de los hogares, tablas 30824, 30829, 37677 y 30832"
41053,2021,12950,25671,9537,3.1,29.7,27.8,2.2,40.7,21.4,15.1,19.9,97.9,2.7,"INE, Atlas de distribución de renta de los hogares, tablas 30824, 30829, 37677 y 30832"
41053,2022,13650,26648,9994,2.7,32.7,28.0,2.3,41.1,21.8,15.4,19.6,97.8,2.7,"INE, Atlas de distribución de renta de los hogares, tablas 30824, 30829, 37677 y 30832"
41053,2023,14350,28448,10743,2.4,31.8,27.3,2.3,41.5,22.2,15.9,19.1,97.7,2.6,"INE, Atlas de distribución de renta de los hogares, tablas 30824, 30829, 37677 y 30832"
41059,2015,15050,32003,10812,15.1,22.2,34.6,3.4,37.7,18.7,11.3,21.9,96.7,2.9,"INE, Atlas de distribución de renta de los hogares, tablas 30824, 30829, 37677 y 30832"
41059,2016,15050,32807,11136,16.3,21.3,34.8,3.2,38.0,18.3,11.8,22.0,96.9,2.9,"INE, Atlas de distribución de renta de los hogares, tablas 30824, 30829, 37677 y 30832"
41059,2017,15750,33906,11526,14.9,20.7,33.8,2.9,38.3,18.7,12.2,21.9,97.0,2.9,"INE, Atlas de distribución de renta de los hogares, tablas 30824, 30829, 37677 y 30832"
41059,2018,16450,34978,11968,14.5,20.0,33.3,3.1,38.8,19.0,12.8,21.7,96.9,2.9,"INE, Atlas de distribución de renta de los hogares, tablas 30824, 30829, 37677 y 30832"
41059,2019,17150,36645,12612,13.7,18.6,32.0,2.7,39.1,19.2,13.3,21.5,96.7,2.9,"INE, Atlas de distribución de renta de los hogares, tablas 30824, 30829, 37677 y 30832"
41059,2020,17150,36618,12754,14.1,18.7,32.2,3.0,39.5,19.9,13.9,21.3,96.5,2.9,"INE, Atlas de distribución de renta de los hogares, tablas 30824, 30829, 37677 y 30832"
41059,2021,18550,38336,13458,14.1,17.6,31.3,2.7,40.0,20.4,14.5,20.9,96.5,2.8,"INE, Atlas de distribución de renta de los hogares, tablas 30824, 30829, 37677 y 30832"
41059,2022,19250,40651,14397,12.8,17.9,31.2,2.6,40.4,20.3,15.2,20.5,96.2,2.8,"INE, Atlas de distribución de renta de los hogares, tablas 30824, 30829, 37677 y 30832"
41059,2023,20650,43081,15368,11.9,17.7,30.7,2.7,40.9,20.9,16.1,20.1,95.8,2.8,"INE, Atlas de distribución de renta de los hogares, tablas 30824, 30829, 37677 y 30832"
41065,2015,10850,21856,7934,3.5,31.3,30.5,2.5,41.4,20.8,17.5,18.3,98.6,2.7,"INE, Atlas de distribución de renta de los hogares, tablas 30824, 30829, 37677 y 30832"
41065,2016,10850,22237,8124,4.1,29.7,30.1,2.6,41.7,21.3,17.8,18.3,98.6,2.7,"INE, Atlas de distribución de renta de los hogares, tablas 30824, 30829, 37677 y 30832"
41065,2017,11550,22967,8441,3.6,28.9,28.8,2.3,42.0,21.9,18.1,18.1,98.5,2.7,"INE, Atlas de distribución de renta de los hogares, tablas 30824, 30829, 37677 y 30832"
41065,2018,12250,23899,8900,3.2,27.9,28.0,2.2,42.5,22.4,18.6,17.9,98.4,2.7,"INE, Atlas de distribución de renta de los hogares, tablas 30824, 30829, 37677 y 30832"
41065,2019,12950,25243,9454,2.9,26.6,27.1,2.4,42.8,22.3,18.9,17.7,98.1,2.7,"INE, Atlas de distribución de renta de los hogares, tablas 30824, 30829, 37677 y 30832"
41065,2020,12950,25576,9658,3.1,26.9,27.5,2.4,43.0,22.9,19.0,17.5,98.1,2.6,"INE, Atlas de distribución de renta de los hogares, tablas 30824, 30829, 37677 y 30832"
41065,2021,13650,26231,10002,3.2,25.8,26.8,2.3,43.3,23.8,19.3,17.3,98.2,2.6,"INE, Atlas de distribución de renta de los hogares, tablas 30824, 30829, 37677 y 30832"
41065,2022,14350,27060,10472,2.7,27.8,26.9,2.2,43.6,24.2,19.8,17.0,98.1,2.6,"INE, Atlas de distribución de renta de los hogares, tablas 30824, 30829, 37677 y 30832"
41065,2023,15050,29004,11332,2.5,27.4,25.9,2.2,44.0,24.8,20.3,16.7,97.8,2.5,"INE, Atlas de distribución de renta de los hogares, tablas 30824, 30829, 37677 y 30832"
41069,2015,8750,19128,6327,2.0,45.5,32.2,2.6,37.2,17.1,12.6,23.0,98.5,3.0,"INE, Atlas de distribución de renta de los hogares, tablas 30824, 30829, 37677 y 30832"
41069,2016,8750,19586,6550,2.1,42.5,31.8,2.7,37.6,17.6,13.0,22.7,98.7,3.0,"INE, Atlas de distribución de renta de los hogares, tablas 30824, 30829, 37677 y 30832"
41069,2017,9450,20889,7027,2.1,40.1,30.5,2.5,38.0,17.8,13.4,22.4,98.7,3.0,"INE, Atlas de distribución de renta de los hogares, tablas 30824, 30829, 37677 y 30832"
41069,2018,10150,22167,7507,2.0,38.5,29.7,2.4,38.3,18.3,13.8,22.3,98.6,2.9,"INE, Atlas de distribución de renta de los hogares, tablas 30824, 30829, 37677 y 30832"
41069,2019,11550,23736,8054,1.8,34.7,27.9,2.3,38.7,18.3,14.2,21.9,98.4,2.9,"INE, Atlas de distribución de renta de los hogares, tablas 30824, 30829, 37677 y 30832"
41069,2020,11550,24006,8234,2.0,34.5,28.0,2.3,39.0,18.7,14.4,21.6,98.4,2.9,"INE, Atlas de distribución de renta de los hogares, tablas 30824, 30829, 37677 y 30832"
41069,2021,12250,25227,8720,2.0,33.0,27.1,2.2,39.3,19.4,14.7,21.2,98.5,2.9,"INE, Atlas de distribución de renta de los hogares, tablas 30824, 30829, 37677 y 30832"
41069,2022,12950,26166,9137,1.7,35.2,27.0,2.1,39.6,19.8,15.1,20.9,98.5,2.9,"INE, Atlas de distribución de renta de los hogares, tablas 30824, 30829, 37677 y 30832"
41069,2023,14350,28352,9986,1.6,33.7,26.0,2.1,40.0,20.2,15.6,20.6,98.4,2.8,"INE, Atlas de distribución de renta de los hogares, tablas 30824, 30829, 37677 y 30832"
41081,2015,10850,22710,7803,4.1,32.7,31.9,2.9,37.3,16.0,11.3,22.6,98.1,2.9,"INE, Atlas de distribución de renta de los hogares, tablas 30824, 30829, 37677 y 30832"
41081,2016,10850,23286,8014,4.6,31.5,31.9,2.7,37.7,15.9,11.6,22.4,98.3,2.9,"INE, Atlas de distribución de renta de los hogares, tablas 30824, 30829, 37677 y 30832"
41081,2017,11550,23990,8325,3.8,31.0,30.9,2.7,38.2,16.1,12.1,22.0,98.2,2.9,"INE, Atlas de distribución de renta de los hogares, tablas 30824, 30829, 37677 y 30832"
41081,2018,12250,25056,8742,3.6,29.4,29.8,2.5,38.6,16.6,12.4,21.7,98.1,2.9,"INE, Atlas de distribución de renta de los hogares, tablas 30824, 30829, 37677 y 30832"
41081,2019,12950,27158,9482,3.6,27.3,28.7,2.5,39.0,16.7,12.7,21.2,97.6,2.9,"INE, Atlas de distribución de renta de los hogares, tablas 30824, 30829, 37677 y 30832"
41081,2020,12950,27163,9517,3.8,27.3,28.8,2.5,39.4,16.7,13.0,20.8,97.4,2.9,"INE, Atlas de distribución de renta de los hogares, tablas 30824, 30829, 37677 y 30832"
41081,2021,14350,28806,10164,3.7,24.7,27.5,2.4,39.9,17.1,13.3,20.3,97.1,2.8,"INE, Atlas de distribución de renta de los hogares, tablas 30824, 30829, 37677 y 30832"
41081,2022,15050,30382,10810,3.3,25.6,27.0,2.3,40.1,17.6,13.7,19.9,97.4,2.8,"INE, Atlas de distribución de renta de los hogares, tablas 30824, 30829, 37677 y 30832"
41081,2023,16450,32823,11764,2.9,24.1,26.3,2.2,40.6,18.4,14.3,19.4,97.2,2.8,"INE, Atlas de distribución de renta de los hogares, tablas 30824, 30829, 37677 y 30832"
41091,2015,13650,28852,10829,14.5,25.4,37.2,3.6,41.9,26.1,18.5,18.0,95.5,2.6,"INE, Atlas de distribución de renta de los hogares, tablas 30824, 30829, 37677 y 30832"
41091,2016,13650,29394,11056,15.4,24.7,37.2,3.4,42.2,25.8,18.7,18.1,95.6,2.6,"INE, Atlas de distribución de renta de los hogares, tablas 30824, 30829, 37677 y 30832"
41091,2017,14350,29911,11346,14.2,24.9,36.5,3.4,42.4,26.6,19.0,18.0,95.3,2.6,"INE, Atlas de distribución de renta de los hogares, tablas 30824, 30829, 37677 y 30832"
41091,2018,15050,31142,11876,13.7,24.1,35.9,3.3,42.6,26.9,19.3,17.9,94.9,2.6,"INE, Atlas de distribución de renta de los hogares, tablas 30824, 30829, 37677 y 30832"
41091,2019,15750,32467,12404,13.1,23.8,35.2,3.1,42.9,27.0,19.5,17.7,94.2,2.6,"INE, Atlas de distribución de renta de los hogares, tablas 30824, 30829, 37677 y 30832"
41091,2020,15750,32289,12490,13.4,24.2,35.4,3.4,43.2,27.5,19.8,17.5,94.1,2.6,"INE, Atlas de distribución de renta de los hogares, tablas 30824, 30829, 37677 y 30832"
41091,2021,16450,33543,13085,13.0,23.5,34.6,3.2,43.4,28.0,20.0,17.3,93.7,2.5,"INE, Atlas de distribución de renta de los hogares, tablas 30824, 30829, 37677 y 30832"
41091,2022,17850,35488,13985,12.1,24.1,34.3,3.2,43.5,28.5,20.3,17.0,93.3,2.5,"INE, Atlas de distribución de renta de los hogares, tablas 30824, 30829, 37677 y 30832"
41091,2023,18550,37940,14979,11.3,23.9,33.8,2.9,43.7,28.9,20.6,16.6,92.8,2.5,"INE, Atlas de distribución de renta de los hogares, tablas 30824, 30829, 37677 y 30832"
41095,2015,10150,21528,7680,4.3,35.0,33.7,3.1,39.1,20.2,14.0,20.5,97.9,2.8,"INE, Atlas de distribución de renta de los hogares, tablas 30824, 30829, 37677 y 30832"
41095,2016,10850,22002,7870,4.7,33.3,33.1,2.9,39.4,20.1,14.4,20.5,98.1,2.8,"INE, Atlas de distribución de renta de los hogares, tablas 30824, 30829, 37677 y 30832"
41095,2017,10850,23081,8290,4.0,33.0,32.2,2.7,39.8,20.5,14.8,20.4,98.2,2.8,"INE, Atlas de distribución de renta de los hogares, tablas 30824, 30829, 37677 y 30832"
41095,2018,11550,24200,8746,4.0,31.3,31.5,2.5,40.1,20.9,15.2,20.1,98.1,2.7,"INE, Atlas de distribución de renta de los hogares, tablas 30824, 30829, 37677 y 30832"
41095,2019,12950,25547,9287,3.5,29.6,30.3,2.5,40.5,21.2,15.6,20.0,97.9,2.7,"INE, Atlas de distribución de renta de los hogares, tablas 30824, 30829, 37677 y 30832"
41095,2020,12950,25799,9424,3.9,29.3,30.3,2.5,40.9,21.4,15.9,19.7,97.9,2.7,"INE, Atlas de distribución de renta de los hogares, tablas 30824, 30829, 37677 y 30832"
41095,2021,13650,26934,9871,3.9,28.7,29.5,2.6,41.1,21.7,16.1,19.5,97.9,2.7,"INE, Atlas de distribución de renta de los hogares, tablas 30824, 30829, 37677 y 30832"
41095,2022,14350,28378,10457,3.4,30.1,29.4,2.5,41.4,21.9,16.6,19.0,97.4,2.7,"INE, Atlas de distribución de renta de los hogares, tablas 30824, 30829, 37677 y 30832"
41095,2023,15750,30796,11396,3.2,28.2,28.1,2.3,41.7,22.3,17.2,18.7,97.1,2.7,"INE, Atlas de distribución de renta de los hogares, tablas 30824, 30829, 37677 y 30832"
42173,2015,16450,30472,12392,16.0,15.0,31.0,2.7,43.0,31.5,19.9,17.9,91.4,2.4,"INE, Atlas de distribución de renta de los hogares, tablas 30824, 30829, 37677 y 30832"
42173,2016,16450,30847,12729,17.0,13.8,30.7,2.7,43.3,32.1,20.1,17.9,92.1,2.4,"INE, Atlas de distribución de renta de los hogares, tablas 30824, 30829, 37677 y 30832"
42173,2017,17150,31546,13021,15.0,13.6,29.8,2.6,43.5,32.4,20.4,17.8,91.8,2.4,"INE, Atlas de distribución de renta de los hogares, tablas 30824, 30829, 37677 y 30832"
42173,2018,17850,32442,13478,14.1,13.1,29.1,2.5,43.7,32.6,20.7,17.6,91.0,2.4,"INE, Atlas de distribución de renta de los hogares, tablas 30824, 30829, 37677 y 30832"
42173,2019,18550,33542,13922,13.3,13.6,29.1,2.4,43.7,32.6,20.7,17.6,90.0,2.4,"INE, Atlas de distribución de renta de los hogares, tablas 30824, 30829, 37677 y 30832"
42173,2020,18550,35047,14573,14.1,14.5,30.2,2.6,43.9,33.2,20.7,17.5,89.3,2.4,"INE, Atlas de distribución de renta de los hogares, tablas 30824, 30829, 37677 y 30832"
42173,2021,19250,35151,14857,13.2,13.1,28.6,2.5,44.3,33.8,21.3,17.3,89.4,2.4,"INE, Atlas de distribución de renta de los hogares, tablas 30824, 30829, 37677 y 30832"
42173,2022,19950,35722,15139,11.5,15.4,29.1,2.5,44.2,34.2,21.5,17.3,87.9,2.3,"INE, Atlas de distribución de renta de los hogares, tablas 30824, 30829, 37677 y 30832"
42173,2023,20650,37786,16027,10.4,16.6,29.4,2.5,44.3,34.6,21.8,17.2,86.7,2.3,"INE, Atlas de distribución de renta de los hogares, tablas 30824, 30829, 37677 y 30832"
43038,2015,14350,28876,11503,16.7,24.0,38.1,3.5,39.5,31.0,14.7,20.9,81.3,2.5,"INE, Atlas de distribución de renta de los hogares, tablas 30824, 30829, 37677 y 30832"
43038,2016,15050,29625,12002,17.6,21.5,37.1,3.2,39.9,30.4,15.2,21.2,82.3,2.5,"INE, Atlas de distribución de renta de los hogares, tablas 30824, 30829, 37677 y 30832"
43038,2017,15750,30610,12294,16.5,21.4,36.6,3.3,40.1,31.8,15.5,21.1,81.8,2.4,"INE, Atlas de distribución de renta de los hogares, tablas 30824, 30829, 37677 y 30832"
43038,2018,16450,31598,12717,15.9,21.4,36.2,3.2,40.4,31.2,15.8,21.0,81.4,2.5,"INE, Atlas de distribución de renta de los hogares, tablas 30824, 30829, 37677 y 30832"
43038,2019,16450,32495,13076,14.9,22.0,35.6,3.2,40.7,31.2,16.1,20.4,80.2,2.5,"INE, Atlas de distribución de renta de los hogares, tablas 30824, 30829, 37677 y 30832"
43038,2020,16450,32074,12988,14.8,23.5,36.0,3.2,41.1,31.5,16.4,20.2,80.4,2.4,"INE, Atlas de distribución de renta de los hogares, tablas 30824, 30829, 37677 y 30832"
43038,2021,17850,34278,14012,15.2,21.3,35.0,3.2,41.5,32.1,16.9,19.8,80.7,2.4,"INE, Atlas de distribución de renta de los hogares, tablas 30824, 30829, 37677 y 30832"
43038,2022,19250,37892,14671,13.6,20.1,33.7,2.9,41.7,28.2,17.3,19.6,80.0,2.6,"INE, Atlas de distribución de renta de los hogares, tablas 30824, 30829, 37677 y 30832"
43038,2023,19950,40382,15716,12.7,20.6,33.3,2.8,42.2,28.5,17.8,19.1,80.1,2.5,"INE, Atlas de distribución de renta de los hogares, tablas 30824, 30829, 37677 y 30832"
43123,2015,14350,28584,10789,12.7,23.0,35.2,3.2,40.2,25.5,16.4,20.7,84.6,2.6,"INE, Atlas de distribución de renta de los hogares, tablas 30824, 30829, 37677 y 30832"
43123,2016,15050,29413,11146,13.5,21.2,34.6,2.9,40.5,25.4,16.8,20.7,85.3,2.6,"INE, Atlas de distribución de renta de los hogares, tablas 30824, 30829, 37677 y 30832"
43123,2017,15050,30179,11530,12.4,20.8,33.2,2.8,40.8,26.1,17.2,20.7,84.9,2.6,"INE, Atlas de distribución de renta de los hogares, tablas 30824, 30829, 37677 y 30832"
43123,2018,15750,31743,12160,11.8,20.6,32.7,2.8,41.0,26.3,17.5,20.6,84.3,2.6,"INE, Atlas de distribución de renta de los hogares, tablas 30824, 30829, 37677 y 30832"
43123,2019,16450,32654,12437,11.0,20.4,31.9,2.7,41.1,26.1,17.7,20.5,83.3,2.6,"INE, Atlas de distribución de renta de los hogares, tablas 30824, 30829, 37677 y 30832"
43123,2020,16450,32330,12356,11.1,21.5,32.3,2.9,41.4,26.4,18.0,20.2,83.0,2.6,"INE, Atlas de distribución de renta de los hogares, tablas 30824, 30829, 37677 y 30832"
43123,2021,17150,33544,12852,10.8,21.0,31.7,2.9,41.6,26.7,18.3,19.9,82.6,2.6,"INE, Atlas de distribución de renta de los hogares, tablas 30824, 30829, 37677 y 30832"
43123,2022,17850,35267,13503,9.2,22.0,31.4,2.7,41.7,26.8,18.5,19.5,82.1,2.6,"INE, Atlas de distribución de renta de los hogares, tablas 30824, 30829, 37677 y 30832"
43123,2023,18550,37169,14290,8.3,22.5,30.9,2.7,41.9,27.0,18.8,19.2,81.8,2.6,"INE, Atlas de distribución de renta de los hogares, tablas 30824, 30829, 37677 y 30832"
43148,2015,16450,32065,12329,19.3,20.6,36.0,3.3,41.3,28.6,17.5,19.0,84.5,2.5,"INE, Atlas de distribución de renta de los hogares, tablas 30824, 30829, 37677 y 30832"
43148,2016,16450,33044,12535,19.9,20.4,36.2,3.3,41.6,27.4,17.9,19.0,84.4,2.6,"INE, Atlas de distribución de renta de los hogares, tablas 30824, 30829, 37677 y 30832"
43148,2017,17150,33548,12967,18.5,19.3,34.7,3.2,41.7,28.6,18.1,19.0,83.9,2.5,"INE, Atlas de distribución de renta de los hogares, tablas 30824, 30829, 37677 y 30832"
43148,2018,17150,34803,13433,17.2,19.2,34.3,3.0,41.9,28.7,18.3,18.7,82.6,2.6,"INE, Atlas de distribución de renta de los hogares, tablas 30824, 30829, 37677 y 30832"
43148,2019,17850,35791,13767,16.3,19.6,33.8,3.1,42.1,28.7,18.5,18.5,81.2,2.6,"INE, Atlas de distribución de renta de los hogares, tablas 30824, 30829, 37677 y 30832"
43148,2020,17850,35611,13860,16.7,20.3,34.2,3.1,42.4,29.2,18.8,18.3,81.5,2.5,"INE, Atlas de distribución de renta de los hogares, tablas 30824, 30829, 37677 y 30832"
43148,2021,18550,36728,14515,16.4,19.4,33.3,3.0,42.6,29.9,19.2,18.2,81.7,2.5,"INE, Atlas de distribución de renta de los hogares, tablas 30824, 30829, 37677 y 30832"
43148,2022,19250,38066,15029,13.8,20.7,33.1,2.9,42.6,30.0,19.3,17.9,80.8,2.5,"INE, Atlas de distribución de renta de los hogares, tablas 30824, 30829, 37677 y 30832"
43148,2023,19950,39912,15847,12.5,21.6,32.9,3.0,42.7,30.8,19.5,17.7,80.0,2.5,"INE, Atlas de distribución de renta de los hogares, tablas 30824, 30829, 37677 y 30832"
43155,2015,13650,27319,9965,12.6,24.6,35.2,3.1,42.3,26.6,19.4,18.2,82.0,2.7,"INE, Atlas de distribución de renta de los hogares, tablas 30824, 30829, 37677 y 30832"
43155,2016,14350,29019,10664,13.1,23.4,34.9,3.2,42.6,26.4,19.9,18.3,83.0,2.7,"INE, Atlas de distribución de renta de los hogares, tablas 30824, 30829, 37677 y 30832"
43155,2017,14350,29848,11024,12.3,23.4,33.8,3.0,42.6,26.9,19.8,18.4,82.6,2.7,"INE, Atlas de distribución de renta de los hogares, tablas 30824, 30829, 37677 y 30832"
43155,2018,15050,30837,11557,11.5,23.2,33.2,3.1,42.7,27.3,20.0,18.5,82.0,2.6,"INE, Atlas de distribución de renta de los hogares, tablas 30824, 30829, 37677 y 30832"
43155,2019,15750,32052,12079,11.3,23.2,32.8,3.0,42.8,27.9,20.0,18.4,81.4,2.6,"INE, Atlas de distribución de renta de los hogares, tablas 30824, 30829, 37677 y 30832"
43155,2020,16450,32438,12267,11.8,22.7,32.8,3.0,43.0,28.0,20.3,18.2,81.4,2.6,"INE, Atlas de distribución de renta de los hogares, tablas 30824, 30829, 37677 y 30832"
43155,2021,17150,33508,12644,11.3,23.1,32.7,2.9,43.0,28.0,20.3,18.4,81.0,2.6,"INE, Atlas de distribución de renta de los hogares, tablas 30824, 30829, 37677 y 30832"
43155,2022,17150,34690,13101,9.4,24.8,32.6,2.9,42.9,28.2,20.2,18.3,79.5,2.6,"INE, Atlas de distribución de renta de los hogares, tablas 30824, 30829, 37677 y 30832"
43155,2023,18550,36864,13896,8.2,25.8,32.2,2.9,43.0,28.5,20.4,18.1,78.3,2.6,"INE, Atlas de distribución de renta de los hogares, tablas 30824, 30829, 37677 y 30832"
43163,2015,12950,25684,10112,10.2,25.9,35.5,3.2,40.6,28.9,17.1,20.2,86.1,2.5,"INE, Atlas de distribución de renta de los hogares, tablas 30824, 30829, 37677 y 30832"
43163,2016,13650,26613,10464,10.5,24.1,34.6,3.0,41.1,28.6,17.7,20.0,86.4,2.5,"INE, Atlas de distribución de renta de los hogares, tablas 30824, 30829, 37677 y 30832"
43163,2017,14350,27364,10828,9.9,23.8,33.1,2.8,41.3,29.2,18.0,20.0,85.9,2.5,"INE, Atlas de distribución de renta de los hogares, tablas 30824, 30829, 37677 y 30832"
43163,2018,15050,28671,11355,9.5,22.8,32.3,2.9,41.6,28.4,18.5,19.7,85.4,2.5,"INE, Atlas de distribución de renta de los hogares, tablas 30824, 30829, 37677 y 30832"
43163,2019,15750,29913,11828,8.9,22.3,31.5,2.8,41.9,28.3,18.8,19.4,84.6,2.5,"INE, Atlas de distribución de renta de los hogares, tablas 30824, 30829, 37677 y 30832"
43163,2020,15750,30321,12109,9.0,22.5,31.6,2.8,42.2,29.1,19.0,19.2,84.6,2.5,"INE, Atlas de distribución de renta de los hogares, tablas 30824, 30829, 37677 y 30832"
43163,2021,16450,31256,12607,8.8,21.2,30.5,2.7,42.6,30.0,19.5,18.8,84.5,2.5,"INE, Atlas de distribución de renta de los hogares, tablas 30824, 30829, 37677 y 30832"
43163,2022,17150,32637,13181,7.5,22.3,30.3,2.6,42.9,30.3,19.6,18.4,83.8,2.5,"INE, Atlas de distribución de renta de los hogares, tablas 30824, 30829, 37677 y 30832"
43163,2023,18550,34765,14013,6.8,22.6,29.9,2.6,43.1,30.3,19.9,18.1,83.0,2.5,"INE, Atlas de distribución de renta de los hogares, tablas 30824, 30829, 37677 y 30832"
43905,2015,12950,25850,10192,12.3,27.1,36.7,3.3,38.7,33.6,11.3,18.5,67.8,2.5,"INE, Atlas de distribución de renta de los hogares, tablas 30824, 30829, 37677 y 30832"
43905,2016,13650,26995,10576,12.6,24.2,35.9,3.1,39.1,32.5,11.9,18.6,68.6,2.5,"INE, Atlas de distribución de renta de los hogares, tablas 30824, 30829, 37677 y 30832"
43905,2017,14350,28351,11091,11.8,24.1,35.1,2.9,39.3,33.0,12.3,18.6,68.0,2.5,"INE, Atlas de distribución de renta de los hogares, tablas 30824, 30829, 37677 y 30832"
43905,2018,14350,29273,11406,11.0,24.3,34.6,3.0,39.6,32.8,12.7,18.5,67.3,2.5,"INE, Atlas de distribución de renta de los hogares, tablas 30824, 30829, 37677 y 30832"
43905,2019,15050,30397,11768,10.7,24.9,34.2,3.1,39.8,32.4,12.9,18.4,65.7,2.5,"INE, Atlas de distribución de renta de los hogares, tablas 30824, 30829, 37677 y 30832"
43905,2020,13650,27986,10977,9.9,32.2,37.3,3.6,40.2,33.0,13.3,18.2,66.7,2.5,"INE, Atlas de distribución de renta de los hogares, tablas 30824, 30829, 37677 y 30832"
43905,2021,15750,31009,12240,9.9,25.3,34.2,2.9,40.5,33.0,13.7,18.2,67.2,2.5,"INE, Atlas de distribución de renta de los hogares, tablas 30824, 30829, 37677 y 30832"
43905,2022,17150,33237,13050,9.3,24.6,33.6,2.9,40.7,32.5,14.1,18.0,67.2,2.5,"INE, Atlas de distribución de renta de los hogares, tablas 30824, 30829, 37677 y 30832"
43905,2023,17850,35852,14097,8.5,25.2,33.3,2.8,41.0,32.1,14.6,18.0,67.4,2.5,"INE, Atlas de distribución de renta de los hogares, tablas 30824, 30829, 37677 y 30832"
44216,2015,17150,31377,12421,16.5,14.7,30.5,2.7,41.6,29.3,17.0,18.8,91.6,2.5,"INE, Atlas de distribución de renta de los hogares, tablas 30824, 30829, 37677 y 30832"
44216,2016,17150,32018,12697,17.2,13.2,29.9,2.6,41.9,29.1,17.4,18.7,91.9,2.5,"INE, Atlas de distribución de renta de los hogares, tablas 30824, 30829, 37677 y 30832"
44216,2017,17850,32546,12980,15.7,13.1,29.2,2.4,42.1,29.7,17.6,18.7,91.6,2.5,"INE, Atlas de distribución de renta de los hogares, tablas 30824, 30829, 37677 y 30832"
44216,2018,18550,33539,13428,14.4,12.6,28.6,2.5,42.3,29.8,18.0,18.5,91.1,2.5,"INE, Atlas de distribución de renta de los hogares, tablas 30824, 30829, 37677 y 30832"
44216,2019,19250,34879,14002,13.8,12.9,28.1,2.5,42.6,29.6,18.1,18.2,90.5,2.5,"INE, Atlas de distribución de renta de los hogares, tablas 30824, 30829, 37677 y 30832"
44216,2020,19250,34938,14090,14.3,13.0,28.4,2.5,42.7,30.0,18.5,18.1,90.1,2.5,"INE, Atlas de distribución de renta de los hogares, tablas 30824, 30829, 37677 y 30832"
44216,2021,19950,36043,14653,13.6,12.5,27.8,2.4,43.0,30.4,19.0,18.1,89.9,2.5,"INE, Atlas de distribución de renta de los hogares, tablas 30824, 30829, 37677 y 30832"
44216,2022,20650,37478,15346,12.1,13.6,27.7,2.4,43.1,31.0,19.4,18.1,89.5,2.4,"INE, Atlas de distribución de renta de los hogares, tablas 30824, 30829, 37677 y 30832"
44216,2023,22050,39500,16220,11.1,14.4,27.7,2.4,43.3,30.9,19.9,17.9,89.0,2.4,"INE, Atlas de distribución de renta de los hogares, tablas 30824, 30829, 37677 y 30832"
45081,2015,12950,27201,9311,8.7,24.6,32.9,2.9,35.0,19.7,8.5,24.7,88.5,2.9,"INE, Atlas de distribución de renta de los hogares, tablas 30824, 30829, 37677 y 30832"
45081,2016,13650,28281,9573,9.6,22.8,32.5,2.9,35.2,19.5,8.7,25.1,88.7,2.9,"INE, Atlas de distribución de renta de los hogares, tablas 30824, 30829, 37677 y 30832"
45081,2017,14350,29905,10106,8.5,21.5,31.2,2.7,35.3,19.5,9.0,25.4,89.1,2.9,"INE, Atlas de distribución de renta de los hogares, tablas 30824, 30829, 37677 y 30832"
45081,2018,15050,30927,10411,8.2,21.0,30.6,2.6,35.7,19.7,9.4,25.3,88.6,2.9,"INE, Atlas de distribución de renta de los hogares, tablas 30824, 30829, 37677 y 30832"
45081,2019,15750,32465,10839,7.9,20.9,30.1,2.6,36.1,19.3,9.6,25.1,87.7,3.0,"INE, Atlas de distribución de renta de los hogares, tablas 30824, 30829, 37677 y 30832"
45081,2020,15750,32755,10860,8.1,21.2,30.3,2.6,36.4,18.6,9.9,25.0,87.7,3.0,"INE, Atlas de distribución de renta de los hogares, tablas 30824, 30829, 37677 y 30832"
45081,2021,16450,34265,11386,8.2,20.0,29.5,2.5,36.7,18.7,10.1,24.7,87.8,3.0,"INE, Atlas de distribución de renta de los hogares, tablas 30824, 30829, 37677 y 30832"
45081,2022,17850,36987,12205,7.2,20.2,28.8,2.5,37.1,18.8,10.5,24.1,87.2,3.0,"INE, Atlas de distribución de renta de los hogares, tablas 30824, 30829, 37677 y 30832"
45081,2023,18550,39826,13206,6.7,20.0,28.4,2.5,37.5,19.3,10.8,23.5,86.7,3.0,"INE, Atlas de distribución de renta de los hogares, tablas 30824, 30829, 37677 y 30832"
45165,2015,10850,23057,8398,6.5,33.0,35.8,3.1,41.1,24.5,17.7,19.5,92.7,2.7,"INE, Atlas de distribución de renta de los hogares, tablas 30824, 30829, 37677 y 30832"
45165,2016,11550,23622,8653,6.9,31.0,35.2,3.1,41.6,24.4,18.1,19.3,93.1,2.7,"INE, Atlas de distribución de renta de los hogares, tablas 30824, 30829, 37677 y 30832"
45165,2017,11550,24565,9071,6.5,30.6,34.2,2.9,41.9,25.0,18.5,19.2,93.0,2.7,"INE, Atlas de distribución de renta de los hogares, tablas 30824, 30829, 37677 y 30832"
45165,2018,12250,25534,9490,6.0,29.8,33.3,2.7,42.2,25.2,18.9,18.9,92.3,2.7,"INE, Atlas de distribución de renta de los hogares, tablas 30824, 30829, 37677 y 30832"
45165,2019,12950,26717,10008,5.8,29.7,32.7,2.9,42.5,25.8,19.2,18.7,91.6,2.6,"INE, Atlas de distribución de renta de los hogares, tablas 30824, 30829, 37677 y 30832"
45165,2020,13650,26881,10110,6.2,29.4,33.1,2.9,42.7,26.2,19.4,18.5,91.4,2.6,"INE, Atlas de distribución de renta de los hogares, tablas 30824, 30829, 37677 y 30832"
45165,2021,14350,27692,10543,5.8,29.5,32.3,2.7,43.0,26.8,19.7,18.3,91.3,2.6,"INE, Atlas de distribución de renta de los hogares, tablas 30824, 30829, 37677 y 30832"
45165,2022,15050,29096,11153,5.0,30.5,31.9,2.7,43.2,27.3,20.1,18.0,90.2,2.6,"INE, Atlas de distribución de renta de los hogares, tablas 30824, 30829, 37677 y 30832"
45165,2023,15750,30833,11820,4.4,31.5,31.5,2.8,43.4,27.4,20.5,17.8,89.1,2.6,"INE, Atlas de distribución de renta de los hogares, tablas 30824, 30829, 37677 y 30832"
45168,2015,17850,34091,12688,20.5,15.3,32.1,2.9,40.2,28.8,15.7,19.6,92.5,2.7,"INE, Atlas de distribución de renta de los hogares, tablas 30824, 30829, 37677 y 30832"
45168,2016,17850,35064,13030,21.4,14.4,32.0,2.7,40.5,28.4,16.1,19.7,92.6,2.7,"INE, Atlas de distribución de renta de los hogares, tablas 30824, 30829, 37677 y 30832"
45168,2017,18550,35772,13365,19.9,14.5,31.5,2.8,40.7,29.3,16.4,19.7,92.2,2.6,"INE, Atlas de distribución de renta de los hogares, tablas 30824, 30829, 37677 y 30832"
45168,2018,19250,36733,13787,18.7,14.6,31.2,2.7,41.0,29.3,16.7,19.4,91.5,2.6,"INE, Atlas de distribución de renta de los hogares, tablas 30824, 30829, 37677 y 30832"
45168,2019,19950,38032,14284,18.0,14.8,31.0,2.8,41.2,29.0,17.0,19.4,90.7,2.6,"INE, Atlas de distribución de renta de los hogares, tablas 30824, 30829, 37677 y 30832"
45168,2020,19950,37841,14326,18.4,15.2,31.2,2.8,41.5,29.3,17.5,19.1,90.7,2.6,"INE, Atlas de distribución de renta de los hogares, tablas 30824, 30829, 37677 y 30832"
45168,2021,20650,39087,14886,17.9,14.3,30.4,2.8,41.9,29.6,17.9,19.0,90.7,2.6,"INE, Atlas de distribución de renta de los hogares, tablas 30824, 30829, 37677 y 30832"
45168,2022,21350,41230,15771,15.5,14.8,30.1,2.7,42.1,29.9,18.3,18.7,90.3,2.6,"INE, Atlas de distribución de renta de los hogares, tablas 30824, 30829, 37677 y 30832"
45168,2023,22750,43465,16704,14.3,15.3,29.9,2.5,42.4,30.2,18.8,18.4,89.7,2.6,"INE, Atlas de distribución de renta de los hogares, tablas 30824, 30829, 37677 y 30832"
46005,2015,12250,23008,8870,5.1,25.6,31.1,2.5,40.9,25.2,16.6,19.3,94.9,2.6,"INE, Atlas de distribución de renta de los hogares, tablas 30824, 30829, 37677 y 30832"
46005,2016,12250,23652,9179,5.7,23.6,30.5,2.6,41.4,25.3,17.3,19.2,95.2,2.5,"INE, Atlas de distribución de renta de los hogares, tablas 30824, 30829, 37677 y 30832"
46005,2017,12950,24507,9668,5.0,22.7,29.2,2.5,41.8,25.9,17.7,18.9,95.2,2.5,"INE, Atlas de distribución de renta de los hogares, tablas 30824, 30829, 37677 y 30832"
46005,2018,13650,26154,10275,5.0,21.4,28.8,2.4,42.1,25.8,18.2,18.7,94.6,2.5,"INE, Atlas de distribución de renta de los hogares, tablas 30824, 30829, 37677 y 30832"
46005,2019,14350,27283,10762,4.9,21.3,28.1,2.3,42.4,26.2,18.6,18.3,94.1,2.5,"INE, Atlas de distribución de renta de los hogares, tablas 30824, 30829, 37677 y 30832"
46005,2020,15050,27549,10909,5.0,20.5,27.6,2.3,42.8,26.1,19.0,17.9,94.0,2.5,"INE, Atlas de distribución de renta de los hogares, tablas 30824, 30829, 37677 y 30832"
46005,2021,15750,28588,11410,4.7,19.9,26.8,2.2,43.3,26.8,19.7,17.5,93.6,2.5,"INE, Atlas de distribución de renta de los hogares, tablas 30824, 30829, 37677 y 30832"
46005,2022,16450,30385,12091,4.2,20.6,26.6,2.2,43.4,26.6,19.9,17.1,92.1,2.5,"INE, Atlas de distribución de renta de los hogares, tablas 30824, 30829, 37677 y 30832"
46005,2023,17850,32487,12930,4.0,21.5,26.8,2.4,43.7,26.6,20.4,16.6,90.9,2.5,"INE, Atlas de distribución de renta de los hogares, tablas 30824, 30829, 37677 y 30832"
46017,2015,12950,25346,9618,8.2,24.3,33.0,2.7,41.3,24.9,17.4,18.5,90.5,2.6,"INE, Atlas de distribución de renta de los hogares, tablas 30824, 30829, 37677 y 30832"
46017,2016,12950,26831,10155,9.1,22.1,32.5,2.8,41.6,24.6,17.5,18.6,90.8,2.6,"INE, Atlas de distribución de renta de los hogares, tablas 30824, 30829, 37677 y 30832"
46017,2017,13650,27327,10431,8.2,22.2,31.5,2.7,41.8,25.1,17.7,18.5,90.3,2.6,"INE, Atlas de distribución de renta de los hogares, tablas 30824, 30829, 37677 y 30832"
46017,2018,14350,28730,11040,7.8,21.4,30.9,2.5,42.0,25.6,18.0,18.3,90.1,2.6,"INE, Atlas de distribución de renta de los hogares, tablas 30824, 30829, 37677 y 30832"
46017,2019,15050,29664,11392,7.4,21.5,30.5,2.5,42.2,25.7,18.1,18.3,89.0,2.6,"INE, Atlas de distribución de renta de los hogares, tablas 30824, 30829, 37677 y 30832"
46017,2020,15750,30007,11566,7.8,20.7,30.2,2.5,42.4,25.5,18.3,18.1,88.8,2.6,"INE, Atlas de distribución de renta de los hogares, tablas 30824, 30829, 37677 y 30832"
46017,2021,15750,31127,11934,7.4,20.4,29.5,2.6,42.5,25.1,18.3,18.1,87.8,2.6,"INE, Atlas de distribución de renta de los hogares, tablas 30824, 30829, 37677 y 30832"
46017,2022,17150,32904,12606,6.6,21.7,29.5,2.5,42.5,25.4,18.2,18.1,86.6,2.6,"INE, Atlas de distribución de renta de los hogares, tablas 30824, 30829, 37677 y 30832"
46017,2023,17850,35088,13445,6.3,22.5,29.3,2.5,42.6,25.5,18.4,17.8,85.5,2.6,"INE, Atlas de distribución de renta de los hogares, tablas 30824, 30829, 37677 y 30832"
46021,2015,12250,23582,8915,5.4,24.7,30.6,2.6,38.9,23.9,13.6,20.7,95.4,2.6,"INE, Atlas de distribución de renta de los hogares, tablas 30824, 30829, 37677 y 30832"
46021,2016,12950,24347,9196,5.9,23.0,30.2,2.6,39.2,23.5,13.9,20.9,95.5,2.6,"INE, Atlas de distribución de renta de los hogares, tablas 30824, 30829, 37677 y 30832"
46021,2017,13650,25338,9597,5.3,21.9,29.0,2.5,39.5,23.8,14.4,20.8,95.5,2.6,"INE, Atlas de distribución de renta de los hogares, tablas 30824, 30829, 37677 y 30832"
46021,2018,14350,26569,10099,5.1,20.7,28.3,2.4,39.8,24.4,14.6,20.7,94.6,2.6,"INE, Atlas de distribución de renta de los hogares, tablas 30824, 30829, 37677 y 30832"
46021,2019,15050,27881,10595,4.8,20.1,27.5,2.3,40.1,24.3,14.9,20.4,93.9,2.6,"INE, Atlas de distribución de renta de los hogares, tablas 30824, 30829, 37677 y 30832"
46021,2020,15050,28185,10766,5.3,19.8,27.5,2.3,40.5,24.6,15.3,20.2,94.0,2.6,"INE, Atlas de distribución de renta de los hogares, tablas 30824, 30829, 37677 y 30832"
46021,2021,15750,29485,11244,4.9,19.3,26.8,2.2,40.8,24.1,15.5,19.8,93.2,2.6,"INE, Atlas de distribución de renta de los hogares, tablas 30824, 30829, 37677 y 30832"
46021,2022,17150,31359,11962,4.4,20.3,26.9,2.2,40.9,24.6,15.7,19.6,92.5,2.6,"INE, Atlas de distribución de renta de los hogares, tablas 30824, 30829, 37677 y 30832"
46021,2023,17850,33692,12813,4.1,20.5,26.5,2.2,41.2,24.5,15.9,19.1,91.5,2.6,"INE, Atlas de distribución de renta de los hogares, tablas 30824, 30829, 37677 y 30832"
46029,2015,12250,24200,9400,7.6,26.1,33.5,3.0,40.7,27.4,17.0,20.0,92.5,2.6,"INE, Atlas de distribución de renta de los hogares, tablas 30824, 30829, 37677 y 30832"
46029,2016,12950,24981,9694,8.4,24.0,32.9,2.8,41.0,27.3,17.4,19.8,92.7,2.6,"INE, Atlas de distribución de renta de los hogares, tablas 30824, 30829, 37677 y 30832"
46029,2017,13650,25776,10075,7.8,24.2,32.2,2.9,41.2,28.1,17.4,19.9,92.7,2.5,"INE, Atlas de distribución de renta de los hogares, tablas 30824, 30829, 37677 y 30832"
46029,2018,14350,26747,10483,7.2,23.5,31.8,2.7,41.4,28.2,17.8,19.8,92.1,2.5,"INE, Atlas de distribución de renta de los hogares, tablas 30824, 30829, 37677 y 30832"
46029,2019,15050,28373,11136,7.1,22.4,30.4,2.6,41.6,28.2,17.8,19.6,91.6,2.5,"INE, Atlas de distribución de renta de los hogares, tablas 30824, 30829, 37677 y 30832"
46029,2020,15050,29023,11511,7.6,21.8,30.2,2.5,42.0,28.6,18.1,19.4,91.7,2.5,"INE, Atlas de distribución de renta de los hogares, tablas 30824, 30829, 37677 y 30832"
46029,2021,15750,29372,11685,6.9,22.4,29.7,2.6,42.1,28.8,18.2,19.4,91.0,2.5,"INE, Atlas de distribución de renta de los hogares, tablas 30824, 30829, 37677 y 30832"
46029,2022,16450,31366,12508,6.1,22.9,29.6,2.5,42.2,28.9,18.4,19.3,90.5,2.5,"INE, Atlas de distribución de renta de los hogares, tablas 30824, 30829, 37677 y 30832"
46029,2023,17850,33425,13257,5.9,24.1,29.6,2.5,42.2,28.6,18.5,19.3,89.1,2.5,"INE, Atlas de distribución de renta de los hogares, tablas 30824, 30829, 37677 y 30832"
46078,2015,11550,22691,8704,5.6,28.9,33.1,2.8,41.1,25.8,17.0,18.6,91.9,2.6,"INE, Atlas de distribución de renta de los hogares, tablas 30824, 30829, 37677 y 30832"
46078,2016,12250,23665,8930,6.1,27.6,32.8,2.9,41.4,24.7,17.2,18.5,91.6,2.6,"INE, Atlas de distribución de renta de los hogares, tablas 30824, 30829, 37677 y 30832"
46078,2017,12950,24419,9362,5.4,26.5,31.3,2.7,41.7,25.5,17.5,18.2,91.3,2.6,"INE, Atlas de distribución de renta de los hogares, tablas 30824, 30829, 37677 y 30832"
46078,2018,13650,25588,9836,5.2,25.0,30.5,2.6,41.8,25.9,17.4,18.0,90.5,2.6,"INE, Atlas de distribución de renta de los hogares, tablas 30824, 30829, 37677 y 30832"
46078,2019,14350,27106,10381,5.0,25.1,29.9,2.7,41.9,25.9,17.5,17.7,89.3,2.6,"INE, Atlas de distribución de renta de los hogares, tablas 30824, 30829, 37677 y 30832"
46078,2020,14350,27372,10499,5.0,24.7,29.4,2.4,42.2,26.2,17.7,17.4,89.1,2.6,"INE, Atlas de distribución de renta de los hogares, tablas 30824, 30829, 37677 y 30832"
46078,2021,15050,28321,10881,4.6,23.9,28.8,2.3,42.4,26.4,18.1,17.2,88.5,2.6,"INE, Atlas de distribución de renta de los hogares, tablas 30824, 30829, 37677 y 30832"
46078,2022,15750,30100,11450,4.0,26.2,28.9,2.5,42.4,25.9,18.0,16.8,85.9,2.6,"INE, Atlas de distribución de renta de los hogares, tablas 30824, 30829, 37677 y 30832"
46078,2023,16450,32145,12111,3.5,27.5,29.1,2.5,42.5,26.1,18.1,16.3,84.1,2.6,"INE, Atlas de distribución de renta de los hogares, tablas 30824, 30829, 37677 y 30832"
46094,2015,12950,25845,9667,9.0,23.6,33.1,2.8,39.2,23.2,14.7,21.2,92.9,2.7,"INE, Atlas de distribución de renta de los hogares, tablas 30824, 30829, 37677 y 30832"
46094,2016,13650,26652,9874,9.4,22.5,33.0,2.9,39.6,22.5,15.1,21.4,93.0,2.7,"INE, Atlas de distribución de renta de los hogares, tablas 30824, 30829, 37677 y 30832"
46094,2017,14350,27536,10292,8.5,22.2,31.9,2.7,40.0,22.8,15.4,21.2,92.9,2.7,"INE, Atlas de distribución de renta de los hogares, tablas 30824, 30829, 37677 y 30832"
46094,2018,15050,28933,10845,8.6,21.4,31.4,2.6,40.3,23.1,15.5,21.1,92.2,2.7,"INE, Atlas de distribución de renta de los hogares, tablas 30824, 30829, 37677 y 30832"
46094,2019,15050,30480,11358,8.2,21.2,30.7,2.5,40.5,23.3,15.6,21.1,91.2,2.7,"INE, Atlas de distribución de renta de los hogares, tablas 30824, 30829, 37677 y 30832"
46094,2020,15750,30262,11402,8.5,20.7,30.4,2.6,40.8,23.6,15.8,20.8,91.2,2.6,"INE, Atlas de distribución de renta de los hogares, tablas 30824, 30829, 37677 y 30832"
46094,2021,16450,31564,11958,8.2,20.6,30.1,2.6,41.1,24.1,16.0,20.5,90.8,2.6,"INE, Atlas de distribución de renta de los hogares, tablas 30824, 30829, 37677 y 30832"
46094,2022,17150,33666,12595,7.4,21.6,30.1,2.6,41.3,23.7,16.1,20.1,89.2,2.7,"INE, Atlas de distribución de renta de los hogares, tablas 30824, 30829, 37677 y 30832"
46094,2023,17850,35827,13260,6.4,23.0,30.3,2.5,41.5,23.5,16.3,19.6,88.0,2.7,"INE, Atlas de distribución de renta de los hogares, tablas 30824, 30829, 37677 y 30832"
46102,2015,12250,23253,9126,5.2,24.3,30.2,2.6,43.5,23.8,20.9,16.0,94.4,2.5,"INE, Atlas de distribución de renta de los hogares, tablas 30824, 30829, 37677 y 30832"
46102,2016,12950,24073,9535,5.9,21.6,29.5,2.5,43.7,24.4,21.2,16.1,94.9,2.5,"INE, Atlas de distribución de renta de los hogares, tablas 30824, 30829, 37677 y 30832"
46102,2017,13650,25039,9959,5.7,20.8,28.9,2.4,43.8,24.7,21.4,16.4,94.7,2.5,"INE, Atlas de distribución de renta de los hogares, tablas 30824, 30829, 37677 y 30832"
46102,2018,14350,26213,10454,5.3,19.5,27.7,2.3,44.0,25.1,21.5,16.2,93.9,2.5,"INE, Atlas de distribución de renta de los hogares, tablas 30824, 30829, 37677 y 30832"
46102,2019,15050,27601,11009,5.1,19.3,27.3,2.3,44.1,25.3,21.5,16.2,93.1,2.5,"INE, Atlas de distribución de renta de los hogares, tablas 30824, 30829, 37677 y 30832"
46102,2020,15050,27655,11133,5.3,19.1,27.0,2.3,44.3,25.8,21.8,16.0,92.9,2.5,"INE, Atlas de distribución de renta de los hogares, tablas 30824, 30829, 37677 y 30832"
46102,2021,15750,28751,11644,5.1,18.9,26.5,2.2,44.5,26.1,21.7,15.9,92.5,2.5,"INE, Atlas de distribución de renta de los hogares, tablas 30824, 30829, 37677 y 30832"
46102,2022,16450,30190,12308,4.7,20.3,26.8,2.2,44.5,26.9,21.7,15.9,91.4,2.4,"INE, Atlas de distribución de renta de los hogares, tablas 30824, 30829, 37677 y 30832"
46102,2023,17850,32281,13132,4.4,21.4,27.0,2.2,44.4,27.1,21.6,16.0,89.0,2.5,"INE, Atlas de distribución de renta de los hogares, tablas 30824, 30829, 37677 y 30832"
46110,2015,11550,22773,8680,4.9,28.5,32.4,2.8,41.1,24.6,17.2,18.9,90.2,2.6,"INE, Atlas de distribución de renta de los hogares, tablas 30824, 30829, 37677 y 30832"
46110,2016,12250,23628,8963,5.5,27.0,32.1,2.9,41.4,24.6,17.3,18.7,89.7,2.6,"INE, Atlas de distribución de renta de los hogares, tablas 30824, 30829, 37677 y 30832"
46110,2017,12950,24474,9342,4.9,26.4,31.3,2.7,41.7,24.9,17.6,18.5,88.8,2.6,"INE, Atlas de distribución de renta de los hogares, tablas 30824, 30829, 37677 y 30832"
46110,2018,13650,25494,9697,4.9,26.8,31.2,2.8,41.7,24.8,17.5,18.4,87.3,2.6,"INE, Atlas de distribución de renta de los hogares, tablas 30824, 30829, 37677 y 30832"
46110,2019,14350,26883,10189,4.3,25.9,30.0,2.7,41.9,24.8,17.5,18.1,85.6,2.6,"INE, Atlas de distribución de renta de los hogares, tablas 30824, 30829, 37677 y 30832"
46110,2020,14350,27053,10292,4.7,26.2,30.0,2.7,42.2,25.5,17.7,17.7,85.2,2.6,"INE, Atlas de distribución de renta de los hogares, tablas 30824, 30829, 37677 y 30832"
46110,2021,14350,28090,10757,4.4,25.8,29.4,2.5,42.4,25.7,17.8,17.4,84.6,2.6,"INE, Atlas de distribución de renta de los hogares, tablas 30824, 30829, 37677 y 30832"
46110,2022,15750,29728,11315,3.9,26.5,29.3,2.5,42.4,25.7,17.8,17.2,82.6,2.6,"INE, Atlas de distribución de renta de los hogares, tablas 30824, 30829, 37677 y 30832"
46110,2023,16450,31558,11830,3.1,28.7,29.1,2.6,42.4,25.6,17.9,17.0,80.4,2.7,"INE, Atlas de distribución de renta de los hogares, tablas 30824, 30829, 37677 y 30832"
46131,2015,11550,23753,8971,7.8,31.8,36.5,3.2,41.3,29.3,16.9,18.2,80.4,2.6,"INE, Atlas de distribución de renta de los hogares, tablas 30824, 30829, 37677 y 30832"
46131,2016,11550,24590,9266,8.3,30.0,35.8,3.4,41.6,28.4,17.2,18.3,81.0,2.6,"INE, Atlas de distribución de renta de los hogares, tablas 30824, 30829, 37677 y 30832"
46131,2017,12250,25307,9631,7.7,29.0,34.6,3.1,41.8,29.6,17.5,18.2,81.2,2.6,"INE, Atlas de distribución de renta de los hogares, tablas 30824, 30829, 37677 y 30832"
46131,2018,12950,26739,10247,7.5,28.5,34.1,2.9,42.1,29.6,17.8,18.1,80.5,2.6,"INE, Atlas de distribución de renta de los hogares, tablas 30824, 30829, 37677 y 30832"
46131,2019,13650,27735,10605,7.0,28.1,33.2,2.7,42.3,29.6,18.0,17.9,79.4,2.6,"INE, Atlas de distribución de renta de los hogares, tablas 30824, 30829, 37677 y 30832"
46131,2020,13650,27777,10769,7.3,28.1,33.2,2.8,42.6,30.3,18.3,17.7,79.1,2.5,"INE, Atlas de distribución de renta de los hogares, tablas 30824, 30829, 37677 y 30832"
46131,2021,14350,28707,11238,7.0,27.2,32.4,2.9,42.9,30.5,18.7,17.5,79.8,2.5,"INE, Atlas de distribución de renta de los hogares, tablas 30824, 30829, 37677 y 30832"
46131,2022,15050,30225,11818,6.2,29.0,32.6,2.8,42.9,30.6,18.6,17.4,78.3,2.5,"INE, Atlas de distribución de renta de los hogares, tablas 30824, 30829, 37677 y 30832"
46131,2023,16450,32250,12511,5.6,30.9,33.0,2.9,42.9,30.4,18.8,17.3,76.6,2.5,"INE, Atlas de distribución de renta de los hogares, tablas 30824, 30829, 37677 y 30832"
46145,2015,12250,24952,9671,9.4,26.4,34.7,3.1,41.7,26.6,17.0,17.7,90.8,2.5,"INE, Atlas de distribución de renta de los hogares, tablas 30824, 30829, 37677 y 30832"
46145,2016,12950,25709,9898,9.7,25.0,34.2,2.9,41.9,26.1,17.1,17.8,90.8,2.6,"INE, Atlas de distribución de renta de los hogares, tablas 30824, 30829, 37677 y 30832"
46145,2017,13650,26782,10459,9.2,23.1,32.7,2.7,42.1,27.1,17.4,17.9,91.0,2.5,"INE, Atlas de distribución de renta de los hogares, tablas 30824, 30829, 37677 y 30832"
46145,2018,14350,27816,10920,8.6,22.5,31.9,2.6,42.3,27.6,17.7,17.8,90.6,2.5,"INE, Atlas de distribución de renta de los hogares, tablas 30824, 30829, 37677 y 30832"
46145,2019,15050,29234,11531,8.4,22.0,31.3,2.8,42.5,27.8,17.8,17.5,89.7,2.5,"INE, Atlas de distribución de renta de los hogares, tablas 30824, 30829, 37677 y 30832"
46145,2020,15750,29888,11892,9.1,20.6,30.9,2.6,42.7,28.5,18.0,17.1,90.0,2.5,"INE, Atlas de distribución de renta de los hogares, tablas 30824, 30829, 37677 y 30832"
46145,2021,16450,30540,12308,8.7,20.4,30.3,2.7,43.1,29.2,18.6,16.8,89.2,2.5,"INE, Atlas de distribución de renta de los hogares, tablas 30824, 30829, 37677 y 30832"
46145,2022,17150,31986,12958,7.7,22.3,30.5,2.7,43.3,29.6,18.8,16.7,88.4,2.5,"INE, Atlas de distribución de renta de los hogares, tablas 30824, 30829, 37677 y 30832"
46145,2023,17850,34270,13976,6.6,22.8,30.1,2.6,43.5,29.9,19.2,16.2,87.3,2.4,"INE, Atlas de distribución de renta de los hogares, tablas 30824, 30829, 37677 y 30832"
46159,2015,12250,23419,8819,5.8,27.3,32.1,2.8,40.3,23.1,15.6,19.6,92.0,2.6,"INE, Atlas de distribución de renta de los hogares, tablas 30824, 30829, 37677 y 30832"
46159,2016,12250,24089,9082,6.2,25.3,31.7,2.6,40.7,23.2,15.9,19.5,92.2,2.6,"INE, Atlas de distribución de renta de los hogares, tablas 30824, 30829, 37677 y 30832"
46159,2017,12950,25155,9470,5.4,24.8,30.8,2.7,41.0,23.4,16.1,19.5,91.8,2.6,"INE, Atlas de distribución de renta de los hogares, tablas 30824, 30829, 37677 y 30832"
46159,2018,14350,26529,10065,5.5,23.6,30.1,2.6,41.3,24.1,16.3,19.0,91.3,2.6,"INE, Atlas de distribución de renta de los hogares, tablas 30824, 30829, 37677 y 30832"
46159,2019,15050,27963,10604,5.2,23.3,29.4,2.5,41.6,24.1,16.6,18.6,90.1,2.6,"INE, Atlas de distribución de renta de los hogares, tablas 30824, 30829, 37677 y 30832"
46159,2020,15050,27863,10630,5.4,22.8,29.0,2.5,41.9,24.3,16.8,18.2,89.8,2.6,"INE, Atlas de distribución de renta de los hogares, tablas 30824, 30829, 37677 y 30832"
46159,2021,15050,29033,11184,5.2,21.8,28.3,2.4,42.2,24.9,17.1,17.8,89.7,2.6,"INE, Atlas de distribución de renta de los hogares, tablas 30824, 30829, 37677 y 30832"
46159,2022,16450,31068,11924,4.7,22.6,27.8,2.4,42.3,25.2,17.3,17.5,88.4,2.6,"INE, Atlas de distribución de renta de los hogares, tablas 30824, 30829, 37677 y 30832"
46159,2023,17150,33137,12640,4.2,23.4,28.1,2.4,42.5,24.8,17.8,17.1,87.1,2.6,"INE, Atlas de distribución de renta de los hogares, tablas 30824, 30829, 37677 y 30832"
46169,2015,12950,24642,9701,7.8,24.3,32.5,2.8,42.0,25.6,17.5,17.3,90.3,2.5,"INE, Atlas de distribución de renta de los hogares, tablas 30824, 30829, 37677 y 30832"
46169,2016,13650,25709,10017,8.2,23.3,32.1,2.9,42.3,25.4,18.0,17.3,90.3,2.5,"INE, Atlas de distribución de renta de los hogares, tablas 30824, 30829, 37677 y 30832"
46169,2017,14350,26335,10348,7.4,22.5,30.8,2.7,42.5,25.9,18.5,17.5,89.7,2.5,"INE, Atlas de distribución de renta de los hogares, tablas 30824, 30829, 37677 y 30832"
46169,2018,15050,27595,10863,7.2,22.3,30.7,2.6,42.8,26.5,18.7,17.0,88.6,2.5,"INE, Atlas de distribución de renta de los hogares, tablas 30824, 30829, 37677 y 30832"
46169,2019,15750,29163,11438,6.8,22.0,30.1,2.7,43.0,26.6,19.0,16.9,87.7,2.5,"INE, Atlas de distribución de renta de los hogares, tablas 30824, 30829, 37677 y 30832"
46169,2020,15750,29337,11572,7.2,21.1,29.8,2.5,43.3,26.5,19.4,16.7,87.9,2.5,"INE, Atlas de distribución de renta de los hogares, tablas 30824, 30829, 37677 y 30832"
46169,2021,16450,30284,12074,6.9,20.3,29.0,2.6,43.5,27.2,19.9,16.6,87.7,2.5,"INE, Atlas de distribución de renta de los hogares, tablas 30824, 30829, 37677 y 30832"
46169,2022,17150,32190,12630,6.1,21.9,29.2,2.6,43.6,26.9,20.0,16.3,85.5,2.5,"INE, Atlas de distribución de renta de los hogares, tablas 30824, 30829, 37677 y 30832"
46169,2023,18550,35060,13573,5.5,22.1,28.6,2.6,43.8,25.5,20.3,15.9,84.5,2.6,"INE, Atlas de distribución de renta de los hogares, tablas 30824, 30829, 37677 y 30832"
46181,2015,11550,22748,8714,6.4,30.7,34.7,3.1,42.0,28.3,18.7,18.4,80.5,2.6,"INE, Atlas de distribución de renta de los hogares, tablas 30824, 30829, 37677 y 30832"
46181,2016,11550,23313,9008,7.1,28.7,34.4,2.8,42.4,28.6,19.0,18.4,80.7,2.5,"INE, Atlas de distribución de renta de los hogares, tablas 30824, 30829, 37677 y 30832"
46181,2017,12250,24089,9404,6.4,28.1,33.2,2.6,42.6,29.6,19.1,18.3,81.3,2.5,"INE, Atlas de distribución de renta de los hogares, tablas 30824, 30829, 37677 y 30832"
46181,2018,12950,25158,9950,6.3,27.1,32.7,2.8,43.1,29.9,19.8,17.9,81.3,2.5,"INE, Atlas de distribución de renta de los hogares, tablas 30824, 30829, 37677 y 30832"
46181,2019,13650,26376,10490,6.1,27.1,31.7,2.7,43.5,30.2,20.3,17.7,81.0,2.5,"INE, Atlas de distribución de renta de los hogares, tablas 30824, 30829, 37677 y 30832"
46181,2020,13650,26850,10830,7.0,26.1,31.5,2.7,43.8,30.8,20.7,17.5,81.1,2.4,"INE, Atlas de distribución de renta de los hogares, tablas 30824, 30829, 37677 y 30832"
46181,2021,14350,28281,11486,6.6,26.1,31.3,2.6,44.1,31.4,20.8,17.3,81.2,2.4,"INE, Atlas de distribución de renta de los hogares, tablas 30824, 30829, 37677 y 30832"
46181,2022,15750,29390,11948,5.8,26.4,30.6,2.5,44.3,31.3,21.0,16.9,79.3,2.4,"INE, Atlas de distribución de renta de los hogares, tablas 30824, 30829, 37677 y 30832"
46181,2023,16450,31571,12866,5.1,27.1,30.4,2.5,44.4,31.8,21.2,16.8,78.3,2.4,"INE, Atlas de distribución de renta de los hogares, tablas 30824, 30829, 37677 y 30832"
46184,2015,12250,23985,9115,6.6,26.4,33.0,2.5,41.4,25.1,16.9,18.6,90.8,2.6,"INE, Atlas de distribución de renta de los hogares, tablas 30824, 30829, 37677 y 30832"
46184,2016,12250,24843,9481,7.3,23.9,32.1,2.6,41.8,25.1,17.3,18.3,91.1,2.6,"INE, Atlas de distribución de renta de los hogares, tablas 30824, 30829, 37677 y 30832"
46184,2017,12950,25570,9784,6.8,23.5,31.1,2.5,42.0,25.6,17.5,18.1,90.6,2.6,"INE, Atlas de distribución de renta de los hogares, tablas 30824, 30829, 37677 y 30832"
46184,2018,13650,27189,10493,6.8,22.2,30.6,2.4,42.4,25.9,17.9,17.9,90.2,2.6,"INE, Atlas de distribución de renta de los hogares, tablas 30824, 30829, 37677 y 30832"
46184,2019,14350,28232,10916,6.4,22.0,29.7,2.5,42.7,26.3,18.3,17.7,89.3,2.6,"INE, Atlas de distribución de renta de los hogares, tablas 30824, 30829, 37677 y 30832"
46184,2020,15050,28632,11148,6.9,21.6,29.8,2.3,42.9,26.6,18.6,17.4,89.2,2.6,"INE, Atlas de distribución de renta de los hogares, tablas 30824, 30829, 37677 y 30832"
46184,2021,15750,30125,11828,7.0,19.7,28.9,2.3,43.2,26.9,19.0,17.2,89.2,2.5,"INE, Atlas de distribución de renta de los hogares, tablas 30824, 30829, 37677 y 30832"
46184,2022,16450,31543,12556,6.2,21.5,29.2,2.5,43.4,27.5,19.5,16.9,88.3,2.5,"INE, Atlas de distribución de renta de los hogares, tablas 30824, 30829, 37677 y 30832"
46184,2023,17850,33154,13307,5.4,23.0,29.2,2.4,43.7,27.9,20.1,16.5,87.4,2.5,"INE, Atlas de distribución de renta de los hogares, tablas 30824, 30829, 37677 y 30832"
46190,2015,13650,27870,10487,12.7,25.3,37.4,3.4,38.0,25.3,12.4,22.4,92.4,2.6,"INE, Atlas de distribución de renta de los hogares, tablas 30824, 30829, 37677 y 30832"
46190,2016,14350,28782,10803,13.5,23.5,36.4,3.2,38.3,24.9,12.8,22.4,92.5,2.6,"INE, Atlas de distribución de renta de los hogares, tablas 30824, 30829, 37677 y 30832"
46190,2017,15050,29538,11135,12.3,22.9,35.1,3.0,38.6,25.6,13.1,22.3,92.3,2.6,"INE, Atlas de distribución de renta de los hogares, tablas 30824, 30829, 37677 y 30832"
46190,2018,15750,31002,11683,12.3,22.1,34.4,2.8,38.9,25.3,13.4,22.3,91.4,2.6,"INE, Atlas de distribución de renta de los hogares, tablas 30824, 30829, 37677 y 30832"
46190,2019,16450,32566,12188,11.5,21.6,33.5,2.9,39.2,25.1,13.7,22.2,90.5,2.7,"INE, Atlas de distribución de renta de los hogares, tablas 30824, 30829, 37677 y 30832"
46190,2020,16450,32690,12256,12.0,21.1,33.0,2.8,39.5,24.8,14.1,21.8,90.2,2.7,"INE, Atlas de distribución de renta de los hogares, tablas 30824, 30829, 37677 y 30832"
46190,2021,17150,33687,12695,11.5,20.2,32.2,2.7,39.8,25.0,14.5,21.6,89.8,2.6,"INE, Atlas de distribución de renta de los hogares, tablas 30824, 30829, 37677 y 30832"
46190,2022,17850,36023,13472,10.7,21.3,32.3,2.8,40.0,24.8,14.8,21.5,88.4,2.7,"INE, Atlas de distribución de renta de los hogares, tablas 30824, 30829, 37677 y 30832"
46190,2023,19250,38707,14451,9.7,22.1,32.0,2.7,40.4,24.7,15.2,21.1,87.4,2.7,"INE, Atlas de distribución de renta de los hogares, tablas 30824, 30829, 37677 y 30832"
46220,2015,14350,26195,10691,11.0,22.8,33.8,3.0,43.1,29.8,20.0,17.6,89.9,2.4,"INE, Atlas de distribución de renta de los hogares, tablas 30824, 30829, 37677 y 30832"
46220,2016,14350,26789,10818,11.5,22.5,34.0,3.1,43.2,29.1,20.3,17.9,89.5,2.4,"INE, Atlas de distribución de renta de los hogares, tablas 30824, 30829, 37677 y 30832"
46220,2017,15050,27756,11308,10.6,21.7,32.5,2.9,43.4,29.8,20.6,17.9,89.1,2.4,"INE, Atlas de distribución de renta de los hogares, tablas 30824, 30829, 37677 y 30832"
46220,2018,15750,28674,11718,9.6,21.2,31.7,2.8,43.6,30.1,20.7,17.6,88.5,2.4,"INE, Atlas de distribución de renta de los hogares, tablas 30824, 30829, 37677 y 30832"
46220,2019,16450,29928,12200,9.1,21.0,31.1,2.6,43.7,30.3,20.7,17.6,87.5,2.4,"INE, Atlas de distribución de renta de los hogares, tablas 30824, 30829, 37677 y 30832"
46220,2020,16450,29925,12287,9.4,20.7,30.9,2.6,44.0,30.7,21.2,17.4,87.7,2.4,"INE, Atlas de distribución de renta de los hogares, tablas 30824, 30829, 37677 y 30832"
46220,2021,17150,30864,12701,9.0,21.1,30.5,2.8,44.1,31.0,21.3,17.3,86.8,2.4,"INE, Atlas de distribución de renta de los hogares, tablas 30824, 30829, 37677 y 30832"
46220,2022,17850,32610,13230,7.8,23.1,30.7,2.7,44.0,30.6,21.2,17.2,84.5,2.4,"INE, Atlas de distribución de renta de los hogares, tablas 30824, 30829, 37677 y 30832"
46220,2023,18550,34485,13986,6.8,23.6,30.5,2.6,44.0,30.5,21.2,17.0,83.2,2.4,"INE, Atlas de distribución de renta de los hogares, tablas 30824, 30829, 37677 y 30832"
46235,2015,12250,24124,9654,8.5,25.5,33.7,2.7,43.0,28.2,19.3,17.0,92.2,2.5,"INE, Atlas de distribución de renta de los hogares, tablas 30824, 30829, 37677 y 30832"
46235,2016,12950,24841,9925,9.0,24.2,33.7,2.8,43.3,28.1,19.6,17.0,93.2,2.5,"INE, Atlas de distribución de renta de los hogares, tablas 30824, 30829, 37677 y 30832"
46235,2017,13650,25794,10431,8.3,22.6,31.9,2.7,43.5,28.4,20.0,16.9,93.0,2.5,"INE, Atlas de distribución de renta de los hogares, tablas 30824, 30829, 37677 y 30832"
46235,2018,14350,27254,11031,8.1,21.4,31.0,2.6,43.8,28.9,20.3,16.8,92.5,2.5,"INE, Atlas de distribución de renta de los hogares, tablas 30824, 30829, 37677 y 30832"
46235,2019,15050,28315,11527,7.8,21.4,30.5,2.5,43.9,29.2,20.4,16.9,91.9,2.4,"INE, Atlas de distribución de renta de los hogares, tablas 30824, 30829, 37677 y 30832"
46235,2020,15050,28532,11721,8.1,21.0,30.3,2.5,44.1,29.7,20.6,16.6,91.8,2.4,"INE, Atlas de distribución de renta de los hogares, tablas 30824, 30829, 37677 y 30832"
46235,2021,15750,29653,12227,7.6,20.9,29.7,2.6,44.4,30.1,20.8,16.3,91.4,2.4,"INE, Atlas de distribución de renta de los hogares, tablas 30824, 30829, 37677 y 30832"
46235,2022,17150,31378,12945,7.2,21.8,29.6,2.6,44.5,30.6,20.8,16.0,89.7,2.4,"INE, Atlas de distribución de renta de los hogares, tablas 30824, 30829, 37677 y 30832"
46235,2023,17850,33341,13771,6.3,22.9,29.4,2.6,44.6,30.8,20.9,15.8,88.1,2.4,"INE, Atlas de distribución de renta de los hogares, tablas 30824, 30829, 37677 y 30832"
46244,2015,12250,25273,9153,8.5,29.3,36.0,3.4,39.2,22.6,14.3,20.8,91.1,2.7,"INE, Atlas de distribución de renta de los hogares, tablas 30824, 30829, 37677 y 30832"
46244,2016,12250,26037,9444,9.1,27.2,35.3,3.1,39.5,22.5,14.7,20.9,91.5,2.7,"INE, Atlas de distribución de renta de los hogares, tablas 30824, 30829, 37677 y 30832"
46244,2017,12950,26951,9802,8.3,26.0,33.8,2.9,39.7,22.5,15.0,20.8,91.2,2.7,"INE, Atlas de distribución de renta de los hogares, tablas 30824, 30829, 37677 y 30832"
46244,2018,13650,28391,10354,8.1,24.9,33.1,2.7,39.9,22.6,15.2,20.6,90.5,2.7,"INE, Atlas de distribución de renta de los hogares, tablas 30824, 30829, 37677 y 30832"
46244,2019,14350,29956,10838,7.8,25.0,32.4,2.8,40.2,22.3,15.3,20.3,89.2,2.8,"INE, Atlas de distribución de renta de los hogares, tablas 30824, 30829, 37677 y 30832"
46244,2020,15050,30123,11020,8.1,24.2,32.1,2.7,40.5,22.6,15.6,20.1,89.0,2.7,"INE, Atlas de distribución de renta de los hogares, tablas 30824, 30829, 37677 y 30832"
46244,2021,15750,31486,11568,8.1,23.8,32.6,2.8,40.8,22.7,15.9,19.7,88.3,2.7,"INE, Atlas de distribución de renta de los hogares, tablas 30824, 30829, 37677 y 30832"
46244,2022,16450,33314,12215,7.3,24.8,31.4,2.7,40.9,22.9,16.0,19.5,86.7,2.7,"INE, Atlas de distribución de renta de los hogares, tablas 30824, 30829, 37677 y 30832"
46244,2023,17150,36023,13142,6.8,25.3,31.3,2.7,41.0,22.9,16.3,19.2,85.5,2.7,"INE, Atlas de distribución de renta de los hogares, tablas 30824, 30829, 37677 y 30832"
46250,2015,15050,29987,11858,16.7,22.8,37.3,3.5,43.4,29.8,20.3,16.5,87.8,2.5,"INE, Atlas de distribución de renta de los hogares, tablas 30824, 30829, 37677 y 30832"
46250,2016,15050,30725,12133,17.5,21.8,37.0,3.2,43.6,29.5,20.6,16.6,88.5,2.5,"INE, Atlas de distribución de renta de los hogares, tablas 30824, 30829, 37677 y 30832"
46250,2017,15750,31456,12453,16.4,21.6,36.1,3.3,43.7,29.9,20.8,16.4,87.9,2.5,"INE, Atlas de distribución de renta de los hogares, tablas 30824, 30829, 37677 y 30832"
46250,2018,16450,32954,13086,16.0,20.8,35.4,3.2,43.8,30.1,20.9,16.3,87.2,2.5,"INE, Atlas de distribución de renta de los hogares, tablas 30824, 30829, 37677 y 30832"
46250,2019,17150,34330,13643,15.5,20.4,34.6,3.0,44.0,30.1,21.0,16.1,86.3,2.5,"INE, Atlas de distribución de renta de los hogares, tablas 30824, 30829, 37677 y 30832"
46250,2020,17150,34367,13873,15.9,19.9,34.3,3.1,44.4,30.8,21.5,15.8,86.5,2.5,"INE, Atlas de distribución de renta de los hogares, tablas 30824, 30829, 37677 y 30832"
46250,2021,17850,35463,14348,15.5,19.3,33.6,2.9,44.5,31.1,21.6,15.7,85.6,2.5,"INE, Atlas de distribución de renta de los hogares, tablas 30824, 30829, 37677 y 30832"
46250,2022,19250,37596,15201,14.2,20.2,33.5,2.9,44.4,31.2,21.5,15.5,84.5,2.5,"INE, Atlas de distribución de renta de los hogares, tablas 30824, 30829, 37677 y 30832"
46250,2023,19950,40058,16121,13.0,21.0,33.4,2.9,44.3,31.1,21.5,15.2,82.7,2.5,"INE, Atlas de distribución de renta de los hogares, tablas 30824, 30829, 37677 y 30832"
47186,2015,16450,30246,12526,17.1,16.5,32.7,2.7,45.9,29.5,24.3,14.9,95.6,2.4,"INE, Atlas de distribución de renta de los hogares, tablas 30824, 30829, 37677 y 30832"
47186,2016,16450,30946,12894,18.1,15.4,32.4,2.8,46.3,29.8,24.9,14.9,95.9,2.4,"INE, Atlas de distribución de renta de los hogares, tablas 30824, 30829, 37677 y 30832"
47186,2017,17150,31453,13230,16.5,15.1,31.6,2.7,46.6,30.4,25.4,14.9,95.7,2.4,"INE, Atlas de distribución de renta de los hogares, tablas 30824, 30829, 37677 y 30832"
47186,2018,17850,32381,13718,15.4,14.9,31.1,2.7,46.9,30.8,25.9,14.7,95.4,2.4,"INE, Atlas de distribución de renta de los hogares, tablas 30824, 30829, 37677 y 30832"
47186,2019,17850,33166,14099,14.6,15.0,30.7,2.6,47.1,31.1,26.3,14.6,94.8,2.3,"INE, Atlas de distribución de renta de los hogares, tablas 30824, 30829, 37677 y 30832"
47186,2020,17850,33294,14247,14.8,15.3,30.9,2.6,47.3,31.7,26.6,14.5,94.4,2.3,"INE, Atlas de distribución de renta de los hogares, tablas 30824, 30829, 37677 y 30832"
47186,2021,18550,34095,14729,14.0,15.1,30.3,2.5,47.7,32.3,27.2,14.3,94.2,2.3,"INE, Atlas de distribución de renta de los hogares, tablas 30824, 30829, 37677 y 30832"
47186,2022,19250,35425,15417,12.4,16.6,30.5,2.6,47.8,32.9,27.5,14.2,93.7,2.3,"INE, Atlas de distribución de renta de los hogares, tablas 30824, 30829, 37677 y 30832"
47186,2023,20650,37466,16356,11.6,17.4,30.5,2.6,47.9,33.4,27.8,14.1,92.8,2.3,"INE, Atlas de distribución de renta de los hogares, tablas 30824, 30829, 37677 y 30832"
48013,2015,17150,29570,12321,15.5,14.8,29.8,2.7,44.9,26.2,22.0,15.3,94.0,2.4,"INE, Atlas de distribución de renta de los hogares, tablas 30824, 30829, 37677 y 30832"
48013,2016,17150,30047,12607,16.1,14.8,30.0,2.7,45.1,26.4,22.1,15.5,93.8,2.4,"INE, Atlas de distribución de renta de los hogares, tablas 30824, 30829, 37677 y 30832"
48013,2017,17850,30556,12912,14.7,15.4,30.0,2.6,45.3,27.4,22.4,15.6,93.3,2.4,"INE, Atlas de distribución de renta de los hogares, tablas 30824, 30829, 37677 y 30832"
48013,2018,17850,31204,13212,12.6,15.3,29.4,2.6,45.4,28.1,22.5,15.7,92.7,2.4,"INE, Atlas de distribución de renta de los hogares, tablas 30824, 30829, 37677 y 30832"
48013,2019,18550,32533,13759,12.3,15.7,29.4,2.6,45.5,28.1,22.8,15.6,91.9,2.4,"INE, Atlas de distribución de renta de los hogares, tablas 30824, 30829, 37677 y 30832"
48013,2020,18550,32272,13742,12.9,16.7,30.3,2.6,45.7,28.6,23.1,15.6,91.6,2.4,"INE, Atlas de distribución de renta de los hogares, tablas 30824, 30829, 37677 y 30832"
48013,2021,19250,33325,14309,12.1,16.4,29.9,2.6,46.0,29.2,23.4,15.4,91.4,2.3,"INE, Atlas de distribución de renta de los hogares, tablas 30824, 30829, 37677 y 30832"
48013,2022,20650,35118,15109,11.0,17.4,30.0,2.6,46.0,29.6,23.6,15.3,90.6,2.3,"INE, Atlas de distribución de renta de los hogares, tablas 30824, 30829, 37677 y 30832"
48013,2023,22050,38597,16510,10.2,15.1,27.6,2.4,46.2,29.8,23.9,15.1,89.8,2.3,"INE, Atlas de distribución de renta de los hogares, tablas 30824, 30829, 37677 y 30832"
48015,2015,17150,28963,12175,13.5,13.3,27.9,2.4,47.2,25.7,26.1,14.0,95.1,2.4,"INE, Atlas de distribución de renta de los hogares, tablas 30824, 30829, 37677 y 30832"
48015,2016,17150,29215,12520,14.4,12.9,28.0,2.5,47.5,26.8,26.5,14.0,94.8,2.3,"INE, Atlas de distribución de renta de los hogares, tablas 30824, 30829, 37677 y 30832"
48015,2017,17150,29654,12839,12.9,13.6,28.1,2.4,47.7,28.1,26.8,13.9,94.4,2.3,"INE, Atlas de distribución de renta de los hogares, tablas 30824, 30829, 37677 y 30832"
48015,2018,17850,30624,13246,11.6,13.2,27.6,2.4,47.9,28.4,27.1,13.9,93.9,2.3,"INE, Atlas de distribución de renta de los hogares, tablas 30824, 30829, 37677 y 30832"
48015,2019,18550,31758,13746,11.2,14.3,27.8,2.3,47.9,29.1,27.0,14.0,93.1,2.3,"INE, Atlas de distribución de renta de los hogares, tablas 30824, 30829, 37677 y 30832"
48015,2020,18550,31422,13725,11.1,15.4,28.6,2.5,48.1,29.8,27.2,13.7,92.7,2.3,"INE, Atlas de distribución de renta de los hogares, tablas 30824, 30829, 37677 y 30832"
48015,2021,19250,32342,14243,10.7,15.3,28.2,2.4,48.4,30.6,27.6,13.3,92.3,2.3,"INE, Atlas de distribución de renta de los hogares, tablas 30824, 30829, 37677 y 30832"
48015,2022,20650,33997,14993,9.5,16.7,28.5,2.4,48.4,31.3,27.7,13.1,91.4,2.3,"INE, Atlas de distribución de renta de los hogares, tablas 30824, 30829, 37677 y 30832"
48015,2023,22050,37239,16396,9.1,14.1,26.2,2.3,48.6,31.6,27.9,12.8,90.9,2.3,"INE, Atlas de distribución de renta de los hogares, tablas 30824, 30829, 37677 y 30832"
48020,2015,17850,34217,14376,24.0,16.3,35.1,3.2,45.8,29.7,23.4,14.6,92.6,2.4,"INE, Atlas de distribución de renta de los hogares, tablas 30824, 30829, 37677 y 30832"
48020,2016,18550,34999,14870,25.0,15.7,35.1,3.2,46.0,30.1,23.5,14.7,92.5,2.4,"INE, Atlas de distribución de renta de los hogares, tablas 30824, 30829, 37677 y 30832"
48020,2017,18550,35329,15137,23.4,16.6,35.1,3.2,46.2,31.1,23.7,14.6,92.1,2.3,"INE, Atlas de distribución de renta de los hogares, tablas 30824, 30829, 37677 y 30832"
48020,2018,19250,36562,15660,21.9,16.5,34.8,3.1,46.3,31.6,23.8,14.4,91.5,2.3,"INE, Atlas de distribución de renta de los hogares, tablas 30824, 30829, 37677 y 30832"
48020,2019,19950,37746,16119,21.4,17.3,34.9,3.2,46.3,31.7,23.8,14.3,90.3,2.3,"INE, Atlas de distribución de renta de los hogares, tablas 30824, 30829, 37677 y 30832"
48020,2020,19950,37156,16026,21.5,18.5,35.6,3.2,46.6,32.2,24.1,14.1,90.1,2.3,"INE, Atlas de distribución de renta de los hogares, tablas 30824, 30829, 37677 y 30832"
48020,2021,20650,38355,16725,20.7,17.8,35.0,3.1,46.8,32.9,24.5,13.9,90.0,2.3,"INE, Atlas de distribución de renta de los hogares, tablas 30824, 30829, 37677 y 30832"
48020,2022,22050,40886,17870,19.6,18.5,35.1,3.1,46.8,33.2,24.7,13.7,89.5,2.3,"INE, Atlas de distribución de renta de los hogares, tablas 30824, 30829, 37677 y 30832"
48020,2023,24150,44813,19478,19.0,15.8,32.6,2.9,46.9,33.6,25.0,13.5,88.8,2.3,"INE, Atlas de distribución de renta de los hogares, tablas 30824, 30829, 37677 y 30832"
48027,2015,19950,37780,14650,25.5,10.5,29.6,2.4,42.3,24.5,17.9,18.4,93.0,2.6,"INE, Atlas de distribución de renta de los hogares, tablas 30824, 30829, 37677 y 30832"
48027,2016,20650,38548,15145,27.7,9.9,29.6,2.5,42.6,25.2,18.1,18.4,93.0,2.6,"INE, Atlas de distribución de renta de los hogares, tablas 30824, 30829, 37677 y 30832"
48027,2017,21350,39481,15487,26.1,10.4,29.3,2.5,42.8,25.5,18.4,18.3,92.5,2.5,"INE, Atlas de distribución de renta de los hogares, tablas 30824, 30829, 37677 y 30832"
48027,2018,22050,40767,16030,23.7,10.3,29.0,2.5,42.9,25.8,18.6,18.1,92.3,2.5,"INE, Atlas de distribución de renta de los hogares, tablas 30824, 30829, 37677 y 30832"
48027,2019,22750,42243,16700,21.9,10.6,28.4,2.4,43.1,26.5,18.6,17.9,91.7,2.5,"INE, Atlas de distribución de renta de los hogares, tablas 30824, 30829, 37677 y 30832"
48027,2020,22750,42436,16862,23.1,11.5,29.6,2.6,43.4,26.6,18.9,17.6,91.7,2.5,"INE, Atlas de distribución de renta de los hogares, tablas 30824, 30829, 37677 y 30832"
48027,2021,23450,42455,17063,22.5,10.8,29.0,2.5,43.9,27.2,19.5,17.1,91.8,2.5,"INE, Atlas de distribución de renta de los hogares, tablas 30824, 30829, 37677 y 30832"
48027,2022,24850,45065,18209,21.2,11.5,29.1,2.4,44.1,27.7,20.0,16.8,91.4,2.5,"INE, Atlas de distribución de renta de los hogares, tablas 30824, 30829, 37677 y 30832"
48027,2023,26950,49291,20090,19.3,10.4,27.4,2.3,44.3,29.1,20.6,16.4,90.6,2.4,"INE, Atlas de distribución de renta de los hogares, tablas 30824, 30829, 37677 y 30832"
48036,2015,19250,35137,14062,22.6,9.4,27.9,2.3,44.2,23.0,19.7,15.6,97.0,2.5,"INE, Atlas de distribución de renta de los hogares, tablas 30824, 30829, 37677 y 30832"
48036,2016,19950,35904,14532,23.8,9.2,27.8,2.4,44.5,23.2,20.1,15.6,96.7,2.5,"INE, Atlas de distribución de renta de los hogares, tablas 30824, 30829, 37677 y 30832"
48036,2017,20650,36546,14954,21.9,9.2,27.5,2.3,44.8,23.9,20.8,15.5,96.7,2.5,"INE, Atlas de distribución de renta de los hogares, tablas 30824, 30829, 37677 y 30832"
48036,2018,20650,37417,15279,19.7,8.7,26.7,2.2,45.2,24.4,21.4,15.4,96.2,2.5,"INE, Atlas de distribución de renta de los hogares, tablas 30824, 30829, 37677 y 30832"
48036,2019,21350,38924,15899,19.5,8.6,26.5,2.3,45.5,24.5,22.1,15.2,95.7,2.5,"INE, Atlas de distribución de renta de los hogares, tablas 30824, 30829, 37677 y 30832"
48036,2020,22050,38825,16032,20.3,9.3,27.4,2.3,45.8,25.2,22.6,15.0,95.6,2.4,"INE, Atlas de distribución de renta de los hogares, tablas 30824, 30829, 37677 y 30832"
48036,2021,22750,39749,16619,19.1,9.2,27.1,2.3,46.1,25.9,23.5,14.9,95.7,2.4,"INE, Atlas de distribución de renta de los hogares, tablas 30824, 30829, 37677 y 30832"
48036,2022,23450,41951,17698,18.1,9.6,27.1,2.3,46.3,26.7,24.1,14.8,95.2,2.4,"INE, Atlas de distribución de renta de los hogares, tablas 30824, 30829, 37677 y 30832"
48036,2023,25550,45218,19185,17.1,8.5,25.5,2.1,47.1,27.6,26.0,14.0,94.9,2.3,"INE, Atlas de distribución de renta de los hogares, tablas 30824, 30829, 37677 y 30832"
48044,2015,22750,48830,18212,39.1,10.9,35.2,3.0,44.9,22.7,22.6,15.5,94.5,2.7,"INE, Atlas de distribución de renta de los hogares, tablas 30824, 30829, 37677 y 30832"
48044,2016,23450,49016,18599,40.0,11.1,35.3,3.1,45.2,23.3,23.3,15.6,94.4,2.6,"INE, Atlas de distribución de renta de los hogares, tablas 30824, 30829, 37677 y 30832"
48044,2017,24150,52589,20147,37.8,11.6,35.8,3.0,45.5,24.1,24.0,15.4,94.0,2.6,"INE, Atlas de distribución de renta de los hogares, tablas 30824, 30829, 37677 y 30832"
48044,2018,24150,51575,19810,35.6,11.3,35.2,2.9,45.9,24.6,24.7,15.3,93.6,2.6,"INE, Atlas de distribución de renta de los hogares, tablas 30824, 30829, 37677 y 30832"
48044,2019,25550,52537,20335,35.1,11.4,35.0,2.8,46.2,25.0,25.4,15.2,93.3,2.6,"INE, Atlas de distribución de renta de los hogares, tablas 30824, 30829, 37677 y 30832"
48044,2020,24850,51647,20293,34.9,12.5,35.6,3.0,46.5,25.8,26.1,15.1,93.4,2.6,"INE, Atlas de distribución de renta de los hogares, tablas 30824, 30829, 37677 y 30832"
48044,2021,26250,52768,20994,33.9,11.8,35.3,2.9,46.9,26.5,26.8,14.9,93.5,2.5,"INE, Atlas de distribución de renta de los hogares, tablas 30824, 30829, 37677 y 30832"
48044,2022,27650,56823,22802,32.7,11.8,35.3,2.8,47.2,27.1,27.6,14.7,93.1,2.5,"INE, Atlas de distribución de renta de los hogares, tablas 30824, 30829, 37677 y 30832"
48044,2023,29750,61310,24626,32.0,10.2,33.6,2.7,47.4,27.7,28.2,14.5,92.6,2.5,"INE, Atlas de distribución de renta de los hogares, tablas 30824, 30829, 37677 y 30832"
48054,2015,19250,37120,14172,26.0,11.9,31.0,2.6,41.9,21.6,17.3,18.2,95.5,2.6,"INE, Atlas de distribución de renta de los hogares, tablas 30824, 30829, 37677 y 30832"
48054,2016,19950,37518,14575,27.0,11.7,31.1,2.6,42.2,22.4,17.9,18.1,95.4,2.6,"INE, Atlas de distribución de renta de los hogares, tablas 30824, 30829, 37677 y 30832"
48054,2017,20650,38381,15005,25.0,12.2,30.9,2.7,42.5,23.2,18.5,18.0,95.2,2.6,"INE, Atlas de distribución de renta de los hogares, tablas 30824, 30829, 37677 y 30832"
48054,2018,20650,39984,15638,22.7,11.7,30.4,2.5,42.7,23.6,19.0,18.0,95.1,2.6,"INE, Atlas de distribución de renta de los hogares, tablas 30824, 30829, 37677 y 30832"
48054,2019,22050,40697,16045,22.3,11.9,30.5,2.5,43.0,23.9,19.6,17.7,94.7,2.5,"INE, Atlas de distribución de renta de los hogares, tablas 30824, 30829, 37677 y 30832"
48054,2020,22050,41012,16240,23.1,12.5,31.1,2.6,43.3,24.3,20.0,17.6,94.2,2.5,"INE, Atlas de distribución de renta de los hogares, tablas 30824, 30829, 37677 y 30832"
48054,2021,22750,42617,16951,21.6,12.3,30.5,2.5,43.6,24.9,20.5,17.6,94.2,2.5,"INE, Atlas de distribución de renta de los hogares, tablas 30824, 30829, 37677 y 30832"
48054,2022,24150,44422,17731,20.3,12.5,30.2,2.5,43.9,25.4,20.9,17.3,93.7,2.5,"INE, Atlas de distribución de renta de los hogares, tablas 30824, 30829, 37677 y 30832"
48054,2023,26250,48812,19444,19.5,10.7,28.4,2.4,44.2,25.9,21.4,16.8,93.2,2.5,"INE, Atlas de distribución de renta de los hogares, tablas 30824, 30829, 37677 y 30832"
48078,2015,17150,30730,12878,17.2,12.4,29.1,2.6,47.3,25.4,26.0,13.5,96.1,2.4,"INE, Atlas de distribución de renta de los hogares, tablas 30824, 30829, 37677 y 30832"
48078,2016,17850,31154,13216,18.3,12.1,29.1,2.4,47.5,26.0,26.2,13.5,96.0,2.4,"INE, Atlas de distribución de renta de los hogares, tablas 30824, 30829, 37677 y 30832"
48078,2017,17850,31584,13480,16.5,12.6,28.9,2.5,47.9,26.5,26.6,13.4,95.7,2.4,"INE, Atlas de distribución de renta de los hogares, tablas 30824, 30829, 37677 y 30832"
48078,2018,18550,32566,13925,14.9,12.3,28.5,2.4,48.2,27.4,27.0,13.3,95.1,2.3,"INE, Atlas de distribución de renta de los hogares, tablas 30824, 30829, 37677 y 30832"
48078,2019,19250,33675,14479,14.5,13.4,28.8,2.5,48.3,28.0,27.2,13.3,94.3,2.3,"INE, Atlas de distribución de renta de los hogares, tablas 30824, 30829, 37677 y 30832"
48078,2020,19250,33214,14432,14.8,14.5,29.7,2.5,48.6,28.7,27.6,13.1,94.0,2.3,"INE, Atlas de distribución de renta de los hogares, tablas 30824, 30829, 37677 y 30832"
48078,2021,19950,34168,14990,14.0,14.4,29.4,2.6,48.8,29.3,28.1,13.1,93.7,2.3,"INE, Atlas de distribución de renta de los hogares, tablas 30824, 30829, 37677 y 30832"
48078,2022,20650,35806,15821,12.4,15.4,29.6,2.5,48.9,30.0,28.5,13.0,93.1,2.3,"INE, Atlas de distribución de renta de los hogares, tablas 30824, 30829, 37677 y 30832"
48078,2023,22750,39248,17278,11.9,13.4,27.3,2.4,49.0,30.5,28.7,12.9,92.1,2.3,"INE, Atlas de distribución de renta de los hogares, tablas 30824, 30829, 37677 y 30832"
48082,2015,16450,29619,12179,15.4,15.1,30.1,2.6,45.4,25.3,22.6,15.1,96.0,2.4,"INE, Atlas de distribución de renta de los hogares, tablas 30824, 30829, 37677 y 30832"
48082,2016,17150,30169,12551,16.1,14.1,29.7,2.7,45.7,25.8,22.8,15.2,96.1,2.4,"INE, Atlas de distribución de renta de los hogares, tablas 30824, 30829, 37677 y 30832"
48082,2017,17150,30572,12940,14.4,15.0,29.7,2.6,46.0,27.4,23.2,15.2,95.8,2.4,"INE, Atlas de distribución de renta de los hogares, tablas 30824, 30829, 37677 y 30832"
48082,2018,17850,31582,13381,13.1,14.4,29.1,2.4,46.2,28.0,23.5,15.1,95.4,2.4,"INE, Atlas de distribución de renta de los hogares, tablas 30824, 30829, 37677 y 30832"
48082,2019,18550,32519,13858,12.8,14.7,29.0,2.6,46.3,28.4,23.6,15.0,94.8,2.4,"INE, Atlas de distribución de renta de los hogares, tablas 30824, 30829, 37677 y 30832"
48082,2020,18550,32491,13913,13.1,15.5,29.7,2.6,46.5,28.5,23.9,14.9,94.2,2.3,"INE, Atlas de distribución de renta de los hogares, tablas 30824, 30829, 37677 y 30832"
48082,2021,19250,33320,14428,12.1,15.5,29.2,2.5,46.8,29.5,24.4,14.7,94.1,2.3,"INE, Atlas de distribución de renta de los hogares, tablas 30824, 30829, 37677 y 30832"
48082,2022,20650,35069,15275,11.3,16.5,29.4,2.5,46.8,29.9,24.5,14.6,93.2,2.3,"INE, Atlas de distribución de renta de los hogares, tablas 30824, 30829, 37677 y 30832"
48082,2023,22050,38832,16823,10.7,14.1,27.0,2.4,46.9,30.1,24.9,14.4,92.5,2.3,"INE, Atlas de distribución de renta de los hogares, tablas 30824, 30829, 37677 y 30832"
48084,2015,15750,26573,11246,10.5,17.9,29.4,2.6,46.2,26.6,24.4,14.4,93.9,2.4,"INE, Atlas de distribución de renta de los hogares, tablas 30824, 30829, 37677 y 30832"
48084,2016,15750,26933,11507,11.1,17.5,29.4,2.7,46.4,27.0,24.6,14.7,93.7,2.4,"INE, Atlas de distribución de renta de los hogares, tablas 30824, 30829, 37677 y 30832"
48084,2017,15750,27377,11740,9.6,18.9,29.4,2.7,46.7,27.6,25.0,14.4,93.2,2.3,"INE, Atlas de distribución de renta de los hogares, tablas 30824, 30829, 37677 y 30832"
48084,2018,16450,28158,12144,8.6,18.6,29.3,2.6,47.0,28.6,25.2,14.3,92.6,2.3,"INE, Atlas de distribución de renta de los hogares, tablas 30824, 30829, 37677 y 30832"
48084,2019,17150,29143,12536,8.3,19.6,29.8,2.6,47.0,28.6,25.1,14.2,91.3,2.3,"INE, Atlas de distribución de renta de los hogares, tablas 30824, 30829, 37677 y 30832"
48084,2020,17150,28715,12377,8.4,21.0,31.0,2.6,47.1,29.0,25.2,14.1,90.3,2.3,"INE, Atlas de distribución de renta de los hogares, tablas 30824, 30829, 37677 y 30832"
48084,2021,17150,29469,12794,7.7,21.3,31.0,2.7,47.0,29.7,24.8,14.2,89.2,2.3,"INE, Atlas de distribución de renta de los hogares, tablas 30824, 30829, 37677 y 30832"
48084,2022,18550,31003,13459,6.8,22.6,31.1,2.7,46.8,30.2,24.6,14.3,87.6,2.3,"INE, Atlas de distribución de renta de los hogares, tablas 30824, 30829, 37677 y 30832"
48084,2023,19950,34327,14731,6.0,20.3,28.1,2.5,46.7,30.3,24.5,14.2,86.0,2.3,"INE, Atlas de distribución de renta de los hogares, tablas 30824, 30829, 37677 y 30832"
49275,2015,14350,26076,11063,12.4,21.5,33.7,2.8,45.7,31.0,23.1,14.6,96.5,2.3,"INE, Atlas de distribución de renta de los hogares, tablas 30824, 30829, 37677 y 30832"
49275,2016,14350,26586,11346,13.2,20.4,33.4,2.9,46.1,31.0,23.5,14.5,96.9,2.3,"INE, Atlas de distribución de renta de los hogares, tablas 30824, 30829, 37677 y 30832"
49275,2017,15050,26954,11626,11.7,20.4,32.5,2.7,46.4,31.8,24.2,14.5,96.9,2.3,"INE, Atlas de distribución de renta de los hogares, tablas 30824, 30829, 37677 y 30832"
49275,2018,15750,27662,12077,11.1,19.9,31.8,2.8,46.8,32.7,24.8,14.4,96.8,2.3,"INE, Atlas de distribución de renta de los hogares, tablas 30824, 30829, 37677 y 30832"
49275,2019,16450,28757,12674,10.5,20.1,31.4,2.7,47.3,33.1,25.5,14.3,96.5,2.3,"INE, Atlas de distribución de renta de los hogares, tablas 30824, 30829, 37677 y 30832"
49275,2020,16450,28936,12884,11.2,20.0,31.4,2.7,47.6,33.8,26.0,14.1,96.4,2.2,"INE, Atlas de distribución de renta de los hogares, tablas 30824, 30829, 37677 y 30832"
49275,2021,17150,29763,13391,10.4,19.0,30.2,2.7,48.0,34.4,26.8,13.8,96.4,2.2,"INE, Atlas de distribución de renta de los hogares, tablas 30824, 30829, 37677 y 30832"
49275,2022,17850,30988,14117,9.2,20.5,30.4,2.6,48.2,35.3,27.3,13.7,95.7,2.2,"INE, Atlas de distribución de renta de los hogares, tablas 30824, 30829, 37677 y 30832"
49275,2023,18550,32824,15058,8.3,20.8,30.1,2.5,48.5,36.0,28.0,13.5,95.0,2.2,"INE, Atlas de distribución de renta de los hogares, tablas 30824, 30829, 37677 y 30832"
50297,2015,16450,31385,12630,16.7,16.2,32.8,2.7,43.3,28.5,20.2,16.9,90.6,2.5,"INE, Atlas de distribución de renta de los hogares, tablas 30824, 30829, 37677 y 30832"
50297,2016,16450,31789,12536,17.1,17.1,33.3,2.9,43.5,28.0,20.6,17.2,90.4,2.5,"INE, Atlas de distribución de renta de los hogares, tablas 30824, 30829, 37677 y 30832"
50297,2017,17150,32455,13211,16.1,14.9,31.5,2.7,43.7,29.0,20.9,17.2,90.2,2.4,"INE, Atlas de distribución de renta de los hogares, tablas 30824, 30829, 37677 y 30832"
50297,2018,17850,33448,13667,15.0,14.8,31.0,2.6,43.9,29.6,21.2,17.0,89.1,2.4,"INE, Atlas de distribución de renta de los hogares, tablas 30824, 30829, 37677 y 30832"
50297,2019,18550,34648,14116,14.1,15.1,30.6,2.6,44.1,29.4,21.3,16.9,88.2,2.4,"INE, Atlas de distribución de renta de los hogares, tablas 30824, 30829, 37677 y 30832"
50297,2020,18550,34753,14220,14.2,15.4,30.5,2.6,44.2,29.7,21.5,16.8,88.4,2.4,"INE, Atlas de distribución de renta de los hogares, tablas 30824, 30829, 37677 y 30832"
50297,2021,19250,35503,14678,13.6,14.5,29.7,2.5,44.5,30.2,21.9,16.6,88.4,2.4,"INE, Atlas de distribución de renta de los hogares, tablas 30824, 30829, 37677 y 30832"
50297,2022,19950,37213,15368,11.9,15.8,29.6,2.5,44.5,30.4,22.0,16.4,87.3,2.4,"INE, Atlas de distribución de renta de los hogares, tablas 30824, 30829, 37677 y 30832"
50297,2023,21350,39345,16272,10.9,16.5,29.5,2.5,44.7,30.8,22.2,16.1,86.6,2.4,"INE, Atlas de distribución de renta de los hogares, tablas 30824, 30829, 37677 y 30832"
51001,2015,12950,35577,10696,18.6,33.1,43.1,5.0,36.5,23.3,11.4,24.2,93.6,3.2,"INE, Atlas de distribución de renta de los hogares, tablas 30824, 30829, 37677 y 30832"
51001,2016,12950,35381,10696,18.7,34.0,43.6,5.0,36.6,23.2,11.5,24.4,93.4,3.2,"INE, Atlas de distribución de renta de los hogares, tablas 30824, 30829, 37677 y 30832"
51001,2017,12950,35274,10767,16.8,34.8,43.3,5.0,36.8,24.5,11.7,24.3,93.1,3.1,"INE, Atlas de distribución de renta de los hogares, tablas 30824, 30829, 37677 y 30832"
51001,2018,13650,37090,11448,16.6,34.6,42.9,4.8,37.1,24.4,12.0,24.0,93.2,3.1,"INE, Atlas de distribución de renta de los hogares, tablas 30824, 30829, 37677 y 30832"
51001,2019,14350,38628,12038,16.7,34.1,42.4,4.6,37.5,24.8,12.3,23.6,93.2,3.1,"INE, Atlas de distribución de renta de los hogares, tablas 30824, 30829, 37677 y 30832"
51001,2020,14350,39330,12358,17.7,33.3,42.3,4.4,37.8,24.9,12.6,23.2,93.6,3.1,"INE, Atlas de distribución de renta de los hogares, tablas 30824, 30829, 37677 y 30832"
51001,2021,15750,40660,13030,17.5,30.5,40.5,4.2,38.1,25.5,12.8,22.7,94.1,3.0,"INE, Atlas de distribución de renta de los hogares, tablas 30824, 30829, 37677 y 30832"
51001,2022,16450,42318,13673,16.2,32.4,40.6,4.2,38.3,25.8,13.1,22.1,94.3,3.0,"INE, Atlas de distribución de renta de los hogares, tablas 30824, 30829, 37677 y 30832"
51001,2023,17150,44907,14625,15.4,32.5,39.9,3.9,38.7,26.0,13.4,21.4,94.2,3.0,"INE, Atlas de distribución de renta de los hogares, tablas 30824, 30829, 37677 y 30832"
52001,2015,11550,35196,9961,17.6,36.8,44.8,5.6,34.8,18.6,9.9,26.9,84.5,3.2,"INE, Atlas de distribución de renta de los hogares, tablas 30824, 30829, 37677 y 30832"
52001,2016,12250,35748,10176,18.2,36.5,44.6,5.8,34.9,18.6,10.0,27.1,84.5,3.2,"INE, Atlas de distribución de renta de los hogares, tablas 30824, 30829, 37677 y 30832"
52001,2017,12250,36128,10314,16.6,37.0,44.1,5.0,35.0,19.0,10.2,27.2,84.4,3.2,"INE, Atlas de distribución de renta de los hogares, tablas 30824, 30829, 37677 y 30832"
52001,2018,12950,37829,10925,16.5,36.0,43.3,4.7,35.3,19.2,10.5,26.9,84.7,3.2,"INE, Atlas de distribución de renta de los hogares, tablas 30824, 30829, 37677 y 30832"
52001,2019,13650,39730,11463,16.1,35.6,42.5,4.6,35.6,19.2,10.8,26.6,84.7,3.2,"INE, Atlas de distribución de renta de los hogares, tablas 30824, 30829, 37677 y 30832"
52001,2020,13650,39868,11665,16.8,35.3,42.4,4.4,35.9,19.5,11.1,26.2,85.4,3.3,"INE, Atlas de distribución de renta de los hogares, tablas 30824, 30829, 37677 y 30832"
52001,2021,15050,41846,12506,16.9,31.9,40.3,4.1,36.2,20.3,11.4,25.5,86.3,3.3,"INE, Atlas de distribución de renta de los hogares, tablas 30824, 30829, 37677 y 30832"
52001,2022,15750,43422,13140,15.5,33.2,39.9,4.2,36.5,20.3,11.9,25.1,86.7,3.2,"INE, Atlas de distribución de renta de los hogares, tablas 30824, 30829, 37677 y 30832"
52001,2023,17150,45989,13995,14.5,33.3,39.6,4.1,36.9,20.7,12.4,24.5,87.2,3.2,"INE, Atlas de distribución de renta de los hogares, tablas 30824, 30829, 37677 y 30832"
