cod_ine,anio,edad_media,pct_hogares_unipersonales,pct_mayor_65,pct_menor_18,pct_poblacion_espanola,tamano_medio_hogar
01059,2015,42.9,31.2,19.5,17.3,91.5,2.3
01059,2016,43.1,31.1,19.9,17.6,91.2,2.3
01059,2017,43.3,31.3,20.2,17.6,90.7,2.3
01059,2018,43.4,31.2,20.5,17.6,90.1,2.4
01059,2019,43.6,31.3,20.8,17.5,89.5,2.4
01059,2020,43.9,31.5,21.1,17.4,89.5,2.4
01059,2021,44.2,32.1,21.6,17.2,89.3,2.3
01059,2022,44.4,32.2,21.9,17.0,88.8,2.3
01059,2023,44.6,32.4,22.3,16.8,88.4,2.3
02003,2015,40.2,25.6,15.4,19.2,95.1,2.7
02003,2016,40.6,25.7,15.6,19.1,95.3,2.7
02003,2017,40.9,25.9,16.0,19.0,95.2,2.7
02003,2018,41.2,26.4,16.4,18.9,95.0,2.6
02003,2019,41.6,26.6,16.8,18.6,94.4,2.6
02003,2020,41.9,27.1,17.0,18.4,94.5,2.6
02003,2021,42.2,27.6,17.4,18.2,94.3,2.6
02003,2022,42.5,28.1,17.8,17.9,94.0,2.6
02003,2023,42.8,28.4,18.2,17.6,93.5,2.5
02009,2015,42.0,25.8,17.4,17.5,95.8,2.6
02009,2016,42.4,25.4,17.7,17.4,96.0,2.6
02009,2017,42.8,26.2,18.0,17.2,95.7,2.6
02009,2018,43.1,26.2,18.4,17.0,95.5,2.6
02009,2019,43.4,26.6,18.8,16.8,95.1,2.6
02009,2020,43.7,27.1,19.2,16.7,95.1,2.5
02009,2021,44.1,27.3,19.6,16.4,95.1,2.5
02009,2022,44.4,27.5,20.2,16.4,94.1,2.5
02009,2023,44.7,28.0,20.9,16.2,93.3,2.5
02037,2015,40.5,26.5,16.6,19.5,92.9,2.7
02037,2016,40.8,27.0,16.8,19.2,93.5,2.7
02037,2017,41.1,28.0,16.8,18.8,92.7,2.7
02037,2018,41.4,28.5,16.9,18.4,92.0,2.6
02037,2019,41.7,28.7,17.0,18.1,91.9,2.6
02037,2020,41.8,28.3,17.0,17.8,91.0,2.6
02037,2021,42.0,28.8,17.1,17.5,90.6,2.6
02037,2022,42.2,29.1,17.4,17.4,90.0,2.6
02037,2023,42.4,29.1,17.8,17.3,88.8,2.6
02081,2015,40.4,24.6,16.8,19.4,88.7,2.8
02081,2016,40.8,23.8,17.2,19.3,89.1,2.8
02081,2017,40.9,24.4,17.1,19.5,88.9,2.8
02081,2018,41.2,24.4,17.3,19.1,89.0,2.8
02081,2019,41.5,24.5,17.4,19.0,88.9,2.8
02081,2020,41.7,25.2,17.4,18.7,88.8,2.7
02081,2021,42.1,25.3,17.6,18.4,88.5,2.7
02081,2022,42.2,25.3,17.8,18.2,87.8,2.7
02081,2023,42.6,25.7,18.3,17.7,87.3,2.7
03009,2015,43.1,29.3,19.9,17.3,95.1,2.4
03009,2016,43.3,29.0,20.1,17.3,94.8,2.4
03009,2017,43.5,29.7,20.4,17.3,94.4,2.4
03009,2018,43.8,30.2,20.6,17.1,93.7,2.4
03009,2019,43.9,30.3,20.8,17.0,92.9,2.4
03009,2020,44.2,30.7,21.1,16.7,92.6,2.4
03009,2021,44.4,31.6,21.3,16.4,92.4,2.4
03009,2022,44.4,31.9,21.4,16.1,91.2,2.4
03009,2023,44.4,31.9,21.6,16.0,89.6,2.4
03014,2015,41.9,30.1,18.0,17.9,87.4,2.5
03014,2016,42.2,29.2,18.4,17.9,87.8,2.5
03014,2017,42.4,30.2,18.6,17.9,87.2,2.5
03014,2018,42.5,30.2,18.7,17.9,86.3,2.5
03014,2019,42.7,30.2,18.9,17.8,85.3,2.5
03014,2020,42.9,30.5,19.2,17.6,85.4,2.5
03014,2021,43.2,30.9,19.5,17.3,85.0,2.5
03014,2022,43.2,30.5,19.5,17.1,82.4,2.5
03014,2023,43.2,30.4,19.6,16.9,80.8,2.5
03031,2015,42.7,39.3,18.5,15.5,73.3,2.3
03031,2016,43.0,37.0,18.9,15.7,73.6,2.3
03031,2017,43.3,39.3,19.3,15.5,72.9,2.3
03031,2018,43.6,39.1,19.8,15.3,71.5,2.3
03031,2019,43.9,39.0,20.2,15.1,70.0,2.3
03031,2020,44.5,39.5,21.1,14.8,70.8,2.3
03031,2021,44.9,39.5,22.0,14.7,70.4,2.2
03031,2022,44.9,38.9,22.3,14.7,69.8,2.3
03031,2023,44.9,38.3,22.4,14.7,67.9,2.3
03047,2015,43.3,33.1,20.8,16.3,58.4,2.4
03047,2016,43.0,24.8,20.5,17.0,56.0,2.5
03047,2017,43.2,31.7,20.8,17.0,54.7,2.5
03047,2018,44.4,31.4,23.0,16.0,52.8,2.4
03047,2019,44.4,31.5,22.8,15.9,51.7,2.5
03047,2020,44.8,30.9,23.1,15.5,51.6,2.4
03047,2021,45.2,31.0,23.7,15.3,50.8,2.4
03047,2022,44.8,30.7,23.2,15.9,48.0,2.4
03047,2023,44.6,30.8,22.5,16.1,47.1,2.5
03050,2015,42.4,33.3,18.8,18.1,83.6,2.4
03050,2016,42.6,31.1,19.1,18.0,83.8,2.4
03050,2017,42.9,32.6,19.4,17.8,83.5,2.4
03050,2018,43.3,32.7,19.9,17.5,82.6,2.4
03050,2019,43.5,33.3,19.8,17.2,81.3,2.4
03050,2020,44.0,33.7,20.3,16.8,81.7,2.4
03050,2021,44.3,33.7,20.8,16.4,81.4,2.4
03050,2022,44.6,33.8,21.1,16.3,79.8,2.4
03050,2023,44.7,33.7,21.3,16.2,78.8,2.4
03059,2015,39.8,23.5,15.8,20.5,88.9,2.7
03059,2016,40.0,23.3,16.1,20.5,89.0,2.7
03059,2017,40.3,23.3,16.4,20.3,88.3,2.7
03059,2018,40.6,23.4,16.6,20.2,88.0,2.7
03059,2019,40.8,23.1,16.7,20.1,86.9,2.8
03059,2020,41.1,23.1,16.9,20.0,86.9,2.7
03059,2021,41.3,23.8,17.1,19.7,86.7,2.7
03059,2022,41.4,23.8,17.4,19.7,86.8,2.7
03059,2023,41.7,24.1,17.8,19.6,86.7,2.7
03063,2015,42.0,30.4,17.4,17.8,78.5,2.5
03063,2016,42.3,30.1,17.8,17.5,78.9,2.5
03063,2017,42.6,30.9,18.1,17.3,79.1,2.5
03063,2018,42.8,31.2,18.4,17.2,78.3,2.5
03063,2019,43.1,31.0,18.7,16.8,77.3,2.5
03063,2020,43.5,31.3,19.0,16.5,77.5,2.5
03063,2021,44.1,31.8,20.0,15.9,76.3,2.5
03063,2022,44.3,31.7,20.5,15.7,73.4,2.5
03063,2023,44.4,31.5,20.6,15.4,71.7,2.5
03065,2015,40.3,23.6,15.6,19.2,90.5,2.7
03065,2016,40.7,23.2,16.0,19.3,90.6,2.7
03065,2017,40.9,23.9,16.4,19.2,90.1,2.7
03065,2018,41.2,24.3,16.7,19.1,89.5,2.7
03065,2019,41.5,24.4,16.9,18.8,88.8,2.7
03065,2020,41.8,24.9,17.4,18.6,89.1,2.7
03065,2021,42.1,25.4,17.8,18.4,88.7,2.7
03065,2022,42.3,25.7,18.1,18.3,87.8,2.7
03065,2023,42.4,25.8,18.5,18.0,86.8,2.7
03066,2015,42.9,26.3,19.4,16.8,95.7,2.5
03066,2016,43.1,26.1,19.8,16.9,95.8,2.5
03066,2017,43.4,26.7,20.2,16.9,95.6,2.5
03066,2018,43.6,27.1,20.6,16.8,94.9,2.5
03066,2019,43.9,27.4,20.9,16.7,94.2,2.5
03066,2020,44.1,27.6,21.4,16.6,94.1,2.5
03066,2021,44.4,27.7,21.9,16.5,94.0,2.5
03066,2022,44.4,27.7,21.9,16.6,92.6,2.5
03066,2023,44.4,28.1,22.1,16.8,91.1,2.5
03082,2015,44.6,31.5,23.6,16.4,57.1,2.4
03082,2016,43.9,28.7,22.3,17.1,58.1,2.5
03082,2017,44.3,31.4,22.9,16.7,58.1,2.5
03082,2018,44.6,31.0,23.2,16.6,57.2,2.5
03082,2019,44.5,30.2,22.6,16.6,56.3,2.5
03082,2020,44.6,30.5,22.4,16.3,57.0,2.5
03082,2021,45.2,31.0,23.2,15.8,56.0,2.4
03082,2022,45.3,30.7,23.7,16.1,53.4,2.5
03082,2023,45.0,30.6,23.2,16.3,53.2,2.5
03093,2015,40.9,24.0,16.9,18.7,92.4,2.7
03093,2016,41.4,23.8,17.2,18.3,92.9,2.7
03093,2017,41.7,24.7,17.5,18.0,93.0,2.6
03093,2018,42.1,25.2,17.6,17.7,92.6,2.6
03093,2019,42.5,25.9,18.0,17.5,92.1,2.6
03093,2020,42.8,26.5,18.3,17.2,92.2,2.6
03093,2021,43.1,26.7,18.5,16.9,92.2,2.6
03093,2022,43.3,27.4,18.8,16.8,91.5,2.6
03093,2023,43.4,27.3,19.1,16.5,90.6,2.5
03099,2015,43.5,29.1,22.2,17.3,65.2,2.5
03099,2016,43.5,26.7,22.0,17.5,68.9,2.5
03099,2017,43.6,29.2,22.1,17.4,68.3,2.5
03099,2018,44.2,29.1,22.8,17.1,67.8,2.5
03099,2019,44.3,28.9,22.7,16.9,67.0,2.5
03099,2020,44.7,29.3,23.0,16.6,66.6,2.5
03099,2021,44.9,30.9,23.1,16.5,65.5,2.4
03099,2022,44.8,30.6,23.0,16.7,64.2,2.4
03099,2023,44.7,29.2,22.8,16.7,63.9,2.5
03104,2015,40.1,21.3,14.3,19.8,97.6,2.7
03104,2016,40.5,21.4,14.8,19.9,97.6,2.7
03104,2017,40.8,21.9,15.1,19.6,97.4,2.6
03104,2018,41.3,22.4,15.6,19.2,97.4,2.6
03104,2019,41.7,22.6,16.1,18.9,97.0,2.6
03104,2020,42.1,23.0,16.6,18.4,97.2,2.6
03104,2021,42.6,23.6,17.2,17.9,97.2,2.6
03104,2022,43.0,24.4,17.9,17.5,96.7,2.5
03104,2023,43.4,25.0,18.7,17.1,96.1,2.5
03121,2015,41.2,34.3,17.3,18.2,83.8,2.4
03121,2016,41.1,32.6,16.7,18.7,85.1,2.4
03121,2017,41.3,34.1,16.9,18.6,83.9,2.4
03121,2018,41.9,34.3,17.5,18.1,82.9,2.4
03121,2019,42.2,34.6,17.7,18.1,81.6,2.4
03121,2020,42.6,34.4,18.0,17.6,81.5,2.4
03121,2021,43.4,34.5,19.0,16.7,78.8,2.3
03121,2022,43.6,34.2,19.2,16.6,77.1,2.4
03121,2023,43.7,34.4,19.3,16.5,77.0,2.3
03122,2015,38.7,21.9,13.3,20.8,94.3,2.7
03122,2016,39.0,22.0,13.6,20.8,94.4,2.7
03122,2017,39.3,22.0,14.0,20.6,93.9,2.7
03122,2018,39.7,22.0,14.3,20.2,93.6,2.8
03122,2019,40.1,22.1,14.7,19.9,93.0,2.8
03122,2020,40.5,22.7,15.1,19.4,93.1,2.7
03122,2021,40.9,22.8,15.4,19.1,93.1,2.7
03122,2022,41.2,23.1,15.9,18.5,92.5,2.7
03122,2023,41.6,23.5,16.4,18.0,92.1,2.7
03133,2015,43.3,36.1,21.4,16.3,60.0,2.3
03133,2016,43.5,34.2,21.8,16.8,60.8,2.4
03133,2017,43.8,35.7,22.1,16.8,61.2,2.3
03133,2018,44.1,35.7,22.5,16.5,60.2,2.3
03133,2019,44.2,35.5,22.6,16.6,58.6,2.3
03133,2020,44.6,36.2,22.9,16.3,59.5,2.3
03133,2021,44.9,36.8,23.0,16.0,59.4,2.3
03133,2022,44.5,36.0,22.6,16.6,55.4,2.3
03133,2023,44.1,34.9,21.9,16.8,52.5,2.4
03139,2015,41.2,33.3,16.3,17.8,81.1,2.4
03139,2016,41.4,31.6,16.5,17.9,81.9,2.4
03139,2017,41.7,32.9,16.9,17.7,81.3,2.4
03139,2018,41.9,32.9,17.0,17.5,80.3,2.4
03139,2019,42.3,32.5,17.5,17.3,79.4,2.4
03139,2020,42.7,32.6,18.1,17.0,80.5,2.4
03139,2021,43.1,33.1,18.4,16.9,80.6,2.4
03139,2022,43.1,32.7,18.6,16.9,78.0,2.4
03139,2023,43.3,33.3,18.8,16.5,76.4,2.4
03140,2015,41.0,24.5,16.8,18.9,94.0,2.6
03140,2016,41.3,24.7,17.1,18.9,94.2,2.6
03140,2017,41.6,24.9,17.5,18.8,94.0,2.6
03140,2018,42.0,25.2,17.9,18.6,93.3,2.6
03140,2019,42.2,25.4,18.2,18.4,92.7,2.6
03140,2020,42.6,26.2,18.6,18.3,92.6,2.6
03140,2021,42.8,26.3,18.9,18.0,92.5,2.6
03140,2022,43.0,26.5,19.3,17.8,92.0,2.5
03140,2023,43.3,27.0,19.9,17.7,91.1,2.5
04013,2015,39.8,27.5,15.3,19.9,90.4,2.7
04013,2016,40.1,27.2,15.6,19.9,90.5,2.7
04013,2017,40.3,27.6,15.9,19.8,90.0,2.7
04013,2018,40.6,27.9,16.2,19.7,89.3,2.7
04013,2019,40.8,27.9,16.4,19.5,88.4,2.7
04013,2020,41.1,28.1,16.8,19.3,88.6,2.7
04013,2021,41.4,28.7,17.1,19.3,89.0,2.6
04013,2022,41.5,29.1,17.5,19.1,89.0,2.6
04013,2023,41.9,29.1,18.0,18.7,88.9,2.6
04066,2015,35.8,30.3,10.0,22.1,59.6,2.8
04066,2016,35.8,28.6,9.9,22.9,58.6,2.8
04066,2017,35.7,30.9,9.8,22.9,56.2,2.8
04066,2018,35.8,30.6,10.0,22.9,54.9,2.8
04066,2019,36.0,30.5,10.1,22.6,53.1,2.8
04066,2020,36.4,30.5,10.4,22.6,53.5,2.8
04066,2021,36.5,31.6,10.6,22.9,52.8,2.8
04066,2022,36.4,31.1,10.6,23.0,54.7,2.9
04066,2023,36.7,31.1,10.9,23.0,54.7,2.9
04079,2015,35.6,27.7,8.4,22.3,72.9,2.7
04079,2016,35.8,26.0,8.5,22.5,73.3,2.8
04079,2017,36.1,27.4,8.8,22.3,73.2,2.8
04079,2018,36.4,27.5,9.2,22.2,72.7,2.8
04079,2019,36.8,27.3,9.6,22.0,72.4,2.7
04079,2020,37.3,27.8,10.0,21.8,73.1,2.7
04079,2021,37.5,27.6,10.2,21.4,71.3,2.7
04079,2022,37.8,27.5,10.6,21.1,70.8,2.7
04079,2023,38.2,27.2,11.1,20.8,70.6,2.7
04902,2015,35.6,23.4,8.9,22.3,66.1,3.0
04902,2016,35.8,23.6,9.0,22.5,67.0,3.0
04902,2017,36.1,24.6,9.4,22.8,69.1,2.9
04902,2018,36.3,25.0,9.7,23.0,69.4,2.9
04902,2019,36.6,25.1,10.1,23.2,69.5,2.9
04902,2020,36.9,25.1,10.3,23.1,69.4,2.9
04902,2021,37.1,24.8,10.3,22.6,68.1,2.9
04902,2022,37.1,25.2,10.3,22.5,68.7,2.8
04902,2023,37.5,25.3,10.8,22.5,69.1,2.8
05019,2015,42.0,35.2,18.0,18.1,91.7,2.3
05019,2016,42.4,32.9,18.5,18.0,91.9,2.4
05019,2017,42.5,35.4,18.9,18.3,93.3,2.3
05019,2018,42.9,34.4,19.3,18.1,93.0,2.3
05019,2019,43.2,35.2,19.7,18.0,92.1,2.3
05019,2020,43.5,34.3,20.1,18.1,92.5,2.3
05019,2021,43.9,35.5,20.8,17.9,92.6,2.3
05019,2022,44.0,34.7,21.2,17.7,90.8,2.3
05019,2023,44.2,35.8,21.7,17.4,89.9,2.3
06011,2015,39.2,25.1,15.1,20.1,89.1,2.7
06011,2016,39.6,24.9,15.6,20.3,91.3,2.6
06011,2017,39.8,25.7,15.8,20.3,91.3,2.6
06011,2018,40.2,26.2,16.1,20.3,91.3,2.6
06011,2019,40.4,26.5,16.2,20.2,90.6,2.6
06011,2020,40.7,27.0,16.5,20.0,90.7,2.6
06011,2021,41.1,27.7,16.8,19.6,90.9,2.5
06011,2022,41.4,27.9,17.1,19.6,90.8,2.5
06011,2023,41.5,28.0,17.4,19.4,90.1,2.5
06015,2015,40.1,25.0,15.4,19.5,96.7,2.7
06015,2016,40.3,24.6,15.7,19.6,96.7,2.7
06015,2017,40.7,25.3,16.0,19.4,96.7,2.6
06015,2018,41.0,25.7,16.5,19.3,96.6,2.6
06015,2019,41.4,26.2,16.9,19.1,96.4,2.6
06015,2020,41.8,26.4,17.3,18.8,96.4,2.6
06015,2021,42.1,27.2,17.8,18.6,96.5,2.6
06015,2022,42.5,27.9,18.2,18.2,96.1,2.5
06015,2023,42.8,28.5,18.8,17.9,95.8,2.5
06044,2015,39.7,26.4,14.8,19.7,96.9,2.6
06044,2016,40.0,26.4,15.0,19.7,97.2,2.6
06044,2017,40.3,26.4,15.4,19.5,97.0,2.6
06044,2018,40.6,27.2,15.8,19.5,96.9,2.6
06044,2019,40.8,27.6,16.0,19.4,96.6,2.5
06044,2020,41.1,27.8,16.3,19.3,96.4,2.5
06044,2021,41.5,27.6,16.8,19.0,96.2,2.5
06044,2022,41.8,28.6,17.0,18.9,95.7,2.5
06044,2023,42.1,29.2,17.7,18.7,95.4,2.5
06083,2015,39.7,25.8,14.6,20.1,97.4,2.6
06083,2016,40.1,26.0,14.9,20.0,97.5,2.6
06083,2017,40.4,26.6,15.3,20.0,97.3,2.6
06083,2018,40.7,26.8,15.6,19.8,97.1,2.6
06083,2019,41.1,27.2,16.0,19.5,96.7,2.6
06083,2020,41.4,27.4,16.3,19.3,96.7,2.6
06083,2021,41.7,27.6,16.7,19.0,96.7,2.5
06083,2022,42.0,27.7,17.1,18.6,96.1,2.5
06083,2023,42.3,28.4,17.7,18.3,95.5,2.5
06153,2015,41.1,24.0,17.2,18.5,95.9,2.6
06153,2016,41.4,23.5,17.5,18.5,95.9,2.6
06153,2017,41.7,24.3,17.9,18.5,96.0,2.6
06153,2018,42.0,24.8,18.2,18.3,95.8,2.6
06153,2019,42.3,25.2,18.5,18.1,95.3,2.6
06153,2020,42.6,25.9,18.8,18.1,95.0,2.6
06153,2021,42.8,26.1,19.0,18.0,94.9,2.6
06153,2022,43.1,26.8,19.5,17.7,95.2,2.5
06153,2023,43.5,27.6,20.1,17.5,95.0,2.5
07011,2015,40.0,29.9,13.1,18.1,68.5,2.5
07011,2016,40.1,26.7,13.3,18.1,69.8,2.6
07011,2017,40.4,30.3,13.8,17.8,69.4,2.5
07011,2018,40.5,30.2,14.1,17.7,68.8,2.6
07011,2019,40.9,29.9,14.6,17.1,68.0,2.6
07011,2020,41.3,30.2,15.2,17.0,68.2,2.5
07011,2021,41.6,30.4,15.9,16.9,67.7,2.5
07011,2022,42.0,30.4,16.4,16.6,66.4,2.5
07011,2023,42.4,30.6,16.9,16.2,66.3,2.5
07015,2015,40.4,28.6,15.2,18.8,91.1,2.6
07015,2016,40.7,27.0,15.5,18.7,91.0,2.6
07015,2017,40.9,28.3,15.8,18.3,90.5,2.6
07015,2018,41.1,28.3,16.1,17.8,90.1,2.6
07015,2019,41.3,28.5,16.1,17.4,89.2,2.6
07015,2020,41.8,29.0,16.5,17.1,89.4,2.6
07015,2021,42.1,29.1,16.8,16.9,89.5,2.6
07015,2022,42.2,29.4,16.8,16.4,88.4,2.6
07015,2023,42.6,30.2,17.2,15.7,88.2,2.6
07026,2015,38.8,26.4,11.5,16.5,75.7,2.8
07026,2016,38.9,25.3,11.6,16.9,76.0,2.8
07026,2017,39.3,26.3,12.1,16.9,75.3,2.8
07026,2018,39.6,26.7,12.5,16.6,74.9,2.8
07026,2019,39.8,26.3,12.6,16.3,73.6,2.8
07026,2020,40.1,26.5,12.9,16.2,73.7,2.8
07026,2021,40.5,26.7,13.2,16.0,73.6,2.8
07026,2022,40.6,26.6,13.4,15.7,73.5,2.8
07026,2023,40.7,26.7,13.4,15.5,72.9,2.8
07027,2015,38.4,23.4,14.3,21.6,85.2,2.8
07027,2016,38.6,23.1,14.3,21.5,85.5,2.8
07027,2017,38.7,23.4,14.2,21.3,84.9,2.8
07027,2018,38.9,22.6,14.2,21.0,83.6,2.9
07027,2019,39.1,23.2,14.3,21.0,82.7,2.9
07027,2020,39.4,23.3,14.6,20.7,82.5,2.8
07027,2021,39.7,23.5,14.9,20.5,82.4,2.8
07027,2022,39.9,23.7,15.1,20.4,82.2,2.8
07027,2023,40.0,23.8,15.2,19.7,80.9,2.8
07031,2015,39.9,25.9,14.1,19.4,84.8,2.6
07031,2016,40.1,23.5,14.4,19.5,84.7,2.6
07031,2017,40.2,25.1,14.6,19.4,84.0,2.7
07031,2018,40.5,25.3,14.8,19.1,83.2,2.7
07031,2019,40.8,25.3,15.1,18.6,82.1,2.7
07031,2020,41.2,25.4,15.5,18.4,82.3,2.7
07031,2021,41.5,25.1,15.8,18.2,82.2,2.7
07031,2022,41.8,25.3,16.3,18.0,81.7,2.7
07031,2023,42.1,25.1,16.6,17.5,81.2,2.7
07032,2015,40.8,28.0,16.1,18.8,88.6,2.6
07032,2016,40.9,27.3,16.3,18.9,89.1,2.6
07032,2017,41.2,27.9,16.5,18.5,88.8,2.6
07032,2018,41.4,27.9,16.6,18.1,88.0,2.6
07032,2019,41.6,27.7,16.8,17.9,87.1,2.7
07032,2020,42.1,28.1,17.4,17.5,87.2,2.6
07032,2021,42.4,28.0,17.7,17.2,87.4,2.6
07032,2022,42.7,28.6,18.0,16.5,86.2,2.6
07032,2023,42.8,28.9,18.3,16.1,85.3,2.6
07033,2015,40.0,28.3,16.2,19.9,83.0,2.7
07033,2016,39.9,27.0,15.7,20.1,82.6,2.8
07033,2017,39.8,27.3,15.5,20.2,81.2,2.8
07033,2018,39.9,27.7,15.3,20.0,79.9,2.8
07033,2019,39.9,27.7,15.1,20.1,79.3,2.8
07033,2020,40.1,27.8,15.3,20.0,79.1,2.8
07033,2021,40.2,28.4,15.4,20.0,78.7,2.8
07033,2022,40.3,28.2,15.5,19.9,78.0,2.8
07033,2023,40.5,28.0,15.7,19.4,78.2,2.8
07036,2015,38.9,15.6,12.8,21.4,95.4,3.0
07036,2016,39.1,15.1,13.2,21.5,95.4,3.0
07036,2017,39.5,15.3,13.7,21.3,95.2,3.0
07036,2018,39.8,15.5,14.1,20.9,94.8,3.0
07036,2019,40.1,15.8,14.6,20.5,94.4,3.0
07036,2020,40.5,15.9,15.1,20.1,94.1,3.0
07036,2021,40.8,16.2,15.5,19.8,93.8,3.0
07036,2022,41.1,16.1,15.9,19.5,93.6,3.0
07036,2023,41.4,16.1,16.3,19.1,93.0,3.0
07040,2015,40.5,26.1,15.4,17.7,84.9,2.7
07040,2016,40.6,24.4,15.7,17.7,85.2,2.8
07040,2017,40.8,26.1,15.9,17.6,84.9,2.8
07040,2018,40.9,26.1,16.0,17.5,84.2,2.8
07040,2019,41.1,26.1,16.1,17.1,83.1,2.8
07040,2020,41.5,26.4,16.5,16.9,83.2,2.8
07040,2021,41.8,27.0,16.9,16.8,83.4,2.7
07040,2022,42.0,26.4,17.1,16.2,81.8,2.8
07040,2023,42.2,26.4,17.3,15.8,80.6,2.8
07054,2015,39.9,33.1,12.8,16.7,75.1,2.6
07054,2016,39.4,28.3,12.2,17.7,75.2,2.7
07054,2017,39.6,31.5,12.4,17.4,76.0,2.7
07054,2018,40.0,31.4,12.7,17.3,73.2,2.7
07054,2019,40.2,30.4,12.9,16.9,72.0,2.7
07054,2020,40.5,30.0,13.1,16.6,71.1,2.7
07054,2021,40.9,30.1,13.6,16.5,70.8,2.7
07054,2022,41.2,29.8,13.9,16.1,69.9,2.7
07054,2023,41.3,29.7,14.0,16.0,69.9,2.7
08015,2015,41.6,23.4,17.9,18.7,87.9,2.6
08015,2016,41.8,23.3,18.3,18.8,87.9,2.6
08015,2017,41.9,23.7,18.5,18.8,87.3,2.6
08015,2018,42.0,22.8,18.8,18.6,86.2,2.7
08015,2019,42.2,22.8,18.9,18.5,84.9,2.7
08015,2020,42.4,23.2,19.2,18.3,84.6,2.7
08015,2021,42.6,23.9,19.4,18.2,84.2,2.7
08015,2022,42.8,24.9,19.6,18.0,83.9,2.6
08015,2023,43.0,24.1,19.9,17.8,83.1,2.6
08019,2015,44.0,31.3,21.6,15.0,83.5,2.4
08019,2016,44.1,31.6,21.7,15.2,82.4,2.4
08019,2017,44.1,32.9,21.6,15.1,81.9,2.4
08019,2018,44.1,32.6,21.5,15.0,80.4,2.4
08019,2019,44.1,32.2,21.5,14.9,78.4,2.4
08019,2020,44.3,32.6,21.5,14.6,78.7,2.4
08019,2021,44.4,33.1,21.7,14.5,78.0,2.4
08019,2022,44.3,33.2,21.5,14.4,78.5,2.4
08019,2023,44.3,32.5,21.5,14.1,77.6,2.4
08056,2015,39.3,23.2,13.6,20.2,81.4,2.7
08056,2016,39.6,22.5,13.8,20.2,81.0,2.7
08056,2017,40.0,23.0,14.2,20.0,80.2,2.7
08056,2018,40.2,22.7,14.4,19.8,79.3,2.7
08056,2019,40.5,22.7,14.7,19.6,78.7,2.8
08056,2020,40.9,23.2,15.1,19.2,78.7,2.7
08056,2021,41.3,23.3,15.4,18.7,78.5,2.7
08056,2022,41.5,23.5,15.6,18.4,77.4,2.7
08056,2023,41.8,23.2,15.9,17.9,76.6,2.7
08073,2015,42.3,23.1,19.9,18.1,86.8,2.6
08073,2016,42.4,23.1,19.9,18.1,86.6,2.6
08073,2017,42.6,23.4,20.0,18.0,86.1,2.6
08073,2018,42.7,23.4,19.8,17.8,85.1,2.6
08073,2019,42.8,24.0,19.8,17.6,84.0,2.6
08073,2020,43.1,24.9,19.9,17.3,84.3,2.6
08073,2021,43.3,26.3,20.0,17.1,84.5,2.6
08073,2022,43.4,26.3,19.9,16.9,83.6,2.6
08073,2023,43.5,26.7,20.0,16.6,82.5,2.6
08077,2015,43.7,22.0,21.7,16.7,89.8,2.6
08077,2016,43.9,22.0,22.2,16.9,89.7,2.6
08077,2017,44.0,21.9,22.4,16.9,89.0,2.6
08077,2018,44.1,22.0,22.7,16.8,88.2,2.7
08077,2019,44.3,22.0,23.0,16.8,87.4,2.7
08077,2020,44.6,22.7,23.2,16.7,87.3,2.7
08077,2021,44.9,23.3,23.9,16.5,87.2,2.6
08077,2022,44.8,23.6,23.7,16.6,86.1,2.6
08077,2023,44.9,23.3,23.9,16.6,85.1,2.7
08089,2015,40.9,21.8,16.6,19.7,90.7,2.7
08089,2016,41.0,21.5,16.7,19.9,90.4,2.7
08089,2017,41.3,21.9,17.0,19.8,90.0,2.7
08089,2018,41.5,22.1,17.3,19.6,89.5,2.7
08089,2019,41.8,22.5,17.6,19.2,88.9,2.7
08089,2020,42.2,23.0,17.9,18.8,88.7,2.7
08089,2021,42.5,23.2,18.2,18.7,88.7,2.7
08089,2022,42.7,22.9,18.5,18.5,87.7,2.7
08089,2023,42.9,23.3,18.8,18.0,87.2,2.7
08096,2015,41.2,23.8,16.9,18.5,86.6,2.7
08096,2016,41.4,23.6,17.2,18.5,87.2,2.7
08096,2017,41.6,23.9,17.6,18.4,87.0,2.7
08096,2018,41.8,24.3,17.9,18.3,86.6,2.7
08096,2019,42.0,24.1,17.9,18.0,85.6,2.7
08096,2020,42.3,24.5,18.3,17.7,85.5,2.7
08096,2021,42.7,25.4,19.0,17.5,85.9,2.6
08096,2022,42.8,25.6,19.3,17.3,85.9,2.6
08096,2023,43.0,25.7,19.7,16.9,85.2,2.6
08101,2015,42.7,24.8,20.5,16.7,81.8,2.6
08101,2016,42.7,24.5,20.4,16.8,81.3,2.6
08101,2017,42.7,25.3,20.3,16.8,80.1,2.6
08101,2018,42.7,25.0,20.2,16.7,78.7,2.7
08101,2019,42.7,25.0,20.0,16.7,77.2,2.7
08101,2020,43.0,25.4,20.1,16.6,77.8,2.7
08101,2021,43.1,26.0,20.1,16.5,78.1,2.6
08101,2022,42.9,25.6,19.5,16.3,76.2,2.7
08101,2023,42.8,25.7,19.2,16.0,74.5,2.7
08102,2015,41.6,27.5,19.0,20.0,89.3,2.6
08102,2016,41.8,27.5,19.2,19.9,89.3,2.6
08102,2017,42.0,27.9,19.5,20.0,89.3,2.6
08102,2018,42.2,28.0,19.9,19.8,88.5,2.6
08102,2019,42.3,27.8,19.9,19.7,87.3,2.6
08102,2020,42.4,27.6,19.8,19.5,87.0,2.6
08102,2021,42.8,28.3,20.2,19.0,87.4,2.6
08102,2022,42.8,28.5,20.3,18.8,86.7,2.6
08102,2023,43.1,28.5,20.6,18.2,86.0,2.6
08113,2015,42.4,28.9,19.7,18.8,84.8,2.5
08113,2016,42.6,28.7,19.8,18.9,84.6,2.5
08113,2017,42.6,28.9,20.0,18.9,83.7,2.5
08113,2018,42.6,28.9,19.8,18.9,82.3,2.5
08113,2019,42.6,29.1,19.7,19.1,81.2,2.5
08113,2020,42.6,29.2,19.7,19.0,80.8,2.5
08113,2021,42.9,29.8,20.0,18.9,81.1,2.5
08113,2022,42.9,30.1,20.1,18.8,80.5,2.5
08113,2023,43.0,30.1,20.3,18.4,79.7,2.5
08114,2015,39.6,20.5,15.7,21.8,84.1,2.8
08114,2016,40.0,20.4,16.1,21.8,84.4,2.8
08114,2017,40.2,20.6,16.2,21.8,84.3,2.8
08114,2018,40.3,20.7,16.3,21.5,83.3,2.8
08114,2019,40.6,21.2,16.4,21.0,82.0,2.9
08114,2020,40.9,21.7,16.4,20.4,81.9,2.8
08114,2021,41.2,23.7,16.6,19.9,81.6,2.8
08114,2022,41.4,22.8,16.6,19.4,83.7,2.8
08114,2023,41.7,23.1,16.9,18.6,83.6,2.8
08121,2015,40.7,23.8,16.6,19.4,84.8,2.7
08121,2016,40.9,23.2,16.9,19.5,84.7,2.7
08121,2017,41.1,23.5,17.2,19.6,84.4,2.7
08121,2018,41.4,23.6,17.4,19.4,83.7,2.7
08121,2019,41.6,23.7,17.6,19.2,82.8,2.7
08121,2020,41.8,24.0,17.9,18.9,83.1,2.7
08121,2021,42.1,24.7,18.1,18.8,83.5,2.7
08121,2022,42.4,25.2,18.5,18.5,83.9,2.6
08121,2023,42.6,25.4,18.8,18.1,83.7,2.6
08124,2015,40.1,20.8,15.3,20.4,89.4,2.7
08124,2016,40.5,21.4,15.8,20.3,90.1,2.7
08124,2017,40.9,21.5,16.3,19.9,89.8,2.7
08124,2018,41.2,21.8,16.7,19.4,89.1,2.7
08124,2019,41.6,21.7,17.2,18.8,88.4,2.7
08124,2020,42.1,22.0,17.5,18.3,88.3,2.7
08124,2021,42.5,22.7,18.0,17.8,88.1,2.6
08124,2022,42.6,24.4,18.2,17.3,87.3,2.6
08124,2023,43.0,24.9,18.7,16.7,86.8,2.6
08125,2015,39.7,22.3,15.0,20.7,90.0,2.6
08125,2016,40.0,22.2,15.1,20.5,89.7,2.7
08125,2017,40.1,22.7,15.1,20.4,88.7,2.6
08125,2018,40.2,22.4,15.1,20.3,87.4,2.7
08125,2019,40.3,22.3,15.1,20.2,86.4,2.7
08125,2020,40.6,22.2,15.3,19.9,86.3,2.7
08125,2021,40.9,21.7,15.7,19.8,86.4,2.7
08125,2022,41.1,22.4,16.0,19.5,86.5,2.7
08125,2023,41.3,22.2,16.6,19.2,86.3,2.7
08163,2015,42.3,27.0,19.3,18.1,86.1,2.5
08163,2016,42.6,27.3,19.9,18.0,86.8,2.5
08163,2017,42.9,27.9,20.2,17.8,86.6,2.5
08163,2018,43.1,27.9,20.4,17.6,86.0,2.5
08163,2019,43.3,27.7,20.6,17.2,84.7,2.5
08163,2020,43.6,28.4,21.0,17.1,85.4,2.5
08163,2021,44.0,29.8,21.4,16.8,85.9,2.4
08163,2022,44.3,29.3,21.8,16.6,84.6,2.5
08163,2023,44.6,29.4,22.4,16.1,83.8,2.5
08169,2015,41.5,21.2,18.0,18.5,92.5,2.7
08169,2016,41.7,21.3,18.3,18.6,92.4,2.7
08169,2017,42.0,21.4,18.7,18.5,92.1,2.7
08169,2018,42.2,21.9,19.0,18.5,91.4,2.7
08169,2019,42.5,22.0,19.4,18.3,90.6,2.7
08169,2020,42.8,22.1,19.6,18.1,90.5,2.7
08169,2021,43.1,23.1,20.0,17.9,90.6,2.6
08169,2022,43.3,23.4,20.3,17.6,90.4,2.6
08169,2023,43.5,23.6,20.6,17.3,90.0,2.6
08172,2015,42.0,24.2,17.9,18.5,88.8,2.6
08172,2016,42.1,24.0,18.3,18.4,88.5,2.6
08172,2017,42.4,24.4,18.7,18.4,88.2,2.6
08172,2018,42.7,24.5,19.2,18.2,87.9,2.6
08172,2019,43.0,24.6,19.4,17.9,87.1,2.6
08172,2020,43.4,24.7,19.9,17.5,87.0,2.6
08172,2021,43.7,24.9,20.5,17.4,87.1,2.6
08172,2022,43.9,25.4,20.9,17.1,86.8,2.6
08172,2023,44.3,26.3,21.3,16.5,86.1,2.5
08180,2015,39.1,23.6,14.4,21.5,89.9,2.6
08180,2016,39.4,22.6,14.6,21.6,89.8,2.7
08180,2017,39.6,23.4,14.8,21.3,89.2,2.6
08180,2018,39.9,22.8,15.1,21.1,88.4,2.7
08180,2019,40.2,22.8,15.3,20.9,87.7,2.7
08180,2020,40.5,23.0,15.5,20.6,87.7,2.7
08180,2021,40.9,23.9,15.9,20.2,87.4,2.6
08180,2022,41.0,24.1,16.0,19.6,87.2,2.6
08180,2023,41.4,24.8,16.3,19.0,86.3,2.6
08184,2015,39.6,21.1,14.5,20.4,89.4,2.7
08184,2016,39.8,21.0,14.9,20.4,89.5,2.7
08184,2017,40.1,21.4,15.1,20.3,89.0,2.7
08184,2018,40.3,21.1,15.3,20.1,88.3,2.7
08184,2019,40.5,21.3,15.6,20.0,87.3,2.8
08184,2020,40.8,21.8,15.9,19.7,87.2,2.7
08184,2021,41.2,22.0,16.3,19.2,87.2,2.7
08184,2022,41.4,22.0,16.6,18.9,86.7,2.7
08184,2023,41.6,22.1,16.9,18.5,85.8,2.7
08187,2015,41.4,24.6,18.2,19.2,89.7,2.6
08187,2016,41.6,24.6,18.4,19.2,89.4,2.6
08187,2017,41.7,25.0,18.5,19.3,88.8,2.6
08187,2018,41.8,24.9,18.5,19.2,88.0,2.6
08187,2019,41.9,24.9,18.5,19.0,86.9,2.6
08187,2020,42.1,25.1,18.6,18.8,86.7,2.6
08187,2021,42.3,25.6,18.8,18.7,86.7,2.6
08187,2022,42.5,25.9,19.0,18.4,86.4,2.6
08187,2023,42.6,26.1,19.1,18.1,85.6,2.6
08194,2015,40.2,23.0,17.2,20.2,87.7,2.7
08194,2016,40.3,22.8,17.1,20.1,87.5,2.8
08194,2017,40.5,23.3,17.0,20.0,87.2,2.7
08194,2018,40.6,23.3,17.0,19.8,86.1,2.7
08194,2019,40.8,23.8,17.2,19.5,84.9,2.7
08194,2020,41.1,24.0,17.2,19.3,84.8,2.7
08194,2021,41.3,24.4,17.4,19.2,84.4,2.7
08194,2022,41.5,24.7,17.4,18.9,83.7,2.7
08194,2023,41.7,24.6,17.5,18.3,82.4,2.7
08196,2015,37.7,22.0,12.6,23.4,91.0,2.7
08196,2016,38.2,21.0,13.2,23.1,91.3,2.7
08196,2017,38.6,20.8,13.7,22.9,90.9,2.7
08196,2018,38.9,20.4,13.9,22.6,90.4,2.7
08196,2019,39.4,21.0,14.4,21.9,90.2,2.7
08196,2020,40.0,21.5,14.9,21.2,90.4,2.7
08196,2021,40.6,21.9,15.5,20.4,90.3,2.7
08196,2022,41.1,22.0,16.0,19.8,90.2,2.7
08196,2023,41.5,22.4,16.3,19.0,89.5,2.7
08200,2015,41.3,20.1,17.8,18.9,91.4,2.7
08200,2016,41.6,20.4,18.2,18.9,91.8,2.7
08200,2017,41.8,20.6,18.5,18.8,91.4,2.7
08200,2018,42.0,20.9,18.7,18.7,90.8,2.7
08200,2019,42.2,21.1,18.9,18.4,89.8,2.7
08200,2020,42.5,21.8,19.2,18.2,89.9,2.7
08200,2021,42.9,22.6,19.6,17.9,89.6,2.6
08200,2022,43.0,22.9,19.8,17.6,89.1,2.6
08200,2023,43.3,23.5,20.1,17.2,88.4,2.6
08205,2015,37.8,18.3,12.4,24.1,88.5,3.0
08205,2016,38.0,18.2,12.8,24.0,88.5,3.0
08205,2017,38.3,18.4,13.1,23.7,88.0,3.0
08205,2018,38.5,18.5,13.5,23.5,87.7,3.0
08205,2019,38.8,18.4,13.8,23.1,86.9,3.0
08205,2020,39.0,18.2,14.0,22.7,87.1,3.0
08205,2021,39.3,18.6,14.4,22.3,86.8,3.0
08205,2022,39.6,18.6,14.8,22.0,86.3,3.0
08205,2023,40.0,18.7,15.3,21.5,85.8,3.0
08211,2015,41.1,21.1,17.5,19.8,93.5,2.7
08211,2016,41.4,21.2,18.0,19.8,93.8,2.7
08211,2017,41.7,21.2,18.4,19.7,93.6,2.7
08211,2018,42.0,21.4,18.7,19.5,93.1,2.7
08211,2019,42.3,21.6,19.1,19.2,92.2,2.7
08211,2020,42.5,21.8,19.2,18.8,92.1,2.7
08211,2021,43.0,22.2,19.6,18.3,91.8,2.6
08211,2022,43.2,22.5,19.9,17.8,91.2,2.6
08211,2023,43.5,22.9,20.1,17.3,90.5,2.6
08217,2015,40.4,19.5,16.3,20.6,93.5,2.7
08217,2016,40.6,19.4,16.5,20.6,93.3,2.7
08217,2017,40.9,19.5,16.8,20.3,92.8,2.7
08217,2018,41.2,19.7,17.1,20.0,92.2,2.7
08217,2019,41.5,19.7,17.5,19.6,91.6,2.7
08217,2020,41.9,20.0,17.7,19.2,91.6,2.7
08217,2021,42.3,20.7,18.2,18.6,91.3,2.7
08217,2022,42.5,21.4,18.4,18.3,90.7,2.7
08217,2023,42.8,21.5,18.9,17.7,89.8,2.7
08231,2015,39.4,22.9,13.7,21.0,85.8,2.7
08231,2016,39.8,22.3,14.0,20.6,85.8,2.7
08231,2017,40.1,23.7,14.5,20.3,85.0,2.7
08231,2018,40.3,23.3,14.9,20.5,85.6,2.7
08231,2019,40.7,23.3,15.3,19.9,84.8,2.7
08231,2020,41.0,23.2,15.6,19.5,84.5,2.7
08231,2021,41.4,23.8,16.0,19.0,84.2,2.7
08231,2022,41.7,24.3,16.4,18.9,84.0,2.6
08231,2023,42.0,24.7,17.0,18.3,83.3,2.6
08245,2015,41.8,22.2,19.5,18.0,80.9,2.7
08245,2016,41.9,22.4,19.7,18.1,80.6,2.7
08245,2017,42.0,22.6,19.6,18.2,79.8,2.8
08245,2018,42.1,23.0,19.6,18.2,78.9,2.8
08245,2019,42.2,22.9,19.5,18.1,77.7,2.8
08245,2020,42.4,23.4,19.6,18.0,77.9,2.8
08245,2021,42.7,24.1,19.8,17.9,78.4,2.7
08245,2022,42.7,24.3,19.6,17.8,77.9,2.7
08245,2023,42.8,25.9,19.6,17.5,77.4,2.7
08252,2015,39.7,18.2,14.6,20.3,93.3,2.8
08252,2016,40.0,18.2,15.1,20.4,93.4,2.7
08252,2017,40.4,18.4,15.8,20.2,93.4,2.7
08252,2018,40.7,18.8,16.2,20.1,92.8,2.7
08252,2019,41.0,18.6,16.8,19.9,92.4,2.7
08252,2020,41.4,19.2,17.3,19.7,92.3,2.7
08252,2021,41.8,19.6,17.7,19.3,92.1,2.7
08252,2022,42.1,19.6,18.2,18.8,91.6,2.7
08252,2023,42.5,20.0,18.7,18.4,91.2,2.7
08260,2015,38.9,18.9,13.7,22.1,91.6,2.8
08260,2016,39.3,18.9,14.2,22.1,91.6,2.8
08260,2017,39.7,19.1,14.6,21.8,91.1,2.8
08260,2018,40.0,19.3,15.1,21.5,90.5,2.8
08260,2019,40.3,20.5,15.3,21.0,89.7,2.8
08260,2020,40.8,20.7,15.8,20.5,89.9,2.8
08260,2021,41.1,20.6,16.3,20.0,90.0,2.8
08260,2022,41.5,20.9,16.7,19.6,90.3,2.8
08260,2023,41.9,21.3,17.2,18.7,90.1,2.7
08263,2015,40.2,18.2,15.3,20.1,93.6,2.8
08263,2016,40.6,17.9,15.6,19.8,93.7,2.8
08263,2017,41.0,18.7,16.0,19.5,93.5,2.8
08263,2018,41.2,18.8,16.3,19.3,92.7,2.8
08263,2019,41.6,18.8,16.7,18.9,92.2,2.8
08263,2020,42.0,19.3,17.2,18.4,92.2,2.8
08263,2021,42.3,19.6,17.6,18.2,91.9,2.8
08263,2022,42.5,19.7,17.9,17.9,91.3,2.8
08263,2023,42.7,19.9,18.4,17.4,91.0,2.8
08266,2015,41.5,21.8,17.1,18.2,91.5,2.6
08266,2016,41.9,21.4,17.8,18.2,91.3,2.7
08266,2017,42.2,22.2,18.3,17.9,91.3,2.6
08266,2018,42.6,22.5,19.0,17.6,90.9,2.6
08266,2019,42.9,22.6,19.4,17.2,90.2,2.6
08266,2020,43.3,22.9,20.0,16.9,90.4,2.6
08266,2021,43.7,23.6,20.6,16.6,90.2,2.6
08266,2022,43.9,23.8,20.9,16.2,89.5,2.6
08266,2023,44.1,24.3,21.3,15.8,88.8,2.6
08270,2015,42.3,33.1,17.0,18.2,79.4,2.4
08270,2016,42.6,32.4,17.6,18.0,79.5,2.4
08270,2017,42.9,33.0,17.9,17.7,78.8,2.4
08270,2018,43.2,33.5,18.2,17.5,77.4,2.4
08270,2019,43.5,33.5,18.5,17.2,77.2,2.4
08270,2020,43.8,33.5,18.6,16.6,76.2,2.4
08270,2021,44.0,33.2,19.0,16.2,75.3,2.4
08270,2022,44.1,33.4,19.1,16.1,73.8,2.4
08270,2023,44.4,33.6,19.4,15.6,73.4,2.4
08279,2015,40.3,25.2,16.4,20.3,88.4,2.6
08279,2016,40.5,25.1,16.5,20.3,88.3,2.6
08279,2017,40.7,25.4,16.7,20.3,88.0,2.6
08279,2018,40.8,25.6,16.8,20.1,87.3,2.6
08279,2019,41.1,25.5,16.9,19.9,86.5,2.6
08279,2020,41.3,25.8,17.2,19.6,86.4,2.6
08279,2021,41.6,26.0,17.4,19.4,85.9,2.6
08279,2022,41.8,26.6,17.6,19.0,86.7,2.6
08279,2023,41.9,26.7,17.7,18.7,85.8,2.6
08298,2015,39.3,26.6,15.3,21.2,76.0,2.7
08298,2016,39.6,26.6,15.3,21.1,75.5,2.7
08298,2017,39.6,26.7,15.2,20.9,73.9,2.7
08298,2018,39.6,26.3,15.3,20.7,72.4,2.7
08298,2019,39.6,25.8,15.2,20.5,70.8,2.8
08298,2020,39.8,25.9,15.2,20.4,71.0,2.8
08298,2021,40.0,26.6,15.5,20.3,71.2,2.8
08298,2022,40.0,26.5,15.5,20.2,70.6,2.8
08298,2023,40.2,25.9,15.9,19.7,70.4,2.8
08301,2015,39.6,17.8,15.3,21.0,93.2,2.8
08301,2016,40.0,17.7,15.6,21.0,93.3,2.8
08301,2017,40.3,18.2,16.0,20.8,93.2,2.8
08301,2018,40.7,18.6,16.3,20.5,92.6,2.8
08301,2019,40.9,18.7,16.5,20.2,91.8,2.8
08301,2020,41.3,19.2,16.7,19.8,91.8,2.8
08301,2021,41.8,19.5,17.1,19.3,91.8,2.7
08301,2022,42.1,20.2,17.5,18.8,91.3,2.7
08301,2023,42.4,20.5,17.9,18.2,90.8,2.7
08305,2015,40.3,26.5,16.6,20.6,86.1,2.6
08305,2016,40.6,26.6,16.9,20.7,86.6,2.6
08305,2017,40.8,26.9,17.2,20.6,86.1,2.6
08305,2018,41.1,27.2,17.5,20.6,86.1,2.6
08305,2019,41.3,27.3,17.7,20.4,85.8,2.6
08305,2020,41.5,27.4,17.9,20.2,86.3,2.6
08305,2021,41.9,28.1,18.3,20.0,86.5,2.5
08305,2022,42.0,28.3,18.4,19.6,86.0,2.5
08305,2023,42.3,27.9,18.9,19.1,85.5,2.6
08307,2015,42.2,26.9,18.2,18.4,89.6,2.5
08307,2016,42.5,26.8,18.5,18.5,90.0,2.5
08307,2017,42.7,27.4,18.7,18.3,89.7,2.5
08307,2018,42.9,27.0,19.1,18.0,89.4,2.5
08307,2019,43.3,27.0,19.5,17.7,88.8,2.5
08307,2020,43.6,27.2,19.9,17.4,88.8,2.5
08307,2021,44.0,27.7,20.5,17.0,88.2,2.5
08307,2022,44.2,27.8,20.9,16.6,88.3,2.5
08307,2023,44.3,28.3,21.1,16.3,87.1,2.5
09018,2015,43.0,29.8,20.2,17.4,91.1,2.5
09018,2016,43.3,29.8,20.6,17.4,91.3,2.4
09018,2017,43.7,30.5,21.1,17.3,91.1,2.4
09018,2018,43.9,31.1,21.6,17.3,89.8,2.4
09018,2019,44.0,31.0,21.6,17.3,88.9,2.4
09018,2020,44.2,31.2,21.8,17.2,88.5,2.4
09018,2021,44.6,31.5,22.3,17.1,88.0,2.4
09018,2022,44.6,32.1,22.4,17.0,86.6,2.4
09018,2023,44.8,32.5,22.8,16.9,86.0,2.4
09059,2015,43.6,31.0,20.5,17.2,93.2,2.4
09059,2016,43.9,31.2,21.0,17.3,93.6,2.4
09059,2017,44.1,31.7,21.5,17.1,93.3,2.4
09059,2018,44.5,32.3,22.0,16.9,93.0,2.4
09059,2019,44.7,32.5,22.5,16.8,92.5,2.4
09059,2020,45.1,32.9,23.0,16.5,92.5,2.4
09059,2021,45.4,33.4,23.7,16.3,92.2,2.3
09059,2022,45.6,33.8,24.1,16.3,91.8,2.3
09059,2023,45.8,34.3,24.4,16.0,91.0,2.3
09219,2015,44.3,30.9,20.4,16.3,90.6,2.4
09219,2016,44.6,31.0,20.8,16.5,91.0,2.3
09219,2017,44.8,31.4,21.1,16.4,90.8,2.3
09219,2018,45.0,31.6,21.5,16.3,90.2,2.3
09219,2019,45.1,31.5,21.7,16.3,89.4,2.3
09219,2020,45.2,31.8,21.8,16.2,89.0,2.3
09219,2021,45.5,32.6,22.4,16.1,89.1,2.3
09219,2022,45.5,32.8,22.9,16.1,88.4,2.3
09219,2023,45.6,32.8,23.2,16.0,87.4,2.3
10037,2015,41.1,29.2,15.8,18.5,97.6,2.5
10037,2016,41.5,29.1,16.2,18.4,97.7,2.5
10037,2017,41.8,29.7,16.6,18.4,97.5,2.5
10037,2018,42.1,30.1,17.1,18.1,97.3,2.5
10037,2019,42.6,30.5,17.5,17.8,97.1,2.5
10037,2020,42.9,30.8,17.9,17.6,97.2,2.4
10037,2021,43.3,31.3,18.6,17.3,97.1,2.4
10037,2022,43.6,32.0,19.0,17.0,96.7,2.4
10037,2023,43.9,32.4,19.6,16.6,96.3,2.4
10148,2015,41.8,31.6,17.5,18.3,97.5,2.5
10148,2016,42.3,31.3,17.8,18.1,97.7,2.5
10148,2017,42.6,32.4,18.2,17.9,97.8,2.4
10148,2018,43.1,32.4,18.8,17.5,97.6,2.4
10148,2019,43.4,33.2,19.2,17.3,97.5,2.4
10148,2020,43.9,33.1,19.7,16.8,97.5,2.4
10148,2021,44.3,34.0,20.2,16.6,97.4,2.4
10148,2022,44.5,34.0,20.6,16.4,96.4,2.4
10148,2023,44.7,34.5,21.2,16.2,95.8,2.3
11004,2015,39.1,28.4,14.6,21.3,92.9,2.7
11004,2016,39.4,25.0,15.0,21.3,92.8,2.8
11004,2017,39.7,25.1,15.3,21.2,92.7,2.8
11004,2018,40.0,25.0,15.7,21.0,92.3,2.8
11004,2019,40.3,25.1,16.0,20.7,91.6,2.8
11004,2020,40.6,25.3,16.4,20.4,91.6,2.7
11004,2021,40.9,25.8,16.6,20.2,91.7,2.7
11004,2022,41.1,26.3,17.0,19.8,91.4,2.7
11004,2023,41.4,26.9,17.4,19.4,90.9,2.7
11006,2015,39.0,21.2,14.1,20.3,98.2,2.8
11006,2016,39.5,21.8,14.4,20.1,98.3,2.7
11006,2017,40.0,22.1,14.8,19.6,98.4,2.7
11006,2018,40.5,22.9,15.3,19.3,98.2,2.7
11006,2019,40.8,23.2,15.5,19.0,97.9,2.7
11006,2020,41.3,23.6,15.8,18.4,97.8,2.6
11006,2021,41.6,24.3,16.0,18.0,97.7,2.6
11006,2022,42.0,24.9,16.6,17.7,97.5,2.6
11006,2023,42.5,25.8,17.2,17.1,97.3,2.6
11012,2015,44.6,25.3,21.9,14.9,98.4,2.6
11012,2016,45.0,25.4,22.4,14.9,98.4,2.6
11012,2017,45.3,26.2,22.9,14.9,98.3,2.6
11012,2018,45.7,26.9,23.4,14.8,98.2,2.5
11012,2019,46.0,27.2,23.7,14.7,97.9,2.5
11012,2020,46.4,28.0,24.3,14.4,97.9,2.5
11012,2021,46.8,28.7,24.9,14.0,97.8,2.5
11012,2022,47.2,29.4,25.6,13.6,97.6,2.4
11012,2023,47.6,29.9,26.2,13.2,97.3,2.4
11015,2015,38.1,20.9,12.4,21.5,96.6,2.9
11015,2016,38.3,21.4,12.6,21.7,96.6,2.8
11015,2017,38.7,22.2,12.9,21.4,96.3,2.8
11015,2018,39.1,22.4,13.4,21.2,96.1,2.8
11015,2019,39.6,22.8,13.8,20.8,95.7,2.8
11015,2020,40.0,23.2,14.1,20.3,95.7,2.7
11015,2021,40.4,23.5,14.5,19.8,95.6,2.7
11015,2022,40.8,23.8,15.0,19.4,95.4,2.7
11015,2023,41.2,24.6,15.6,18.9,95.2,2.7
11020,2015,39.7,22.3,14.9,20.7,97.8,2.8
11020,2016,40.1,22.2,15.2,20.6,97.8,2.7
11020,2017,40.5,22.8,15.6,20.4,97.6,2.7
11020,2018,40.9,23.0,16.1,20.1,97.4,2.7
11020,2019,41.3,23.2,16.5,19.8,97.2,2.7
11020,2020,41.7,23.7,16.9,19.3,97.1,2.7
11020,2021,42.0,24.2,17.4,18.9,97.1,2.7
11020,2022,42.4,24.6,17.9,18.4,96.6,2.6
11020,2023,42.7,25.0,18.4,17.8,96.3,2.6
11022,2015,40.0,25.4,16.3,19.4,93.6,2.7
11022,2016,40.3,23.5,16.5,19.5,93.7,2.7
11022,2017,40.4,25.6,16.7,19.4,93.5,2.7
11022,2018,40.6,25.4,16.8,19.4,93.0,2.7
11022,2019,40.8,26.0,16.9,19.2,92.4,2.7
11022,2020,41.2,26.3,17.2,19.0,92.4,2.7
11022,2021,41.4,27.0,17.2,18.8,92.1,2.6
11022,2022,41.7,27.1,17.5,18.4,91.3,2.6
11022,2023,41.9,27.2,17.6,18.4,90.7,2.6
11027,2015,39.3,21.9,13.8,20.6,96.6,2.8
11027,2016,39.7,21.7,14.3,20.6,96.7,2.8
11027,2017,40.1,22.7,15.0,20.4,96.7,2.8
11027,2018,40.5,23.1,15.6,20.2,96.6,2.8
11027,2019,40.9,23.4,16.1,19.8,96.4,2.8
11027,2020,41.3,23.8,16.6,19.4,96.3,2.8
11027,2021,41.6,24.4,17.1,19.0,96.2,2.7
11027,2022,42.0,24.6,17.7,18.5,95.9,2.7
11027,2023,42.4,25.4,18.4,18.1,95.8,2.7
11028,2015,39.1,20.3,12.5,20.0,97.9,2.7
11028,2016,39.6,20.6,13.0,19.9,97.8,2.7
11028,2017,40.0,20.5,13.4,19.7,97.5,2.7
11028,2018,40.5,20.6,14.2,19.3,97.4,2.7
11028,2019,41.0,20.8,14.7,18.9,96.9,2.7
11028,2020,41.4,21.2,15.3,18.5,97.1,2.7
11028,2021,41.8,21.7,15.9,18.1,97.1,2.7
11028,2022,42.2,22.5,16.7,17.5,97.2,2.6
11028,2023,42.8,22.8,17.5,16.9,97.1,2.6
11030,2015,39.7,25.2,14.5,19.2,96.5,2.6
11030,2016,40.0,24.8,14.8,19.4,96.4,2.6
11030,2017,40.4,25.7,15.2,19.3,96.4,2.6
11030,2018,40.8,25.8,15.7,19.1,96.1,2.6
11030,2019,41.2,26.3,16.1,18.9,95.6,2.6
11030,2020,41.7,26.9,16.6,18.5,95.9,2.6
11030,2021,42.1,27.6,17.1,18.1,95.7,2.5
11030,2022,42.6,27.8,17.7,17.6,95.0,2.5
11030,2023,42.9,28.2,18.3,17.4,94.5,2.5
11031,2015,39.9,21.7,14.7,20.0,98.9,2.8
11031,2016,40.3,21.0,15.1,19.8,98.9,2.8
11031,2017,40.8,22.3,15.7,19.5,98.9,2.7
11031,2018,41.3,22.0,16.3,19.3,98.8,2.7
11031,2019,41.7,21.9,16.8,18.9,98.6,2.7
11031,2020,42.2,22.0,17.5,18.5,98.5,2.7
11031,2021,42.7,22.7,18.2,18.1,98.4,2.7
11031,2022,43.1,22.8,18.9,17.6,98.3,2.7
11031,2023,43.5,23.5,19.7,17.1,98.2,2.6
11032,2015,39.3,23.7,13.9,19.7,98.9,2.7
11032,2016,39.6,23.5,14.4,19.7,98.9,2.8
11032,2017,39.9,24.1,14.8,19.8,98.7,2.7
11032,2018,40.2,24.4,15.2,19.9,98.5,2.7
11032,2019,40.6,24.7,15.6,19.7,98.2,2.7
11032,2020,40.9,24.9,16.1,19.6,98.2,2.7
11032,2021,41.2,25.4,16.5,19.4,98.1,2.7
11032,2022,41.6,23.6,17.2,19.1,98.0,2.7
11032,2023,42.0,23.4,17.8,18.7,97.9,2.7
11033,2015,38.8,24.3,14.1,21.1,88.8,2.8
11033,2016,38.9,22.9,14.3,21.3,88.8,2.8
11033,2017,38.9,24.5,14.2,21.5,88.4,2.8
11033,2018,39.2,24.7,14.4,21.4,87.8,2.8
11033,2019,39.5,25.0,14.7,21.1,87.0,2.8
11033,2020,39.9,24.9,14.9,20.8,86.1,2.8
11033,2021,40.2,25.4,15.1,20.5,84.7,2.7
11033,2022,40.6,25.9,15.5,20.0,82.8,2.7
11033,2023,40.9,26.4,15.8,19.5,82.3,2.7
12009,2015,38.8,30.2,13.8,20.5,85.2,2.5
12009,2016,39.1,29.8,14.1,20.4,85.9,2.5
12009,2017,39.3,30.7,14.2,20.6,85.7,2.5
12009,2018,39.5,30.6,14.2,20.7,85.2,2.5
12009,2019,39.7,30.4,14.3,20.4,84.6,2.5
12009,2020,40.0,30.2,14.2,20.2,84.6,2.5
12009,2021,40.2,30.2,14.3,20.2,83.9,2.5
12009,2022,40.4,30.3,14.4,20.1,82.8,2.5
12009,2023,40.6,29.8,14.7,19.9,82.1,2.5
12027,2015,41.1,25.9,17.2,19.1,78.8,2.6
12027,2016,41.4,25.6,17.6,19.2,79.4,2.6
12027,2017,41.6,26.4,17.9,19.1,78.9,2.6
12027,2018,41.8,26.9,18.1,19.1,78.4,2.6
12027,2019,41.9,27.8,18.4,19.0,77.5,2.6
12027,2020,42.2,28.3,18.8,18.8,77.3,2.6
12027,2021,42.4,28.4,19.0,18.9,77.2,2.6
12027,2022,42.3,28.7,19.0,18.8,76.1,2.6
12027,2023,42.5,28.8,19.2,18.3,75.1,2.6
12032,2015,40.5,27.8,16.4,20.0,84.1,2.6
12032,2016,40.8,27.2,16.8,20.1,84.7,2.6
12032,2017,41.2,28.2,17.1,19.8,84.4,2.6
12032,2018,41.5,28.3,17.2,19.7,84.3,2.6
12032,2019,41.7,28.4,17.2,19.4,83.3,2.6
12032,2020,42.1,28.4,17.5,19.0,83.5,2.6
12032,2021,42.3,28.9,17.7,18.7,83.4,2.5
12032,2022,42.3,28.9,17.8,18.4,82.5,2.5
12032,2023,42.4,29.3,18.0,18.2,81.2,2.5
12040,2015,41.4,28.3,17.3,18.5,84.1,2.5
12040,2016,41.7,28.1,17.7,18.5,85.0,2.5
12040,2017,42.0,28.8,18.1,18.4,84.4,2.5
12040,2018,42.3,29.0,18.4,18.3,84.0,2.5
12040,2019,42.5,29.0,18.5,18.0,82.9,2.5
12040,2020,42.9,29.3,19.0,17.7,83.0,2.5
12040,2021,43.2,29.8,19.3,17.4,83.3,2.5
12040,2022,43.2,30.0,19.3,17.3,81.8,2.5
12040,2023,43.3,29.8,19.5,17.1,80.4,2.5
12084,2015,40.1,27.1,15.3,19.6,87.6,2.5
12084,2016,40.4,26.7,15.6,19.8,88.2,2.5
12084,2017,40.6,26.6,16.0,19.7,88.2,2.5
12084,2018,40.9,27.1,16.2,19.6,87.9,2.5
12084,2019,41.3,27.5,16.6,19.2,87.5,2.5
12084,2020,41.6,27.8,16.9,19.0,87.6,2.5
12084,2021,41.8,28.1,17.1,18.9,87.3,2.5
12084,2022,41.8,28.1,17.3,18.8,86.1,2.5
12084,2023,42.1,28.1,17.6,18.6,85.4,2.5
12126,2015,41.9,25.2,18.5,18.2,92.9,2.6
12126,2016,42.3,24.7,19.0,18.3,93.0,2.6
12126,2017,42.6,25.9,19.4,18.1,93.0,2.6
12126,2018,42.9,26.3,19.7,17.9,92.4,2.5
12126,2019,43.2,26.3,19.9,17.8,92.5,2.5
12126,2020,43.5,26.5,20.2,17.5,92.3,2.5
12126,2021,43.9,26.7,20.5,17.2,92.2,2.5
12126,2022,44.0,26.3,20.8,17.1,91.6,2.5
12126,2023,44.1,26.9,21.0,17.0,91.1,2.5
12135,2015,40.0,24.3,15.4,20.2,88.2,2.7
12135,2016,40.3,24.4,15.6,20.2,88.5,2.7
12135,2017,40.5,25.0,15.8,20.1,88.2,2.7
12135,2018,40.8,25.4,16.0,19.7,87.7,2.6
12135,2019,41.0,25.3,16.1,19.6,87.3,2.6
12135,2020,41.3,25.4,16.4,19.3,87.3,2.6
12135,2021,41.6,25.4,16.7,19.0,86.8,2.6
12135,2022,41.8,25.6,17.0,18.9,86.3,2.6
12135,2023,42.0,25.6,17.4,18.6,85.5,2.6
12138,2015,41.5,27.8,17.7,18.8,82.2,2.5
12138,2016,41.9,27.4,17.8,18.6,82.3,2.5
12138,2017,42.2,28.0,18.2,18.5,81.8,2.5
12138,2018,42.4,28.6,18.6,18.4,81.2,2.5
12138,2019,42.8,28.8,18.9,18.1,80.7,2.5
12138,2020,43.2,29.6,19.4,17.5,80.9,2.5
12138,2021,43.5,30.5,19.9,17.4,80.3,2.4
12138,2022,43.6,30.7,20.3,17.4,79.7,2.4
12138,2023,43.9,30.7,20.8,17.2,79.1,2.4
13005,2015,40.9,27.5,17.0,19.2,92.7,2.6
13005,2016,41.2,26.4,17.1,19.2,92.8,2.6
13005,2017,41.5,27.5,17.3,19.1,92.9,2.6
13005,2018,41.8,27.4,17.5,18.8,92.7,2.6
13005,2019,42.1,27.7,17.8,18.6,92.3,2.6
13005,2020,42.4,28.5,17.7,18.4,92.5,2.6
13005,2021,42.7,28.8,18.1,18.0,92.4,2.6
13005,2022,42.9,29.2,18.2,17.8,92.0,2.6
13005,2023,43.0,28.8,18.6,17.6,90.9,2.5
13034,2015,41.0,29.7,16.1,18.2,95.8,2.6
13034,2016,41.3,29.2,16.5,18.4,95.8,2.6
13034,2017,41.6,30.0,16.9,18.1,95.6,2.6
13034,2018,42.0,30.2,17.4,17.9,95.5,2.5
13034,2019,42.3,30.2,17.8,17.9,94.5,2.5
13034,2020,42.5,30.6,18.0,17.7,94.6,2.5
13034,2021,42.9,31.2,18.5,17.5,94.4,2.5
13034,2022,43.2,31.9,19.1,17.3,94.0,2.5
13034,2023,43.5,32.1,19.7,17.0,93.4,2.4
13071,2015,42.8,29.4,19.9,17.2,96.9,2.4
13071,2016,43.2,29.5,20.4,17.1,97.1,2.4
13071,2017,43.5,30.1,20.7,17.2,97.1,2.4
13071,2018,44.0,30.5,21.3,17.0,97.1,2.4
13071,2019,44.3,30.9,21.8,16.9,96.8,2.4
13071,2020,44.6,31.5,22.2,16.7,96.8,2.4
13071,2021,44.9,31.9,22.7,16.6,96.7,2.3
13071,2022,45.2,32.2,23.2,16.4,96.1,2.3
13071,2023,45.4,32.9,23.7,16.2,95.3,2.3
13082,2015,40.0,26.7,16.4,19.5,86.9,2.7
13082,2016,40.3,26.0,16.6,19.6,88.1,2.7
13082,2017,40.6,27.2,16.9,19.4,88.5,2.7
13082,2018,40.9,27.7,17.2,19.4,88.8,2.7
13082,2019,41.1,27.4,17.2,19.1,88.0,2.7
13082,2020,41.2,27.5,16.8,19.0,87.9,2.7
13082,2021,41.5,27.8,17.0,18.8,87.8,2.6
13082,2022,41.7,28.0,17.2,18.5,87.1,2.6
13082,2023,42.0,28.4,17.5,18.1,86.3,2.6
13087,2015,40.9,24.5,16.6,18.9,94.0,2.7
13087,2016,41.3,24.4,16.8,18.8,94.5,2.6
13087,2017,41.6,25.3,17.2,18.6,94.4,2.6
13087,2018,42.0,26.0,17.5,18.4,94.1,2.6
13087,2019,42.3,26.5,17.7,18.2,93.6,2.6
13087,2020,42.5,26.5,17.8,17.9,93.6,2.6
13087,2021,42.8,26.7,18.2,17.7,93.5,2.5
13087,2022,43.1,27.3,18.7,17.5,92.8,2.5
13087,2023,43.5,27.9,19.4,17.0,92.2,2.5
14021,2015,41.6,24.5,17.8,18.7,97.7,2.7
14021,2016,41.9,24.5,18.0,18.6,97.7,2.7
14021,2017,42.2,25.1,18.4,18.5,97.5,2.7
14021,2018,42.5,25.7,18.8,18.2,97.4,2.6
14021,2019,42.8,26.2,19.1,18.0,97.1,2.6
14021,2020,43.3,26.7,19.7,17.7,97.3,2.6
14021,2021,43.6,27.3,20.1,17.4,97.5,2.6
14021,2022,43.8,27.9,20.4,17.1,96.7,2.6
14021,2023,44.0,28.4,20.9,16.8,96.4,2.5
14038,2015,38.6,21.5,14.1,21.3,95.7,2.8
14038,2016,38.9,21.7,14.2,21.2,96.1,2.8
14038,2017,39.2,22.0,14.6,20.9,96.1,2.7
14038,2018,39.6,22.6,14.9,20.6,96.0,2.7
14038,2019,39.9,22.4,15.1,20.4,95.7,2.7
14038,2020,40.2,22.9,15.3,20.1,95.7,2.7
14038,2021,40.6,24.0,15.6,19.7,95.7,2.7
14038,2022,40.9,24.2,15.9,19.5,95.3,2.6
14038,2023,41.2,24.0,16.4,19.1,95.0,2.6
14056,2015,40.4,24.2,16.3,19.6,96.4,2.7
14056,2016,40.6,23.9,16.3,19.4,95.9,2.7
14056,2017,40.9,24.7,16.6,19.3,95.6,2.7
14056,2018,41.2,24.9,16.8,19.0,95.7,2.6
14056,2019,41.5,24.9,17.1,18.9,95.7,2.6
14056,2020,41.8,25.2,17.3,18.6,96.0,2.6
14056,2021,42.0,26.2,17.6,18.5,96.0,2.6
14056,2022,42.1,26.4,17.9,18.4,95.7,2.6
14056,2023,42.4,26.4,18.5,18.1,95.3,2.5
15002,2015,38.2,26.2,11.1,21.1,95.7,2.6
15002,2016,38.5,25.7,11.4,21.1,95.7,2.6
15002,2017,38.9,25.6,11.7,20.9,95.4,2.6
15002,2018,39.4,25.6,12.1,20.5,94.9,2.6
15002,2019,39.9,25.8,12.6,20.2,94.5,2.6
15002,2020,40.4,26.0,13.0,19.7,94.8,2.6
15002,2021,40.8,26.2,13.4,19.2,94.6,2.6
15002,2022,41.3,26.9,13.9,18.8,94.0,2.6
15002,2023,41.8,27.8,14.4,18.2,93.7,2.5
15005,2015,40.7,24.3,14.8,17.9,95.6,2.6
15005,2016,41.0,24.4,15.1,18.1,95.6,2.6
15005,2017,41.4,24.3,15.6,18.0,95.3,2.6
15005,2018,41.7,24.7,15.9,18.0,95.0,2.6
15005,2019,42.0,24.6,16.2,17.8,94.4,2.6
15005,2020,42.3,24.8,16.5,17.7,94.2,2.6
15005,2021,42.7,25.1,17.0,17.3,93.9,2.5
15005,2022,43.1,25.6,17.5,17.1,93.2,2.5
15005,2023,43.3,26.1,17.9,16.9,92.2,2.5
15019,2015,44.5,31.3,22.1,15.7,98.2,2.4
15019,2016,44.8,31.2,22.4,15.6,98.2,2.4
15019,2017,45.1,33.4,22.9,15.7,98.2,2.3
15019,2018,45.3,25.1,23.1,15.7,97.9,2.6
15019,2019,45.6,25.4,23.4,15.7,97.6,2.6
15019,2020,45.9,25.8,23.6,15.5,97.6,2.5
15019,2021,46.2,26.2,24.1,15.4,97.4,2.5
15019,2022,46.5,26.9,24.4,15.2,97.1,2.5
15019,2023,46.7,27.3,25.0,15.0,96.5,2.5
15030,2015,45.6,30.1,23.7,14.4,95.7,2.4
15030,2016,45.8,30.0,24.0,14.5,95.7,2.4
15030,2017,46.0,30.5,24.3,14.6,95.3,2.4
15030,2018,46.1,31.1,24.6,14.6,94.7,2.4
15030,2019,46.3,31.2,24.8,14.5,94.0,2.4
15030,2020,46.6,31.6,25.2,14.4,93.9,2.3
15030,2021,46.9,32.2,25.4,14.3,93.6,2.3
15030,2022,46.9,32.7,25.4,14.2,92.8,2.3
15030,2023,47.0,33.0,25.6,13.9,92.0,2.3
15031,2015,41.3,27.5,16.1,18.7,96.8,2.5
15031,2016,41.6,27.2,16.2,18.7,96.7,2.5
15031,2017,41.9,26.9,16.6,18.8,96.2,2.5
15031,2018,42.2,27.4,16.9,18.7,95.9,2.5
15031,2019,42.6,28.1,17.2,18.4,95.3,2.5
15031,2020,43.0,28.1,17.4,18.1,95.3,2.5
15031,2021,43.5,28.8,18.1,17.7,95.1,2.4
15031,2022,43.9,29.5,18.8,17.2,94.6,2.4
15031,2023,44.3,30.4,19.2,16.7,93.9,2.4
15036,2015,47.6,33.0,26.8,13.2,97.9,2.3
15036,2016,47.9,33.1,27.1,13.2,97.9,2.2
15036,2017,48.2,34.1,27.6,13.2,97.6,2.2
15036,2018,48.5,34.7,28.1,13.1,97.4,2.2
15036,2019,48.8,35.2,28.5,12.9,97.1,2.2
15036,2020,49.1,35.7,29.0,12.8,96.9,2.2
15036,2021,49.3,36.3,29.4,12.6,96.5,2.2
15036,2022,49.4,36.9,29.6,12.4,95.9,2.2
15036,2023,49.5,37.5,29.9,12.3,95.0,2.1
15054,2015,43.1,27.9,19.5,16.7,98.1,2.4
15054,2016,43.4,27.7,19.7,16.9,98.0,2.4
15054,2017,43.6,28.0,20.0,17.1,98.0,2.4
15054,2018,44.0,27.8,20.3,17.0,97.7,2.4
15054,2019,44.3,27.9,20.6,17.0,97.5,2.4
15054,2020,44.7,28.4,21.1,16.6,97.5,2.4
15054,2021,44.9,29.0,21.4,16.5,97.3,2.4
15054,2022,45.2,29.7,21.7,16.2,96.8,2.3
15054,2023,45.5,30.1,22.1,15.9,96.2,2.3
15058,2015,42.7,23.8,18.8,18.1,96.5,2.7
15058,2016,43.1,24.0,19.3,18.0,96.8,2.7
15058,2017,43.3,24.5,19.7,18.0,96.6,2.7
15058,2018,43.5,24.5,20.0,18.0,96.2,2.6
15058,2019,43.9,24.4,20.4,17.8,95.7,2.7
15058,2020,44.2,24.2,20.7,17.7,95.8,2.6
15058,2021,44.4,24.5,21.0,17.5,95.7,2.6
15058,2022,44.5,24.5,21.3,17.5,95.2,2.6
15058,2023,44.8,25.1,21.7,17.4,95.0,2.6
15073,2015,42.9,22.4,19.8,16.7,96.1,2.8
15073,2016,43.2,22.9,20.1,16.8,96.4,2.8
15073,2017,43.5,23.3,20.4,16.6,96.3,2.8
15073,2018,43.9,24.0,20.7,16.3,96.2,2.7
15073,2019,44.3,24.4,20.9,16.1,95.8,2.7
15073,2020,44.6,24.8,21.2,15.9,95.6,2.7
15073,2021,45.0,25.5,21.7,15.6,95.3,2.7
15073,2022,45.2,26.3,22.0,15.4,94.8,2.6
15073,2023,45.5,26.5,22.4,15.3,94.4,2.6
15078,2015,44.0,29.0,20.2,15.2,96.1,2.6
15078,2016,44.3,28.9,20.6,15.4,96.1,2.6
15078,2017,44.5,29.4,21.1,15.5,95.8,2.5
15078,2018,44.6,30.0,21.4,15.5,95.3,2.5
15078,2019,44.9,30.9,21.9,15.4,94.8,2.5
15078,2020,45.2,31.3,22.4,15.4,94.7,2.5
15078,2021,45.5,32.0,22.8,15.2,94.4,2.4
15078,2022,45.6,32.7,23.0,14.9,93.8,2.4
15078,2023,45.8,33.4,23.4,14.8,93.2,2.3
16078,2015,41.5,30.4,17.1,18.1,91.4,2.5
16078,2016,41.9,29.5,17.5,18.2,91.8,2.5
16078,2017,42.2,30.4,17.8,17.9,91.7,2.5
16078,2018,42.6,31.3,18.2,17.6,91.5,2.5
16078,2019,42.9,31.6,18.5,17.5,90.9,2.5
16078,2020,43.2,32.3,18.7,17.2,91.1,2.4
16078,2021,43.6,33.0,19.2,16.8,91.4,2.4
16078,2022,43.8,32.9,19.7,16.7,89.8,2.4
16078,2023,44.1,33.5,20.2,16.3,89.1,2.4
17023,2015,41.8,28.6,17.8,18.2,85.5,2.5
17023,2016,42.1,28.8,18.2,18.1,85.6,2.5
17023,2017,42.4,29.3,18.6,18.0,85.4,2.5
17023,2018,42.7,29.7,18.8,17.8,84.5,2.5
17023,2019,42.9,29.4,19.0,17.4,83.4,2.5
17023,2020,43.2,29.2,19.2,17.0,82.9,2.5
17023,2021,43.4,29.8,19.6,16.6,82.5,2.5
17023,2022,43.6,30.4,19.8,16.3,81.7,2.5
17023,2023,43.8,30.6,20.1,16.0,81.1,2.5
17066,2015,39.0,27.5,14.8,20.9,72.5,2.7
17066,2016,39.2,26.5,15.0,21.1,73.6,2.7
17066,2017,39.2,27.1,15.1,21.2,73.8,2.7
17066,2018,39.5,27.2,15.3,21.0,73.5,2.7
17066,2019,39.6,27.2,15.5,21.1,72.8,2.7
17066,2020,39.9,27.6,15.9,21.0,72.3,2.7
17066,2021,40.1,27.6,16.2,20.6,72.2,2.7
17066,2022,40.1,27.2,16.3,20.6,71.9,2.7
17066,2023,40.2,27.4,16.4,20.3,71.2,2.7
17079,2015,39.4,27.9,14.9,20.4,81.7,2.6
17079,2016,39.7,27.7,15.2,20.4,81.5,2.6
17079,2017,39.8,27.9,15.5,20.3,81.1,2.6
17079,2018,40.0,28.2,15.7,20.0,79.9,2.6
17079,2019,40.2,28.3,16.0,19.7,78.8,2.6
17079,2020,40.6,28.4,16.4,19.2,79.5,2.6
17079,2021,40.8,28.8,16.7,19.0,79.3,2.6
17079,2022,40.8,29.1,16.8,18.7,80.1,2.6
17079,2023,41.0,29.1,17.1,18.2,80.0,2.6
17095,2015,39.6,29.6,13.2,18.6,64.9,2.6
17095,2016,39.8,27.6,13.5,19.0,65.7,2.6
17095,2017,40.1,29.4,13.8,18.8,65.0,2.6
17095,2018,40.3,29.4,14.3,18.7,63.5,2.6
17095,2019,40.6,29.6,14.7,18.4,62.4,2.6
17095,2020,41.0,30.1,15.4,18.2,64.1,2.5
17095,2021,41.4,30.8,16.0,17.9,63.8,2.5
17095,2022,41.5,30.8,16.2,18.0,62.8,2.5
17095,2023,41.7,31.2,16.6,17.9,62.1,2.5
17114,2015,42.5,27.2,19.4,17.8,82.3,2.6
17114,2016,42.7,26.8,19.5,17.9,82.0,2.6
17114,2017,42.7,27.5,19.6,17.8,81.6,2.6
17114,2018,42.7,27.6,19.4,17.7,79.9,2.6
17114,2019,42.7,27.5,19.4,17.5,78.2,2.6
17114,2020,42.8,27.9,19.5,17.5,77.5,2.6
17114,2021,43.0,27.8,19.8,17.3,76.8,2.6
17114,2022,42.9,28.0,19.9,17.2,76.3,2.6
17114,2023,42.9,27.8,20.1,17.1,74.9,2.6
17155,2015,37.0,22.4,12.4,23.4,62.6,3.0
17155,2016,37.1,20.8,12.5,23.5,62.9,3.1
17155,2017,37.1,21.2,12.6,23.5,62.1,3.1
17155,2018,37.1,21.3,12.6,23.8,61.0,3.1
17155,2019,37.2,21.2,12.6,23.6,60.8,3.2
17155,2020,37.4,21.2,12.8,23.5,61.5,3.2
17155,2021,37.6,21.4,13.0,23.5,61.9,3.1
17155,2022,37.5,20.8,13.0,23.6,62.7,3.2
17155,2023,37.6,20.6,13.0,23.2,63.0,3.2
18017,2015,43.2,31.6,20.9,17.0,80.2,2.5
18017,2016,43.1,29.1,20.2,17.3,80.4,2.6
18017,2017,43.4,32.4,20.6,17.1,82.6,2.5
18017,2018,44.0,32.5,21.5,16.7,82.2,2.5
18017,2019,44.0,32.3,21.4,16.8,83.9,2.5
18017,2020,44.3,32.7,21.4,16.3,85.0,2.4
18017,2021,44.7,33.1,22.2,16.1,83.0,2.4
18017,2022,45.3,33.7,23.3,15.4,80.3,2.4
18017,2023,45.6,34.6,23.7,15.3,80.7,2.4
18087,2015,43.1,33.6,20.2,16.7,93.6,2.4
18087,2016,43.5,33.3,20.7,16.7,93.8,2.4
18087,2017,43.6,34.4,21.0,16.8,93.6,2.4
18087,2018,43.8,34.8,21.3,16.7,93.1,2.4
18087,2019,44.0,35.1,21.6,16.6,92.4,2.4
18087,2020,44.2,35.4,21.9,16.3,92.0,2.3
18087,2021,44.5,36.2,22.6,16.2,92.1,2.3
18087,2022,44.6,36.9,22.9,15.9,91.1,2.3
18087,2023,44.8,37.1,23.4,15.6,90.4,2.3
18140,2015,39.1,23.5,14.3,20.6,90.4,2.8
18140,2016,39.4,23.2,14.6,20.6,90.8,2.8
18140,2017,39.8,24.1,15.0,20.4,90.7,2.8
18140,2018,40.1,23.5,15.2,20.2,90.9,2.8
18140,2019,40.4,23.6,15.5,20.1,90.4,2.8
18140,2020,40.7,24.1,15.8,19.8,90.4,2.7
18140,2021,41.1,24.6,16.3,19.4,90.4,2.7
18140,2022,41.4,24.5,16.7,19.1,89.9,2.7
18140,2023,41.7,24.5,17.2,18.7,89.4,2.7
19046,2015,36.2,20.6,9.8,22.6,80.5,2.9
19046,2016,36.5,20.6,10.0,22.8,81.3,2.9
19046,2017,36.9,20.5,10.4,22.6,81.7,2.9
19046,2018,37.4,21.0,10.8,22.2,81.5,2.9
19046,2019,37.8,21.4,11.2,21.9,80.7,2.9
19046,2020,38.3,21.4,11.6,21.6,81.2,2.8
19046,2021,38.7,21.9,11.9,21.1,81.3,2.8
19046,2022,39.1,22.3,12.2,20.7,81.5,2.8
19046,2023,39.4,22.9,12.6,20.3,81.2,2.8
19130,2015,40.9,28.3,16.2,18.9,88.3,2.6
19130,2016,41.1,27.9,16.6,19.0,88.4,2.6
19130,2017,41.3,28.2,16.8,18.9,88.0,2.6
19130,2018,41.5,28.5,17.2,18.7,87.3,2.6
19130,2019,41.7,28.3,17.4,18.7,86.3,2.6
19130,2020,41.9,28.6,17.6,18.6,86.2,2.6
19130,2021,42.2,28.9,18.0,18.3,85.8,2.6
19130,2022,42.2,28.9,18.2,18.4,84.8,2.6
19130,2023,42.3,29.1,18.5,18.0,83.4,2.6
20030,2015,45.6,31.0,24.3,16.1,92.8,2.3
20030,2016,45.6,31.6,24.4,16.5,92.6,2.3
20030,2017,45.6,31.9,24.4,16.5,92.0,2.3
20030,2018,45.7,32.5,24.5,16.5,91.2,2.3
20030,2019,45.7,32.4,24.5,16.6,90.1,2.3
20030,2020,45.8,32.9,24.7,16.8,90.0,2.3
20030,2021,46.0,33.3,25.1,16.7,90.3,2.3
20030,2022,46.0,33.8,25.4,16.6,89.5,2.3
20030,2023,46.1,34.0,25.5,16.4,89.0,2.3
20045,2015,43.4,25.9,20.4,17.4,91.4,2.5
20045,2016,43.7,26.2,20.8,17.2,90.9,2.5
20045,2017,44.0,26.9,21.1,17.0,90.4,2.5
20045,2018,44.3,26.9,21.5,16.9,89.7,2.5
20045,2019,44.5,27.1,21.8,16.6,88.8,2.5
20045,2020,44.8,27.3,22.0,16.4,88.8,2.5
20045,2021,45.1,27.8,22.5,16.0,88.8,2.5
20045,2022,45.2,28.4,22.8,15.9,88.7,2.5
20045,2023,45.4,28.8,23.2,15.5,87.9,2.5
20067,2015,44.2,27.4,22.7,17.2,94.1,2.4
20067,2016,44.5,27.8,23.0,17.2,93.8,2.4
20067,2017,44.8,28.4,23.3,17.0,93.4,2.4
20067,2018,45.0,28.5,23.5,17.0,92.7,2.4
20067,2019,45.2,29.2,23.6,16.6,92.2,2.4
20067,2020,45.6,29.6,23.9,16.1,92.2,2.4
20067,2021,45.9,30.5,24.2,15.9,91.9,2.3
20067,2022,46.1,30.9,24.0,15.6,91.5,2.3
20067,2023,46.3,31.3,24.2,15.0,90.8,2.3
20069,2015,45.2,30.3,22.7,15.4,93.4,2.4
20069,2016,45.4,30.4,23.0,15.5,93.3,2.4
20069,2017,45.6,30.6,23.5,15.3,92.9,2.4
20069,2018,45.8,30.9,23.8,15.2,92.3,2.4
20069,2019,46.0,31.2,24.1,15.0,91.7,2.4
20069,2020,46.2,31.6,24.5,14.8,91.5,2.4
20069,2021,46.4,32.2,25.0,14.6,91.3,2.3
20069,2022,46.5,32.5,25.3,14.4,91.2,2.3
20069,2023,46.7,33.0,25.8,14.2,90.7,2.3
21041,2015,41.0,25.3,17.0,19.1,95.9,2.6
21041,2016,41.3,25.2,17.4,19.0,96.0,2.6
21041,2017,41.6,25.5,17.8,18.9,96.2,2.6
21041,2018,42.0,26.0,18.1,18.7,95.9,2.6
21041,2019,42.3,26.4,18.5,18.5,95.4,2.6
21041,2020,42.7,27.0,19.0,18.2,95.2,2.6
21041,2021,43.0,27.7,19.3,17.9,95.1,2.5
21041,2022,43.2,28.1,19.7,17.6,94.2,2.5
21041,2023,43.5,28.4,20.1,17.2,93.5,2.5
21044,2015,36.9,23.6,11.1,21.6,82.3,2.8
21044,2016,37.3,23.0,11.3,21.6,84.1,2.8
21044,2017,37.6,23.6,11.4,21.5,83.9,2.8
21044,2018,37.9,24.1,11.6,21.4,83.1,2.8
21044,2019,38.2,24.6,11.8,21.0,82.3,2.8
21044,2020,38.5,24.8,12.0,20.5,81.9,2.8
21044,2021,38.8,24.8,12.2,20.1,81.3,2.8
21044,2022,39.1,24.8,12.6,19.8,82.2,2.8
21044,2023,39.4,25.5,12.8,19.5,81.7,2.7
22125,2015,42.3,29.5,18.8,18.6,90.9,2.5
22125,2016,42.6,29.3,19.2,18.5,91.4,2.5
22125,2017,42.8,30.0,19.5,18.6,91.2,2.4
22125,2018,42.9,30.3,19.7,18.5,90.3,2.5
22125,2019,43.0,30.3,20.0,18.4,89.1,2.5
22125,2020,43.3,30.8,20.3,18.2,88.8,2.4
22125,2021,43.5,31.3,20.9,18.1,88.9,2.4
22125,2022,43.6,31.8,21.2,18.0,88.0,2.4
22125,2023,43.8,32.0,21.7,17.8,87.5,2.4
23005,2015,41.2,24.9,17.4,18.5,98.2,2.6
23005,2016,41.6,25.0,17.7,18.3,98.3,2.6
23005,2017,42.0,26.0,18.1,18.1,98.4,2.6
23005,2018,42.4,26.3,18.5,17.9,98.5,2.6
23005,2019,42.7,26.7,18.8,17.9,98.4,2.5
23005,2020,43.1,27.2,19.2,17.4,98.5,2.5
23005,2021,43.4,27.6,19.7,17.1,98.5,2.5
23005,2022,43.8,28.5,20.2,16.9,98.3,2.4
23005,2023,44.1,28.9,20.7,16.6,98.1,2.4
23050,2015,40.9,26.0,16.7,18.9,97.7,2.7
23050,2016,41.3,25.7,17.0,18.8,97.8,2.7
23050,2017,41.6,25.6,17.4,18.5,97.8,2.7
23050,2018,42.0,25.8,17.8,18.3,97.7,2.6
23050,2019,42.4,26.3,18.2,18.1,97.6,2.6
23050,2020,42.7,26.8,18.5,17.8,97.4,2.6
23050,2021,43.0,27.2,19.0,17.5,97.1,2.6
23050,2022,43.3,28.0,19.4,17.1,96.7,2.5
23050,2023,43.5,28.7,19.9,16.8,96.1,2.5
23055,2015,41.7,23.3,17.4,18.0,97.6,2.7
23055,2016,42.1,23.7,17.8,17.9,97.7,2.7
23055,2017,42.5,24.1,18.4,17.7,97.7,2.7
23055,2018,42.9,24.7,18.9,17.5,97.5,2.7
23055,2019,43.2,25.0,19.5,17.4,97.3,2.6
23055,2020,43.6,25.6,20.0,17.0,97.3,2.6
23055,2021,44.0,26.2,20.8,16.8,97.4,2.6
23055,2022,44.4,26.9,21.6,16.4,97.4,2.5
23055,2023,44.6,27.4,22.2,16.2,96.6,2.5
23092,2015,41.2,28.2,17.0,18.5,97.5,2.6
23092,2016,41.5,26.6,17.1,18.5,97.6,2.6
23092,2017,41.9,25.2,17.4,18.1,97.5,2.7
23092,2018,42.2,25.3,17.9,17.9,97.5,2.6
23092,2019,42.6,25.4,18.4,17.6,97.4,2.6
23092,2020,43.0,25.9,18.8,17.3,97.3,2.6
23092,2021,43.4,26.7,19.3,17.1,97.1,2.6
23092,2022,43.7,27.4,19.9,16.7,96.8,2.5
23092,2023,44.0,28.0,20.4,16.4,96.5,2.5
24089,2015,47.0,34.0,25.6,14.2,94.7,2.3
24089,2016,47.2,33.9,26.0,14.3,94.8,2.3
24089,2017,47.4,34.8,26.4,14.4,94.6,2.2
24089,2018,47.6,35.4,26.7,14.3,94.2,2.2
24089,2019,47.8,35.9,27.1,14.3,93.8,2.2
24089,2020,48.0,36.4,27.4,14.1,93.8,2.2
24089,2021,48.3,37.0,28.0,14.0,93.7,2.2
24089,2022,48.4,37.8,28.2,13.7,93.0,2.2
24089,2023,48.5,38.1,28.6,13.7,92.3,2.2
24115,2015,45.2,29.3,22.0,15.0,96.0,2.4
24115,2016,45.7,29.4,22.5,14.8,96.3,2.4
24115,2017,46.1,30.2,23.1,14.7,96.3,2.4
24115,2018,46.4,30.8,23.6,14.7,96.2,2.3
24115,2019,46.8,31.3,24.0,14.6,95.9,2.3
24115,2020,47.1,32.0,24.5,14.3,95.9,2.3
24115,2021,47.5,32.8,25.3,14.0,95.8,2.3
24115,2022,47.7,33.3,25.7,13.9,95.4,2.3
24115,2023,48.0,33.9,26.5,13.6,94.9,2.2
24142,2015,42.3,27.8,16.8,17.4,96.6,2.5
24142,2016,42.8,27.9,17.4,17.2,96.8,2.4
24142,2017,43.3,28.9,17.8,16.8,96.6,2.4
24142,2018,43.8,29.7,18.4,16.7,96.4,2.4
24142,2019,44.2,29.8,18.8,16.3,95.8,2.4
24142,2020,44.5,30.5,19.3,16.1,95.5,2.4
24142,2021,45.0,30.9,20.1,15.6,95.3,2.4
24142,2022,45.4,31.3,20.5,15.3,94.6,2.3
24142,2023,45.7,31.9,21.2,15.0,94.2,2.3
25120,2015,41.3,29.1,17.1,18.4,81.1,2.6
25120,2016,41.6,28.7,17.5,18.5,81.9,2.6
25120,2017,41.8,29.4,17.7,18.5,81.9,2.5
25120,2018,42.0,29.4,17.9,18.5,81.3,2.6
25120,2019,42.2,29.2,18.2,18.3,80.5,2.6
25120,2020,42.4,29.5,18.5,18.3,79.9,2.5
25120,2021,42.6,29.6,18.8,18.1,79.3,2.5
25120,2022,42.6,29.8,18.8,17.9,79.6,2.5
25120,2023,42.8,29.9,19.0,17.5,79.0,2.5
26089,2015,42.6,30.1,18.9,18.1,89.0,2.4
26089,2016,42.9,30.1,19.4,18.0,89.3,2.4
26089,2017,43.2,30.4,19.8,17.9,89.4,2.4
26089,2018,43.5,30.7,20.1,17.7,89.2,2.4
26089,2019,43.7,30.6,20.5,17.6,88.6,2.4
26089,2020,44.1,31.2,21.0,17.3,88.5,2.4
26089,2021,44.4,31.7,21.5,17.1,88.5,2.4
26089,2022,44.6,32.2,21.9,16.9,88.2,2.4
26089,2023,44.9,32.6,22.4,16.6,87.7,2.4
27028,2015,44.1,30.9,20.5,15.6,95.3,2.4
27028,2016,44.4,30.7,20.8,15.6,95.5,2.4
27028,2017,44.6,31.1,21.2,15.7,95.3,2.4
27028,2018,44.9,31.6,21.5,15.7,94.7,2.4
27028,2019,45.1,31.7,21.9,15.6,93.9,2.4
27028,2020,45.5,32.0,22.4,15.6,93.9,2.3
27028,2021,45.8,32.6,23.0,15.4,93.7,2.3
27028,2022,45.9,33.3,23.1,15.3,92.7,2.3
27028,2023,46.0,33.5,23.2,15.2,91.8,2.3
28005,2015,40.7,20.3,15.6,18.1,83.6,2.8
28005,2016,41.2,19.9,16.4,18.2,84.4,2.8
28005,2017,41.6,21.0,17.0,18.1,84.6,2.8
28005,2018,41.9,21.2,17.5,17.9,84.1,2.8
28005,2019,42.2,21.3,18.0,17.7,83.7,2.8
28005,2020,42.5,22.0,18.3,17.4,83.9,2.7
28005,2021,42.9,22.5,18.8,17.1,83.9,2.7
28005,2022,43.0,22.8,19.2,16.9,83.6,2.7
28005,2023,43.3,23.2,19.6,16.6,83.0,2.7
28006,2015,39.5,19.1,14.9,19.9,87.1,3.0
28006,2016,39.7,18.8,15.4,20.2,87.0,3.0
28006,2017,39.9,19.2,15.8,20.1,86.7,3.0
28006,2018,40.2,19.0,16.2,20.0,86.0,3.0
28006,2019,40.5,19.1,16.4,19.8,85.3,3.0
28006,2020,40.9,19.7,16.7,19.6,85.5,3.0
28006,2021,41.2,19.9,17.1,19.4,85.2,3.0
28006,2022,41.3,19.9,17.2,19.2,84.3,3.0
28006,2023,41.6,20.5,17.5,18.7,83.6,3.0
28007,2015,42.4,23.0,20.9,18.2,90.4,2.6
28007,2016,42.7,22.5,21.4,18.3,90.6,2.6
28007,2017,43.0,23.3,21.9,18.3,90.7,2.6
28007,2018,43.4,23.5,22.3,18.1,90.4,2.6
28007,2019,43.7,23.5,22.5,17.9,89.8,2.7
28007,2020,44.0,24.1,22.5,17.5,89.7,2.6
28007,2021,44.4,24.6,22.8,17.1,89.8,2.6
28007,2022,44.7,24.5,22.6,16.5,88.7,2.6
28007,2023,44.9,24.8,22.7,16.1,88.2,2.6
28013,2015,39.3,23.1,14.8,20.9,88.2,2.8
28013,2016,39.6,22.2,15.1,21.2,88.3,2.8
28013,2017,39.9,23.3,15.4,21.0,88.0,2.8
28013,2018,40.1,23.0,15.7,20.9,87.6,2.8
28013,2019,40.5,23.1,16.0,20.5,86.6,2.8
28013,2020,40.9,23.4,16.3,20.3,86.6,2.8
28013,2021,41.2,23.7,16.7,20.0,86.7,2.8
28013,2022,41.4,23.4,16.9,19.6,85.2,2.8
28013,2023,41.5,23.0,17.1,19.2,83.9,2.8
28014,2015,37.1,17.7,10.4,21.4,77.3,3.0
28014,2016,37.4,17.4,10.9,21.9,78.6,3.0
28014,2017,37.8,18.3,11.3,21.8,78.6,2.9
28014,2018,38.2,18.8,11.6,21.6,77.9,2.9
28014,2019,38.5,18.9,12.0,21.4,77.6,2.9
28014,2020,38.8,19.5,12.3,21.2,78.1,2.9
28014,2021,39.2,19.9,12.7,20.8,78.3,2.8
28014,2022,39.5,19.1,13.1,20.6,78.3,2.9
28014,2023,39.9,19.2,13.7,20.2,77.8,2.9
28022,2015,35.5,14.2,9.7,27.3,93.5,3.2
28022,2016,35.9,13.0,9.9,27.6,93.4,3.2
28022,2017,36.2,13.3,10.1,27.4,93.3,3.2
28022,2018,36.5,12.8,10.3,27.3,92.7,3.2
28022,2019,36.9,12.8,10.5,26.9,92.1,3.2
28022,2020,37.1,12.7,10.5,26.8,92.1,3.3
28022,2021,37.3,13.0,10.5,26.2,92.1,3.3
28022,2022,37.8,12.3,11.1,25.2,91.6,3.3
28022,2023,38.3,12.0,11.6,24.3,91.6,3.3
28045,2015,38.0,20.4,11.7,21.2,87.8,2.9
28045,2016,38.3,19.7,11.8,21.3,88.0,2.9
28045,2017,38.5,19.7,12.2,21.2,88.0,2.9
28045,2018,38.7,19.7,12.4,21.1,87.6,2.9
28045,2019,39.0,19.6,12.7,20.9,87.1,2.9
28045,2020,39.2,19.7,12.9,20.8,87.2,2.9
28045,2021,39.6,19.7,13.2,20.6,87.3,2.9
28045,2022,39.7,19.9,13.4,20.5,87.2,2.9
28045,2023,39.9,19.7,13.8,20.2,86.6,2.9
28047,2015,38.8,22.4,12.2,19.9,82.8,2.8
28047,2016,39.1,21.4,12.5,20.0,82.8,2.9
28047,2017,39.5,22.3,12.9,19.7,83.1,2.9
28047,2018,39.9,22.6,13.4,19.3,82.8,2.8
28047,2019,40.3,23.0,13.9,18.9,82.2,2.8
28047,2020,40.8,23.5,14.5,18.4,82.5,2.8
28047,2021,41.2,24.1,15.0,18.0,82.5,2.8
28047,2022,41.5,23.7,15.3,17.5,81.4,2.8
28047,2023,41.7,23.3,15.6,17.1,81.0,2.8
28049,2015,41.7,16.5,15.5,15.7,81.7,2.9
28049,2016,42.2,16.6,16.7,15.9,82.8,2.9
28049,2017,42.6,17.4,17.8,15.9,83.4,2.8
28049,2018,43.1,17.9,19.0,15.8,83.4,2.8
28049,2019,43.6,18.3,20.0,15.6,83.6,2.8
28049,2020,44.1,18.9,20.9,15.4,82.7,2.8
28049,2021,44.6,19.5,21.8,15.1,82.5,2.8
28049,2022,44.9,20.2,22.9,15.1,82.8,2.7
28049,2023,45.3,20.7,23.8,14.8,82.1,2.7
28058,2015,38.5,14.5,9.5,19.6,89.3,3.0
28058,2016,38.9,14.2,10.3,19.7,89.1,3.0
28058,2017,39.4,14.8,11.4,19.5,89.8,3.0
28058,2018,39.9,15.3,12.5,19.2,89.6,3.0
28058,2019,40.5,15.6,13.6,18.7,89.2,2.9
28058,2020,41.0,16.1,14.8,18.2,89.3,2.9
28058,2021,41.5,16.7,16.1,17.7,89.7,2.9
28058,2022,42.0,17.3,17.2,17.3,89.5,2.8
28058,2023,42.5,17.4,18.3,16.8,89.0,2.8
28061,2015,38.4,21.3,11.7,21.6,83.7,2.9
28061,2016,38.6,20.3,11.9,21.4,83.8,2.9
28061,2017,39.0,21.3,12.1,21.1,84.1,2.9
28061,2018,39.3,21.1,12.5,21.0,83.8,2.9
28061,2019,39.6,20.8,12.8,20.7,83.2,2.9
28061,2020,40.1,20.9,13.4,20.0,83.5,2.9
28061,2021,40.6,21.2,14.0,19.6,84.1,2.9
28061,2022,40.9,21.6,14.4,19.2,84.0,2.9
28061,2023,41.3,21.3,15.1,18.6,83.7,2.9
28065,2015,41.2,23.7,18.4,18.2,87.2,2.6
28065,2016,41.3,22.3,18.7,18.5,87.6,2.6
28065,2017,41.5,22.8,18.9,18.6,87.7,2.6
28065,2018,41.7,23.0,19.1,18.7,87.2,2.7
28065,2019,41.9,23.3,19.2,18.8,86.9,2.6
28065,2020,42.2,24.1,19.5,18.8,87.8,2.6
28065,2021,42.5,24.4,19.6,18.7,88.1,2.6
28065,2022,42.6,24.4,19.5,18.4,86.8,2.6
28065,2023,42.7,24.4,19.5,18.2,85.8,2.6
28074,2015,42.3,21.7,20.4,17.6,89.9,2.7
28074,2016,42.6,21.7,21.1,17.9,90.1,2.7
28074,2017,42.9,22.1,21.5,17.8,90.1,2.7
28074,2018,43.2,22.3,21.9,17.7,89.6,2.7
28074,2019,43.5,22.5,22.2,17.5,89.1,2.7
28074,2020,43.9,23.3,22.4,17.3,89.7,2.6
28074,2021,44.3,23.9,22.7,17.0,89.7,2.6
28074,2022,44.4,23.7,22.5,16.8,88.0,2.6
28074,2023,44.6,23.7,22.5,16.4,87.0,2.6
28079,2015,43.4,30.6,20.4,16.1,87.8,2.5
28079,2016,43.5,30.6,20.4,16.2,87.5,2.5
28079,2017,43.5,30.8,20.3,16.1,86.8,2.5
28079,2018,43.6,30.8,20.2,16.0,85.9,2.5
28079,2019,43.6,30.6,20.0,15.7,84.7,2.5
28079,2020,43.8,31.1,20.1,15.5,84.3,2.5
28079,2021,44.0,31.6,20.3,15.3,84.4,2.5
28079,2022,43.9,31.9,20.2,15.1,83.5,2.5
28079,2023,43.9,31.5,20.2,14.8,82.6,2.5
28080,2015,38.7,16.8,14.2,22.6,89.4,3.2
28080,2016,39.1,16.1,14.9,22.5,89.5,3.2
28080,2017,39.5,17.3,15.5,22.2,89.3,3.2
28080,2018,39.9,17.5,16.2,21.9,89.1,3.2
28080,2019,40.4,17.9,16.8,21.4,88.8,3.1
28080,2020,40.8,18.3,17.2,20.8,89.3,3.1
28080,2021,41.2,18.5,17.6,20.5,89.3,3.1
28080,2022,41.6,18.6,18.2,19.9,88.8,3.1
28080,2023,41.9,19.0,18.7,19.5,88.5,3.1
28092,2015,41.5,18.6,17.0,16.8,88.4,2.8
28092,2016,41.8,18.7,17.9,17.0,88.7,2.8
28092,2017,42.2,19.2,19.0,17.1,88.8,2.8
28092,2018,42.5,19.2,19.9,17.1,88.1,2.8
28092,2019,42.9,19.3,20.7,17.0,87.8,2.8
28092,2020,43.2,19.9,21.4,16.9,87.6,2.8
28092,2021,43.6,20.4,22.0,16.8,87.9,2.7
28092,2022,43.9,20.7,22.5,16.6,87.8,2.7
28092,2023,44.2,21.0,23.0,16.3,87.2,2.7
28096,2015,35.7,19.2,9.8,24.4,89.3,2.9
28096,2016,36.1,18.8,10.2,24.4,89.7,2.9
28096,2017,36.4,19.1,10.5,24.6,89.7,3.0
28096,2018,36.7,18.9,10.6,24.5,89.3,3.0
28096,2019,37.1,18.7,10.9,24.3,88.5,3.0
28096,2020,37.4,18.4,11.1,24.3,88.4,3.0
28096,2021,37.7,18.4,11.4,23.9,88.5,3.0
28096,2022,38.1,18.3,11.8,23.4,88.6,3.0
28096,2023,38.5,18.2,12.2,23.1,88.3,3.0
28106,2015,36.0,18.8,9.6,22.9,80.4,3.0
28106,2016,36.3,18.1,10.2,23.4,80.3,3.0
28106,2017,36.6,18.5,10.9,23.4,79.6,3.0
28106,2018,37.0,18.3,11.4,23.3,78.7,3.0
28106,2019,37.4,18.1,11.9,22.9,77.3,3.0
28106,2020,37.8,18.5,12.5,22.8,77.6,3.0
28106,2021,38.3,18.6,13.0,22.5,78.2,3.0
28106,2022,38.6,18.8,13.4,22.1,78.0,3.0
28106,2023,39.0,18.8,13.8,21.7,77.5,3.0
28113,2015,37.3,20.8,11.1,21.9,89.7,2.8
28113,2016,37.6,20.1,11.4,22.0,89.9,2.8
28113,2017,37.9,20.3,11.8,22.1,90.0,2.8
28113,2018,38.2,20.2,12.0,22.0,89.6,2.8
28113,2019,38.6,20.2,12.3,21.7,89.2,2.8
28113,2020,39.0,20.1,12.6,21.5,89.4,2.8
28113,2021,39.4,20.5,13.1,21.1,89.1,2.8
28113,2022,39.7,20.4,13.4,20.6,88.6,2.8
28113,2023,40.0,20.5,13.8,20.2,87.9,2.8
28115,2015,39.5,15.8,15.4,22.3,92.2,3.2
28115,2016,39.8,15.6,16.0,22.1,92.2,3.2
28115,2017,40.1,15.8,16.3,21.8,92.0,3.2
28115,2018,40.5,15.9,16.8,21.4,91.6,3.2
28115,2019,40.9,16.1,17.2,20.9,91.1,3.2
28115,2020,41.2,16.4,17.5,20.5,91.1,3.2
28115,2021,41.5,16.6,17.9,20.2,91.0,3.2
28115,2022,41.7,16.7,18.3,19.8,90.6,3.1
28115,2023,42.1,17.1,18.8,19.3,90.2,3.1
28123,2015,35.3,17.4,6.1,23.7,90.8,3.0
28123,2016,35.7,16.9,6.6,23.9,91.3,3.0
28123,2017,36.0,16.7,7.1,23.8,91.4,3.0
28123,2018,36.3,16.1,7.6,23.8,91.2,3.0
28123,2019,36.7,16.3,8.0,23.5,91.0,3.0
28123,2020,37.1,16.2,8.6,23.3,91.4,3.0
28123,2021,37.4,16.5,9.2,23.0,91.1,3.0
28123,2022,37.7,16.7,9.9,22.6,91.3,2.9
28123,2023,38.2,16.6,10.8,22.2,91.2,2.9
28127,2015,37.0,18.3,10.8,24.4,91.6,3.1
28127,2016,37.3,17.8,11.2,24.5,91.8,3.1
28127,2017,37.7,18.1,11.9,24.3,91.7,3.1
28127,2018,38.2,18.4,12.5,23.9,91.4,3.1
28127,2019,38.7,18.5,13.1,23.4,91.0,3.1
28127,2020,39.2,18.6,13.6,22.7,91.6,3.1
28127,2021,39.6,18.6,14.2,22.2,91.4,3.1
28127,2022,39.9,18.4,14.6,21.5,90.5,3.1
28127,2023,40.3,18.7,15.2,20.8,90.5,3.0
28130,2015,39.4,16.8,11.2,18.5,85.9,2.9
28130,2016,39.9,17.1,11.8,18.4,86.6,2.9
28130,2017,40.3,17.7,12.4,18.1,86.8,2.8
28130,2018,40.8,18.0,13.4,17.6,86.9,2.8
28130,2019,41.3,18.5,14.1,17.1,86.4,2.8
28130,2020,41.7,18.7,14.9,16.8,86.4,2.8
28130,2021,42.2,19.2,15.9,16.4,86.4,2.7
28130,2022,42.6,19.7,16.9,15.9,86.1,2.7
28130,2023,43.1,19.9,17.9,15.5,85.7,2.7
28134,2015,38.3,21.7,12.4,20.8,89.6,2.8
28134,2016,38.6,21.4,13.0,21.0,90.1,2.8
28134,2017,39.0,21.6,13.7,20.8,90.0,2.8
28134,2018,39.3,21.4,14.0,20.8,89.6,2.8
28134,2019,39.5,20.7,14.3,20.6,88.7,2.8
28134,2020,39.9,21.2,14.6,20.3,89.0,2.8
28134,2021,40.2,22.0,15.1,20.3,88.8,2.8
28134,2022,40.5,22.2,15.3,20.0,88.3,2.8
28134,2023,40.8,22.3,15.7,19.5,87.3,2.8
28148,2015,38.5,19.4,12.6,20.0,84.1,2.9
28148,2016,38.8,18.4,13.3,20.3,84.7,2.9
28148,2017,39.1,18.7,13.8,20.3,84.5,2.9
28148,2018,39.5,19.1,14.4,20.2,84.3,2.9
28148,2019,39.9,18.9,14.8,19.9,83.9,2.9
28148,2020,40.3,19.6,15.2,19.6,84.1,2.9
28148,2021,40.6,20.0,15.5,19.3,83.8,2.8
28148,2022,40.9,19.8,15.8,18.9,82.7,2.8
28148,2023,41.2,19.9,16.2,18.4,81.9,2.8
28161,2015,34.9,16.6,8.0,25.7,90.3,3.0
28161,2016,35.5,16.2,8.4,25.7,90.6,3.0
28161,2017,35.9,17.0,8.8,25.4,90.8,3.0
28161,2018,36.4,17.0,9.2,24.9,90.5,3.0
28161,2019,36.9,17.0,9.5,24.4,90.0,3.0
28161,2020,37.4,17.4,9.8,23.9,90.2,3.0
28161,2021,37.9,17.7,10.1,23.3,90.0,3.0
28161,2022,38.3,17.8,10.6,22.4,89.1,3.0
28161,2023,38.8,18.2,10.9,21.4,88.6,2.9
28181,2015,40.5,16.6,15.9,18.9,92.3,3.0
28181,2016,40.9,16.3,16.8,19.2,92.1,3.0
28181,2017,41.3,16.8,17.7,18.9,91.9,3.0
28181,2018,41.6,16.9,18.2,18.6,91.2,3.0
28181,2019,41.9,17.5,18.7,18.1,90.3,3.0
28181,2020,42.3,17.9,19.1,17.8,90.3,3.0
28181,2021,42.7,18.4,19.7,17.4,90.1,3.0
28181,2022,42.8,18.9,19.9,17.0,89.4,3.0
28181,2023,42.9,20.2,20.3,16.2,88.3,2.9
28903,2015,38.2,22.8,10.6,21.0,93.2,2.8
28903,2016,38.4,22.1,11.0,21.0,93.2,2.8
28903,2017,38.7,22.2,11.6,20.6,93.3,2.8
28903,2018,39.1,21.9,12.3,20.4,92.9,2.8
28903,2019,39.5,20.6,13.0,20.1,92.5,2.9
28903,2020,39.8,20.8,13.5,19.9,92.8,2.9
28903,2021,40.1,19.7,14.2,19.9,92.4,2.9
28903,2022,40.3,18.5,15.0,19.8,92.0,2.9
28903,2023,40.6,18.6,15.6,19.7,91.3,2.9
29007,2015,37.2,17.9,11.4,23.5,92.8,3.0
29007,2016,37.5,17.2,11.7,23.6,93.0,3.0
29007,2017,37.9,17.2,12.1,23.5,92.4,3.0
29007,2018,38.3,17.1,12.5,23.2,92.2,3.0
29007,2019,38.6,16.9,12.8,22.9,91.8,3.1
29007,2020,38.9,16.8,13.1,22.6,91.7,3.1
29007,2021,39.2,16.9,13.4,22.2,91.9,3.0
29007,2022,39.6,17.0,13.8,21.6,91.1,3.0
29007,2023,40.1,17.1,14.3,20.9,90.8,3.0
29015,2015,40.4,23.4,16.0,19.7,96.2,2.7
29015,2016,40.7,22.5,16.3,19.6,95.9,2.7
29015,2017,41.1,23.5,16.6,19.4,95.8,2.7
29015,2018,41.3,23.6,16.8,19.2,95.5,2.7
29015,2019,41.6,24.1,16.9,18.9,95.0,2.7
29015,2020,41.9,24.0,17.3,18.5,94.6,2.7
29015,2021,42.4,24.3,17.9,18.1,94.9,2.6
29015,2022,42.6,24.4,18.2,17.9,95.0,2.6
29015,2023,42.8,25.0,18.6,17.5,94.5,2.6
29025,2015,41.0,35.6,16.2,18.2,74.0,2.4
29025,2016,40.2,34.0,14.6,19.1,73.8,2.4
29025,2017,40.3,34.3,14.6,19.2,76.1,2.4
29025,2018,40.6,34.4,15.0,19.2,76.2,2.4
29025,2019,40.9,34.2,15.4,19.0,75.7,2.4
29025,2020,41.3,33.9,15.8,18.7,75.6,2.4
29025,2021,41.6,34.0,16.1,18.5,74.0,2.4
29025,2022,41.9,32.9,16.6,18.0,71.9,2.5
29025,2023,42.2,33.0,16.9,17.7,71.2,2.5
29051,2015,39.4,26.3,14.6,20.7,77.4,2.6
29051,2016,39.2,24.5,14.3,21.1,78.2,2.7
29051,2017,39.6,26.6,14.6,20.8,78.4,2.6
29051,2018,40.2,26.4,15.4,20.6,77.7,2.6
29051,2019,40.5,26.2,15.8,20.2,76.5,2.6
29051,2020,40.9,26.7,15.9,19.8,75.9,2.6
29051,2021,41.3,27.0,16.4,19.3,74.4,2.6
29051,2022,41.5,27.1,16.6,19.0,72.8,2.6
29051,2023,41.6,26.8,16.7,18.7,72.1,2.6
29054,2015,43.6,32.8,21.3,16.2,65.6,2.5
29054,2016,43.3,29.6,20.5,16.6,68.3,2.5
29054,2017,43.5,34.2,20.9,16.5,68.2,2.5
29054,2018,44.5,33.3,22.4,15.7,64.1,2.5
29054,2019,45.0,33.0,23.0,15.3,62.6,2.5
29054,2020,45.4,33.2,23.5,15.0,62.9,2.5
29054,2021,45.8,33.2,24.1,14.8,62.5,2.5
29054,2022,45.8,33.1,24.1,14.9,61.9,2.5
29054,2023,45.9,32.9,24.2,14.7,61.9,2.5
29067,2015,40.9,25.3,16.8,18.9,92.5,2.7
29067,2016,41.1,25.1,17.0,18.9,92.6,2.7
29067,2017,41.4,25.6,17.4,18.7,92.4,2.7
29067,2018,41.7,25.9,17.6,18.5,91.9,2.7
29067,2019,41.9,26.0,17.9,18.2,91.3,2.7
29067,2020,42.3,26.3,18.3,18.0,91.4,2.7
29067,2021,42.5,26.8,18.6,17.7,91.0,2.6
29067,2022,42.7,27.0,18.8,17.4,90.3,2.6
29067,2023,42.9,27.1,19.2,17.0,89.6,2.6
29069,2015,39.5,31.6,14.0,19.9,76.2,2.6
29069,2016,39.6,27.9,14.0,20.0,76.5,2.7
29069,2017,39.9,29.9,14.2,19.8,76.4,2.7
29069,2018,40.3,29.5,14.8,19.6,75.4,2.7
29069,2019,40.7,29.4,15.2,19.2,73.8,2.7
29069,2020,41.1,29.5,15.6,18.7,73.8,2.7
29069,2021,41.6,30.2,16.4,18.3,72.7,2.6
29069,2022,41.8,29.8,16.6,18.0,71.2,2.7
29069,2023,42.0,30.2,16.9,17.6,70.5,2.7
29070,2015,38.6,29.6,13.6,21.3,68.4,2.6
29070,2016,38.0,26.0,12.3,22.2,70.8,2.6
29070,2017,38.5,29.4,12.9,21.7,68.9,2.6
29070,2018,39.4,28.3,14.2,21.1,68.4,2.6
29070,2019,39.6,27.8,14.2,20.8,67.6,2.6
29070,2020,40.0,27.4,14.4,20.4,68.3,2.6
29070,2021,40.2,27.5,14.5,20.2,67.8,2.6
29070,2022,40.4,28.1,14.8,20.1,68.1,2.6
29070,2023,40.7,28.4,15.0,19.7,68.2,2.6
29082,2015,37.9,25.5,12.0,22.7,93.6,2.7
29082,2016,38.2,25.1,12.3,22.8,93.6,2.7
29082,2017,38.5,25.5,12.5,22.7,93.4,2.7
29082,2018,39.0,25.2,12.8,22.3,92.9,2.7
29082,2019,39.4,24.9,13.3,21.9,92.6,2.7
29082,2020,39.8,24.8,13.6,21.6,92.7,2.7
29082,2021,40.2,28.2,14.0,21.3,92.9,2.6
29082,2022,40.6,30.3,14.5,20.8,92.3,2.5
29082,2023,41.0,31.4,14.9,20.1,91.9,2.4
29084,2015,41.3,26.5,17.2,18.1,97.0,2.6
29084,2016,41.7,26.1,17.6,17.9,97.1,2.6
29084,2017,42.1,26.9,17.9,17.6,97.0,2.6
29084,2018,42.5,27.4,18.2,17.4,96.8,2.6
29084,2019,42.9,27.9,18.6,17.1,96.7,2.5
29084,2020,43.2,28.2,19.0,16.8,96.5,2.5
29084,2021,43.5,28.4,19.3,16.7,96.3,2.5
29084,2022,43.9,29.1,19.9,16.2,95.8,2.5
29084,2023,44.2,29.4,20.2,16.1,95.1,2.5
29094,2015,39.8,28.0,15.4,20.0,91.2,2.6
29094,2016,40.0,27.0,15.5,20.1,91.1,2.6
29094,2017,40.3,28.0,15.8,20.1,90.8,2.6
29094,2018,40.6,28.3,16.1,20.0,90.7,2.6
29094,2019,40.9,28.2,16.5,19.8,90.4,2.6
29094,2020,41.3,28.6,16.8,19.6,90.8,2.6
29094,2021,41.6,28.9,17.2,19.2,90.6,2.6
29094,2022,42.0,29.1,17.7,18.7,89.2,2.5
29094,2023,42.3,29.4,18.1,18.3,88.8,2.5
29901,2015,41.3,36.1,16.8,18.0,79.5,2.4
29901,2016,41.3,34.7,16.5,18.1,80.6,2.4
29901,2017,41.6,36.0,16.8,18.1,80.0,2.4
29901,2018,42.0,35.9,17.4,17.9,79.6,2.4
29901,2019,42.2,35.4,17.4,17.7,79.6,2.4
29901,2020,42.7,35.9,17.9,17.4,80.3,2.4
29901,2021,43.0,35.8,18.2,17.2,80.3,2.3
29901,2022,43.1,35.5,18.3,17.0,79.3,2.4
29901,2023,43.3,34.9,18.5,16.7,78.7,2.4
30003,2015,39.6,26.0,15.6,20.4,87.6,2.7
30003,2016,39.8,25.5,15.6,20.4,88.4,2.8
30003,2017,40.1,26.2,16.0,20.1,88.3,2.7
30003,2018,40.5,25.8,16.6,19.9,88.3,2.7
30003,2019,40.7,25.9,16.8,19.7,88.0,2.7
30003,2020,41.1,26.4,17.0,19.3,88.1,2.7
30003,2021,41.4,27.2,17.2,19.0,87.8,2.7
30003,2022,41.6,27.1,17.7,18.7,88.1,2.7
30003,2023,41.8,27.1,18.1,18.5,87.5,2.7
30005,2015,38.2,22.3,13.4,21.8,91.3,2.8
30005,2016,38.5,21.8,13.6,21.6,91.6,2.8
30005,2017,38.8,22.5,13.8,21.6,91.4,2.8
30005,2018,39.2,22.5,14.1,21.2,90.7,2.8
30005,2019,39.6,22.4,14.4,20.8,90.1,2.8
30005,2020,39.8,22.4,14.6,20.7,89.7,2.8
30005,2021,40.1,22.8,14.9,20.3,89.6,2.8
30005,2022,40.3,22.8,15.1,20.0,89.2,2.8
30005,2023,40.5,22.9,15.3,19.6,88.9,2.8
30015,2015,41.0,23.1,17.3,19.5,92.8,2.8
30015,2016,41.2,22.0,17.5,19.3,93.0,2.8
30015,2017,41.3,23.5,17.4,19.4,92.8,2.8
30015,2018,41.7,23.5,17.7,19.1,92.6,2.8
30015,2019,42.0,23.8,18.0,18.7,92.3,2.7
30015,2020,42.3,24.5,18.1,18.2,92.4,2.7
30015,2021,42.5,24.6,18.2,18.0,92.2,2.7
30015,2022,42.7,24.7,18.5,17.7,91.4,2.7
30015,2023,42.9,25.4,19.1,17.5,90.8,2.7
30016,2015,40.1,23.2,16.4,20.8,88.6,2.8
30016,2016,40.3,22.9,16.5,20.8,89.2,2.8
30016,2017,40.5,23.5,16.8,20.8,89.3,2.8
30016,2018,40.9,23.8,17.0,20.5,89.1,2.8
30016,2019,41.1,23.9,17.2,20.4,88.7,2.8
30016,2020,41.4,24.3,17.5,20.1,88.9,2.8
30016,2021,41.6,24.6,17.8,19.8,89.0,2.8
30016,2022,41.8,25.0,18.1,19.6,89.0,2.8
30016,2023,42.0,25.4,18.4,19.2,88.8,2.7
30019,2015,39.7,18.5,15.9,20.3,91.9,2.9
30019,2016,40.0,18.8,16.2,20.3,92.1,2.9
30019,2017,40.3,18.6,16.4,20.2,92.0,2.9
30019,2018,40.6,19.3,16.6,20.0,91.7,2.9
30019,2019,40.8,19.6,16.6,19.6,91.0,2.9
30019,2020,41.1,19.7,16.8,19.4,90.9,2.9
30019,2021,41.3,20.1,16.9,19.2,90.7,2.9
30019,2022,41.5,20.6,17.2,19.1,90.7,2.8
30019,2023,41.7,21.1,17.6,19.0,90.5,2.8
30022,2015,38.8,22.8,14.0,20.4,84.2,2.9
30022,2016,39.0,22.4,14.1,20.6,84.0,2.9
30022,2017,39.2,23.0,14.3,20.4,83.9,2.9
30022,2018,39.4,22.6,14.4,20.1,83.6,2.9
30022,2019,39.5,22.3,14.5,19.9,82.8,2.9
30022,2020,39.7,21.9,14.5,19.6,82.6,2.9
30022,2021,39.9,21.8,14.5,19.4,81.6,2.9
30022,2022,40.0,21.8,14.8,19.2,82.1,2.9
30022,2023,40.2,22.1,15.1,19.1,81.3,2.9
30024,2015,38.9,20.8,14.8,21.0,80.2,3.1
30024,2016,39.2,21.1,15.1,20.9,80.5,3.0
30024,2017,39.3,21.9,15.1,20.9,79.8,3.0
30024,2018,39.5,21.2,15.2,20.7,79.4,3.0
30024,2019,39.6,20.9,15.2,20.6,78.9,3.1
30024,2020,39.8,20.9,15.3,20.3,78.4,3.1
30024,2021,39.8,20.8,15.2,20.3,77.9,3.1
30024,2022,39.9,20.7,15.3,20.3,78.2,3.1
30024,2023,40.0,20.7,15.4,20.4,78.6,3.0
30026,2015,42.0,28.4,20.3,18.0,64.3,2.6
30026,2016,41.2,25.7,18.9,18.8,63.9,2.6
30026,2017,41.5,29.3,19.1,18.8,63.5,2.6
30026,2018,42.2,28.5,20.0,18.2,63.0,2.6
30026,2019,42.5,28.6,19.9,18.0,62.7,2.6
30026,2020,42.8,29.4,19.9,17.8,63.5,2.6
30026,2021,43.0,29.8,20.3,17.6,62.9,2.5
30026,2022,43.3,30.6,21.1,17.6,62.7,2.5
30026,2023,43.4,31.0,21.3,17.6,63.0,2.5
30027,2015,37.5,21.5,11.6,22.6,89.3,2.9
30027,2016,37.8,20.8,11.9,22.7,89.7,2.9
30027,2017,38.1,21.8,12.2,22.5,89.5,2.9
30027,2018,38.4,21.9,12.5,22.3,89.1,2.9
30027,2019,38.6,21.7,12.8,22.2,88.4,2.9
30027,2020,39.0,21.9,13.0,21.9,88.8,2.9
30027,2021,39.2,21.7,13.3,21.7,88.3,2.9
30027,2022,39.5,22.1,13.6,21.3,88.1,2.9
30027,2023,39.8,22.3,14.1,20.9,87.9,2.8
30030,2015,39.5,23.7,15.1,20.5,89.0,2.8
30030,2016,39.7,23.6,15.3,20.5,89.1,2.8
30030,2017,40.0,24.0,15.4,20.4,88.9,2.8
30030,2018,40.2,24.1,15.6,20.2,88.2,2.8
30030,2019,40.4,24.1,15.8,19.9,87.4,2.8
30030,2020,40.7,24.2,16.0,19.6,87.5,2.8
30030,2021,40.9,24.5,16.2,19.4,87.6,2.8
30030,2022,41.1,24.9,16.4,19.2,87.8,2.8
30030,2023,41.3,25.2,16.7,18.8,87.7,2.8
30035,2015,38.3,27.6,14.0,22.1,74.8,2.8
30035,2016,38.4,26.5,14.0,22.5,76.0,2.8
30035,2017,38.6,28.4,14.2,22.4,76.0,2.7
30035,2018,38.9,28.5,14.4,22.3,75.5,2.7
30035,2019,39.3,29.0,14.7,22.0,74.9,2.7
30035,2020,39.6,29.2,15.1,21.7,75.8,2.7
30035,2021,39.8,29.2,15.2,21.5,75.9,2.7
30035,2022,40.1,29.3,15.4,21.3,75.9,2.7
30035,2023,40.3,29.9,15.8,21.0,76.3,2.7
30037,2015,36.1,20.6,11.2,24.7,70.9,3.1
30037,2016,36.1,19.0,11.2,25.1,70.5,3.1
30037,2017,36.4,20.4,11.3,24.9,70.2,3.1
30037,2018,36.7,20.3,11.6,24.8,70.2,3.1
30037,2019,36.9,20.2,11.7,24.5,69.7,3.1
30037,2020,37.4,20.2,12.1,24.0,69.9,3.0
30037,2021,37.6,20.4,12.2,23.9,70.0,3.0
30037,2022,37.7,20.8,12.3,23.8,70.7,3.0
30037,2023,38.0,21.2,12.5,23.4,71.2,3.0
30039,2015,38.3,21.9,13.7,21.5,79.1,3.0
30039,2016,38.5,21.2,14.0,21.9,78.9,3.0
30039,2017,38.5,22.2,13.9,22.0,79.2,3.0
30039,2018,38.7,22.4,14.0,21.6,79.5,3.0
30039,2019,39.0,22.3,14.0,21.2,79.9,3.0
30039,2020,39.3,22.1,14.1,20.8,81.2,2.9
30039,2021,39.5,22.4,14.2,20.6,81.9,2.9
30039,2022,39.6,21.6,14.1,19.8,80.9,3.0
30039,2023,39.8,21.6,14.2,19.6,81.5,3.0
30043,2015,39.3,22.3,15.2,21.7,93.3,2.8
30043,2016,39.5,22.2,15.3,21.4,93.7,2.8
30043,2017,39.7,22.5,15.5,21.3,93.2,2.8
30043,2018,40.0,22.6,15.8,21.0,92.8,2.8
30043,2019,40.3,22.8,16.0,20.6,92.1,2.8
30043,2020,40.6,23.3,16.3,20.3,91.5,2.8
30043,2021,40.8,23.5,16.3,19.9,91.1,2.7
30043,2022,41.0,23.9,16.8,19.6,90.6,2.7
30043,2023,41.2,23.9,17.1,19.4,89.9,2.7
31201,2015,43.6,30.3,21.4,16.8,90.8,2.5
31201,2016,43.7,30.3,21.6,16.9,90.9,2.5
31201,2017,43.8,30.9,21.8,16.9,90.2,2.5
31201,2018,43.9,31.0,21.9,16.7,89.5,2.5
31201,2019,44.1,31.4,22.0,16.5,88.6,2.5
31201,2020,44.3,31.9,22.2,16.3,88.7,2.5
31201,2021,44.5,32.2,22.4,16.1,88.7,2.5
31201,2022,44.5,32.3,22.5,15.9,87.5,2.5
31201,2023,44.6,32.4,22.7,15.7,86.7,2.5
31232,2015,41.4,29.4,17.3,18.8,87.7,2.5
31232,2016,41.5,26.4,17.5,19.0,88.1,2.6
31232,2017,41.7,26.4,17.8,18.9,87.4,2.6
31232,2018,41.7,25.9,17.7,18.9,86.1,2.6
31232,2019,41.7,25.8,17.8,19.0,84.6,2.7
31232,2020,41.8,25.6,18.0,19.1,84.6,2.7
31232,2021,42.0,25.9,18.3,18.9,84.0,2.7
31232,2022,42.1,25.9,18.4,18.8,83.4,2.7
31232,2023,42.2,26.1,18.6,18.7,82.0,2.7
32054,2015,45.8,30.7,24.3,14.6,95.6,2.4
32054,2016,46.1,30.7,24.7,14.6,95.7,2.4
32054,2017,46.4,31.4,25.1,14.6,95.4,2.3
32054,2018,46.6,32.2,25.4,14.6,94.9,2.3
32054,2019,46.8,32.2,25.5,14.6,94.1,2.3
32054,2020,47.1,32.6,25.8,14.4,93.9,2.3
32054,2021,47.4,33.3,26.1,14.3,93.7,2.3
32054,2022,47.5,33.7,26.3,14.0,92.6,2.3
32054,2023,47.5,34.2,26.5,13.9,91.8,2.2
33004,2015,46.5,30.1,23.4,13.7,96.5,2.3
33004,2016,46.8,30.1,23.8,13.7,96.6,2.3
33004,2017,47.2,30.8,24.4,13.6,96.6,2.3
33004,2018,47.5,31.5,24.9,13.5,96.4,2.3
33004,2019,47.9,31.9,25.4,13.3,96.0,2.3
33004,2020,48.2,32.5,25.9,13.1,95.8,2.2
33004,2021,48.6,32.5,26.6,12.9,95.9,2.2
33004,2022,48.7,32.9,27.0,12.7,95.2,2.2
33004,2023,48.9,33.2,27.7,12.6,94.4,2.2
33024,2015,46.8,31.6,24.5,13.4,95.5,2.3
33024,2016,47.1,31.6,25.0,13.5,95.7,2.3
33024,2017,47.3,32.3,25.5,13.5,95.5,2.3
33024,2018,47.6,32.6,25.9,13.5,95.2,2.3
33024,2019,47.8,32.7,26.3,13.4,94.7,2.2
33024,2020,48.1,33.2,26.7,13.2,94.7,2.2
33024,2021,48.4,33.7,27.3,13.0,94.6,2.2
33024,2022,48.5,34.0,27.5,12.9,93.7,2.2
33024,2023,48.7,34.3,27.8,12.7,93.1,2.2
33031,2015,47.4,31.1,23.9,12.4,97.6,2.3
33031,2016,47.6,31.7,24.2,12.4,97.8,2.2
33031,2017,47.9,32.6,24.8,12.4,97.7,2.2
33031,2018,48.2,33.4,25.3,12.4,97.6,2.2
33031,2019,48.4,33.8,25.8,12.4,97.4,2.2
33031,2020,48.7,34.1,26.4,12.3,97.3,2.2
33031,2021,49.0,35.0,27.1,12.1,97.2,2.1
33031,2022,49.2,35.3,27.7,12.1,96.6,2.1
33031,2023,49.2,35.6,28.3,12.1,95.5,2.1
33037,2015,48.9,33.4,25.4,10.6,97.6,2.2
33037,2016,49.2,33.6,25.9,10.6,97.7,2.2
33037,2017,49.5,34.4,26.6,10.8,97.7,2.1
33037,2018,49.8,34.4,27.2,10.8,97.7,2.1
33037,2019,49.9,32.6,27.7,10.8,97.6,2.2
33037,2020,50.3,33.0,28.4,10.7,97.6,2.2
33037,2021,50.5,33.5,29.3,10.7,97.6,2.2
33037,2022,50.7,34.4,30.0,10.6,97.2,2.1
33037,2023,50.9,34.8,30.5,10.6,96.7,2.1
33044,2015,45.1,31.2,21.1,14.4,94.3,2.3
33044,2016,45.4,31.4,21.6,14.5,94.5,2.3
33044,2017,45.7,31.8,22.1,14.5,94.2,2.3
33044,2018,46.0,32.5,22.6,14.5,94.0,2.3
33044,2019,46.3,32.6,23.2,14.4,93.4,2.3
33044,2020,46.6,33.0,23.9,14.3,93.4,2.3
33044,2021,47.0,33.8,24.7,14.1,93.4,2.2
33044,2022,47.1,34.0,25.0,14.0,92.5,2.2
33044,2023,47.2,34.1,25.4,13.8,91.6,2.2
33066,2015,44.5,26.4,19.7,15.0,97.1,2.5
33066,2016,44.9,26.6,20.1,14.9,97.2,2.5
33066,2017,45.1,27.2,20.6,14.9,97.1,2.5
33066,2018,45.4,27.4,21.1,14.9,97.1,2.5
33066,2019,45.8,28.0,21.7,14.7,97.0,2.4
33066,2020,46.0,28.2,22.1,14.6,96.9,2.4
33066,2021,46.3,28.7,22.6,14.6,96.8,2.4
33066,2022,46.5,29.2,23.1,14.6,96.5,2.4
33066,2023,46.7,30.5,23.5,14.5,96.3,2.3
34120,2015,44.8,30.8,21.3,15.5,96.3,2.4
34120,2016,45.1,31.0,21.9,15.5,96.3,2.3
34120,2017,45.4,31.6,22.5,15.4,96.1,2.3
34120,2018,45.7,31.9,23.0,15.4,95.7,2.3
34120,2019,46.0,32.2,23.7,15.3,95.4,2.3
34120,2020,46.4,32.7,24.4,15.1,95.3,2.3
34120,2021,46.8,33.4,25.1,14.9,95.1,2.3
34120,2022,46.9,34.1,25.7,14.8,94.4,2.2
34120,2023,47.2,34.4,26.3,14.6,93.6,2.2
35002,2015,38.0,26.9,10.3,19.9,94.1,2.8
35002,2016,38.5,26.0,10.6,19.6,94.6,2.8
35002,2017,38.9,26.5,10.8,19.2,94.2,2.8
35002,2018,39.3,26.1,11.3,18.8,93.3,2.8
35002,2019,39.7,26.1,11.6,18.5,92.8,2.8
35002,2020,40.1,26.3,11.9,18.0,93.1,2.8
35002,2021,40.5,26.8,12.4,17.5,93.2,2.7
35002,2022,41.1,27.2,13.0,17.0,92.4,2.7
35002,2023,41.5,27.3,13.5,16.4,91.9,2.7
35004,2015,37.4,26.5,10.1,19.9,83.4,2.8
35004,2016,37.6,25.4,10.2,19.9,83.6,2.8
35004,2017,37.9,25.7,10.5,19.6,82.6,2.9
35004,2018,38.2,25.4,10.7,19.1,81.6,2.9
35004,2019,38.5,25.4,11.0,18.9,80.3,2.9
35004,2020,39.0,25.8,11.6,18.4,80.5,2.9
35004,2021,39.5,26.8,12.2,18.1,81.1,2.8
35004,2022,39.8,27.1,12.5,17.5,80.6,2.8
35004,2023,39.9,26.3,12.6,17.2,79.1,2.9
35006,2015,40.8,22.9,14.8,17.4,98.3,2.8
35006,2016,41.3,22.5,15.1,17.2,98.3,2.8
35006,2017,41.6,22.7,15.3,16.8,98.0,2.8
35006,2018,42.0,23.4,15.5,16.6,97.9,2.8
35006,2019,42.3,23.7,15.7,16.2,97.7,2.8
35006,2020,42.7,23.6,16.0,15.9,97.6,2.8
35006,2021,43.1,24.2,16.3,15.4,97.6,2.7
35006,2022,43.4,24.5,16.6,14.9,97.4,2.7
35006,2023,43.8,24.7,17.0,14.4,97.3,2.7
35011,2015,38.9,24.0,11.6,18.5,96.6,2.8
35011,2016,39.3,23.3,12.0,18.4,96.5,2.8
35011,2017,39.8,23.4,12.6,18.1,96.1,2.8
35011,2018,40.1,23.4,12.8,17.8,95.3,2.8
35011,2019,40.5,23.5,13.1,17.4,94.8,2.8
35011,2020,40.9,23.8,13.5,17.1,94.5,2.8
35011,2021,41.5,24.5,14.0,16.5,94.4,2.8
35011,2022,41.8,24.3,14.4,16.1,94.2,2.8
35011,2023,42.2,24.3,14.8,15.5,94.1,2.8
35014,2015,38.0,34.0,9.4,17.5,57.9,2.5
35014,2016,37.9,27.7,9.3,18.2,57.6,2.6
35014,2017,38.2,33.7,9.6,17.7,56.7,2.6
35014,2018,38.9,32.4,10.2,17.2,56.0,2.6
35014,2019,39.4,32.5,10.7,16.7,55.1,2.6
35014,2020,39.9,32.4,11.4,16.6,55.1,2.6
35014,2021,40.5,32.7,12.0,16.2,55.7,2.5
35014,2022,40.8,32.4,12.6,15.9,55.2,2.5
35014,2023,41.2,32.7,12.9,15.6,54.4,2.5
35016,2015,42.2,26.0,17.1,16.1,93.5,2.7
35016,2016,42.7,25.3,17.6,15.9,93.6,2.7
35016,2017,42.9,26.4,18.0,15.6,93.2,2.7
35016,2018,43.2,26.8,18.3,15.3,92.8,2.7
35016,2019,43.6,27.0,18.7,14.9,92.4,2.7
35016,2020,44.0,27.4,19.2,14.5,92.5,2.6
35016,2021,44.4,28.0,19.6,14.1,92.4,2.6
35016,2022,44.7,28.4,20.0,13.7,92.2,2.6
35016,2023,45.0,28.8,20.4,13.3,91.6,2.6
35017,2015,36.3,27.7,8.2,21.1,85.4,2.7
35017,2016,36.7,26.3,8.6,20.9,85.7,2.7
35017,2017,37.1,27.2,8.9,20.7,85.3,2.7
35017,2018,37.5,26.8,9.3,20.2,83.9,2.7
35017,2019,37.8,26.2,9.6,19.9,82.9,2.7
35017,2020,38.3,26.7,10.1,19.6,83.0,2.7
35017,2021,38.8,26.9,10.6,19.0,83.3,2.7
35017,2022,39.1,26.9,11.1,18.3,82.1,2.7
35017,2023,39.5,26.8,11.4,17.8,80.9,2.7
35019,2015,40.9,37.1,13.2,15.2,72.2,2.4
35019,2016,41.0,33.6,13.3,15.5,72.8,2.4
35019,2017,41.5,36.1,14.1,15.1,72.6,2.4
35019,2018,41.9,35.9,14.9,14.9,72.7,2.4
35019,2019,42.3,35.8,15.5,14.5,72.6,2.4
35019,2020,42.9,36.4,16.3,14.1,73.1,2.4
35019,2021,43.5,37.1,16.9,13.8,73.4,2.4
35019,2022,44.0,37.3,17.7,13.4,72.1,2.4
35019,2023,44.5,37.3,18.3,12.9,71.9,2.4
35022,2015,37.2,23.1,9.2,20.5,88.2,2.9
35022,2016,37.6,22.1,9.4,20.3,88.1,2.9
35022,2017,37.9,23.6,9.7,19.8,87.3,2.9
35022,2018,38.3,23.7,10.1,19.3,86.5,2.9
35022,2019,38.7,23.7,10.3,18.8,85.8,2.9
35022,2020,39.3,24.4,10.9,18.3,86.6,2.8
35022,2021,39.7,24.5,11.2,17.8,86.8,2.8
35022,2022,40.1,24.4,11.6,17.2,85.9,2.8
35022,2023,40.5,24.4,12.2,16.7,85.4,2.8
35026,2015,39.5,24.9,12.5,18.5,97.1,2.7
35026,2016,39.9,24.5,12.9,18.3,97.3,2.7
35026,2017,40.3,24.8,13.4,17.8,97.1,2.7
35026,2018,40.7,25.2,13.8,17.5,97.0,2.7
35026,2019,41.2,25.6,14.3,17.0,96.9,2.7
35026,2020,41.7,26.0,14.8,16.4,96.9,2.7
35026,2021,42.2,26.7,15.3,15.8,97.0,2.6
35026,2022,42.6,27.1,15.7,15.2,96.6,2.6
35026,2023,43.1,27.4,16.2,14.6,96.2,2.6
36008,2015,43.1,25.8,18.9,16.4,97.7,2.6
36008,2016,43.5,26.0,19.3,16.3,98.0,2.6
36008,2017,43.9,26.6,19.7,16.2,97.9,2.6
36008,2018,44.3,27.1,20.2,16.0,97.6,2.6
36008,2019,44.7,27.2,20.6,15.8,97.4,2.6
36008,2020,45.1,27.4,21.2,15.4,97.3,2.6
36008,2021,45.5,27.7,21.8,15.0,97.2,2.5
36008,2022,45.9,28.0,22.4,14.8,97.1,2.5
36008,2023,46.4,28.8,23.1,14.2,97.0,2.5
36026,2015,43.1,28.0,19.6,16.6,96.6,2.5
36026,2016,43.6,27.2,20.0,16.3,96.9,2.6
36026,2017,44.0,28.0,20.5,16.3,97.0,2.5
36026,2018,44.4,27.8,21.0,16.1,96.9,2.5
36026,2019,44.6,28.0,21.2,15.9,96.9,2.5
36026,2020,45.0,27.9,21.6,15.6,96.8,2.5
36026,2021,45.4,27.9,22.2,15.3,96.9,2.5
36026,2022,45.6,28.6,22.4,15.2,96.2,2.5
36026,2023,46.0,28.8,23.2,14.7,96.2,2.5
36038,2015,43.0,28.6,19.3,16.8,96.6,2.5
36038,2016,43.4,28.1,19.7,16.8,96.7,2.5
36038,2017,43.6,29.1,20.1,16.8,96.5,2.4
36038,2018,43.9,29.1,20.5,16.7,96.2,2.5
36038,2019,44.3,29.3,20.9,16.5,95.8,2.4
36038,2020,44.6,29.4,21.4,16.3,95.8,2.4
36038,2021,45.0,30.4,22.0,15.9,95.7,2.4
36038,2022,45.3,31.1,22.3,15.7,95.2,2.4
36038,2023,45.6,31.4,22.8,15.4,94.6,2.4
36045,2015,44.2,19.6,20.7,15.4,98.4,2.9
36045,2016,44.5,19.9,21.2,15.4,98.5,2.8
36045,2017,44.9,20.7,21.8,15.2,98.5,2.8
36045,2018,45.3,21.4,22.3,15.0,98.3,2.8
36045,2019,45.7,21.4,23.0,14.9,98.1,2.8
36045,2020,46.0,21.8,23.4,14.6,98.1,2.8
36045,2021,46.4,22.3,24.0,14.5,98.0,2.7
36045,2022,46.8,22.6,24.5,14.2,97.7,2.7
36045,2023,47.1,23.1,24.9,13.8,97.3,2.7
36057,2015,44.1,26.1,21.1,15.6,95.8,2.6
36057,2016,44.4,25.6,21.5,15.8,95.8,2.6
36057,2017,44.7,26.4,21.9,15.7,95.6,2.6
36057,2018,45.0,26.8,22.3,15.6,95.1,2.6
36057,2019,45.3,27.0,22.6,15.4,94.6,2.6
36057,2020,45.6,27.4,23.1,15.2,94.6,2.6
36057,2021,46.0,27.9,23.6,14.9,94.6,2.5
36057,2022,46.2,28.4,23.9,14.6,93.8,2.5
36057,2023,46.5,28.9,24.3,14.4,93.2,2.5
36060,2015,43.1,26.1,19.5,16.4,96.7,2.6
36060,2016,43.4,25.9,19.9,16.5,96.5,2.6
36060,2017,43.7,26.2,20.3,16.3,96.3,2.6
36060,2018,44.1,26.4,20.8,16.1,96.1,2.6
36060,2019,44.4,26.8,21.1,16.0,95.7,2.6
36060,2020,44.8,27.1,21.6,15.6,95.6,2.5
36060,2021,45.1,27.3,22.0,15.5,95.4,2.5
36060,2022,45.4,27.8,22.4,15.2,94.9,2.5
36060,2023,45.8,28.3,22.9,14.7,94.5,2.5
37274,2015,46.6,34.8,25.7,14.7,95.5,2.3
37274,2016,46.9,34.4,26.2,14.7,95.7,2.3
37274,2017,47.1,35.2,26.6,14.6,95.3,2.2
37274,2018,47.3,35.7,26.9,14.5,94.7,2.2
37274,2019,47.5,35.4,27.2,14.3,93.9,2.3
37274,2020,47.7,35.9,27.5,14.1,93.6,2.2
37274,2021,48.1,36.8,28.2,13.9,93.3,2.2
37274,2022,48.1,37.6,28.4,13.7,92.4,2.2
37274,2023,48.2,38.4,28.8,13.5,91.5,2.2
38001,2015,37.7,30.7,9.4,17.8,53.8,2.6
38001,2016,37.7,26.9,9.5,18.2,55.1,2.6
38001,2017,38.0,30.8,9.7,17.9,54.5,2.6
38001,2018,38.5,30.3,10.2,17.3,53.9,2.6
38001,2019,38.7,30.0,10.4,17.0,52.9,2.6
38001,2020,39.5,30.4,11.2,16.4,53.0,2.6
38001,2021,40.2,30.6,12.0,15.9,52.7,2.6
38001,2022,40.5,30.7,12.5,16.0,51.7,2.6
38001,2023,40.9,30.6,12.9,15.8,51.7,2.6
38006,2015,39.0,35.4,11.4,17.2,61.9,2.5
38006,2016,38.8,30.6,11.0,17.5,63.2,2.5
38006,2017,38.9,34.2,11.3,17.4,62.8,2.5
38006,2018,39.3,32.8,11.7,17.2,61.9,2.6
38006,2019,39.9,32.0,12.3,16.5,61.4,2.6
38006,2020,40.5,32.3,13.0,16.2,62.0,2.5
38006,2021,41.2,32.6,13.9,15.8,62.0,2.5
38006,2022,41.7,32.5,14.6,15.4,60.7,2.5
38006,2023,42.0,32.2,14.9,15.0,60.8,2.5
38011,2015,40.3,32.1,14.4,18.1,93.8,2.5
38011,2016,40.6,30.4,14.7,18.2,93.7,2.5
38011,2017,41.0,32.0,15.2,18.0,93.3,2.5
38011,2018,41.4,31.9,15.6,17.7,93.2,2.5
38011,2019,41.8,32.0,16.0,17.4,92.6,2.5
38011,2020,42.3,31.4,16.4,16.9,92.9,2.5
38011,2021,42.8,31.6,17.1,16.4,93.1,2.5
38011,2022,43.3,31.8,17.9,16.0,92.6,2.5
38011,2023,43.7,31.9,18.4,15.6,92.9,2.5
38017,2015,37.8,29.4,10.1,19.4,78.5,2.7
38017,2016,37.7,25.2,10.1,19.9,78.4,2.8
38017,2017,37.9,27.5,10.2,19.7,77.6,2.8
38017,2018,38.1,27.2,10.3,19.5,76.3,2.8
38017,2019,38.4,27.0,10.5,19.2,76.0,2.8
38017,2020,38.9,27.2,11.0,18.8,76.0,2.8
38017,2021,39.5,27.9,11.6,18.1,76.0,2.7
38017,2022,39.9,27.7,12.0,17.6,74.3,2.8
38017,2023,40.3,26.9,12.3,17.0,73.9,2.8
38023,2015,41.2,27.0,15.2,16.2,94.8,2.7
38023,2016,41.6,26.3,15.6,16.1,95.0,2.7
38023,2017,41.9,27.1,15.8,15.8,94.6,2.7
38023,2018,42.2,27.4,16.1,15.5,94.0,2.7
38023,2019,42.5,27.7,16.6,15.2,93.6,2.7
38023,2020,43.0,28.2,17.1,14.8,94.0,2.7
38023,2021,43.4,28.6,17.6,14.4,94.2,2.6
38023,2022,43.6,28.8,18.0,14.1,93.9,2.6
38023,2023,43.9,29.2,18.4,13.7,93.7,2.6
38026,2015,40.9,20.4,16.0,17.9,96.9,2.9
38026,2016,41.2,20.2,16.2,17.9,96.8,2.9
38026,2017,41.5,21.4,16.4,17.6,96.3,2.9
38026,2018,41.8,21.5,16.7,17.3,95.8,2.9
38026,2019,42.2,21.5,17.1,16.8,95.7,2.9
38026,2020,42.6,22.1,17.4,16.5,95.7,2.8
38026,2021,43.0,22.7,17.8,16.0,95.3,2.8
38026,2022,43.5,23.3,18.2,15.5,94.7,2.8
38026,2023,43.9,23.5,18.7,15.1,94.4,2.8
38028,2015,45.7,39.7,23.3,13.1,86.2,2.3
38028,2016,45.7,35.7,23.1,13.1,84.8,2.4
38028,2017,45.9,38.6,23.7,13.0,83.3,2.4
38028,2018,46.3,38.7,24.2,12.8,82.8,2.3
38028,2019,46.8,39.8,24.9,12.5,82.5,2.3
38028,2020,47.4,40.5,25.8,12.2,82.8,2.3
38028,2021,47.6,40.8,26.1,12.0,82.7,2.2
38028,2022,48.1,40.9,26.9,11.5,79.9,2.2
38028,2023,48.2,41.1,27.0,11.5,78.9,2.2
38031,2015,41.3,23.9,16.3,17.6,96.1,2.9
38031,2016,41.5,22.5,16.2,17.7,96.0,2.9
38031,2017,41.8,23.6,16.5,17.3,95.5,2.9
38031,2018,42.2,23.6,16.8,17.0,95.1,2.9
38031,2019,42.7,23.9,17.3,16.5,94.9,2.8
38031,2020,43.0,24.0,17.6,16.1,95.1,2.8
38031,2021,43.5,25.0,18.2,15.7,94.7,2.8
38031,2022,43.9,24.8,18.7,15.2,93.9,2.8
38031,2023,44.3,25.0,19.0,14.8,93.2,2.8
38038,2015,42.7,32.2,18.1,16.0,94.9,2.5
38038,2016,43.0,31.2,18.4,15.9,95.1,2.5
38038,2017,43.2,31.7,18.6,15.7,94.4,2.5
38038,2018,43.5,31.4,18.9,15.5,93.7,2.5
38038,2019,43.8,30.5,19.2,15.2,93.2,2.6
38038,2020,44.2,30.5,19.7,14.8,93.2,2.6
38038,2021,44.5,30.5,20.1,14.4,93.1,2.5
38038,2022,44.7,30.4,20.3,14.1,92.9,2.5
38038,2023,45.0,29.9,20.7,13.7,92.6,2.5
39016,2015,42.0,22.2,16.8,18.8,96.0,2.7
39016,2016,42.5,21.9,17.4,18.7,96.2,2.7
39016,2017,43.0,22.8,18.1,18.3,96.3,2.7
39016,2018,43.4,23.1,18.8,18.1,95.7,2.7
39016,2019,43.8,23.4,19.2,17.7,95.1,2.6
39016,2020,44.3,23.0,19.8,17.1,94.9,2.6
39016,2021,44.7,23.0,20.5,16.6,94.7,2.6
39016,2022,45.2,23.9,21.2,15.9,94.4,2.6
39016,2023,45.5,24.1,22.1,15.3,93.9,2.6
39020,2015,40.5,31.5,13.9,19.8,92.5,2.4
39020,2016,40.9,30.7,14.2,20.0,92.7,2.4
39020,2017,41.2,31.2,14.4,19.7,92.4,2.4
39020,2018,41.5,31.7,14.8,19.4,92.2,2.4
39020,2019,41.9,31.8,15.1,18.8,91.6,2.4
39020,2020,42.3,31.8,15.2,18.2,91.6,2.4
39020,2021,42.7,32.3,15.8,17.8,91.6,2.4
39020,2022,43.1,32.9,16.3,17.5,91.0,2.3
39020,2023,43.5,33.0,17.1,16.8,90.5,2.3
39075,2015,45.8,31.1,23.2,14.4,92.9,2.4
39075,2016,46.1,31.1,23.7,14.4,93.0,2.4
39075,2017,46.3,31.7,24.1,14.4,92.6,2.4
39075,2018,46.5,32.0,24.5,14.3,92.1,2.4
39075,2019,46.7,32.3,24.9,14.2,91.3,2.4
39075,2020,47.0,32.6,25.5,14.0,91.3,2.4
39075,2021,47.3,32.8,26.1,13.8,91.0,2.4
39075,2022,47.4,33.3,26.5,13.6,90.2,2.3
39075,2023,47.5,33.5,27.0,13.4,89.6,2.3
39087,2015,45.5,27.1,23.0,14.9,93.5,2.5
39087,2016,45.9,27.6,23.7,15.0,94.2,2.4
39087,2017,46.2,28.1,24.3,14.9,93.9,2.4
39087,2018,46.5,28.7,24.8,14.8,93.4,2.4
39087,2019,46.7,29.0,25.1,14.8,92.8,2.4
39087,2020,47.1,29.1,25.7,14.5,92.8,2.4
39087,2021,47.3,29.6,26.3,14.4,92.4,2.4
39087,2022,47.4,30.3,26.7,14.2,92.2,2.4
39087,2023,47.5,30.9,27.2,14.0,91.6,2.4
40194,2015,44.5,30.7,21.9,15.8,89.3,2.5
40194,2016,44.9,30.7,22.4,15.9,89.7,2.5
40194,2017,45.1,31.3,22.7,15.8,89.5,2.5
40194,2018,45.3,31.5,23.0,15.7,88.9,2.5
40194,2019,45.4,31.6,23.3,15.8,87.8,2.5
40194,2020,45.6,32.1,23.6,15.5,87.8,2.4
40194,2021,46.0,32.6,24.2,15.2,87.7,2.4
40194,2022,46.1,33.2,24.8,15.0,86.9,2.4
40194,2023,46.2,33.3,25.2,14.7,85.9,2.4
41004,2015,37.8,19.0,13.0,23.1,97.9,2.8
41004,2016,38.2,19.0,13.4,23.0,98.0,2.8
41004,2017,38.6,19.5,13.8,22.8,97.9,2.8
41004,2018,39.0,19.8,14.2,22.3,97.9,2.8
41004,2019,39.5,19.9,14.6,22.0,97.9,2.8
41004,2020,39.9,20.3,15.0,21.6,97.9,2.8
41004,2021,40.2,20.6,15.2,21.2,97.7,2.8
41004,2022,40.6,20.6,15.6,20.6,97.4,2.8
41004,2023,41.0,21.1,15.9,19.9,97.2,2.7
41021,2015,40.2,24.2,16.7,19.4,96.1,2.6
41021,2016,40.6,23.7,16.9,19.4,96.4,2.6
41021,2017,40.9,24.4,17.2,19.4,96.1,2.6
41021,2018,41.2,24.9,17.3,19.4,95.8,2.6
41021,2019,41.5,25.1,17.4,19.2,95.6,2.6
41021,2020,41.8,25.8,17.5,19.0,95.8,2.6
41021,2021,42.2,26.4,17.9,18.8,95.7,2.5
41021,2022,42.3,27.1,17.8,18.4,95.0,2.5
41021,2023,42.5,27.4,18.1,18.0,94.5,2.5
41024,2015,40.7,21.2,15.9,19.2,97.4,2.8
41024,2016,41.0,20.7,16.1,19.2,97.6,2.7
41024,2017,41.2,21.0,16.4,19.1,97.4,2.7
41024,2018,41.5,21.8,16.8,18.8,97.5,2.7
41024,2019,41.9,21.9,17.1,18.5,97.0,2.7
41024,2020,42.1,22.5,17.4,18.2,97.1,2.7
41024,2021,42.4,22.9,17.6,17.8,97.2,2.7
41024,2022,42.7,23.1,18.1,17.4,96.6,2.6
41024,2023,42.9,23.4,18.3,17.2,96.3,2.6
41034,2015,38.2,19.8,13.5,21.5,96.4,2.8
41034,2016,38.5,19.7,13.6,21.4,96.5,2.8
41034,2017,38.8,20.1,14.0,21.3,96.3,2.8
41034,2018,39.2,20.4,14.2,21.2,96.4,2.8
41034,2019,39.6,20.4,14.7,20.9,96.2,2.8
41034,2020,40.0,20.6,14.9,20.5,96.4,2.8
41034,2021,40.3,21.3,15.2,20.3,96.7,2.7
41034,2022,40.8,21.8,15.6,19.9,96.4,2.7
41034,2023,41.1,22.2,15.9,19.5,96.1,2.7
41038,2015,37.5,16.8,11.8,22.7,97.8,2.9
41038,2016,37.9,16.9,12.2,22.6,97.9,2.9
41038,2017,38.2,17.4,12.6,22.5,97.8,2.9
41038,2018,38.6,17.6,13.1,22.2,97.7,2.9
41038,2019,39.0,17.9,13.4,21.9,97.5,2.9
41038,2020,39.5,18.2,13.9,21.4,97.5,2.9
41038,2021,39.8,18.7,14.3,21.1,97.4,2.9
41038,2022,40.2,19.2,14.7,20.7,97.2,2.8
41038,2023,40.5,19.7,15.1,20.1,97.1,2.8
41039,2015,39.4,21.9,14.8,20.3,98.0,2.7
41039,2016,39.7,21.6,15.2,20.2,98.1,2.7
41039,2017,40.1,22.2,15.5,19.9,98.1,2.7
41039,2018,40.4,22.6,16.0,19.9,97.9,2.7
41039,2019,40.8,22.7,16.4,19.7,97.8,2.7
41039,2020,41.1,23.2,16.7,19.4,97.7,2.7
41039,2021,41.5,23.4,17.1,19.2,97.6,2.7
41039,2022,41.9,23.9,17.7,18.8,97.2,2.6
41039,2023,42.3,24.1,18.2,18.4,97.0,2.6
41053,2015,38.6,19.6,13.7,21.1,98.0,2.8
41053,2016,39.0,19.6,13.9,21.1,98.2,2.8
41053,2017,39.3,20.2,14.1,20.8,98.2,2.7
41053,2018,39.8,20.4,14.4,20.4,98.1,2.7
41053,2019,40.1,20.3,14.7,20.2,98.1,2.7
41053,2020,40.5,21.0,14.9,20.0,98.0,2.7
41053,2021,40.7,21.4,15.1,19.9,97.9,2.7
41053,2022,41.1,21.8,15.4,19.6,97.8,2.7
41053,2023,41.5,22.2,15.9,19.1,97.7,2.6
41059,2015,37.7,18.7,11.3,21.9,96.7,2.9
41059,2016,38.0,18.3,11.8,22.0,96.9,2.9
41059,2017,38.3,18.7,12.2,21.9,97.0,2.9
41059,2018,38.8,19.0,12.8,21.7,96.9,2.9
41059,2019,39.1,19.2,13.3,21.5,96.7,2.9
41059,2020,39.5,19.9,13.9,21.3,96.5,2.9
41059,2021,40.0,20.4,14.5,20.9,96.5,2.8
41059,2022,40.4,20.3,15.2,20.5,96.2,2.8
41059,2023,40.9,20.9,16.1,20.1,95.8,2.8
41065,2015,41.4,20.8,17.5,18.3,98.6,2.7
41065,2016,41.7,21.3,17.8,18.3,98.6,2.7
41065,2017,42.0,21.9,18.1,18.1,98.5,2.7
41065,2018,42.5,22.4,18.6,17.9,98.4,2.7
41065,2019,42.8,22.3,18.9,17.7,98.1,2.7
41065,2020,43.0,22.9,19.0,17.5,98.1,2.6
41065,2021,43.3,23.8,19.3,17.3,98.2,2.6
41065,2022,43.6,24.2,19.8,17.0,98.1,2.6
41065,2023,44.0,24.8,20.3,16.7,97.8,2.5
41069,2015,37.2,17.1,12.6,23.0,98.5,3.0
41069,2016,37.6,17.6,13.0,22.7,98.7,3.0
41069,2017,38.0,17.8,13.4,22.4,98.7,3.0
41069,2018,38.3,18.3,13.8,22.3,98.6,2.9
41069,2019,38.7,18.3,14.2,21.9,98.4,2.9
41069,2020,39.0,18.7,14.4,21.6,98.4,2.9
41069,2021,39.3,19.4,14.7,21.2,98.5,2.9
41069,2022,39.6,19.8,15.1,20.9,98.5,2.9
41069,2023,40.0,20.2,15.6,20.6,98.4,2.8
41081,2015,37.3,16.0,11.3,22.6,98.1,2.9
41081,2016,37.7,15.9,11.6,22.4,98.3,2.9
41081,2017,38.2,16.1,12.1,22.0,98.2,2.9
41081,2018,38.6,16.6,12.4,21.7,98.1,2.9
41081,2019,39.0,16.7,12.7,21.2,97.6,2.9
41081,2020,39.4,16.7,13.0,20.8,97.4,2.9
41081,2021,39.9,17.1,13.3,20.3,97.1,2.8
41081,2022,40.1,17.6,13.7,19.9,97.4,2.8
41081,2023,40.6,18.4,14.3,19.4,97.2,2.8
41091,2015,41.9,26.1,18.5,18.0,95.5,2.6
41091,2016,42.2,25.8,18.7,18.1,95.6,2.6
41091,2017,42.4,26.6,19.0,18.0,95.3,2.6
41091,2018,42.6,26.9,19.3,17.9,94.9,2.6
41091,2019,42.9,27.0,19.5,17.7,94.2,2.6
41091,2020,43.2,27.5,19.8,17.5,94.1,2.6
41091,2021,43.4,28.0,20.0,17.3,93.7,2.5
41091,2022,43.5,28.5,20.3,17.0,93.3,2.5
41091,2023,43.7,28.9,20.6,16.6,92.8,2.5
41095,2015,39.1,20.2,14.0,20.5,97.9,2.8
41095,2016,39.4,20.1,14.4,20.5,98.1,2.8
41095,2017,39.8,20.5,14.8,20.4,98.2,2.8
41095,2018,40.1,20.9,15.2,20.1,98.1,2.7
41095,2019,40.5,21.2,15.6,20.0,97.9,2.7
41095,2020,40.9,21.4,15.9,19.7,97.9,2.7
41095,2021,41.1,21.7,16.1,19.5,97.9,2.7
41095,2022,41.4,21.9,16.6,19.0,97.4,2.7
41095,2023,41.7,22.3,17.2,18.7,97.1,2.7
42173,2015,43.0,31.5,19.9,17.9,91.4,2.4
42173,2016,43.3,32.1,20.1,17.9,92.1,2.4
42173,2017,43.5,32.4,20.4,17.8,91.8,2.4
42173,2018,43.7,32.6,20.7,17.6,91.0,2.4
42173,2019,43.7,32.6,20.7,17.6,90.0,2.4
42173,2020,43.9,33.2,20.7,17.5,89.3,2.4
42173,2021,44.3,33.8,21.3,17.3,89.4,2.4
42173,2022,44.2,34.2,21.5,17.3,87.9,2.3
42173,2023,44.3,34.6,21.8,17.2,86.7,2.3
43038,2015,39.5,31.0,14.7,20.9,81.3,2.5
43038,2016,39.9,30.4,15.2,21.2,82.3,2.5
43038,2017,40.1,31.8,15.5,21.1,81.8,2.4
43038,2018,40.4,31.2,15.8,21.0,81.4,2.5
43038,2019,40.7,31.2,16.1,20.4,80.2,2.5
43038,2020,41.1,31.5,16.4,20.2,80.4,2.4
43038,2021,41.5,32.1,16.9,19.8,80.7,2.4
43038,2022,41.7,28.2,17.3,19.6,80.0,2.6
43038,2023,42.2,28.5,17.8,19.1,80.1,2.5
43123,2015,40.2,25.5,16.4,20.7,84.6,2.6
43123,2016,40.5,25.4,16.8,20.7,85.3,2.6
43123,2017,40.8,26.1,17.2,20.7,84.9,2.6
43123,2018,41.0,26.3,17.5,20.6,84.3,2.6
43123,2019,41.1,26.1,17.7,20.5,83.3,2.6
43123,2020,41.4,26.4,18.0,20.2,83.0,2.6
43123,2021,41.6,26.7,18.3,19.9,82.6,2.6
43123,2022,41.7,26.8,18.5,19.5,82.1,2.6
43123,2023,41.9,27.0,18.8,19.2,81.8,2.6
43148,2015,41.3,28.6,17.5,19.0,84.5,2.5
43148,2016,41.6,27.4,17.9,19.0,84.4,2.6
43148,2017,41.7,28.6,18.1,19.0,83.9,2.5
43148,2018,41.9,28.7,18.3,18.7,82.6,2.6
43148,2019,42.1,28.7,18.5,18.5,81.2,2.6
43148,2020,42.4,29.2,18.8,18.3,81.5,2.5
43148,2021,42.6,29.9,19.2,18.2,81.7,2.5
43148,2022,42.6,30.0,19.3,17.9,80.8,2.5
43148,2023,42.7,30.8,19.5,17.7,80.0,2.5
43155,2015,42.3,26.6,19.4,18.2,82.0,2.7
43155,2016,42.6,26.4,19.9,18.3,83.0,2.7
43155,2017,42.6,26.9,19.8,18.4,82.6,2.7
43155,2018,42.7,27.3,20.0,18.5,82.0,2.6
43155,2019,42.8,27.9,20.0,18.4,81.4,2.6
43155,2020,43.0,28.0,20.3,18.2,81.4,2.6
43155,2021,43.0,28.0,20.3,18.4,81.0,2.6
43155,2022,42.9,28.2,20.2,18.3,79.5,2.6
43155,2023,43.0,28.5,20.4,18.1,78.3,2.6
43163,2015,40.6,28.9,17.1,20.2,86.1,2.5
43163,2016,41.1,28.6,17.7,20.0,86.4,2.5
43163,2017,41.3,29.2,18.0,20.0,85.9,2.5
43163,2018,41.6,28.4,18.5,19.7,85.4,2.5
43163,2019,41.9,28.3,18.8,19.4,84.6,2.5
43163,2020,42.2,29.1,19.0,19.2,84.6,2.5
43163,2021,42.6,30.0,19.5,18.8,84.5,2.5
43163,2022,42.9,30.3,19.6,18.4,83.8,2.5
43163,2023,43.1,30.3,19.9,18.1,83.0,2.5
43905,2015,38.7,33.6,11.3,18.5,67.8,2.5
43905,2016,39.1,32.5,11.9,18.6,68.6,2.5
43905,2017,39.3,33.0,12.3,18.6,68.0,2.5
43905,2018,39.6,32.8,12.7,18.5,67.3,2.5
43905,2019,39.8,32.4,12.9,18.4,65.7,2.5
43905,2020,40.2,33.0,13.3,18.2,66.7,2.5
43905,2021,40.5,33.0,13.7,18.2,67.2,2.5
43905,2022,40.7,32.5,14.1,18.0,67.2,2.5
43905,2023,41.0,32.1,14.6,18.0,67.4,2.5
44216,2015,41.6,29.3,17.0,18.8,91.6,2.5
44216,2016,41.9,29.1,17.4,18.7,91.9,2.5
44216,2017,42.1,29.7,17.6,18.7,91.6,2.5
44216,2018,42.3,29.8,18.0,18.5,91.1,2.5
44216,2019,42.6,29.6,18.1,18.2,90.5,2.5
44216,2020,42.7,30.0,18.5,18.1,90.1,2.5
44216,2021,43.0,30.4,19.0,18.1,89.9,2.5
44216,2022,43.1,31.0,19.4,18.1,89.5,2.4
44216,2023,43.3,30.9,19.9,17.9,89.0,2.4
45081,2015,35.0,19.7,8.5,24.7,88.5,2.9
45081,2016,35.2,19.5,8.7,25.1,88.7,2.9
45081,2017,35.3,19.5,9.0,25.4,89.1,2.9
45081,2018,35.7,19.7,9.4,25.3,88.6,2.9
45081,2019,36.1,19.3,9.6,25.1,87.7,3.0
45081,2020,36.4,18.6,9.9,25.0,87.7,3.0
45081,2021,36.7,18.7,10.1,24.7,87.8,3.0
45081,2022,37.1,18.8,10.5,24.1,87.2,3.0
45081,2023,37.5,19.3,10.8,23.5,86.7,3.0
45165,2015,41.1,24.5,17.7,19.5,92.7,2.7
45165,2016,41.6,24.4,18.1,19.3,93.1,2.7
45165,2017,41.9,25.0,18.5,19.2,93.0,2.7
45165,2018,42.2,25.2,18.9,18.9,92.3,2.7
45165,2019,42.5,25.8,19.2,18.7,91.6,2.6
45165,2020,42.7,26.2,19.4,18.5,91.4,2.6
45165,2021,43.0,26.8,19.7,18.3,91.3,2.6
45165,2022,43.2,27.3,20.1,18.0,90.2,2.6
45165,2023,43.4,27.4,20.5,17.8,89.1,2.6
45168,2015,40.2,28.8,15.7,19.6,92.5,2.7
45168,2016,40.5,28.4,16.1,19.7,92.6,2.7
45168,2017,40.7,29.3,16.4,19.7,92.2,2.6
45168,2018,41.0,29.3,16.7,19.4,91.5,2.6
45168,2019,41.2,29.0,17.0,19.4,90.7,2.6
45168,2020,41.5,29.3,17.5,19.1,90.7,2.6
45168,2021,41.9,29.6,17.9,19.0,90.7,2.6
45168,2022,42.1,29.9,18.3,18.7,90.3,2.6
45168,2023,42.4,30.2,18.8,18.4,89.7,2.6
46005,2015,40.9,25.2,16.6,19.3,94.9,2.6
46005,2016,41.4,25.3,17.3,19.2,95.2,2.5
46005,2017,41.8,25.9,17.7,18.9,95.2,2.5
46005,2018,42.1,25.8,18.2,18.7,94.6,2.5
46005,2019,42.4,26.2,18.6,18.3,94.1,2.5
46005,2020,42.8,26.1,19.0,17.9,94.0,2.5
46005,2021,43.3,26.8,19.7,17.5,93.6,2.5
46005,2022,43.4,26.6,19.9,17.1,92.1,2.5
46005,2023,43.7,26.6,20.4,16.6,90.9,2.5
46017,2015,41.3,24.9,17.4,18.5,90.5,2.6
46017,2016,41.6,24.6,17.5,18.6,90.8,2.6
46017,2017,41.8,25.1,17.7,18.5,90.3,2.6
46017,2018,42.0,25.6,18.0,18.3,90.1,2.6
46017,2019,42.2,25.7,18.1,18.3,89.0,2.6
46017,2020,42.4,25.5,18.3,18.1,88.8,2.6
46017,2021,42.5,25.1,18.3,18.1,87.8,2.6
46017,2022,42.5,25.4,18.2,18.1,86.6,2.6
46017,2023,42.6,25.5,18.4,17.8,85.5,2.6
46021,2015,38.9,23.9,13.6,20.7,95.4,2.6
46021,2016,39.2,23.5,13.9,20.9,95.5,2.6
46021,2017,39.5,23.8,14.4,20.8,95.5,2.6
46021,2018,39.8,24.4,14.6,20.7,94.6,2.6
46021,2019,40.1,24.3,14.9,20.4,93.9,2.6
46021,2020,40.5,24.6,15.3,20.2,94.0,2.6
46021,2021,40.8,24.1,15.5,19.8,93.2,2.6
46021,2022,40.9,24.6,15.7,19.6,92.5,2.6
46021,2023,41.2,24.5,15.9,19.1,91.5,2.6
46029,2015,40.7,27.4,17.0,20.0,92.5,2.6
46029,2016,41.0,27.3,17.4,19.8,92.7,2.6
46029,2017,41.2,28.1,17.4,19.9,92.7,2.5
46029,2018,41.4,28.2,17.8,19.8,92.1,2.5
46029,2019,41.6,28.2,17.8,19.6,91.6,2.5
46029,2020,42.0,28.6,18.1,19.4,91.7,2.5
46029,2021,42.1,28.8,18.2,19.4,91.0,2.5
46029,2022,42.2,28.9,18.4,19.3,90.5,2.5
46029,2023,42.2,28.6,18.5,19.3,89.1,2.5
46078,2015,41.1,25.8,17.0,18.6,91.9,2.6
46078,2016,41.4,24.7,17.2,18.5,91.6,2.6
46078,2017,41.7,25.5,17.5,18.2,91.3,2.6
46078,2018,41.8,25.9,17.4,18.0,90.5,2.6
46078,2019,41.9,25.9,17.5,17.7,89.3,2.6
46078,2020,42.2,26.2,17.7,17.4,89.1,2.6
46078,2021,42.4,26.4,18.1,17.2,88.5,2.6
46078,2022,42.4,25.9,18.0,16.8,85.9,2.6
46078,2023,42.5,26.1,18.1,16.3,84.1,2.6
46094,2015,39.2,23.2,14.7,21.2,92.9,2.7
46094,2016,39.6,22.5,15.1,21.4,93.0,2.7
46094,2017,40.0,22.8,15.4,21.2,92.9,2.7
46094,2018,40.3,23.1,15.5,21.1,92.2,2.7
46094,2019,40.5,23.3,15.6,21.1,91.2,2.7
46094,2020,40.8,23.6,15.8,20.8,91.2,2.6
46094,2021,41.1,24.1,16.0,20.5,90.8,2.6
46094,2022,41.3,23.7,16.1,20.1,89.2,2.7
46094,2023,41.5,23.5,16.3,19.6,88.0,2.7
46102,2015,43.5,23.8,20.9,16.0,94.4,2.5
46102,2016,43.7,24.4,21.2,16.1,94.9,2.5
46102,2017,43.8,24.7,21.4,16.4,94.7,2.5
46102,2018,44.0,25.1,21.5,16.2,93.9,2.5
46102,2019,44.1,25.3,21.5,16.2,93.1,2.5
46102,2020,44.3,25.8,21.8,16.0,92.9,2.5
46102,2021,44.5,26.1,21.7,15.9,92.5,2.5
46102,2022,44.5,26.9,21.7,15.9,91.4,2.4
46102,2023,44.4,27.1,21.6,16.0,89.0,2.5
46110,2015,41.1,24.6,17.2,18.9,90.2,2.6
46110,2016,41.4,24.6,17.3,18.7,89.7,2.6
46110,2017,41.7,24.9,17.6,18.5,88.8,2.6
46110,2018,41.7,24.8,17.5,18.4,87.3,2.6
46110,2019,41.9,24.8,17.5,18.1,85.6,2.6
46110,2020,42.2,25.5,17.7,17.7,85.2,2.6
46110,2021,42.4,25.7,17.8,17.4,84.6,2.6
46110,2022,42.4,25.7,17.8,17.2,82.6,2.6
46110,2023,42.4,25.6,17.9,17.0,80.4,2.7
46131,2015,41.3,29.3,16.9,18.2,80.4,2.6
46131,2016,41.6,28.4,17.2,18.3,81.0,2.6
46131,2017,41.8,29.6,17.5,18.2,81.2,2.6
46131,2018,42.1,29.6,17.8,18.1,80.5,2.6
46131,2019,42.3,29.6,18.0,17.9,79.4,2.6
46131,2020,42.6,30.3,18.3,17.7,79.1,2.5
46131,2021,42.9,30.5,18.7,17.5,79.8,2.5
46131,2022,42.9,30.6,18.6,17.4,78.3,2.5
46131,2023,42.9,30.4,18.8,17.3,76.6,2.5
46145,2015,41.7,26.6,17.0,17.7,90.8,2.5
46145,2016,41.9,26.1,17.1,17.8,90.8,2.6
46145,2017,42.1,27.1,17.4,17.9,91.0,2.5
46145,2018,42.3,27.6,17.7,17.8,90.6,2.5
46145,2019,42.5,27.8,17.8,17.5,89.7,2.5
46145,2020,42.7,28.5,18.0,17.1,90.0,2.5
46145,2021,43.1,29.2,18.6,16.8,89.2,2.5
46145,2022,43.3,29.6,18.8,16.7,88.4,2.5
46145,2023,43.5,29.9,19.2,16.2,87.3,2.4
46159,2015,40.3,23.1,15.6,19.6,92.0,2.6
46159,2016,40.7,23.2,15.9,19.5,92.2,2.6
46159,2017,41.0,23.4,16.1,19.5,91.8,2.6
46159,2018,41.3,24.1,16.3,19.0,91.3,2.6
46159,2019,41.6,24.1,16.6,18.6,90.1,2.6
46159,2020,41.9,24.3,16.8,18.2,89.8,2.6
46159,2021,42.2,24.9,17.1,17.8,89.7,2.6
46159,2022,42.3,25.2,17.3,17.5,88.4,2.6
46159,2023,42.5,24.8,17.8,17.1,87.1,2.6
46169,2015,42.0,25.6,17.5,17.3,90.3,2.5
46169,2016,42.3,25.4,18.0,17.3,90.3,2.5
46169,2017,42.5,25.9,18.5,17.5,89.7,2.5
46169,2018,42.8,26.5,18.7,17.0,88.6,2.5
46169,2019,43.0,26.6,19.0,16.9,87.7,2.5
46169,2020,43.3,26.5,19.4,16.7,87.9,2.5
46169,2021,43.5,27.2,19.9,16.6,87.7,2.5
46169,2022,43.6,26.9,20.0,16.3,85.5,2.5
46169,2023,43.8,25.5,20.3,15.9,84.5,2.6
46181,2015,42.0,28.3,18.7,18.4,80.5,2.6
46181,2016,42.4,28.6,19.0,18.4,80.7,2.5
46181,2017,42.6,29.6,19.1,18.3,81.3,2.5
46181,2018,43.1,29.9,19.8,17.9,81.3,2.5
46181,2019,43.5,30.2,20.3,17.7,81.0,2.5
46181,2020,43.8,30.8,20.7,17.5,81.1,2.4
46181,2021,44.1,31.4,20.8,17.3,81.2,2.4
46181,2022,44.3,31.3,21.0,16.9,79.3,2.4
46181,2023,44.4,31.8,21.2,16.8,78.3,2.4
46184,2015,41.4,25.1,16.9,18.6,90.8,2.6
46184,2016,41.8,25.1,17.3,18.3,91.1,2.6
46184,2017,42.0,25.6,17.5,18.1,90.6,2.6
46184,2018,42.4,25.9,17.9,17.9,90.2,2.6
46184,2019,42.7,26.3,18.3,17.7,89.3,2.6
46184,2020,42.9,26.6,18.6,17.4,89.2,2.6
46184,2021,43.2,26.9,19.0,17.2,89.2,2.5
46184,2022,43.4,27.5,19.5,16.9,88.3,2.5
46184,2023,43.7,27.9,20.1,16.5,87.4,2.5
46190,2015,38.0,25.3,12.4,22.4,92.4,2.6
46190,2016,38.3,24.9,12.8,22.4,92.5,2.6
46190,2017,38.6,25.6,13.1,22.3,92.3,2.6
46190,2018,38.9,25.3,13.4,22.3,91.4,2.6
46190,2019,39.2,25.1,13.7,22.2,90.5,2.7
46190,2020,39.5,24.8,14.1,21.8,90.2,2.7
46190,2021,39.8,25.0,14.5,21.6,89.8,2.6
46190,2022,40.0,24.8,14.8,21.5,88.4,2.7
46190,2023,40.4,24.7,15.2,21.1,87.4,2.7
46220,2015,43.1,29.8,20.0,17.6,89.9,2.4
46220,2016,43.2,29.1,20.3,17.9,89.5,2.4
46220,2017,43.4,29.8,20.6,17.9,89.1,2.4
46220,2018,43.6,30.1,20.7,17.6,88.5,2.4
46220,2019,43.7,30.3,20.7,17.6,87.5,2.4
46220,2020,44.0,30.7,21.2,17.4,87.7,2.4
46220,2021,44.1,31.0,21.3,17.3,86.8,2.4
46220,2022,44.0,30.6,21.2,17.2,84.5,2.4
46220,2023,44.0,30.5,21.2,17.0,83.2,2.4
46235,2015,43.0,28.2,19.3,17.0,92.2,2.5
46235,2016,43.3,28.1,19.6,17.0,93.2,2.5
46235,2017,43.5,28.4,20.0,16.9,93.0,2.5
46235,2018,43.8,28.9,20.3,16.8,92.5,2.5
46235,2019,43.9,29.2,20.4,16.9,91.9,2.4
46235,2020,44.1,29.7,20.6,16.6,91.8,2.4
46235,2021,44.4,30.1,20.8,16.3,91.4,2.4
46235,2022,44.5,30.6,20.8,16.0,89.7,2.4
46235,2023,44.6,30.8,20.9,15.8,88.1,2.4
46244,2015,39.2,22.6,14.3,20.8,91.1,2.7
46244,2016,39.5,22.5,14.7,20.9,91.5,2.7
46244,2017,39.7,22.5,15.0,20.8,91.2,2.7
46244,2018,39.9,22.6,15.2,20.6,90.5,2.7
46244,2019,40.2,22.3,15.3,20.3,89.2,2.8
46244,2020,40.5,22.6,15.6,20.1,89.0,2.7
46244,2021,40.8,22.7,15.9,19.7,88.3,2.7
46244,2022,40.9,22.9,16.0,19.5,86.7,2.7
46244,2023,41.0,22.9,16.3,19.2,85.5,2.7
46250,2015,43.4,29.8,20.3,16.5,87.8,2.5
46250,2016,43.6,29.5,20.6,16.6,88.5,2.5
46250,2017,43.7,29.9,20.8,16.4,87.9,2.5
46250,2018,43.8,30.1,20.9,16.3,87.2,2.5
46250,2019,44.0,30.1,21.0,16.1,86.3,2.5
46250,2020,44.4,30.8,21.5,15.8,86.5,2.5
46250,2021,44.5,31.1,21.6,15.7,85.6,2.5
46250,2022,44.4,31.2,21.5,15.5,84.5,2.5
46250,2023,44.3,31.1,21.5,15.2,82.7,2.5
47186,2015,45.9,29.5,24.3,14.9,95.6,2.4
47186,2016,46.3,29.8,24.9,14.9,95.9,2.4
47186,2017,46.6,30.4,25.4,14.9,95.7,2.4
47186,2018,46.9,30.8,25.9,14.7,95.4,2.4
47186,2019,47.1,31.1,26.3,14.6,94.8,2.3
47186,2020,47.3,31.7,26.6,14.5,94.4,2.3
47186,2021,47.7,32.3,27.2,14.3,94.2,2.3
47186,2022,47.8,32.9,27.5,14.2,93.7,2.3
47186,2023,47.9,33.4,27.8,14.1,92.8,2.3
48013,2015,44.9,26.2,22.0,15.3,94.0,2.4
48013,2016,45.1,26.4,22.1,15.5,93.8,2.4
48013,2017,45.3,27.4,22.4,15.6,93.3,2.4
48013,2018,45.4,28.1,22.5,15.7,92.7,2.4
48013,2019,45.5,28.1,22.8,15.6,91.9,2.4
48013,2020,45.7,28.6,23.1,15.6,91.6,2.4
48013,2021,46.0,29.2,23.4,15.4,91.4,2.3
48013,2022,46.0,29.6,23.6,15.3,90.6,2.3
48013,2023,46.2,29.8,23.9,15.1,89.8,2.3
48015,2015,47.2,25.7,26.1,14.0,95.1,2.4
48015,2016,47.5,26.8,26.5,14.0,94.8,2.3
48015,2017,47.7,28.1,26.8,13.9,94.4,2.3
48015,2018,47.9,28.4,27.1,13.9,93.9,2.3
48015,2019,47.9,29.1,27.0,14.0,93.1,2.3
48015,2020,48.1,29.8,27.2,13.7,92.7,2.3
48015,2021,48.4,30.6,27.6,13.3,92.3,2.3
48015,2022,48.4,31.3,27.7,13.1,91.4,2.3
48015,2023,48.6,31.6,27.9,12.8,90.9,2.3
48020,2015,45.8,29.7,23.4,14.6,92.6,2.4
48020,2016,46.0,30.1,23.5,14.7,92.5,2.4
48020,2017,46.2,31.1,23.7,14.6,92.1,2.3
48020,2018,46.3,31.6,23.8,14.4,91.5,2.3
48020,2019,46.3,31.7,23.8,14.3,90.3,2.3
48020,2020,46.6,32.2,24.1,14.1,90.1,2.3
48020,2021,46.8,32.9,24.5,13.9,90.0,2.3
48020,2022,46.8,33.2,24.7,13.7,89.5,2.3
48020,2023,46.9,33.6,25.0,13.5,88.8,2.3
48027,2015,42.3,24.5,17.9,18.4,93.0,2.6
48027,2016,42.6,25.2,18.1,18.4,93.0,2.6
48027,2017,42.8,25.5,18.4,18.3,92.5,2.5
48027,2018,42.9,25.8,18.6,18.1,92.3,2.5
48027,2019,43.1,26.5,18.6,17.9,91.7,2.5
48027,2020,43.4,26.6,18.9,17.6,91.7,2.5
48027,2021,43.9,27.2,19.5,17.1,91.8,2.5
48027,2022,44.1,27.7,20.0,16.8,91.4,2.5
48027,2023,44.3,29.1,20.6,16.4,90.6,2.4
48036,2015,44.2,23.0,19.7,15.6,97.0,2.5
48036,2016,44.5,23.2,20.1,15.6,96.7,2.5
48036,2017,44.8,23.9,20.8,15.5,96.7,2.5
48036,2018,45.2,24.4,21.4,15.4,96.2,2.5
48036,2019,45.5,24.5,22.1,15.2,95.7,2.5
48036,2020,45.8,25.2,22.6,15.0,95.6,2.4
48036,2021,46.1,25.9,23.5,14.9,95.7,2.4
48036,2022,46.3,26.7,24.1,14.8,95.2,2.4
48036,2023,47.1,27.6,26.0,14.0,94.9,2.3
48044,2015,44.9,22.7,22.6,15.5,94.5,2.7
48044,2016,45.2,23.3,23.3,15.6,94.4,2.6
48044,2017,45.5,24.1,24.0,15.4,94.0,2.6
48044,2018,45.9,24.6,24.7,15.3,93.6,2.6
48044,2019,46.2,25.0,25.4,15.2,93.3,2.6
48044,2020,46.5,25.8,26.1,15.1,93.4,2.6
48044,2021,46.9,26.5,26.8,14.9,93.5,2.5
48044,2022,47.2,27.1,27.6,14.7,93.1,2.5
48044,2023,47.4,27.7,28.2,14.5,92.6,2.5
48054,2015,41.9,21.6,17.3,18.2,95.5,2.6
48054,2016,42.2,22.4,17.9,18.1,95.4,2.6
48054,2017,42.5,23.2,18.5,18.0,95.2,2.6
48054,2018,42.7,23.6,19.0,18.0,95.1,2.6
48054,2019,43.0,23.9,19.6,17.7,94.7,2.5
48054,2020,43.3,24.3,20.0,17.6,94.2,2.5
48054,2021,43.6,24.9,20.5,17.6,94.2,2.5
48054,2022,43.9,25.4,20.9,17.3,93.7,2.5
48054,2023,44.2,25.9,21.4,16.8,93.2,2.5
48078,2015,47.3,25.4,26.0,13.5,96.1,2.4
48078,2016,47.5,26.0,26.2,13.5,96.0,2.4
48078,2017,47.9,26.5,26.6,13.4,95.7,2.4
48078,2018,48.2,27.4,27.0,13.3,95.1,2.3
48078,2019,48.3,28.0,27.2,13.3,94.3,2.3
48078,2020,48.6,28.7,27.6,13.1,94.0,2.3
48078,2021,48.8,29.3,28.1,13.1,93.7,2.3
48078,2022,48.9,30.0,28.5,13.0,93.1,2.3
48078,2023,49.0,30.5,28.7,12.9,92.1,2.3
48082,2015,45.4,25.3,22.6,15.1,96.0,2.4
48082,2016,45.7,25.8,22.8,15.2,96.1,2.4
48082,2017,46.0,27.4,23.2,15.2,95.8,2.4
48082,2018,46.2,28.0,23.5,15.1,95.4,2.4
48082,2019,46.3,28.4,23.6,15.0,94.8,2.4
48082,2020,46.5,28.5,23.9,14.9,94.2,2.3
48082,2021,46.8,29.5,24.4,14.7,94.1,2.3
48082,2022,46.8,29.9,24.5,14.6,93.2,2.3
48082,2023,46.9,30.1,24.9,14.4,92.5,2.3
48084,2015,46.2,26.6,24.4,14.4,93.9,2.4
48084,2016,46.4,27.0,24.6,14.7,93.7,2.4
48084,2017,46.7,27.6,25.0,14.4,93.2,2.3
48084,2018,47.0,28.6,25.2,14.3,92.6,2.3
48084,2019,47.0,28.6,25.1,14.2,91.3,2.3
48084,2020,47.1,29.0,25.2,14.1,90.3,2.3
48084,2021,47.0,29.7,24.8,14.2,89.2,2.3
48084,2022,46.8,30.2,24.6,14.3,87.6,2.3
48084,2023,46.7,30.3,24.5,14.2,86.0,2.3
49275,2015,45.7,31.0,23.1,14.6,96.5,2.3
49275,2016,46.1,31.0,23.5,14.5,96.9,2.3
49275,2017,46.4,31.8,24.2,14.5,96.9,2.3
49275,2018,46.8,32.7,24.8,14.4,96.8,2.3
49275,2019,47.3,33.1,25.5,14.3,96.5,2.3
49275,2020,47.6,33.8,26.0,14.1,96.4,2.2
49275,2021,48.0,34.4,26.8,13.8,96.4,2.2
49275,2022,48.2,35.3,27.3,13.7,95.7,2.2
49275,2023,48.5,36.0,28.0,13.5,95.0,2.2
50297,2015,43.3,28.5,20.2,16.9,90.6,2.5
50297,2016,43.5,28.0,20.6,17.2,90.4,2.5
50297,2017,43.7,29.0,20.9,17.2,90.2,2.4
50297,2018,43.9,29.6,21.2,17.0,89.1,2.4
50297,2019,44.1,29.4,21.3,16.9,88.2,2.4
50297,2020,44.2,29.7,21.5,16.8,88.4,2.4
50297,2021,44.5,30.2,21.9,16.6,88.4,2.4
50297,2022,44.5,30.4,22.0,16.4,87.3,2.4
50297,2023,44.7,30.8,22.2,16.1,86.6,2.4
51001,2015,36.5,23.3,11.4,24.2,93.6,3.2
51001,2016,36.6,23.2,11.5,24.4,93.4,3.2
51001,2017,36.8,24.5,11.7,24.3,93.1,3.1
51001,2018,37.1,24.4,12.0,24.0,93.2,3.1
51001,2019,37.5,24.8,12.3,23.6,93.2,3.1
51001,2020,37.8,24.9,12.6,23.2,93.6,3.1
51001,2021,38.1,25.5,12.8,22.7,94.1,3.0
51001,2022,38.3,25.8,13.1,22.1,94.3,3.0
51001,2023,38.7,26.0,13.4,21.4,94.2,3.0
52001,2015,34.8,18.6,9.9,26.9,84.5,3.2
52001,2016,34.9,18.6,10.0,27.1,84.5,3.2
52001,2017,35.0,19.0,10.2,27.2,84.4,3.2
52001,2018,35.3,19.2,10.5,26.9,84.7,3.2
52001,2019,35.6,19.2,10.8,26.6,84.7,3.2
52001,2020,35.9,19.5,11.1,26.2,85.4,3.3
52001,2021,36.2,20.3,11.4,25.5,86.3,3.3
52001,2022,36.5,20.3,11.9,25.1,86.7,3.2
52001,2023,36.9,20.7,12.4,24.5,87.2,3.2
