cod_ine,anio,ipr_score,ipr_percentile,rank,delta_ipr,delta_since_start,rank_change,calculation_version,dataset_sha256
01059,2020,53.98550724637681,57.2463768115942,119,,0.0,,historico-relativo-1.0,0a9a6aefb1d5cafa7b9570a2888f6efb4af6f21eed9107a2ba0255bf46fc217a
01059,2021,52.85592497868713,53.98550724637681,128,-1.1295822676896847,-1.1295822676896847,9.0,historico-relativo-1.0,0a9a6aefb1d5cafa7b9570a2888f6efb4af6f21eed9107a2ba0255bf46fc217a
01059,2022,39.70588235294118,29.528985507246375,195,-13.150042625745947,-14.279624893435631,67.0,historico-relativo-1.0,0a9a6aefb1d5cafa7b9570a2888f6efb4af6f21eed9107a2ba0255bf46fc217a
01059,2023,42.97740835464621,36.95652173913044,175,3.271526001705027,-11.008098891730604,-20.0,historico-relativo-1.0,0a9a6aefb1d5cafa7b9570a2888f6efb4af6f21eed9107a2ba0255bf46fc217a
02003,2020,33.16283034953112,18.115942028985508,227,,0.0,,historico-relativo-1.0,0a9a6aefb1d5cafa7b9570a2888f6efb4af6f21eed9107a2ba0255bf46fc217a
02003,2021,44.47996589940324,38.405797101449274,171,11.31713554987212,11.31713554987212,-56.0,historico-relativo-1.0,0a9a6aefb1d5cafa7b9570a2888f6efb4af6f21eed9107a2ba0255bf46fc217a
02003,2022,36.99914748508099,24.63768115942029,209,-7.4808184143222505,3.8363171355498693,38.0,historico-relativo-1.0,0a9a6aefb1d5cafa7b9570a2888f6efb4af6f21eed9107a2ba0255bf46fc217a
02003,2023,57.56606990622336,63.04347826086956,103,20.566922421142372,24.40323955669224,-106.0,historico-relativo-1.0,0a9a6aefb1d5cafa7b9570a2888f6efb4af6f21eed9107a2ba0255bf46fc217a
02009,2020,15.92071611253197,3.260869565217391,268,,0.0,,historico-relativo-1.0,0a9a6aefb1d5cafa7b9570a2888f6efb4af6f21eed9107a2ba0255bf46fc217a
02009,2021,8.248081841432224,0.36231884057971014,276,-7.672634271099746,-7.672634271099746,8.0,historico-relativo-1.0,0a9a6aefb1d5cafa7b9570a2888f6efb4af6f21eed9107a2ba0255bf46fc217a
02009,2022,7.289002557544757,1.0869565217391304,274,-0.9590792838874673,-8.631713554987213,-2.0,historico-relativo-1.0,0a9a6aefb1d5cafa7b9570a2888f6efb4af6f21eed9107a2ba0255bf46fc217a
02009,2023,5.147058823529411,0.36231884057971014,276,-2.1419437340153458,-10.773657289002559,2.0,historico-relativo-1.0,0a9a6aefb1d5cafa7b9570a2888f6efb4af6f21eed9107a2ba0255bf46fc217a
02037,2020,9.175191815856778,0.7246376811594203,275,,0.0,,historico-relativo-1.0,0a9a6aefb1d5cafa7b9570a2888f6efb4af6f21eed9107a2ba0255bf46fc217a
02037,2021,25.319693094629155,10.507246376811594,248,16.144501278772378,16.144501278772378,-27.0,historico-relativo-1.0,0a9a6aefb1d5cafa7b9570a2888f6efb4af6f21eed9107a2ba0255bf46fc217a
02037,2022,7.853793691389599,1.4492753623188406,273,-17.465899403239554,-1.3213981244671782,25.0,historico-relativo-1.0,0a9a6aefb1d5cafa7b9570a2888f6efb4af6f21eed9107a2ba0255bf46fc217a
02037,2023,8.333333333333334,1.0869565217391304,274,0.47953964194373455,-0.8418584825234436,1.0,historico-relativo-1.0,0a9a6aefb1d5cafa7b9570a2888f6efb4af6f21eed9107a2ba0255bf46fc217a
02081,2020,21.323529411764707,8.333333333333334,254,,0.0,,historico-relativo-1.0,0a9a6aefb1d5cafa7b9570a2888f6efb4af6f21eed9107a2ba0255bf46fc217a
02081,2021,9.08994032395567,1.0869565217391304,274,-12.233589087809037,-12.233589087809037,20.0,historico-relativo-1.0,0a9a6aefb1d5cafa7b9570a2888f6efb4af6f21eed9107a2ba0255bf46fc217a
02081,2022,14.482097186700766,5.797101449275362,261,5.392156862745097,-6.84143222506394,-13.0,historico-relativo-1.0,0a9a6aefb1d5cafa7b9570a2888f6efb4af6f21eed9107a2ba0255bf46fc217a
02081,2023,6.564364876385336,0.7246376811594203,275,-7.91773231031543,-14.75916453537937,14.0,historico-relativo-1.0,0a9a6aefb1d5cafa7b9570a2888f6efb4af6f21eed9107a2ba0255bf46fc217a
03009,2020,48.667945439045184,45.65217391304348,151,,0.0,,historico-relativo-1.0,0a9a6aefb1d5cafa7b9570a2888f6efb4af6f21eed9107a2ba0255bf46fc217a
03009,2021,48.95566922421142,47.46376811594203,146,0.28772378516623576,0.28772378516623576,-5.0,historico-relativo-1.0,0a9a6aefb1d5cafa7b9570a2888f6efb4af6f21eed9107a2ba0255bf46fc217a
03009,2022,28.6231884057971,15.942028985507246,233,-20.332480818414318,-20.044757033248082,87.0,historico-relativo-1.0,0a9a6aefb1d5cafa7b9570a2888f6efb4af6f21eed9107a2ba0255bf46fc217a
03009,2023,35.47527706734868,22.463768115942027,215,6.852088661551576,-13.192668371696506,-18.0,historico-relativo-1.0,0a9a6aefb1d5cafa7b9570a2888f6efb4af6f21eed9107a2ba0255bf46fc217a
03014,2020,48.54006820119352,44.927536231884055,153,,0.0,,historico-relativo-1.0,0a9a6aefb1d5cafa7b9570a2888f6efb4af6f21eed9107a2ba0255bf46fc217a
03014,2021,66.5920716112532,79.34782608695652,58,18.052003410059683,18.052003410059683,-95.0,historico-relativo-1.0,0a9a6aefb1d5cafa7b9570a2888f6efb4af6f21eed9107a2ba0255bf46fc217a
03014,2022,69.22421142369991,80.43478260869566,55,2.6321398124467095,20.684143222506393,-3.0,historico-relativo-1.0,0a9a6aefb1d5cafa7b9570a2888f6efb4af6f21eed9107a2ba0255bf46fc217a
03014,2023,73.29497016197783,87.68115942028986,35,4.070758738277917,24.75490196078431,-20.0,historico-relativo-1.0,0a9a6aefb1d5cafa7b9570a2888f6efb4af6f21eed9107a2ba0255bf46fc217a
03031,2020,68.65942028985506,84.78260869565217,43,,0.0,,historico-relativo-1.0,0a9a6aefb1d5cafa7b9570a2888f6efb4af6f21eed9107a2ba0255bf46fc217a
03031,2021,80.52003410059676,95.65217391304348,13,11.860613810741697,11.860613810741697,-30.0,historico-relativo-1.0,0a9a6aefb1d5cafa7b9570a2888f6efb4af6f21eed9107a2ba0255bf46fc217a
03031,2022,65.4305200341006,76.44927536231884,66,-15.089514066496164,-3.2289002557544677,53.0,historico-relativo-1.0,0a9a6aefb1d5cafa7b9570a2888f6efb4af6f21eed9107a2ba0255bf46fc217a
03031,2023,79.00682011935208,93.47826086956522,19,13.57630008525149,10.347399829497022,-47.0,historico-relativo-1.0,0a9a6aefb1d5cafa7b9570a2888f6efb4af6f21eed9107a2ba0255bf46fc217a
03047,2020,73.35890878090366,90.21739130434783,28,,0.0,,historico-relativo-1.0,0a9a6aefb1d5cafa7b9570a2888f6efb4af6f21eed9107a2ba0255bf46fc217a
03047,2021,75.70332480818415,91.30434782608695,25,2.344416027280488,2.344416027280488,-3.0,historico-relativo-1.0,0a9a6aefb1d5cafa7b9570a2888f6efb4af6f21eed9107a2ba0255bf46fc217a
03047,2022,74.57374254049446,87.31884057971014,36,-1.1295822676896847,1.2148337595908032,11.0,historico-relativo-1.0,0a9a6aefb1d5cafa7b9570a2888f6efb4af6f21eed9107a2ba0255bf46fc217a
03047,2023,86.55157715260017,97.10144927536231,9,11.97783461210571,13.192668371696513,-27.0,historico-relativo-1.0,0a9a6aefb1d5cafa7b9570a2888f6efb4af6f21eed9107a2ba0255bf46fc217a
03059,2020,20.14066496163683,7.246376811594203,257,,0.0,,historico-relativo-1.0,0a9a6aefb1d5cafa7b9570a2888f6efb4af6f21eed9107a2ba0255bf46fc217a
03059,2021,30.647911338448424,17.391304347826086,229,10.507246376811594,10.507246376811594,-28.0,historico-relativo-1.0,0a9a6aefb1d5cafa7b9570a2888f6efb4af6f21eed9107a2ba0255bf46fc217a
03059,2022,16.36828644501279,6.884057971014493,258,-14.279624893435635,-3.772378516624041,29.0,historico-relativo-1.0,0a9a6aefb1d5cafa7b9570a2888f6efb4af6f21eed9107a2ba0255bf46fc217a
03059,2023,41.53878942881501,34.42028985507246,182,25.17050298380222,21.398124467178178,-76.0,historico-relativo-1.0,0a9a6aefb1d5cafa7b9570a2888f6efb4af6f21eed9107a2ba0255bf46fc217a
03063,2020,75.18115942028986,91.66666666666667,24,,0.0,,historico-relativo-1.0,0a9a6aefb1d5cafa7b9570a2888f6efb4af6f21eed9107a2ba0255bf46fc217a
03063,2021,70.67348678601876,85.5072463768116,41,-4.507672634271103,-4.507672634271103,17.0,historico-relativo-1.0,0a9a6aefb1d5cafa7b9570a2888f6efb4af6f21eed9107a2ba0255bf46fc217a
03063,2022,80.0618073316283,92.02898550724638,23,9.388320545609545,4.880647911338443,-18.0,historico-relativo-1.0,0a9a6aefb1d5cafa7b9570a2888f6efb4af6f21eed9107a2ba0255bf46fc217a
03063,2023,88.01150895140665,97.82608695652173,7,7.949701619778352,12.830349531116795,-16.0,historico-relativo-1.0,0a9a6aefb1d5cafa7b9570a2888f6efb4af6f21eed9107a2ba0255bf46fc217a
03065,2020,49.73358908780904,49.63768115942029,140,,0.0,,historico-relativo-1.0,0a9a6aefb1d5cafa7b9570a2888f6efb4af6f21eed9107a2ba0255bf46fc217a
03065,2021,63.011508951406654,72.10144927536231,78,13.277919863597617,13.277919863597617,-62.0,historico-relativo-1.0,0a9a6aefb1d5cafa7b9570a2888f6efb4af6f21eed9107a2ba0255bf46fc217a
03065,2022,44.671781756180735,40.21739130434783,166,-18.33972719522592,-5.061807331628302,88.0,historico-relativo-1.0,0a9a6aefb1d5cafa7b9570a2888f6efb4af6f21eed9107a2ba0255bf46fc217a
03065,2023,64.31159420289855,76.08695652173913,67,19.639812446717812,14.57800511508951,-99.0,historico-relativo-1.0,0a9a6aefb1d5cafa7b9570a2888f6efb4af6f21eed9107a2ba0255bf46fc217a
03066,2020,25.543478260869566,9.782608695652174,250,,0.0,,historico-relativo-1.0,0a9a6aefb1d5cafa7b9570a2888f6efb4af6f21eed9107a2ba0255bf46fc217a
03066,2021,35.869565217391305,25.0,208,10.326086956521738,10.326086956521738,-42.0,historico-relativo-1.0,0a9a6aefb1d5cafa7b9570a2888f6efb4af6f21eed9107a2ba0255bf46fc217a
03066,2022,13.213981244671782,4.3478260869565215,265,-22.655583972719523,-12.329497016197784,57.0,historico-relativo-1.0,0a9a6aefb1d5cafa7b9570a2888f6efb4af6f21eed9107a2ba0255bf46fc217a
03066,2023,35.93350383631713,22.82608695652174,214,22.719522591645347,10.390025575447563,-51.0,historico-relativo-1.0,0a9a6aefb1d5cafa7b9570a2888f6efb4af6f21eed9107a2ba0255bf46fc217a
03082,2020,83.53580562659846,97.82608695652173,7,,0.0,,historico-relativo-1.0,0a9a6aefb1d5cafa7b9570a2888f6efb4af6f21eed9107a2ba0255bf46fc217a
03082,2021,92.54049445865303,100.0,1,9.004688832054569,9.004688832054569,-6.0,historico-relativo-1.0,0a9a6aefb1d5cafa7b9570a2888f6efb4af6f21eed9107a2ba0255bf46fc217a
03082,2022,92.2847399829497,98.18840579710145,6,-0.255754475703327,8.748934356351242,5.0,historico-relativo-1.0,0a9a6aefb1d5cafa7b9570a2888f6efb4af6f21eed9107a2ba0255bf46fc217a
03082,2023,78.66581415174767,92.57246376811594,21,-13.618925831202034,-4.869991474850792,15.0,historico-relativo-1.0,0a9a6aefb1d5cafa7b9570a2888f6efb4af6f21eed9107a2ba0255bf46fc217a
03093,2020,30.07246376811594,14.855072463768115,236,,0.0,,historico-relativo-1.0,0a9a6aefb1d5cafa7b9570a2888f6efb4af6f21eed9107a2ba0255bf46fc217a
03093,2021,20.556265984654733,6.521739130434782,259,-9.516197783461209,-9.516197783461209,23.0,historico-relativo-1.0,0a9a6aefb1d5cafa7b9570a2888f6efb4af6f21eed9107a2ba0255bf46fc217a
03093,2022,11.466325660699063,3.260869565217391,268,-9.08994032395567,-18.60613810741688,9.0,historico-relativo-1.0,0a9a6aefb1d5cafa7b9570a2888f6efb4af6f21eed9107a2ba0255bf46fc217a
03093,2023,27.706734867860188,14.492753623188406,237,16.240409207161125,-2.3657289002557533,-31.0,historico-relativo-1.0,0a9a6aefb1d5cafa7b9570a2888f6efb4af6f21eed9107a2ba0255bf46fc217a
03099,2020,56.79880647911339,61.231884057971016,108,,0.0,,historico-relativo-1.0,0a9a6aefb1d5cafa7b9570a2888f6efb4af6f21eed9107a2ba0255bf46fc217a
03099,2021,86.78601875532823,98.91304347826087,4,29.98721227621484,29.98721227621484,-104.0,historico-relativo-1.0,0a9a6aefb1d5cafa7b9570a2888f6efb4af6f21eed9107a2ba0255bf46fc217a
03099,2022,76.26811594202898,88.76811594202898,32,-10.517902813299244,19.469309462915596,28.0,historico-relativo-1.0,0a9a6aefb1d5cafa7b9570a2888f6efb4af6f21eed9107a2ba0255bf46fc217a
03099,2023,68.51023017902813,81.52173913043478,52,-7.757885763000857,11.71142369991474,20.0,historico-relativo-1.0,0a9a6aefb1d5cafa7b9570a2888f6efb4af6f21eed9107a2ba0255bf46fc217a
03104,2020,30.392156862745097,15.579710144927537,234,,0.0,,historico-relativo-1.0,0a9a6aefb1d5cafa7b9570a2888f6efb4af6f21eed9107a2ba0255bf46fc217a
03104,2021,28.900255754475708,14.492753623188406,237,-1.4919011082693885,-1.4919011082693885,3.0,historico-relativo-1.0,0a9a6aefb1d5cafa7b9570a2888f6efb4af6f21eed9107a2ba0255bf46fc217a
03104,2022,31.947996589940324,19.202898550724637,224,3.047740835464616,1.5558397271952273,-13.0,historico-relativo-1.0,0a9a6aefb1d5cafa7b9570a2888f6efb4af6f21eed9107a2ba0255bf46fc217a
03104,2023,18.98976982097187,8.333333333333334,254,-12.958226768968455,-11.402387041773228,30.0,historico-relativo-1.0,0a9a6aefb1d5cafa7b9570a2888f6efb4af6f21eed9107a2ba0255bf46fc217a
03121,2020,77.34441602728049,93.84057971014492,18,,0.0,,historico-relativo-1.0,0a9a6aefb1d5cafa7b9570a2888f6efb4af6f21eed9107a2ba0255bf46fc217a
03121,2021,60.05967604433078,67.21014492753623,91,-17.28473998294971,-17.28473998294971,73.0,historico-relativo-1.0,0a9a6aefb1d5cafa7b9570a2888f6efb4af6f21eed9107a2ba0255bf46fc217a
03121,2022,80.62659846547315,93.1159420289855,20,20.566922421142372,3.282182438192663,-71.0,historico-relativo-1.0,0a9a6aefb1d5cafa7b9570a2888f6efb4af6f21eed9107a2ba0255bf46fc217a
03121,2023,72.46376811594203,86.23188405797102,39,-8.16283034953112,-4.880647911338457,19.0,historico-relativo-1.0,0a9a6aefb1d5cafa7b9570a2888f6efb4af6f21eed9107a2ba0255bf46fc217a
03122,2020,56.10613810741688,59.78260869565217,112,,0.0,,historico-relativo-1.0,0a9a6aefb1d5cafa7b9570a2888f6efb4af6f21eed9107a2ba0255bf46fc217a
03122,2021,45.84398976982097,41.1231884057971,163,-10.26214833759591,-10.26214833759591,51.0,historico-relativo-1.0,0a9a6aefb1d5cafa7b9570a2888f6efb4af6f21eed9107a2ba0255bf46fc217a
03122,2022,57.19309462915601,62.86231884057971,103,11.349104859335036,1.0869565217391255,-60.0,historico-relativo-1.0,0a9a6aefb1d5cafa7b9570a2888f6efb4af6f21eed9107a2ba0255bf46fc217a
03122,2023,60.166240409207155,67.3913043478261,91,2.973145780051148,4.060102301790273,-12.0,historico-relativo-1.0,0a9a6aefb1d5cafa7b9570a2888f6efb4af6f21eed9107a2ba0255bf46fc217a
03133,2020,65.12148337595909,81.15942028985508,53,,0.0,,historico-relativo-1.0,0a9a6aefb1d5cafa7b9570a2888f6efb4af6f21eed9107a2ba0255bf46fc217a
03133,2021,81.30861040068201,96.3768115942029,11,16.187127024722926,16.187127024722926,-42.0,historico-relativo-1.0,0a9a6aefb1d5cafa7b9570a2888f6efb4af6f21eed9107a2ba0255bf46fc217a
03133,2022,82.72591645353793,94.92753623188406,15,1.4173060528559205,17.604433077578847,4.0,historico-relativo-1.0,0a9a6aefb1d5cafa7b9570a2888f6efb4af6f21eed9107a2ba0255bf46fc217a
03133,2023,82.86445012787723,94.20289855072464,17,0.13853367433929975,17.742966751918146,2.0,historico-relativo-1.0,0a9a6aefb1d5cafa7b9570a2888f6efb4af6f21eed9107a2ba0255bf46fc217a
03139,2020,65.53708439897699,82.2463768115942,50,,0.0,,historico-relativo-1.0,0a9a6aefb1d5cafa7b9570a2888f6efb4af6f21eed9107a2ba0255bf46fc217a
03139,2021,64.38618925831202,76.08695652173913,66,-1.1508951406649714,-1.1508951406649714,16.0,historico-relativo-1.0,0a9a6aefb1d5cafa7b9570a2888f6efb4af6f21eed9107a2ba0255bf46fc217a
03139,2022,59.07928388746804,67.02898550724638,92,-5.306905370843978,-6.45780051150895,26.0,historico-relativo-1.0,0a9a6aefb1d5cafa7b9570a2888f6efb4af6f21eed9107a2ba0255bf46fc217a
03139,2023,78.18627450980392,91.30434782608695,25,19.106990622335886,12.649190110826936,-67.0,historico-relativo-1.0,0a9a6aefb1d5cafa7b9570a2888f6efb4af6f21eed9107a2ba0255bf46fc217a
03140,2020,19.661125319693095,6.521739130434782,259,,0.0,,historico-relativo-1.0,0a9a6aefb1d5cafa7b9570a2888f6efb4af6f21eed9107a2ba0255bf46fc217a
03140,2021,27.95183290707587,13.405797101449275,240,8.290707587382776,8.290707587382776,-19.0,historico-relativo-1.0,0a9a6aefb1d5cafa7b9570a2888f6efb4af6f21eed9107a2ba0255bf46fc217a
03140,2022,15.089514066496164,6.159420289855072,260,-12.862318840579707,-4.571611253196931,20.0,historico-relativo-1.0,0a9a6aefb1d5cafa7b9570a2888f6efb4af6f21eed9107a2ba0255bf46fc217a
03140,2023,30.903665814151744,16.666666666666668,231,15.814151747655579,11.242540494458648,-29.0,historico-relativo-1.0,0a9a6aefb1d5cafa7b9570a2888f6efb4af6f21eed9107a2ba0255bf46fc217a
04013,2020,45.0234441602728,36.231884057971016,177,,0.0,,historico-relativo-1.0,0a9a6aefb1d5cafa7b9570a2888f6efb4af6f21eed9107a2ba0255bf46fc217a
04013,2021,56.22335890878091,61.231884057971016,108,11.199914748508107,11.199914748508107,-69.0,historico-relativo-1.0,0a9a6aefb1d5cafa7b9570a2888f6efb4af6f21eed9107a2ba0255bf46fc217a
04013,2022,59.88917306052856,68.1159420289855,89,3.6658141517476537,14.86572890025576,-19.0,historico-relativo-1.0,0a9a6aefb1d5cafa7b9570a2888f6efb4af6f21eed9107a2ba0255bf46fc217a
04013,2023,59.40963341858483,65.94202898550725,95,-0.479539641943731,14.38618925831203,6.0,historico-relativo-1.0,0a9a6aefb1d5cafa7b9570a2888f6efb4af6f21eed9107a2ba0255bf46fc217a
04079,2020,51.52387041773231,54.34782608695652,127,,0.0,,historico-relativo-1.0,0a9a6aefb1d5cafa7b9570a2888f6efb4af6f21eed9107a2ba0255bf46fc217a
04079,2021,63.29923273657289,73.91304347826087,73,11.775362318840578,11.775362318840578,-54.0,historico-relativo-1.0,0a9a6aefb1d5cafa7b9570a2888f6efb4af6f21eed9107a2ba0255bf46fc217a
04079,2022,65.30264279624893,76.08695652173913,67,2.0034100596760425,13.77877237851662,-6.0,historico-relativo-1.0,0a9a6aefb1d5cafa7b9570a2888f6efb4af6f21eed9107a2ba0255bf46fc217a
04079,2023,53.889599317988065,55.43478260869565,124,-11.413043478260867,2.3657289002557533,57.0,historico-relativo-1.0,0a9a6aefb1d5cafa7b9570a2888f6efb4af6f21eed9107a2ba0255bf46fc217a
04902,2020,43.0306905370844,32.971014492753625,186,,0.0,,historico-relativo-1.0,0a9a6aefb1d5cafa7b9570a2888f6efb4af6f21eed9107a2ba0255bf46fc217a
04902,2021,51.10826939471441,50.36231884057971,138,8.077578857630009,8.077578857630009,-48.0,historico-relativo-1.0,0a9a6aefb1d5cafa7b9570a2888f6efb4af6f21eed9107a2ba0255bf46fc217a
04902,2022,30.90366581415175,18.115942028985508,227,-20.20460358056266,-12.127024722932653,89.0,historico-relativo-1.0,0a9a6aefb1d5cafa7b9570a2888f6efb4af6f21eed9107a2ba0255bf46fc217a
04902,2023,41.48550724637681,34.05797101449275,183,10.581841432225062,-1.545183290707591,-44.0,historico-relativo-1.0,0a9a6aefb1d5cafa7b9570a2888f6efb4af6f21eed9107a2ba0255bf46fc217a
05019,2020,26.555839727195227,11.956521739130435,244,,0.0,,historico-relativo-1.0,0a9a6aefb1d5cafa7b9570a2888f6efb4af6f21eed9107a2ba0255bf46fc217a
05019,2021,45.40707587382779,40.39855072463768,165,18.851236146632566,18.851236146632566,-79.0,historico-relativo-1.0,0a9a6aefb1d5cafa7b9570a2888f6efb4af6f21eed9107a2ba0255bf46fc217a
05019,2022,25.44757033248082,13.043478260869565,241,-19.959505541346974,-1.1082693947144087,76.0,historico-relativo-1.0,0a9a6aefb1d5cafa7b9570a2888f6efb4af6f21eed9107a2ba0255bf46fc217a
05019,2023,37.99019607843137,27.17391304347826,202,12.542625745950549,11.43435635123614,-39.0,historico-relativo-1.0,0a9a6aefb1d5cafa7b9570a2888f6efb4af6f21eed9107a2ba0255bf46fc217a
06011,2020,37.42540494458653,23.18840579710145,213,,0.0,,historico-relativo-1.0,0a9a6aefb1d5cafa7b9570a2888f6efb4af6f21eed9107a2ba0255bf46fc217a
06011,2021,40.345268542199484,31.159420289855074,191,2.9198635976129523,2.9198635976129523,-22.0,historico-relativo-1.0,0a9a6aefb1d5cafa7b9570a2888f6efb4af6f21eed9107a2ba0255bf46fc217a
06011,2022,24.63768115942029,12.318840579710145,243,-15.707587382779195,-12.787723785166243,52.0,historico-relativo-1.0,0a9a6aefb1d5cafa7b9570a2888f6efb4af6f21eed9107a2ba0255bf46fc217a
06011,2023,18.39300937766411,7.608695652173913,256,-6.244671781756178,-19.03239556692242,13.0,historico-relativo-1.0,0a9a6aefb1d5cafa7b9570a2888f6efb4af6f21eed9107a2ba0255bf46fc217a
06015,2020,49.211423699914754,47.10144927536232,147,,0.0,,historico-relativo-1.0,0a9a6aefb1d5cafa7b9570a2888f6efb4af6f21eed9107a2ba0255bf46fc217a
06015,2021,40.8994032395567,32.2463768115942,188,-8.312020460358056,-8.312020460358056,41.0,historico-relativo-1.0,0a9a6aefb1d5cafa7b9570a2888f6efb4af6f21eed9107a2ba0255bf46fc217a
06015,2022,37.97953964194374,25.36231884057971,207,-2.9198635976129594,-11.231884057971016,19.0,historico-relativo-1.0,0a9a6aefb1d5cafa7b9570a2888f6efb4af6f21eed9107a2ba0255bf46fc217a
06015,2023,50.45822676896846,50.72463768115942,137,12.47868712702472,1.2468030690537049,-70.0,historico-relativo-1.0,0a9a6aefb1d5cafa7b9570a2888f6efb4af6f21eed9107a2ba0255bf46fc217a
06044,2020,20.78005115089514,7.971014492753623,255,,0.0,,historico-relativo-1.0,0a9a6aefb1d5cafa7b9570a2888f6efb4af6f21eed9107a2ba0255bf46fc217a
06044,2021,12.468030690537084,2.536231884057971,270,-8.312020460358056,-8.312020460358056,15.0,historico-relativo-1.0,0a9a6aefb1d5cafa7b9570a2888f6efb4af6f21eed9107a2ba0255bf46fc217a
06044,2022,25.554134697357203,13.405797101449275,240,13.086104006820118,4.774083546462062,-30.0,historico-relativo-1.0,0a9a6aefb1d5cafa7b9570a2888f6efb4af6f21eed9107a2ba0255bf46fc217a
06044,2023,36.10400682011935,24.818840579710145,208,10.54987212276215,15.323955669224212,-32.0,historico-relativo-1.0,0a9a6aefb1d5cafa7b9570a2888f6efb4af6f21eed9107a2ba0255bf46fc217a
06083,2020,36.231884057971016,21.73913043478261,217,,0.0,,historico-relativo-1.0,0a9a6aefb1d5cafa7b9570a2888f6efb4af6f21eed9107a2ba0255bf46fc217a
06083,2021,26.832907075873827,11.594202898550725,245,-9.398976982097189,-9.398976982097189,28.0,historico-relativo-1.0,0a9a6aefb1d5cafa7b9570a2888f6efb4af6f21eed9107a2ba0255bf46fc217a
06083,2022,26.108269394714405,13.768115942028986,239,-0.7246376811594217,-10.12361466325661,-6.0,historico-relativo-1.0,0a9a6aefb1d5cafa7b9570a2888f6efb4af6f21eed9107a2ba0255bf46fc217a
06083,2023,32.033248081841435,17.753623188405797,228,5.92497868712703,-4.19863597612958,-11.0,historico-relativo-1.0,0a9a6aefb1d5cafa7b9570a2888f6efb4af6f21eed9107a2ba0255bf46fc217a
07011,2020,76.25745950554135,92.7536231884058,21,,0.0,,historico-relativo-1.0,0a9a6aefb1d5cafa7b9570a2888f6efb4af6f21eed9107a2ba0255bf46fc217a
07011,2021,69.90622335890879,84.42028985507247,44,-6.351236146632559,-6.351236146632559,23.0,historico-relativo-1.0,0a9a6aefb1d5cafa7b9570a2888f6efb4af6f21eed9107a2ba0255bf46fc217a
07011,2022,85.54987212276215,96.3768115942029,11,15.643648763853363,9.292412617220805,-33.0,historico-relativo-1.0,0a9a6aefb1d5cafa7b9570a2888f6efb4af6f21eed9107a2ba0255bf46fc217a
07011,2023,88.21398124467179,98.55072463768116,5,2.6641091219096324,11.956521739130437,-6.0,historico-relativo-1.0,0a9a6aefb1d5cafa7b9570a2888f6efb4af6f21eed9107a2ba0255bf46fc217a
07015,2020,85.10230179028133,98.91304347826087,4,,0.0,,historico-relativo-1.0,0a9a6aefb1d5cafa7b9570a2888f6efb4af6f21eed9107a2ba0255bf46fc217a
07015,2021,78.3461210571185,94.7463768115942,15,-6.756180733162836,-6.756180733162836,11.0,historico-relativo-1.0,0a9a6aefb1d5cafa7b9570a2888f6efb4af6f21eed9107a2ba0255bf46fc217a
07015,2022,95.11935208866156,99.6376811594203,2,16.773231031543062,10.017050298380227,-13.0,historico-relativo-1.0,0a9a6aefb1d5cafa7b9570a2888f6efb4af6f21eed9107a2ba0255bf46fc217a
07015,2023,84.24978687127026,96.01449275362319,12,-10.869565217391298,-0.852514919011071,10.0,historico-relativo-1.0,0a9a6aefb1d5cafa7b9570a2888f6efb4af6f21eed9107a2ba0255bf46fc217a
07026,2020,81.47911338448424,96.73913043478261,10,,0.0,,historico-relativo-1.0,0a9a6aefb1d5cafa7b9570a2888f6efb4af6f21eed9107a2ba0255bf46fc217a
07026,2021,60.890878090366584,68.47826086956522,88,-20.588235294117652,-20.588235294117652,78.0,historico-relativo-1.0,0a9a6aefb1d5cafa7b9570a2888f6efb4af6f21eed9107a2ba0255bf46fc217a
07026,2022,65.85677749360613,77.53623188405797,63,4.965899403239547,-15.622335890878105,-25.0,historico-relativo-1.0,0a9a6aefb1d5cafa7b9570a2888f6efb4af6f21eed9107a2ba0255bf46fc217a
07026,2023,69.02173913043478,83.33333333333333,47,3.16496163682865,-12.457374254049455,-16.0,historico-relativo-1.0,0a9a6aefb1d5cafa7b9570a2888f6efb4af6f21eed9107a2ba0255bf46fc217a
07027,2020,63.331202046035806,76.81159420289855,65,,0.0,,historico-relativo-1.0,0a9a6aefb1d5cafa7b9570a2888f6efb4af6f21eed9107a2ba0255bf46fc217a
07027,2021,48.870417732310315,46.73913043478261,148,-14.46078431372549,-14.46078431372549,83.0,historico-relativo-1.0,0a9a6aefb1d5cafa7b9570a2888f6efb4af6f21eed9107a2ba0255bf46fc217a
07027,2022,60.91219096334186,69.56521739130434,85,12.041773231031542,-2.419011082693949,-63.0,historico-relativo-1.0,0a9a6aefb1d5cafa7b9570a2888f6efb4af6f21eed9107a2ba0255bf46fc217a
07027,2023,73.77450980392157,88.40579710144928,33,12.862318840579718,10.44330775788577,-52.0,historico-relativo-1.0,0a9a6aefb1d5cafa7b9570a2888f6efb4af6f21eed9107a2ba0255bf46fc217a
07031,2020,72.14407502131287,89.31159420289855,30,,0.0,,historico-relativo-1.0,0a9a6aefb1d5cafa7b9570a2888f6efb4af6f21eed9107a2ba0255bf46fc217a
07031,2021,69.11764705882354,83.33333333333333,47,-3.026427962489336,-3.026427962489336,17.0,historico-relativo-1.0,0a9a6aefb1d5cafa7b9570a2888f6efb4af6f21eed9107a2ba0255bf46fc217a
07031,2022,67.73231031543052,79.34782608695652,58,-1.3853367433930117,-4.411764705882348,11.0,historico-relativo-1.0,0a9a6aefb1d5cafa7b9570a2888f6efb4af6f21eed9107a2ba0255bf46fc217a
07031,2023,77.00341005967604,89.85507246376811,29,9.271099744245518,4.85933503836317,-29.0,historico-relativo-1.0,0a9a6aefb1d5cafa7b9570a2888f6efb4af6f21eed9107a2ba0255bf46fc217a
07032,2020,64.4607843137255,79.34782608695652,58,,0.0,,historico-relativo-1.0,0a9a6aefb1d5cafa7b9570a2888f6efb4af6f21eed9107a2ba0255bf46fc217a
07032,2021,49.59505541346974,48.91304347826087,142,-14.86572890025576,-14.86572890025576,84.0,historico-relativo-1.0,0a9a6aefb1d5cafa7b9570a2888f6efb4af6f21eed9107a2ba0255bf46fc217a
07032,2022,75.5541346973572,88.40579710144928,33,25.959079283887462,11.093350383631702,-109.0,historico-relativo-1.0,0a9a6aefb1d5cafa7b9570a2888f6efb4af6f21eed9107a2ba0255bf46fc217a
07032,2023,73.16709292412617,86.95652173913044,37,-2.387041773231033,8.706308610400669,4.0,historico-relativo-1.0,0a9a6aefb1d5cafa7b9570a2888f6efb4af6f21eed9107a2ba0255bf46fc217a
07033,2020,71.85635123614664,88.40579710144928,33,,0.0,,historico-relativo-1.0,0a9a6aefb1d5cafa7b9570a2888f6efb4af6f21eed9107a2ba0255bf46fc217a
07033,2021,66.75191815856778,79.8913043478261,56,-5.104433077578861,-5.104433077578861,23.0,historico-relativo-1.0,0a9a6aefb1d5cafa7b9570a2888f6efb4af6f21eed9107a2ba0255bf46fc217a
07033,2022,47.868712702472294,46.3768115942029,149,-18.88320545609548,-23.987638533674343,93.0,historico-relativo-1.0,0a9a6aefb1d5cafa7b9570a2888f6efb4af6f21eed9107a2ba0255bf46fc217a
07033,2023,77.6001705029838,90.94202898550725,26,29.731457800511507,5.743819266837164,-123.0,historico-relativo-1.0,0a9a6aefb1d5cafa7b9570a2888f6efb4af6f21eed9107a2ba0255bf46fc217a
07036,2020,57.44884910485934,63.405797101449274,102,,0.0,,historico-relativo-1.0,0a9a6aefb1d5cafa7b9570a2888f6efb4af6f21eed9107a2ba0255bf46fc217a
07036,2021,58.077578857630016,63.768115942028984,101,0.6287297527706741,0.6287297527706741,-1.0,historico-relativo-1.0,0a9a6aefb1d5cafa7b9570a2888f6efb4af6f21eed9107a2ba0255bf46fc217a
07036,2022,63.054134697357206,72.82608695652173,76,4.97655583972719,5.605285592497864,-25.0,historico-relativo-1.0,0a9a6aefb1d5cafa7b9570a2888f6efb4af6f21eed9107a2ba0255bf46fc217a
07036,2023,60.40068201193521,68.47826086956522,88,-2.653452685421996,2.951832907075868,12.0,historico-relativo-1.0,0a9a6aefb1d5cafa7b9570a2888f6efb4af6f21eed9107a2ba0255bf46fc217a
07040,2020,68.64876385336743,84.42028985507247,44,,0.0,,historico-relativo-1.0,0a9a6aefb1d5cafa7b9570a2888f6efb4af6f21eed9107a2ba0255bf46fc217a
07040,2021,69.40537084398977,84.05797101449275,45,0.7566069906223447,0.7566069906223447,1.0,historico-relativo-1.0,0a9a6aefb1d5cafa7b9570a2888f6efb4af6f21eed9107a2ba0255bf46fc217a
07040,2022,58.74893435635124,66.66666666666667,93,-10.65643648763853,-9.899829497016185,48.0,historico-relativo-1.0,0a9a6aefb1d5cafa7b9570a2888f6efb4af6f21eed9107a2ba0255bf46fc217a
07040,2023,78.28218243819268,92.02898550724638,23,19.533248081841435,9.63341858482525,-70.0,historico-relativo-1.0,0a9a6aefb1d5cafa7b9570a2888f6efb4af6f21eed9107a2ba0255bf46fc217a
07054,2020,64.48209718670077,79.71014492753623,57,,0.0,,historico-relativo-1.0,0a9a6aefb1d5cafa7b9570a2888f6efb4af6f21eed9107a2ba0255bf46fc217a
07054,2021,81.24467178175618,96.01449275362319,12,16.762574595055412,16.762574595055412,-45.0,historico-relativo-1.0,0a9a6aefb1d5cafa7b9570a2888f6efb4af6f21eed9107a2ba0255bf46fc217a
07054,2022,78.94288150042627,90.57971014492753,27,-2.3017902813299145,14.460784313725497,15.0,historico-relativo-1.0,0a9a6aefb1d5cafa7b9570a2888f6efb4af6f21eed9107a2ba0255bf46fc217a
07054,2023,68.30775788576301,81.15942028985508,53,-10.635123614663257,3.82566069906224,26.0,historico-relativo-1.0,0a9a6aefb1d5cafa7b9570a2888f6efb4af6f21eed9107a2ba0255bf46fc217a
08015,2020,63.384484228473994,77.17391304347827,64,,0.0,,historico-relativo-1.0,0a9a6aefb1d5cafa7b9570a2888f6efb4af6f21eed9107a2ba0255bf46fc217a
08015,2021,62.67050298380222,71.73913043478261,79,-0.7139812446717713,-0.7139812446717713,15.0,historico-relativo-1.0,0a9a6aefb1d5cafa7b9570a2888f6efb4af6f21eed9107a2ba0255bf46fc217a
08015,2022,76.79028132992327,89.4927536231884,30,14.119778346121052,13.40579710144928,-49.0,historico-relativo-1.0,0a9a6aefb1d5cafa7b9570a2888f6efb4af6f21eed9107a2ba0255bf46fc217a
08015,2023,60.65643648763854,70.47101449275362,82,-16.133844842284738,-2.728047740835457,52.0,historico-relativo-1.0,0a9a6aefb1d5cafa7b9570a2888f6efb4af6f21eed9107a2ba0255bf46fc217a
08019,2020,57.928388746803066,65.21739130434783,97,,0.0,,historico-relativo-1.0,0a9a6aefb1d5cafa7b9570a2888f6efb4af6f21eed9107a2ba0255bf46fc217a
08019,2021,67.1994884910486,80.79710144927536,54,9.271099744245532,9.271099744245532,-43.0,historico-relativo-1.0,0a9a6aefb1d5cafa7b9570a2888f6efb4af6f21eed9107a2ba0255bf46fc217a
08019,2022,68.39300937766411,80.07246376811594,56,1.1935208866155165,10.464620630861049,2.0,historico-relativo-1.0,0a9a6aefb1d5cafa7b9570a2888f6efb4af6f21eed9107a2ba0255bf46fc217a
08019,2023,56.77749360613811,61.594202898550726,107,-11.615515771526006,-1.1508951406649572,51.0,historico-relativo-1.0,0a9a6aefb1d5cafa7b9570a2888f6efb4af6f21eed9107a2ba0255bf46fc217a
08056,2020,60.88022165387894,71.73913043478261,79,,0.0,,historico-relativo-1.0,0a9a6aefb1d5cafa7b9570a2888f6efb4af6f21eed9107a2ba0255bf46fc217a
08056,2021,76.30008525149191,91.66666666666667,24,15.419863597612967,15.419863597612967,-55.0,historico-relativo-1.0,0a9a6aefb1d5cafa7b9570a2888f6efb4af6f21eed9107a2ba0255bf46fc217a
08056,2022,70.18329070758737,81.52173913043478,52,-6.116794543904533,9.303069053708434,28.0,historico-relativo-1.0,0a9a6aefb1d5cafa7b9570a2888f6efb4af6f21eed9107a2ba0255bf46fc217a
08056,2023,63.949275362318836,75.3623188405797,69,-6.2340153452685385,3.0690537084398954,17.0,historico-relativo-1.0,0a9a6aefb1d5cafa7b9570a2888f6efb4af6f21eed9107a2ba0255bf46fc217a
08073,2020,76.79028132992327,93.1159420289855,20,,0.0,,historico-relativo-1.0,0a9a6aefb1d5cafa7b9570a2888f6efb4af6f21eed9107a2ba0255bf46fc217a
08073,2021,68.41432225063939,81.8840579710145,51,-8.375959079283888,-8.375959079283888,31.0,historico-relativo-1.0,0a9a6aefb1d5cafa7b9570a2888f6efb4af6f21eed9107a2ba0255bf46fc217a
08073,2022,72.69820971867007,86.59420289855072,38,4.283887468030684,-4.092071611253203,-13.0,historico-relativo-1.0,0a9a6aefb1d5cafa7b9570a2888f6efb4af6f21eed9107a2ba0255bf46fc217a
08073,2023,60.347399829497014,68.1159420289855,89,-12.350809889173057,-16.44288150042626,51.0,historico-relativo-1.0,0a9a6aefb1d5cafa7b9570a2888f6efb4af6f21eed9107a2ba0255bf46fc217a
08077,2020,69.47996589940324,85.8695652173913,40,,0.0,,historico-relativo-1.0,0a9a6aefb1d5cafa7b9570a2888f6efb4af6f21eed9107a2ba0255bf46fc217a
08077,2021,62.51065643648764,71.3768115942029,80,-6.9693094629155965,-6.9693094629155965,40.0,historico-relativo-1.0,0a9a6aefb1d5cafa7b9570a2888f6efb4af6f21eed9107a2ba0255bf46fc217a
08077,2022,71.52600170502984,83.69565217391305,46,9.015345268542198,2.0460358056266017,-34.0,historico-relativo-1.0,0a9a6aefb1d5cafa7b9570a2888f6efb4af6f21eed9107a2ba0255bf46fc217a
08077,2023,54.60358056265985,58.69565217391305,115,-16.92242114236999,-14.87638533674339,69.0,historico-relativo-1.0,0a9a6aefb1d5cafa7b9570a2888f6efb4af6f21eed9107a2ba0255bf46fc217a
08089,2020,62.936913895993186,75.72463768115942,68,,0.0,,historico-relativo-1.0,0a9a6aefb1d5cafa7b9570a2888f6efb4af6f21eed9107a2ba0255bf46fc217a
08089,2021,67.7536231884058,81.15942028985508,53,4.816709292412611,4.816709292412611,-15.0,historico-relativo-1.0,0a9a6aefb1d5cafa7b9570a2888f6efb4af6f21eed9107a2ba0255bf46fc217a
08089,2022,60.20886615515772,68.84057971014492,87,-7.544757033248075,-2.728047740835464,34.0,historico-relativo-1.0,0a9a6aefb1d5cafa7b9570a2888f6efb4af6f21eed9107a2ba0255bf46fc217a
08089,2023,50.40494458653027,50.36231884057971,138,-9.803921568627452,-12.531969309462916,51.0,historico-relativo-1.0,0a9a6aefb1d5cafa7b9570a2888f6efb4af6f21eed9107a2ba0255bf46fc217a
08096,2020,44.75703324808185,35.507246376811594,179,,0.0,,historico-relativo-1.0,0a9a6aefb1d5cafa7b9570a2888f6efb4af6f21eed9107a2ba0255bf46fc217a
08096,2021,60.05967604433077,67.21014492753623,91,15.302642796248925,15.302642796248925,-88.0,historico-relativo-1.0,0a9a6aefb1d5cafa7b9570a2888f6efb4af6f21eed9107a2ba0255bf46fc217a
08096,2022,53.64450127877238,58.15217391304348,116,-6.41517476555839,8.887468030690535,25.0,historico-relativo-1.0,0a9a6aefb1d5cafa7b9570a2888f6efb4af6f21eed9107a2ba0255bf46fc217a
08096,2023,46.589940323955666,43.47826086956522,157,-7.054560954816715,1.8329070758738197,41.0,historico-relativo-1.0,0a9a6aefb1d5cafa7b9570a2888f6efb4af6f21eed9107a2ba0255bf46fc217a
08101,2020,64.31159420289856,78.98550724637681,59,,0.0,,historico-relativo-1.0,0a9a6aefb1d5cafa7b9570a2888f6efb4af6f21eed9107a2ba0255bf46fc217a
08101,2021,66.33631713554988,78.98550724637681,59,2.024722932651315,2.024722932651315,0.0,historico-relativo-1.0,0a9a6aefb1d5cafa7b9570a2888f6efb4af6f21eed9107a2ba0255bf46fc217a
08101,2022,71.4833759590793,83.33333333333333,47,5.14705882352942,7.171781756180735,-12.0,historico-relativo-1.0,0a9a6aefb1d5cafa7b9570a2888f6efb4af6f21eed9107a2ba0255bf46fc217a
08101,2023,67.62574595055413,80.43478260869566,55,-3.857630008525163,3.314151747655572,8.0,historico-relativo-1.0,0a9a6aefb1d5cafa7b9570a2888f6efb4af6f21eed9107a2ba0255bf46fc217a
08102,2020,37.23358908780904,22.82608695652174,214,,0.0,,historico-relativo-1.0,0a9a6aefb1d5cafa7b9570a2888f6efb4af6f21eed9107a2ba0255bf46fc217a
08102,2021,30.946291560102303,17.753623188405797,228,-6.287297527706734,-6.287297527706734,14.0,historico-relativo-1.0,0a9a6aefb1d5cafa7b9570a2888f6efb4af6f21eed9107a2ba0255bf46fc217a
08102,2022,46.07843137254902,42.028985507246375,161,15.132139812446717,8.844842284739983,-67.0,historico-relativo-1.0,0a9a6aefb1d5cafa7b9570a2888f6efb4af6f21eed9107a2ba0255bf46fc217a
08102,2023,41.85848252344417,35.14492753623188,180,-4.219948849104853,4.62489343563513,19.0,historico-relativo-1.0,0a9a6aefb1d5cafa7b9570a2888f6efb4af6f21eed9107a2ba0255bf46fc217a
08113,2020,26.96078431372549,13.043478260869565,241,,0.0,,historico-relativo-1.0,0a9a6aefb1d5cafa7b9570a2888f6efb4af6f21eed9107a2ba0255bf46fc217a
08113,2021,46.56862745098039,42.028985507246375,161,19.607843137254896,19.607843137254896,-80.0,historico-relativo-1.0,0a9a6aefb1d5cafa7b9570a2888f6efb4af6f21eed9107a2ba0255bf46fc217a
08113,2022,29.550298380221655,17.028985507246375,230,-17.018329070758732,2.5895140664961644,69.0,historico-relativo-1.0,0a9a6aefb1d5cafa7b9570a2888f6efb4af6f21eed9107a2ba0255bf46fc217a
08113,2023,41.32566069906224,33.69565217391305,184,11.775362318840585,14.36487638533675,-46.0,historico-relativo-1.0,0a9a6aefb1d5cafa7b9570a2888f6efb4af6f21eed9107a2ba0255bf46fc217a
08114,2020,46.67519181585678,38.04347826086956,172,,0.0,,historico-relativo-1.0,0a9a6aefb1d5cafa7b9570a2888f6efb4af6f21eed9107a2ba0255bf46fc217a
08114,2021,63.192668371696506,73.55072463768116,74,16.51747655583973,16.51747655583973,-98.0,historico-relativo-1.0,0a9a6aefb1d5cafa7b9570a2888f6efb4af6f21eed9107a2ba0255bf46fc217a
08114,2022,44.426683716965044,39.492753623188406,168,-18.76598465473146,-2.248508098891733,94.0,historico-relativo-1.0,0a9a6aefb1d5cafa7b9570a2888f6efb4af6f21eed9107a2ba0255bf46fc217a
08114,2023,41.069906223358906,32.2463768115942,188,-3.3567774936061383,-5.6052855924978715,20.0,historico-relativo-1.0,0a9a6aefb1d5cafa7b9570a2888f6efb4af6f21eed9107a2ba0255bf46fc217a
08121,2020,58.89812446717818,67.3913043478261,91,,0.0,,historico-relativo-1.0,0a9a6aefb1d5cafa7b9570a2888f6efb4af6f21eed9107a2ba0255bf46fc217a
08121,2021,78.3461210571185,94.7463768115942,15,19.447996589940317,19.447996589940317,-76.0,historico-relativo-1.0,0a9a6aefb1d5cafa7b9570a2888f6efb4af6f21eed9107a2ba0255bf46fc217a
08121,2022,66.79454390451833,78.98550724637681,59,-11.55157715260016,7.896419437340157,44.0,historico-relativo-1.0,0a9a6aefb1d5cafa7b9570a2888f6efb4af6f21eed9107a2ba0255bf46fc217a
08121,2023,72.83674339300939,86.59420289855072,38,6.04219948849105,13.938618925831207,-21.0,historico-relativo-1.0,0a9a6aefb1d5cafa7b9570a2888f6efb4af6f21eed9107a2ba0255bf46fc217a
08124,2020,43.5848252344416,33.8768115942029,183,,0.0,,historico-relativo-1.0,0a9a6aefb1d5cafa7b9570a2888f6efb4af6f21eed9107a2ba0255bf46fc217a
08124,2021,64.92966751918159,76.81159420289855,65,21.34484228473999,21.34484228473999,-118.0,historico-relativo-1.0,0a9a6aefb1d5cafa7b9570a2888f6efb4af6f21eed9107a2ba0255bf46fc217a
08124,2022,48.65728900255755,48.18840579710145,144,-16.272378516624045,5.072463768115945,79.0,historico-relativo-1.0,0a9a6aefb1d5cafa7b9570a2888f6efb4af6f21eed9107a2ba0255bf46fc217a
08124,2023,52.834612105711855,53.6231884057971,129,4.177323103154308,9.249786871270253,-15.0,historico-relativo-1.0,0a9a6aefb1d5cafa7b9570a2888f6efb4af6f21eed9107a2ba0255bf46fc217a
08125,2020,49.47783461210571,48.91304347826087,142,,0.0,,historico-relativo-1.0,0a9a6aefb1d5cafa7b9570a2888f6efb4af6f21eed9107a2ba0255bf46fc217a
08125,2021,40.37723785166241,31.52173913043478,190,-9.100596760443302,-9.100596760443302,48.0,historico-relativo-1.0,0a9a6aefb1d5cafa7b9570a2888f6efb4af6f21eed9107a2ba0255bf46fc217a
08125,2022,44.18158567774936,39.130434782608695,169,3.8043478260869534,-5.296248934356349,-21.0,historico-relativo-1.0,0a9a6aefb1d5cafa7b9570a2888f6efb4af6f21eed9107a2ba0255bf46fc217a
08125,2023,36.04006820119352,24.27536231884058,210,-8.14151747655584,-13.43776641091219,41.0,historico-relativo-1.0,0a9a6aefb1d5cafa7b9570a2888f6efb4af6f21eed9107a2ba0255bf46fc217a
08169,2020,63.21398124467178,76.44927536231884,66,,0.0,,historico-relativo-1.0,0a9a6aefb1d5cafa7b9570a2888f6efb4af6f21eed9107a2ba0255bf46fc217a
08169,2021,55.17902813299233,57.971014492753625,117,-8.03495311167945,-8.03495311167945,51.0,historico-relativo-1.0,0a9a6aefb1d5cafa7b9570a2888f6efb4af6f21eed9107a2ba0255bf46fc217a
08169,2022,51.14023870417733,52.89855072463768,131,-4.038789428815001,-12.07374254049445,14.0,historico-relativo-1.0,0a9a6aefb1d5cafa7b9570a2888f6efb4af6f21eed9107a2ba0255bf46fc217a
08169,2023,60.613810741687985,69.56521739130434,85,9.473572037510657,-2.6001705029837936,-46.0,historico-relativo-1.0,0a9a6aefb1d5cafa7b9570a2888f6efb4af6f21eed9107a2ba0255bf46fc217a
08172,2020,58.37595907928389,65.94202898550725,95,,0.0,,historico-relativo-1.0,0a9a6aefb1d5cafa7b9570a2888f6efb4af6f21eed9107a2ba0255bf46fc217a
08172,2021,65.71824381926683,78.6231884057971,60,7.342284739982944,7.342284739982944,-35.0,historico-relativo-1.0,0a9a6aefb1d5cafa7b9570a2888f6efb4af6f21eed9107a2ba0255bf46fc217a
08172,2022,65.52642796248934,76.81159420289855,65,-0.19181585677749524,7.150468883205448,5.0,historico-relativo-1.0,0a9a6aefb1d5cafa7b9570a2888f6efb4af6f21eed9107a2ba0255bf46fc217a
08172,2023,60.48593350383632,69.20289855072464,86,-5.040494458653015,2.1099744245524334,21.0,historico-relativo-1.0,0a9a6aefb1d5cafa7b9570a2888f6efb4af6f21eed9107a2ba0255bf46fc217a
08180,2020,44.95950554134697,35.869565217391305,178,,0.0,,historico-relativo-1.0,0a9a6aefb1d5cafa7b9570a2888f6efb4af6f21eed9107a2ba0255bf46fc217a
08180,2021,73.27365728900256,88.04347826086956,34,28.314151747655586,28.314151747655586,-144.0,historico-relativo-1.0,0a9a6aefb1d5cafa7b9570a2888f6efb4af6f21eed9107a2ba0255bf46fc217a
08180,2022,42.50852514919011,34.78260869565217,181,-30.765132139812444,-2.4509803921568576,147.0,historico-relativo-1.0,0a9a6aefb1d5cafa7b9570a2888f6efb4af6f21eed9107a2ba0255bf46fc217a
08180,2023,59.44160272804774,66.30434782608695,94,16.933077578857628,14.48209718670077,-87.0,historico-relativo-1.0,0a9a6aefb1d5cafa7b9570a2888f6efb4af6f21eed9107a2ba0255bf46fc217a
08184,2020,51.3000852514919,52.89855072463768,131,,0.0,,historico-relativo-1.0,0a9a6aefb1d5cafa7b9570a2888f6efb4af6f21eed9107a2ba0255bf46fc217a
08184,2021,53.72975277067349,56.70289855072464,120,2.429667519181592,2.429667519181592,-11.0,historico-relativo-1.0,0a9a6aefb1d5cafa7b9570a2888f6efb4af6f21eed9107a2ba0255bf46fc217a
08184,2022,46.888320545609545,44.56521739130435,154,-6.841432225063947,-4.411764705882355,34.0,historico-relativo-1.0,0a9a6aefb1d5cafa7b9570a2888f6efb4af6f21eed9107a2ba0255bf46fc217a
08184,2023,43.75532821824382,38.405797101449274,171,-3.132992327365727,-7.544757033248082,17.0,historico-relativo-1.0,0a9a6aefb1d5cafa7b9570a2888f6efb4af6f21eed9107a2ba0255bf46fc217a
08187,2020,47.14407502131287,40.57971014492754,165,,0.0,,historico-relativo-1.0,0a9a6aefb1d5cafa7b9570a2888f6efb4af6f21eed9107a2ba0255bf46fc217a
08187,2021,62.15899403239557,70.65217391304348,82,15.014919011082696,15.014919011082696,-83.0,historico-relativo-1.0,0a9a6aefb1d5cafa7b9570a2888f6efb4af6f21eed9107a2ba0255bf46fc217a
08187,2022,47.50639386189258,45.289855072463766,152,-14.652600170502986,0.36231884057971087,70.0,historico-relativo-1.0,0a9a6aefb1d5cafa7b9570a2888f6efb4af6f21eed9107a2ba0255bf46fc217a
08187,2023,59.35635123614664,64.85507246376811,98,11.849957374254053,12.212276214833764,-54.0,historico-relativo-1.0,0a9a6aefb1d5cafa7b9570a2888f6efb4af6f21eed9107a2ba0255bf46fc217a
08194,2020,67.30605285592497,83.33333333333333,47,,0.0,,historico-relativo-1.0,0a9a6aefb1d5cafa7b9570a2888f6efb4af6f21eed9107a2ba0255bf46fc217a
08194,2021,82.05456095481671,97.10144927536231,9,14.748508098891733,14.748508098891733,-38.0,historico-relativo-1.0,0a9a6aefb1d5cafa7b9570a2888f6efb4af6f21eed9107a2ba0255bf46fc217a
08194,2022,62.78772378516624,72.46376811594203,77,-19.266837169650465,-4.518329070758732,68.0,historico-relativo-1.0,0a9a6aefb1d5cafa7b9570a2888f6efb4af6f21eed9107a2ba0255bf46fc217a
08194,2023,78.66581415174765,92.57246376811594,21,15.87809036658141,11.359761295822679,-56.0,historico-relativo-1.0,0a9a6aefb1d5cafa7b9570a2888f6efb4af6f21eed9107a2ba0255bf46fc217a
08200,2020,59.42028985507247,69.20289855072464,86,,0.0,,historico-relativo-1.0,0a9a6aefb1d5cafa7b9570a2888f6efb4af6f21eed9107a2ba0255bf46fc217a
08200,2021,55.093776641091225,57.608695652173914,118,-4.326513213981244,-4.326513213981244,32.0,historico-relativo-1.0,0a9a6aefb1d5cafa7b9570a2888f6efb4af6f21eed9107a2ba0255bf46fc217a
08200,2022,52.728047740835464,56.52173913043478,121,-2.3657289002557604,-6.692242114237004,3.0,historico-relativo-1.0,0a9a6aefb1d5cafa7b9570a2888f6efb4af6f21eed9107a2ba0255bf46fc217a
08200,2023,50.34100596760444,50.0,139,-2.387041773231026,-9.07928388746803,18.0,historico-relativo-1.0,0a9a6aefb1d5cafa7b9570a2888f6efb4af6f21eed9107a2ba0255bf46fc217a
08205,2020,58.951406649616374,67.7536231884058,90,,0.0,,historico-relativo-1.0,0a9a6aefb1d5cafa7b9570a2888f6efb4af6f21eed9107a2ba0255bf46fc217a
08205,2021,64.38618925831202,76.08695652173913,66,5.434782608695642,5.434782608695642,-24.0,historico-relativo-1.0,0a9a6aefb1d5cafa7b9570a2888f6efb4af6f21eed9107a2ba0255bf46fc217a
08205,2022,59.143222506393855,67.7536231884058,90,-5.242966751918161,0.19181585677748103,24.0,historico-relativo-1.0,0a9a6aefb1d5cafa7b9570a2888f6efb4af6f21eed9107a2ba0255bf46fc217a
08205,2023,49.68030690537084,46.73913043478261,148,-9.462915601023013,-9.271099744245532,58.0,historico-relativo-1.0,0a9a6aefb1d5cafa7b9570a2888f6efb4af6f21eed9107a2ba0255bf46fc217a
08211,2020,71.74978687127025,88.04347826086956,34,,0.0,,historico-relativo-1.0,0a9a6aefb1d5cafa7b9570a2888f6efb4af6f21eed9107a2ba0255bf46fc217a
08211,2021,53.729752770673485,56.70289855072464,120,-18.02003410059676,-18.02003410059676,86.0,historico-relativo-1.0,0a9a6aefb1d5cafa7b9570a2888f6efb4af6f21eed9107a2ba0255bf46fc217a
08211,2022,41.83716965046889,34.42028985507246,182,-11.892583120204598,-29.91261722080136,62.0,historico-relativo-1.0,0a9a6aefb1d5cafa7b9570a2888f6efb4af6f21eed9107a2ba0255bf46fc217a
08211,2023,55.46675191815857,60.869565217391305,109,13.629582267689685,-16.283034953111674,-73.0,historico-relativo-1.0,0a9a6aefb1d5cafa7b9570a2888f6efb4af6f21eed9107a2ba0255bf46fc217a
08217,2020,55.41346973572038,59.05797101449275,114,,0.0,,historico-relativo-1.0,0a9a6aefb1d5cafa7b9570a2888f6efb4af6f21eed9107a2ba0255bf46fc217a
08217,2021,70.39641943734016,84.78260869565217,43,14.982949701619773,14.982949701619773,-71.0,historico-relativo-1.0,0a9a6aefb1d5cafa7b9570a2888f6efb4af6f21eed9107a2ba0255bf46fc217a
08217,2022,50.52216538789429,51.08695652173913,136,-19.874254049445867,-4.891304347826093,93.0,historico-relativo-1.0,0a9a6aefb1d5cafa7b9570a2888f6efb4af6f21eed9107a2ba0255bf46fc217a
08217,2023,67.91346973572038,80.79710144927536,54,17.391304347826093,12.5,-82.0,historico-relativo-1.0,0a9a6aefb1d5cafa7b9570a2888f6efb4af6f21eed9107a2ba0255bf46fc217a
08231,2020,51.43861892583121,53.6231884057971,129,,0.0,,historico-relativo-1.0,0a9a6aefb1d5cafa7b9570a2888f6efb4af6f21eed9107a2ba0255bf46fc217a
08231,2021,72.98593350383632,87.31884057971014,36,21.547314578005114,21.547314578005114,-93.0,historico-relativo-1.0,0a9a6aefb1d5cafa7b9570a2888f6efb4af6f21eed9107a2ba0255bf46fc217a
08231,2022,80.64791133844842,93.47826086956522,19,7.661977834612102,29.209292412617216,-17.0,historico-relativo-1.0,0a9a6aefb1d5cafa7b9570a2888f6efb4af6f21eed9107a2ba0255bf46fc217a
08231,2023,69.77834612105713,83.69565217391305,46,-10.869565217391298,18.33972719522592,27.0,historico-relativo-1.0,0a9a6aefb1d5cafa7b9570a2888f6efb4af6f21eed9107a2ba0255bf46fc217a
08245,2020,57.33162830349531,63.04347826086956,103,,0.0,,historico-relativo-1.0,0a9a6aefb1d5cafa7b9570a2888f6efb4af6f21eed9107a2ba0255bf46fc217a
08245,2021,61.274509803921575,69.20289855072464,86,3.9428815004262674,3.9428815004262674,-17.0,historico-relativo-1.0,0a9a6aefb1d5cafa7b9570a2888f6efb4af6f21eed9107a2ba0255bf46fc217a
08245,2022,66.76257459505541,78.6231884057971,60,5.488064791133837,9.430946291560105,-26.0,historico-relativo-1.0,0a9a6aefb1d5cafa7b9570a2888f6efb4af6f21eed9107a2ba0255bf46fc217a
08245,2023,64.27962489343564,75.72463768115942,68,-2.4829497016197735,6.947996589940331,8.0,historico-relativo-1.0,0a9a6aefb1d5cafa7b9570a2888f6efb4af6f21eed9107a2ba0255bf46fc217a
08252,2020,53.388746803069054,56.15942028985507,122,,0.0,,historico-relativo-1.0,0a9a6aefb1d5cafa7b9570a2888f6efb4af6f21eed9107a2ba0255bf46fc217a
08252,2021,55.669224211423696,59.78260869565217,112,2.280477408354642,2.280477408354642,-10.0,historico-relativo-1.0,0a9a6aefb1d5cafa7b9570a2888f6efb4af6f21eed9107a2ba0255bf46fc217a
08252,2022,42.99872122762148,35.507246376811594,179,-12.670502983802216,-10.390025575447574,67.0,historico-relativo-1.0,0a9a6aefb1d5cafa7b9570a2888f6efb4af6f21eed9107a2ba0255bf46fc217a
08252,2023,50.17050298380222,49.63768115942029,140,7.171781756180742,-3.2182438192668315,-39.0,historico-relativo-1.0,0a9a6aefb1d5cafa7b9570a2888f6efb4af6f21eed9107a2ba0255bf46fc217a
08263,2020,60.1768968456948,70.65217391304348,82,,0.0,,historico-relativo-1.0,0a9a6aefb1d5cafa7b9570a2888f6efb4af6f21eed9107a2ba0255bf46fc217a
08263,2021,32.949701619778345,20.652173913043477,220,-27.227195225916454,-27.227195225916454,138.0,historico-relativo-1.0,0a9a6aefb1d5cafa7b9570a2888f6efb4af6f21eed9107a2ba0255bf46fc217a
08263,2022,41.77323103154305,34.05797101449275,183,8.823529411764703,-18.40366581415175,-37.0,historico-relativo-1.0,0a9a6aefb1d5cafa7b9570a2888f6efb4af6f21eed9107a2ba0255bf46fc217a
08263,2023,26.17220801364024,12.86231884057971,241,-15.601023017902808,-34.004688832054555,58.0,historico-relativo-1.0,0a9a6aefb1d5cafa7b9570a2888f6efb4af6f21eed9107a2ba0255bf46fc217a
08266,2020,51.47058823529412,53.98550724637681,128,,0.0,,historico-relativo-1.0,0a9a6aefb1d5cafa7b9570a2888f6efb4af6f21eed9107a2ba0255bf46fc217a
08266,2021,51.566496163682864,51.08695652173913,136,0.09590792838874052,0.09590792838874052,8.0,historico-relativo-1.0,0a9a6aefb1d5cafa7b9570a2888f6efb4af6f21eed9107a2ba0255bf46fc217a
08266,2022,48.593350383631716,47.82608695652174,145,-2.973145780051148,-2.8772378516624073,9.0,historico-relativo-1.0,0a9a6aefb1d5cafa7b9570a2888f6efb4af6f21eed9107a2ba0255bf46fc217a
08266,2023,54.45439045183291,57.971014492753625,117,5.861040068201191,2.983802216538784,-28.0,historico-relativo-1.0,0a9a6aefb1d5cafa7b9570a2888f6efb4af6f21eed9107a2ba0255bf46fc217a
08279,2020,48.16709292412617,42.028985507246375,161,,0.0,,historico-relativo-1.0,0a9a6aefb1d5cafa7b9570a2888f6efb4af6f21eed9107a2ba0255bf46fc217a
08279,2021,53.96419437340154,57.2463768115942,119,5.797101449275367,5.797101449275367,-42.0,historico-relativo-1.0,0a9a6aefb1d5cafa7b9570a2888f6efb4af6f21eed9107a2ba0255bf46fc217a
08279,2022,50.98039215686275,52.53623188405797,132,-2.983802216538791,2.8132992327365756,13.0,historico-relativo-1.0,0a9a6aefb1d5cafa7b9570a2888f6efb4af6f21eed9107a2ba0255bf46fc217a
08279,2023,54.28388746803069,57.608695652173914,118,3.303495311167943,6.116794543904518,-14.0,historico-relativo-1.0,0a9a6aefb1d5cafa7b9570a2888f6efb4af6f21eed9107a2ba0255bf46fc217a
08298,2020,44.39471440750213,34.78260869565217,181,,0.0,,historico-relativo-1.0,0a9a6aefb1d5cafa7b9570a2888f6efb4af6f21eed9107a2ba0255bf46fc217a
08298,2021,53.090366581415175,54.710144927536234,126,8.695652173913047,8.695652173913047,-55.0,historico-relativo-1.0,0a9a6aefb1d5cafa7b9570a2888f6efb4af6f21eed9107a2ba0255bf46fc217a
08298,2022,36.44501278772378,23.91304347826087,211,-16.645353793691392,-7.949701619778345,85.0,historico-relativo-1.0,0a9a6aefb1d5cafa7b9570a2888f6efb4af6f21eed9107a2ba0255bf46fc217a
08298,2023,47.64492753623188,45.471014492753625,151,11.1999147485081,3.2502131287297544,-60.0,historico-relativo-1.0,0a9a6aefb1d5cafa7b9570a2888f6efb4af6f21eed9107a2ba0255bf46fc217a
08301,2020,57.94970161977835,65.57971014492753,96,,0.0,,historico-relativo-1.0,0a9a6aefb1d5cafa7b9570a2888f6efb4af6f21eed9107a2ba0255bf46fc217a
08301,2021,58.20545609548167,64.1304347826087,100,0.2557544757033199,0.2557544757033199,4.0,historico-relativo-1.0,0a9a6aefb1d5cafa7b9570a2888f6efb4af6f21eed9107a2ba0255bf46fc217a
08301,2022,51.85421994884911,54.710144927536234,126,-6.351236146632566,-6.095481670929246,26.0,historico-relativo-1.0,0a9a6aefb1d5cafa7b9570a2888f6efb4af6f21eed9107a2ba0255bf46fc217a
08301,2023,54.00682011935209,56.52173913043478,121,2.1526001705029856,-3.9428815004262603,-5.0,historico-relativo-1.0,0a9a6aefb1d5cafa7b9570a2888f6efb4af6f21eed9107a2ba0255bf46fc217a
08305,2020,43.02003410059676,32.608695652173914,187,,0.0,,historico-relativo-1.0,0a9a6aefb1d5cafa7b9570a2888f6efb4af6f21eed9107a2ba0255bf46fc217a
08305,2021,58.34398976982097,64.85507246376811,98,15.323955669224212,15.323955669224212,-89.0,historico-relativo-1.0,0a9a6aefb1d5cafa7b9570a2888f6efb4af6f21eed9107a2ba0255bf46fc217a
08305,2022,43.70204603580563,37.31884057971015,174,-14.641943734015342,0.6820119352088696,76.0,historico-relativo-1.0,0a9a6aefb1d5cafa7b9570a2888f6efb4af6f21eed9107a2ba0255bf46fc217a
08305,2023,40.814151747655586,31.884057971014492,189,-2.8878942881500436,-2.205882352941174,15.0,historico-relativo-1.0,0a9a6aefb1d5cafa7b9570a2888f6efb4af6f21eed9107a2ba0255bf46fc217a
08307,2020,70.63086104006821,86.59420289855072,38,,0.0,,historico-relativo-1.0,0a9a6aefb1d5cafa7b9570a2888f6efb4af6f21eed9107a2ba0255bf46fc217a
08307,2021,58.26939471440751,64.4927536231884,99,-12.3614663256607,-12.3614663256607,61.0,historico-relativo-1.0,0a9a6aefb1d5cafa7b9570a2888f6efb4af6f21eed9107a2ba0255bf46fc217a
08307,2022,61.15728900255755,69.92753623188406,84,2.8878942881500365,-9.473572037510664,-15.0,historico-relativo-1.0,0a9a6aefb1d5cafa7b9570a2888f6efb4af6f21eed9107a2ba0255bf46fc217a
08307,2023,73.17774936061382,87.31884057971014,36,12.020460358056269,2.546888320545605,-48.0,historico-relativo-1.0,0a9a6aefb1d5cafa7b9570a2888f6efb4af6f21eed9107a2ba0255bf46fc217a
09018,2020,37.71312872975277,23.55072463768116,212,,0.0,,historico-relativo-1.0,0a9a6aefb1d5cafa7b9570a2888f6efb4af6f21eed9107a2ba0255bf46fc217a
09018,2021,20.05541346973572,5.797101449275362,261,-17.65771526001705,-17.65771526001705,49.0,historico-relativo-1.0,0a9a6aefb1d5cafa7b9570a2888f6efb4af6f21eed9107a2ba0255bf46fc217a
09018,2022,43.052003410059676,35.869565217391305,178,22.996589940323958,5.338874680306908,-83.0,historico-relativo-1.0,0a9a6aefb1d5cafa7b9570a2888f6efb4af6f21eed9107a2ba0255bf46fc217a
09018,2023,33.72762148337596,19.202898550724637,224,-9.324381926683714,-3.9855072463768053,46.0,historico-relativo-1.0,0a9a6aefb1d5cafa7b9570a2888f6efb4af6f21eed9107a2ba0255bf46fc217a
09059,2020,48.454816709292416,43.65942028985507,156,,0.0,,historico-relativo-1.0,0a9a6aefb1d5cafa7b9570a2888f6efb4af6f21eed9107a2ba0255bf46fc217a
09059,2021,47.229326513213984,44.56521739130435,154,-1.2254901960784323,-1.2254901960784323,-2.0,historico-relativo-1.0,0a9a6aefb1d5cafa7b9570a2888f6efb4af6f21eed9107a2ba0255bf46fc217a
09059,2022,47.80477408354646,46.01449275362319,150,0.5754475703324786,-0.6500426257459537,-4.0,historico-relativo-1.0,0a9a6aefb1d5cafa7b9570a2888f6efb4af6f21eed9107a2ba0255bf46fc217a
09059,2023,44.36274509803922,39.130434782608695,169,-3.4420289855072426,-4.092071611253196,19.0,historico-relativo-1.0,0a9a6aefb1d5cafa7b9570a2888f6efb4af6f21eed9107a2ba0255bf46fc217a
09219,2020,8.162830349531117,0.36231884057971014,276,,0.0,,historico-relativo-1.0,0a9a6aefb1d5cafa7b9570a2888f6efb4af6f21eed9107a2ba0255bf46fc217a
09219,2021,23.61466325660699,8.333333333333334,254,15.451832907075872,15.451832907075872,-22.0,historico-relativo-1.0,0a9a6aefb1d5cafa7b9570a2888f6efb4af6f21eed9107a2ba0255bf46fc217a
09219,2022,35.77365728900256,23.18840579710145,213,12.158994032395569,27.61082693947144,-41.0,historico-relativo-1.0,0a9a6aefb1d5cafa7b9570a2888f6efb4af6f21eed9107a2ba0255bf46fc217a
09219,2023,13.44842284739983,3.260869565217391,268,-22.325234441602728,5.285592497868713,55.0,historico-relativo-1.0,0a9a6aefb1d5cafa7b9570a2888f6efb4af6f21eed9107a2ba0255bf46fc217a
10037,2020,50.43691389599317,50.72463768115942,137,,0.0,,historico-relativo-1.0,0a9a6aefb1d5cafa7b9570a2888f6efb4af6f21eed9107a2ba0255bf46fc217a
10037,2021,37.02046035805627,26.08695652173913,205,-13.416453537936903,-13.416453537936903,68.0,historico-relativo-1.0,0a9a6aefb1d5cafa7b9570a2888f6efb4af6f21eed9107a2ba0255bf46fc217a
10037,2022,41.53878942881501,32.971014492753625,186,4.518329070758739,-8.898124467178164,-19.0,historico-relativo-1.0,0a9a6aefb1d5cafa7b9570a2888f6efb4af6f21eed9107a2ba0255bf46fc217a
10037,2023,34.047314578005114,19.565217391304348,223,-7.491474850809894,-16.389599317988058,37.0,historico-relativo-1.0,0a9a6aefb1d5cafa7b9570a2888f6efb4af6f21eed9107a2ba0255bf46fc217a
10148,2020,36.13597612958227,21.3768115942029,218,,0.0,,historico-relativo-1.0,0a9a6aefb1d5cafa7b9570a2888f6efb4af6f21eed9107a2ba0255bf46fc217a
10148,2021,31.63895993179881,18.47826086956522,226,-4.497016197783459,-4.497016197783459,8.0,historico-relativo-1.0,0a9a6aefb1d5cafa7b9570a2888f6efb4af6f21eed9107a2ba0255bf46fc217a
10148,2022,23.90238704177323,11.594202898550725,245,-7.7365728900255775,-12.233589087809037,19.0,historico-relativo-1.0,0a9a6aefb1d5cafa7b9570a2888f6efb4af6f21eed9107a2ba0255bf46fc217a
10148,2023,25.554134697357203,12.318840579710145,243,1.6517476555839714,-10.581841432225065,-2.0,historico-relativo-1.0,0a9a6aefb1d5cafa7b9570a2888f6efb4af6f21eed9107a2ba0255bf46fc217a
11004,2020,42.24211423699915,30.434782608695652,193,,0.0,,historico-relativo-1.0,0a9a6aefb1d5cafa7b9570a2888f6efb4af6f21eed9107a2ba0255bf46fc217a
11004,2021,49.74424552429667,49.27536231884058,141,7.502131287297523,7.502131287297523,-52.0,historico-relativo-1.0,0a9a6aefb1d5cafa7b9570a2888f6efb4af6f21eed9107a2ba0255bf46fc217a
11004,2022,39.55669224211424,28.985507246376812,197,-10.187553282182435,-2.685421994884912,56.0,historico-relativo-1.0,0a9a6aefb1d5cafa7b9570a2888f6efb4af6f21eed9107a2ba0255bf46fc217a
11004,2023,55.24296675191816,59.42028985507246,113,15.686274509803923,13.00085251491901,-84.0,historico-relativo-1.0,0a9a6aefb1d5cafa7b9570a2888f6efb4af6f21eed9107a2ba0255bf46fc217a
11006,2020,55.9462915601023,59.42028985507246,113,,0.0,,historico-relativo-1.0,0a9a6aefb1d5cafa7b9570a2888f6efb4af6f21eed9107a2ba0255bf46fc217a
11006,2021,40.94202898550725,32.608695652173914,187,-15.004262574595053,-15.004262574595053,74.0,historico-relativo-1.0,0a9a6aefb1d5cafa7b9570a2888f6efb4af6f21eed9107a2ba0255bf46fc217a
11006,2022,54.90196078431373,60.14492753623188,111,13.95993179880648,-1.0443307757885734,-76.0,historico-relativo-1.0,0a9a6aefb1d5cafa7b9570a2888f6efb4af6f21eed9107a2ba0255bf46fc217a
11006,2023,40.48380221653879,30.434782608695652,193,-14.418158567774938,-15.462489343563512,82.0,historico-relativo-1.0,0a9a6aefb1d5cafa7b9570a2888f6efb4af6f21eed9107a2ba0255bf46fc217a
11012,2020,82.4381926683717,97.46376811594203,8,,0.0,,historico-relativo-1.0,0a9a6aefb1d5cafa7b9570a2888f6efb4af6f21eed9107a2ba0255bf46fc217a
11012,2021,72.6768968456948,86.95652173913044,37,-9.7612958226769,-9.7612958226769,29.0,historico-relativo-1.0,0a9a6aefb1d5cafa7b9570a2888f6efb4af6f21eed9107a2ba0255bf46fc217a
11012,2022,91.99701619778347,97.82608695652173,7,19.320119352088668,9.558823529411768,-30.0,historico-relativo-1.0,0a9a6aefb1d5cafa7b9570a2888f6efb4af6f21eed9107a2ba0255bf46fc217a
11012,2023,78.19693094629156,91.66666666666667,24,-13.800085251491907,-4.241261722080139,17.0,historico-relativo-1.0,0a9a6aefb1d5cafa7b9570a2888f6efb4af6f21eed9107a2ba0255bf46fc217a
11015,2020,76.15089514066497,92.3913043478261,22,,0.0,,historico-relativo-1.0,0a9a6aefb1d5cafa7b9570a2888f6efb4af6f21eed9107a2ba0255bf46fc217a
11015,2021,83.01364023870417,97.82608695652173,7,6.862745098039198,6.862745098039198,-15.0,historico-relativo-1.0,0a9a6aefb1d5cafa7b9570a2888f6efb4af6f21eed9107a2ba0255bf46fc217a
11015,2022,76.34271099744245,89.1304347826087,31,-6.670929241261717,0.19181585677748103,24.0,historico-relativo-1.0,0a9a6aefb1d5cafa7b9570a2888f6efb4af6f21eed9107a2ba0255bf46fc217a
11015,2023,78.75106564364876,93.1159420289855,20,2.4083546462063055,2.6001705029837865,-11.0,historico-relativo-1.0,0a9a6aefb1d5cafa7b9570a2888f6efb4af6f21eed9107a2ba0255bf46fc217a
11020,2020,61.050724637681164,72.10144927536231,78,,0.0,,historico-relativo-1.0,0a9a6aefb1d5cafa7b9570a2888f6efb4af6f21eed9107a2ba0255bf46fc217a
11020,2021,58.525149190110824,65.21739130434783,97,-2.52557544757034,-2.52557544757034,19.0,historico-relativo-1.0,0a9a6aefb1d5cafa7b9570a2888f6efb4af6f21eed9107a2ba0255bf46fc217a
11020,2022,56.692242114237004,61.594202898550726,107,-1.8329070758738197,-4.3584825234441595,10.0,historico-relativo-1.0,0a9a6aefb1d5cafa7b9570a2888f6efb4af6f21eed9107a2ba0255bf46fc217a
11020,2023,68.90451832907075,82.6086956521739,49,12.21227621483375,7.8537936913895905,-58.0,historico-relativo-1.0,0a9a6aefb1d5cafa7b9570a2888f6efb4af6f21eed9107a2ba0255bf46fc217a
11022,2020,59.58013640238704,69.56521739130434,85,,0.0,,historico-relativo-1.0,0a9a6aefb1d5cafa7b9570a2888f6efb4af6f21eed9107a2ba0255bf46fc217a
11022,2021,49.15814151747656,47.82608695652174,145,-10.421994884910482,-10.421994884910482,60.0,historico-relativo-1.0,0a9a6aefb1d5cafa7b9570a2888f6efb4af6f21eed9107a2ba0255bf46fc217a
11022,2022,51.43861892583121,53.26086956521739,130,2.280477408354649,-8.141517476555833,-15.0,historico-relativo-1.0,0a9a6aefb1d5cafa7b9570a2888f6efb4af6f21eed9107a2ba0255bf46fc217a
11022,2023,62.02046035805627,73.18840579710145,75,10.581841432225062,2.4403239556692284,-55.0,historico-relativo-1.0,0a9a6aefb1d5cafa7b9570a2888f6efb4af6f21eed9107a2ba0255bf46fc217a
11027,2020,75.12787723785166,91.30434782608695,25,,0.0,,historico-relativo-1.0,0a9a6aefb1d5cafa7b9570a2888f6efb4af6f21eed9107a2ba0255bf46fc217a
11027,2021,82.19309462915601,97.46376811594203,8,7.065217391304344,7.065217391304344,-17.0,historico-relativo-1.0,0a9a6aefb1d5cafa7b9570a2888f6efb4af6f21eed9107a2ba0255bf46fc217a
11027,2022,70.54560954816709,82.2463768115942,50,-11.647485080988915,-4.582267689684571,42.0,historico-relativo-1.0,0a9a6aefb1d5cafa7b9570a2888f6efb4af6f21eed9107a2ba0255bf46fc217a
11027,2023,82.9923273657289,94.92753623188406,15,12.446717817561805,7.864450127877234,-35.0,historico-relativo-1.0,0a9a6aefb1d5cafa7b9570a2888f6efb4af6f21eed9107a2ba0255bf46fc217a
11028,2020,38.28857630008525,25.0,208,,0.0,,historico-relativo-1.0,0a9a6aefb1d5cafa7b9570a2888f6efb4af6f21eed9107a2ba0255bf46fc217a
11028,2021,40.590366581415175,31.884057971014492,189,2.3017902813299216,2.3017902813299216,-19.0,historico-relativo-1.0,0a9a6aefb1d5cafa7b9570a2888f6efb4af6f21eed9107a2ba0255bf46fc217a
11028,2022,62.7770673486786,72.10144927536231,78,22.186700767263424,24.488491048593346,-111.0,historico-relativo-1.0,0a9a6aefb1d5cafa7b9570a2888f6efb4af6f21eed9107a2ba0255bf46fc217a
11028,2023,64.3222506393862,76.44927536231884,66,1.5451832907075982,26.033674339300944,-12.0,historico-relativo-1.0,0a9a6aefb1d5cafa7b9570a2888f6efb4af6f21eed9107a2ba0255bf46fc217a
11030,2020,84.05797101449275,98.55072463768116,5,,0.0,,historico-relativo-1.0,0a9a6aefb1d5cafa7b9570a2888f6efb4af6f21eed9107a2ba0255bf46fc217a
11030,2021,91.51747655583974,99.6376811594203,2,7.459505541346985,7.459505541346985,-3.0,historico-relativo-1.0,0a9a6aefb1d5cafa7b9570a2888f6efb4af6f21eed9107a2ba0255bf46fc217a
11030,2022,80.37084398976982,92.7536231884058,21,-11.146632566069911,-3.687127024722926,19.0,historico-relativo-1.0,0a9a6aefb1d5cafa7b9570a2888f6efb4af6f21eed9107a2ba0255bf46fc217a
11030,2023,88.06479113384484,98.18840579710145,6,7.693947144075011,4.006820119352085,-15.0,historico-relativo-1.0,0a9a6aefb1d5cafa7b9570a2888f6efb4af6f21eed9107a2ba0255bf46fc217a
11031,2020,52.60017050298381,55.79710144927536,123,,0.0,,historico-relativo-1.0,0a9a6aefb1d5cafa7b9570a2888f6efb4af6f21eed9107a2ba0255bf46fc217a
11031,2021,46.05711849957375,41.666666666666664,162,-6.543052003410061,-6.543052003410061,39.0,historico-relativo-1.0,0a9a6aefb1d5cafa7b9570a2888f6efb4af6f21eed9107a2ba0255bf46fc217a
11031,2022,64.4075021312873,75.0,70,18.350383631713555,11.807331628303494,-92.0,historico-relativo-1.0,0a9a6aefb1d5cafa7b9570a2888f6efb4af6f21eed9107a2ba0255bf46fc217a
11031,2023,64.91901108269396,77.53623188405797,63,0.511508951406654,12.318840579710148,-7.0,historico-relativo-1.0,0a9a6aefb1d5cafa7b9570a2888f6efb4af6f21eed9107a2ba0255bf46fc217a
11032,2020,71.32352941176471,87.1376811594203,36,,0.0,,historico-relativo-1.0,0a9a6aefb1d5cafa7b9570a2888f6efb4af6f21eed9107a2ba0255bf46fc217a
11032,2021,74.14748508098893,89.1304347826087,31,2.823955669224219,2.823955669224219,-5.0,historico-relativo-1.0,0a9a6aefb1d5cafa7b9570a2888f6efb4af6f21eed9107a2ba0255bf46fc217a
11032,2022,62.20161977834612,71.01449275362319,81,-11.945865302642808,-9.12190963341859,50.0,historico-relativo-1.0,0a9a6aefb1d5cafa7b9570a2888f6efb4af6f21eed9107a2ba0255bf46fc217a
11032,2023,71.39812446717818,85.14492753623189,42,9.196504688832057,0.074595055413468,-39.0,historico-relativo-1.0,0a9a6aefb1d5cafa7b9570a2888f6efb4af6f21eed9107a2ba0255bf46fc217a
11033,2020,64.66325660699063,80.43478260869566,55,,0.0,,historico-relativo-1.0,0a9a6aefb1d5cafa7b9570a2888f6efb4af6f21eed9107a2ba0255bf46fc217a
11033,2021,73.16709292412618,87.68115942028986,35,8.503836317135551,8.503836317135551,-20.0,historico-relativo-1.0,0a9a6aefb1d5cafa7b9570a2888f6efb4af6f21eed9107a2ba0255bf46fc217a
11033,2022,60.68840579710145,69.20289855072464,86,-12.478687127024727,-3.974850809889176,51.0,historico-relativo-1.0,0a9a6aefb1d5cafa7b9570a2888f6efb4af6f21eed9107a2ba0255bf46fc217a
11033,2023,81.35123614663257,93.84057971014492,18,20.66283034953112,16.687979539641944,-68.0,historico-relativo-1.0,0a9a6aefb1d5cafa7b9570a2888f6efb4af6f21eed9107a2ba0255bf46fc217a
12032,2020,19.575873827791987,6.159420289855072,260,,0.0,,historico-relativo-1.0,0a9a6aefb1d5cafa7b9570a2888f6efb4af6f21eed9107a2ba0255bf46fc217a
12032,2021,33.14151747655584,21.014492753623188,219,13.565643648763853,13.565643648763853,-41.0,historico-relativo-1.0,0a9a6aefb1d5cafa7b9570a2888f6efb4af6f21eed9107a2ba0255bf46fc217a
12032,2022,33.088235294117645,20.28985507246377,221,-0.05328218243819549,13.512361466325657,2.0,historico-relativo-1.0,0a9a6aefb1d5cafa7b9570a2888f6efb4af6f21eed9107a2ba0255bf46fc217a
12032,2023,36.466325660699056,25.36231884057971,207,3.378090366581411,16.89045183290707,-14.0,historico-relativo-1.0,0a9a6aefb1d5cafa7b9570a2888f6efb4af6f21eed9107a2ba0255bf46fc217a
12040,2020,38.74680306905371,26.08695652173913,205,,0.0,,historico-relativo-1.0,0a9a6aefb1d5cafa7b9570a2888f6efb4af6f21eed9107a2ba0255bf46fc217a
12040,2021,44.40537084398977,38.04347826086956,172,5.65856777493606,5.65856777493606,-33.0,historico-relativo-1.0,0a9a6aefb1d5cafa7b9570a2888f6efb4af6f21eed9107a2ba0255bf46fc217a
12040,2022,33.48252344416027,20.652173913043477,220,-10.9228473998295,-5.26427962489344,48.0,historico-relativo-1.0,0a9a6aefb1d5cafa7b9570a2888f6efb4af6f21eed9107a2ba0255bf46fc217a
12040,2023,45.71611253196931,41.666666666666664,162,12.233589087809037,6.9693094629155965,-58.0,historico-relativo-1.0,0a9a6aefb1d5cafa7b9570a2888f6efb4af6f21eed9107a2ba0255bf46fc217a
12126,2020,15.55839727195226,2.898550724637681,269,,0.0,,historico-relativo-1.0,0a9a6aefb1d5cafa7b9570a2888f6efb4af6f21eed9107a2ba0255bf46fc217a
12126,2021,16.911764705882355,3.6231884057971016,267,1.3533674339300958,1.3533674339300958,-2.0,historico-relativo-1.0,0a9a6aefb1d5cafa7b9570a2888f6efb4af6f21eed9107a2ba0255bf46fc217a
12126,2022,8.834185848252345,2.1739130434782608,271,-8.07757885763001,-6.724211423699915,4.0,historico-relativo-1.0,0a9a6aefb1d5cafa7b9570a2888f6efb4af6f21eed9107a2ba0255bf46fc217a
12126,2023,11.722080136402386,2.1739130434782608,271,2.887894288150042,-3.836317135549873,0.0,historico-relativo-1.0,0a9a6aefb1d5cafa7b9570a2888f6efb4af6f21eed9107a2ba0255bf46fc217a
12135,2020,12.21227621483376,1.4492753623188406,273,,0.0,,historico-relativo-1.0,0a9a6aefb1d5cafa7b9570a2888f6efb4af6f21eed9107a2ba0255bf46fc217a
12135,2021,24.126172208013642,9.057971014492754,252,11.913895993179882,11.913895993179882,-21.0,historico-relativo-1.0,0a9a6aefb1d5cafa7b9570a2888f6efb4af6f21eed9107a2ba0255bf46fc217a
12135,2022,12.745098039215685,3.6231884057971016,267,-11.381074168797957,0.5328218243819247,15.0,historico-relativo-1.0,0a9a6aefb1d5cafa7b9570a2888f6efb4af6f21eed9107a2ba0255bf46fc217a
12135,2023,16.815856777493604,4.7101449275362315,264,4.0707587382779185,4.603580562659843,-3.0,historico-relativo-1.0,0a9a6aefb1d5cafa7b9570a2888f6efb4af6f21eed9107a2ba0255bf46fc217a
12138,2020,64.51406649616368,80.07246376811594,56,,0.0,,historico-relativo-1.0,0a9a6aefb1d5cafa7b9570a2888f6efb4af6f21eed9107a2ba0255bf46fc217a
12138,2021,63.91730605285593,74.6376811594203,71,-0.5967604433077511,-0.5967604433077511,15.0,historico-relativo-1.0,0a9a6aefb1d5cafa7b9570a2888f6efb4af6f21eed9107a2ba0255bf46fc217a
12138,2022,72.93265132139813,86.95652173913044,37,9.015345268542198,8.418584825234447,-34.0,historico-relativo-1.0,0a9a6aefb1d5cafa7b9570a2888f6efb4af6f21eed9107a2ba0255bf46fc217a
12138,2023,41.83716965046889,34.78260869565217,181,-31.09548167092924,-22.67689684569479,144.0,historico-relativo-1.0,0a9a6aefb1d5cafa7b9570a2888f6efb4af6f21eed9107a2ba0255bf46fc217a
13005,2020,26.00170502983802,11.231884057971014,246,,0.0,,historico-relativo-1.0,0a9a6aefb1d5cafa7b9570a2888f6efb4af6f21eed9107a2ba0255bf46fc217a
13005,2021,19.011082693947145,5.434782608695652,262,-6.990622335890876,-6.990622335890876,16.0,historico-relativo-1.0,0a9a6aefb1d5cafa7b9570a2888f6efb4af6f21eed9107a2ba0255bf46fc217a
13005,2022,29.901960784313726,17.391304347826086,229,10.89087809036658,3.9002557544757046,-33.0,historico-relativo-1.0,0a9a6aefb1d5cafa7b9570a2888f6efb4af6f21eed9107a2ba0255bf46fc217a
13005,2023,12.42540494458653,2.536231884057971,270,-17.476555839727197,-13.576300085251491,41.0,historico-relativo-1.0,0a9a6aefb1d5cafa7b9570a2888f6efb4af6f21eed9107a2ba0255bf46fc217a
13034,2020,22.996589940323958,9.057971014492754,252,,0.0,,historico-relativo-1.0,0a9a6aefb1d5cafa7b9570a2888f6efb4af6f21eed9107a2ba0255bf46fc217a
13034,2021,17.455242966751918,3.9855072463768115,266,-5.54134697357204,-5.54134697357204,14.0,historico-relativo-1.0,0a9a6aefb1d5cafa7b9570a2888f6efb4af6f21eed9107a2ba0255bf46fc217a
13034,2022,41.133844842284745,31.884057971014492,189,23.678601875532827,18.137254901960787,-77.0,historico-relativo-1.0,0a9a6aefb1d5cafa7b9570a2888f6efb4af6f21eed9107a2ba0255bf46fc217a
13034,2023,19.47996589940324,9.057971014492754,252,-21.653878942881505,-3.5166240409207177,63.0,historico-relativo-1.0,0a9a6aefb1d5cafa7b9570a2888f6efb4af6f21eed9107a2ba0255bf46fc217a
13071,2020,9.793265132139814,1.0869565217391304,274,,0.0,,historico-relativo-1.0,0a9a6aefb1d5cafa7b9570a2888f6efb4af6f21eed9107a2ba0255bf46fc217a
13071,2021,14.641943734015344,2.898550724637681,269,4.84867860187553,4.84867860187553,-5.0,historico-relativo-1.0,0a9a6aefb1d5cafa7b9570a2888f6efb4af6f21eed9107a2ba0255bf46fc217a
13071,2022,2.9624893435635125,0.0,277,-11.67945439045183,-6.830775788576301,8.0,historico-relativo-1.0,0a9a6aefb1d5cafa7b9570a2888f6efb4af6f21eed9107a2ba0255bf46fc217a
13071,2023,15.579710144927537,3.9855072463768115,266,12.617220801364024,5.786445012787723,-11.0,historico-relativo-1.0,0a9a6aefb1d5cafa7b9570a2888f6efb4af6f21eed9107a2ba0255bf46fc217a
13082,2020,17.934782608695656,4.7101449275362315,264,,0.0,,historico-relativo-1.0,0a9a6aefb1d5cafa7b9570a2888f6efb4af6f21eed9107a2ba0255bf46fc217a
13082,2021,7.8218243819266835,0.0,277,-10.112958226768972,-10.112958226768972,13.0,historico-relativo-1.0,0a9a6aefb1d5cafa7b9570a2888f6efb4af6f21eed9107a2ba0255bf46fc217a
13082,2022,9.036658141517478,2.536231884057971,270,1.2148337595907943,-8.898124467178178,-7.0,historico-relativo-1.0,0a9a6aefb1d5cafa7b9570a2888f6efb4af6f21eed9107a2ba0255bf46fc217a
13082,2023,4.667519181585678,0.0,277,-4.3691389599318,-13.267263427109977,7.0,historico-relativo-1.0,0a9a6aefb1d5cafa7b9570a2888f6efb4af6f21eed9107a2ba0255bf46fc217a
13087,2020,38.331202046035806,25.36231884057971,207,,0.0,,historico-relativo-1.0,0a9a6aefb1d5cafa7b9570a2888f6efb4af6f21eed9107a2ba0255bf46fc217a
13087,2021,10.635123614663257,1.4492753623188406,273,-27.69607843137255,-27.69607843137255,66.0,historico-relativo-1.0,0a9a6aefb1d5cafa7b9570a2888f6efb4af6f21eed9107a2ba0255bf46fc217a
13087,2022,16.71994884910486,7.246376811594203,257,6.0848252344416025,-21.611253196930946,-16.0,historico-relativo-1.0,0a9a6aefb1d5cafa7b9570a2888f6efb4af6f21eed9107a2ba0255bf46fc217a
13087,2023,9.036658141517476,1.4492753623188406,273,-7.683290707587384,-29.294543904518328,16.0,historico-relativo-1.0,0a9a6aefb1d5cafa7b9570a2888f6efb4af6f21eed9107a2ba0255bf46fc217a
14021,2020,63.87468030690537,78.44202898550725,60,,0.0,,historico-relativo-1.0,0a9a6aefb1d5cafa7b9570a2888f6efb4af6f21eed9107a2ba0255bf46fc217a
14021,2021,52.48294970161978,52.53623188405797,132,-11.391730605285588,-11.391730605285588,72.0,historico-relativo-1.0,0a9a6aefb1d5cafa7b9570a2888f6efb4af6f21eed9107a2ba0255bf46fc217a
14021,2022,63.76811594202899,73.91304347826087,73,11.285166240409211,-0.10656436487637677,-59.0,historico-relativo-1.0,0a9a6aefb1d5cafa7b9570a2888f6efb4af6f21eed9107a2ba0255bf46fc217a
14021,2023,50.06393861892583,48.91304347826087,142,-13.70417732310316,-13.810741687979537,69.0,historico-relativo-1.0,0a9a6aefb1d5cafa7b9570a2888f6efb4af6f21eed9107a2ba0255bf46fc217a
14038,2020,46.03580562659847,37.31884057971015,174,,0.0,,historico-relativo-1.0,0a9a6aefb1d5cafa7b9570a2888f6efb4af6f21eed9107a2ba0255bf46fc217a
14038,2021,33.52514919011083,21.73913043478261,217,-12.510656436487636,-12.510656436487636,43.0,historico-relativo-1.0,0a9a6aefb1d5cafa7b9570a2888f6efb4af6f21eed9107a2ba0255bf46fc217a
14038,2022,33.7382779198636,21.014492753623188,219,0.21312872975276775,-12.297527706734869,2.0,historico-relativo-1.0,0a9a6aefb1d5cafa7b9570a2888f6efb4af6f21eed9107a2ba0255bf46fc217a
14038,2023,38.56564364876385,28.26086956521739,199,4.827365728900254,-7.470161977834614,-20.0,historico-relativo-1.0,0a9a6aefb1d5cafa7b9570a2888f6efb4af6f21eed9107a2ba0255bf46fc217a
14056,2020,42.348678601875534,30.797101449275363,192,,0.0,,historico-relativo-1.0,0a9a6aefb1d5cafa7b9570a2888f6efb4af6f21eed9107a2ba0255bf46fc217a
14056,2021,27.44032395566923,12.681159420289855,242,-14.908354646206305,-14.908354646206305,50.0,historico-relativo-1.0,0a9a6aefb1d5cafa7b9570a2888f6efb4af6f21eed9107a2ba0255bf46fc217a
14056,2022,23.57203751065644,10.869565217391305,247,-3.8682864450127887,-18.776641091219094,5.0,historico-relativo-1.0,0a9a6aefb1d5cafa7b9570a2888f6efb4af6f21eed9107a2ba0255bf46fc217a
14056,2023,18.797953964194374,7.971014492753623,255,-4.774083546462066,-23.55072463768116,8.0,historico-relativo-1.0,0a9a6aefb1d5cafa7b9570a2888f6efb4af6f21eed9107a2ba0255bf46fc217a
15005,2020,38.23529411764706,24.63768115942029,209,,0.0,,historico-relativo-1.0,0a9a6aefb1d5cafa7b9570a2888f6efb4af6f21eed9107a2ba0255bf46fc217a
15005,2021,18.670076726342714,5.072463768115942,263,-19.565217391304344,-19.565217391304344,54.0,historico-relativo-1.0,0a9a6aefb1d5cafa7b9570a2888f6efb4af6f21eed9107a2ba0255bf46fc217a
15005,2022,34.78260869565217,22.10144927536232,216,16.112531969309458,-3.452685421994886,-47.0,historico-relativo-1.0,0a9a6aefb1d5cafa7b9570a2888f6efb4af6f21eed9107a2ba0255bf46fc217a
15005,2023,30.520034100596764,16.304347826086957,232,-4.262574595055408,-7.715260017050294,16.0,historico-relativo-1.0,0a9a6aefb1d5cafa7b9570a2888f6efb4af6f21eed9107a2ba0255bf46fc217a
15019,2020,31.66027280477409,16.304347826086957,232,,0.0,,historico-relativo-1.0,0a9a6aefb1d5cafa7b9570a2888f6efb4af6f21eed9107a2ba0255bf46fc217a
15019,2021,20.52429667519182,6.159420289855072,260,-11.135976129582268,-11.135976129582268,28.0,historico-relativo-1.0,0a9a6aefb1d5cafa7b9570a2888f6efb4af6f21eed9107a2ba0255bf46fc217a
15019,2022,35.070332480818415,22.463768115942027,215,14.546035805626595,3.4100596760443267,-45.0,historico-relativo-1.0,0a9a6aefb1d5cafa7b9570a2888f6efb4af6f21eed9107a2ba0255bf46fc217a
15019,2023,36.029411764705884,23.91304347826087,211,0.9590792838874691,4.369138959931796,-4.0,historico-relativo-1.0,0a9a6aefb1d5cafa7b9570a2888f6efb4af6f21eed9107a2ba0255bf46fc217a
15030,2020,71.32352941176471,87.1376811594203,36,,0.0,,historico-relativo-1.0,0a9a6aefb1d5cafa7b9570a2888f6efb4af6f21eed9107a2ba0255bf46fc217a
15030,2021,63.06479113384485,72.64492753623189,76,-8.25873827791986,-8.25873827791986,40.0,historico-relativo-1.0,0a9a6aefb1d5cafa7b9570a2888f6efb4af6f21eed9107a2ba0255bf46fc217a
15030,2022,58.5997442455243,65.94202898550725,95,-4.4650468883205505,-12.723785166240411,19.0,historico-relativo-1.0,0a9a6aefb1d5cafa7b9570a2888f6efb4af6f21eed9107a2ba0255bf46fc217a
15030,2023,75.74595055413471,89.4927536231884,30,17.14620630861041,4.422421142369998,-65.0,historico-relativo-1.0,0a9a6aefb1d5cafa7b9570a2888f6efb4af6f21eed9107a2ba0255bf46fc217a
15031,2020,44.011082693947145,34.42028985507246,182,,0.0,,historico-relativo-1.0,0a9a6aefb1d5cafa7b9570a2888f6efb4af6f21eed9107a2ba0255bf46fc217a
15031,2021,37.38277919863598,27.17391304347826,202,-6.628303495311165,-6.628303495311165,20.0,historico-relativo-1.0,0a9a6aefb1d5cafa7b9570a2888f6efb4af6f21eed9107a2ba0255bf46fc217a
15031,2022,41.389599317988065,32.608695652173914,187,4.006820119352085,-2.6214833759590803,-15.0,historico-relativo-1.0,0a9a6aefb1d5cafa7b9570a2888f6efb4af6f21eed9107a2ba0255bf46fc217a
15031,2023,53.8150042625746,55.072463768115945,125,12.425404944586532,9.803921568627452,-62.0,historico-relativo-1.0,0a9a6aefb1d5cafa7b9570a2888f6efb4af6f21eed9107a2ba0255bf46fc217a
15036,2020,46.57928388746803,37.68115942028985,173,,0.0,,historico-relativo-1.0,0a9a6aefb1d5cafa7b9570a2888f6efb4af6f21eed9107a2ba0255bf46fc217a
15036,2021,43.7233589087809,37.31884057971015,174,-2.8559249786871277,-2.8559249786871277,1.0,historico-relativo-1.0,0a9a6aefb1d5cafa7b9570a2888f6efb4af6f21eed9107a2ba0255bf46fc217a
15036,2022,26.609121909633416,14.492753623188406,237,-17.114236999147487,-19.970161977834614,63.0,historico-relativo-1.0,0a9a6aefb1d5cafa7b9570a2888f6efb4af6f21eed9107a2ba0255bf46fc217a
15036,2023,35.208866155157715,21.3768115942029,218,8.599744245524299,-11.370417732310315,-19.0,historico-relativo-1.0,0a9a6aefb1d5cafa7b9570a2888f6efb4af6f21eed9107a2ba0255bf46fc217a
15054,2020,30.669224211423703,15.942028985507246,233,,0.0,,historico-relativo-1.0,0a9a6aefb1d5cafa7b9570a2888f6efb4af6f21eed9107a2ba0255bf46fc217a
15054,2021,37.14833759590793,26.44927536231884,204,6.479113384484229,6.479113384484229,-29.0,historico-relativo-1.0,0a9a6aefb1d5cafa7b9570a2888f6efb4af6f21eed9107a2ba0255bf46fc217a
15054,2022,22.421142369991475,9.782608695652174,250,-14.727195225916457,-8.248081841432228,46.0,historico-relativo-1.0,0a9a6aefb1d5cafa7b9570a2888f6efb4af6f21eed9107a2ba0255bf46fc217a
15054,2023,17.23145780051151,5.797101449275362,261,-5.189684569479965,-13.437766410912193,11.0,historico-relativo-1.0,0a9a6aefb1d5cafa7b9570a2888f6efb4af6f21eed9107a2ba0255bf46fc217a
15058,2020,49.65899403239557,49.27536231884058,141,,0.0,,historico-relativo-1.0,0a9a6aefb1d5cafa7b9570a2888f6efb4af6f21eed9107a2ba0255bf46fc217a
15058,2021,36.67945439045184,25.36231884057971,207,-12.979539641943731,-12.979539641943731,66.0,historico-relativo-1.0,0a9a6aefb1d5cafa7b9570a2888f6efb4af6f21eed9107a2ba0255bf46fc217a
15058,2022,41.60272804774084,33.333333333333336,185,4.923273657289002,-8.056265984654729,-22.0,historico-relativo-1.0,0a9a6aefb1d5cafa7b9570a2888f6efb4af6f21eed9107a2ba0255bf46fc217a
15058,2023,35.954816709292416,23.18840579710145,213,-5.647911338448424,-13.704177323103153,28.0,historico-relativo-1.0,0a9a6aefb1d5cafa7b9570a2888f6efb4af6f21eed9107a2ba0255bf46fc217a
15073,2020,35.52855924978687,20.652173913043477,220,,0.0,,historico-relativo-1.0,0a9a6aefb1d5cafa7b9570a2888f6efb4af6f21eed9107a2ba0255bf46fc217a
15073,2021,51.36402387041773,50.72463768115942,137,15.835464620630859,15.835464620630859,-83.0,historico-relativo-1.0,0a9a6aefb1d5cafa7b9570a2888f6efb4af6f21eed9107a2ba0255bf46fc217a
15073,2022,39.705882352941174,29.528985507246375,195,-11.658141517476558,4.1773231031543006,58.0,historico-relativo-1.0,0a9a6aefb1d5cafa7b9570a2888f6efb4af6f21eed9107a2ba0255bf46fc217a
15073,2023,50.149190110826936,49.27536231884058,141,10.443307757885762,14.620630861040063,-54.0,historico-relativo-1.0,0a9a6aefb1d5cafa7b9570a2888f6efb4af6f21eed9107a2ba0255bf46fc217a
15078,2020,65.85677749360613,82.6086956521739,49,,0.0,,historico-relativo-1.0,0a9a6aefb1d5cafa7b9570a2888f6efb4af6f21eed9107a2ba0255bf46fc217a
15078,2021,55.96760443307758,60.14492753623188,111,-9.889173060528549,-9.889173060528549,62.0,historico-relativo-1.0,0a9a6aefb1d5cafa7b9570a2888f6efb4af6f21eed9107a2ba0255bf46fc217a
15078,2022,51.98209718670077,55.072463768115945,125,-3.9855072463768124,-13.874680306905361,14.0,historico-relativo-1.0,0a9a6aefb1d5cafa7b9570a2888f6efb4af6f21eed9107a2ba0255bf46fc217a
15078,2023,60.80562659846547,71.73913043478261,79,8.823529411764703,-5.051150895140658,-46.0,historico-relativo-1.0,0a9a6aefb1d5cafa7b9570a2888f6efb4af6f21eed9107a2ba0255bf46fc217a
16078,2020,55.14705882352941,58.69565217391305,115,,0.0,,historico-relativo-1.0,0a9a6aefb1d5cafa7b9570a2888f6efb4af6f21eed9107a2ba0255bf46fc217a
16078,2021,46.824381926683714,42.93478260869565,158,-8.3226768968457,-8.3226768968457,43.0,historico-relativo-1.0,0a9a6aefb1d5cafa7b9570a2888f6efb4af6f21eed9107a2ba0255bf46fc217a
16078,2022,40.05754475703325,30.434782608695652,193,-6.766837169650465,-15.089514066496164,35.0,historico-relativo-1.0,0a9a6aefb1d5cafa7b9570a2888f6efb4af6f21eed9107a2ba0255bf46fc217a
16078,2023,26.32139812446718,13.405797101449275,240,-13.736146632566069,-28.825660699062233,47.0,historico-relativo-1.0,0a9a6aefb1d5cafa7b9570a2888f6efb4af6f21eed9107a2ba0255bf46fc217a
17023,2020,62.44671781756181,74.6376811594203,71,,0.0,,historico-relativo-1.0,0a9a6aefb1d5cafa7b9570a2888f6efb4af6f21eed9107a2ba0255bf46fc217a
17023,2021,65.62233589087809,77.89855072463769,62,3.1756180733162793,3.1756180733162793,-9.0,historico-relativo-1.0,0a9a6aefb1d5cafa7b9570a2888f6efb4af6f21eed9107a2ba0255bf46fc217a
17023,2022,61.44501278772378,70.28985507246377,83,-4.177323103154308,-1.0017050298380283,21.0,historico-relativo-1.0,0a9a6aefb1d5cafa7b9570a2888f6efb4af6f21eed9107a2ba0255bf46fc217a
17023,2023,74.3073316283035,88.76811594202898,32,12.862318840579718,11.86061381074169,-51.0,historico-relativo-1.0,0a9a6aefb1d5cafa7b9570a2888f6efb4af6f21eed9107a2ba0255bf46fc217a
17066,2020,34.65473145780051,19.92753623188406,222,,0.0,,historico-relativo-1.0,0a9a6aefb1d5cafa7b9570a2888f6efb4af6f21eed9107a2ba0255bf46fc217a
17066,2021,41.21909633418585,34.05797101449275,183,6.564364876385341,6.564364876385341,-39.0,historico-relativo-1.0,0a9a6aefb1d5cafa7b9570a2888f6efb4af6f21eed9107a2ba0255bf46fc217a
17066,2022,31.628303495311165,18.840579710144926,225,-9.590792838874684,-3.0264279624893433,42.0,historico-relativo-1.0,0a9a6aefb1d5cafa7b9570a2888f6efb4af6f21eed9107a2ba0255bf46fc217a
17066,2023,36.95652173913044,26.81159420289855,203,5.328218243819272,2.3017902813299287,-22.0,historico-relativo-1.0,0a9a6aefb1d5cafa7b9570a2888f6efb4af6f21eed9107a2ba0255bf46fc217a
17079,2020,51.06564364876386,51.81159420289855,134,,0.0,,historico-relativo-1.0,0a9a6aefb1d5cafa7b9570a2888f6efb4af6f21eed9107a2ba0255bf46fc217a
17079,2021,69.22421142369991,83.69565217391305,46,18.158567774936053,18.158567774936053,-88.0,historico-relativo-1.0,0a9a6aefb1d5cafa7b9570a2888f6efb4af6f21eed9107a2ba0255bf46fc217a
17079,2022,48.93435635123615,49.27536231884058,141,-20.289855072463766,-2.131287297527713,95.0,historico-relativo-1.0,0a9a6aefb1d5cafa7b9570a2888f6efb4af6f21eed9107a2ba0255bf46fc217a
17079,2023,44.42668371696505,39.492753623188406,168,-4.5076726342710955,-6.638959931798809,27.0,historico-relativo-1.0,0a9a6aefb1d5cafa7b9570a2888f6efb4af6f21eed9107a2ba0255bf46fc217a
17095,2020,81.35123614663257,96.3768115942029,11,,0.0,,historico-relativo-1.0,0a9a6aefb1d5cafa7b9570a2888f6efb4af6f21eed9107a2ba0255bf46fc217a
17095,2021,73.40153452685422,88.40579710144928,33,-7.949701619778352,-7.949701619778352,22.0,historico-relativo-1.0,0a9a6aefb1d5cafa7b9570a2888f6efb4af6f21eed9107a2ba0255bf46fc217a
17095,2022,66.62404092071611,78.26086956521739,61,-6.777493606138108,-14.72719522591646,28.0,historico-relativo-1.0,0a9a6aefb1d5cafa7b9570a2888f6efb4af6f21eed9107a2ba0255bf46fc217a
17095,2023,73.73188405797102,88.04347826086956,34,7.107843137254903,-7.619352088661557,-27.0,historico-relativo-1.0,0a9a6aefb1d5cafa7b9570a2888f6efb4af6f21eed9107a2ba0255bf46fc217a
17114,2020,43.5848252344416,33.8768115942029,183,,0.0,,historico-relativo-1.0,0a9a6aefb1d5cafa7b9570a2888f6efb4af6f21eed9107a2ba0255bf46fc217a
17114,2021,48.27365728900256,46.01449275362319,150,4.6888320545609545,4.6888320545609545,-33.0,historico-relativo-1.0,0a9a6aefb1d5cafa7b9570a2888f6efb4af6f21eed9107a2ba0255bf46fc217a
17114,2022,49.12617220801364,49.81884057971015,139,0.8525149190110852,5.54134697357204,-11.0,historico-relativo-1.0,0a9a6aefb1d5cafa7b9570a2888f6efb4af6f21eed9107a2ba0255bf46fc217a
17114,2023,32.4381926683717,18.115942028985508,227,-16.687979539641944,-11.146632566069904,88.0,historico-relativo-1.0,0a9a6aefb1d5cafa7b9570a2888f6efb4af6f21eed9107a2ba0255bf46fc217a
17155,2020,25.72463768115942,10.507246376811594,248,,0.0,,historico-relativo-1.0,0a9a6aefb1d5cafa7b9570a2888f6efb4af6f21eed9107a2ba0255bf46fc217a
17155,2021,43.51023017902813,36.594202898550726,176,17.785592497868706,17.785592497868706,-72.0,historico-relativo-1.0,0a9a6aefb1d5cafa7b9570a2888f6efb4af6f21eed9107a2ba0255bf46fc217a
17155,2022,39.19437340153453,28.6231884057971,198,-4.3158567774936,13.469735720375105,22.0,historico-relativo-1.0,0a9a6aefb1d5cafa7b9570a2888f6efb4af6f21eed9107a2ba0255bf46fc217a
17155,2023,17.68968456947997,6.159420289855072,260,-21.50468883205456,-8.034953111679453,62.0,historico-relativo-1.0,0a9a6aefb1d5cafa7b9570a2888f6efb4af6f21eed9107a2ba0255bf46fc217a
18087,2020,73.59335038363172,90.94202898550725,26,,0.0,,historico-relativo-1.0,0a9a6aefb1d5cafa7b9570a2888f6efb4af6f21eed9107a2ba0255bf46fc217a
18087,2021,64.38618925831203,76.08695652173913,66,-9.207161125319686,-9.207161125319686,40.0,historico-relativo-1.0,0a9a6aefb1d5cafa7b9570a2888f6efb4af6f21eed9107a2ba0255bf46fc217a
18087,2022,81.72421142369991,94.20289855072464,17,17.338022165387883,8.130861040068197,-49.0,historico-relativo-1.0,0a9a6aefb1d5cafa7b9570a2888f6efb4af6f21eed9107a2ba0255bf46fc217a
18087,2023,67.60443307757886,80.07246376811594,56,-14.119778346121052,-5.988917306052855,39.0,historico-relativo-1.0,0a9a6aefb1d5cafa7b9570a2888f6efb4af6f21eed9107a2ba0255bf46fc217a
18140,2020,46.73913043478261,38.405797101449274,171,,0.0,,historico-relativo-1.0,0a9a6aefb1d5cafa7b9570a2888f6efb4af6f21eed9107a2ba0255bf46fc217a
18140,2021,60.67774936061381,68.1159420289855,89,13.9386189258312,13.9386189258312,-82.0,historico-relativo-1.0,0a9a6aefb1d5cafa7b9570a2888f6efb4af6f21eed9107a2ba0255bf46fc217a
18140,2022,52.89855072463769,56.88405797101449,120,-7.7791986359761225,6.159420289855078,31.0,historico-relativo-1.0,0a9a6aefb1d5cafa7b9570a2888f6efb4af6f21eed9107a2ba0255bf46fc217a
18140,2023,59.37766410912191,65.21739130434783,97,6.479113384484222,12.6385336743393,-23.0,historico-relativo-1.0,0a9a6aefb1d5cafa7b9570a2888f6efb4af6f21eed9107a2ba0255bf46fc217a
19130,2020,29.57161125319693,14.492753623188406,237,,0.0,,historico-relativo-1.0,0a9a6aefb1d5cafa7b9570a2888f6efb4af6f21eed9107a2ba0255bf46fc217a
19130,2021,26.257459505541348,11.231884057971014,246,-3.3141517476555826,-3.3141517476555826,9.0,historico-relativo-1.0,0a9a6aefb1d5cafa7b9570a2888f6efb4af6f21eed9107a2ba0255bf46fc217a
19130,2022,34.526854219948845,21.73913043478261,217,8.269394714407497,4.955242966751914,-29.0,historico-relativo-1.0,0a9a6aefb1d5cafa7b9570a2888f6efb4af6f21eed9107a2ba0255bf46fc217a
19130,2023,40.71824381926684,31.159420289855074,191,6.1913895993179935,11.146632566069908,-26.0,historico-relativo-1.0,0a9a6aefb1d5cafa7b9570a2888f6efb4af6f21eed9107a2ba0255bf46fc217a
20045,2020,59.750639386189256,69.92753623188406,84,,0.0,,historico-relativo-1.0,0a9a6aefb1d5cafa7b9570a2888f6efb4af6f21eed9107a2ba0255bf46fc217a
20045,2021,61.615515771526006,69.92753623188406,84,1.8648763853367498,1.8648763853367498,0.0,historico-relativo-1.0,0a9a6aefb1d5cafa7b9570a2888f6efb4af6f21eed9107a2ba0255bf46fc217a
20045,2022,64.47144075021313,75.3623188405797,69,2.8559249786871277,4.7208013640238775,-15.0,historico-relativo-1.0,0a9a6aefb1d5cafa7b9570a2888f6efb4af6f21eed9107a2ba0255bf46fc217a
20045,2023,61.42369991474851,72.82608695652173,76,-3.047740835464623,1.6730605285592546,7.0,historico-relativo-1.0,0a9a6aefb1d5cafa7b9570a2888f6efb4af6f21eed9107a2ba0255bf46fc217a
20069,2020,79.32651321398124,94.56521739130434,16,,0.0,,historico-relativo-1.0,0a9a6aefb1d5cafa7b9570a2888f6efb4af6f21eed9107a2ba0255bf46fc217a
20069,2021,84.10059676044332,98.18840579710145,6,4.77408354646208,4.77408354646208,-10.0,historico-relativo-1.0,0a9a6aefb1d5cafa7b9570a2888f6efb4af6f21eed9107a2ba0255bf46fc217a
20069,2022,72.33589087809037,85.8695652173913,40,-11.764705882352956,-6.990622335890876,34.0,historico-relativo-1.0,0a9a6aefb1d5cafa7b9570a2888f6efb4af6f21eed9107a2ba0255bf46fc217a
20069,2023,71.80306905370844,85.5072463768116,41,-0.5328218243819265,-7.523444160272803,1.0,historico-relativo-1.0,0a9a6aefb1d5cafa7b9570a2888f6efb4af6f21eed9107a2ba0255bf46fc217a
21041,2020,51.27877237851662,52.53623188405797,132,,0.0,,historico-relativo-1.0,0a9a6aefb1d5cafa7b9570a2888f6efb4af6f21eed9107a2ba0255bf46fc217a
21041,2021,52.770673486786016,53.6231884057971,129,1.4919011082693956,1.4919011082693956,-3.0,historico-relativo-1.0,0a9a6aefb1d5cafa7b9570a2888f6efb4af6f21eed9107a2ba0255bf46fc217a
21041,2022,46.15302642796249,42.391304347826086,160,-6.617647058823529,-5.125745950554133,31.0,historico-relativo-1.0,0a9a6aefb1d5cafa7b9570a2888f6efb4af6f21eed9107a2ba0255bf46fc217a
21041,2023,62.6385336743393,73.91304347826087,73,16.485507246376812,11.359761295822679,-87.0,historico-relativo-1.0,0a9a6aefb1d5cafa7b9570a2888f6efb4af6f21eed9107a2ba0255bf46fc217a
22125,2020,25.682011935208866,10.144927536231885,249,,0.0,,historico-relativo-1.0,0a9a6aefb1d5cafa7b9570a2888f6efb4af6f21eed9107a2ba0255bf46fc217a
22125,2021,49.850809889173064,49.63768115942029,140,24.168797953964198,24.168797953964198,-109.0,historico-relativo-1.0,0a9a6aefb1d5cafa7b9570a2888f6efb4af6f21eed9107a2ba0255bf46fc217a
22125,2022,44.08567774936062,38.768115942028984,170,-5.765132139812444,18.403665814151754,30.0,historico-relativo-1.0,0a9a6aefb1d5cafa7b9570a2888f6efb4af6f21eed9107a2ba0255bf46fc217a
22125,2023,38.06479113384485,27.536231884057973,201,-6.020886615515771,12.382779198635983,31.0,historico-relativo-1.0,0a9a6aefb1d5cafa7b9570a2888f6efb4af6f21eed9107a2ba0255bf46fc217a
23005,2020,32.18243819266838,17.028985507246375,230,,0.0,,historico-relativo-1.0,0a9a6aefb1d5cafa7b9570a2888f6efb4af6f21eed9107a2ba0255bf46fc217a
23005,2021,22.271952259164536,7.246376811594203,257,-9.910485933503843,-9.910485933503843,27.0,historico-relativo-1.0,0a9a6aefb1d5cafa7b9570a2888f6efb4af6f21eed9107a2ba0255bf46fc217a
23005,2022,29.27323103154305,16.666666666666668,231,7.001278772378516,-2.9092071611253267,-26.0,historico-relativo-1.0,0a9a6aefb1d5cafa7b9570a2888f6efb4af6f21eed9107a2ba0255bf46fc217a
23005,2023,26.172208013640237,12.86231884057971,241,-3.101023017902815,-6.010230179028142,10.0,historico-relativo-1.0,0a9a6aefb1d5cafa7b9570a2888f6efb4af6f21eed9107a2ba0255bf46fc217a
23050,2020,33.5464620630861,18.47826086956522,226,,0.0,,historico-relativo-1.0,0a9a6aefb1d5cafa7b9570a2888f6efb4af6f21eed9107a2ba0255bf46fc217a
23050,2021,28.473998294970166,14.130434782608695,238,-5.072463768115938,-5.072463768115938,12.0,historico-relativo-1.0,0a9a6aefb1d5cafa7b9570a2888f6efb4af6f21eed9107a2ba0255bf46fc217a
23050,2022,46.49403239556692,43.11594202898551,158,18.020034100596753,12.947570332480815,-80.0,historico-relativo-1.0,0a9a6aefb1d5cafa7b9570a2888f6efb4af6f21eed9107a2ba0255bf46fc217a
23050,2023,28.910912190963344,15.217391304347826,235,-17.583120204603574,-4.635549872122759,77.0,historico-relativo-1.0,0a9a6aefb1d5cafa7b9570a2888f6efb4af6f21eed9107a2ba0255bf46fc217a
23055,2020,17.593776641091218,4.3478260869565215,265,,0.0,,historico-relativo-1.0,0a9a6aefb1d5cafa7b9570a2888f6efb4af6f21eed9107a2ba0255bf46fc217a
23055,2021,21.526001705029838,6.884057971014493,258,3.9322250639386205,3.9322250639386205,-7.0,historico-relativo-1.0,0a9a6aefb1d5cafa7b9570a2888f6efb4af6f21eed9107a2ba0255bf46fc217a
23055,2022,20.034100596760442,8.695652173913043,253,-1.4919011082693956,2.440323955669225,-5.0,historico-relativo-1.0,0a9a6aefb1d5cafa7b9570a2888f6efb4af6f21eed9107a2ba0255bf46fc217a
23055,2023,14.492753623188406,3.6231884057971016,267,-5.541346973572036,-3.1010230179028113,14.0,historico-relativo-1.0,0a9a6aefb1d5cafa7b9570a2888f6efb4af6f21eed9107a2ba0255bf46fc217a
23092,2020,20.694799658994032,7.608695652173913,256,,0.0,,historico-relativo-1.0,0a9a6aefb1d5cafa7b9570a2888f6efb4af6f21eed9107a2ba0255bf46fc217a
23092,2021,29.326513213981247,15.942028985507246,233,8.631713554987215,8.631713554987215,-23.0,historico-relativo-1.0,0a9a6aefb1d5cafa7b9570a2888f6efb4af6f21eed9107a2ba0255bf46fc217a
23092,2022,32.90707587382779,19.92753623188406,222,3.580562659846546,12.21227621483376,-11.0,historico-relativo-1.0,0a9a6aefb1d5cafa7b9570a2888f6efb4af6f21eed9107a2ba0255bf46fc217a
23092,2023,45.11935208866156,41.30434782608695,163,12.212276214833764,24.424552429667525,-59.0,historico-relativo-1.0,0a9a6aefb1d5cafa7b9570a2888f6efb4af6f21eed9107a2ba0255bf46fc217a
24089,2020,48.85976129582268,46.01449275362319,150,,0.0,,historico-relativo-1.0,0a9a6aefb1d5cafa7b9570a2888f6efb4af6f21eed9107a2ba0255bf46fc217a
24089,2021,47.61295822676897,44.927536231884055,153,-1.246803069053712,-1.246803069053712,3.0,historico-relativo-1.0,0a9a6aefb1d5cafa7b9570a2888f6efb4af6f21eed9107a2ba0255bf46fc217a
24089,2022,52.6001705029838,56.15942028985507,122,4.987212276214834,3.7404092071611217,-31.0,historico-relativo-1.0,0a9a6aefb1d5cafa7b9570a2888f6efb4af6f21eed9107a2ba0255bf46fc217a
24089,2023,40.50511508951407,30.797101449275363,192,-12.09505541346973,-8.354646206308608,70.0,historico-relativo-1.0,0a9a6aefb1d5cafa7b9570a2888f6efb4af6f21eed9107a2ba0255bf46fc217a
24115,2020,38.93861892583121,26.44927536231884,204,,0.0,,historico-relativo-1.0,0a9a6aefb1d5cafa7b9570a2888f6efb4af6f21eed9107a2ba0255bf46fc217a
24115,2021,25.02131287297528,9.782608695652174,250,-13.917306052855928,-13.917306052855928,46.0,historico-relativo-1.0,0a9a6aefb1d5cafa7b9570a2888f6efb4af6f21eed9107a2ba0255bf46fc217a
24115,2022,23.99829497016198,11.956521739130435,244,-1.0230179028133009,-14.940323955669228,-6.0,historico-relativo-1.0,0a9a6aefb1d5cafa7b9570a2888f6efb4af6f21eed9107a2ba0255bf46fc217a
24115,2023,22.623614663256607,10.869565217391305,247,-1.374680306905372,-16.3150042625746,3.0,historico-relativo-1.0,0a9a6aefb1d5cafa7b9570a2888f6efb4af6f21eed9107a2ba0255bf46fc217a
24142,2020,28.27152600170503,14.130434782608695,238,,0.0,,historico-relativo-1.0,0a9a6aefb1d5cafa7b9570a2888f6efb4af6f21eed9107a2ba0255bf46fc217a
24142,2021,15.707587382779199,3.260869565217391,268,-12.563938618925832,-12.563938618925832,30.0,historico-relativo-1.0,0a9a6aefb1d5cafa7b9570a2888f6efb4af6f21eed9107a2ba0255bf46fc217a
24142,2022,19.948849104859335,8.333333333333334,254,4.241261722080136,-8.322676896845696,-14.0,historico-relativo-1.0,0a9a6aefb1d5cafa7b9570a2888f6efb4af6f21eed9107a2ba0255bf46fc217a
24142,2023,21.3768115942029,9.782608695652174,250,1.4279624893435638,-6.894714407502132,-4.0,historico-relativo-1.0,0a9a6aefb1d5cafa7b9570a2888f6efb4af6f21eed9107a2ba0255bf46fc217a
25120,2020,19.54390451832907,5.797101449275362,261,,0.0,,historico-relativo-1.0,0a9a6aefb1d5cafa7b9570a2888f6efb4af6f21eed9107a2ba0255bf46fc217a
25120,2021,32.07587382779199,18.840579710144926,225,12.531969309462916,12.531969309462916,-36.0,historico-relativo-1.0,0a9a6aefb1d5cafa7b9570a2888f6efb4af6f21eed9107a2ba0255bf46fc217a
25120,2022,26.811594202898554,14.855072463768115,236,-5.264279624893433,7.267689684569483,11.0,historico-relativo-1.0,0a9a6aefb1d5cafa7b9570a2888f6efb4af6f21eed9107a2ba0255bf46fc217a
25120,2023,30.253623188405797,15.942028985507246,233,3.4420289855072426,10.709718670076725,-3.0,historico-relativo-1.0,0a9a6aefb1d5cafa7b9570a2888f6efb4af6f21eed9107a2ba0255bf46fc217a
26089,2020,60.24083546462063,71.01449275362319,81,,0.0,,historico-relativo-1.0,0a9a6aefb1d5cafa7b9570a2888f6efb4af6f21eed9107a2ba0255bf46fc217a
26089,2021,41.77323103154305,35.14492753623188,180,-18.467604433077582,-18.467604433077582,99.0,historico-relativo-1.0,0a9a6aefb1d5cafa7b9570a2888f6efb4af6f21eed9107a2ba0255bf46fc217a
26089,2022,58.109548167092925,64.4927536231884,99,16.336317135549876,-2.131287297527706,-81.0,historico-relativo-1.0,0a9a6aefb1d5cafa7b9570a2888f6efb4af6f21eed9107a2ba0255bf46fc217a
26089,2023,51.768968456948,52.53623188405797,132,-6.340579710144922,-8.471867007672628,33.0,historico-relativo-1.0,0a9a6aefb1d5cafa7b9570a2888f6efb4af6f21eed9107a2ba0255bf46fc217a
27028,2020,47.026854219948845,39.67391304347826,167,,0.0,,historico-relativo-1.0,0a9a6aefb1d5cafa7b9570a2888f6efb4af6f21eed9107a2ba0255bf46fc217a
27028,2021,27.23785166240409,11.956521739130435,244,-19.789002557544755,-19.789002557544755,77.0,historico-relativo-1.0,0a9a6aefb1d5cafa7b9570a2888f6efb4af6f21eed9107a2ba0255bf46fc217a
27028,2022,43.8618925831202,37.68115942028985,173,16.624040920716112,-3.164961636828643,-71.0,historico-relativo-1.0,0a9a6aefb1d5cafa7b9570a2888f6efb4af6f21eed9107a2ba0255bf46fc217a
27028,2023,48.4228473998295,46.01449275362319,150,4.560954816709298,1.395993179880655,-23.0,historico-relativo-1.0,0a9a6aefb1d5cafa7b9570a2888f6efb4af6f21eed9107a2ba0255bf46fc217a
28005,2020,59.05797101449276,68.1159420289855,89,,0.0,,historico-relativo-1.0,0a9a6aefb1d5cafa7b9570a2888f6efb4af6f21eed9107a2ba0255bf46fc217a
28005,2021,64.17306052855925,75.3623188405797,69,5.11508951406649,5.11508951406649,-20.0,historico-relativo-1.0,0a9a6aefb1d5cafa7b9570a2888f6efb4af6f21eed9107a2ba0255bf46fc217a
28005,2022,69.26683716965047,80.79710144927536,54,5.093776641091225,10.208866155157715,-15.0,historico-relativo-1.0,0a9a6aefb1d5cafa7b9570a2888f6efb4af6f21eed9107a2ba0255bf46fc217a
28005,2023,64.84441602728047,77.17391304347827,64,-4.422421142369998,5.786445012787716,10.0,historico-relativo-1.0,0a9a6aefb1d5cafa7b9570a2888f6efb4af6f21eed9107a2ba0255bf46fc217a
28006,2020,67.27408354646207,82.97101449275362,48,,0.0,,historico-relativo-1.0,0a9a6aefb1d5cafa7b9570a2888f6efb4af6f21eed9107a2ba0255bf46fc217a
28006,2021,57.789855072463766,63.04347826086956,103,-9.4842284739983,-9.4842284739983,55.0,historico-relativo-1.0,0a9a6aefb1d5cafa7b9570a2888f6efb4af6f21eed9107a2ba0255bf46fc217a
28006,2022,71.96291560102301,85.14492753623189,42,14.173060528559247,4.688832054560947,-61.0,historico-relativo-1.0,0a9a6aefb1d5cafa7b9570a2888f6efb4af6f21eed9107a2ba0255bf46fc217a
28006,2023,59.6227621483376,66.66666666666667,93,-12.340153452685414,-7.651321398124466,51.0,historico-relativo-1.0,0a9a6aefb1d5cafa7b9570a2888f6efb4af6f21eed9107a2ba0255bf46fc217a
28007,2020,60.44330775788577,71.3768115942029,80,,0.0,,historico-relativo-1.0,0a9a6aefb1d5cafa7b9570a2888f6efb4af6f21eed9107a2ba0255bf46fc217a
28007,2021,55.62659846547315,59.42028985507246,113,-4.816709292412618,-4.816709292412618,33.0,historico-relativo-1.0,0a9a6aefb1d5cafa7b9570a2888f6efb4af6f21eed9107a2ba0255bf46fc217a
28007,2022,63.554987212276224,73.55072463768116,74,7.928388746803073,3.1116794543904547,-39.0,historico-relativo-1.0,0a9a6aefb1d5cafa7b9570a2888f6efb4af6f21eed9107a2ba0255bf46fc217a
28007,2023,65.51577152600171,78.6231884057971,60,1.9607843137254903,5.072463768115945,-14.0,historico-relativo-1.0,0a9a6aefb1d5cafa7b9570a2888f6efb4af6f21eed9107a2ba0255bf46fc217a
28013,2020,41.38959931798807,29.347826086956523,196,,0.0,,historico-relativo-1.0,0a9a6aefb1d5cafa7b9570a2888f6efb4af6f21eed9107a2ba0255bf46fc217a
28013,2021,48.40153452685422,46.3768115942029,149,7.011935208866149,7.011935208866149,-47.0,historico-relativo-1.0,0a9a6aefb1d5cafa7b9570a2888f6efb4af6f21eed9107a2ba0255bf46fc217a
28013,2022,46.994884910485936,44.927536231884055,153,-1.4066496163682842,5.605285592497864,4.0,historico-relativo-1.0,0a9a6aefb1d5cafa7b9570a2888f6efb4af6f21eed9107a2ba0255bf46fc217a
28013,2023,49.808184143222505,47.10144927536232,147,2.8132992327365685,8.418584825234433,-6.0,historico-relativo-1.0,0a9a6aefb1d5cafa7b9570a2888f6efb4af6f21eed9107a2ba0255bf46fc217a
28014,2020,63.61892583120205,77.89855072463769,62,,0.0,,historico-relativo-1.0,0a9a6aefb1d5cafa7b9570a2888f6efb4af6f21eed9107a2ba0255bf46fc217a
28014,2021,46.70716112531969,42.391304347826086,160,-16.911764705882355,-16.911764705882355,98.0,historico-relativo-1.0,0a9a6aefb1d5cafa7b9570a2888f6efb4af6f21eed9107a2ba0255bf46fc217a
28014,2022,51.68371696504689,54.34782608695652,127,4.976555839727197,-11.935208866155158,-33.0,historico-relativo-1.0,0a9a6aefb1d5cafa7b9570a2888f6efb4af6f21eed9107a2ba0255bf46fc217a
28014,2023,40.792838874680314,31.52173913043478,190,-10.890878090366577,-22.826086956521735,63.0,historico-relativo-1.0,0a9a6aefb1d5cafa7b9570a2888f6efb4af6f21eed9107a2ba0255bf46fc217a
28022,2020,48.19906223358909,42.391304347826086,160,,0.0,,historico-relativo-1.0,0a9a6aefb1d5cafa7b9570a2888f6efb4af6f21eed9107a2ba0255bf46fc217a
28022,2021,45.19394714407502,39.492753623188406,168,-3.005115089514071,-3.005115089514071,8.0,historico-relativo-1.0,0a9a6aefb1d5cafa7b9570a2888f6efb4af6f21eed9107a2ba0255bf46fc217a
28022,2022,40.85677749360614,31.52173913043478,190,-4.33716965046888,-7.342284739982951,22.0,historico-relativo-1.0,0a9a6aefb1d5cafa7b9570a2888f6efb4af6f21eed9107a2ba0255bf46fc217a
28022,2023,44.75703324808184,40.21739130434783,166,3.900255754475701,-3.4420289855072497,-24.0,historico-relativo-1.0,0a9a6aefb1d5cafa7b9570a2888f6efb4af6f21eed9107a2ba0255bf46fc217a
28045,2020,52.24850809889173,55.43478260869565,124,,0.0,,historico-relativo-1.0,0a9a6aefb1d5cafa7b9570a2888f6efb4af6f21eed9107a2ba0255bf46fc217a
28045,2021,45.84398976982097,41.1231884057971,163,-6.404518329070761,-6.404518329070761,39.0,historico-relativo-1.0,0a9a6aefb1d5cafa7b9570a2888f6efb4af6f21eed9107a2ba0255bf46fc217a
28045,2022,50.554134697357206,51.44927536231884,135,4.710144927536234,-1.694373401534527,-28.0,historico-relativo-1.0,0a9a6aefb1d5cafa7b9570a2888f6efb4af6f21eed9107a2ba0255bf46fc217a
28045,2023,54.81670929241262,59.05797101449275,114,4.262574595055412,2.568201193520885,-21.0,historico-relativo-1.0,0a9a6aefb1d5cafa7b9570a2888f6efb4af6f21eed9107a2ba0255bf46fc217a
28047,2020,68.38235294117648,84.05797101449275,45,,0.0,,historico-relativo-1.0,0a9a6aefb1d5cafa7b9570a2888f6efb4af6f21eed9107a2ba0255bf46fc217a
28047,2021,63.08610400682012,73.18840579710145,75,-5.296248934356356,-5.296248934356356,30.0,historico-relativo-1.0,0a9a6aefb1d5cafa7b9570a2888f6efb4af6f21eed9107a2ba0255bf46fc217a
28047,2022,62.21227621483376,71.3768115942029,80,-0.8738277919863648,-6.170076726342721,5.0,historico-relativo-1.0,0a9a6aefb1d5cafa7b9570a2888f6efb4af6f21eed9107a2ba0255bf46fc217a
28047,2023,51.64109121909634,51.81159420289855,134,-10.571184995737418,-16.74126172208014,54.0,historico-relativo-1.0,0a9a6aefb1d5cafa7b9570a2888f6efb4af6f21eed9107a2ba0255bf46fc217a
28049,2020,61.14663256606991,72.46376811594203,77,,0.0,,historico-relativo-1.0,0a9a6aefb1d5cafa7b9570a2888f6efb4af6f21eed9107a2ba0255bf46fc217a
28049,2021,56.308610400682014,61.594202898550726,107,-4.838022165387898,-4.838022165387898,30.0,historico-relativo-1.0,0a9a6aefb1d5cafa7b9570a2888f6efb4af6f21eed9107a2ba0255bf46fc217a
28049,2022,68.27578857630009,79.71014492753623,57,11.967178175618074,7.129156010230176,-50.0,historico-relativo-1.0,0a9a6aefb1d5cafa7b9570a2888f6efb4af6f21eed9107a2ba0255bf46fc217a
28049,2023,60.76300085251492,71.3768115942029,80,-7.512787723785166,-0.3836317135549905,23.0,historico-relativo-1.0,0a9a6aefb1d5cafa7b9570a2888f6efb4af6f21eed9107a2ba0255bf46fc217a
28058,2020,57.65132139812447,64.4927536231884,99,,0.0,,historico-relativo-1.0,0a9a6aefb1d5cafa7b9570a2888f6efb4af6f21eed9107a2ba0255bf46fc217a
28058,2021,45.130008525149194,38.768115942028984,170,-12.52131287297528,-12.52131287297528,71.0,historico-relativo-1.0,0a9a6aefb1d5cafa7b9570a2888f6efb4af6f21eed9107a2ba0255bf46fc217a
28058,2022,62.14833759590793,70.65217391304348,82,17.01832907075874,4.497016197783459,-88.0,historico-relativo-1.0,0a9a6aefb1d5cafa7b9570a2888f6efb4af6f21eed9107a2ba0255bf46fc217a
28058,2023,36.56223358908781,25.72463768115942,206,-25.586104006820122,-21.089087809036663,124.0,historico-relativo-1.0,0a9a6aefb1d5cafa7b9570a2888f6efb4af6f21eed9107a2ba0255bf46fc217a
28061,2020,39.109121909633416,27.17391304347826,202,,0.0,,historico-relativo-1.0,0a9a6aefb1d5cafa7b9570a2888f6efb4af6f21eed9107a2ba0255bf46fc217a
28061,2021,43.595481670929246,36.95652173913044,175,4.48635976129583,4.48635976129583,-27.0,historico-relativo-1.0,0a9a6aefb1d5cafa7b9570a2888f6efb4af6f21eed9107a2ba0255bf46fc217a
28061,2022,58.631713554987215,66.30434782608695,94,15.036231884057969,19.5225916453538,-81.0,historico-relativo-1.0,0a9a6aefb1d5cafa7b9570a2888f6efb4af6f21eed9107a2ba0255bf46fc217a
28061,2023,38.491048593350385,27.89855072463768,200,-20.14066496163683,-0.6180733162830307,106.0,historico-relativo-1.0,0a9a6aefb1d5cafa7b9570a2888f6efb4af6f21eed9107a2ba0255bf46fc217a
28065,2020,61.8073316283035,73.91304347826087,73,,0.0,,historico-relativo-1.0,0a9a6aefb1d5cafa7b9570a2888f6efb4af6f21eed9107a2ba0255bf46fc217a
28065,2021,68.13725490196079,81.52173913043478,52,6.329923273657286,6.329923273657286,-21.0,historico-relativo-1.0,0a9a6aefb1d5cafa7b9570a2888f6efb4af6f21eed9107a2ba0255bf46fc217a
28065,2022,71.02514919011082,82.6086956521739,49,2.8878942881500365,9.217817561807323,-3.0,historico-relativo-1.0,0a9a6aefb1d5cafa7b9570a2888f6efb4af6f21eed9107a2ba0255bf46fc217a
28065,2023,49.669650468883205,46.3768115942029,149,-21.35549872122762,-12.137681159420296,100.0,historico-relativo-1.0,0a9a6aefb1d5cafa7b9570a2888f6efb4af6f21eed9107a2ba0255bf46fc217a
28074,2020,53.410059676044334,56.52173913043478,121,,0.0,,historico-relativo-1.0,0a9a6aefb1d5cafa7b9570a2888f6efb4af6f21eed9107a2ba0255bf46fc217a
28074,2021,53.54859335038363,55.79710144927536,123,0.13853367433929975,0.13853367433929975,2.0,historico-relativo-1.0,0a9a6aefb1d5cafa7b9570a2888f6efb4af6f21eed9107a2ba0255bf46fc217a
28074,2022,57.41687979539642,63.768115942028984,101,3.868286445012785,4.006820119352085,-22.0,historico-relativo-1.0,0a9a6aefb1d5cafa7b9570a2888f6efb4af6f21eed9107a2ba0255bf46fc217a
28074,2023,44.71440750213129,39.85507246376812,167,-12.702472293265131,-8.695652173913047,66.0,historico-relativo-1.0,0a9a6aefb1d5cafa7b9570a2888f6efb4af6f21eed9107a2ba0255bf46fc217a
28079,2020,61.754049445865306,73.55072463768116,74,,0.0,,historico-relativo-1.0,0a9a6aefb1d5cafa7b9570a2888f6efb4af6f21eed9107a2ba0255bf46fc217a
28079,2021,78.32480818414322,94.20289855072464,17,16.570758738277917,16.570758738277917,-57.0,historico-relativo-1.0,0a9a6aefb1d5cafa7b9570a2888f6efb4af6f21eed9107a2ba0255bf46fc217a
28079,2022,84.94245524296676,96.01449275362319,12,6.617647058823536,23.188405797101453,-5.0,historico-relativo-1.0,0a9a6aefb1d5cafa7b9570a2888f6efb4af6f21eed9107a2ba0255bf46fc217a
28079,2023,68.84057971014494,82.2463768115942,50,-16.101875532821822,7.086530264279631,38.0,historico-relativo-1.0,0a9a6aefb1d5cafa7b9570a2888f6efb4af6f21eed9107a2ba0255bf46fc217a
28080,2020,63.06479113384484,76.08695652173913,67,,0.0,,historico-relativo-1.0,0a9a6aefb1d5cafa7b9570a2888f6efb4af6f21eed9107a2ba0255bf46fc217a
28080,2021,57.03324808184143,62.31884057971015,105,-6.031543052003414,-6.031543052003414,38.0,historico-relativo-1.0,0a9a6aefb1d5cafa7b9570a2888f6efb4af6f21eed9107a2ba0255bf46fc217a
28080,2022,51.534526854219955,53.80434782608695,128,-5.498721227621473,-11.530264279624888,23.0,historico-relativo-1.0,0a9a6aefb1d5cafa7b9570a2888f6efb4af6f21eed9107a2ba0255bf46fc217a
28080,2023,54.497016197783466,58.333333333333336,116,2.9624893435635116,-8.567774936061376,-12.0,historico-relativo-1.0,0a9a6aefb1d5cafa7b9570a2888f6efb4af6f21eed9107a2ba0255bf46fc217a
28092,2020,54.6994884910486,57.971014492753625,117,,0.0,,historico-relativo-1.0,0a9a6aefb1d5cafa7b9570a2888f6efb4af6f21eed9107a2ba0255bf46fc217a
28092,2021,55.434782608695656,59.05797101449275,114,0.735294117647058,0.735294117647058,-3.0,historico-relativo-1.0,0a9a6aefb1d5cafa7b9570a2888f6efb4af6f21eed9107a2ba0255bf46fc217a
28092,2022,62.489343563512364,71.73913043478261,79,7.054560954816708,7.789855072463766,-35.0,historico-relativo-1.0,0a9a6aefb1d5cafa7b9570a2888f6efb4af6f21eed9107a2ba0255bf46fc217a
28092,2023,47.47442455242967,44.56521739130435,154,-15.014919011082696,-7.225063938618931,75.0,historico-relativo-1.0,0a9a6aefb1d5cafa7b9570a2888f6efb4af6f21eed9107a2ba0255bf46fc217a
28106,2020,48.41219096334186,43.11594202898551,158,,0.0,,historico-relativo-1.0,0a9a6aefb1d5cafa7b9570a2888f6efb4af6f21eed9107a2ba0255bf46fc217a
28106,2021,37.77706734867861,28.6231884057971,198,-10.63512361466325,-10.63512361466325,40.0,historico-relativo-1.0,0a9a6aefb1d5cafa7b9570a2888f6efb4af6f21eed9107a2ba0255bf46fc217a
28106,2022,56.82011935208866,61.95652173913044,106,19.043052003410054,8.407928388746804,-92.0,historico-relativo-1.0,0a9a6aefb1d5cafa7b9570a2888f6efb4af6f21eed9107a2ba0255bf46fc217a
28106,2023,44.77834612105712,40.57971014492754,165,-12.041773231031542,-3.633844842284738,59.0,historico-relativo-1.0,0a9a6aefb1d5cafa7b9570a2888f6efb4af6f21eed9107a2ba0255bf46fc217a
28113,2020,56.29795396419438,60.869565217391305,109,,0.0,,historico-relativo-1.0,0a9a6aefb1d5cafa7b9570a2888f6efb4af6f21eed9107a2ba0255bf46fc217a
28113,2021,58.03495311167946,63.405797101449274,102,1.7369991474850792,1.7369991474850792,-7.0,historico-relativo-1.0,0a9a6aefb1d5cafa7b9570a2888f6efb4af6f21eed9107a2ba0255bf46fc217a
28113,2022,46.547314578005114,43.47826086956522,157,-11.487638533674343,-9.750639386189263,55.0,historico-relativo-1.0,0a9a6aefb1d5cafa7b9570a2888f6efb4af6f21eed9107a2ba0255bf46fc217a
28113,2023,35.13427109974425,21.014492753623188,219,-11.413043478260867,-21.16368286445013,62.0,historico-relativo-1.0,0a9a6aefb1d5cafa7b9570a2888f6efb4af6f21eed9107a2ba0255bf46fc217a
28115,2020,56.852088661551576,61.594202898550726,107,,0.0,,historico-relativo-1.0,0a9a6aefb1d5cafa7b9570a2888f6efb4af6f21eed9107a2ba0255bf46fc217a
28115,2021,53.250213128729754,55.43478260869565,124,-3.601875532821822,-3.601875532821822,17.0,historico-relativo-1.0,0a9a6aefb1d5cafa7b9570a2888f6efb4af6f21eed9107a2ba0255bf46fc217a
28115,2022,42.51918158567775,35.14492753623188,180,-10.731031543052005,-14.332907075873827,56.0,historico-relativo-1.0,0a9a6aefb1d5cafa7b9570a2888f6efb4af6f21eed9107a2ba0255bf46fc217a
28115,2023,56.71355498721228,61.231884057971016,108,14.194373401534527,-0.13853367433929975,-72.0,historico-relativo-1.0,0a9a6aefb1d5cafa7b9570a2888f6efb4af6f21eed9107a2ba0255bf46fc217a
28123,2020,59.23913043478261,68.47826086956522,88,,0.0,,historico-relativo-1.0,0a9a6aefb1d5cafa7b9570a2888f6efb4af6f21eed9107a2ba0255bf46fc217a
28123,2021,45.26854219948849,39.85507246376812,167,-13.970588235294116,-13.970588235294116,79.0,historico-relativo-1.0,0a9a6aefb1d5cafa7b9570a2888f6efb4af6f21eed9107a2ba0255bf46fc217a
28123,2022,63.97058823529412,74.27536231884058,72,18.70204603580563,4.731457800511514,-95.0,historico-relativo-1.0,0a9a6aefb1d5cafa7b9570a2888f6efb4af6f21eed9107a2ba0255bf46fc217a
28123,2023,41.890451832907075,35.507246376811594,179,-22.080136402387048,-17.348678601875534,107.0,historico-relativo-1.0,0a9a6aefb1d5cafa7b9570a2888f6efb4af6f21eed9107a2ba0255bf46fc217a
28127,2020,56.969309462915604,61.95652173913044,106,,0.0,,historico-relativo-1.0,0a9a6aefb1d5cafa7b9570a2888f6efb4af6f21eed9107a2ba0255bf46fc217a
28127,2021,52.62148337595908,52.89855072463768,131,-4.347826086956523,-4.347826086956523,25.0,historico-relativo-1.0,0a9a6aefb1d5cafa7b9570a2888f6efb4af6f21eed9107a2ba0255bf46fc217a
28127,2022,53.7617220801364,58.69565217391305,115,1.140238704177321,-3.2075873827792023,-16.0,historico-relativo-1.0,0a9a6aefb1d5cafa7b9570a2888f6efb4af6f21eed9107a2ba0255bf46fc217a
28127,2023,35.33674339300938,21.920289855072465,216,-18.424978687127023,-21.632566069906225,101.0,historico-relativo-1.0,0a9a6aefb1d5cafa7b9570a2888f6efb4af6f21eed9107a2ba0255bf46fc217a
28130,2020,48.60400682011935,45.289855072463766,152,,0.0,,historico-relativo-1.0,0a9a6aefb1d5cafa7b9570a2888f6efb4af6f21eed9107a2ba0255bf46fc217a
28130,2021,39.04518329070759,30.434782608695652,193,-9.558823529411761,-9.558823529411761,41.0,historico-relativo-1.0,0a9a6aefb1d5cafa7b9570a2888f6efb4af6f21eed9107a2ba0255bf46fc217a
28130,2022,50.89514066496164,51.81159420289855,134,11.849957374254046,2.2911338448422853,-59.0,historico-relativo-1.0,0a9a6aefb1d5cafa7b9570a2888f6efb4af6f21eed9107a2ba0255bf46fc217a
28130,2023,33.64236999147485,18.840579710144926,225,-17.252770673486786,-14.961636828644501,91.0,historico-relativo-1.0,0a9a6aefb1d5cafa7b9570a2888f6efb4af6f21eed9107a2ba0255bf46fc217a
28134,2020,56.234015345268546,60.507246376811594,110,,0.0,,historico-relativo-1.0,0a9a6aefb1d5cafa7b9570a2888f6efb4af6f21eed9107a2ba0255bf46fc217a
28134,2021,65.08951406649616,77.17391304347827,64,8.855498721227619,8.855498721227619,-46.0,historico-relativo-1.0,0a9a6aefb1d5cafa7b9570a2888f6efb4af6f21eed9107a2ba0255bf46fc217a
28134,2022,79.19863597612958,91.30434782608695,25,14.109121909633416,22.964620630861035,-39.0,historico-relativo-1.0,0a9a6aefb1d5cafa7b9570a2888f6efb4af6f21eed9107a2ba0255bf46fc217a
28134,2023,60.65643648763854,70.47101449275362,82,-18.542199488491043,4.422421142369991,57.0,historico-relativo-1.0,0a9a6aefb1d5cafa7b9570a2888f6efb4af6f21eed9107a2ba0255bf46fc217a
28148,2020,63.57630008525149,77.53623188405797,63,,0.0,,historico-relativo-1.0,0a9a6aefb1d5cafa7b9570a2888f6efb4af6f21eed9107a2ba0255bf46fc217a
28148,2021,59.12190963341859,65.57971014492753,96,-4.4543904518329,-4.4543904518329,33.0,historico-relativo-1.0,0a9a6aefb1d5cafa7b9570a2888f6efb4af6f21eed9107a2ba0255bf46fc217a
28148,2022,57.352941176470594,63.405797101449274,102,-1.768968456947995,-6.223358908780895,6.0,historico-relativo-1.0,0a9a6aefb1d5cafa7b9570a2888f6efb4af6f21eed9107a2ba0255bf46fc217a
28148,2023,60.709718670076725,71.01449275362319,81,3.356777493606131,-2.866581415174764,-21.0,historico-relativo-1.0,0a9a6aefb1d5cafa7b9570a2888f6efb4af6f21eed9107a2ba0255bf46fc217a
28161,2020,60.01705029838023,70.28985507246377,83,,0.0,,historico-relativo-1.0,0a9a6aefb1d5cafa7b9570a2888f6efb4af6f21eed9107a2ba0255bf46fc217a
28161,2021,43.88320545609548,37.68115942028985,173,-16.133844842284745,-16.133844842284745,90.0,historico-relativo-1.0,0a9a6aefb1d5cafa7b9570a2888f6efb4af6f21eed9107a2ba0255bf46fc217a
28161,2022,58.333333333333336,64.85507246376811,98,14.450127877237854,-1.6837169650468908,-75.0,historico-relativo-1.0,0a9a6aefb1d5cafa7b9570a2888f6efb4af6f21eed9107a2ba0255bf46fc217a
28161,2023,43.456947996589946,37.68115942028985,173,-14.87638533674339,-16.56010230179028,75.0,historico-relativo-1.0,0a9a6aefb1d5cafa7b9570a2888f6efb4af6f21eed9107a2ba0255bf46fc217a
28181,2020,47.55967604433078,41.30434782608695,163,,0.0,,historico-relativo-1.0,0a9a6aefb1d5cafa7b9570a2888f6efb4af6f21eed9107a2ba0255bf46fc217a
28181,2021,46.82438192668372,42.93478260869565,158,-0.735294117647058,-0.735294117647058,-5.0,historico-relativo-1.0,0a9a6aefb1d5cafa7b9570a2888f6efb4af6f21eed9107a2ba0255bf46fc217a
28181,2022,52.36572890025575,55.43478260869565,124,5.541346973572033,4.806052855924975,-34.0,historico-relativo-1.0,0a9a6aefb1d5cafa7b9570a2888f6efb4af6f21eed9107a2ba0255bf46fc217a
28181,2023,43.62745098039216,38.04347826086956,172,-8.738277919863592,-3.932225063938617,48.0,historico-relativo-1.0,0a9a6aefb1d5cafa7b9570a2888f6efb4af6f21eed9107a2ba0255bf46fc217a
28903,2020,56.15942028985507,60.14492753623188,111,,0.0,,historico-relativo-1.0,0a9a6aefb1d5cafa7b9570a2888f6efb4af6f21eed9107a2ba0255bf46fc217a
28903,2021,41.00596760443308,32.971014492753625,186,-15.153452685421989,-15.153452685421989,75.0,historico-relativo-1.0,0a9a6aefb1d5cafa7b9570a2888f6efb4af6f21eed9107a2ba0255bf46fc217a
28903,2022,53.64450127877238,58.15217391304348,116,12.6385336743393,-2.5149190110826893,-70.0,historico-relativo-1.0,0a9a6aefb1d5cafa7b9570a2888f6efb4af6f21eed9107a2ba0255bf46fc217a
28903,2023,46.39812446717818,42.7536231884058,159,-7.246376811594203,-9.761295822676892,43.0,historico-relativo-1.0,0a9a6aefb1d5cafa7b9570a2888f6efb4af6f21eed9107a2ba0255bf46fc217a
29007,2020,70.11935208866156,86.23188405797102,39,,0.0,,historico-relativo-1.0,0a9a6aefb1d5cafa7b9570a2888f6efb4af6f21eed9107a2ba0255bf46fc217a
29007,2021,53.55924978687127,56.15942028985507,122,-16.560102301790288,-16.560102301790288,83.0,historico-relativo-1.0,0a9a6aefb1d5cafa7b9570a2888f6efb4af6f21eed9107a2ba0255bf46fc217a
29007,2022,72.50639386189258,86.23188405797102,39,18.947144075021306,2.3870417732310187,-83.0,historico-relativo-1.0,0a9a6aefb1d5cafa7b9570a2888f6efb4af6f21eed9107a2ba0255bf46fc217a
29007,2023,64.33290707587383,76.81159420289855,65,-8.173486786018742,-5.786445012787723,26.0,historico-relativo-1.0,0a9a6aefb1d5cafa7b9570a2888f6efb4af6f21eed9107a2ba0255bf46fc217a
29015,2020,50.02131287297527,50.0,139,,0.0,,historico-relativo-1.0,0a9a6aefb1d5cafa7b9570a2888f6efb4af6f21eed9107a2ba0255bf46fc217a
29015,2021,27.291133844842285,12.318840579710145,243,-22.730179028132987,-22.730179028132987,104.0,historico-relativo-1.0,0a9a6aefb1d5cafa7b9570a2888f6efb4af6f21eed9107a2ba0255bf46fc217a
29015,2022,40.48380221653879,31.159420289855074,191,13.192668371696506,-9.537510656436481,-52.0,historico-relativo-1.0,0a9a6aefb1d5cafa7b9570a2888f6efb4af6f21eed9107a2ba0255bf46fc217a
29015,2023,34.52685421994885,19.92753623188406,222,-5.956947996589939,-15.49445865302642,31.0,historico-relativo-1.0,0a9a6aefb1d5cafa7b9570a2888f6efb4af6f21eed9107a2ba0255bf46fc217a
29025,2020,78.93222506393863,94.20289855072464,17,,0.0,,historico-relativo-1.0,0a9a6aefb1d5cafa7b9570a2888f6efb4af6f21eed9107a2ba0255bf46fc217a
29025,2021,78.17561807331629,93.47826086956522,19,-0.7566069906223447,-0.7566069906223447,2.0,historico-relativo-1.0,0a9a6aefb1d5cafa7b9570a2888f6efb4af6f21eed9107a2ba0255bf46fc217a
29025,2022,84.1219096334186,95.28985507246377,14,5.94629156010231,5.189684569479965,-5.0,historico-relativo-1.0,0a9a6aefb1d5cafa7b9570a2888f6efb4af6f21eed9107a2ba0255bf46fc217a
29025,2023,88.49104859335038,98.91304347826087,4,4.369138959931789,9.558823529411754,-10.0,historico-relativo-1.0,0a9a6aefb1d5cafa7b9570a2888f6efb4af6f21eed9107a2ba0255bf46fc217a
29051,2020,86.12531969309464,99.27536231884058,3,,0.0,,historico-relativo-1.0,0a9a6aefb1d5cafa7b9570a2888f6efb4af6f21eed9107a2ba0255bf46fc217a
29051,2021,76.98209718670077,92.7536231884058,21,-9.143222506393869,-9.143222506393869,18.0,historico-relativo-1.0,0a9a6aefb1d5cafa7b9570a2888f6efb4af6f21eed9107a2ba0255bf46fc217a
29051,2022,95.71611253196932,100.0,1,18.734015345268546,9.590792838874677,-20.0,historico-relativo-1.0,0a9a6aefb1d5cafa7b9570a2888f6efb4af6f21eed9107a2ba0255bf46fc217a
29051,2023,83.66368286445012,95.65217391304348,13,-12.052429667519192,-2.461636828644515,12.0,historico-relativo-1.0,0a9a6aefb1d5cafa7b9570a2888f6efb4af6f21eed9107a2ba0255bf46fc217a
29054,2020,62.89428815004263,75.3623188405797,69,,0.0,,historico-relativo-1.0,0a9a6aefb1d5cafa7b9570a2888f6efb4af6f21eed9107a2ba0255bf46fc217a
29054,2021,76.6837169650469,92.3913043478261,22,13.789428815004271,13.789428815004271,-47.0,historico-relativo-1.0,0a9a6aefb1d5cafa7b9570a2888f6efb4af6f21eed9107a2ba0255bf46fc217a
29054,2022,85.72037510656438,96.73913043478261,10,9.036658141517478,22.82608695652175,-12.0,historico-relativo-1.0,0a9a6aefb1d5cafa7b9570a2888f6efb4af6f21eed9107a2ba0255bf46fc217a
29054,2023,72.02685421994886,85.8695652173913,40,-13.693520886615516,9.132566069906233,30.0,historico-relativo-1.0,0a9a6aefb1d5cafa7b9570a2888f6efb4af6f21eed9107a2ba0255bf46fc217a
29067,2020,81.30861040068201,96.01449275362319,12,,0.0,,historico-relativo-1.0,0a9a6aefb1d5cafa7b9570a2888f6efb4af6f21eed9107a2ba0255bf46fc217a
29067,2021,88.59761295822678,99.27536231884058,3,7.289002557544762,7.289002557544762,-9.0,historico-relativo-1.0,0a9a6aefb1d5cafa7b9570a2888f6efb4af6f21eed9107a2ba0255bf46fc217a
29067,2022,84.59079283887468,95.65217391304348,13,-4.006820119352099,3.282182438192663,10.0,historico-relativo-1.0,0a9a6aefb1d5cafa7b9570a2888f6efb4af6f21eed9107a2ba0255bf46fc217a
29067,2023,90.57971014492755,99.6376811594203,2,5.988917306052869,9.271099744245532,-11.0,historico-relativo-1.0,0a9a6aefb1d5cafa7b9570a2888f6efb4af6f21eed9107a2ba0255bf46fc217a
29069,2020,77.08866155157716,93.47826086956522,19,,0.0,,historico-relativo-1.0,0a9a6aefb1d5cafa7b9570a2888f6efb4af6f21eed9107a2ba0255bf46fc217a
29069,2021,75.51150895140665,90.94202898550725,26,-1.577152600170507,-1.577152600170507,7.0,historico-relativo-1.0,0a9a6aefb1d5cafa7b9570a2888f6efb4af6f21eed9107a2ba0255bf46fc217a
29069,2022,86.04006820119352,97.10144927536231,9,10.528559249786866,8.95140664961636,-17.0,historico-relativo-1.0,0a9a6aefb1d5cafa7b9570a2888f6efb4af6f21eed9107a2ba0255bf46fc217a
29069,2023,83.07757885763002,95.28985507246377,14,-2.9624893435635045,5.988917306052855,5.0,historico-relativo-1.0,0a9a6aefb1d5cafa7b9570a2888f6efb4af6f21eed9107a2ba0255bf46fc217a
29070,2020,80.56265984654732,95.65217391304348,13,,0.0,,historico-relativo-1.0,0a9a6aefb1d5cafa7b9570a2888f6efb4af6f21eed9107a2ba0255bf46fc217a
29070,2021,79.84867860187553,95.28985507246377,14,-0.7139812446717855,-0.7139812446717855,1.0,historico-relativo-1.0,0a9a6aefb1d5cafa7b9570a2888f6efb4af6f21eed9107a2ba0255bf46fc217a
29070,2022,94.82097186700767,98.91304347826087,4,14.972293265132137,14.258312020460352,-10.0,historico-relativo-1.0,0a9a6aefb1d5cafa7b9570a2888f6efb4af6f21eed9107a2ba0255bf46fc217a
29070,2023,82.9070758738278,94.56521739130434,16,-11.913895993179878,2.3444160272804737,12.0,historico-relativo-1.0,0a9a6aefb1d5cafa7b9570a2888f6efb4af6f21eed9107a2ba0255bf46fc217a
29082,2020,69.14961636828644,85.14492753623189,42,,0.0,,historico-relativo-1.0,0a9a6aefb1d5cafa7b9570a2888f6efb4af6f21eed9107a2ba0255bf46fc217a
29082,2021,82.01193520886616,96.73913043478261,10,12.862318840579718,12.862318840579718,-32.0,historico-relativo-1.0,0a9a6aefb1d5cafa7b9570a2888f6efb4af6f21eed9107a2ba0255bf46fc217a
29082,2022,93.05200341005968,98.55072463768116,5,11.04006820119352,23.90238704177324,-5.0,historico-relativo-1.0,0a9a6aefb1d5cafa7b9570a2888f6efb4af6f21eed9107a2ba0255bf46fc217a
29082,2023,87.68115942028986,97.46376811594203,8,-5.370843989769824,18.531543052003414,3.0,historico-relativo-1.0,0a9a6aefb1d5cafa7b9570a2888f6efb4af6f21eed9107a2ba0255bf46fc217a
29084,2020,51.353367433930096,53.26086956521739,130,,0.0,,historico-relativo-1.0,0a9a6aefb1d5cafa7b9570a2888f6efb4af6f21eed9107a2ba0255bf46fc217a
29084,2021,43.26513213981245,36.231884057971016,177,-8.088235294117645,-8.088235294117645,47.0,historico-relativo-1.0,0a9a6aefb1d5cafa7b9570a2888f6efb4af6f21eed9107a2ba0255bf46fc217a
29084,2022,64.9616368286445,75.72463768115942,68,21.69650468883205,13.608269394714405,-109.0,historico-relativo-1.0,0a9a6aefb1d5cafa7b9570a2888f6efb4af6f21eed9107a2ba0255bf46fc217a
29084,2023,46.34484228473998,42.391304347826086,160,-18.61679454390452,-5.008525149190113,92.0,historico-relativo-1.0,0a9a6aefb1d5cafa7b9570a2888f6efb4af6f21eed9107a2ba0255bf46fc217a
29094,2020,67.48721227621485,83.69565217391305,46,,0.0,,historico-relativo-1.0,0a9a6aefb1d5cafa7b9570a2888f6efb4af6f21eed9107a2ba0255bf46fc217a
29094,2021,74.09420289855073,88.76811594202898,32,6.606990622335886,6.606990622335886,-14.0,historico-relativo-1.0,0a9a6aefb1d5cafa7b9570a2888f6efb4af6f21eed9107a2ba0255bf46fc217a
29094,2022,80.05115089514067,91.66666666666667,24,5.956947996589932,12.563938618925818,-8.0,historico-relativo-1.0,0a9a6aefb1d5cafa7b9570a2888f6efb4af6f21eed9107a2ba0255bf46fc217a
29094,2023,86.01875532821825,96.73913043478261,10,5.967604433077582,18.5315430520034,-14.0,historico-relativo-1.0,0a9a6aefb1d5cafa7b9570a2888f6efb4af6f21eed9107a2ba0255bf46fc217a
29901,2020,82.19309462915601,97.10144927536231,9,,0.0,,historico-relativo-1.0,0a9a6aefb1d5cafa7b9570a2888f6efb4af6f21eed9107a2ba0255bf46fc217a
29901,2021,78.19693094629156,93.84057971014492,18,-3.9961636828644487,-3.9961636828644487,9.0,historico-relativo-1.0,0a9a6aefb1d5cafa7b9570a2888f6efb4af6f21eed9107a2ba0255bf46fc217a
29901,2022,90.95268542199489,97.46376811594203,8,12.755754475703327,8.759590792838878,-10.0,historico-relativo-1.0,0a9a6aefb1d5cafa7b9570a2888f6efb4af6f21eed9107a2ba0255bf46fc217a
29901,2023,89.47144075021313,99.27536231884058,3,-1.4812446717817522,7.278346121057126,-5.0,historico-relativo-1.0,0a9a6aefb1d5cafa7b9570a2888f6efb4af6f21eed9107a2ba0255bf46fc217a
30003,2020,48.454816709292416,43.65942028985507,156,,0.0,,historico-relativo-1.0,0a9a6aefb1d5cafa7b9570a2888f6efb4af6f21eed9107a2ba0255bf46fc217a
30003,2021,56.031543052003414,60.507246376811594,110,7.576726342710998,7.576726342710998,-46.0,historico-relativo-1.0,0a9a6aefb1d5cafa7b9570a2888f6efb4af6f21eed9107a2ba0255bf46fc217a
30003,2022,52.52557544757033,55.79710144927536,123,-3.5059676044330814,4.070758738277917,13.0,historico-relativo-1.0,0a9a6aefb1d5cafa7b9570a2888f6efb4af6f21eed9107a2ba0255bf46fc217a
30003,2023,59.03665814151748,63.768115942028984,101,6.511082693947145,10.581841432225062,-22.0,historico-relativo-1.0,0a9a6aefb1d5cafa7b9570a2888f6efb4af6f21eed9107a2ba0255bf46fc217a
30005,2020,13.320545609548168,2.1739130434782608,271,,0.0,,historico-relativo-1.0,0a9a6aefb1d5cafa7b9570a2888f6efb4af6f21eed9107a2ba0255bf46fc217a
30005,2021,25.767263427109974,10.869565217391305,247,12.446717817561806,12.446717817561806,-24.0,historico-relativo-1.0,0a9a6aefb1d5cafa7b9570a2888f6efb4af6f21eed9107a2ba0255bf46fc217a
30005,2022,8.674339300937767,1.8115942028985508,272,-17.092924126172207,-4.646206308610401,25.0,historico-relativo-1.0,0a9a6aefb1d5cafa7b9570a2888f6efb4af6f21eed9107a2ba0255bf46fc217a
30005,2023,17.07161125319693,5.434782608695652,262,8.397271952259164,3.7510656436487633,-10.0,historico-relativo-1.0,0a9a6aefb1d5cafa7b9570a2888f6efb4af6f21eed9107a2ba0255bf46fc217a
30015,2020,32.608695652173914,17.391304347826086,229,,0.0,,historico-relativo-1.0,0a9a6aefb1d5cafa7b9570a2888f6efb4af6f21eed9107a2ba0255bf46fc217a
30015,2021,35.3154305200341,24.27536231884058,210,2.7067348678601846,2.7067348678601846,-19.0,historico-relativo-1.0,0a9a6aefb1d5cafa7b9570a2888f6efb4af6f21eed9107a2ba0255bf46fc217a
30015,2022,20.385763000852517,9.057971014492754,252,-14.929667519181582,-12.222932651321397,42.0,historico-relativo-1.0,0a9a6aefb1d5cafa7b9570a2888f6efb4af6f21eed9107a2ba0255bf46fc217a
30015,2023,22.591645353793687,10.507246376811594,248,2.2058823529411704,-10.017050298380227,-4.0,historico-relativo-1.0,0a9a6aefb1d5cafa7b9570a2888f6efb4af6f21eed9107a2ba0255bf46fc217a
30016,2020,39.69522591645354,27.536231884057973,201,,0.0,,historico-relativo-1.0,0a9a6aefb1d5cafa7b9570a2888f6efb4af6f21eed9107a2ba0255bf46fc217a
30016,2021,59.39897698209719,66.30434782608695,94,19.70375106564365,19.70375106564365,-107.0,historico-relativo-1.0,0a9a6aefb1d5cafa7b9570a2888f6efb4af6f21eed9107a2ba0255bf46fc217a
30016,2022,34.44160272804774,21.3768115942029,218,-24.957374254049448,-5.253623188405797,124.0,historico-relativo-1.0,0a9a6aefb1d5cafa7b9570a2888f6efb4af6f21eed9107a2ba0255bf46fc217a
30016,2023,57.09718670076727,62.31884057971015,105,22.655583972719526,17.40196078431373,-113.0,historico-relativo-1.0,0a9a6aefb1d5cafa7b9570a2888f6efb4af6f21eed9107a2ba0255bf46fc217a
30019,2020,27.898550724637683,13.405797101449275,240,,0.0,,historico-relativo-1.0,0a9a6aefb1d5cafa7b9570a2888f6efb4af6f21eed9107a2ba0255bf46fc217a
30019,2021,18.052003410059676,4.3478260869565215,265,-9.846547314578007,-9.846547314578007,25.0,historico-relativo-1.0,0a9a6aefb1d5cafa7b9570a2888f6efb4af6f21eed9107a2ba0255bf46fc217a
30019,2022,32.11849957374254,19.565217391304348,223,14.066496163682864,4.219948849104856,-42.0,historico-relativo-1.0,0a9a6aefb1d5cafa7b9570a2888f6efb4af6f21eed9107a2ba0255bf46fc217a
30019,2023,15.973998294970162,4.3478260869565215,265,-16.144501278772378,-11.924552429667521,42.0,historico-relativo-1.0,0a9a6aefb1d5cafa7b9570a2888f6efb4af6f21eed9107a2ba0255bf46fc217a
30022,2020,22.623614663256603,8.695652173913043,253,,0.0,,historico-relativo-1.0,0a9a6aefb1d5cafa7b9570a2888f6efb4af6f21eed9107a2ba0255bf46fc217a
30022,2021,12.212276214833759,1.8115942028985508,272,-10.411338448422844,-10.411338448422844,19.0,historico-relativo-1.0,0a9a6aefb1d5cafa7b9570a2888f6efb4af6f21eed9107a2ba0255bf46fc217a
30022,2022,4.369138959931799,0.36231884057971014,276,-7.84313725490196,-18.254475703324804,4.0,historico-relativo-1.0,0a9a6aefb1d5cafa7b9570a2888f6efb4af6f21eed9107a2ba0255bf46fc217a
30022,2023,24.595055413469733,11.594202898550725,245,20.225916453537934,1.9714407502131301,-31.0,historico-relativo-1.0,0a9a6aefb1d5cafa7b9570a2888f6efb4af6f21eed9107a2ba0255bf46fc217a
30024,2020,26.257459505541345,11.594202898550725,245,,0.0,,historico-relativo-1.0,0a9a6aefb1d5cafa7b9570a2888f6efb4af6f21eed9107a2ba0255bf46fc217a
30024,2021,12.233589087809037,2.1739130434782608,271,-14.023870417732308,-14.023870417732308,26.0,historico-relativo-1.0,0a9a6aefb1d5cafa7b9570a2888f6efb4af6f21eed9107a2ba0255bf46fc217a
30024,2022,12.787723785166241,3.9855072463768115,266,0.5541346973572043,-13.469735720375104,-5.0,historico-relativo-1.0,0a9a6aefb1d5cafa7b9570a2888f6efb4af6f21eed9107a2ba0255bf46fc217a
30024,2023,23.231031543052005,11.231884057971014,246,10.443307757885764,-3.0264279624893398,-20.0,historico-relativo-1.0,0a9a6aefb1d5cafa7b9570a2888f6efb4af6f21eed9107a2ba0255bf46fc217a
30026,2020,65.2919863597613,81.8840579710145,51,,0.0,,historico-relativo-1.0,0a9a6aefb1d5cafa7b9570a2888f6efb4af6f21eed9107a2ba0255bf46fc217a
30026,2021,74.1687979539642,89.4927536231884,30,8.876811594202906,8.876811594202906,-21.0,historico-relativo-1.0,0a9a6aefb1d5cafa7b9570a2888f6efb4af6f21eed9107a2ba0255bf46fc217a
30026,2022,79.0920716112532,90.94202898550725,26,4.923273657289002,13.800085251491907,-4.0,historico-relativo-1.0,0a9a6aefb1d5cafa7b9570a2888f6efb4af6f21eed9107a2ba0255bf46fc217a
30026,2023,59.39897698209719,65.57971014492753,96,-19.693094629156015,-5.893009377664107,70.0,historico-relativo-1.0,0a9a6aefb1d5cafa7b9570a2888f6efb4af6f21eed9107a2ba0255bf46fc217a
30027,2020,26.82225063938619,12.318840579710145,243,,0.0,,historico-relativo-1.0,0a9a6aefb1d5cafa7b9570a2888f6efb4af6f21eed9107a2ba0255bf46fc217a
30027,2021,25.19181585677749,10.144927536231885,249,-1.630434782608699,-1.630434782608699,6.0,historico-relativo-1.0,0a9a6aefb1d5cafa7b9570a2888f6efb4af6f21eed9107a2ba0255bf46fc217a
30027,2022,15.952685421994884,6.521739130434782,259,-9.239130434782608,-10.869565217391306,10.0,historico-relativo-1.0,0a9a6aefb1d5cafa7b9570a2888f6efb4af6f21eed9107a2ba0255bf46fc217a
30027,2023,29.177323103154304,15.579710144927537,234,13.22463768115942,2.3550724637681135,-25.0,historico-relativo-1.0,0a9a6aefb1d5cafa7b9570a2888f6efb4af6f21eed9107a2ba0255bf46fc217a
30030,2020,27.91986359761296,13.768115942028986,239,,0.0,,historico-relativo-1.0,0a9a6aefb1d5cafa7b9570a2888f6efb4af6f21eed9107a2ba0255bf46fc217a
30030,2021,43.009377664109124,35.507246376811594,179,15.089514066496164,15.089514066496164,-60.0,historico-relativo-1.0,0a9a6aefb1d5cafa7b9570a2888f6efb4af6f21eed9107a2ba0255bf46fc217a
30030,2022,49.12617220801364,49.81884057971015,139,6.116794543904518,21.206308610400683,-40.0,historico-relativo-1.0,0a9a6aefb1d5cafa7b9570a2888f6efb4af6f21eed9107a2ba0255bf46fc217a
30030,2023,46.270247229326515,42.028985507246375,161,-2.8559249786871277,18.350383631713555,22.0,historico-relativo-1.0,0a9a6aefb1d5cafa7b9570a2888f6efb4af6f21eed9107a2ba0255bf46fc217a
30035,2020,53.84697357203751,56.88405797101449,120,,0.0,,historico-relativo-1.0,0a9a6aefb1d5cafa7b9570a2888f6efb4af6f21eed9107a2ba0255bf46fc217a
30035,2021,70.53495311167944,85.14492753623189,42,16.68797953964193,16.68797953964193,-78.0,historico-relativo-1.0,0a9a6aefb1d5cafa7b9570a2888f6efb4af6f21eed9107a2ba0255bf46fc217a
30035,2022,56.31926683716965,60.869565217391305,109,-14.215686274509792,2.472293265132137,67.0,historico-relativo-1.0,0a9a6aefb1d5cafa7b9570a2888f6efb4af6f21eed9107a2ba0255bf46fc217a
30035,2023,68.91517476555839,82.97101449275362,48,12.59590792838874,15.068201193520878,-61.0,historico-relativo-1.0,0a9a6aefb1d5cafa7b9570a2888f6efb4af6f21eed9107a2ba0255bf46fc217a
30037,2020,46.930946291560105,38.768115942028984,170,,0.0,,historico-relativo-1.0,0a9a6aefb1d5cafa7b9570a2888f6efb4af6f21eed9107a2ba0255bf46fc217a
30037,2021,47.12276214833759,44.02173913043478,155,0.19181585677748814,0.19181585677748814,-15.0,historico-relativo-1.0,0a9a6aefb1d5cafa7b9570a2888f6efb4af6f21eed9107a2ba0255bf46fc217a
30037,2022,31.074168797953966,18.47826086956522,226,-16.048593350383626,-15.856777493606138,71.0,historico-relativo-1.0,0a9a6aefb1d5cafa7b9570a2888f6efb4af6f21eed9107a2ba0255bf46fc217a
30037,2023,53.591219096334186,54.710144927536234,126,22.51705029838022,6.660272804774081,-100.0,historico-relativo-1.0,0a9a6aefb1d5cafa7b9570a2888f6efb4af6f21eed9107a2ba0255bf46fc217a
30039,2020,26.928815004262574,12.681159420289855,242,,0.0,,historico-relativo-1.0,0a9a6aefb1d5cafa7b9570a2888f6efb4af6f21eed9107a2ba0255bf46fc217a
30039,2021,8.269394714407502,0.7246376811594203,275,-18.65942028985507,-18.65942028985507,33.0,historico-relativo-1.0,0a9a6aefb1d5cafa7b9570a2888f6efb4af6f21eed9107a2ba0255bf46fc217a
30039,2022,16.986359761295823,7.608695652173913,256,8.71696504688832,-9.942455242966751,-19.0,historico-relativo-1.0,0a9a6aefb1d5cafa7b9570a2888f6efb4af6f21eed9107a2ba0255bf46fc217a
30039,2023,9.420289855072465,1.8115942028985508,272,-7.566069906223358,-17.50852514919011,16.0,historico-relativo-1.0,0a9a6aefb1d5cafa7b9570a2888f6efb4af6f21eed9107a2ba0255bf46fc217a
30043,2020,17.561807331628305,3.9855072463768115,266,,0.0,,historico-relativo-1.0,0a9a6aefb1d5cafa7b9570a2888f6efb4af6f21eed9107a2ba0255bf46fc217a
30043,2021,23.04987212276215,7.608695652173913,256,5.488064791133844,5.488064791133844,-10.0,historico-relativo-1.0,0a9a6aefb1d5cafa7b9570a2888f6efb4af6f21eed9107a2ba0255bf46fc217a
30043,2022,13.533674339300939,4.7101449275362315,264,-9.51619778346121,-4.028132992327366,8.0,historico-relativo-1.0,0a9a6aefb1d5cafa7b9570a2888f6efb4af6f21eed9107a2ba0255bf46fc217a
30043,2023,17.050298380221655,5.072463768115942,263,3.516624040920716,-0.5115089514066504,-1.0,historico-relativo-1.0,0a9a6aefb1d5cafa7b9570a2888f6efb4af6f21eed9107a2ba0255bf46fc217a
31201,2020,59.26044330775788,68.84057971014492,87,,0.0,,historico-relativo-1.0,0a9a6aefb1d5cafa7b9570a2888f6efb4af6f21eed9107a2ba0255bf46fc217a
31201,2021,63.991901108269396,75.0,70,4.731457800511514,4.731457800511514,-17.0,historico-relativo-1.0,0a9a6aefb1d5cafa7b9570a2888f6efb4af6f21eed9107a2ba0255bf46fc217a
31201,2022,82.3529411764706,94.56521739130434,16,18.3610400682012,23.092497868712712,-54.0,historico-relativo-1.0,0a9a6aefb1d5cafa7b9570a2888f6efb4af6f21eed9107a2ba0255bf46fc217a
31201,2023,66.30434782608695,78.98550724637681,59,-16.04859335038364,7.043904518329072,43.0,historico-relativo-1.0,0a9a6aefb1d5cafa7b9570a2888f6efb4af6f21eed9107a2ba0255bf46fc217a
31232,2020,20.034100596760446,6.884057971014493,258,,0.0,,historico-relativo-1.0,0a9a6aefb1d5cafa7b9570a2888f6efb4af6f21eed9107a2ba0255bf46fc217a
31232,2021,29.66751918158568,17.028985507246375,230,9.633418584825233,9.633418584825233,-28.0,historico-relativo-1.0,0a9a6aefb1d5cafa7b9570a2888f6efb4af6f21eed9107a2ba0255bf46fc217a
31232,2022,41.32566069906224,32.2463768115942,188,11.658141517476562,21.291560102301794,-42.0,historico-relativo-1.0,0a9a6aefb1d5cafa7b9570a2888f6efb4af6f21eed9107a2ba0255bf46fc217a
31232,2023,36.828644501278774,26.44927536231884,204,-4.497016197783466,16.794543904518328,16.0,historico-relativo-1.0,0a9a6aefb1d5cafa7b9570a2888f6efb4af6f21eed9107a2ba0255bf46fc217a
32054,2020,41.410912190963344,29.71014492753623,195,,0.0,,historico-relativo-1.0,0a9a6aefb1d5cafa7b9570a2888f6efb4af6f21eed9107a2ba0255bf46fc217a
32054,2021,34.45225916453538,22.82608695652174,214,-6.958653026427967,-6.958653026427967,19.0,historico-relativo-1.0,0a9a6aefb1d5cafa7b9570a2888f6efb4af6f21eed9107a2ba0255bf46fc217a
32054,2022,46.73913043478261,44.20289855072464,155,12.286871270247232,5.328218243819265,-59.0,historico-relativo-1.0,0a9a6aefb1d5cafa7b9570a2888f6efb4af6f21eed9107a2ba0255bf46fc217a
32054,2023,39.94032395566923,30.07246376811594,194,-6.798806479113381,-1.470588235294116,39.0,historico-relativo-1.0,0a9a6aefb1d5cafa7b9570a2888f6efb4af6f21eed9107a2ba0255bf46fc217a
33004,2020,36.913895993179885,22.463768115942027,215,,0.0,,historico-relativo-1.0,0a9a6aefb1d5cafa7b9570a2888f6efb4af6f21eed9107a2ba0255bf46fc217a
33004,2021,41.24040920716112,34.42028985507246,182,4.326513213981237,4.326513213981237,-33.0,historico-relativo-1.0,0a9a6aefb1d5cafa7b9570a2888f6efb4af6f21eed9107a2ba0255bf46fc217a
33004,2022,26.38533674339301,14.130434782608695,238,-14.85507246376811,-10.528559249786873,56.0,historico-relativo-1.0,0a9a6aefb1d5cafa7b9570a2888f6efb4af6f21eed9107a2ba0255bf46fc217a
33004,2023,34.65473145780051,20.28985507246377,221,8.269394714407497,-2.2591645353793766,-17.0,historico-relativo-1.0,0a9a6aefb1d5cafa7b9570a2888f6efb4af6f21eed9107a2ba0255bf46fc217a
33024,2020,61.45566922421143,73.18840579710145,75,,0.0,,historico-relativo-1.0,0a9a6aefb1d5cafa7b9570a2888f6efb4af6f21eed9107a2ba0255bf46fc217a
33024,2021,51.747655583972715,51.44927536231884,135,-9.708013640238711,-9.708013640238711,60.0,historico-relativo-1.0,0a9a6aefb1d5cafa7b9570a2888f6efb4af6f21eed9107a2ba0255bf46fc217a
33024,2022,63.45907928388747,73.18840579710145,75,11.711423699914754,2.0034100596760425,-60.0,historico-relativo-1.0,0a9a6aefb1d5cafa7b9570a2888f6efb4af6f21eed9107a2ba0255bf46fc217a
33024,2023,61.029411764705884,72.10144927536231,78,-2.429667519181585,-0.4262574595055426,3.0,historico-relativo-1.0,0a9a6aefb1d5cafa7b9570a2888f6efb4af6f21eed9107a2ba0255bf46fc217a
33031,2020,13.064791133844844,1.8115942028985508,272,,0.0,,historico-relativo-1.0,0a9a6aefb1d5cafa7b9570a2888f6efb4af6f21eed9107a2ba0255bf46fc217a
33031,2021,24.445865302642797,9.420289855072463,251,11.381074168797953,11.381074168797953,-21.0,historico-relativo-1.0,0a9a6aefb1d5cafa7b9570a2888f6efb4af6f21eed9107a2ba0255bf46fc217a
33031,2022,13.554987212276215,5.072463768115942,263,-10.890878090366582,0.4901960784313708,12.0,historico-relativo-1.0,0a9a6aefb1d5cafa7b9570a2888f6efb4af6f21eed9107a2ba0255bf46fc217a
33031,2023,13.064791133844842,2.898550724637681,269,-0.4901960784313726,-1.7763568394002505e-15,6.0,historico-relativo-1.0,0a9a6aefb1d5cafa7b9570a2888f6efb4af6f21eed9107a2ba0255bf46fc217a
33037,2020,6.564364876385337,0.0,277,,0.0,,historico-relativo-1.0,0a9a6aefb1d5cafa7b9570a2888f6efb4af6f21eed9107a2ba0255bf46fc217a
33037,2021,23.40153452685422,7.971014492753623,255,16.837169650468883,16.837169650468883,-22.0,historico-relativo-1.0,0a9a6aefb1d5cafa7b9570a2888f6efb4af6f21eed9107a2ba0255bf46fc217a
33037,2022,9.558823529411764,2.898550724637681,269,-13.842710997442456,2.9944586530264274,14.0,historico-relativo-1.0,0a9a6aefb1d5cafa7b9570a2888f6efb4af6f21eed9107a2ba0255bf46fc217a
33037,2023,18.17988064791134,6.521739130434782,259,8.621057118499575,11.615515771526002,-10.0,historico-relativo-1.0,0a9a6aefb1d5cafa7b9570a2888f6efb4af6f21eed9107a2ba0255bf46fc217a
33044,2020,40.53708439897698,28.6231884057971,198,,0.0,,historico-relativo-1.0,0a9a6aefb1d5cafa7b9570a2888f6efb4af6f21eed9107a2ba0255bf46fc217a
33044,2021,53.069053708439895,54.34782608695652,127,12.531969309462916,12.531969309462916,-71.0,historico-relativo-1.0,0a9a6aefb1d5cafa7b9570a2888f6efb4af6f21eed9107a2ba0255bf46fc217a
33044,2022,38.171355498721226,25.72463768115942,206,-14.89769820971867,-2.3657289002557533,79.0,historico-relativo-1.0,0a9a6aefb1d5cafa7b9570a2888f6efb4af6f21eed9107a2ba0255bf46fc217a
33044,2023,58.71696504688832,63.405797101449274,102,20.545609548167093,18.17988064791134,-104.0,historico-relativo-1.0,0a9a6aefb1d5cafa7b9570a2888f6efb4af6f21eed9107a2ba0255bf46fc217a
33066,2020,16.528132992327365,3.6231884057971016,267,,0.0,,historico-relativo-1.0,0a9a6aefb1d5cafa7b9570a2888f6efb4af6f21eed9107a2ba0255bf46fc217a
33066,2021,43.23316283034953,35.869565217391305,178,26.705029838022163,26.705029838022163,-89.0,historico-relativo-1.0,0a9a6aefb1d5cafa7b9570a2888f6efb4af6f21eed9107a2ba0255bf46fc217a
33066,2022,20.566922421142372,9.420289855072463,251,-22.666240409207155,4.038789428815008,73.0,historico-relativo-1.0,0a9a6aefb1d5cafa7b9570a2888f6efb4af6f21eed9107a2ba0255bf46fc217a
33066,2023,47.229326513213984,44.20289855072464,155,26.66240409207161,30.70119352088662,-96.0,historico-relativo-1.0,0a9a6aefb1d5cafa7b9570a2888f6efb4af6f21eed9107a2ba0255bf46fc217a
34120,2020,18.009377664109124,5.434782608695652,262,,0.0,,historico-relativo-1.0,0a9a6aefb1d5cafa7b9570a2888f6efb4af6f21eed9107a2ba0255bf46fc217a
34120,2021,29.19863597612958,14.855072463768115,236,11.189258312020456,11.189258312020456,-26.0,historico-relativo-1.0,0a9a6aefb1d5cafa7b9570a2888f6efb4af6f21eed9107a2ba0255bf46fc217a
34120,2022,24.829497016197784,12.681159420289855,242,-4.369138959931796,6.8201193520886605,6.0,historico-relativo-1.0,0a9a6aefb1d5cafa7b9570a2888f6efb4af6f21eed9107a2ba0255bf46fc217a
34120,2023,19.352088661551576,8.695652173913043,253,-5.477408354646208,1.3427109974424525,11.0,historico-relativo-1.0,0a9a6aefb1d5cafa7b9570a2888f6efb4af6f21eed9107a2ba0255bf46fc217a
35002,2020,48.9769820971867,46.73913043478261,148,,0.0,,historico-relativo-1.0,0a9a6aefb1d5cafa7b9570a2888f6efb4af6f21eed9107a2ba0255bf46fc217a
35002,2021,49.55242966751918,48.369565217391305,143,0.5754475703324786,0.5754475703324786,-5.0,historico-relativo-1.0,0a9a6aefb1d5cafa7b9570a2888f6efb4af6f21eed9107a2ba0255bf46fc217a
35002,2022,41.71994884910486,33.69565217391305,184,-7.832480818414318,-7.257033248081839,41.0,historico-relativo-1.0,0a9a6aefb1d5cafa7b9570a2888f6efb4af6f21eed9107a2ba0255bf46fc217a
35002,2023,49.989343563512364,48.18840579710145,144,8.269394714407504,1.0123614663256646,-40.0,historico-relativo-1.0,0a9a6aefb1d5cafa7b9570a2888f6efb4af6f21eed9107a2ba0255bf46fc217a
35004,2020,54.006820119352085,57.608695652173914,118,,0.0,,historico-relativo-1.0,0a9a6aefb1d5cafa7b9570a2888f6efb4af6f21eed9107a2ba0255bf46fc217a
35004,2021,56.11679454390452,60.869565217391305,109,2.1099744245524334,2.1099744245524334,-9.0,historico-relativo-1.0,0a9a6aefb1d5cafa7b9570a2888f6efb4af6f21eed9107a2ba0255bf46fc217a
35004,2022,48.50809889173061,47.46376811594203,146,-7.608695652173907,-5.498721227621473,37.0,historico-relativo-1.0,0a9a6aefb1d5cafa7b9570a2888f6efb4af6f21eed9107a2ba0255bf46fc217a
35004,2023,51.71568627450981,52.17391304347826,133,3.207587382779195,-2.2911338448422782,-13.0,historico-relativo-1.0,0a9a6aefb1d5cafa7b9570a2888f6efb4af6f21eed9107a2ba0255bf46fc217a
35006,2020,48.209718670076725,42.7536231884058,159,,0.0,,historico-relativo-1.0,0a9a6aefb1d5cafa7b9570a2888f6efb4af6f21eed9107a2ba0255bf46fc217a
35006,2021,47.08013640238704,43.47826086956522,157,-1.1295822676896847,-1.1295822676896847,-2.0,historico-relativo-1.0,0a9a6aefb1d5cafa7b9570a2888f6efb4af6f21eed9107a2ba0255bf46fc217a
35006,2022,39.9616368286445,30.07246376811594,194,-7.11849957374254,-8.248081841432224,37.0,historico-relativo-1.0,0a9a6aefb1d5cafa7b9570a2888f6efb4af6f21eed9107a2ba0255bf46fc217a
35006,2023,45.055413469735726,40.94202898550725,164,5.093776641091225,-3.1543052003409997,-30.0,historico-relativo-1.0,0a9a6aefb1d5cafa7b9570a2888f6efb4af6f21eed9107a2ba0255bf46fc217a
35011,2020,43.23316283034953,33.333333333333336,185,,0.0,,historico-relativo-1.0,0a9a6aefb1d5cafa7b9570a2888f6efb4af6f21eed9107a2ba0255bf46fc217a
35011,2021,32.2996589940324,19.92753623188406,222,-10.93350383631713,-10.93350383631713,37.0,historico-relativo-1.0,0a9a6aefb1d5cafa7b9570a2888f6efb4af6f21eed9107a2ba0255bf46fc217a
35011,2022,46.41943734015345,42.7536231884058,159,14.119778346121052,3.1862745098039227,-63.0,historico-relativo-1.0,0a9a6aefb1d5cafa7b9570a2888f6efb4af6f21eed9107a2ba0255bf46fc217a
35011,2023,35.33674339300938,21.920289855072465,216,-11.082693947144072,-7.89641943734015,57.0,historico-relativo-1.0,0a9a6aefb1d5cafa7b9570a2888f6efb4af6f21eed9107a2ba0255bf46fc217a
35016,2020,58.5464620630861,66.66666666666667,93,,0.0,,historico-relativo-1.0,0a9a6aefb1d5cafa7b9570a2888f6efb4af6f21eed9107a2ba0255bf46fc217a
35016,2021,66.75191815856778,79.8913043478261,56,8.205456095481672,8.205456095481672,-37.0,historico-relativo-1.0,0a9a6aefb1d5cafa7b9570a2888f6efb4af6f21eed9107a2ba0255bf46fc217a
35016,2022,60.10230179028133,68.47826086956522,88,-6.649616368286445,1.5558397271952273,32.0,historico-relativo-1.0,0a9a6aefb1d5cafa7b9570a2888f6efb4af6f21eed9107a2ba0255bf46fc217a
35016,2023,60.6457800511509,69.92753623188406,84,0.5434782608695699,2.099317988064797,-4.0,historico-relativo-1.0,0a9a6aefb1d5cafa7b9570a2888f6efb4af6f21eed9107a2ba0255bf46fc217a
35017,2020,49.286018755328215,47.82608695652174,145,,0.0,,historico-relativo-1.0,0a9a6aefb1d5cafa7b9570a2888f6efb4af6f21eed9107a2ba0255bf46fc217a
35017,2021,29.433077578857635,16.304347826086957,232,-19.85294117647058,-19.85294117647058,87.0,historico-relativo-1.0,0a9a6aefb1d5cafa7b9570a2888f6efb4af6f21eed9107a2ba0255bf46fc217a
35017,2022,43.989769820971865,38.04347826086956,172,14.55669224211423,-5.296248934356349,-60.0,historico-relativo-1.0,0a9a6aefb1d5cafa7b9570a2888f6efb4af6f21eed9107a2ba0255bf46fc217a
35017,2023,52.973145780051155,53.98550724637681,128,8.98337595907929,3.6871270247229404,-44.0,historico-relativo-1.0,0a9a6aefb1d5cafa7b9570a2888f6efb4af6f21eed9107a2ba0255bf46fc217a
35019,2020,80.13640238704178,95.28985507246377,14,,0.0,,historico-relativo-1.0,0a9a6aefb1d5cafa7b9570a2888f6efb4af6f21eed9107a2ba0255bf46fc217a
35019,2021,86.11466325660699,98.55072463768116,5,5.978260869565204,5.978260869565204,-9.0,historico-relativo-1.0,0a9a6aefb1d5cafa7b9570a2888f6efb4af6f21eed9107a2ba0255bf46fc217a
35019,2022,94.90622335890879,99.27536231884058,3,8.791560102301801,14.769820971867006,-2.0,historico-relativo-1.0,0a9a6aefb1d5cafa7b9570a2888f6efb4af6f21eed9107a2ba0255bf46fc217a
35019,2023,70.51364023870418,84.05797101449275,45,-24.392583120204606,-9.6227621483376,42.0,historico-relativo-1.0,0a9a6aefb1d5cafa7b9570a2888f6efb4af6f21eed9107a2ba0255bf46fc217a
35022,2020,58.39727195225917,66.30434782608695,94,,0.0,,historico-relativo-1.0,0a9a6aefb1d5cafa7b9570a2888f6efb4af6f21eed9107a2ba0255bf46fc217a
35022,2021,45.40707587382779,40.39855072463768,165,-12.990196078431374,-12.990196078431374,71.0,historico-relativo-1.0,0a9a6aefb1d5cafa7b9570a2888f6efb4af6f21eed9107a2ba0255bf46fc217a
35022,2022,45.37510656436488,41.30434782608695,163,-0.031969309462915874,-13.02216538789429,-2.0,historico-relativo-1.0,0a9a6aefb1d5cafa7b9570a2888f6efb4af6f21eed9107a2ba0255bf46fc217a
35022,2023,42.12489343563512,35.869565217391305,178,-3.2502131287297544,-16.272378516624045,15.0,historico-relativo-1.0,0a9a6aefb1d5cafa7b9570a2888f6efb4af6f21eed9107a2ba0255bf46fc217a
35026,2020,64.88704177323103,80.79710144927536,54,,0.0,,historico-relativo-1.0,0a9a6aefb1d5cafa7b9570a2888f6efb4af6f21eed9107a2ba0255bf46fc217a
35026,2021,62.28687127024723,71.01449275362319,81,-2.6001705029838007,-2.6001705029838007,27.0,historico-relativo-1.0,0a9a6aefb1d5cafa7b9570a2888f6efb4af6f21eed9107a2ba0255bf46fc217a
35026,2022,49.96803069053709,50.72463768115942,137,-12.318840579710141,-14.919011082693942,56.0,historico-relativo-1.0,0a9a6aefb1d5cafa7b9570a2888f6efb4af6f21eed9107a2ba0255bf46fc217a
35026,2023,54.2306052855925,56.88405797101449,120,4.262574595055412,-10.65643648763853,-17.0,historico-relativo-1.0,0a9a6aefb1d5cafa7b9570a2888f6efb4af6f21eed9107a2ba0255bf46fc217a
36026,2020,25.980392156862745,10.869565217391305,247,,0.0,,historico-relativo-1.0,0a9a6aefb1d5cafa7b9570a2888f6efb4af6f21eed9107a2ba0255bf46fc217a
36026,2021,37.670502983802216,27.89855072463768,200,11.69011082693947,11.69011082693947,-47.0,historico-relativo-1.0,0a9a6aefb1d5cafa7b9570a2888f6efb4af6f21eed9107a2ba0255bf46fc217a
36026,2022,28.047740835464623,15.579710144927537,234,-9.622762148337593,2.0673486786018778,34.0,historico-relativo-1.0,0a9a6aefb1d5cafa7b9570a2888f6efb4af6f21eed9107a2ba0255bf46fc217a
36026,2023,47.64492753623189,45.471014492753625,151,19.597186700767267,21.664535379369145,-83.0,historico-relativo-1.0,0a9a6aefb1d5cafa7b9570a2888f6efb4af6f21eed9107a2ba0255bf46fc217a
36038,2020,40.32395566922421,28.26086956521739,199,,0.0,,historico-relativo-1.0,0a9a6aefb1d5cafa7b9570a2888f6efb4af6f21eed9107a2ba0255bf46fc217a
36038,2021,55.22165387894288,58.333333333333336,116,14.89769820971867,14.89769820971867,-83.0,historico-relativo-1.0,0a9a6aefb1d5cafa7b9570a2888f6efb4af6f21eed9107a2ba0255bf46fc217a
36038,2022,65.7075873827792,77.17391304347827,64,10.485933503836314,25.383631713554983,-52.0,historico-relativo-1.0,0a9a6aefb1d5cafa7b9570a2888f6efb4af6f21eed9107a2ba0255bf46fc217a
36038,2023,59.953111679454395,67.02898550724638,92,-5.7544757033248,19.629156010230183,28.0,historico-relativo-1.0,0a9a6aefb1d5cafa7b9570a2888f6efb4af6f21eed9107a2ba0255bf46fc217a
36045,2020,49.31798806479114,48.18840579710145,144,,0.0,,historico-relativo-1.0,0a9a6aefb1d5cafa7b9570a2888f6efb4af6f21eed9107a2ba0255bf46fc217a
36045,2021,32.88576300085251,20.28985507246377,221,-16.432225063938624,-16.432225063938624,77.0,historico-relativo-1.0,0a9a6aefb1d5cafa7b9570a2888f6efb4af6f21eed9107a2ba0255bf46fc217a
36045,2022,30.647911338448424,17.753623188405797,228,-2.23785166240409,-18.670076726342714,7.0,historico-relativo-1.0,0a9a6aefb1d5cafa7b9570a2888f6efb4af6f21eed9107a2ba0255bf46fc217a
36045,2023,50.03196930946291,48.55072463768116,143,19.384057971014485,0.7139812446717713,-85.0,historico-relativo-1.0,0a9a6aefb1d5cafa7b9570a2888f6efb4af6f21eed9107a2ba0255bf46fc217a
36057,2020,57.78985507246377,64.85507246376811,98,,0.0,,historico-relativo-1.0,0a9a6aefb1d5cafa7b9570a2888f6efb4af6f21eed9107a2ba0255bf46fc217a
36057,2021,52.38704177323103,51.81159420289855,134,-5.40281329923274,-5.40281329923274,36.0,historico-relativo-1.0,0a9a6aefb1d5cafa7b9570a2888f6efb4af6f21eed9107a2ba0255bf46fc217a
36057,2022,64.08780903665814,74.6376811594203,71,11.70076726342711,6.29795396419437,-63.0,historico-relativo-1.0,0a9a6aefb1d5cafa7b9570a2888f6efb4af6f21eed9107a2ba0255bf46fc217a
36057,2023,63.597612958226776,74.45652173913044,71,-0.49019607843136725,5.807757885763003,0.0,historico-relativo-1.0,0a9a6aefb1d5cafa7b9570a2888f6efb4af6f21eed9107a2ba0255bf46fc217a
36060,2020,47.112105711849956,40.21739130434783,166,,0.0,,historico-relativo-1.0,0a9a6aefb1d5cafa7b9570a2888f6efb4af6f21eed9107a2ba0255bf46fc217a
36060,2021,41.1231884057971,33.69565217391305,184,-5.988917306052855,-5.988917306052855,18.0,historico-relativo-1.0,0a9a6aefb1d5cafa7b9570a2888f6efb4af6f21eed9107a2ba0255bf46fc217a
36060,2022,44.45865302642797,39.85507246376812,167,3.335464620630866,-2.653452685421989,-17.0,historico-relativo-1.0,0a9a6aefb1d5cafa7b9570a2888f6efb4af6f21eed9107a2ba0255bf46fc217a
36060,2023,59.047314578005114,64.1304347826087,100,14.588661551577147,11.935208866155158,-67.0,historico-relativo-1.0,0a9a6aefb1d5cafa7b9570a2888f6efb4af6f21eed9107a2ba0255bf46fc217a
37274,2020,57.28900255754476,62.68115942028985,104,,0.0,,historico-relativo-1.0,0a9a6aefb1d5cafa7b9570a2888f6efb4af6f21eed9107a2ba0255bf46fc217a
37274,2021,48.10315430520034,45.289855072463766,152,-9.185848252344421,-9.185848252344421,48.0,historico-relativo-1.0,0a9a6aefb1d5cafa7b9570a2888f6efb4af6f21eed9107a2ba0255bf46fc217a
37274,2022,71.24893435635124,82.97101449275362,48,23.1457800511509,13.95993179880648,-104.0,historico-relativo-1.0,0a9a6aefb1d5cafa7b9570a2888f6efb4af6f21eed9107a2ba0255bf46fc217a
37274,2023,52.62148337595909,53.26086956521739,130,-18.627450980392155,-4.667519181585675,82.0,historico-relativo-1.0,0a9a6aefb1d5cafa7b9570a2888f6efb4af6f21eed9107a2ba0255bf46fc217a
38001,2020,83.71696504688832,98.18840579710145,6,,0.0,,historico-relativo-1.0,0a9a6aefb1d5cafa7b9570a2888f6efb4af6f21eed9107a2ba0255bf46fc217a
38001,2021,65.23870417732311,77.53623188405797,63,-18.478260869565204,-18.478260869565204,57.0,historico-relativo-1.0,0a9a6aefb1d5cafa7b9570a2888f6efb4af6f21eed9107a2ba0255bf46fc217a
38001,2022,81.61764705882354,93.84057971014492,18,16.37894288150042,-2.099317988064783,-45.0,historico-relativo-1.0,0a9a6aefb1d5cafa7b9570a2888f6efb4af6f21eed9107a2ba0255bf46fc217a
38001,2023,84.52685421994886,96.3768115942029,11,2.909207161125323,0.8098891730605402,-7.0,historico-relativo-1.0,0a9a6aefb1d5cafa7b9570a2888f6efb4af6f21eed9107a2ba0255bf46fc217a
38006,2020,80.05115089514067,94.92753623188406,15,,0.0,,historico-relativo-1.0,0a9a6aefb1d5cafa7b9570a2888f6efb4af6f21eed9107a2ba0255bf46fc217a
38006,2021,61.29582267689685,69.56521739130434,85,-18.755328218243818,-18.755328218243818,70.0,historico-relativo-1.0,0a9a6aefb1d5cafa7b9570a2888f6efb4af6f21eed9107a2ba0255bf46fc217a
38006,2022,78.19693094629156,89.85507246376811,29,16.90110826939471,-1.8542199488491065,-56.0,historico-relativo-1.0,0a9a6aefb1d5cafa7b9570a2888f6efb4af6f21eed9107a2ba0255bf46fc217a
38006,2023,71.06777493606138,84.78260869565217,43,-7.129156010230176,-8.983375959079282,14.0,historico-relativo-1.0,0a9a6aefb1d5cafa7b9570a2888f6efb4af6f21eed9107a2ba0255bf46fc217a
38017,2020,61.18925831202047,72.82608695652173,76,,0.0,,historico-relativo-1.0,0a9a6aefb1d5cafa7b9570a2888f6efb4af6f21eed9107a2ba0255bf46fc217a
38017,2021,71.92028985507247,86.23188405797102,39,10.731031543051998,10.731031543051998,-37.0,historico-relativo-1.0,0a9a6aefb1d5cafa7b9570a2888f6efb4af6f21eed9107a2ba0255bf46fc217a
38017,2022,66.36828644501279,77.89855072463769,62,-5.552003410059683,5.179028132992315,23.0,historico-relativo-1.0,0a9a6aefb1d5cafa7b9570a2888f6efb4af6f21eed9107a2ba0255bf46fc217a
38017,2023,66.85848252344417,79.71014492753623,57,0.49019607843138147,5.669224211423696,-5.0,historico-relativo-1.0,0a9a6aefb1d5cafa7b9570a2888f6efb4af6f21eed9107a2ba0255bf46fc217a
38023,2020,63.87468030690537,78.44202898550725,60,,0.0,,historico-relativo-1.0,0a9a6aefb1d5cafa7b9570a2888f6efb4af6f21eed9107a2ba0255bf46fc217a
38023,2021,53.15430520034101,55.072463768115945,125,-10.720375106564362,-10.720375106564362,65.0,historico-relativo-1.0,0a9a6aefb1d5cafa7b9570a2888f6efb4af6f21eed9107a2ba0255bf46fc217a
38023,2022,45.24722932651322,40.94202898550725,164,-7.907075873827786,-18.627450980392148,39.0,historico-relativo-1.0,0a9a6aefb1d5cafa7b9570a2888f6efb4af6f21eed9107a2ba0255bf46fc217a
38023,2023,63.59761295822677,74.45652173913044,71,18.350383631713548,-0.2770673486785995,-93.0,historico-relativo-1.0,0a9a6aefb1d5cafa7b9570a2888f6efb4af6f21eed9107a2ba0255bf46fc217a
38026,2020,47.02685421994885,39.67391304347826,167,,0.0,,historico-relativo-1.0,0a9a6aefb1d5cafa7b9570a2888f6efb4af6f21eed9107a2ba0255bf46fc217a
38026,2021,38.60826939471441,30.07246376811594,194,-8.41858482523444,-8.41858482523444,27.0,historico-relativo-1.0,0a9a6aefb1d5cafa7b9570a2888f6efb4af6f21eed9107a2ba0255bf46fc217a
38026,2022,56.39386189258312,61.231884057971016,108,17.785592497868706,9.367007672634266,-86.0,historico-relativo-1.0,0a9a6aefb1d5cafa7b9570a2888f6efb4af6f21eed9107a2ba0255bf46fc217a
38026,2023,41.19778346121057,33.15217391304348,185,-15.196078431372548,-5.829070758738283,77.0,historico-relativo-1.0,0a9a6aefb1d5cafa7b9570a2888f6efb4af6f21eed9107a2ba0255bf46fc217a
38028,2020,91.81585677749362,100.0,1,,0.0,,historico-relativo-1.0,0a9a6aefb1d5cafa7b9570a2888f6efb4af6f21eed9107a2ba0255bf46fc217a
38028,2021,78.13299232736574,93.1159420289855,20,-13.68286445012788,-13.68286445012788,19.0,historico-relativo-1.0,0a9a6aefb1d5cafa7b9570a2888f6efb4af6f21eed9107a2ba0255bf46fc217a
38028,2022,71.78175618073317,84.78260869565217,43,-6.351236146632573,-20.034100596760453,23.0,historico-relativo-1.0,0a9a6aefb1d5cafa7b9570a2888f6efb4af6f21eed9107a2ba0255bf46fc217a
38028,2023,93.69138959931799,100.0,1,21.909633418584818,1.8755328218243648,-42.0,historico-relativo-1.0,0a9a6aefb1d5cafa7b9570a2888f6efb4af6f21eed9107a2ba0255bf46fc217a
38031,2020,62.51065643648764,75.0,70,,0.0,,historico-relativo-1.0,0a9a6aefb1d5cafa7b9570a2888f6efb4af6f21eed9107a2ba0255bf46fc217a
38031,2021,50.330349531116795,50.0,139,-12.180306905370848,-12.180306905370848,69.0,historico-relativo-1.0,0a9a6aefb1d5cafa7b9570a2888f6efb4af6f21eed9107a2ba0255bf46fc217a
38031,2022,54.816709292412625,59.78260869565217,112,4.48635976129583,-7.693947144075018,-27.0,historico-relativo-1.0,0a9a6aefb1d5cafa7b9570a2888f6efb4af6f21eed9107a2ba0255bf46fc217a
38031,2023,54.273231031543055,57.2463768115942,119,-0.5434782608695699,-8.237425404944588,7.0,historico-relativo-1.0,0a9a6aefb1d5cafa7b9570a2888f6efb4af6f21eed9107a2ba0255bf46fc217a
38038,2020,44.54390451832907,35.14492753623188,180,,0.0,,historico-relativo-1.0,0a9a6aefb1d5cafa7b9570a2888f6efb4af6f21eed9107a2ba0255bf46fc217a
38038,2021,55.31756180733163,58.69565217391305,115,10.773657289002557,10.773657289002557,-65.0,historico-relativo-1.0,0a9a6aefb1d5cafa7b9570a2888f6efb4af6f21eed9107a2ba0255bf46fc217a
38038,2022,53.96419437340154,59.05797101449275,114,-1.3533674339300887,9.420289855072468,-1.0,historico-relativo-1.0,0a9a6aefb1d5cafa7b9570a2888f6efb4af6f21eed9107a2ba0255bf46fc217a
38038,2023,47.52770673486786,44.927536231884055,153,-6.436487638533677,2.983802216538791,39.0,historico-relativo-1.0,0a9a6aefb1d5cafa7b9570a2888f6efb4af6f21eed9107a2ba0255bf46fc217a
39016,2020,35.76300085251492,21.014492753623188,219,,0.0,,historico-relativo-1.0,0a9a6aefb1d5cafa7b9570a2888f6efb4af6f21eed9107a2ba0255bf46fc217a
39016,2021,37.21227621483376,26.81159420289855,203,1.4492753623188364,1.4492753623188364,-16.0,historico-relativo-1.0,0a9a6aefb1d5cafa7b9570a2888f6efb4af6f21eed9107a2ba0255bf46fc217a
39016,2022,48.72122762148338,48.55072463768116,143,11.508951406649622,12.958226768968458,-60.0,historico-relativo-1.0,0a9a6aefb1d5cafa7b9570a2888f6efb4af6f21eed9107a2ba0255bf46fc217a
39016,2023,28.0690537084399,14.855072463768115,236,-20.65217391304348,-7.693947144075022,93.0,historico-relativo-1.0,0a9a6aefb1d5cafa7b9570a2888f6efb4af6f21eed9107a2ba0255bf46fc217a
39020,2020,73.15643648763854,89.85507246376811,29,,0.0,,historico-relativo-1.0,0a9a6aefb1d5cafa7b9570a2888f6efb4af6f21eed9107a2ba0255bf46fc217a
39020,2021,68.70204603580564,82.6086956521739,49,-4.454390451832907,-4.454390451832907,20.0,historico-relativo-1.0,0a9a6aefb1d5cafa7b9570a2888f6efb4af6f21eed9107a2ba0255bf46fc217a
39020,2022,71.58994032395567,84.05797101449275,45,2.8878942881500365,-1.5664961636828707,-4.0,historico-relativo-1.0,0a9a6aefb1d5cafa7b9570a2888f6efb4af6f21eed9107a2ba0255bf46fc217a
39020,2023,53.175618073316286,54.34782608695652,127,-18.414322250639387,-19.980818414322258,82.0,historico-relativo-1.0,0a9a6aefb1d5cafa7b9570a2888f6efb4af6f21eed9107a2ba0255bf46fc217a
39075,2020,48.486786018755325,44.56521739130435,154,,0.0,,historico-relativo-1.0,0a9a6aefb1d5cafa7b9570a2888f6efb4af6f21eed9107a2ba0255bf46fc217a
39075,2021,63.68286445012788,74.27536231884058,72,15.196078431372555,15.196078431372555,-82.0,historico-relativo-1.0,0a9a6aefb1d5cafa7b9570a2888f6efb4af6f21eed9107a2ba0255bf46fc217a
39075,2022,57.5234441602728,64.1304347826087,100,-6.159420289855078,9.036658141517478,28.0,historico-relativo-1.0,0a9a6aefb1d5cafa7b9570a2888f6efb4af6f21eed9107a2ba0255bf46fc217a
39075,2023,74.65899403239557,89.1304347826087,31,17.135549872122766,26.172208013640244,-69.0,historico-relativo-1.0,0a9a6aefb1d5cafa7b9570a2888f6efb4af6f21eed9107a2ba0255bf46fc217a
39087,2020,32.86445012787724,17.753623188405797,228,,0.0,,historico-relativo-1.0,0a9a6aefb1d5cafa7b9570a2888f6efb4af6f21eed9107a2ba0255bf46fc217a
39087,2021,34.31372549019608,22.463768115942027,215,1.4492753623188364,1.4492753623188364,-13.0,historico-relativo-1.0,0a9a6aefb1d5cafa7b9570a2888f6efb4af6f21eed9107a2ba0255bf46fc217a
39087,2022,27.099317988064794,15.217391304347826,235,-7.214407502131284,-5.765132139812447,20.0,historico-relativo-1.0,0a9a6aefb1d5cafa7b9570a2888f6efb4af6f21eed9107a2ba0255bf46fc217a
39087,2023,38.736146632566076,28.6231884057971,198,11.636828644501282,5.871696504688835,-37.0,historico-relativo-1.0,0a9a6aefb1d5cafa7b9570a2888f6efb4af6f21eed9107a2ba0255bf46fc217a
40194,2020,47.01619778346121,39.130434782608695,169,,0.0,,historico-relativo-1.0,0a9a6aefb1d5cafa7b9570a2888f6efb4af6f21eed9107a2ba0255bf46fc217a
40194,2021,41.08056265984655,33.333333333333336,185,-5.935635123614659,-5.935635123614659,16.0,historico-relativo-1.0,0a9a6aefb1d5cafa7b9570a2888f6efb4af6f21eed9107a2ba0255bf46fc217a
40194,2022,57.07587382779199,62.31884057971015,105,15.995311167945438,10.059676044330779,-80.0,historico-relativo-1.0,0a9a6aefb1d5cafa7b9570a2888f6efb4af6f21eed9107a2ba0255bf46fc217a
40194,2023,51.0230179028133,51.44927536231884,135,-6.052855924978687,4.006820119352092,30.0,historico-relativo-1.0,0a9a6aefb1d5cafa7b9570a2888f6efb4af6f21eed9107a2ba0255bf46fc217a
41004,2020,51.790281329923275,55.072463768115945,125,,0.0,,historico-relativo-1.0,0a9a6aefb1d5cafa7b9570a2888f6efb4af6f21eed9107a2ba0255bf46fc217a
41004,2021,33.50383631713555,21.3768115942029,218,-18.286445012787723,-18.286445012787723,93.0,historico-relativo-1.0,0a9a6aefb1d5cafa7b9570a2888f6efb4af6f21eed9107a2ba0255bf46fc217a
41004,2022,48.33759590792839,46.73913043478261,148,14.833759590792837,-3.452685421994886,-70.0,historico-relativo-1.0,0a9a6aefb1d5cafa7b9570a2888f6efb4af6f21eed9107a2ba0255bf46fc217a
41004,2023,42.52983802216539,36.594202898550726,176,-5.807757885762996,-9.260443307757882,28.0,historico-relativo-1.0,0a9a6aefb1d5cafa7b9570a2888f6efb4af6f21eed9107a2ba0255bf46fc217a
41021,2020,61.828644501278774,74.27536231884058,72,,0.0,,historico-relativo-1.0,0a9a6aefb1d5cafa7b9570a2888f6efb4af6f21eed9107a2ba0255bf46fc217a
41021,2021,68.89386189258312,82.97101449275362,48,7.065217391304344,7.065217391304344,-24.0,historico-relativo-1.0,0a9a6aefb1d5cafa7b9570a2888f6efb4af6f21eed9107a2ba0255bf46fc217a
41021,2022,54.092071611253196,59.42028985507246,113,-14.801790281329922,-7.7365728900255775,65.0,historico-relativo-1.0,0a9a6aefb1d5cafa7b9570a2888f6efb4af6f21eed9107a2ba0255bf46fc217a
41021,2023,70.60954816709292,84.42028985507247,44,16.51747655583973,8.78090366581415,-69.0,historico-relativo-1.0,0a9a6aefb1d5cafa7b9570a2888f6efb4af6f21eed9107a2ba0255bf46fc217a
41024,2020,57.52344416027281,63.768115942028984,101,,0.0,,historico-relativo-1.0,0a9a6aefb1d5cafa7b9570a2888f6efb4af6f21eed9107a2ba0255bf46fc217a
41024,2021,40.06820119352089,30.797101449275363,192,-17.455242966751918,-17.455242966751918,91.0,historico-relativo-1.0,0a9a6aefb1d5cafa7b9570a2888f6efb4af6f21eed9107a2ba0255bf46fc217a
41024,2022,37.70247229326513,25.0,208,-2.3657289002557604,-19.820971867007678,16.0,historico-relativo-1.0,0a9a6aefb1d5cafa7b9570a2888f6efb4af6f21eed9107a2ba0255bf46fc217a
41024,2023,33.43989769820972,18.47826086956522,226,-4.262574595055412,-24.08354646206309,18.0,historico-relativo-1.0,0a9a6aefb1d5cafa7b9570a2888f6efb4af6f21eed9107a2ba0255bf46fc217a
41034,2020,38.40579710144928,25.72463768115942,206,,0.0,,historico-relativo-1.0,0a9a6aefb1d5cafa7b9570a2888f6efb4af6f21eed9107a2ba0255bf46fc217a
41034,2021,32.2463768115942,19.565217391304348,223,-6.159420289855078,-6.159420289855078,17.0,historico-relativo-1.0,0a9a6aefb1d5cafa7b9570a2888f6efb4af6f21eed9107a2ba0255bf46fc217a
41034,2022,49.47783461210572,50.36231884057971,138,17.231457800511514,11.072037510656436,-85.0,historico-relativo-1.0,0a9a6aefb1d5cafa7b9570a2888f6efb4af6f21eed9107a2ba0255bf46fc217a
41034,2023,31.159420289855074,17.028985507246375,230,-18.318414322250643,-7.246376811594207,92.0,historico-relativo-1.0,0a9a6aefb1d5cafa7b9570a2888f6efb4af6f21eed9107a2ba0255bf46fc217a
41038,2020,49.23273657289002,47.46376811594203,146,,0.0,,historico-relativo-1.0,0a9a6aefb1d5cafa7b9570a2888f6efb4af6f21eed9107a2ba0255bf46fc217a
41038,2021,57.56606990622336,62.68115942028985,104,8.333333333333343,8.333333333333343,-42.0,historico-relativo-1.0,0a9a6aefb1d5cafa7b9570a2888f6efb4af6f21eed9107a2ba0255bf46fc217a
41038,2022,48.40153452685422,47.10144927536232,147,-9.164535379369141,-0.8312020460357985,43.0,historico-relativo-1.0,0a9a6aefb1d5cafa7b9570a2888f6efb4af6f21eed9107a2ba0255bf46fc217a
41038,2023,62.574595055413475,73.55072463768116,74,14.173060528559255,13.341858482523456,-73.0,historico-relativo-1.0,0a9a6aefb1d5cafa7b9570a2888f6efb4af6f21eed9107a2ba0255bf46fc217a
41039,2020,50.42625745950554,50.36231884057971,138,,0.0,,historico-relativo-1.0,0a9a6aefb1d5cafa7b9570a2888f6efb4af6f21eed9107a2ba0255bf46fc217a
41039,2021,29.30520034100597,15.579710144927537,234,-21.12105711849957,-21.12105711849957,96.0,historico-relativo-1.0,0a9a6aefb1d5cafa7b9570a2888f6efb4af6f21eed9107a2ba0255bf46fc217a
41039,2022,38.57630008525149,27.17391304347826,202,9.271099744245518,-11.849957374254053,-32.0,historico-relativo-1.0,0a9a6aefb1d5cafa7b9570a2888f6efb4af6f21eed9107a2ba0255bf46fc217a
41039,2023,18.350383631713555,7.246376811594203,257,-20.225916453537934,-32.07587382779199,55.0,historico-relativo-1.0,0a9a6aefb1d5cafa7b9570a2888f6efb4af6f21eed9107a2ba0255bf46fc217a
41059,2020,71.37681159420289,87.68115942028986,35,,0.0,,historico-relativo-1.0,0a9a6aefb1d5cafa7b9570a2888f6efb4af6f21eed9107a2ba0255bf46fc217a
41059,2021,71.97357203751066,86.59420289855072,38,0.5967604433077724,0.5967604433077724,3.0,historico-relativo-1.0,0a9a6aefb1d5cafa7b9570a2888f6efb4af6f21eed9107a2ba0255bf46fc217a
41059,2022,58.56777493606138,65.57971014492753,96,-13.40579710144928,-12.809036658141508,58.0,historico-relativo-1.0,0a9a6aefb1d5cafa7b9570a2888f6efb4af6f21eed9107a2ba0255bf46fc217a
41059,2023,39.32225063938619,29.71014492753623,195,-19.245524296675192,-32.0545609548167,99.0,historico-relativo-1.0,0a9a6aefb1d5cafa7b9570a2888f6efb4af6f21eed9107a2ba0255bf46fc217a
41065,2020,41.44288150042626,30.07246376811594,194,,0.0,,historico-relativo-1.0,0a9a6aefb1d5cafa7b9570a2888f6efb4af6f21eed9107a2ba0255bf46fc217a
41065,2021,28.037084398976983,13.768115942028986,239,-13.405797101449277,-13.405797101449277,45.0,historico-relativo-1.0,0a9a6aefb1d5cafa7b9570a2888f6efb4af6f21eed9107a2ba0255bf46fc217a
41065,2022,22.719522591645354,10.507246376811594,248,-5.317561807331629,-18.723358908780906,9.0,historico-relativo-1.0,0a9a6aefb1d5cafa7b9570a2888f6efb4af6f21eed9107a2ba0255bf46fc217a
41065,2023,20.05541346973572,9.420289855072463,251,-2.664109121909636,-21.387468030690542,3.0,historico-relativo-1.0,0a9a6aefb1d5cafa7b9570a2888f6efb4af6f21eed9107a2ba0255bf46fc217a
41069,2020,49.46717817561807,48.55072463768116,143,,0.0,,historico-relativo-1.0,0a9a6aefb1d5cafa7b9570a2888f6efb4af6f21eed9107a2ba0255bf46fc217a
41069,2021,29.28388746803069,15.217391304347826,235,-20.183290707587382,-20.183290707587382,92.0,historico-relativo-1.0,0a9a6aefb1d5cafa7b9570a2888f6efb4af6f21eed9107a2ba0255bf46fc217a
41069,2022,38.29923273657289,26.08695652173913,205,9.015345268542198,-11.167945439045184,-30.0,historico-relativo-1.0,0a9a6aefb1d5cafa7b9570a2888f6efb4af6f21eed9107a2ba0255bf46fc217a
41069,2023,26.38533674339301,13.768115942028986,239,-11.913895993179878,-23.081841432225062,34.0,historico-relativo-1.0,0a9a6aefb1d5cafa7b9570a2888f6efb4af6f21eed9107a2ba0255bf46fc217a
41081,2020,33.951406649616374,18.840579710144926,225,,0.0,,historico-relativo-1.0,0a9a6aefb1d5cafa7b9570a2888f6efb4af6f21eed9107a2ba0255bf46fc217a
41081,2021,35.272804774083546,23.91304347826087,211,1.3213981244671729,1.3213981244671729,-14.0,historico-relativo-1.0,0a9a6aefb1d5cafa7b9570a2888f6efb4af6f21eed9107a2ba0255bf46fc217a
41081,2022,44.73572037510657,40.57971014492754,165,9.46291560102302,10.784313725490193,-46.0,historico-relativo-1.0,0a9a6aefb1d5cafa7b9570a2888f6efb4af6f21eed9107a2ba0255bf46fc217a
41081,2023,55.392156862745104,60.14492753623188,111,10.656436487638537,21.44075021312873,-54.0,historico-relativo-1.0,0a9a6aefb1d5cafa7b9570a2888f6efb4af6f21eed9107a2ba0255bf46fc217a
41091,2020,86.34910485933504,99.6376811594203,2,,0.0,,historico-relativo-1.0,0a9a6aefb1d5cafa7b9570a2888f6efb4af6f21eed9107a2ba0255bf46fc217a
41091,2021,75.36231884057972,90.57971014492753,27,-10.986786018755325,-10.986786018755325,25.0,historico-relativo-1.0,0a9a6aefb1d5cafa7b9570a2888f6efb4af6f21eed9107a2ba0255bf46fc217a
41091,2022,74.70161977834613,87.68115942028986,35,-0.66069906223359,-11.647485080988915,8.0,historico-relativo-1.0,0a9a6aefb1d5cafa7b9570a2888f6efb4af6f21eed9107a2ba0255bf46fc217a
41091,2023,77.36572890025576,90.21739130434783,28,2.6641091219096324,-8.983375959079282,-7.0,historico-relativo-1.0,0a9a6aefb1d5cafa7b9570a2888f6efb4af6f21eed9107a2ba0255bf46fc217a
41095,2020,50.80988917306053,51.08695652173913,136,,0.0,,historico-relativo-1.0,0a9a6aefb1d5cafa7b9570a2888f6efb4af6f21eed9107a2ba0255bf46fc217a
41095,2021,34.87851662404092,23.55072463768116,212,-15.931372549019613,-15.931372549019613,76.0,historico-relativo-1.0,0a9a6aefb1d5cafa7b9570a2888f6efb4af6f21eed9107a2ba0255bf46fc217a
41095,2022,48.80647911338448,48.91304347826087,142,13.927962489343564,-2.0034100596760496,-70.0,historico-relativo-1.0,0a9a6aefb1d5cafa7b9570a2888f6efb4af6f21eed9107a2ba0255bf46fc217a
41095,2023,36.10400682011935,24.818840579710145,208,-12.702472293265131,-14.705882352941181,66.0,historico-relativo-1.0,0a9a6aefb1d5cafa7b9570a2888f6efb4af6f21eed9107a2ba0255bf46fc217a
42173,2020,30.21099744245524,15.217391304347826,235,,0.0,,historico-relativo-1.0,0a9a6aefb1d5cafa7b9570a2888f6efb4af6f21eed9107a2ba0255bf46fc217a
42173,2021,36.98849104859335,25.72463768115942,206,6.777493606138112,6.777493606138112,-29.0,historico-relativo-1.0,0a9a6aefb1d5cafa7b9570a2888f6efb4af6f21eed9107a2ba0255bf46fc217a
42173,2022,36.96717817561807,24.27536231884058,210,-0.021312872975279618,6.756180733162832,4.0,historico-relativo-1.0,0a9a6aefb1d5cafa7b9570a2888f6efb4af6f21eed9107a2ba0255bf46fc217a
42173,2023,46.49403239556692,43.11594202898551,158,9.526854219948845,16.283034953111677,-52.0,historico-relativo-1.0,0a9a6aefb1d5cafa7b9570a2888f6efb4af6f21eed9107a2ba0255bf46fc217a
43038,2020,57.608695652173914,64.1304347826087,100,,0.0,,historico-relativo-1.0,0a9a6aefb1d5cafa7b9570a2888f6efb4af6f21eed9107a2ba0255bf46fc217a
43038,2021,74.52046035805627,89.85507246376811,29,16.911764705882355,16.911764705882355,-71.0,historico-relativo-1.0,0a9a6aefb1d5cafa7b9570a2888f6efb4af6f21eed9107a2ba0255bf46fc217a
43038,2022,53.473998294970166,57.608695652173914,118,-21.046462063086103,-4.134697357203748,89.0,historico-relativo-1.0,0a9a6aefb1d5cafa7b9570a2888f6efb4af6f21eed9107a2ba0255bf46fc217a
43038,2023,65.07885763000853,77.89855072463769,62,11.604859335038363,7.470161977834614,-56.0,historico-relativo-1.0,0a9a6aefb1d5cafa7b9570a2888f6efb4af6f21eed9107a2ba0255bf46fc217a
43123,2020,42.487212276214834,31.159420289855074,191,,0.0,,historico-relativo-1.0,0a9a6aefb1d5cafa7b9570a2888f6efb4af6f21eed9107a2ba0255bf46fc217a
43123,2021,48.26300085251492,45.65217391304348,151,5.775788576300087,5.775788576300087,-40.0,historico-relativo-1.0,0a9a6aefb1d5cafa7b9570a2888f6efb4af6f21eed9107a2ba0255bf46fc217a
43123,2022,35.19820971867008,22.82608695652174,214,-13.064791133844842,-7.289002557544755,63.0,historico-relativo-1.0,0a9a6aefb1d5cafa7b9570a2888f6efb4af6f21eed9107a2ba0255bf46fc217a
43123,2023,41.1231884057971,32.608695652173914,187,5.924978687127023,-1.364023870417732,-27.0,historico-relativo-1.0,0a9a6aefb1d5cafa7b9570a2888f6efb4af6f21eed9107a2ba0255bf46fc217a
43148,2020,34.33503836317136,19.202898550724637,224,,0.0,,historico-relativo-1.0,0a9a6aefb1d5cafa7b9570a2888f6efb4af6f21eed9107a2ba0255bf46fc217a
43148,2021,63.06479113384484,72.64492753623189,76,28.729752770673485,28.729752770673485,-148.0,historico-relativo-1.0,0a9a6aefb1d5cafa7b9570a2888f6efb4af6f21eed9107a2ba0255bf46fc217a
43148,2022,58.461210571185,65.21739130434783,97,-4.603580562659843,24.126172208013642,21.0,historico-relativo-1.0,0a9a6aefb1d5cafa7b9570a2888f6efb4af6f21eed9107a2ba0255bf46fc217a
43148,2023,61.0613810741688,72.46376811594203,77,2.6001705029838007,26.726342710997443,-20.0,historico-relativo-1.0,0a9a6aefb1d5cafa7b9570a2888f6efb4af6f21eed9107a2ba0255bf46fc217a
43155,2020,23.657289002557548,9.420289855072463,251,,0.0,,historico-relativo-1.0,0a9a6aefb1d5cafa7b9570a2888f6efb4af6f21eed9107a2ba0255bf46fc217a
43155,2021,30.988917306052855,18.115942028985508,227,7.331628303495307,7.331628303495307,-24.0,historico-relativo-1.0,0a9a6aefb1d5cafa7b9570a2888f6efb4af6f21eed9107a2ba0255bf46fc217a
43155,2022,28.92156862745098,16.304347826086957,232,-2.067348678601874,5.264279624893433,5.0,historico-relativo-1.0,0a9a6aefb1d5cafa7b9570a2888f6efb4af6f21eed9107a2ba0255bf46fc217a
43155,2023,18.233162830349528,6.884057971014493,258,-10.688405797101453,-5.42412617220802,26.0,historico-relativo-1.0,0a9a6aefb1d5cafa7b9570a2888f6efb4af6f21eed9107a2ba0255bf46fc217a
43163,2020,65.20673486786018,81.52173913043478,52,,0.0,,historico-relativo-1.0,0a9a6aefb1d5cafa7b9570a2888f6efb4af6f21eed9107a2ba0255bf46fc217a
43163,2021,71.83503836317135,85.8695652173913,40,6.628303495311172,6.628303495311172,-12.0,historico-relativo-1.0,0a9a6aefb1d5cafa7b9570a2888f6efb4af6f21eed9107a2ba0255bf46fc217a
43163,2022,75.0,88.04347826086956,34,3.16496163682865,9.793265132139823,-6.0,historico-relativo-1.0,0a9a6aefb1d5cafa7b9570a2888f6efb4af6f21eed9107a2ba0255bf46fc217a
43163,2023,68.70204603580562,81.8840579710145,51,-6.297953964194377,3.495311167945445,17.0,historico-relativo-1.0,0a9a6aefb1d5cafa7b9570a2888f6efb4af6f21eed9107a2ba0255bf46fc217a
44216,2020,42.54049445865303,31.884057971014492,189,,0.0,,historico-relativo-1.0,0a9a6aefb1d5cafa7b9570a2888f6efb4af6f21eed9107a2ba0255bf46fc217a
44216,2021,23.99829497016198,8.695652173913043,253,-18.54219948849105,-18.54219948849105,64.0,historico-relativo-1.0,0a9a6aefb1d5cafa7b9570a2888f6efb4af6f21eed9107a2ba0255bf46fc217a
44216,2022,43.06265984654731,36.231884057971016,177,19.064364876385334,0.5221653878942831,-76.0,historico-relativo-1.0,0a9a6aefb1d5cafa7b9570a2888f6efb4af6f21eed9107a2ba0255bf46fc217a
44216,2023,27.280477408354646,14.130434782608695,238,-15.782182438192667,-15.260017050298384,61.0,historico-relativo-1.0,0a9a6aefb1d5cafa7b9570a2888f6efb4af6f21eed9107a2ba0255bf46fc217a
45165,2020,34.793265132139815,20.28985507246377,221,,0.0,,historico-relativo-1.0,0a9a6aefb1d5cafa7b9570a2888f6efb4af6f21eed9107a2ba0255bf46fc217a
45165,2021,38.235294117647065,29.71014492753623,195,3.4420289855072497,3.4420289855072497,-26.0,historico-relativo-1.0,0a9a6aefb1d5cafa7b9570a2888f6efb4af6f21eed9107a2ba0255bf46fc217a
45165,2022,17.753623188405797,7.971014492753623,255,-20.481670929241268,-17.03964194373402,60.0,historico-relativo-1.0,0a9a6aefb1d5cafa7b9570a2888f6efb4af6f21eed9107a2ba0255bf46fc217a
45165,2023,35.97612958226769,23.55072463768116,212,18.22250639386189,1.1828644501278731,-43.0,historico-relativo-1.0,0a9a6aefb1d5cafa7b9570a2888f6efb4af6f21eed9107a2ba0255bf46fc217a
45168,2020,42.60443307757886,32.2463768115942,188,,0.0,,historico-relativo-1.0,0a9a6aefb1d5cafa7b9570a2888f6efb4af6f21eed9107a2ba0255bf46fc217a
45168,2021,38.075447570332486,28.985507246376812,197,-4.528985507246375,-4.528985507246375,9.0,historico-relativo-1.0,0a9a6aefb1d5cafa7b9570a2888f6efb4af6f21eed9107a2ba0255bf46fc217a
45168,2022,38.42710997442455,26.44927536231884,204,0.3516624040920675,-4.177323103154308,7.0,historico-relativo-1.0,0a9a6aefb1d5cafa7b9570a2888f6efb4af6f21eed9107a2ba0255bf46fc217a
45168,2023,57.48081841432226,62.68115942028985,104,19.053708439897704,14.876385336743397,-100.0,historico-relativo-1.0,0a9a6aefb1d5cafa7b9570a2888f6efb4af6f21eed9107a2ba0255bf46fc217a
46005,2020,36.58354646206309,22.10144927536232,216,,0.0,,historico-relativo-1.0,0a9a6aefb1d5cafa7b9570a2888f6efb4af6f21eed9107a2ba0255bf46fc217a
46005,2021,37.73444160272805,28.26086956521739,199,1.1508951406649572,1.1508951406649572,-17.0,historico-relativo-1.0,0a9a6aefb1d5cafa7b9570a2888f6efb4af6f21eed9107a2ba0255bf46fc217a
46005,2022,22.58098891730605,10.144927536231885,249,-15.153452685421996,-14.002557544757039,50.0,historico-relativo-1.0,0a9a6aefb1d5cafa7b9570a2888f6efb4af6f21eed9107a2ba0255bf46fc217a
46005,2023,39.162404092071604,29.166666666666668,196,16.581415174765553,2.578857630008514,-53.0,historico-relativo-1.0,0a9a6aefb1d5cafa7b9570a2888f6efb4af6f21eed9107a2ba0255bf46fc217a
46017,2020,17.977408354646208,5.072463768115942,263,,0.0,,historico-relativo-1.0,0a9a6aefb1d5cafa7b9570a2888f6efb4af6f21eed9107a2ba0255bf46fc217a
46017,2021,27.877237851662404,13.043478260869565,241,9.899829497016196,9.899829497016196,-22.0,historico-relativo-1.0,0a9a6aefb1d5cafa7b9570a2888f6efb4af6f21eed9107a2ba0255bf46fc217a
46017,2022,14.279624893435635,5.434782608695652,262,-13.597612958226769,-3.697783461210573,21.0,historico-relativo-1.0,0a9a6aefb1d5cafa7b9570a2888f6efb4af6f21eed9107a2ba0255bf46fc217a
46017,2023,25.106564364876384,11.956521739130435,244,10.826939471440749,7.129156010230176,-18.0,historico-relativo-1.0,0a9a6aefb1d5cafa7b9570a2888f6efb4af6f21eed9107a2ba0255bf46fc217a
46021,2020,37.872975277067354,23.91304347826087,211,,0.0,,historico-relativo-1.0,0a9a6aefb1d5cafa7b9570a2888f6efb4af6f21eed9107a2ba0255bf46fc217a
46021,2021,32.18243819266837,19.202898550724637,224,-5.690537084398983,-5.690537084398983,13.0,historico-relativo-1.0,0a9a6aefb1d5cafa7b9570a2888f6efb4af6f21eed9107a2ba0255bf46fc217a
46021,2022,36.1999147485081,23.55072463768116,212,4.017476555839728,-1.6730605285592546,-12.0,historico-relativo-1.0,0a9a6aefb1d5cafa7b9570a2888f6efb4af6f21eed9107a2ba0255bf46fc217a
46021,2023,42.3380221653879,36.231884057971016,177,6.138107416879798,4.465046888320543,-35.0,historico-relativo-1.0,0a9a6aefb1d5cafa7b9570a2888f6efb4af6f21eed9107a2ba0255bf46fc217a
46029,2020,14.04518329070759,2.536231884057971,270,,0.0,,historico-relativo-1.0,0a9a6aefb1d5cafa7b9570a2888f6efb4af6f21eed9107a2ba0255bf46fc217a
46029,2021,18.563512361466326,4.7101449275362315,264,4.518329070758737,4.518329070758737,-6.0,historico-relativo-1.0,0a9a6aefb1d5cafa7b9570a2888f6efb4af6f21eed9107a2ba0255bf46fc217a
46029,2022,5.924978687127025,0.7246376811594203,275,-12.638533674339302,-8.120204603580564,11.0,historico-relativo-1.0,0a9a6aefb1d5cafa7b9570a2888f6efb4af6f21eed9107a2ba0255bf46fc217a
46029,2023,21.462063086104006,10.144927536231885,249,15.537084398976981,7.416879795396417,-26.0,historico-relativo-1.0,0a9a6aefb1d5cafa7b9570a2888f6efb4af6f21eed9107a2ba0255bf46fc217a
46078,2020,47.953964194373405,41.666666666666664,162,,0.0,,historico-relativo-1.0,0a9a6aefb1d5cafa7b9570a2888f6efb4af6f21eed9107a2ba0255bf46fc217a
46078,2021,61.08269394714408,68.84057971014492,87,13.128729752770674,13.128729752770674,-75.0,historico-relativo-1.0,0a9a6aefb1d5cafa7b9570a2888f6efb4af6f21eed9107a2ba0255bf46fc217a
46078,2022,46.67519181585678,43.84057971014493,156,-14.407502131287302,-1.2787723785166278,69.0,historico-relativo-1.0,0a9a6aefb1d5cafa7b9570a2888f6efb4af6f21eed9107a2ba0255bf46fc217a
46078,2023,51.96078431372549,52.89855072463768,131,5.285592497868713,4.006820119352085,-25.0,historico-relativo-1.0,0a9a6aefb1d5cafa7b9570a2888f6efb4af6f21eed9107a2ba0255bf46fc217a
46102,2020,34.35635123614664,19.565217391304348,223,,0.0,,historico-relativo-1.0,0a9a6aefb1d5cafa7b9570a2888f6efb4af6f21eed9107a2ba0255bf46fc217a
46102,2021,38.18201193520887,29.347826086956523,196,3.825660699062233,3.825660699062233,-27.0,historico-relativo-1.0,0a9a6aefb1d5cafa7b9570a2888f6efb4af6f21eed9107a2ba0255bf46fc217a
46102,2022,51.53452685421995,53.80434782608695,128,13.352514919011078,17.17817561807331,-68.0,historico-relativo-1.0,0a9a6aefb1d5cafa7b9570a2888f6efb4af6f21eed9107a2ba0255bf46fc217a
46102,2023,53.96419437340153,56.15942028985507,122,2.429667519181585,19.607843137254896,-6.0,historico-relativo-1.0,0a9a6aefb1d5cafa7b9570a2888f6efb4af6f21eed9107a2ba0255bf46fc217a
46110,2020,39.74850809889173,27.89855072463768,200,,0.0,,historico-relativo-1.0,0a9a6aefb1d5cafa7b9570a2888f6efb4af6f21eed9107a2ba0255bf46fc217a
46110,2021,60.44330775788576,67.7536231884058,90,20.69479965899403,20.69479965899403,-110.0,historico-relativo-1.0,0a9a6aefb1d5cafa7b9570a2888f6efb4af6f21eed9107a2ba0255bf46fc217a
46110,2022,40.44117647058823,30.797101449275363,192,-20.00213128729753,0.6926683716964988,102.0,historico-relativo-1.0,0a9a6aefb1d5cafa7b9570a2888f6efb4af6f21eed9107a2ba0255bf46fc217a
46110,2023,47.01619778346121,43.84057971014493,156,6.575021312872977,7.267689684569476,-36.0,historico-relativo-1.0,0a9a6aefb1d5cafa7b9570a2888f6efb4af6f21eed9107a2ba0255bf46fc217a
46131,2020,48.46547314578005,44.20289855072464,155,,0.0,,historico-relativo-1.0,0a9a6aefb1d5cafa7b9570a2888f6efb4af6f21eed9107a2ba0255bf46fc217a
46131,2021,68.45694799658995,82.2463768115942,50,19.991474850809894,19.991474850809894,-105.0,historico-relativo-1.0,0a9a6aefb1d5cafa7b9570a2888f6efb4af6f21eed9107a2ba0255bf46fc217a
46131,2022,45.907928388746804,41.666666666666664,162,-22.549019607843142,-2.5575447570332486,112.0,historico-relativo-1.0,0a9a6aefb1d5cafa7b9570a2888f6efb4af6f21eed9107a2ba0255bf46fc217a
46131,2023,59.21781756180733,64.4927536231884,99,13.309889173060526,10.752344416027277,-63.0,historico-relativo-1.0,0a9a6aefb1d5cafa7b9570a2888f6efb4af6f21eed9107a2ba0255bf46fc217a
46145,2020,45.076726342711,36.594202898550726,176,,0.0,,historico-relativo-1.0,0a9a6aefb1d5cafa7b9570a2888f6efb4af6f21eed9107a2ba0255bf46fc217a
46145,2021,35.67774936061381,24.63768115942029,209,-9.398976982097189,-9.398976982097189,33.0,historico-relativo-1.0,0a9a6aefb1d5cafa7b9570a2888f6efb4af6f21eed9107a2ba0255bf46fc217a
46145,2022,38.95993179880648,27.536231884057973,201,3.2821824381926703,-6.116794543904518,-8.0,historico-relativo-1.0,0a9a6aefb1d5cafa7b9570a2888f6efb4af6f21eed9107a2ba0255bf46fc217a
46145,2023,49.893435635123616,47.82608695652174,145,10.933503836317136,4.816709292412618,-56.0,historico-relativo-1.0,0a9a6aefb1d5cafa7b9570a2888f6efb4af6f21eed9107a2ba0255bf46fc217a
46159,2020,51.25745950554135,52.17391304347826,133,,0.0,,historico-relativo-1.0,0a9a6aefb1d5cafa7b9570a2888f6efb4af6f21eed9107a2ba0255bf46fc217a
46159,2021,49.552429667519185,48.369565217391305,143,-1.7050298380221633,-1.7050298380221633,10.0,historico-relativo-1.0,0a9a6aefb1d5cafa7b9570a2888f6efb4af6f21eed9107a2ba0255bf46fc217a
46159,2022,38.44842284739983,26.81159420289855,203,-11.104006820119352,-12.809036658141515,60.0,historico-relativo-1.0,0a9a6aefb1d5cafa7b9570a2888f6efb4af6f21eed9107a2ba0255bf46fc217a
46159,2023,55.413469735720376,60.507246376811594,110,16.965046888320543,4.156010230179028,-93.0,historico-relativo-1.0,0a9a6aefb1d5cafa7b9570a2888f6efb4af6f21eed9107a2ba0255bf46fc217a
46169,2020,51.5771526001705,54.710144927536234,126,,0.0,,historico-relativo-1.0,0a9a6aefb1d5cafa7b9570a2888f6efb4af6f21eed9107a2ba0255bf46fc217a
46169,2021,59.99573742540495,66.66666666666667,93,8.418584825234447,8.418584825234447,-33.0,historico-relativo-1.0,0a9a6aefb1d5cafa7b9570a2888f6efb4af6f21eed9107a2ba0255bf46fc217a
46169,2022,39.03452685421995,27.89855072463768,200,-20.961210571185,-12.542625745950552,107.0,historico-relativo-1.0,0a9a6aefb1d5cafa7b9570a2888f6efb4af6f21eed9107a2ba0255bf46fc217a
46169,2023,60.42199488491049,68.84057971014492,87,21.387468030690542,8.84484228473999,-113.0,historico-relativo-1.0,0a9a6aefb1d5cafa7b9570a2888f6efb4af6f21eed9107a2ba0255bf46fc217a
46181,2020,55.072463768115945,58.333333333333336,116,,0.0,,historico-relativo-1.0,0a9a6aefb1d5cafa7b9570a2888f6efb4af6f21eed9107a2ba0255bf46fc217a
46181,2021,74.76555839727196,90.21739130434783,28,19.693094629156015,19.693094629156015,-88.0,historico-relativo-1.0,0a9a6aefb1d5cafa7b9570a2888f6efb4af6f21eed9107a2ba0255bf46fc217a
46181,2022,70.42838874680308,81.8840579710145,51,-4.33716965046888,15.355924978687135,23.0,historico-relativo-1.0,0a9a6aefb1d5cafa7b9570a2888f6efb4af6f21eed9107a2ba0255bf46fc217a
46181,2023,66.58141517476557,79.34782608695652,58,-3.8469735720375127,11.508951406649622,7.0,historico-relativo-1.0,0a9a6aefb1d5cafa7b9570a2888f6efb4af6f21eed9107a2ba0255bf46fc217a
46184,2020,38.192668371696506,24.27536231884058,210,,0.0,,historico-relativo-1.0,0a9a6aefb1d5cafa7b9570a2888f6efb4af6f21eed9107a2ba0255bf46fc217a
46184,2021,29.624893435635126,16.666666666666668,231,-8.56777493606138,-8.56777493606138,21.0,historico-relativo-1.0,0a9a6aefb1d5cafa7b9570a2888f6efb4af6f21eed9107a2ba0255bf46fc217a
46184,2022,23.689258312020463,11.231884057971014,246,-5.935635123614663,-14.503410059676042,15.0,historico-relativo-1.0,0a9a6aefb1d5cafa7b9570a2888f6efb4af6f21eed9107a2ba0255bf46fc217a
46184,2023,41.19778346121057,33.15217391304348,185,17.508525149190106,3.0051150895140637,-61.0,historico-relativo-1.0,0a9a6aefb1d5cafa7b9570a2888f6efb4af6f21eed9107a2ba0255bf46fc217a
46190,2020,32.129156010230176,16.666666666666668,231,,0.0,,historico-relativo-1.0,0a9a6aefb1d5cafa7b9570a2888f6efb4af6f21eed9107a2ba0255bf46fc217a
46190,2021,48.94501278772378,47.10144927536232,147,16.815856777493607,16.815856777493607,-84.0,historico-relativo-1.0,0a9a6aefb1d5cafa7b9570a2888f6efb4af6f21eed9107a2ba0255bf46fc217a
46190,2022,43.20119352088662,36.594202898550726,176,-5.743819266837164,11.072037510656443,29.0,historico-relativo-1.0,0a9a6aefb1d5cafa7b9570a2888f6efb4af6f21eed9107a2ba0255bf46fc217a
46190,2023,60.25149190110827,67.7536231884058,90,17.050298380221648,28.12233589087809,-86.0,historico-relativo-1.0,0a9a6aefb1d5cafa7b9570a2888f6efb4af6f21eed9107a2ba0255bf46fc217a
46220,2020,45.18329070758738,36.95652173913044,175,,0.0,,historico-relativo-1.0,0a9a6aefb1d5cafa7b9570a2888f6efb4af6f21eed9107a2ba0255bf46fc217a
46220,2021,33.78090366581415,22.10144927536232,216,-11.402387041773231,-11.402387041773231,41.0,historico-relativo-1.0,0a9a6aefb1d5cafa7b9570a2888f6efb4af6f21eed9107a2ba0255bf46fc217a
46220,2022,44.07502131287298,38.405797101449274,171,10.294117647058826,-1.108269394714405,-45.0,historico-relativo-1.0,0a9a6aefb1d5cafa7b9570a2888f6efb4af6f21eed9107a2ba0255bf46fc217a
46220,2023,49.850809889173064,47.46376811594203,146,5.775788576300087,4.667519181585682,-25.0,historico-relativo-1.0,0a9a6aefb1d5cafa7b9570a2888f6efb4af6f21eed9107a2ba0255bf46fc217a
46235,2020,57.07587382779199,62.31884057971015,105,,0.0,,historico-relativo-1.0,0a9a6aefb1d5cafa7b9570a2888f6efb4af6f21eed9107a2ba0255bf46fc217a
46235,2021,37.42540494458653,27.536231884057973,201,-19.650468883205455,-19.650468883205455,96.0,historico-relativo-1.0,0a9a6aefb1d5cafa7b9570a2888f6efb4af6f21eed9107a2ba0255bf46fc217a
46235,2022,59.12190963341858,67.3913043478261,91,21.69650468883205,2.0460358056265946,-110.0,historico-relativo-1.0,0a9a6aefb1d5cafa7b9570a2888f6efb4af6f21eed9107a2ba0255bf46fc217a
46235,2023,31.39386189258312,17.391304347826086,229,-27.72804774083546,-25.682011935208866,138.0,historico-relativo-1.0,0a9a6aefb1d5cafa7b9570a2888f6efb4af6f21eed9107a2ba0255bf46fc217a
46244,2020,39.02387041773231,26.81159420289855,203,,0.0,,historico-relativo-1.0,0a9a6aefb1d5cafa7b9570a2888f6efb4af6f21eed9107a2ba0255bf46fc217a
46244,2021,52.450980392156865,52.17391304347826,133,13.427109974424553,13.427109974424553,-70.0,historico-relativo-1.0,0a9a6aefb1d5cafa7b9570a2888f6efb4af6f21eed9107a2ba0255bf46fc217a
46244,2022,39.16240409207161,28.26086956521739,199,-13.288576300085253,0.13853367433929975,66.0,historico-relativo-1.0,0a9a6aefb1d5cafa7b9570a2888f6efb4af6f21eed9107a2ba0255bf46fc217a
46244,2023,50.745950554134694,51.08695652173913,136,11.583546462063083,11.722080136402383,-63.0,historico-relativo-1.0,0a9a6aefb1d5cafa7b9570a2888f6efb4af6f21eed9107a2ba0255bf46fc217a
46250,2020,69.37340153452686,85.5072463768116,41,,0.0,,historico-relativo-1.0,0a9a6aefb1d5cafa7b9570a2888f6efb4af6f21eed9107a2ba0255bf46fc217a
46250,2021,76.47058823529412,92.02898550724638,23,7.097186700767253,7.097186700767253,-18.0,historico-relativo-1.0,0a9a6aefb1d5cafa7b9570a2888f6efb4af6f21eed9107a2ba0255bf46fc217a
46250,2022,78.62318840579711,90.21739130434783,28,2.1526001705029927,9.249786871270246,5.0,historico-relativo-1.0,0a9a6aefb1d5cafa7b9570a2888f6efb4af6f21eed9107a2ba0255bf46fc217a
46250,2023,77.39769820971867,90.57971014492753,27,-1.2254901960784395,8.024296675191806,-1.0,historico-relativo-1.0,0a9a6aefb1d5cafa7b9570a2888f6efb4af6f21eed9107a2ba0255bf46fc217a
47186,2020,40.92071611253197,28.985507246376812,197,,0.0,,historico-relativo-1.0,0a9a6aefb1d5cafa7b9570a2888f6efb4af6f21eed9107a2ba0255bf46fc217a
47186,2021,56.59633418584826,61.95652173913044,106,15.675618073316286,15.675618073316286,-91.0,historico-relativo-1.0,0a9a6aefb1d5cafa7b9570a2888f6efb4af6f21eed9107a2ba0255bf46fc217a
47186,2022,43.371696504688835,36.95652173913044,175,-13.224637681159422,2.4509803921568647,69.0,historico-relativo-1.0,0a9a6aefb1d5cafa7b9570a2888f6efb4af6f21eed9107a2ba0255bf46fc217a
47186,2023,43.04134697357204,37.31884057971015,174,-0.330349531116795,2.1206308610400697,-1.0,historico-relativo-1.0,0a9a6aefb1d5cafa7b9570a2888f6efb4af6f21eed9107a2ba0255bf46fc217a
48013,2020,71.96291560102303,88.76811594202898,32,,0.0,,historico-relativo-1.0,0a9a6aefb1d5cafa7b9570a2888f6efb4af6f21eed9107a2ba0255bf46fc217a
48013,2021,61.7540494458653,70.28985507246377,83,-10.208866155157729,-10.208866155157729,51.0,historico-relativo-1.0,0a9a6aefb1d5cafa7b9570a2888f6efb4af6f21eed9107a2ba0255bf46fc217a
48013,2022,69.67178175618074,81.15942028985508,53,7.9177323103154365,-2.2911338448422924,-30.0,historico-relativo-1.0,0a9a6aefb1d5cafa7b9570a2888f6efb4af6f21eed9107a2ba0255bf46fc217a
48013,2023,55.33887468030691,59.78260869565217,112,-14.332907075873827,-16.62404092071612,59.0,historico-relativo-1.0,0a9a6aefb1d5cafa7b9570a2888f6efb4af6f21eed9107a2ba0255bf46fc217a
48020,2020,75.5541346973572,92.02898550724638,23,,0.0,,historico-relativo-1.0,0a9a6aefb1d5cafa7b9570a2888f6efb4af6f21eed9107a2ba0255bf46fc217a
48020,2021,66.76257459505541,80.43478260869566,55,-8.791560102301787,-8.791560102301787,32.0,historico-relativo-1.0,0a9a6aefb1d5cafa7b9570a2888f6efb4af6f21eed9107a2ba0255bf46fc217a
48020,2022,80.27493606138108,92.3913043478261,22,13.512361466325672,4.720801364023885,-33.0,historico-relativo-1.0,0a9a6aefb1d5cafa7b9570a2888f6efb4af6f21eed9107a2ba0255bf46fc217a
48020,2023,65.22804774083546,78.26086956521739,61,-15.04688832054562,-10.326086956521735,39.0,historico-relativo-1.0,0a9a6aefb1d5cafa7b9570a2888f6efb4af6f21eed9107a2ba0255bf46fc217a
48044,2020,72.14407502131287,89.31159420289855,30,,0.0,,historico-relativo-1.0,0a9a6aefb1d5cafa7b9570a2888f6efb4af6f21eed9107a2ba0255bf46fc217a
48044,2021,65.64364876385336,78.26086956521739,61,-6.500426257459509,-6.500426257459509,31.0,historico-relativo-1.0,0a9a6aefb1d5cafa7b9570a2888f6efb4af6f21eed9107a2ba0255bf46fc217a
48044,2022,72.18670076726343,85.5072463768116,41,6.543052003410068,0.042625745950559235,-20.0,historico-relativo-1.0,0a9a6aefb1d5cafa7b9570a2888f6efb4af6f21eed9107a2ba0255bf46fc217a
48044,2023,63.70417732310316,75.0,70,-8.482523444160272,-8.439897698209712,29.0,historico-relativo-1.0,0a9a6aefb1d5cafa7b9570a2888f6efb4af6f21eed9107a2ba0255bf46fc217a
48078,2020,73.47612958226769,90.57971014492753,27,,0.0,,historico-relativo-1.0,0a9a6aefb1d5cafa7b9570a2888f6efb4af6f21eed9107a2ba0255bf46fc217a
48078,2021,59.185848252344414,65.94202898550725,95,-14.290281329923275,-14.290281329923275,68.0,historico-relativo-1.0,0a9a6aefb1d5cafa7b9570a2888f6efb4af6f21eed9107a2ba0255bf46fc217a
48078,2022,71.63256606990622,84.42028985507247,44,12.446717817561805,-1.8435635123614702,-51.0,historico-relativo-1.0,0a9a6aefb1d5cafa7b9570a2888f6efb4af6f21eed9107a2ba0255bf46fc217a
48078,2023,56.95865302642796,61.95652173913044,106,-14.673913043478258,-16.51747655583973,62.0,historico-relativo-1.0,0a9a6aefb1d5cafa7b9570a2888f6efb4af6f21eed9107a2ba0255bf46fc217a
48082,2020,48.891730605285595,46.3768115942029,149,,0.0,,historico-relativo-1.0,0a9a6aefb1d5cafa7b9570a2888f6efb4af6f21eed9107a2ba0255bf46fc217a
48082,2021,52.66410912190964,53.26086956521739,130,3.7723785166240447,3.7723785166240447,-19.0,historico-relativo-1.0,0a9a6aefb1d5cafa7b9570a2888f6efb4af6f21eed9107a2ba0255bf46fc217a
48082,2022,53.3994032395567,57.2463768115942,119,0.735294117647058,4.507672634271103,-11.0,historico-relativo-1.0,0a9a6aefb1d5cafa7b9570a2888f6efb4af6f21eed9107a2ba0255bf46fc217a
48082,2023,53.92156862745098,55.79710144927536,123,0.5221653878942831,5.029838022165386,4.0,historico-relativo-1.0,0a9a6aefb1d5cafa7b9570a2888f6efb4af6f21eed9107a2ba0255bf46fc217a
49275,2020,42.50852514919011,31.52173913043478,190,,0.0,,historico-relativo-1.0,0a9a6aefb1d5cafa7b9570a2888f6efb4af6f21eed9107a2ba0255bf46fc217a
49275,2021,34.46291560102302,23.18840579710145,213,-8.045609548167093,-8.045609548167093,23.0,historico-relativo-1.0,0a9a6aefb1d5cafa7b9570a2888f6efb4af6f21eed9107a2ba0255bf46fc217a
49275,2022,47.58098891730606,45.65217391304348,151,13.118073316283038,5.072463768115945,-62.0,historico-relativo-1.0,0a9a6aefb1d5cafa7b9570a2888f6efb4af6f21eed9107a2ba0255bf46fc217a
49275,2023,36.690110826939474,26.08695652173913,205,-10.890878090366584,-5.818414322250639,54.0,historico-relativo-1.0,0a9a6aefb1d5cafa7b9570a2888f6efb4af6f21eed9107a2ba0255bf46fc217a
50297,2020,47.33589087809037,40.94202898550725,164,,0.0,,historico-relativo-1.0,0a9a6aefb1d5cafa7b9570a2888f6efb4af6f21eed9107a2ba0255bf46fc217a
50297,2021,41.51747655583973,34.78260869565217,181,-5.818414322250639,-5.818414322250639,17.0,historico-relativo-1.0,0a9a6aefb1d5cafa7b9570a2888f6efb4af6f21eed9107a2ba0255bf46fc217a
50297,2022,56.148763853367434,60.507246376811594,110,14.631287297527706,8.812872975277067,-71.0,historico-relativo-1.0,0a9a6aefb1d5cafa7b9570a2888f6efb4af6f21eed9107a2ba0255bf46fc217a
50297,2023,39.16240409207161,29.166666666666668,196,-16.986359761295823,-8.173486786018756,86.0,historico-relativo-1.0,0a9a6aefb1d5cafa7b9570a2888f6efb4af6f21eed9107a2ba0255bf46fc217a
51001,2020,58.674339300937774,67.02898550724638,92,,0.0,,historico-relativo-1.0,0a9a6aefb1d5cafa7b9570a2888f6efb4af6f21eed9107a2ba0255bf46fc217a
51001,2021,47.1227621483376,44.02173913043478,155,-11.551577152600174,-11.551577152600174,63.0,historico-relativo-1.0,0a9a6aefb1d5cafa7b9570a2888f6efb4af6f21eed9107a2ba0255bf46fc217a
51001,2022,50.93776641091219,52.17391304347826,133,3.8150042625745897,-7.736572890025585,-22.0,historico-relativo-1.0,0a9a6aefb1d5cafa7b9570a2888f6efb4af6f21eed9107a2ba0255bf46fc217a
51001,2023,34.81457800511509,20.652173913043477,220,-16.1231884057971,-23.859761295822686,87.0,historico-relativo-1.0,0a9a6aefb1d5cafa7b9570a2888f6efb4af6f21eed9107a2ba0255bf46fc217a
52001,2020,50.95907928388747,51.44927536231884,135,,0.0,,historico-relativo-1.0,0a9a6aefb1d5cafa7b9570a2888f6efb4af6f21eed9107a2ba0255bf46fc217a
52001,2021,45.18329070758738,39.130434782608695,169,-5.775788576300087,-5.775788576300087,34.0,historico-relativo-1.0,0a9a6aefb1d5cafa7b9570a2888f6efb4af6f21eed9107a2ba0255bf46fc217a
52001,2022,57.19309462915601,62.86231884057971,103,12.009803921568626,6.2340153452685385,-66.0,historico-relativo-1.0,0a9a6aefb1d5cafa7b9570a2888f6efb4af6f21eed9107a2ba0255bf46fc217a
52001,2023,44.21355498721228,38.768115942028984,170,-12.979539641943731,-6.7455242966751925,67.0,historico-relativo-1.0,0a9a6aefb1d5cafa7b9570a2888f6efb4af6f21eed9107a2ba0255bf46fc217a
